slot,cycle_utc,scenario,part,n_truth_rows,oversize,after_oversize,wav_sha256,fs,bits,channels,n_samples,rho_peak,rho_sign,rho_neighbour_max,ref_vs_neighbour_ref_rho,lag_ambiguous,g_sign,n_support,lag_lost,g_db,tau_ms,resid_db,step_db_max,drift_ppm,drift_dlag_samples,zero_run_ms,head_zero_ms,tail_zero_ms,click_max,tile_excess_db,clip_n,nondiscriminating,ref_mismatch
S1_p000_t000_s913544046,2026-10-08T19:41:00Z,S1,0,1,0,0,d2ae164cdc13af19e21173d57517daefea47591a91f685ce8bf09d0544e620cd,12000,16,1,180000,0.8838877579601547,1,0.032037512349945466,0.02956592747315697,0,1,172800,0.0,-1.0979439881440258,-235.48556027913097,-10.087321541404826,0.08282956622825015,-0.005562028886771404,-0.0006907928636792349,0.08333333333333333,0.0,600.0,9.332540768725007,4.181184183249877,0,0,0
S1_p000_t001_s68344610,2026-10-08T19:41:15Z,S1,0,1,0,0,efab73eefe253843d5face82a98a1b9e09e21a903e7d38d56684debbe80e0e89,12000,16,1,180000,0.8845084910216127,1,0.03608811191921204,0.030887026653478054,0,1,172800,0.0,-1.0860132518542822,-235.48553946476508,-10.126212901591957,0.0874312280667798,-0.0032947040414271107,-0.0004091956525371643,0.08333333333333333,0.0,600.0,11.723103983807311,3.779146008005088,0,0,0
S1_p000_t002_s205210819,2026-10-08T19:41:30Z,S1,0,1,0,0,972ac96cf2ecd1cdd62bddde6ed051fb185b27dcca8139e78ab61bcb6e869158,12000,16,1,180000,0.8844718076100366,1,0.048316917798582694,0.04584283300923298,0,1,172800,0.0,-1.0889641673575035,-235.4855640904722,-10.11711245897747,0.11298852095657333,-0.001357871595082335,-0.00016864493636603584,0.08333333333333333,0.0,600.0,10.845443206240242,4.228526627077327,0,0,0
S1_p001_t000_s1915168523,2026-10-08T19:41:45Z,S1,1,1,0,0,bc46998f3e779e324a717743dc3ca8e0a089ddccf34f26971970702c8c8e0553,12000,16,1,180000,0.8892405670018307,1,0.07279469413666492,0.06898944693947938,0,1,172800,0.0,-1.0328193160821593,-235.48542782255754,-10.39383588123181,0.0857257990561002,-0.006131705804200579,-0.0007615455974701035,0.08333333333333333,0.0,600.0,13.183207636649641,6.948705667218365,0,0,0
S1_p001_t001_s1105300121,2026-10-08T19:42:00Z,S1,1,1,0,0,d7d486f15449804f33365c74e6211217fc638ddc3e2f9788ff03adfc34206728,12000,16,1,180000,0.889143695101082,1,0.07188622406129704,0.06898944693947938,0,1,172800,0.0,-1.0366010648644401,-235.4854484846443,-10.354268590869518,0.13509790897310558,-0.0079539788843312,-0.0009878682694761665,0.08333333333333333,0.0,600.0,4.944269783764867,7.365883250177384,0,0,0
S1_p001_t002_s1345625016,2026-10-08T19:42:15Z,S1,1,1,0,0,fe0015a3cd472c8fcbd42e813aee167d5d65dd659a54e01efdd61c1d6133772a,12000,16,1,180000,0.8884427741701834,1,0.09040695785717065,0.08369050839214716,0,1,172800,0.0,-1.0413892361707835,-235.48546157807928,-10.353656047788576,0.12294399857697116,-0.0070874414624113756,-0.000880246054748568,0.08333333333333333,0.0,600.0,5.264158752798625,6.446515908388168,0,0,0
S1_p002_t000_s1491760006,2026-10-08T19:42:30Z,S1,2,1,0,0,2cb285ed44192aba2f244b8985e13f73bee3dcb906841d7952f8d2f1bb307e6d,12000,16,1,180000,0.8930837227883,1,0.1142995332847191,0.10617227651817505,0,1,172800,0.0,-0.9908906747255709,-235.48530534581974,-10.594962306231192,0.16263970214806908,-0.009332975584195895,-0.0011591369016059616,0.08333333333333333,0.0,600.0,5.157656112428928,8.328684137162497,0,0,0
S1_p002_t001_s546635023,2026-10-08T19:42:45Z,S1,2,1,0,0,d46de793bbf07b17d82f8ed776f80cbe32f1957666b6ee248986450a4912ff44,12000,16,1,180000,0.8929915104863321,1,0.11191710396472282,0.10617227651817505,0,1,172800,0.0,-0.9968592019371916,-235.4853247876078,-10.591757870963338,0.18463800307512562,-0.011786959981280595,-0.0014639168557550875,0.08333333333333333,0.0,600.0,5.323852771767666,8.628490396889482,0,0,0
S1_p002_t002_s714902369,2026-10-08T19:43:00Z,S1,2,1,0,0,b4a4d564157438ccff736f89ccdc9a4a3345ead93df61a82edd9af8a0f151137,12000,16,1,180000,0.8928664078936559,1,0.15886794104865795,0.14670016776381692,0,1,172800,0.0,-0.9853044172620556,-235.48534450869192,-10.636567310079197,0.0767272979883528,-0.0048198581977806935,-0.0005986167484479665,0.08333333333333333,0.0,600.0,10.402600160859398,8.311221863660492,0,0,0
S1_p003_t000_s474144144,2026-10-08T19:43:15Z,S1,3,1,0,0,507231302830b21bb262c702166ad4a51668b2a281d33e96a59d99e4c1d6642c,12000,16,1,180000,0.9029545821020823,1,0.22099098730476338,0.205272445875899,0,1,172800,0.0,-0.8890458051471046,-235.48504331166745,-11.173665515191264,0.233531975273298,-0.02525161332129521,-0.0031361998712782224,0.08333333333333333,0.0,600.0,7.233504848402576,10.873597546440621,0,0,0
S1_p003_t001_s1226819330,2026-10-08T19:43:30Z,S1,3,1,0,0,b7a91f3730f203153f3b51c18ee6e2f9c569c9a47ddf4049f08e625854e64229,12000,16,1,180000,0.9033057908403137,1,0.2207264001528436,0.2067914222664561,0,1,172800,0.0,-0.8873981026829691,-235.4850216183216,-11.19226972662742,0.25753952750029346,-0.024838295040223654,-0.0030848665674056974,0.08333333333333333,0.0,600.0,10.334598168105135,11.285298138328104,0,0,0
S1_p003_t002_s1182452760,2026-10-08T19:43:45Z,S1,3,1,0,0,07074f3f08db72948f9686bb23a04d32a2fb49a83a4f5e153d6d7a4d9d4d4a72,12000,16,1,180000,0.9030687832099543,1,0.2756323142314824,0.2618170648542017,0,1,172800,0.0,-0.8874278837310856,-235.48502654310929,-11.179956169285866,0.27421629314906226,-0.023080885025225917,-0.0028665997583630087,0.08333333333333333,0.0,600.0,8.106645937060115,11.379525345704417,0,0,0
S1_p004_t000_s184630235,2026-10-08T19:44:00Z,S1,4,1,0,0,3a5938f35126ad964fb6dad9d4aa839bb572455e5e5aed0c461f27c343149803,12000,16,1,180000,0.9151514858842089,1,0.34279961039688783,0.3240614133098152,0,1,172800,0.0,-0.7563135139403303,-235.4845954789847,-12.028914593072901,0.37642467073688374,-0.04278270526036058,-0.005313526427926263,0.16666666666666666,0.0,600.0,6.6911875063298485,13.52985274930113,0,0,0
S1_p004_t001_s792672454,2026-10-08T19:44:15Z,S1,4,1,0,0,5d5b18f64c8f50a52fda11833dee76a0103e27f494af26bfc9264ec544ddeb3c,12000,16,1,180000,0.9150863275305536,1,0.3421119640397997,0.3244084884058915,0,1,172800,0.0,-0.7571863114339307,-235.484607297051,-12.008169211048143,0.3651873488526281,-0.04573608707401272,-0.005680330542418233,0.08333333333333333,0.0,600.0,7.878653143645278,13.370306022860749,0,0,0
S1_p004_t002_s2116022063,2026-10-08T19:44:30Z,S1,4,1,0,0,1690f11db8c26560534c23ab5c5dafa15b87557542d4a35706fed9af2e100d77,12000,16,1,180000,0.9151935533113099,1,0.42164016224256545,0.40085981705685186,0,1,172800,0.0,-0.7570629024584195,-235.48460174039184,-12.014415977665198,0.31718927442226785,-0.0372408403349626,-0.004625237887921685,0.08333333333333333,0.0,600.0,8.37176667885635,13.251083242060211,0,0,0
S1_p005_t000_s528655056,2026-10-08T19:44:45Z,S1,5,1,0,0,17066ab5a97f6069df47eac97e48f6a42e4b918ab6ff2795861a281bad87eb52,12000,16,1,180000,0.9318412284462744,1,0.5137602386676192,0.49594440376218796,0,1,172800,0.0,-0.5857971055128814,-235.4838950101439,-13.42043529881661,0.6410941894641358,-0.07318439455714129,-0.009089355435207835,0.08333333333333333,0.0,600.0,6.747511682048975,15.906554996140672,0,0,0
S1_p005_t001_s108725431,2026-10-08T19:45:00Z,S1,5,1,0,0,56e55a7d9d2885f3f85c10e8548d5b6f7710b81a5889b3b241149d760e1ff063,12000,16,1,180000,0.9320210424996339,1,0.5122682269982279,0.49594440376218807,0,1,172800,0.0,-0.5855782179802573,-235.48388682498808,-13.431599449125782,0.4693328365595672,-0.05824461702802725,-0.007233864945646928,0.08333333333333333,0.0,600.0,9.410039135932912,16.088020275667844,0,0,0
S1_p005_t002_s2006277236,2026-10-08T19:45:15Z,S1,5,1,0,0,d9e91b14ba79a9aedcd8530067a45d9d3c0e1edda71a45d873930c4603e4bb75,12000,16,1,180000,0.9319486491994275,1,0.5936529937997908,0.575200827769748,0,1,172800,0.0,-0.5864025618563862,-235.48388691192181,-13.400591083482318,0.517915417117628,-0.05949588114032734,-0.0073892694458663755,0.08333333333333333,0.0,600.0,11.676539954921006,16.119738506446392,0,1,0
S1_p006_t000_s147152921,2026-10-08T19:45:30Z,S1,6,1,0,0,2e1904ef3c6e82152f95e893fe8bfd5b598ccc2fbeb5bf8d3df1184ec1c76384,12000,16,1,180000,0.9490100871910486,1,0.6826659050147628,0.6695122953158428,0,1,172800,0.0,-0.4112532481830169,-235.48290991266245,-15.433669180006454,0.6771197848733236,-0.07816078090639342,-0.00970741266701225,0.08333333333333333,0.0,600.0,18.754634700917443,18.356019651371398,0,1,0
S1_p006_t001_s1953053430,2026-10-08T19:45:45Z,S1,6,1,0,0,a55c4a22fea61019d3a72628559fd97672614b9c19a8dc9125fcc5b33ab34065,12000,16,1,180000,0.9487742607133881,1,0.6818166233764292,0.6695122953158428,0,1,172800,0.0,-0.41540550646335656,-235.48294267427326,-15.391496431927047,0.640171711367401,-0.08255591228422068,-0.010253279193875642,0.08333333333333333,0.0,600.0,16.60769797175625,18.420109858213586,0,1,0
S1_p006_t002_s147567551,2026-10-08T19:46:15Z,S1,6,1,0,0,c797eb968580a0d84683c152f4aa54b47912c1009d97a24236ecd1bdcb3276b8,12000,16,1,180000,0.9489800080827858,1,0.7383865656326226,0.7239516056757861,0,1,172800,0.0,-0.41495330064151204,-256.1496064942409,-15.387082250730932,0.7137339111539907,-0.08066675569176854,-0.01001864972340627,0.08333333333333333,0.0,600.0,22.40944107255161,18.2353516476924,0,1,0
S1_p007_t000_s1402667823,2026-10-08T19:46:30Z,S1,7,1,0,0,c7f4e9310d29ba4e81dbb4b2b901aa8ecb5e3d6e2f15b4a9b1451ca9bb89edd2,12000,16,1,180000,0.9606085072504814,1,0.7957064289192826,0.7888016545704567,0,1,172800,0.0,-0.2942669008008844,-256.14875341323875,-17.564781038090164,0.7464346042533347,-0.07439943826519457,-0.009240261433660635,0.08333333333333333,0.0,600.0,18.711267993218303,20.363726688427203,0,1,0
S1_p007_t001_s1425587327,2026-10-08T19:46:45Z,S1,7,1,0,0,ded3212ea47df89b4e962f9de76aa1ca45dfbb268da3269903f3aac795b2e319,12000,16,1,180000,0.9606448036936147,1,0.7969532822684853,0.7888016545704567,0,1,172800,0.0,-0.2977411763346456,-256.14874823643606,-17.499181236767576,0.8189677795866529,-0.07924161648143149,-0.009841650283760828,0.08333333333333333,0.0,600.0,23.617436488640294,20.34565159729288,0,1,0
S1_p007_t002_s718289455,2026-10-08T19:47:00Z,S1,7,1,0,0,d251ec4cd57d96a6f7b7a37f04efb627f8e6562cfda96aa00936d35bd2e61c75,12000,16,1,180000,0.9604633012624434,1,0.8458177646113422,0.8385280478656059,0,1,172800,0.0,-0.2982615475862329,-256.1487644184168,-17.489452278089924,0.8328300308502307,-0.07619178779943078,-0.009462867661113705,0.08333333333333333,0.0,600.0,23.294053787168657,20.184960994715127,0,1,0
S1_p008_t000_s1206520285,2026-10-08T19:47:15Z,S1,8,1,0,0,850438f7d9bb94e6a8845030b770663ca97ea320dea78d345b5c81c3cadc478f,12000,16,1,180000,0.9703290647266719,1,0.8932878923015862,0.8922877015429264,0,1,172800,1.0,-0.20009352975557174,-256.14784027457733,-20.545315138891436,0.9304325724482985,-0.05805352551485889,-0.007210131761894445,0.08333333333333333,0.0,600.0,30.778828955455946,22.207957067743443,0,1,0
S1_p008_t001_s1462033172,2026-10-08T19:47:30Z,S1,8,1,0,0,450d0144f86fe958eba3c65104d0775424a5ae7119c23128d38fb96b544323c5,12000,16,1,180000,0.9702114014441822,1,0.8935774320108889,0.8922877015429264,0,1,172800,1.0,-0.20196222044229595,-256.14785361882605,-20.484054607389197,0.8763276982149739,-0.05556042511257162,-0.00690049367813117,0.08333333333333333,0.0,600.0,33.411000648474136,22.182053815022016,0,1,0
S1_p008_t002_s1537966073,2026-10-08T19:47:45Z,S1,8,1,0,0,0fc6ff6acc5292503aa8eb6d06a94d17a5953160516ced5847ef7e867cee6678,12000,16,1,180000,0.9702875692119984,1,0.9140750146453321,0.9131794267773907,0,1,172800,1.0,-0.2019421404593907,-256.1478343524935,-20.45066553796728,0.8105948193539586,-0.05858435753702969,-0.007276060037384013,0.08333333333333333,0.0,600.0,33.10955350608099,22.30916767247365,0,1,0
S1_p009_t000_s758409719,2026-10-08T19:48:00Z,S1,9,1,0,0,d0149889a3e9f780d96b9f580dc741eed78b4fea751047e6762eacb3262ee2a4,12000,16,1,180000,0.974262052892643,1,0.9321371218708898,0.9343002500583387,1,1,172800,nan,-0.16214234276572353,nan,-22.6983343694155,0.9398010554980157,nan,nan,0.08333333333333333,0.0,600.0,44.14928282467417,22.53826622625442,0,1,0
S1_p009_t001_s1723470335,2026-10-08T19:48:15Z,S1,9,1,0,0,b3d330836283b8f16489c74f7a50c7186fab2c3f65aaf2f7136d2aa079b5de5c,12000,16,1,180000,0.9742076034696294,1,0.9317943245795945,0.9343002500583387,1,1,172800,nan,-0.16292289574146984,nan,-22.639543957391265,0.8874597519371916,nan,nan,0.08333333333333333,0.0,600.0,37.602004601297324,22.32419675865925,0,1,0
S1_p009_t002_s1581091521,2026-10-08T19:48:30Z,S1,9,1,0,0,07ee0f4d65ba21e56d256b5f1e1845e138b685e1343dba6810ed9fe8f1932b55,12000,16,1,180000,0.9741701086154579,1,0.9316342487401514,0.9342265314570748,1,1,172800,nan,-0.16376281850969165,nan,-22.576646524524243,0.9781218420211103,nan,nan,0.08333333333333333,0.0,600.0,46.28162244867229,22.42846969261629,0,1,0
S1b_p000_t000_s670279447,2026-10-08T19:49:00Z,S1b,0,1,0,0,2d2c44a5915f6376fb6d17814338c2ba4db2896774eda1c017d02e1f78c33ae4,12000,16,1,180000,0.8837984557965388,1,0.0462475704654986,0.04314353477945923,0,1,172800,0.0,-1.104348268270764,-276.8189376760978,-10.040699957881571,0.10644574706768506,-0.001111225998736127,-0.0001380120465910295,0.08333333333333333,0.0,600.0,10.653680270261432,4.047441011214403,0,0,0
S1b_p000_t001_s755619207,2026-10-08T19:49:15Z,S1b,0,1,0,0,ea0ce92bd357af912ccee80371acc46e6ccce4248d3470a0d04a6436046bfacc,12000,16,1,180000,0.8833497924118641,1,0.011243930683716432,0.011555912219765227,0,1,172800,0.0,-1.1094792706425967,-276.8189504275979,-10.02597517103981,0.08750715569274412,0.009680282039300174,0.0012022716687170032,0.08333333333333333,0.0,600.0,6.6509745817940304,4.52525097442096,0,0,0
S1b_p000_t002_s405040029,2026-10-08T19:49:30Z,S1b,0,1,0,0,9f32a3aafe5cb074abdbbdedbfd971b8ef4d6c310355d3c6aeacab89b427d568,12000,16,1,180000,0.8831373760266014,1,0.01162777633729897,0.011555912219765223,0,1,172800,0.0,-1.117606737264068,-276.8189537778114,-9.991845002106079,0.09148575075033971,-0.002409867207218615,-0.00029930068740213756,0.08333333333333333,0.0,600.0,6.911657508205434,4.154861840009553,0,0,0
S1b_p001_t000_s421145395,2026-10-08T19:49:45Z,S1b,1,1,0,0,9119259faa08cd862cfe9e241869d289ed63cf19f5e57b8e45c570dbd94e7b98,12000,16,1,180000,0.8837622344832682,1,0.011574617277059737,0.011333582432054332,0,1,172800,0.0,-1.1060612344673064,-276.8189313327378,-10.025442831308741,0.07971201786716256,0.0046662999275232115,0.0005795451183985278,0.08333333333333333,0.0,600.0,9.660178641181185,4.168035614130802,0,0,0
S1b_p001_t001_s617056408,2026-10-08T19:50:00Z,S1b,1,1,0,0,2c81811ba30fb67fcdf09e5076e4ea6a84c1510f322068682107605bd81ce1d6,12000,16,1,180000,0.8833119039369209,1,0.011616814549414494,0.011305349550454044,0,1,172800,0.0,-1.1231102701811841,-276.81896713103197,-9.969081820917944,0.09036370140034443,-1.532409012911524e-05,-1.9032213458558545e-06,0.08333333333333333,0.0,600.0,8.365353913134463,3.9538961581615273,0,0,0
S1b_p001_t002_s1338794941,2026-10-08T19:50:15Z,S1b,1,1,0,0,66b4cb3fcb6dab965a960a73cfd2f71e7c0d83735bd81d0ea4c60ce5d81e1b87,12000,16,1,180000,0.8834797257630577,1,0.0115018722215688,0.012603220098951503,0,1,172800,0.0,-1.1141731193059625,-276.818942025687,-10.021378255259544,0.09955535898071492,-0.0031139048201669663,-0.00038674075085509685,0.08333333333333333,0.0,600.0,4.8490915080212735,4.0393006379033665,0,0,0
S1b_p002_t000_s265536591,2026-10-08T19:50:30Z,S1b,2,1,0,0,3ab82212674e3a5c730ee6153559ee1401acd68b2cd1e16fc969ea4f6bc17ba4,12000,16,1,180000,0.8840051266823309,1,0.012122027566771458,0.0126032200989515,0,1,172800,0.0,-1.1059384935882102,-276.81893339350427,-10.042621166585322,0.1042239154099906,-0.006135164019437089,-0.0007619751008860476,0.08333333333333333,0.0,600.0,7.274541508328534,4.135953300491406,0,0,0
S1b_p002_t001_s984384874,2026-10-08T19:50:45Z,S1b,2,1,0,0,c701bba5cb9b53d12cd670bc62cc332a7e8d07697c2051bf11803efdad933825,12000,16,1,180000,0.8843680826178412,1,0.012987933916440908,0.01298530339325719,0,1,172800,0.0,-1.0992869696450163,-276.81890602005296,-10.065186684671623,0.07178020940833364,-0.0031563284223430654,-0.00039200967739816406,0.08333333333333333,0.0,600.0,7.285496806417481,4.024586785355257,0,0,0
S1b_p002_t002_s1445559193,2026-10-08T19:51:00Z,S1b,2,1,0,0,5bb8c3b32456823dc738a5a451e083d0f0917aa2abd5b9d5f0c0cdb6d58b81d3,12000,16,1,180000,0.8841048569455942,1,0.017935877113478573,0.015758898130045152,0,1,172800,0.0,-1.1014071395639606,-276.8189165826898,-10.049431909684438,0.12086612784655977,-0.0001036300003549119,-1.2870638784079347e-05,0.08333333333333333,0.0,600.0,6.219708682127296,3.7171703879016045,0,0,0
S1b_p003_t000_s799072493,2026-10-08T19:51:15Z,S1b,3,1,0,0,c9d0e162eda6e8f5059473f421946c38a21f3f05523b133a2cd6186621272156,12000,16,1,180000,0.8848879515779582,1,0.01992591595305226,0.018272154502737295,0,1,172800,0.0,-1.0955717027272918,-276.8188958114679,-10.081037331579028,0.08780575275523705,0.006450958249418455,0.0008011961126612732,0.08333333333333333,0.0,600.0,7.004730451313127,3.7057788374084364,0,0,0
S1b_p003_t001_s1267271188,2026-10-08T19:51:30Z,S1b,3,1,0,0,1bf1bd596777be3d4d2a8a346a44e74e40b2b8d8c129de93ea37edf25fc9c9d1,12000,16,1,180000,0.8850722315574324,1,0.020698628670609835,0.020243011075190154,0,1,172800,0.0,-1.0875711710051812,-276.8189089791601,-10.121430308790472,0.07990712838997681,-0.007192615860166904,-0.0008933085046010092,0.08333333333333333,0.0,600.0,5.6364609777223045,4.072927843110648,0,0,0
S1b_p003_t002_s60044557,2026-10-08T19:51:45Z,S1b,3,1,0,0,951ba7b47d3e02ad27c6b978ce61b10c676bcf8310484a5f06db835f742442cc,12000,16,1,180000,0.8848199005724265,1,0.021134679109884955,0.020243011075190158,0,1,172800,0.0,-1.0903435847137368,-276.8189234593841,-10.10549227161454,0.08904735920987411,-0.0002356764888828616,-2.9270548566273646e-05,0.08333333333333333,0.0,600.0,7.273667545537843,4.038776825983956,0,0,0
S2_p000_t000_s1289144792,2026-10-08T19:52:15Z,S2,0,1,0,0,5ac471ab89077d54d95421d6f55946db9bc437a663f17efd76389244f4b22578,12000,16,1,180000,0.9204699776894667,1,0.33141544894528774,0.3034330082516182,0,1,172800,0.0,-0.6572119932052477,-276.1522418075074,-11.70553054769854,0.4769458230179429,-0.008443730862729986,-0.0010486944856893388,0.08333333333333333,0.0,600.0,10.049050981401535,14.674645221475052,0,0,0
S2_p000_t001_s68113513,2026-10-08T19:52:30Z,S2,0,1,0,0,25e5295a9dd13caf89f2b18134ca1ca06ad77cd3bf8d0a605883bdf59c830d9a,12000,16,1,180000,0.9203623448169019,1,0.33575490948140935,0.30742776009651607,0,1,172800,0.0,-0.663034083883232,-276.1522222903835,-11.66287441352784,0.5185484194858767,-0.0027543110512190942,-0.0003420799239393091,0.08333333333333333,0.0,600.0,11.991901884043576,14.746300180512144,0,0,0
S2_p000_t002_s492170927,2026-10-08T19:52:45Z,S2,0,1,0,0,112d9ccc62f4e8c19d016b5ad48cd34be5f69b872978e7c3ea334daaf48735f5,12000,16,1,180000,0.9204423072895642,1,0.33540004234376375,0.30742776009651607,0,1,172800,0.0,-0.6569814461756198,-276.152237616825,-11.669870875031547,0.46863683841578957,-0.005308565569543576,-0.000659313226606173,0.08333333333333333,0.0,600.0,17.58442911028128,14.821726179175856,0,0,0
S2_p001_t000_s2106742562,2026-10-08T19:53:00Z,S2,1,1,0,0,8758599fdfbcba25d340ca503849414748e0bb990855f975e59f182fe73bd8ed,12000,16,1,180000,0.9195375689842931,1,0.32408167336064864,0.30578272388914524,0,1,172800,0.0,-0.7858638531243118,-276.1520928119632,-11.748336188505078,0.3583720097414736,-0.011082647644516367,-0.0013764426721536438,0.08333333333333333,0.0,600.0,6.517447562156238,12.022980822613649,0,0,0
S2_p001_t001_s1155555599,2026-10-08T19:53:15Z,S2,1,1,0,0,043995b5ca59ad7418955eab38379b3ed9e60d10691539b518664724aed951fe,12000,16,1,180000,0.9196019606346306,1,0.32539473201205465,0.30634906820550983,0,1,172800,0.0,-0.7821789129973296,-276.15206884848766,-11.757617597917813,0.34067905605940463,-0.014375716506035752,-0.0017854352386166283,0.08333333333333333,0.0,600.0,8.538246788989238,11.559437712224096,0,0,0
S2_p001_t002_s1218472882,2026-10-08T19:53:30Z,S2,1,1,0,0,abb29b0cf427be53149eb4fc3e941a3ac029e8482de251d569ca5819cf5149ab,12000,16,1,180000,0.919875886534433,1,0.3242128037496127,0.30634906820550983,0,1,172800,0.0,-0.7754507505944631,-276.1520966380879,-11.798584263350673,0.32834758602788644,-0.011090879535266527,-0.0013774650565210322,0.08333333333333333,0.0,600.0,9.436607308604813,11.594632628508677,0,0,0
S2_p002_t000_s1410889249,2026-10-08T19:53:45Z,S2,2,1,0,0,6356fa2d5f75385288a75b6096b9653585ff74f855dbdc7b9dfcb8f28fc8ad83,12000,16,1,180000,0.9174513385530711,1,0.3136572467579588,0.3033898382135205,0,1,172800,0.0,-0.8927401314843284,-276.15191458760336,-11.757919575378242,0.31389576826247034,-0.01499450656209128,-0.0018622877259986126,0.08333333333333333,0.0,600.0,10.267891872375344,8.894030128212208,0,0,0
S2_p002_t001_s1295536992,2026-10-08T19:54:00Z,S2,2,1,0,0,f12baad8ae684f1fa5e186e1b2db8262e2c7d23bf0e60b9a97fffbd3fad262c2,12000,16,1,180000,0.9174969612916527,1,0.3147347447905091,0.3043322498678894,0,1,172800,0.0,-0.8940195059703453,-276.1519171931632,-11.746723342572285,0.23477033017360066,-0.01818830737370046,-0.0022589513991988497,0.08333333333333333,0.0,600.0,11.29406352000543,8.804117948037154,0,0,0
S2_p002_t002_s1338324977,2026-10-08T19:54:15Z,S2,2,1,0,0,303309593ca26ca1f37261e657c5ae652376da3d905f02b0f37f8c748647b1e2,12000,16,1,180000,0.9180578483470394,1,0.31357413477593854,0.3043322498678894,0,1,172800,0.0,-0.8866412810440951,-276.1519192272396,-11.801018891215335,0.23302521007435906,-0.016977099210095915,-0.0021085217676954926,0.08333333333333333,0.0,600.0,8.641946427347696,8.805274269715177,0,0,0
S2_p003_t000_s1727962604,2026-10-08T19:54:30Z,S2,3,1,0,0,003cdabba5d99b7276c4b6825abcd818c2f692d18b695348ac417b229beb1452,12000,16,1,180000,0.9163555232903028,1,0.3139370037995216,0.3051709554492243,0,1,172800,0.0,-0.9117296972465052,-276.1517076387645,-11.839979550382338,0.20462194843640144,-0.023238495646602825,-0.0028861746823167778,0.08333333333333333,0.0,600.0,6.172015953490463,8.580660677274986,0,0,0
S2_p003_t001_s505940398,2026-10-08T19:54:45Z,S2,3,1,0,0,a1125d86fe83f0af18383ebf9318da96186aebdd378643c03721f89a83f5fac2,12000,16,1,180000,0.9167798196532035,1,0.3156818763096329,0.30689079226417026,0,1,172800,0.0,-0.9065347144022091,-276.1516883118542,-11.858978072741253,0.19821820683040794,-0.021218074564249643,-0.002635242424730677,0.08333333333333333,0.0,600.0,8.369894140104341,8.679454261604281,0,0,0
S2_p003_t002_s1702346768,2026-10-08T19:55:00Z,S2,3,1,0,0,370a499a4adfd0eb1bd787a83e9df8c57d19c53c7bff3a36d672099ee04c9e34,12000,16,1,180000,0.9160244003915243,1,0.31359803257565816,0.30689079226417026,0,1,172800,0.0,-0.9176091049176534,-276.15171675697155,-11.797028134404952,0.22139178855968225,-0.023288083608424482,-0.0028923334079991037,0.08333333333333333,0.0,600.0,5.917736083537927,8.599411428207457,0,0,0
S2_p004_t000_s1635038415,2026-10-08T19:55:15Z,S2,4,1,0,0,0a986d180398a7b6f138a577655652248311cae9add3fa3cbfd564b006a191e3,12000,16,1,180000,0.9146255600004924,1,0.31743333299589055,0.3040231133054214,0,1,172800,0.0,-0.8440700320503959,-276.15147895712596,-11.82951180020666,0.3128155394684213,-0.039112560252845686,-0.0048577017582829285,0.08333333333333333,0.0,600.0,7.139638067504704,10.978645861464917,0,0,0
S2_p004_t001_s1183238402,2026-10-08T19:55:30Z,S2,4,1,0,0,56328be319947804cb4ea69d71caff96d6a989fbb43101e90b324100939dd265,12000,16,1,180000,0.9149379442164752,1,0.3214224095581919,0.3069543546700123,0,1,172800,0.0,-0.8467918710488977,-276.15148719879534,-11.826906736440106,0.31283789591363403,-0.037722727276355464,-0.004685087282268796,0.08333333333333333,0.0,600.0,13.852294339685209,11.0580625217532,0,0,0
S2_p004_t002_s333126784,2026-10-08T19:55:45Z,S2,4,1,0,0,7605eec2df81b26af573dcf9186462a892cfa3007e58595262f4236183559b4b,12000,16,1,180000,0.9141058885469867,1,0.3194477368847601,0.3069543546700123,0,1,172800,0.0,-0.8500499819038748,-276.15149000833844,-11.791377083968817,0.31985066341554225,-0.03446507995206,-0.004280493999885948,0.08333333333333333,0.0,600.0,8.196148168841203,10.892387412373786,0,0,0
S2_p005_t000_s356586922,2026-10-08T19:56:00Z,S2,5,1,0,0,6c6fd1234f939a972af0672c0960a651c2e4478b6fccf75618ce8f943a08d358,12000,16,1,180000,0.91255425906557,1,0.3279487077502383,0.3024432576008823,0,1,172800,0.0,-0.7240538401357709,-276.1512524751167,-11.799910990274181,0.3870574920766329,-0.0500745717491596,-0.006219161662102124,0.08333333333333333,0.0,600.0,11.081001208741247,15.40858673695817,0,0,0
S2_p005_t001_s1328624968,2026-10-08T19:56:15Z,S2,5,1,0,0,3bf463644fd55624e58ba2ed5331d71789cdc6a27362bbf69c3ccaf0e6890954,12000,16,1,180000,0.9125263649231579,1,0.3291936721873912,0.3024432576008823,0,1,172800,0.0,-0.7197237004493516,-276.1512532574852,-11.8192968339401,0.4100074729962602,-0.04594037987004377,-0.005705703299099696,0.08333333333333333,0.0,600.0,6.478164428960859,15.262614358717245,0,0,0
S2_p005_t002_s843406380,2026-10-08T19:56:30Z,S2,5,1,0,0,0bd5618d873d619cc5c561453d4d832bcf0255ffbcbfcf05a52f099baf2803e6,12000,16,1,180000,0.9129269646987519,1,0.3294987218495532,0.30237624104345756,0,1,172800,0.0,-0.7109711452739843,-276.15122939719794,-11.861675145081795,0.42948432761036226,-0.040718633968466145,-0.005057172901615559,0.08333333333333333,0.0,600.0,4.352274639504136,15.351017734816166,0,0,0
S2_p006_t000_s1939969654,2026-10-08T19:56:45Z,S2,6,1,0,0,6149e2d545aff68134e3b47455fe13d04293d75516bdccce57173716375e1ba0,12000,16,1,180000,0.9098107465622229,1,0.3316184741444531,0.3007940954549315,0,1,172800,0.0,-0.6140522241637631,-276.1510666720302,-11.77154263475179,0.49924375419579214,-0.04803183108406521,-0.005965457356978732,0.08333333333333333,0.0,600.0,4.884064478371989,17.804594624320792,0,0,0
S2_p006_t001_s441937503,2026-10-08T19:57:00Z,S2,6,1,0,0,15397574f07c38c6f7a23927ed88ab5be587ce3d29615fc34e877b7f67f25316,12000,16,1,180000,0.9101950554693218,1,0.3374250660863931,0.30158918785722183,0,1,172800,0.0,-0.6106910952457751,-276.151045970686,-11.795909840628479,0.4518347277037024,-0.04597542192144917,-0.0057100554518001445,0.08333333333333333,0.0,600.0,6.0577851369208,17.84842975972438,0,0,0
S2_p006_t002_s781512667,2026-10-08T19:57:30Z,S2,6,1,0,0,0415e519944286c9f845fd4bba3ec4a55c72ea95646faffca5ffb5e9b2f4f43c,12000,16,1,180000,0.9101423939736066,1,0.3332374020100039,0.30158918785722183,0,1,172800,0.0,-0.611256213471512,-284.6822775810433,-11.779670275864607,0.4753943734055631,0.05177546199368528,0.006430408828691725,0.08333333333333333,0.0,600.0,9.914631254010036,18.131855242451017,0,0,0
S2_p007_t000_s1531496940,2026-10-08T19:57:45Z,S2,7,1,0,0,582584b271f0fabc07167c498f1e874da9679f52bafda94e93ce003edfa32f87,12000,16,1,180000,0.9072260537055743,1,0.33698808619366855,0.30472990527153115,0,1,172800,0.0,-0.5846497772778692,-284.68241310489367,-11.76309451253445,0.5484320922654611,0.04587549745037622,0.005697645032341825,0.08333333333333333,0.0,600.0,12.424203713850686,18.628684355560207,0,0,0
S2_p007_t001_s326924126,2026-10-08T19:58:00Z,S2,7,1,0,0,8682b72b831874e6a66e34c561725dcfa1910587f5e6f33ee97590280cc861bb,12000,16,1,180000,0.9068695915105807,1,0.3361321608451805,0.30472990527153115,0,1,172800,0.0,-0.5902979796120377,-284.6823718604076,-11.754357274014279,0.49768697683600505,0.051326025426787616,0.0063745897059561685,0.08333333333333333,0.0,600.0,9.778740166253238,18.595352725806542,0,0,0
S2_p007_t002_s199391290,2026-10-08T19:58:15Z,S2,7,1,0,0,c47970c90c6d245860af9851e89594dee575955cd3b0fa7a2032345c70ccdcda,12000,16,1,180000,0.9069501839536319,1,0.3366571459062963,0.30419482446468915,0,1,172800,0.0,-0.592452412864297,-284.6823763140843,-11.742158400170947,0.5188336935289044,0.05326458025462878,0.006615354338464385,0.08333333333333333,0.0,600.0,8.941967928025731,18.447553779222176,0,0,0
S2_p008_t000_s2105928740,2026-10-08T19:58:30Z,S2,8,1,0,0,67a134c14315bb49a8c51a4dfdd802bca86a467f54836dc9deaa7115bd19f36c,12000,16,1,180000,0.903845904228269,1,0.3320207536187517,0.30489149280800537,0,1,172800,0.0,-0.6696197725252955,-284.6824187992752,-11.76873870487345,0.4611472456788657,0.0528505123569781,0.006563927933711966,0.08333333333333333,0.0,600.0,8.125295579433528,17.70305875207717,0,0,0
S2_p008_t001_s2122849215,2026-10-08T19:58:45Z,S2,8,1,0,0,0d7d8fda89de6bf28075f7c1ede5527960c7915be95ecaf1ba0051d8a3fc0c93,12000,16,1,180000,0.9036481295569994,1,0.33468483858776976,0.3048914928080054,0,1,172800,0.0,-0.673240985847391,-284.68240460801644,-11.750042271209256,0.4953084394563909,0.054320294233163646,0.006746471903170459,0.08333333333333333,0.0,600.0,7.27643908099755,17.68191889264776,0,0,0
S2_p008_t002_s1792617518,2026-10-08T19:59:00Z,S2,8,1,0,0,7e163e94da7ee9ea8a87a4ddd191a4eceeba37c331bd2f1c6948cb1225d2327a,12000,16,1,180000,0.904082449889423,1,0.3307605493448077,0.3047006888356329,0,1,172800,0.0,-0.6636952630059125,-284.68239644863934,-11.813898977683488,0.431670026092597,0.05256421487720836,0.006528370359319524,0.08333333333333333,0.0,600.0,5.104115073597817,17.511646338299467,0,0,0
S2_p009_t000_s1083440476,2026-10-08T19:59:15Z,S2,9,1,0,0,f1cadac9b22e7697b896535a7c40508d9e753d72019d54b81fcefd7c6916423f,12000,16,1,180000,0.9004497937170659,1,0.32117843648323224,0.3026875971946869,0,1,172800,0.0,-0.8013072357073341,-284.6823100142604,-11.803241314220529,0.33400486602260077,0.041741008395305534,0.005184149760680157,0.08333333333333333,0.0,600.0,15.311723825464812,15.174443966095383,0,0,0
S2_p009_t001_s406326303,2026-10-08T19:59:30Z,S2,9,1,0,0,653df50234b836f294aade5cfe1e6f7f56d15d164d2208c08d021eb870eb8e9d,12000,16,1,180000,0.9004104533421299,1,0.32146341009539514,0.30294233744614524,0,1,172800,0.0,-0.7996031117250082,-284.68231510097274,-11.797091587691765,0.38660646267281945,0.04903433752086212,0.0060899666514160344,0.08333333333333333,0.0,600.0,7.218269442407515,15.210836476241331,0,0,0
S2_p009_t002_s2144757372,2026-10-08T19:59:45Z,S2,9,1,0,0,1f5c90ca00718e7d4b0f25ba28797e15f8533ecdb16299aaa746ef4abea4178b,12000,16,1,180000,0.9002858447572383,1,0.3211609998052743,0.30294233744614524,0,1,172800,0.0,-0.8036809481988298,-284.6822969703965,-11.781545952745937,0.2963000006557314,0.04569395029681351,0.0056750972389636445,0.08333333333333333,0.0,600.0,8.668628214489136,15.494904113986072,0,0,0
S3_p000_t000_s1030001410,2026-10-08T20:00:15Z,S3,0,1,0,0,79f7ba33a7b0e3b0d9b2e490a80c66e8a5c0e106152b48f831cb2365250d79f9,12000,16,1,180000,0.9144209922691885,1,0.31570096268294723,0.3045154003390014,0,1,172800,0.0,-0.7847286053706637,-296.1513547910993,-11.820572558197,0.32428726925217644,-0.04668102027294234,-0.005797689355858893,0.08333333333333333,0.0,600.0,10.473765409839215,13.259487950283093,0,0,0
S3_p000_t001_s59102629,2026-10-08T20:00:30Z,S3,0,1,0,0,f7878ce33a80f59a8e325d4e9291cc782daec2b9b7e15f9ea4da736996dca70b,12000,16,1,180000,0.9142406188974089,1,0.3189831880437473,0.306005539118961,0,1,172800,0.0,-0.7807636373599093,-296.15136829466303,-11.852245776226367,0.30540352369257073,-0.045269130556054034,-0.005622335476800799,0.08333333333333333,0.0,600.0,9.473107888419285,13.31988391855001,0,0,0
S3_p000_t002_s917633151,2026-10-08T20:00:45Z,S3,0,1,0,0,a160e1fe266a9099df0e2585f35216bd68474d899f5ddb035091346a5f82d5e5,12000,16,1,180000,0.9140635499745379,1,0.3221562105352612,0.3124925690856233,0,1,172800,0.0,-0.7832438166277244,-296.1513743676787,-11.84767842366794,0.371980421617116,-0.04065737909973684,-0.0050495651694291155,0.08333333333333333,0.0,600.0,4.592426973034266,13.254179425860482,0,0,0
S3_p001_t000_s1727488921,2026-10-08T20:01:00Z,S3,1,1,0,0,e75021a1aff522309b94fac998ada365b9f86b36122a940bd7539f3e55dd1de8,12000,16,1,180000,0.9144202969426806,1,0.32258185959029595,0.31249256908562334,0,1,172800,0.0,-0.7827062077601421,-296.15134184999687,-11.84445831439983,0.31860664390181936,-0.038045366508837414,-0.004725158429664589,0.08333333333333333,0.0,600.0,8.120387312401688,13.127942784258128,0,0,0
S3_p001_t001_s1935099702,2026-10-08T20:01:15Z,S3,1,1,0,0,a5cd548d90d88e759c500be5f0c2425ebd76f14346e7581f7b1212666ad808f0,12000,16,1,180000,0.9146331769058488,1,0.3230450878958018,0.3036466965444167,0,1,172800,0.0,-0.7726791007941494,-296.15133997115663,-11.885652019008035,0.3103266764412303,-0.03111464713502152,-0.003864376944875403,0.08333333333333333,0.0,600.0,4.597920042291935,13.199030387145301,0,0,0
S3_p001_t002_s1247340308,2026-10-08T20:01:30Z,S3,1,1,0,0,4102e3ebc3fb85abe38e3089b31f1e75043559dce10fc603025e885b35ce003f,12000,16,1,180000,0.9140799243754166,1,0.3303693223964605,0.31098793742537856,0,1,172800,0.0,-0.7843851001936125,-296.15135578033494,-11.84522399295403,0.3448557035228085,-0.03370463735941077,-0.004186048550764099,0.08333333333333333,0.0,600.0,7.3973176338392,13.213944842663722,0,0,0
S3_p002_t000_s2123842217,2026-10-08T20:01:45Z,S3,2,1,0,0,a6dc55b25a85a816f5c4e609a688bb8e0b84628ca04efc38f8e9a9badd7f39ed,12000,16,1,180000,0.9142817976297025,1,0.32564222110177105,0.3109879374253786,0,1,172800,0.0,-0.7863812173837472,-296.15135047056174,-11.837641218273049,0.42411833053529213,-0.024698133791396557,-0.0030674588206238695,0.08333333333333333,0.0,600.0,4.683864330980161,13.174852714882485,0,0,0
S3_p002_t001_s741456992,2026-10-08T20:02:00Z,S3,2,1,0,0,b008a31a1cdd602dcaca59ba20aefafe249067b7c2e6a7de98281f0ed5a3478c,12000,16,1,180000,0.8541317754938914,1,0.3230220660317807,0.3089446546828953,0,1,172800,0.0,-1.3754674682172743,-296.15124171003174,-6.512652230099777,48.29913745797323,0.01200447008643203,0.0014909311757946853,0.08333333333333333,0.0,600.0,18.70829453640527,19.59455004878177,0,0,0
S3_p002_t002_s859851708,2026-10-08T20:02:15Z,S3,2,1,0,0,d7b14073a7886fb22aee1f8b066cd4d504b3e75693f28a3905dec4997c8a0d36,12000,16,1,180000,0.9148018751534438,1,0.32687047335478003,0.30962191609163897,0,1,172800,0.0,-0.7809008067094159,-306.1513411249877,-11.852334563615196,0.3503622697082296,-0.025439646678850018,-0.0031595532382198144,0.08333333333333333,0.0,600.0,6.213856006353055,13.293459726027896,0,0,0
S3_p003_t000_s1497291008,2026-10-08T20:02:30Z,S3,3,1,0,0,8a7099bbe24e475db8e76895fff176914ec2825cd029180a77d90c379668cbc3,12000,16,1,180000,0.9144617635459699,1,0.323863177270288,0.30962191609163897,0,1,172800,0.0,-0.7841466072960777,-306.1513519871017,-11.829733578014704,0.41706031402012145,-0.012514344417250028,-0.001554256547933619,0.08333333333333333,0.0,600.0,5.9239932244103555,13.253308120970562,0,0,0
S3_p003_t001_s2122590732,2026-10-08T20:02:45Z,S3,3,1,0,0,6337dc1fca06e1c9333edf6f400d7e43468a7a1657e517be9184516b1f36e73f,12000,16,1,180000,0.9147942796900843,1,0.3239659932232369,0.3081507351143619,0,1,172800,0.0,-0.7823494020596229,-306.1513643575884,-11.872538833656192,0.33957455934161446,-0.010495483919659886,-0.0013035181118539185,0.08333333333333333,0.0,600.0,5.17889448890873,13.348870042893893,0,0,0
S3_p003_t002_s1592902622,2026-10-08T20:03:00Z,S3,3,1,0,0,2040677f293ded7bfbb851556150736792c41fc24b282cd0d14440686f652d08,12000,16,1,180000,0.9147885138862291,1,0.32398401115533365,0.30907468233478935,0,1,172800,0.0,-0.7784202363644741,-306.15134890489935,-11.88108964872561,0.3462895052764204,-0.012282945811442219,-0.001525517303889501,0.08333333333333333,0.0,600.0,10.91110421260824,13.378328181269453,0,0,0
S3_p004_t000_s1269981715,2026-10-08T20:03:15Z,S3,4,1,0,0,771e67bbb6ba849d26cb463ff225bb6e5028cd8c2b9308e641f2918c1ba9f853,12000,16,1,180000,0.91443495199816,1,0.3226896086513124,0.30907468233478935,0,1,172800,0.0,-0.7816647706309334,-306.1513579538308,-11.840817162438466,0.299826405194984,-0.00032740807119266424,-4.0663427625986515e-05,0.08333333333333333,0.0,600.0,6.424741090919416,13.267872878295979,0,0,0
S3_p004_t001_s1736958637,2026-10-08T20:03:30Z,S3,4,1,0,0,d761e208c9bc24bfd402cdbf5fe251d93a8acd5681d808ba4b7b9e703e324f67,12000,16,1,180000,0.9151313989175194,1,0.323642918183977,0.30587392297740335,0,1,172800,0.0,-0.7686336580191279,-306.1513339371698,-11.920822811565966,0.3754449606832515,0.010279858219749378,0.0012767378311764332,0.08333333333333333,0.0,600.0,11.338450429973749,13.009921971513227,0,0,0
S3_p004_t002_s204596110,2026-10-08T20:03:45Z,S3,4,1,0,0,5019d9a2ae310ff2accd0e9e3f6b39ab34f4ebc8976bb7633ba9b41cd9011bcf,12000,16,1,180000,0.9143596222286953,1,0.3273826682419885,0.3098034291956534,0,1,172800,0.0,-0.7881416874839224,-306.1513396640833,-11.816980061904623,0.41658123113444756,-0.0005945122528219955,-7.38372327759862e-05,0.08333333333333333,0.0,600.0,5.977953802074188,13.254991240737859,0,0,0
S3_p005_t000_s1505505932,2026-10-08T20:04:00Z,S3,5,1,0,0,f4717496ac00752961684fc1b8b58bc220477fe43b71354fb3d79aabb398f575,12000,16,1,180000,0.9148405810828836,1,0.32711659520126507,0.3098034291956534,0,1,172800,0.0,-0.7753783124506166,-306.15134820812335,-11.895667830416851,0.3103586042014771,0.01518261815429275,0.001885650809526851,0.08333333333333333,0.0,600.0,5.997201627607109,13.172835664817551,0,0,0
S3_p005_t001_s574426862,2026-10-08T20:04:15Z,S3,5,1,0,0,5a427afa2393b849f784ef427832e0bd180991aab38284299f2cc7b16e09760d,12000,16,1,180000,0.9147822734583949,1,0.32873478719209437,0.30714933256120186,0,1,172800,0.0,-0.7839009443188794,-306.15135198290835,-11.857118150720629,0.3522859780836507,0.011088168260073987,0.001377128321564669,0.08333333333333333,0.0,600.0,8.607488099609988,13.308070157194535,0,0,0
S3_p005_t002_s2081296688,2026-10-08T20:04:30Z,S3,5,1,0,0,53a1725dba60a720c658f1366c0831ce063ead31ccd713e66c902604302307cf,12000,16,1,180000,0.6695947547165184,1,0.25656938651975214,0.3081398667041193,0,1,172800,0.0,-3.947154163994891,-296.0877344039806,0.8064044158559797,63.81412308787066,972.785298559848,120.817988510536,4.0,0.0,600.0,9.141607276495447,23.869186765705493,0,0,0
S3_p006_t000_s1872296474,2026-10-08T20:04:45Z,S3,6,1,0,0,65bd803ffccd6d04428b709be748c2ae434fc4e9991b4006b930d398f46a5877,12000,16,1,180000,0.9689285299535205,1,0.32844712282624045,0.30846932747155437,0,1,172800,0.0,-0.7425825495780287,-296.08333224247144,-12.484966296264673,0.37948977258064703,0.00019805629702481016,2.459819597788737e-05,0.08333333333333333,0.0,600.0,10.994669568894734,13.56304740352915,0,0,0
S3_p006_t001_s1187247710,2026-10-08T20:05:00Z,S3,6,1,0,0,04270fa0fb835040a0994330f3d5c1012b759f3fd4dc388c9919f9aada294255,12000,16,1,180000,0.9687913501069424,1,0.32845346043701723,0.30846932747155437,0,1,172800,0.0,-0.740517340224851,-296.0833350304595,-12.502061621397766,0.355052487250396,-0.00034318507061432247,-4.262289940015762e-05,0.08333333333333333,0.0,600.0,14.241462036274587,13.381772689284757,0,0,0
S3_p006_t002_s1223745501,2026-10-08T20:05:30Z,S3,6,1,0,0,d5ff829f6fcf9eeafc1844372d1acae4ad3d440a1049356f842e9aea9538c7f2,12000,16,1,180000,0.9692610117157406,1,0.32938547922573674,0.3102179815871073,0,1,172800,0.0,-0.737584243098352,-316.75000239448246,-12.505962205687638,0.35685946126867824,0.00021339095782013588,2.6502730179345235e-05,0.08333333333333333,0.0,600.0,7.89904271482862,13.36308117289408,0,0,0
S3_p007_t000_s626911129,2026-10-08T20:05:45Z,S3,7,1,0,0,edc003e7a254cc7049bca2b741dcd8b5ae1dbead0f7446fb44570cf9f6ba8fc7,12000,16,1,180000,0.9689034438213614,1,0.32825395150251807,0.31021798158710734,0,1,172800,0.0,-0.7470070037137666,-316.74999995662137,-12.4536988359784,0.3186260225930307,7.680636182563755e-05,9.539196526020532e-06,0.08333333333333333,0.0,600.0,9.532515424125123,12.975569819502141,0,0,0
S3_p007_t001_s1969339727,2026-10-08T20:06:00Z,S3,7,1,0,0,19469871d89abc95079fb4e3e86c59abd6ce74ff2dfb7b5247a6b8a059de6550,12000,16,1,180000,0.9687928899152846,1,0.3283653583797031,0.30784199682578184,0,1,172800,0.0,-0.7494760338679045,-316.74999977105955,-12.451027192829653,0.36231192771642406,0.00016124223288627043,2.0025962840009015e-05,0.08333333333333333,0.0,600.0,4.716407538742687,13.829141351177135,0,0,0
S3_p007_t002_s115451501,2026-10-08T20:06:15Z,S3,7,1,0,0,b0978c210e92c65d0f242a123104a30871605c367eab1382cc12ab4393fa4a91,12000,16,1,180000,0.9688676266418328,1,0.3270284673009181,0.3072873981760882,0,1,172800,0.0,-0.7488411228582849,-316.7500008934063,-12.451534356106054,0.35935605644305146,-0.00016744016928199585,-2.0795734144485323e-05,0.08333333333333333,0.0,600.0,11.538331089059234,13.328454144550042,0,0,0
S3_p008_t000_s1467476825,2026-10-08T20:06:30Z,S3,8,1,1,0,2d54ec394cc04e4a577d50faafc46a1a44e38186787017ccdaccbb5d5d443900,12000,16,1,180000,0.9672981959588588,1,0.3234042165117151,0.3072873981760882,0,1,172800,0.0,-0.7506733988027448,-366.7500011007335,-12.415351705052435,0.29433335935289234,-0.00018522860135117522,-2.300502183061326e-05,0.08333333333333333,0.0,600.0,6.516421941811266,13.181401095107052,0,0,0
S3_p008_t001_s154111274,2026-10-08T20:07:00Z,S3,8,1,1,1,682e2e863ffce7f3786b147500f48bbec612ae59aa0a77aa8fddad208e5e8da7,12000,16,1,180000,0.9651940266974186,1,0.32157021948001063,0.3061175376827872,0,1,172800,0.0,-0.7489520152534817,-306.0833327593149,-12.431521492830122,0.3458664858990734,0.0007513768165693968,9.331949786428595e-05,0.08333333333333333,0.0,600.0,8.496233471856813,13.397625858160078,0,0,0
S3_p008_t002_s1142253482,2026-10-08T20:07:30Z,S3,8,1,1,1,3dfa46116444389a6027ae3ecc6308d93bfda58f84db72d324f81a8fa554a607,12000,16,1,180000,0.9656155465371465,1,0.3219510292757153,0.30521026727056877,0,1,172800,0.0,-0.7508424631098689,-318.7500011872271,-12.423440564811223,0.2985155747278923,-0.00016875958394760472,-2.095960280712461e-05,0.08333333333333333,0.0,600.0,4.475755548849797,13.243030730708838,0,0,0
S3_p009_t000_s395916349,2026-10-08T20:08:00Z,S3,9,1,1,1,826a85bd3f43f1f4de3490b1bdbc675ee777dac5f8cb488116bf2b1b829a90d2,12000,16,1,180000,0.908040527730395,1,0.31282196135169515,0.30497503258529995,0,1,172800,0.0,-0.7752420314058153,-297.9013401039616,-11.874612467216386,0.3628271046383662,0.05965154020508879,0.007408601990391617,0.08333333333333333,0.0,600.0,6.521613635393741,13.351389171441792,0,0,0
S3_p009_t001_s1232141577,2026-10-08T20:08:30Z,S3,9,1,1,1,240bc6235211ebe0bbe6ece811d339a99560addc1aa97960f023b9e18a5ff561,12000,16,1,180000,0.7588239122213858,1,0.306660321809276,0.30413342599477605,0,1,172800,0.0,-0.7566810434880789,-319.2916663103745,-12.4084901259262,0.3371530261824288,-0.002106559595921101,-0.0002616304886942089,0.08333333333333333,0.0,600.0,8.970806371127845,13.743672377679243,0,0,0
S3_p009_t002_s1753739609,2026-10-08T20:09:00Z,S3,9,1,1,1,e52e795139da5521678e6d0664f20163883b5d9c7570b678a45913854e729ca6,12000,16,1,180000,0.9622018424757126,1,0.37551160275302314,0.3666786886862039,0,1,172800,0.0,-0.7551753162062563,-311.5833352986059,-12.386565391003536,0.3280452344331746,0.00043344343085446234,5.383280722526251e-05,0.08333333333333333,0.0,600.0,6.960572795074194,13.684601161260407,0,0,0
S4_p000_t000_s1380025803,2026-10-08T20:09:30Z,S4,0,1,0,1,56ce171e13e7623ce8ff99dff9d71191dcdf86f12d139ba3aaeb3b0ec473aae8,12000,16,1,180000,0.9502658502043438,1,0.36190453408516515,0.3666786886862039,0,1,172800,0.0,-0.06765314433883488,-321.5999666334179,-22.802543731878217,0.025978606453797508,0.040150031022668724,0.00498655355295341,0.08333333333333333,0.0,600.0,37.57152443248891,11.734049120728493,0,0,0
S4_p000_t001_s1028796488,2026-10-08T20:09:45Z,S4,0,1,0,0,9ff08d82f50713bd5a46589d490831b455bed0d44f3edccd0e1adaacf4b5758e,12000,16,1,180000,0.9505146973244328,1,0.34750243166508915,0.3544964581009171,0,1,172800,0.0,-0.06552913065716955,-321.5999793082592,-22.941678476595108,0.04607919885365137,0.04325219161664907,0.005371835694404581,0.08333333333333333,0.0,600.0,12.575433804470018,11.838103935094551,0,0,0
S4_p000_t002_s1457782904,2026-10-08T20:10:00Z,S4,0,1,0,0,089988d6b142001c765fa53495e4dde5876f18f93be44b7a3b7b65dc5502139b,12000,16,1,180000,0.9504741804010917,1,0.34823947579438913,0.3544964581009172,0,1,172800,0.0,-0.0642870330155984,-321.59997659948385,-22.91407263064916,0.028217777328090707,0.04609077079962833,0.00572438155177224,0.08333333333333333,0.0,600.0,22.280885589398306,11.688216220527934,0,0,0
S4_p001_t000_s1710814298,2026-10-08T20:10:15Z,S4,1,5,0,0,6c5bce9594ebd28a3f22f7fecbc1f0d524764181db61f8abdfcdda9ed80b6016,12000,16,1,180000,0.9453935906609312,1,0.5177771300198737,0.528638013864102,0,1,172800,0.0,-0.023058586349232822,-321.6004562820581,-23.078815321050413,0.025876346561300532,0.04609143617674868,0.005724464190279832,0.08333333333333333,0.0,600.0,23.7988481563325,15.973832418714167,0,1,0
S4_p001_t001_s1662193313,2026-10-08T20:10:30Z,S4,1,5,0,0,14a0aed9d7db1a3b3aae3f3c1ad83c7e5cb8d5d8677d39ae03ff7493547aa259,12000,16,1,180000,0.9457541791810877,1,0.5224238258008027,0.528638013864102,0,1,172800,0.0,-0.023698239042686267,-321.6004614328388,-23.067925424931126,0.015824988588274032,0.04756420814912848,0.005907379523705458,0.08333333333333333,0.0,600.0,34.21849748341732,16.11280439859805,0,1,0
S4_p001_t002_s196226190,2026-10-08T20:10:45Z,S4,1,5,0,0,3e03b2c9aa7ebb40476dcf0b9eabc1098d48098954570c483ac8b731fe11c51b,12000,16,1,180000,0.9454660386216786,1,0.5201348104111896,0.5280675375406659,0,1,172800,0.0,-0.025437803661748217,-321.60046310536325,-23.03898092497463,0.017046867046619556,0.045357756332369256,0.005633342620967596,0.08333333333333333,0.0,600.0,41.13526083651613,15.923960218704993,0,1,0
S4_p002_t000_s139150452,2026-10-08T20:11:00Z,S4,2,10,0,0,12106dc5fe058df28292e8198d6b2355e90815ded1e4bb7e750097c8213bc3f7,12000,16,1,180000,0.9505524693757783,1,0.7481466547829845,0.7797841592258578,0,1,172800,0.0,0.07066588110909501,-321.60126220774447,-25.038600121472953,0.10336753037607788,0.03519488842816036,0.004371134753000661,0.08333333333333333,0.0,600.0,14.782657557568553,17.277255054628892,0,1,0
S4_p002_t001_s1124369827,2026-10-08T20:11:15Z,S4,2,10,0,0,830b257dfbffb67cd07ec3669a81ce384f1a1371350e28d044199aeb9900af15,12000,16,1,180000,0.5808135788174336,1,0.47894360636942446,0.7812619387918875,0,1,172800,0.0,-4.24906893013101,-321.60024254692144,2.3332985589633592,58.70448636070251,921.3313401994833,114.42750979009543,3.25,0.0,600.0,9.10467470973218,20.066156578807703,0,1,0
S4_p002_t002_s820497043,2026-10-08T20:11:30Z,S4,2,10,0,0,753824ed2c5764709389ea10c18cb9575f5a04557881c40103f7b4f1a52b5240,12000,16,1,180000,0.9504308954740419,1,0.7476886965083014,0.7812619387918875,0,1,172800,0.0,0.07081700201044024,-312.0654003902424,-25.001278143064425,0.10374371833910118,-0.037568357701058756,-0.004665914889756095,0.08333333333333333,0.0,600.0,39.01811396610395,17.242192901449695,0,1,0
S4_p003_t000_s11459573,2026-10-08T20:11:45Z,S4,3,20,0,0,a588227dcc72cc7fb62fe5c765627db4e206c7b18381f660b45d673a7e7d45c4,12000,16,1,180000,0.9574355532376273,1,0.7811484810378561,0.8138162646274643,0,1,172800,0.0,-0.12392776597273678,-312.0653576517676,-25.960051088477577,0.10538478851609655,-0.036445236242745926,-0.004526425450876559,0.08333333333333333,0.0,600.0,32.77350713273346,14.419997721640033,0,1,0
S4_p003_t001_s1313953807,2026-10-08T20:12:00Z,S4,3,20,0,0,8ce4f2115b2da87e46024509b778de0e56f5a89410dce4165f39b0ed9bf7aafb,12000,16,1,180000,0.957526534040312,1,0.782003504690768,0.8138162646274643,0,1,172800,0.0,-0.12470572987906034,-312.06535549595355,-25.977274854089366,0.09799125268247831,-0.03880215940597298,-0.004819150593903032,0.08333333333333333,0.0,600.0,33.86632034163442,14.285758035623228,0,1,0
S4_p003_t002_s205499031,2026-10-08T20:12:15Z,S4,3,20,0,0,698f7b0a77aec7459cc788b7c0d89ff9cfad53f51a858ed80851ad1d7e94e0ed,12000,16,1,180000,0.9574524446641564,1,0.7796462453041191,0.8123339203276186,0,1,172800,0.0,-0.1246827641015291,-312.06535682757567,-25.983631516348904,0.10145991665448714,-0.036936511414967906,-0.004587440844716184,0.08333333333333333,0.0,600.0,25.771240976435134,13.992199707370577,0,1,0
S4_p004_t000_s984663940,2026-10-08T20:12:30Z,S4,4,30,0,0,6bd9e297c4ac2d4465c0539d1514451f56b318c87a0cc48b98dfb3eacc3050b1,12000,16,1,180000,0.9625861465541553,1,0.8390700237156795,0.8676097313437321,0,1,172800,0.0,-0.06789861381642556,-312.06508014942364,-25.724469929999994,0.03973909871997204,-0.03514514088113373,-0.004364956207155046,0.08333333333333333,0.0,600.0,28.31455300371275,17.264647776367354,0,1,0
S4_p004_t001_s484615558,2026-10-08T20:12:45Z,S4,4,30,0,0,e5f78fd4df3ac9fab40669377e4d2112702e5067d2fe91e1c9a2dd68c8bd834b,12000,16,1,180000,0.9627548190132237,1,0.8387613769158256,0.8682260144619003,0,1,172800,0.0,-0.0680015158891328,-312.0650718117904,-25.736169095460063,0.05187363321831123,-0.0361687244903987,-0.004492083244258538,0.08333333333333333,0.0,600.0,27.038096254285403,17.40937161055336,0,1,0
S4_p004_t002_s330630277,2026-10-08T20:13:00Z,S4,4,30,0,0,2adbdebb546f15e03d9bed89a098f9d43a348efa94d7acc5c905eb959fb41f46,12000,16,1,180000,0.9626538389301517,1,0.839599613439674,0.8682260144619003,0,1,172800,0.0,-0.06799781448474049,-312.06507368310366,-25.730829843756897,0.05112040272379895,-0.03444508071659656,-0.00427801013483986,0.08333333333333333,0.0,600.0,26.92313839205118,17.300136992858477,0,1,0
S5_p000_t000_s1561858501,2026-10-08T20:13:30Z,S5,0,1,0,0,59202798acd258610c1d98add00b3746e1e72e682de4fa22d5714ce4e7dc583a,12000,16,1,180000,0.6912648128071328,1,0.011951700151339851,0.011612053423507095,0,1,172800,0.0,-1.0435795007865925,-314.0416732974778,-10.784575263930927,0.07555728637248953,0.0028136634563334767,0.00034945137394970516,0.08333333333333333,0.0,600.0,9.270868620546638,4.776817610599519,0,0,0
S5_p000_t001_s960283802,2026-10-08T20:13:45Z,S5,0,1,0,0,51d03eef37c8ec82f06ee287371ad695ce9e18658e40112c5c662096ef66cb77,12000,16,1,180000,0.6908971854223815,1,0.012706457375068684,0.01140580408767393,0,1,172800,0.0,-1.042336644551845,-314.0416637729074,-10.801281670088418,0.11824689393215354,0.003316824689136601,0.00041194299274138757,0.08333333333333333,0.0,600.0,12.233754232208023,4.675353336497377,0,0,0
S5_p000_t002_s892021093,2026-10-08T20:14:00Z,S5,0,1,0,0,f4707e0efc4f9a1ceff4eab20d55247f2cf7aecf077aed6ec79923763f032ce0,12000,16,1,180000,0.690860598433525,1,0.01164446026945902,0.010657549785587497,0,1,172800,0.0,-1.0476467481913765,-314.04167351323423,-10.793902867862382,0.09803976538492812,-0.0008488014660502056,-0.00010541944448050344,0.08333333333333333,0.0,600.0,7.460586782894145,4.647795086746423,0,0,0
S5_p000_t003_s1972790602,2026-10-08T20:14:15Z,S5,0,1,0,0,b182f4aa92d9dfe428e3ee444e0ef2f26145f6cd21f795e35ea8e29c220f382b,12000,16,1,180000,0.691602426261147,1,0.01190230579761939,0.01270485432429288,0,1,172800,0.0,-1.0552213724841022,-314.0416707175239,-10.751253676397779,0.10298728917035012,-0.0005416265507062183,-6.72689343446109e-05,0.08333333333333333,0.0,600.0,9.42429066721395,4.649551236394784,0,0,0
S5_p000_t004_s522357441,2026-10-08T20:14:30Z,S5,0,1,0,0,b16204d8a6da652538f0c0a9544b25edfc70423bba34b7de61fb6a4461bf74df,12000,16,1,180000,0.6434643146076174,1,0.012228345723677538,0.012704854324292879,0,1,172800,0.0,-1.6816094907560897,-314.0416463920313,-6.002410459120847,34.43680430184811,-0.0009506745865308161,-0.00011807188229795429,3.1666666666666665,0.0,600.0,16.47568120473428,17.562048273897044,0,0,0
S5_p000_t005_s434100809,2026-10-08T20:14:45Z,S5,0,1,0,0,fc61edf26d6362330f31ff3318e91127141c7c48f5ccd8f32fb97cf2b35bbbe1,12000,16,1,180000,0.8845955534581688,1,0.01114601920288002,0.011252553894009865,0,1,172800,0.0,-1.1044586188498555,-304.56893424577174,-10.032776269833821,0.0785628252335338,0.0020542881275014808,0.0002551384768594289,0.08333333333333333,0.0,600.0,7.166991983596651,3.6490896738138154,0,0,0
S5_p000_t006_s1987541040,2026-10-08T20:15:00Z,S5,0,1,0,0,03e501ed3d7c41a63f9a63cb7b5ec990797f70b98b6b71a1495af1c2b220303c,12000,16,1,180000,0.8837518341137095,1,0.01169260576767959,0.011252553894009865,0,1,172800,0.0,-1.122966965506648,-304.5689752754133,-9.969860465456577,0.11846574457575174,0.0018637076494746779,0.00023146876264945604,0.08333333333333333,0.0,600.0,5.0610566484151445,3.949410676464896,0,0,0
S5_p000_t007_s1550731733,2026-10-08T20:15:15Z,S5,0,1,0,0,a12032c6c13c80ac307d7a59d55949cf1324508dbdfb0b1237daac7e9c39203f,12000,16,1,180000,0.8842737537430407,1,0.011565622281593786,0.01264019616052306,0,1,172800,0.0,-1.1073120398773353,-304.56894663364136,-10.028274552020207,0.08989393369199536,-0.0037703748013152368,-0.00046827300957374973,0.08333333333333333,0.0,600.0,5.464288775621281,4.199309343935503,0,0,0
S5_p000_t008_s978267978,2026-10-08T20:15:30Z,S5,0,1,0,0,02eab6b727bdf818253d7759f7beade208563600df6368a610531d2bd52331fb,12000,16,1,180000,0.8844621401252708,1,0.012621159209312244,0.012640196160523061,0,1,172800,0.0,-1.1182463081973018,-304.5689463548103,-10.000275605077222,0.09191381290013748,-0.0016978441900731426,-0.00021086885271870415,0.08333333333333333,0.0,600.0,6.723798256959489,3.8222664635564603,0,0,0
S5_p000_t009_s1361001477,2026-10-08T20:15:45Z,S5,0,1,0,0,2e4c0b537ab84421b2da9e7c941db94b07d1bb696d0897d63a1d7b6287196360,12000,16,1,180000,0.8838985204043563,1,0.011866526557327093,0.011420613674509299,0,1,172800,0.0,-1.1168280161011825,-304.56895256704047,-9.982907223599792,0.060822792512006466,0.0017003564679889695,0.00021118087261129403,0.08333333333333333,0.0,600.0,5.12899484056832,4.2263045609536505,0,0,0
S5_p000_t010_s1672796167,2026-10-08T20:16:00Z,S5,0,1,0,0,6f49b14199fa720ceb04406cc0724fd2e1daef764fb5680191cbc023f623ade6,12000,16,1,180000,0.8835732430927944,1,0.011950300314814328,0.0114206136745093,0,1,172800,0.0,-1.125989117094096,-304.56897235023524,-9.964681365595169,0.08707354256498491,0.0018911426108308201,0.0002348761299799662,0.08333333333333333,0.0,600.0,5.597885937996993,4.418385829302948,0,0,0
S5_p000_t011_s363339928,2026-10-08T20:16:15Z,S5,0,1,0,0,75e70c906dfe12ce81f919158658852c36ba565f4faf4eff54afad5f99873a53,12000,16,1,180000,0.8835140321841609,1,0.011622039321113047,0.011843584048481388,0,1,172800,0.0,-1.1231375131896157,-304.56894845078205,-9.960456430190346,0.0975119331156169,0.0012215063724495736,0.00015170864844549214,0.08333333333333333,0.0,600.0,7.891769774303681,4.251551224934984,0,0,0
S5_p000_t012_s920581965,2026-10-08T20:16:30Z,S5,0,1,0,0,aca4ca3b4160e8dd1ca04778811571cff1a37009910561664a01c77323701b73,12000,16,1,180000,0.8839158923215986,1,0.011647049217310973,0.011843584048481388,0,1,172800,0.0,-1.1195185058099253,-304.56896365543616,-9.987790274922917,0.12356320326646507,-0.0018890770213686404,-0.00023461958789994242,0.08333333333333333,0.0,600.0,8.774006245171108,3.9201009545860193,0,0,0
S5_p000_t013_s1985403058,2026-10-08T20:16:45Z,S5,0,1,0,0,e5e9c8e37223fbcb69f9e8753761090d8ab2f37c84e0791c0d1269a34c882e38,12000,16,1,180000,0.8842930692561183,1,0.011380710952570532,0.011125160529121431,0,1,172800,0.0,-1.1075820042561442,-304.5689381581002,-10.027064577050563,0.07067336950869194,-0.007813111978543447,-0.000970372881511139,0.08333333333333333,0.0,600.0,5.627476029129354,4.199464579898485,0,0,0
S5_p000_t014_s1613680917,2026-10-08T20:17:00Z,S5,0,1,0,0,cbf2adae5997ba4dda05346cf184ee64eed191791fbef0b30c5d1df8c7b96882,12000,16,1,180000,0.8840045481020496,1,0.012075988360168996,0.011461729475122348,0,1,172800,0.0,-1.109122577240907,-304.56894003172056,-10.031127585208923,0.09595018421472215,-0.0032270163199967735,-0.0004007889729109593,0.08333333333333333,0.0,600.0,4.668658903975414,4.1769702754283475,0,0,0
S5_p000_t015_s1930000429,2026-10-08T20:17:15Z,S5,0,1,0,0,e40f67b731b635a71eb57a8b559012886ccd3b31f65901b9aa4b4802a772d1ee,12000,16,1,180000,0.884235572117484,1,0.012357115754077478,0.011797850443511636,0,1,172800,0.0,-1.1122405911784026,-304.56894498362635,-10.008338858406239,0.11424168828518025,-0.00455960643679179,-0.0005662940002366668,0.08333333333333333,0.0,600.0,11.058188477268793,4.243340311079699,0,0,0
S5_p000_t016_s216305983,2026-10-08T20:17:30Z,S5,0,1,0,0,f1246a4fe68e1dce98eb3d6f3c348d98af66d645de23cf7831dd041e49c11b61,12000,16,1,180000,0.8839426899223781,1,0.011724031349149297,0.01194803245568392,0,1,172800,0.0,-1.109331706444658,-304.5689665183836,-10.027207563382694,0.08453689009641817,-0.002124596151220769,-0.000263870592789317,0.08333333333333333,0.0,600.0,6.469099781362562,4.032321998099483,0,0,0
S5_p000_t017_s312112809,2026-10-08T20:17:45Z,S5,0,1,0,0,086347279442cb5f368ffaebdfa9b0e8190f2b8ab405da1628500e8254c3dbad,12000,16,1,180000,0.8839390362135606,1,0.013121788104780405,0.013242238465470636,0,1,172800,0.0,-1.1178797956054933,-304.5689586766372,-9.986195102523709,0.08503803890465275,0.005234816224614067,0.0006501537054646178,0.08333333333333333,0.0,600.0,4.74993232558781,4.221688660286802,0,0,0
S5_p000_t018_s1052303369,2026-10-08T20:18:00Z,S5,0,1,0,0,4fcc3d3b43517c6e8d30866bb9114441de8d14b1276dff4a6c949eb417c5bcda,12000,16,1,180000,0.6575196733996,1,0.012521972997046847,0.013242238465470636,0,1,172800,0.0,-3.6745308113016737,-284.7644624497243,-0.07134609564924138,74.27656606971037,1913.504254599969,237.65340141280694,6.666666666666667,0.0,600.0,10.651892465046046,12.244670247766392,0,0,0
S5_p000_t019_s217579570,2026-10-08T20:18:15Z,S5,0,1,0,0,97d3f5073d1e670c957a58b49d5084fbec90df828ae3195ec1e119a1b7b5e60d,12000,16,1,180000,0.8835924527374874,1,0.01294614983076282,0.011825340334323904,0,1,172800,0.0,-1.1119645541849594,-284.76438400030383,-10.018054439528365,0.07751488657077402,0.0016025755537374831,0.00019903667862308794,0.08333333333333333,0.0,600.0,4.424502672547591,3.7892153426101274,0,0,0
S5_p000_t020_s99964177,2026-10-08T20:18:45Z,S5,0,1,0,0,85399d3bff28c0d664439f4bfedc597fd1599771004c4c303fddb74c25a3036f,12000,16,1,180000,0.8838231907366767,1,0.011932667028136954,0.011430700011323071,0,1,172800,0.0,-1.118963035501053,-306.09770293510036,-9.992209068283781,0.11163705121369923,0.0006109319502138392,7.58765263526584e-05,0.08333333333333333,0.0,600.0,7.498675669720577,4.038787190931613,0,0,0
S5_p000_t021_s490683040,2026-10-08T20:19:00Z,S5,0,1,0,0,f91ee61cc4e821c6b638fe0625497ad54e67c8a05d13590e6ed56d7a0cbcdb85,12000,16,1,180000,0.8839727247309411,1,0.010961370635404701,0.01184653938728869,0,1,172800,0.0,-1.1126051060836948,-306.09771698049553,-10.014113746024405,0.08478068500009907,0.0018002159955542844,0.00022358322621585103,0.08333333333333333,0.0,600.0,6.619124182150266,4.171794526079261,0,0,0
S5_p000_t022_s1940961689,2026-10-08T20:19:15Z,S5,0,1,0,0,94879c75b3ccdd29273bbcb13e88b4ab220a93d9093797410acf6f964e29b2a8,12000,16,1,180000,0.8839067242618514,1,0.012905025251855554,0.01222168085676451,0,1,172800,0.0,-1.118487480780981,-306.0976982048869,-9.973722569710803,0.11797496511234604,0.0012663218377511767,0.00015727463960502064,0.08333333333333333,0.0,600.0,5.1436160471381545,4.025382930030717,0,0,0
S5_p000_t023_s1454648504,2026-10-08T20:19:30Z,S5,0,1,0,0,3c1f31b9d1d21d1ee50166f9ddbf37b1ae495276599721d50067ba4ae83ddf25,12000,16,1,180000,0.8837907789405951,1,0.01148345624147128,0.012221680856764509,0,1,172800,0.0,-1.1220217605993006,-306.09770562396324,-9.98721545448152,0.09313050193584539,0.00044785668252201964,5.56229042558698e-05,0.08333333333333333,0.0,600.0,4.879927165124411,4.268842083245369,0,0,0
S5_p000_t024_s558398644,2026-10-08T20:19:45Z,S5,0,1,0,0,f042c3e87f20c1dc19798a31c2deef1fca75d631046ec39d15672d18845568f8,12000,16,1,180000,0.8840613548156495,1,0.012140895793079271,0.011320390480114302,0,1,172800,0.0,-1.1235655098352333,-306.0977099324894,-9.960695628067606,0.1433070697056916,0.0026222233308684233,0.00032567489324719645,0.08333333333333333,0.0,600.0,7.31863513517162,3.8859890882186425,0,0,0
S5_p000_t025_s1286326493,2026-10-08T20:20:00Z,S5,0,1,0,0,ad6938816b62ae38d2a643540690e891be287ba2fd51e305d5387cf58229c07c,12000,16,1,180000,0.8840929892916307,1,0.012222847551027677,0.011438325274920134,0,1,172800,0.0,-1.1148109731441682,-306.0977099561429,-10.00528342243835,0.09271030734468594,0.002804429358779321,0.0003483045175016741,0.08333333333333333,0.0,600.0,10.33668459544375,4.031309752124922,0,0,0
S5_p000_t026_s905618129,2026-10-08T20:20:15Z,S5,0,1,0,0,ef619ba35917973f9e7cf14834a9e3e361a81f912902aa87a909930e099181a7,12000,16,1,180000,0.8839412820439,1,0.012327453001729946,0.013039589560558134,0,1,172800,0.0,-1.1182459771513378,-306.09771279677926,-9.98011437711413,0.10322511200049662,0.0016362010919330353,0.00020321290321589913,0.08333333333333333,0.0,600.0,7.7892754837158495,4.0500432112114435,0,0,0
S5_p000_t027_s649442228,2026-10-08T20:20:30Z,S5,0,1,0,0,066b827b4be293189b37edf44b94f8bd072083cc9bf93e8e86ff4bda3634dc2e,12000,16,1,180000,0.884332606292448,1,0.012172543048180395,0.01321816363286422,0,1,172800,0.0,-1.1118796799315864,-306.0977371845547,-9.992606448909562,0.07546967620491275,-0.0012650463204590342,-0.00015711622290837113,0.08333333333333333,0.0,600.0,4.8126008129116045,4.08772715821412,0,0,0
S5_p000_t028_s1033628820,2026-10-08T20:20:45Z,S5,0,1,0,0,6dae4f79edffce15362b0175becc428ef333b57b399bc4eb361ea81f2f1748b4,12000,16,1,180000,0.8846042471115305,1,0.012835117032545744,0.01321816363286422,0,1,172800,0.0,-1.0995369973532838,-306.09772451571615,-10.042076412332504,0.08098657532809869,0.0018563786078567815,0.00023055851033859653,0.08333333333333333,0.0,600.0,6.533384526791186,3.963671351452345,0,0,0
S5_p000_t029_s815515411,2026-10-08T20:21:00Z,S5,0,1,0,0,99c7aa10f3b653b6e20950bf7e3792474e39895366a6db295cebdc9013b4027c,12000,16,1,180000,0.8833614161943616,1,0.011228388722186216,0.010522630375740043,0,1,172800,0.0,-1.1239453287880958,-306.09769159316846,-9.96564151239648,0.08606815266558021,-0.00017015907131822118,-2.1133416339580435e-05,0.08333333333333333,0.0,600.0,10.165832691293017,4.510903706803121,0,0,0
S5_p000_t030_s1593614182,2026-10-08T20:21:15Z,S5,0,1,0,0,40f2994e1d5dafc24ce12c6476aad89ed65b6508c77b7c79080b14a779fd2f46,12000,16,1,180000,0.832801544962607,1,0.011750358214077447,0.011381903972451344,0,1,172800,0.0,-1.6457709642651306,-306.0976483776297,-6.180631025829167,22.999062235101675,0.021147770143417625,0.0026265107562721823,3.25,0.0,600.0,15.569494864893311,15.20584932591575,0,0,0
S5_p000_t031_s1722507941,2026-10-08T20:21:30Z,S5,0,1,0,0,3aca1f45a1c8b851e244af9844b072ee3c5fa41d33eeb16395767c6e549a0b75,12000,16,1,180000,0.8835738823109772,1,0.012385971487314108,0.011381903972451344,0,1,172800,0.0,-1.1137879910898438,-294.6810429949255,-9.9996015770844,0.07797731759629511,-0.0034360543675436154,-0.00042675108034018194,0.08333333333333333,0.0,600.0,7.261961519312969,3.7308556013372485,0,0,0
S5_p000_t032_s1695726775,2026-10-08T20:21:45Z,S5,0,1,0,0,02d57a5108679293e767d23503204382534a4fe1702ba3fc027e2702c784f830,12000,16,1,180000,0.8830741848360036,1,0.011336143428023535,0.011266541992162515,0,1,172800,0.0,-1.1262749002216534,-294.68103170083,-9.963347264489983,0.09187193538685251,0.004743058616998984,0.0005890783941140398,0.08333333333333333,0.0,600.0,5.550892913331201,3.6943573416929496,0,0,0
S5_p000_t033_s51254525,2026-10-08T20:22:00Z,S5,0,1,0,0,1ca9daeb4fd2bf71b2c4ea6043450848c6d63424a7958b977f6b24c8798e8fb8,12000,16,1,180000,0.8836971540153392,1,0.01155939587491935,0.011266541992162515,0,1,172800,0.0,-1.1165222971760076,-294.6810523597529,-9.980932326358715,0.1248198636761607,-0.0025770083771333046,-0.00032005928642320214,0.08333333333333333,0.0,600.0,6.726259961876506,4.220084763947292,0,0,0
S5_p000_t034_s1745018624,2026-10-08T20:22:15Z,S5,0,1,0,0,f366862bc8afbf8dd377c755e7dca624bc2b892a917c06133177075cebc6c382,12000,16,1,180000,0.8829159390957811,1,0.011458905130315635,0.01173937934108169,0,1,172800,0.0,-1.1217579332627627,-294.6810152380567,-9.986936898223844,0.10189104970254269,-0.0009242884095487635,-0.00011479477188913734,0.08333333333333333,0.0,600.0,10.495642289386923,4.209823031006547,0,0,0
S5_p000_t035_s977203227,2026-10-08T20:22:30Z,S5,0,1,0,0,3c99fc3ac54a14f74e844f63a655a8ebf26675d2b508e44694999ff7846c81ff,12000,16,1,180000,0.8838171122773247,1,0.011712102901484193,0.011906754434669618,0,1,172800,0.0,-1.1140756265870098,-294.6810444526418,-10.008220476503844,0.11974072303657196,0.003581641747674241,0.0004448327417776454,0.08333333333333333,0.0,600.0,4.544317849622237,4.202151222758151,0,0,0
S5_p000_t036_s2083372684,2026-10-08T20:22:45Z,S5,0,1,0,0,39f8c727690997ed53561834a1dd11c962b6c60f552885224872046f1b747a40,12000,16,1,180000,0.8832562905019709,1,0.01108900971938165,0.011941561547457529,0,1,172800,0.0,-1.1272719603335681,-294.6810509029013,-9.947539381073021,0.11882990640453313,0.006328980058660824,0.0007860466653255571,0.08333333333333333,0.0,600.0,6.0972617353336105,3.8201384850772504,0,0,0
S5_p000_t037_s1544718727,2026-10-08T20:23:00Z,S5,0,1,0,0,a9833918bed71d790972f14f85e6bf7ee268a72770689198902276ef2d1d1c2a,12000,16,1,180000,0.8828793804071874,1,0.011902588224097302,0.011941561547457529,0,1,172800,0.0,-1.129086640007049,-294.68102715152054,-9.943763851516675,0.08662165384033095,-0.006344339156112295,-0.0007879542345108348,0.08333333333333333,0.0,600.0,7.066791240498969,3.7508572159302807,0,0,0
S5_p000_t038_s894361021,2026-10-08T20:23:15Z,S5,0,1,0,0,e6a2a2350bdc32d362275a0d4cd3d826707d6964af467185e4a2fd0d59a6ef5a,12000,16,1,180000,0.8833546947117363,1,0.011495968660283722,0.01152536370534649,0,1,172800,0.0,-1.1231205882836168,-294.68102284072484,-9.979291318705307,0.08766522587189288,0.003102635076658864,0.0003853410712508776,0.08333333333333333,0.0,600.0,7.0327699160124935,3.9511102286184387,0,0,0
S5_p000_t039_s819664372,2026-10-08T20:23:30Z,S5,0,1,0,0,8ec0b2b818d50bb66d8e69ed9218bb707f345650df95b855f061ac5598d1e7a4,12000,16,1,180000,0.883778881809808,1,0.01146521169673781,0.011299748597758093,0,1,172800,0.0,-1.1109465263404747,-294.6810656873683,-10.015586928496461,0.08426591146992289,0.002611528339416801,0.0003243465966988879,0.08333333333333333,0.0,600.0,13.4078987991033,4.078527658550609,0,0,0
S5_p000_t040_s857399851,2026-10-08T20:24:00Z,S5,0,1,0,0,c186e56665ceea01eca358106e3fa1b7029e21eae7aa84d4f24000aefead2cd8,12000,16,1,180000,0.8849264470320254,1,0.012587055144262265,0.011434955377139051,0,1,172800,0.0,-1.0956844114065214,-304.68106170861756,-10.072118143413899,0.08545964454316103,0.0009200010176340322,0.00011426228638811153,0.08333333333333333,0.0,600.0,9.68325148078677,4.6430874549151095,0,0,0
S5_p000_t041_s1795049623,2026-10-08T20:24:15Z,S5,0,1,0,0,6a8b33f020be4fc25583ec9a4302f702ccd422e1abacdc6d2396cdc3d70a149b,12000,16,1,180000,0.8837100740775121,1,0.01209702712715471,0.011434955377139051,0,1,172800,0.0,-1.1185445608317997,-304.6810549452063,-9.964434748379736,0.09323810477501,0.0010947309739054373,0.0001359633974971075,0.08333333333333333,0.0,600.0,9.444554413730225,4.281728190363754,0,0,0
S5_p000_t042_s190457367,2026-10-08T20:24:30Z,S5,0,1,0,0,082e2d557b1d562045b130d0e0ebb49c907109ab0a9eef4ff7380f8cdd9efec8,12000,16,1,180000,0.8839902723697872,1,0.011147876618441266,0.01107464873018137,0,1,172800,0.0,-1.1125486676070497,-304.6810293631097,-10.028993556453159,0.11421651064465335,-0.0010297326723484135,-0.00012789073844032828,0.08333333333333333,0.0,600.0,4.6668332880509995,3.8653670057735976,0,0,0
S5_p000_t043_s1463994837,2026-10-08T20:24:45Z,S5,0,1,0,0,87f10026a085f09e0cc39952aaad06a9495f61853e48e12e66b4a558955bb01d,12000,16,1,180000,0.8843582004978634,1,0.011554184425481643,0.011512522855102006,0,1,172800,0.0,-1.1074158640656993,-304.681052439643,-10.021199398954275,0.09002249138224183,-0.003522707973162737,-0.0004375132848508656,0.08333333333333333,0.0,600.0,10.69789294964544,4.137121232119662,0,0,0
S5_p000_t044_s1305633241,2026-10-08T20:25:00Z,S5,0,1,0,0,f0daee3fb1264142ddb168ea1063a9a5a9eef4bc6a9f8358107c00058f6eca6c,12000,16,1,180000,0.8840966422519093,1,0.012590562556831011,0.011678784634285913,0,1,172800,0.0,-1.1128430418384792,-304.6810411702912,-10.014132925684603,0.07573867663173234,-0.0029561569448955096,-0.0003671487802421325,0.08333333333333333,0.0,600.0,5.51269622341795,3.86602512944123,0,0,0
S5_p000_t045_s641567673,2026-10-08T20:25:15Z,S5,0,1,0,0,035a4cbd2f864a71a85929b4d4dd68d1c2fd97770830268cd8e26b7071800fb6,12000,16,1,180000,0.8839276613642681,1,0.011907125078221522,0.011678784634285915,0,1,172800,0.0,-1.1108555968302831,-304.6810701625527,-10.00285657652558,0.0969133711780782,-0.0024458450500091065,-0.00030376906352103106,0.08333333333333333,0.0,600.0,4.629424242886538,4.30523970950796,0,0,0
S5_p000_t046_s342352341,2026-10-08T20:25:30Z,S5,0,1,0,0,7511340811c68de99d4ad18204c258ce3d0ea9bfb5bc745393df0d09d06181b5,12000,16,1,180000,0.8830739078502327,1,0.012165285452090715,0.011684347577656472,0,1,172800,0.0,-1.1312639576898784,-304.6810389272923,-9.926620532829412,0.12525612743725564,0.00041381788143978767,5.139535323905875e-05,0.08333333333333333,0.0,600.0,7.617246895499217,3.861201596030306,0,0,0
S5_p000_t047_s1976295519,2026-10-08T20:25:45Z,S5,0,1,0,0,49bd9541b08375485042ec915ca296ca9a9904a7cc01f0500d394c7fd9b844fd,12000,16,1,180000,0.8838669743896395,1,0.011283677546146167,0.012438424080307056,0,1,172800,0.0,-1.1148379557435417,-304.68105297714885,-10.006620672984587,0.10122204687483782,0.007153468834983682,0.0008884465223673033,0.08333333333333333,0.0,600.0,8.26964030181443,3.985451978884711,0,0,0
S5_p000_t048_s26274461,2026-10-08T20:26:00Z,S5,0,1,0,0,d801949177435683a72e57f9b330bffb8990a644d5031fecd46196a449e6f249,12000,16,1,180000,0.8834905731316427,1,0.013425550342129935,0.012438424080307056,0,1,172800,0.0,-1.1298239773791163,-304.68103370978014,-9.938290097106064,0.09580325326984798,0.0031636955395958504,0.00039292465862672543,0.08333333333333333,0.0,600.0,10.613207858888002,4.021967462880783,0,0,0
S5_p000_t049_s1345419483,2026-10-08T20:26:15Z,S5,0,1,0,0,22e6a7e660f3c3bf46b56b6ebee79ef07726f78de287b069acc8dc44f6dcd8df,12000,16,1,180000,0.8844149633645213,1,0.01205011811243642,0.013085355031554318,0,1,172800,0.0,-1.1066018178600256,-304.6810758553214,-10.033477089898302,0.08832127165009307,-0.0018289602439477927,-0.00022715320437782793,0.08333333333333333,0.0,600.0,5.937345792010087,3.93543037572093,0,0,0
S5_p000_t050_s99021969,2026-10-08T20:26:30Z,S5,0,1,0,0,846f3d42916ea8530a814e54918c642b8d3645392e56e4dfe7b3da3c49f053db,12000,16,1,180000,0.8840689529168566,1,0.012778284502097215,0.013085355031554316,0,1,172800,0.0,-1.114379653867465,-304.6810504708022,-10.009386244149091,0.15251534973667433,-2.9855215526258293e-05,-3.7079580579302274e-06,0.08333333333333333,0.0,600.0,4.663696381011027,3.8442010057669744,0,0,0
S5_p000_t051_s1479934108,2026-10-08T20:26:45Z,S5,0,1,0,0,c9d3f7a36b5669733cf36c7aff1e4ac793eee6583205aa731a64f5966a0c6b21,12000,16,1,180000,0.883728194430866,1,0.012059885073145777,0.011074855641030328,0,1,172800,0.0,-1.1205309373634917,-304.6810449227578,-9.978462437485287,0.08638806510295813,-0.004894017693346699,-0.0006078272094782733,0.08333333333333333,0.0,600.0,8.609551338927158,4.01174961933785,0,0,0
S5_p000_t052_s394618325,2026-10-08T20:27:00Z,S5,0,1,0,0,06a2ba067b9d6256fd949bac168833647b4ecb891cefa9479c5eb8975a142b05,12000,16,1,180000,0.8834732674063956,1,0.013516401719201545,0.01454022921144404,0,1,172800,0.0,-1.1282044845104664,-304.68102589780517,-9.948950110955131,0.10363252813738254,0.008561136469611978,0.0010632760272528685,0.08333333333333333,0.0,600.0,8.055286115019205,4.367976835631867,0,0,0
S5_p000_t053_s628411764,2026-10-08T20:27:15Z,S5,0,1,0,0,56716977476a3858c0a949f0f3c2ac23b52e9f869eb1d8694d9110b978eff87c,12000,16,1,180000,0.8843153360419859,1,0.013205923292832326,0.014540229211444043,0,1,172800,0.0,-1.1135944476794313,-304.6810521709267,-10.01806964274266,0.07183383162817294,-0.0013851266390861217,-0.00017202995832121815,0.08333333333333333,0.0,600.0,5.429621132899326,3.9884574410321108,0,0,0
S5_p000_t054_s100976213,2026-10-08T20:27:30Z,S5,0,1,0,0,c9b5bc777f57fd43880f61db23afeea9a1aecc3d1e3df385a97f65a319dc833f,12000,16,1,180000,0.8839288373200468,1,0.011346830378821355,0.012025786238237553,0,1,172800,0.0,-1.1173564008628807,-304.68104876711857,-9.971812642149084,0.1099586373191177,0.0027973389901357684,0.00034742390789688216,0.08333333333333333,0.0,600.0,11.000480981788735,4.739037979529254,0,0,0
S5_p000_t055_s419571874,2026-10-08T20:27:45Z,S5,0,1,0,0,9975e1e18fa1e819a598fa3a5eef581581700491e7a5d3c6934e41d904317ac6,12000,16,1,180000,0.8829223728250192,1,0.011988406644740974,0.010819566177967187,0,1,172800,0.0,-1.1276801445061722,-304.68100256296566,-9.949738611435325,0.07461328104387431,0.0034485505280203816,0.00042830307847907534,0.08333333333333333,0.0,600.0,8.216804869617867,4.050967070599127,0,0,0
S5_p000_t056_s1428634269,2026-10-08T20:28:00Z,S5,0,1,0,0,ef12c03500419b62ad9a3448f52685cfc5e7b9be0ef06cd0941a3135809d746b,12000,16,1,180000,0.8840287054618208,1,0.011746698537856435,0.011368428910441425,0,1,172800,0.0,-1.1121869447939867,-304.68103910079,-10.013793100779754,0.1315102780131561,-0.004427612402494575,-0.0005499006051650213,0.08333333333333333,0.0,600.0,8.633514115457741,4.357419732189439,0,0,0
S5_p000_t057_s329242616,2026-10-08T20:28:15Z,S5,0,1,0,0,2152879c79c34afb85816e5538e44acfdba45c85b816b33d84aa3567cf702572,12000,16,1,180000,0.7904609019722608,1,0.011144724722271565,0.01152206920284912,0,1,172800,0.0,-2.0900613249609097,-294.73567253985067,-4.246718267508883,53.59342075294236,0.02526088047094631,0.00313735083273059,9.0,0.0,600.0,21.061125331524092,16.137277852080153,0,0,0
S5_p000_t058_s2110013045,2026-10-08T20:28:30Z,S5,0,1,0,0,90362b2fbd3886ad774c0c3348003c3141c9e496d93b5587c8e20ef0d0e39c3b,12000,16,1,180000,0.883054199974292,1,0.011435217416246526,0.01152206920284912,0,1,172800,0.0,-1.1272324246136298,-294.73563628839594,-9.956624970637847,0.08787054651200582,0.0015132704720669879,0.00018794516608977574,0.08333333333333333,0.0,600.0,5.035151637657579,4.093817153825455,0,0,0
S5_p000_t059_s156085977,2026-10-08T20:28:45Z,S5,0,1,0,0,739ccb6026e1097544f3f13913db666271b506e2f38c7988f6300bd93a079e33,12000,16,1,180000,0.8835263722944927,1,0.011844167048584766,0.011479244942781833,0,1,172800,0.0,-1.1109117832487303,-294.73561840672426,-10.012115920492784,0.09010674079284967,-0.002046855345431301,-0.00025421534019187675,0.08333333333333333,0.0,600.0,6.756860973340185,4.017514036907094,0,0,0
S5_p001_t000_s1885087324,2026-10-08T20:29:15Z,S5,1,1,0,0,c938d4e4382cfabce239efec41475666ff94cbf10b80066c8215acf5942c998c,12000,16,1,180000,0.8842949248498622,1,0.011427961823175733,0.011612135066804708,0,1,172800,0.0,-1.1196436744533975,-326.7356319450555,-9.99694595064311,0.08632991383068772,-0.0023103723072232935,-0.0002869436198125186,0.08333333333333333,0.0,600.0,13.544011444608476,3.6110127937471996,0,0,0
S5_p001_t001_s1655700015,2026-10-08T20:29:30Z,S5,1,1,0,0,20ba2830058820422dd66a48b949889892d1e5afd7ce5d2511b9020b2e986a23,12000,16,1,180000,0.88533822672756,1,0.012904649897796135,0.011758077236549454,0,1,172800,0.0,-1.106049584447952,-326.7356055358317,-10.039145394661407,0.08515034408069103,-0.000977874638904601,-0.00012145007440267364,0.08333333333333333,0.0,600.0,8.272182662728778,4.352709397694377,0,0,0
S5_p001_t002_s1021903553,2026-10-08T20:29:45Z,S5,1,1,0,0,3c74aaa03b066ca0c6381b84fa9d0c8a31ad5189a74a70796701dd9023e12e9e,12000,16,1,180000,0.883966933924501,1,0.012017667160554992,0.011758077236549456,0,1,172800,0.0,-1.127942269739515,-326.7356511713036,-9.953692105931859,0.1023026776222763,0.004354184062371903,0.0005407809521784657,0.08333333333333333,0.0,600.0,7.559017466426274,3.984023301818973,0,0,0
S5_p001_t003_s1644975509,2026-10-08T20:30:00Z,S5,1,1,0,0,066b05e2e1a50ec6b6e8853c79f67bd07271df2e57e60e456f6988571f542a9c,12000,16,1,180000,0.8853686771431365,1,0.011915768564941026,0.011663593173974689,0,1,172800,0.0,-1.0995274081314501,-326.7356026602089,-10.050286478137005,0.10288018648356725,-0.0024849658846916706,-0.0003086277929469361,0.08333333333333333,0.0,600.0,10.964397896893054,3.6962204456717167,0,0,0
S5_p001_t004_s1168327485,2026-10-08T20:30:15Z,S5,1,1,0,0,4b714e96787f3ef0c4e1d2b217a39dfb206d5d3961124e346d5432d2fffdf5a2,12000,16,1,180000,0.8848838227057798,1,0.011592962521285149,0.01066601118346451,0,1,172800,0.0,-1.1017832862983126,-326.7356002735105,-10.042557103607848,0.11562516191955877,-0.0055952949747166796,-0.0006949244452698622,0.08333333333333333,0.0,600.0,5.592078347302787,4.301836773923171,0,0,0
S5_p001_t005_s821699653,2026-10-08T20:30:30Z,S5,1,1,0,0,77176f5446df24315c2ecf8825161899764db7609914bc65ff603a5157c20abd,12000,16,1,180000,0.8844299554523218,1,0.011253987611346305,0.012058580066831297,0,1,172800,0.0,-1.120249257183559,-326.7356215459198,-9.988470289574622,0.09300205434711632,0.002250450960806597,0.00027950150843025767,0.08333333333333333,0.0,600.0,8.664250887897646,4.288321524759197,0,0,0
S5_p001_t006_s1390326187,2026-10-08T20:30:45Z,S5,1,1,0,0,d8d0a8f27fc8e1d73fed6cb09ebaa170493df90d8b0055bee961792622613004,12000,16,1,180000,0.8854566759231283,1,0.01162027465686724,0.012058580066831297,0,1,172800,0.0,-1.1030289714579182,-326.73562043175724,-10.05546739334732,0.07380215455626624,0.0021427427190722063,0.00026612436022332986,0.08333333333333333,0.0,600.0,9.715214874966835,4.5361134545811,0,0,0
S5_p001_t007_s62755090,2026-10-08T20:31:00Z,S5,1,1,0,0,ce24df35e50ba4d6fd2e3fd2e77544f21c9e3e7c64250f1027c4945fa0c0b938,12000,16,1,180000,0.884391237761277,1,0.013564494184885284,0.011815804920647007,0,1,172800,0.0,-1.1215286988070252,-326.73562561860916,-9.98544096041475,0.08972374990306071,-0.004623315201284964,-0.0005742065013691899,0.08333333333333333,0.0,600.0,7.13452485548355,4.295024183537234,0,0,0
S5_p001_t008_s1060521833,2026-10-08T20:31:15Z,S5,1,1,0,0,67b12af251b95de3b97c3f4a718f37482e4cf7192931ebff8a8fc9d27b144644,12000,16,1,180000,0.8851469844295426,1,0.012393890542367145,0.01181528906755367,0,1,172800,0.0,-1.1075507532998994,-326.73560912499426,-10.025552657721242,0.09379071725721945,0.0033934199671704014,0.0004214559730826295,0.08333333333333333,0.0,600.0,5.956480471758724,3.9410324586064154,0,0,0
S5_p001_t009_s589950212,2026-10-08T20:31:30Z,S5,1,1,0,0,f8c3f74479be4c75dc1f9b8c87f18df0e77869a558bf9e7d2918ac00e74e3562,12000,16,1,180000,0.45636539181625885,1,0.011212055002862069,0.012572497355329351,0,1,172800,1.0,-6.865732005040719,-315.6810201924915,4.961462529738572,56.710645119445346,1068.0961311082306,132.65540329138003,4.083333333333333,0.0,600.0,7.681498767948233,4.975416140878862,0,0,0
S5_p001_t010_s1305069655,2026-10-08T20:31:45Z,S5,1,1,0,0,f41ecf13def3795c46c9b88219e325c0acafed67273a0c4338ab4a40d5ae8568,12000,16,1,180000,0.8840449249295436,1,0.012780068838202506,0.01257249735532935,0,1,172800,0.0,-1.1196054301594853,-315.6810431257284,-9.960724808648672,0.07344590487669328,3.46970383345087e-05,4.309302767069312e-06,0.08333333333333333,0.0,600.0,5.3736154367473965,4.870841537700427,0,0,0
S5_p001_t011_s28593644,2026-10-08T20:32:00Z,S5,1,1,0,0,a82bdd3d07af05864db25bdc044f10c2fca1218ba1e47a9db3a50954fcdb94d5,12000,16,1,180000,0.8840160589564885,1,0.011619377061645252,0.011370134432934819,0,1,172800,0.0,-1.1144888450319546,-315.68104620205423,-10.00948153915737,0.0782031677610186,-7.073852114904082e-05,-8.785582849668572e-06,0.08333333333333333,0.0,600.0,7.650293031743822,4.085546223183949,0,0,0
S5_p001_t012_s1865301797,2026-10-08T20:32:15Z,S5,1,1,0,0,b46fcd9181f07b787ed8a968c73127de1b7f028b7b72dfbd8931c8badd555c91,12000,16,1,180000,0.8840075111176098,1,0.012325184856476183,0.011697493707701075,0,1,172800,0.0,-1.1164391141892613,-315.68103070769513,-9.982985553529712,0.06309686762808261,-0.002315637941615609,-0.00028759760107277543,0.08333333333333333,0.0,600.0,9.267268921608286,3.980401078578964,0,0,0
S5_p001_t013_s2060094721,2026-10-08T20:32:30Z,S5,1,1,0,0,0eacbfe2b6e1764b44adbcc8ecb00f353e5159d750bcfb4ff59fe049087f0982,12000,16,1,180000,0.8838686031011094,1,0.012332776599815859,0.011697493707701073,0,1,172800,0.0,-1.1214180023786406,-315.68105342125216,-9.964259988119688,0.08969175572324088,-0.0030533195648797177,-0.00037921618331893114,0.08333333333333333,0.0,600.0,5.5079319692704996,4.038050757996613,0,0,0
S5_p001_t014_s1948411728,2026-10-08T20:32:45Z,S5,1,1,0,0,7abe10647e34db979e4091d49c5c19f58a588c62ae949808d62e38d809200865,12000,16,1,180000,0.8846811756576707,1,0.011767685729349563,0.010943740424339411,0,1,172800,0.0,-1.1152731376775478,-315.6810359206199,-10.013886827709172,0.09360784976602962,0.0043152636749084925,0.0005359471178962849,0.08333333333333333,0.0,600.0,8.878787239576788,4.340450367830785,0,0,0
S5_p001_t015_s391197292,2026-10-08T20:33:00Z,S5,1,1,0,0,0bc5e38a5c3ebe75d0f7e98d84e9fafb82b62a64a8d378142ad5c43e648a4b9e,12000,16,1,180000,0.8839957556341355,1,0.01155055377246927,0.010943740424339411,0,1,172800,0.0,-1.1209950666975041,-315.68105516912937,-9.947244526725509,0.10562062937002528,0.0003120354665753991,3.8754180877731415e-05,0.08333333333333333,0.0,600.0,7.101458841569433,3.98313022274688,0,0,0
S5_p001_t016_s1222798800,2026-10-08T20:33:15Z,S5,1,1,0,0,8d8b682a106b23a94c925a7747677568f32ef5cf7c6320c6b23b6ada4bf353c3,12000,16,1,180000,0.8847918826217025,1,0.011309166852459501,0.01155165604757784,0,1,172800,0.0,-1.0998234747754878,-315.6810618978513,-10.044676633778586,0.12310923087775262,-0.0023541805971050204,-0.00029238452179924934,0.08333333333333333,0.0,600.0,12.315220356972453,3.8164036185768815,0,0,0
S5_p001_t017_s1741812164,2026-10-08T20:33:30Z,S5,1,1,0,0,e1eca49d08a49a8c472ba7250e62bc604a0c397ab3ba9f64585fcbb677198d97,12000,16,1,180000,0.8842431788142395,1,0.012128059546769347,0.011551656047577838,0,1,172800,0.0,-1.1155145611614845,-315.68103518560264,-9.99704188154208,0.11651772866784654,0.0005587659907369004,6.939761851754156e-05,0.08333333333333333,0.0,600.0,7.691329454668248,3.783993819965124,0,0,0
S5_p001_t018_s761716013,2026-10-08T20:33:45Z,S5,1,1,0,0,54710864a568862cb3dcbd0eb9c1c2095447a95af9874601ba17fe5261feb38a,12000,16,1,180000,0.8843706498984678,1,0.011703763329334189,0.011175487216593947,0,1,172800,0.0,-1.1164417131646096,-315.68105607809656,-10.004000880465814,0.08490206960987781,-0.0020583148812785166,-0.0002556385916250292,0.08333333333333333,0.0,600.0,4.901289979071112,4.420509537166516,0,0,0
S5_p001_t019_s1418527271,2026-10-08T20:34:00Z,S5,1,1,0,0,5c692084aa38aaf7499f6f662f9aa0775785c49dfd3c5b06bcec43b4ed69ecfa,12000,16,1,180000,0.8852092328448778,1,0.011408485304335077,0.011217996666343173,0,1,172800,0.0,-1.0986584313545955,-315.68104581766545,-10.065439911821716,0.08079792791397897,-0.002758446909503141,-0.0003425935892664711,0.08333333333333333,0.0,600.0,6.437014497795084,4.557899466537291,0,0,0
S5_p001_t020_s783127692,2026-10-08T20:34:30Z,S5,1,1,0,0,8a4494544d0c6f7d73716bc1907657c49c0d6bdeebc8a199aa8dcd157cf78fc0,12000,16,1,180000,0.9551730813722626,1,0.011234933048813582,0.01130698512478443,0,1,172800,0.0,-1.050582763514984,-312.999998084632,-10.768787490814443,0.09251804966967793,-0.0003004613889370293,-3.731670358320116e-05,0.08333333333333333,0.0,600.0,10.893018968412257,5.080975541810836,0,0,0
S5_p001_t021_s1964437265,2026-10-08T20:34:45Z,S5,1,1,0,0,d1208241cf230e546ceade0cb6e55856b40d6207e9b9f2f7e5d8426a9f4ac0e5,12000,16,1,180000,0.8736804767448366,1,0.01318056621375755,0.01130698512478443,0,1,172800,0.0,-1.8280462777036812,-312.99998226083517,-5.292123622942089,37.97407878053004,0.00844941845600214,0.0010494008733985538,4.333333333333333,0.0,600.0,18.40357638637676,17.704336268218203,0,0,0
S5_p001_t022_s957459067,2026-10-08T20:35:00Z,S5,1,1,0,0,1d541b59328831ea6cf488d8bedf04a7b3481088cbd47dc6387b744fb8cfb747,12000,16,1,180000,0.8838082152480724,1,0.012277020542207697,0.011415151531325126,0,1,172800,0.0,-1.1209024613648881,-304.76435322960367,-9.98707991887569,0.09872200945889441,0.003086106153931473,0.0003832882121059811,0.08333333333333333,0.0,600.0,5.161679540907248,3.9520866349338393,0,0,0
S5_p001_t023_s8860321,2026-10-08T20:35:15Z,S5,1,1,0,0,e907b4b1c53c4a23b8e4b62742610794f1fe0543f3b6aa92be95acd83266c73d,12000,16,1,180000,0.8835421929214259,1,0.01209356198338978,0.011415151531325125,0,1,172800,0.0,-1.1227642288161994,-304.76436313918566,-9.978592551810962,0.12170050821430398,0.00828756598774583,0.0010292991205460567,0.08333333333333333,0.0,600.0,6.670921090431865,4.168069117639303,0,0,0
S5_p001_t024_s1947352502,2026-10-08T20:35:30Z,S5,1,1,0,0,340356ec52d79f6fd85920d5abd041b8a90a85c629fa3622d76020bc10855e1b,12000,16,1,180000,0.8833040557436617,1,0.011723050470061124,0.011692016999606968,0,1,172800,0.0,-1.1218333661384048,-304.76435825385613,-9.963155460043899,0.14365522721066948,-0.0017505582753908763,-0.00021741583668699604,0.08333333333333333,0.0,600.0,4.546008362782307,4.077458903789724,0,0,0
S5_p001_t025_s530962326,2026-10-08T20:35:45Z,S5,1,1,0,0,4d373751afdbbe44aab6738906ea28d92ba0dc0064fbc36d6196290106825b59,12000,16,1,180000,0.8834588092296617,1,0.01303810089023094,0.011754246126400688,0,1,172800,0.0,-1.1199852628242941,-304.76434851842777,-9.983856535664279,0.08022495713232194,-0.002906676026172803,-0.00036100334909860976,0.08333333333333333,0.0,600.0,8.725678510582378,3.831542279534575,0,0,0
S5_p001_t026_s1487894653,2026-10-08T20:36:00Z,S5,1,1,0,0,9fb8d9335e03f18b469d1c45a15d66e94e57e9db23e991d2f421f520dae03342,12000,16,1,180000,0.8842484805717825,1,0.012372439128794514,0.011754246126400688,0,1,172800,0.0,-1.1107319800263995,-304.76438849286325,-10.024151181709986,0.07714632480008131,0.005855204930083109,0.000727204741906462,0.08333333333333333,0.0,600.0,5.41605292063871,3.76422565006504,0,0,0
S5_p001_t027_s336917293,2026-10-08T20:36:15Z,S5,1,1,0,0,4c39e967e1f3ddf3cef671d387541bc777da63dc69f5b3bf8c26936d686f4831,12000,16,1,180000,0.8845399436145518,1,0.011827628776019318,0.011497097383666202,0,1,172800,0.0,-1.1036136505194287,-304.76439098823784,-10.052480633285452,0.11595076651033834,-0.005709634806464381,-0.0007091252236932633,0.08333333333333333,0.0,600.0,7.5824520537208295,4.251256104797971,0,0,0
S5_p001_t028_s362942692,2026-10-08T20:36:30Z,S5,1,1,0,0,24722f7a36e1ebf7cf7cfdbe117790cff6616f4812b7ad3bacd4bb57aa072932,12000,16,1,180000,0.8840264634626169,1,0.01255336726987979,0.013794725883134002,0,1,172800,0.0,-1.125214265331618,-304.7643838926451,-9.964494878740082,0.1067647827132956,-0.004985105175342998,-0.0006191400925672497,0.08333333333333333,0.0,600.0,7.51854695846007,3.7899792390848046,0,0,0
S5_p001_t029_s125804357,2026-10-08T20:36:45Z,S5,1,1,0,0,328bc2cc7e9fb1c7ad87e4a2113408571727932b6181f16507253a779e8fb2a7,12000,16,1,180000,0.8836334077957475,1,0.012293070119012189,0.013794725883134002,0,1,172800,0.0,-1.121687524752599,-304.7643605464782,-9.972690905070937,0.1090354083072989,0.0011066675261689678,0.00013744589341513347,0.08333333333333333,0.0,600.0,5.979103286860594,4.37473406256514,0,0,0
S5_p001_t030_s1238284527,2026-10-08T20:37:00Z,S5,1,1,0,0,8ccb8d7c67270bde8d03b4bb62d02de682f94a69de93a214a574e494b77d1c9a,12000,16,1,180000,0.8843328072145159,1,0.011806859277501051,0.012303348513055432,0,1,172800,0.0,-1.1047605789311357,-304.7644034147318,-10.049744360192594,0.08403488157012307,0.0011134480574916349,0.00013828802184434608,0.08333333333333333,0.0,600.0,7.227844548263324,5.059805397102046,0,0,0
S5_p001_t031_s185959128,2026-10-08T20:37:15Z,S5,1,1,0,0,1b5c7b162056ab410ddbbdd081291009742e6c95da41aa08061a9710d0be6528,12000,16,1,180000,0.8845269567395658,1,0.011622924717652581,0.01166365529434014,0,1,172800,0.0,-1.1068194799346325,-304.76438903447826,-10.025358926125378,0.10642749435790548,-0.0011711437642343777,-0.00014545371323038125,0.08333333333333333,0.0,600.0,9.93489021214535,4.487501773286821,0,0,0
S5_p001_t032_s1290207230,2026-10-08T20:37:30Z,S5,1,1,0,0,acd499d8a1c56eef1a72e0693a98ea3a85fce32e05989c97ff8e87409e7ceed0,12000,16,1,180000,0.8842505857533723,1,0.01144440533141644,0.01182170195224339,0,1,172800,0.0,-1.1095889141705082,-304.7643856639218,-10.017840286210332,0.08171018151585142,-0.003940458354798129,-0.0004893970467492181,0.08333333333333333,0.0,600.0,8.66770626903091,4.510050988219461,0,0,0
S5_p001_t033_s1071658190,2026-10-08T20:37:45Z,S5,1,1,0,0,41246786d734f623cbee325e443fd45fba5c4f7436807e997cc2943f9e951279,12000,16,1,180000,0.8838925531847778,1,0.012010625646646466,0.011821701952243394,0,1,172800,0.0,-1.1265236280972184,-304.7643488736285,-9.966551272091706,0.07264355467939569,-0.006081407546334759,-0.0007552986544396845,0.08333333333333333,0.0,600.0,4.576062680737856,4.350242426441911,0,0,0
S5_p001_t034_s264284341,2026-10-08T20:38:00Z,S5,1,1,0,0,a542da10f07d141dcc16c5922c75c9717ec56406366ce9ab6cfc4dfa9fb4a17f,12000,16,1,180000,0.8843226617885366,1,0.012739447767195544,0.011609161800808964,0,1,172800,0.0,-1.1136128513708519,-304.76438355419,-10.003022852369108,0.0867126252506454,0.0023601285355972063,0.0002931232438641018,0.08333333333333333,0.0,600.0,9.164785477028666,4.290540048530374,0,0,0
S5_p001_t035_s1262033904,2026-10-08T20:38:15Z,S5,1,1,0,0,9d62d0e766c86cf81bbe4ce3535522dfb2005260d6ac7a494241d58bee096bb3,12000,16,1,180000,0.5764152196082322,1,0.011387692556617523,0.011250382661086605,0,1,172800,0.0,-4.828911502750509,-304.7644103253982,2.009823461712203,54.72333554352949,968.9798788050052,120.34536298782405,5.0,0.0,600.0,9.260355473561933,9.416732148061024,0,0,0
S5_p001_t036_s1103695776,2026-10-08T20:38:30Z,S5,1,1,0,0,8bc0a0f0beed912cbe48c9ae89edd2733bfa6266ffa24ac87f8aadcebb487ebb,12000,16,1,180000,0.8831053837812771,1,0.01272972713501221,0.012791163267020645,0,1,172800,0.0,-1.127995714908464,-294.7356360543824,-9.956849737113709,0.14411901170675262,-0.0004079536368472345,-5.066702578915283e-05,0.08333333333333333,0.0,600.0,8.082411105945015,4.213402657373862,0,0,0
S5_p001_t037_s1633845900,2026-10-08T20:38:45Z,S5,1,1,0,0,5e89b3f496ef0729c7ee154f7fcbec833aabf8b5b9e34bc8bd80687ac8bbed47,12000,16,1,180000,0.8833380847275029,1,0.012370902646065393,0.012791163267020641,0,1,172800,0.0,-1.1262574371339376,-294.73563068067295,-9.948033001199635,0.07097520540024033,0.004055406067590144,0.0005036733227825607,0.08333333333333333,0.0,600.0,9.296950439878575,3.779129798944014,0,0,0
S5_p001_t038_s1316886713,2026-10-08T20:39:00Z,S5,1,1,0,0,393d4d521d60fd02a76f7b95fcf8793fd524835982fddc8f2ac47cbfc5e6784e,12000,16,1,180000,0.8839537602281952,1,0.011646325913874536,0.01057359964982943,0,1,172800,0.0,-1.1054895858310987,-294.7356084028106,-10.020579979686953,0.07981630266777272,0.002161211412140547,0.00026841813496503164,0.08333333333333333,0.0,600.0,6.949170261192258,4.26885713234897,0,0,0
S5_p001_t039_s1570360091,2026-10-08T20:39:15Z,S5,1,1,0,0,36850721f79d66c9e5a56d6ead8d7ac4efc415d852db5bc994fbeaf2fbabfb43,12000,16,1,180000,0.884479478796686,1,0.01234513809769232,0.011196171779032286,0,1,172800,0.0,-1.1042971289764025,-294.73560217296773,-10.057008961103197,0.0652504440341021,-0.009852662158807963,-0.0012236809347996314,0.08333333333333333,0.0,600.0,6.18259149143353,4.23919714999332,0,0,0
S5_p001_t040_s255641872,2026-10-08T20:39:45Z,S5,1,1,0,0,a13790d92d7f2445e67d895704c735bdb231d5857dccc21fe8b78a2be68f96e5,12000,16,1,180000,0.9553011338936059,1,0.012362738318455666,0.011607060582618213,0,1,172800,0.0,-1.0457459622498007,-318.08333410851384,-10.76987969297273,0.07539090879744621,0.00027708160901724325,3.4412981676723575e-05,0.08333333333333333,0.0,600.0,14.031368511527608,5.279651696452748,0,0,0
S5_p001_t041_s1560381157,2026-10-08T20:40:00Z,S5,1,1,0,0,fc918a07aaaac7f291bc9ace38c66ad4c4754ad2d71a0ee704bfc2dd5a57f341,12000,16,1,180000,0.9554152038806342,1,0.013749534949903202,0.01253363199207295,0,1,172800,0.0,-1.0441009837996984,-318.08333377648887,-10.748510790451666,0.07033545524253287,-0.00040878874144668724,-5.0770744110195665e-05,0.08333333333333333,0.0,600.0,8.557947268821472,5.034587845536994,0,0,0
S5_p001_t042_s520177207,2026-10-08T20:40:15Z,S5,1,1,0,0,7c29d4bd6642a99ed284d925e0bd664ed875d51020a194a365461851ad0b60d9,12000,16,1,180000,0.9548766998877408,1,0.014437621267782301,0.012533631992072952,0,1,172800,0.0,-1.0600086157833468,-318.0833336423463,-10.720863766239788,0.10176682443573634,-0.00015778232605024922,-1.959624933078885e-05,0.08333333333333333,0.0,600.0,4.78482324542672,5.12729469794883,0,0,0
S5_p001_t043_s1065234686,2026-10-08T20:40:30Z,S5,1,1,0,0,fb509b9283abe47662d5998629c548317f8c637fca4606f60fe936668fab4507,12000,16,1,180000,0.9550155799927176,1,0.012179769738074565,0.011682577969342321,0,1,172800,0.0,-1.054528021756316,-318.08333292530796,-10.743767446071736,0.08185846248640605,-0.0003151660424199753,-3.9142992136476096e-05,0.08333333333333333,0.0,600.0,6.301834020624536,4.855616097737163,0,0,0
S5_p001_t044_s1775278461,2026-10-08T20:40:45Z,S5,1,1,0,0,92fb2de6b1efc8cf5e3daa3ffbf408c1dc26145a0682ed5c7d0eb61137b53d56,12000,16,1,180000,0.955203873570081,1,0.01205453939573943,0.011823933187721984,0,1,172800,0.0,-1.058078204697645,-318.0833325047303,-10.742411844808261,0.0953802386060342,-0.0002682539713370139,-3.331660673211445e-05,0.08333333333333333,0.0,600.0,6.3335623135494385,4.90443356819613,0,0,0
S5_p001_t045_s1025061940,2026-10-08T20:41:00Z,S5,1,1,0,0,638b7e465cfb3442f1113176e1e77f0c39cc56928178bba5ba044b57d35af79b,12000,16,1,180000,0.9549179594623792,1,0.011794414546783184,0.01213097723177856,0,1,172800,0.0,-1.0441172440307247,-318.083331390264,-10.739031623948783,0.060041194661404326,4.295387468525533e-05,5.334785328159342e-06,0.08333333333333333,0.0,600.0,12.500176673670396,5.573562722838369,0,0,0
S5_p001_t046_s1355283976,2026-10-08T20:41:15Z,S5,1,1,0,0,70614bea0bf9304e0315995eb71579f7574ff53e7e397640eff1a7da8a005ac8,12000,16,1,180000,0.9551075509339357,1,0.011745437896002625,0.01213097723177856,0,1,172800,0.0,-1.0536423223708131,-318.0833338129463,-10.717255384202325,0.06748484051956187,-0.0002085613350326036,-2.5902900688379304e-05,0.08333333333333333,0.0,600.0,8.790147303303836,5.247740881058717,0,0,0
S5_p001_t047_s8670849,2026-10-08T20:41:30Z,S5,1,1,0,0,e20f8ffd954d324d5aac7bd3e5bed4e634166c87cf22f956c6bdb2c3f00cec1e,12000,16,1,180000,0.7880667751814799,1,0.011513848166743003,0.01188729198616384,0,1,172800,0.0,-2.72193689349585,-318.0834147408041,-2.271387681762501,45.20569459573728,913.8122176812857,113.49364981158033,4.666666666666667,0.0,600.0,14.096328942282517,14.437918734268084,0,0,0
S5_p001_t048_s683044550,2026-10-08T20:41:45Z,S5,1,1,0,0,b7bc1b79d60fa46a345a40d4fff100dacff406c50ceb19fbb5fb6d5eedc477cb,12000,16,1,180000,0.6910755062631657,1,0.01186573390519576,0.011887291986163843,0,1,172800,0.0,-1.034412007971163,-308.6250006552509,-10.837021704647398,0.05944463370544395,-0.0003876924524395548,-4.8150627208087826e-05,0.08333333333333333,0.0,600.0,6.072274647308301,4.633030843097479,0,0,0
S5_p001_t049_s1419673414,2026-10-08T20:42:00Z,S5,1,1,0,0,df36f0f49c7998aa9e4d7412d193f8c1b06a91b227113f860d82d6041d1b2a5d,12000,16,1,180000,0.6900683395319873,1,0.01186931962788258,0.012476187310916514,0,1,172800,0.0,-1.0475263715155172,-308.62500592645057,-10.792834385167055,0.1273478528195546,-0.0008075186536865531,-0.00010029220175056253,0.08333333333333333,0.0,600.0,4.9620579780124014,4.846524328585756,0,0,0
S5_p001_t050_s1860529943,2026-10-08T20:42:15Z,S5,1,1,0,0,710eeeee18b309e4f35592105d5b4827b57ebaa3c10f5d5b416f1e07d08f54e6,12000,16,1,180000,0.6908997620233293,1,0.011986771383602175,0.012476187310916514,0,1,172800,0.0,-1.0389572602561943,-308.62500691491124,-10.818213877335838,0.10284005400949231,0.0021182017549475963,0.00026307642156098154,0.08333333333333333,0.0,600.0,4.9310141986924405,4.749033811676201,0,0,0
S5_p001_t051_s978485698,2026-10-08T20:42:30Z,S5,1,1,0,0,4ce7788b9892ab59e35111e5271f4176b214a43ba0f0a94ac1a7ba95dae2ea36,12000,16,1,180000,0.6922721832620315,1,0.011230435103522887,0.011215183543938707,0,1,172800,0.0,-1.0456180320087407,-308.62500505742656,-10.809266325842783,0.0764524484124004,-0.0013988386861415202,-0.00017373296714140452,0.08333333333333333,0.0,600.0,7.119418147772307,4.85738592656509,0,0,0
S5_p001_t052_s800179956,2026-10-08T20:42:45Z,S5,1,1,0,0,818771d247cb213db663dc76fa1b342a2a4bc575edbc0b6b605f94cb1133f1e8,12000,16,1,180000,0.6907020471766383,1,0.011337041166729624,0.0112288047081808,0,1,172800,0.0,-1.0520769941957415,-308.6249952153036,-10.74462875295396,0.11630058100190624,0.00037380438383673604,4.642575686375494e-05,0.08333333333333333,0.0,600.0,10.712643431641906,4.981993380339035,0,0,0
S5_p001_t053_s230175689,2026-10-08T20:43:00Z,S5,1,1,0,0,c1840edec5f9d621b9336d0a1ee1fcad47673604618d3941ea097debc2e4a73e,12000,16,1,180000,0.6912141024265473,1,0.011721882371216713,0.011278256551537354,0,1,172800,0.0,-1.0474961805742535,-308.62499905487374,-10.75639346330748,0.07359560389161192,0.002665737472831659,0.0003310792626507464,0.08333333333333333,0.0,600.0,10.92351187364765,4.984006210144135,0,0,0
S5_p001_t054_s1158910655,2026-10-08T20:43:15Z,S5,1,1,0,0,dc01d755ce763b9f637ce1371ec640d773d4d9a6b689610b68fdb3b28dc7e730,12000,16,1,180000,0.6897250440310628,1,0.011409509403906597,0.011760632094508684,0,1,172800,0.0,-1.0652923372050112,-308.62499796753525,-10.691210202277494,0.12266482162122297,-0.0006146075579563813,-7.633302948306664e-05,0.08333333333333333,0.0,600.0,6.425660391161168,4.8186304009687495,0,0,0
S5_p001_t055_s55591962,2026-10-08T20:43:30Z,S5,1,1,0,0,7410d3e424864e00bb8b6a52d01274383765d40c0644d6871464c2ec31c357b9,12000,16,1,180000,0.6915361868416638,1,0.011306219249804305,0.011988525367485186,0,1,172800,0.0,-1.0500011214442058,-308.62499989180833,-10.75946881313987,0.10792330257723368,-0.00031215691756196007,-3.876926484736032e-05,0.08333333333333333,0.0,600.0,8.451204682221231,5.084682743855009,0,0,0
S5_p001_t056_s1696699799,2026-10-08T20:43:45Z,S5,1,1,0,0,bfacc3b02cca9b5b7d1b2564faaa60e03b838fd7c7643fb073c9ca78e9098a4b,12000,16,1,180000,0.6909707161047081,1,0.011819230687963776,0.012946098866177964,0,1,172800,0.0,-1.0505859065457834,-308.62500661533767,-10.765537973604683,0.0933714367782379,0.0004810052811921438,5.9739893913501874e-05,0.08333333333333333,0.0,600.0,11.922403311403055,4.780640031301166,0,0,0
S5_p001_t057_s639385521,2026-10-08T20:44:00Z,S5,1,1,0,0,b4e22bb47c52e1679e1518c1f3c2056fa046cafa2616f71b12147cdd218d31f6,12000,16,1,180000,0.690715172040191,1,0.011816778608911772,0.012946098866177966,0,1,172800,0.0,-1.0539067012662675,-308.62499785457595,-10.743641180273897,0.09754526871519648,0.0007642007702198703,9.491220725976746e-05,0.08333333333333333,0.0,600.0,6.273483286092594,5.364405302561193,0,0,0
S5_p001_t058_s455409832,2026-10-08T20:44:15Z,S5,1,1,0,0,12aae5a3f189b29a064ffb1732e0392b5b4c2be9009f78324a8b47ef8509920f,12000,16,1,180000,0.6918342246347818,1,0.01283812025186593,0.011877803507190515,0,1,172800,0.0,-1.0574467037693427,-308.6249966562409,-10.746397499160679,0.15543690800505275,0.0003230753685767363,4.012531462649349e-05,0.08333333333333333,0.0,600.0,5.109673580272816,4.477420855485926,0,0,0
S5_p001_t059_s1555299053,2026-10-08T20:44:30Z,S5,1,1,0,0,f92c435ca6da5b2a11b26b48c6e6fca86b6c3de58836e46d44d3e2fae7705688,12000,16,1,180000,0.690338394577805,1,0.011297101234283388,0.01113855425576945,0,1,172800,0.0,-1.0472895042737678,-308.6249979044854,-10.792851145491086,0.0981844262923508,-0.00139023343887497,-0.00017266421264139353,0.08333333333333333,0.0,600.0,6.052098574583996,4.823955905146915,0,0,0
S5_p002_t000_s1138448492,2026-10-08T20:45:00Z,S5,2,1,0,0,67f98cf0508440a63f6825b437a42c84356c896ac2162c923176d40ad7abc0ed,12000,16,1,180000,0.8558356525054382,1,0.8558356525054382,0.9999999999995622,1,1,135601,nan,-1.2470919876978495,nan,-5.3274654295562325,7.017023463302739,nan,nan,3.5,0.0,600.0,3.9979118183878097,110.90655398192085,0,1,0
S5_p002_t001_s1850764392,2026-10-08T20:45:15Z,S5,2,1,0,0,bd10563f63715a7435a576ef792a46a45b629dbac60bdc6e7c51e4fde84f2e74,12000,16,1,180000,0.9803997414059554,-1,0.9803997414059554,0.9999999999995622,1,-1,171598,nan,-0.12657945912714968,nan,-42.19707884391767,6.222090720727519e-07,nan,nan,0.0,0.0,600.0,0.9511583718875476,71.42138372202584,0,1,0
S5_p002_t002_s321598820,2026-10-08T20:45:30Z,S5,2,1,0,0,6de441a82d0a80ac4747240e05d136f83d232aec9c2951143e3891bd69ad2f03,12000,16,1,180000,0.9803997415824413,-1,0.9803997415824413,0.9999999999995622,1,-1,171598,nan,-0.12657947508514036,nan,-42.19707944648637,6.574533264884785e-07,nan,nan,0.0,0.0,600.0,0.9511553036098714,71.42138208873644,0,1,0
S5_p002_t003_s121880670,2026-10-08T20:45:45Z,S5,2,1,0,0,a0967148670e73c3e5397972580d7381bd3f16b50ccaa6b9a5c274e8cc9b2d15,12000,16,1,180000,0.9803997415571266,-1,0.9803997415571266,0.9999999999995622,1,-1,171598,nan,-0.12657947685618182,nan,-42.197080608144326,6.044057535609062e-07,nan,nan,0.0,0.0,600.0,0.9511482504989794,71.42138391131796,0,1,0
S5_p002_t004_s476275882,2026-10-08T20:46:00Z,S5,2,1,0,0,c5eec13b82a7c8f3cd789a29c04b993bcd1fc1578afd8acd82f8b9eeb6da09da,12000,16,1,180000,0.9803997422406939,-1,0.9803997422406939,0.9999999999995622,1,-1,171598,nan,-0.12657947532817218,nan,-42.1970791461953,6.572864245352458e-07,nan,nan,0.0,0.0,600.0,0.9514366136109508,71.42138506644913,0,1,0
S5_p002_t005_s1101140010,2026-10-08T20:46:15Z,S5,2,1,0,0,00fd195ccea6422881f400ee72eb2dc0008665e7da86b7c3c258e1662a2d94f3,12000,16,1,180000,0.9803997413439144,-1,0.9803997413439144,0.9999999999995622,1,-1,171598,nan,-0.1265794548096372,nan,-42.19707993734305,6.262835979579657e-07,nan,nan,0.0,0.0,600.0,0.9511389153946652,71.42138155973998,0,1,0
S5_p002_t006_s993856876,2026-10-08T20:46:30Z,S5,2,1,0,0,5c8c4a77238c8da257aaa4e8dc68975d4918f6f13bd0df7d54ea1b5c05b37e23,12000,16,1,180000,0.9803997409501161,-1,0.9803997409501161,0.9999999999995622,1,-1,171598,nan,-0.12657946088527322,nan,-42.197078729543094,6.71676076697244e-07,nan,nan,0.0,0.0,600.0,0.9511554836362014,71.42138422595829,0,1,0
S5_p002_t007_s494561765,2026-10-08T20:46:45Z,S5,2,1,0,0,964ce602ecea68241c98d440350b5a0ce42418a2733468e6b6a86adf9aab9bae,12000,16,1,180000,0.980399741165667,-1,0.980399741165667,0.9999999999995622,1,-1,171598,nan,-0.12657947234084443,nan,-42.19708032375451,6.495887869947414e-07,nan,nan,0.0,0.0,600.0,0.9511414138811016,71.42138196749713,0,1,0
S5_p002_t008_s569656867,2026-10-08T20:47:00Z,S5,2,1,0,0,280cfb338b9535957834cf4c773b5f044804e9789b7feb318aeabf45f2c92ad5,12000,16,1,180000,0.9803997417377407,-1,0.9803997417377407,0.9999999999995622,1,-1,171598,nan,-0.12657947108291775,nan,-42.19707966137666,6.615090586107984e-07,nan,nan,0.0,0.0,600.0,0.9514433521030983,71.42138365447022,0,1,0
S5_p002_t009_s1938674575,2026-10-08T20:47:15Z,S5,2,1,0,0,e9455c3257cc920027bc832ea9a55da2d48c048c2b37406eb3b58ff8e77e8945,12000,16,1,180000,0.9803997422174613,-1,0.9803997422174613,0.9999999999995622,1,-1,171598,nan,-0.12657946924907235,nan,-42.19707932151921,7.188629898724163e-07,nan,nan,0.0,0.0,600.0,0.9511187066549447,71.42138209112646,0,1,0
S5_p002_t010_s1527196527,2026-10-08T20:47:30Z,S5,2,1,0,0,b3c62e2f480887fdd257e842ade30abd83894335230b96697626258070d9d04f,12000,16,1,180000,0.9803997412043156,-1,0.9803997412043156,0.9999999999995622,1,-1,171598,nan,-0.12657945690618097,nan,-42.19707987720538,4.92268285755795e-07,nan,nan,0.0,0.0,600.0,0.9511535759943369,71.42138200314594,0,1,0
S5_p002_t011_s1240012615,2026-10-08T20:47:45Z,S5,2,1,0,0,f9263abd6d08ad3721897b97fa9595c2bfa20b04e40964b5709d4bfc69aaae21,12000,16,1,180000,0.9803997413576542,-1,0.9803997413576542,0.9999999999995622,1,-1,171598,nan,-0.1265794726377985,nan,-42.19707935240214,6.608634442157781e-07,nan,nan,0.0,0.0,600.0,0.9511504790649209,71.42138254833117,0,1,0
S5_p002_t012_s1128565587,2026-10-08T20:48:00Z,S5,2,1,0,0,76c5386fcfb38934d7c66fa07a55c366cd260dfa8239bd79fa0738fbf146da82,12000,16,1,180000,0.9803997416363642,-1,0.9803997416363642,0.9999999999995622,1,-1,171598,nan,-0.12657948559313642,nan,-42.197080993386464,5.137003530790482e-07,nan,nan,0.0,0.0,600.0,0.9514297977897322,71.42138303736166,0,1,0
S5_p002_t013_s1398407335,2026-10-08T20:48:15Z,S5,2,1,0,0,7e524f61500e0d77e86a4ee514cc7fc7e01a70d7c4122a6170124d6a2292869a,12000,16,1,180000,0.9803997424026272,-1,0.9803997424026272,0.9999999999995622,1,-1,171598,nan,-0.12657947963364347,nan,-42.197079179871565,6.5311400492536e-07,nan,nan,0.0,0.0,600.0,0.951145295665441,71.42138327886553,0,1,0
S5_p002_t014_s1843803682,2026-10-08T20:48:30Z,S5,2,1,0,0,5b2996e99dbaa667de05eef1dc79b42449b5222d0b60ea7644e37385ca53e3ea,12000,16,1,180000,0.9467830636739867,-1,0.9467830636739867,0.9999999999995622,1,-1,130801,nan,-0.1746399368649707,nan,-20.358200845341933,0.6007433941980875,nan,nan,4.166666666666667,0.0,600.0,72.96360443084922,92.28009893337261,0,1,0
S5_p002_t015_s1476197660,2026-10-08T20:48:45Z,S5,2,1,0,0,6d1ca3bd60eec22fb3c1a672a53c3a3acf2e046f2ecc22af61c9c0da4ebfa5a7,12000,16,1,180000,0.9803996828189272,-1,0.9803996828189272,0.9999999999995622,1,-1,171599,nan,-0.1265803619942849,nan,-42.19027502501327,5.538712564653358e-07,nan,nan,0.0,0.0,600.0,0.9516750163420645,70.53622144796495,0,1,0
S5_p002_t016_s1921035023,2026-10-08T20:49:00Z,S5,2,1,0,0,8cdd22e3cb1a135ab0f76923bf6b7942ccba2e08f5f626313024f9f884b90db1,12000,16,1,180000,0.9803996828686528,-1,0.9803996828686528,0.9999999999995622,1,-1,171599,nan,-0.126580382445199,nan,-42.190274906089655,5.246752548281211e-07,nan,nan,0.0,0.0,600.0,0.9516831439920305,70.53622240037546,0,1,0
S5_p002_t017_s1351552590,2026-10-08T20:49:15Z,S5,2,1,0,0,696721c17d2cb6170ac350820e63b2707e9b437157e0dde1e93dcfd226211d0c,12000,16,1,180000,0.9803996833212089,-1,0.9803996833212089,0.9999999999995622,1,-1,171599,nan,-0.12658038260261745,nan,-42.19027477110096,3.9563595532156563e-07,nan,nan,0.0,0.0,600.0,0.951652857318266,70.53622197172746,0,1,0
S5_p002_t018_s1167112926,2026-10-08T20:49:30Z,S5,2,1,0,0,efa541db54c6f4bff7fad45484a485dbe61e8e7d26b372e6e5f72c3067c9cc7e,12000,16,1,180000,0.9803996829739903,-1,0.9803996829739903,0.9999999999995622,1,-1,171599,nan,-0.1265803733620423,nan,-42.19027400930415,5.63444267687285e-07,nan,nan,0.0,0.0,600.0,0.9516616994957128,70.53622103904942,0,1,0
S5_p002_t019_s1353429191,2026-10-08T20:49:45Z,S5,2,1,0,0,b34dea6bb4d9aede7d6a8714daed06b2e08743a28ad9da53e066450f1bc99e4e,12000,16,1,180000,0.9803996831467755,-1,0.9803996831467755,0.9999999999995622,1,-1,171599,nan,-0.12658037193051588,nan,-42.19027430384049,3.4504353720441297e-07,nan,nan,0.0,0.0,600.0,0.951670252819377,70.53622063499733,0,1,0
S5_p002_t020_s1002632261,2026-10-08T20:50:15Z,S5,2,1,0,0,f87707e62a70810e17c0095c5757521dbfe1ef32d2f1232b164392ec8d65d157,12000,16,1,180000,0.9803996829696404,-1,0.9803996829696404,0.9999999999995622,1,-1,171599,nan,-0.12658037755513715,nan,-42.190274854730426,3.8613176217693323e-07,nan,nan,0.0,0.0,600.0,0.9516865486886235,70.53622235487316,0,1,0
S5_p002_t021_s1152143633,2026-10-08T20:50:30Z,S5,2,1,0,0,99095af29bc9f5893264127281fbb6f41c14a8407d98f47a533265d59471f5dc,12000,16,1,180000,0.9803996832950514,-1,0.9803996832950514,0.9999999999995622,1,-1,171599,nan,-0.1265803791900942,nan,-42.19027404811095,5.709555469109627e-07,nan,nan,0.0,0.0,600.0,0.9516566829128524,70.53622251654548,0,1,0
S5_p002_t022_s1274144205,2026-10-08T20:50:45Z,S5,2,1,0,0,1bfb1eebbe233e72b5a18d809f81d03efe7763ed8c065ac90419fd5bb16b0cb2,12000,16,1,180000,0.9803996836569753,-1,0.9803996836569753,0.9999999999995622,1,-1,171599,nan,-0.12658038125295096,nan,-42.19027382940681,3.5429768993540477e-07,nan,nan,0.0,0.0,600.0,0.951665399399638,70.53622210327293,0,1,0
S5_p002_t023_s236274386,2026-10-08T20:51:00Z,S5,2,1,0,0,18afc94a98c7b2c9914be3a19e1e69b000860a86b1338793a02bc7a10b7494e1,12000,16,1,180000,0.980399682726837,-1,0.980399682726837,0.9999999999995622,1,-1,171599,nan,-0.12658037166350142,nan,-42.190274776042784,5.635306309209319e-07,nan,nan,0.0,0.0,600.0,0.9516738334380613,70.53622110591331,0,1,0
S5_p002_t024_s1250788590,2026-10-08T20:51:15Z,S5,2,1,0,0,8f86cdea3c3f7a61fe18eb1e814f49a2969477896c748cd044670f37687e469c,12000,16,1,180000,0.9803996828805424,-1,0.9803996828805424,0.9999999999995622,1,-1,171599,nan,-0.1265803782683969,nan,-42.190275379783905,4.3638776286303243e-07,nan,nan,0.0,0.0,600.0,0.9516819988210314,70.53622249288674,0,1,0
S5_p002_t025_s1053143358,2026-10-08T20:51:30Z,S5,2,1,0,0,8db031d087f8918d380931855da9a3e21ac182e3504c6e337bc2a0790ec25455,12000,16,1,180000,0.980399683776245,-1,0.980399683776245,0.9999999999995622,1,-1,171599,nan,-0.1265803811792604,nan,-42.19027492844226,5.729834522220435e-07,nan,nan,0.0,0.0,600.0,0.9516515694735624,70.53622196978387,0,1,0
S5_p002_t026_s1195050127,2026-10-08T20:51:45Z,S5,2,1,0,0,058beae58829edfc88435c3bb0f59bfde671233acdd15f69d90a10fca91fd347,12000,16,1,180000,0.9803996830896629,-1,0.9803996830896629,0.9999999999995622,1,-1,171599,nan,-0.1265803790195455,nan,-42.19027352022812,5.212206483199307e-07,nan,nan,0.0,0.0,600.0,0.9516604539173454,70.5362212099085,0,1,0
S5_p002_t027_s1857563192,2026-10-08T20:52:00Z,S5,2,1,0,0,014d01f4ca502377501c75acf5cb878aa350e3fe98fa63584b110ea0bd4532e4,12000,16,1,180000,0.9803996832569247,-1,0.9803996832569247,0.9999999999995622,1,-1,171599,nan,-0.12658037805245242,nan,-42.190273634350646,5.699461121291291e-07,nan,nan,0.0,0.0,600.0,0.9516690475200537,70.53622103187963,0,1,0
S5_p002_t028_s926067461,2026-10-08T20:52:15Z,S5,2,1,0,0,796b312b5631118acc5a652db9f233f0d28aa56603414c83288d0d46dd225d98,12000,16,1,180000,0.9803996830565148,-1,0.9803996830565148,0.9999999999995622,1,-1,171599,nan,-0.12658036995497998,nan,-42.19027478467872,5.121709736793906e-07,nan,nan,0.0,0.0,600.0,0.9516773655464638,70.53622229324633,0,1,0
S5_p002_t029_s2039212308,2026-10-08T20:52:30Z,S5,2,1,0,0,134c589f43ca9f6b4c22b708247ba068880b0c2942eab49394060eb3e95ac0c6,12000,16,1,180000,0.9803996832781636,-1,0.9803996832781636,0.9999999999995622,1,-1,171599,nan,-0.12658038400110438,nan,-42.190275191549496,5.757559108629449e-07,nan,nan,0.0,0.0,600.0,0.9516854192207482,70.53622345458078,0,1,0
S5_p003_t000_s1714205886,2026-10-08T20:52:45Z,S5,3,1,0,0,fa98b11e37035e09015ca6ae37619b43f251ee64d418c5ffdb6e962c2f4ebfac,12000,16,1,180000,0.9777971172766072,1,0.9777971172766072,1.0000000000009506,1,1,171583,nan,0.023175810002112593,nan,-27.535172598945575,0.001444428820235174,nan,nan,0.0,0.0,600.0,110.60326568286135,73.24387702534851,0,1,0
S5_p003_t001_s1934708211,2026-10-08T20:53:00Z,S5,3,1,0,0,c89894a91aedb38219d17511c1cbf88da3b28dc9a65995681a256c0d0e298900,12000,16,1,180000,0.9777971143073205,1,0.9777971143073205,1.0000000000009506,1,1,171583,nan,0.02317576018905452,nan,-27.5351625485375,0.001449374266160929,nan,nan,0.0,0.0,600.0,110.60279689274931,73.22598145445579,0,1,0
S5_p003_t002_s1951162110,2026-10-08T20:53:15Z,S5,3,1,0,0,b08601e0f83ae0e97dd3647cc929b6bd9c5c8b7bef3a5dcaa3e81aa7861b2083,12000,16,1,180000,0.977797113338218,1,0.977797113338218,1.0000000000009506,1,1,171583,nan,0.02317579184381441,nan,-27.535174756605674,0.0014437807805530976,nan,nan,0.0,0.0,600.0,110.60022559788705,73.2209710724875,0,1,0
S5_p003_t003_s1445156187,2026-10-08T20:53:30Z,S5,3,1,0,0,a4d54519123425e289e6421aaad33bec0069619f1d8e89e42f8b07a523e8262b,12000,16,1,180000,0.9777971156875968,1,0.9777971156875968,1.0000000000009506,1,1,171583,nan,0.023175850001985625,nan,-27.535162423320102,0.0014440605519589554,nan,nan,0.0,0.0,600.0,110.60348807475953,73.19222623849832,0,1,0
S5_p003_t004_s332708724,2026-10-08T20:53:45Z,S5,3,1,0,0,461ea2345f4862bec35d7f4ae7ef2debeec4c8b3a6304f962644aadd637a1b5d,12000,16,1,180000,0.9777971177984027,1,0.9777971177984027,1.0000000000009506,1,1,171583,nan,0.023175645698473184,nan,-27.535176803680827,0.0014479403244004102,nan,nan,0.0,0.0,600.0,110.59955716099788,73.2454972983538,0,1,0
S5_p003_t005_s1838982444,2026-10-08T20:54:00Z,S5,3,1,0,0,dd1bd6ef4dcf17980929d28c55248cf02ce849f36cfb4c5d7aab0fbaa8d3879b,12000,16,1,180000,0.9777971177643164,1,0.9777971177643164,1.0000000000009506,1,1,171583,nan,0.023175848091805642,nan,-27.535170321719757,0.0014472073349339556,nan,nan,0.0,0.0,600.0,110.60431975441,73.16362326969167,0,1,0
S5_p003_t006_s1432963864,2026-10-08T20:54:15Z,S5,3,1,0,0,50ef4b0fe3cdb5636c78599b666692ccfe5241295d4615ed29cc615ea9906b94,12000,16,1,180000,0.977797116737828,1,0.977797116737828,1.0000000000009506,1,1,171583,nan,0.02317578163041135,nan,-27.53517523675788,0.0014446832713359867,nan,nan,0.0,0.0,600.0,110.60014052633817,73.24545624842375,0,1,0
S5_p003_t007_s1060432322,2026-10-08T20:54:30Z,S5,3,1,0,0,476ea28c9bc0d474a4f381c87f418dbdb7a8e7727dc0e5ae80e2306dac0cf276,12000,16,1,180000,0.9777971150554569,1,0.9777971150554569,1.0000000000009506,1,1,171583,nan,0.023175813623180965,nan,-27.535169227892386,0.001445960631310812,nan,nan,0.0,0.0,600.0,110.60323359238569,73.19218644795157,0,1,0
S5_p003_t008_s328444916,2026-10-08T20:54:45Z,S5,3,1,0,0,f8ae28d6930bc5d54c520e6d58d83c94b71dcb0c2ddbcb1005eac323a3c65f71,12000,16,1,180000,0.9777971173918433,1,0.9777971173918433,1.0000000000009506,1,1,171583,nan,0.023175709345818828,nan,-27.535172823833566,0.0014506261398390128,nan,nan,0.0,0.0,600.0,110.59923815487393,73.22421331167492,0,1,0
S5_p003_t009_s2116983884,2026-10-08T20:55:00Z,S5,3,1,0,0,52eab77291b94c988c90cf502ca6376be71cbfff7ee32fe819836ae377b03321,12000,16,1,180000,0.9757358127489363,1,0.9757358127489363,1.0000000000009506,1,1,156793,nan,0.023170813705416845,nan,-27.510852589991227,0.0014382523333171865,nan,nan,0.0,0.0,600.0,110.61949205445251,73.23974374508362,0,1,0
S5_p003_t010_s1100042289,2026-10-08T20:55:30Z,S5,3,1,0,0,06dccf53f6ada6e5a7356491a8fbcd41e028411c12417a959b9148499d69841d,12000,16,1,180000,0.9778069556171763,1,0.9778069556171763,1.0000000000009506,1,1,171599,nan,0.02248604524577595,nan,-27.575395467527578,0.02024358994433227,nan,nan,0.0,0.0,600.0,116.83302998275155,72.7264846896744,0,1,0
S5_p003_t011_s635744766,2026-10-08T20:55:45Z,S5,3,1,0,0,b3837bc64ea60be03becde936ff6c98bd101eb710fd0cbe2f6e9967a7f325412,12000,16,1,180000,0.9778069533939688,1,0.9778069533939688,1.0000000000009506,1,1,171599,nan,0.022485982887714903,nan,-27.575393185512283,0.020244138108420937,nan,nan,0.0,0.0,600.0,116.8367313106673,72.77045796510944,0,1,0
S5_p003_t012_s961338442,2026-10-08T20:56:00Z,S5,3,1,0,0,6e8ee36801962d78477c9304245681511e22d6ec7f34949d0e4556453632df41,12000,16,1,180000,0.9778069575041918,1,0.9778069575041918,1.0000000000009506,1,1,171599,nan,0.02248613251294826,nan,-27.57539547088614,0.020241707852375352,nan,nan,0.0,0.0,600.0,116.8330420691517,72.7264767599919,0,1,0
S5_p003_t013_s1294474057,2026-10-08T20:56:15Z,S5,3,1,0,0,06b99b1219e41540f42bbbb49f24c460bf83f4ce081aa3cd61819e9f4638c08e,12000,16,1,180000,0.9778069559884197,1,0.9778069559884197,1.0000000000009506,1,1,171599,nan,0.022485941592754036,nan,-27.57539661740698,0.02024327081330402,nan,nan,0.0,0.0,600.0,116.833060576935,72.75080026827,0,1,0
S5_p003_t014_s1681705495,2026-10-08T20:56:30Z,S5,3,1,0,0,d4634d365bfa921c3362800f09f81e69606f32c4b6b961c19a4cb89481966627,12000,16,1,180000,0.9778069557347447,1,0.9778069557347447,1.0000000000009506,1,1,171599,nan,0.02248599555655126,nan,-27.575393587871385,0.020242845904116076,nan,nan,0.0,0.0,600.0,116.83304673542025,72.74288451007003,0,1,0
S5_p003_t015_s710608608,2026-10-08T20:56:45Z,S5,3,1,0,0,0c7505f7f59eb3412b4216d5cc494c0746eee3a9b122d6dcd6d3e29ef60ab25c,12000,16,1,180000,0.9778069519767543,1,0.9778069519767543,1.0000000000009506,1,1,171599,nan,0.02248595394496424,nan,-27.575382666143568,0.020248622628555656,nan,nan,0.0,0.0,600.0,116.83672029917314,72.80046136560597,0,1,0
S5_p003_t016_s384136078,2026-10-08T20:57:00Z,S5,3,1,0,0,147753a87dd2f93df5a1e61e1684494458ea56ead2f0863a8f618f013762c44a,12000,16,1,180000,0.9778069531969052,1,0.9778069531969052,1.0000000000009506,1,1,171599,nan,0.022486069237948172,nan,-27.57539715791959,0.020240190360045075,nan,nan,0.0,0.0,600.0,116.83305145290397,72.71604933940255,0,1,0
S5_p003_t017_s414741158,2026-10-08T20:57:15Z,S5,3,1,0,0,b5ec1114a0c4ce3bd1585ee452a6e8b60a3e640934152dc87caf0669197f17d9,12000,16,1,180000,0.9778069561337516,1,0.9778069561337516,1.0000000000009506,1,1,171599,nan,0.02248603093916679,nan,-27.575395748441778,0.020244056374456712,nan,nan,0.0,0.0,600.0,116.83305975176935,72.79024398054774,0,1,0
S5_p003_t018_s1550145401,2026-10-08T20:57:30Z,S5,3,1,0,0,68ad69e7a5878adef9cc78f38654ec274435f11017a6313d877df32f7a9f47ed,12000,16,1,180000,0.9778069517656958,1,0.9778069517656958,1.0000000000009506,1,1,171599,nan,0.022485895121351036,nan,-27.57539776540432,0.020245412368695363,nan,nan,0.0,0.0,600.0,116.83308160958913,72.71607633799624,0,1,0
S5_p003_t019_s247667753,2026-10-08T20:57:45Z,S5,3,1,0,0,3ddcb887017ea287c585528a538895a1cfa97b6700ce3f1f9017bcc8174f63ed,12000,16,1,180000,0.9778069561366962,1,0.9778069561366962,1.0000000000009506,1,1,171599,nan,0.02248604158631599,nan,-27.575395443939538,0.02024296623398331,nan,nan,0.0,0.0,600.0,116.8330545300994,72.7448935508833,0,1,0
S5_p003_t020_s1583609065,2026-10-08T20:58:00Z,S5,3,1,0,0,a71809e719a1148d481be0224342e5c2b45414f556fc8921b6e1afda44706d4f,12000,16,1,180000,0.9778069557075574,1,0.9778069557075574,1.0000000000009506,1,1,171599,nan,0.022485967530047793,nan,-27.575397090624747,0.020240939965529732,nan,nan,0.0,0.0,600.0,116.83305324382798,72.72226387007063,0,1,0
S5_p003_t021_s796570551,2026-10-08T20:58:15Z,S5,3,1,0,0,dafbd41857ce9d52ff1d521ddaefd681b9d60092103765bf4e951ad3c9ce61be,12000,16,1,180000,0.9778069550757438,1,0.9778069550757438,1.0000000000009506,1,1,171599,nan,0.022486021378207377,nan,-27.575392677882956,0.020242571296452922,nan,nan,0.0,0.0,600.0,116.83304035550012,72.74287276247166,0,1,0
S5_p003_t022_s1559731172,2026-10-08T20:58:30Z,S5,3,1,0,0,b59527e9b90b8c8a351ce6e9c5f955fa73dbb6537e88f59841eed953cfffdac0,12000,16,1,180000,0.9754649516335766,1,0.9754649516335766,1.0000000000009506,1,1,140699,nan,0.02232481242101403,nan,-27.527467177942725,0.020083909144501588,nan,nan,0.0,0.0,600.0,116.8401446824087,72.7356777602237,0,1,0
S5_p003_t023_s844389843,2026-10-08T20:58:45Z,S5,3,1,0,0,4b930b5f535c483a566b21c52e00ba822b355fe37c4897836d59e15bda253228,12000,16,1,180000,0.9778424716440842,1,0.9778424716440842,1.0000000000009506,1,1,171594,nan,0.02313692232863343,nan,-27.754168073860875,0.0025778770133227814,nan,nan,0.0,0.0,600.0,41.08305899157158,73.47593088912328,0,1,0
S5_p003_t024_s1173993624,2026-10-08T20:59:00Z,S5,3,1,0,0,3eb8f1938d0570623891c3eebf361603339e1b3af6aee033beffc65c7926dd17,12000,16,1,180000,0.9778424691696971,1,0.9778424691696971,1.0000000000009506,1,1,171594,nan,0.023136781996640658,nan,-27.754172196606362,0.0025802061443911534,nan,nan,0.0,0.0,600.0,41.08467305388033,73.53290749526326,0,1,0
S5_p003_t025_s412349045,2026-10-08T20:59:15Z,S5,3,1,0,0,14d5c9a1da3f000b573d46c72c348a0f267426b9fb885d22c7fe6f3bbb0b7712,12000,16,1,180000,0.9778424694647904,1,0.9778424694647904,1.0000000000009506,1,1,171594,nan,0.02313677165644301,nan,-27.754163030866504,0.002582058033091077,nan,nan,0.0,0.0,600.0,41.084012256482794,73.4850294276275,0,1,0
S5_p003_t026_s1487682954,2026-10-08T20:59:30Z,S5,3,1,0,0,b41d0fbbcdd08ab648848d2013e2afb1631a746352fa50128b1afb46c2ee8919,12000,16,1,180000,0.9778424706854567,1,0.9778424706854567,1.0000000000009506,1,1,171594,nan,0.02313687432386917,nan,-27.754162041839166,0.0025813652633859784,nan,nan,0.0,0.0,600.0,41.087005349411314,73.53289181065753,0,1,0
S5_p003_t027_s1191930151,2026-10-08T20:59:45Z,S5,3,1,0,0,5b061d131d3b0cba730478f4d04bad6004b18bd65361aab7430340b7a10311a0,12000,16,1,180000,0.9778424681768986,1,0.9778424681768986,1.0000000000009506,1,1,171594,nan,0.023136857425519224,nan,-27.7541638942561,0.0025778121423911723,nan,nan,0.0,0.0,600.0,41.08728310073715,73.49370570756793,0,1,0
S5_p003_t028_s66415985,2026-10-08T21:00:00Z,S5,3,1,0,0,b5290084d604499c9b5424395f760223f92ba78f1709f43eb5f651b8c91cef5f,12000,16,1,180000,0.9778424711800036,1,0.9778424711800036,1.0000000000009506,1,1,171594,nan,0.023136877666004273,nan,-27.754166853122495,0.002581193174357344,nan,nan,0.0,0.0,600.0,41.08802112649285,73.5246421448319,0,1,0
S5_p003_t029_s1759722470,2026-10-08T21:00:15Z,S5,3,1,0,0,0263ac21261ad26b73f147de418af630b26b8b7ac6a051aa80ca4c6ef0f73862,12000,16,1,180000,0.9778424741647392,1,0.9778424741647392,1.0000000000009506,1,1,171594,nan,0.023136814761044913,nan,-27.754166151098616,0.0025828529849162792,nan,nan,0.0,0.0,600.0,41.087338246782934,73.49371574620193,0,1,0
S7_p000_t000_s1928618341,2026-10-08T21:00:45Z,S7,0,2,0,0,8efff9cdb34f9f03db9f4b97bbdf19e76b04fdb646d3d2706aff078cfc2b12c8,12000,16,1,180000,0.9578234464489507,1,0.514932224722214,0.5173745417804761,0,1,172800,0.0,-0.06983732121323415,-308.01718976155706,-24.612625879277317,0.047418795194443725,0.06264470639980844,0.007780347245443409,0.08333333333333333,0.0,600.0,45.87127090830193,14.143614480592674,0,1,0
S7_p000_t001_s1519748887,2026-10-08T21:01:00Z,S7,0,2,0,0,456e1a08b4a712f2f18e8ad3091b471c6fbc5b3787a61903a9340db3f00a9028,12000,16,1,180000,0.9577703084205128,1,0.5156443357842868,0.519610581061896,0,1,172800,0.0,-0.07289726200502027,-308.01718403754785,-24.502852466705725,0.03877634780689271,0.06733525388681634,0.008362903862234816,0.08333333333333333,0.0,600.0,49.44619562786979,14.108016830773408,0,1,0
S7_p000_t002_s1888808097,2026-10-08T21:01:15Z,S7,0,2,0,0,1e9f2e454ad520ae5f54492d807fdb4ebf7a5b308b5f07ac701e301ad81cb6d2,12000,16,1,180000,0.9578300569906727,1,0.5149276416256169,0.519610581061896,0,1,172800,0.0,-0.0707680486347813,-308.0172003230085,-24.537029023086184,0.04666969117465532,0.05936624028571659,0.007373168311005429,0.08333333333333333,0.0,600.0,43.44508339179009,14.34273440631842,0,1,0
S7_p000_t003_s1567484507,2026-10-08T21:01:30Z,S7,0,2,0,0,d20c6b0ea6d19d7c2c282daedcc7209464d7271385333e83699de461eeb87951,12000,16,1,180000,0.9579806940519093,1,0.5140065814894528,0.5195043430058967,0,1,172800,0.0,-0.07035945343343297,-308.01718644119865,-24.626379632402646,0.03853573198327131,0.060718270388585946,0.0075410877457215975,0.08333333333333333,0.0,600.0,22.55479343574932,14.142247659104385,0,1,0
S7_p000_t004_s1587104087,2026-10-08T21:01:45Z,S7,0,2,0,0,44da832dfe4aa454808add4ac7e15720f0fb622d6256e73400df2a0a3eefad0a,12000,16,1,180000,0.9576949641252506,1,0.5139950595246929,0.5194035063955749,0,1,172800,0.0,-0.07014945266142789,-308.01717144966096,-24.538849460979122,0.04003922528471378,0.059089764291293236,0.007338830545450037,0.08333333333333333,0.0,600.0,38.08958050857504,14.090629787521527,0,1,0
S7_p001_t000_s1163046826,2026-10-08T21:02:00Z,S7,1,2,0,0,35b07d884406b185eceff1ce116835de728376f9f40b0e7701ef043484209a7e,12000,16,1,180000,0.5499259645568997,1,0.19872334655298193,0.2551217701044732,0,1,172800,0.0,-3.676237894533934,-297.6194932418651,1.18316698490685,30.363784051764355,1004.023625301959,124.69772621525271,4.583333333333333,0.0,600.0,11.675023125819441,22.82757496114208,0,0,0
S7_p001_t001_s641673168,2026-10-08T21:02:15Z,S7,1,2,0,0,1d9216899898e8e3502a8705a6296edc9a2515350e08fb3f382b0c4e95b2b2c6,12000,16,1,180000,0.8061371681330992,1,0.24772794601375703,0.2551217701044732,0,1,172800,0.0,-0.03792457157224791,-297.6250030681191,-28.00597761240998,0.018910384900121938,-8.430664677155547e-06,-1.0470716915733647e-06,0.08333333333333333,0.0,600.0,82.86005404836378,5.622797264303464,0,0,0
S7_p001_t002_s1425528308,2026-10-08T21:02:30Z,S7,1,2,0,0,147413ce4754a8fa20e04a5805c14fe7cfa259b408b7f4dc2e813918a86efce1,12000,16,1,180000,0.8074901089598285,1,0.2489928957467772,0.25459545097861797,0,1,172800,0.0,-0.04031028813208929,-297.6249987786414,-27.99361077688918,0.02707269468312908,-0.00018831765977830753,-2.338867670914624e-05,0.08333333333333333,0.0,600.0,53.07050571166257,6.3717435075891915,0,0,0
S7_p001_t003_s961284984,2026-10-08T21:02:45Z,S7,1,2,0,0,09d6488737d3bc7c297eb49ec16dc4f07b5fd6a65957e1d8b623d825df1df794,12000,16,1,180000,0.8068149316695269,1,0.24938047181389214,0.2545954509786179,0,1,172800,0.0,-0.03791373845598116,-297.6250012843666,-27.9019476766365,0.020801109816243005,0.00035478422566622727,4.4063491259294096e-05,0.08333333333333333,0.0,600.0,106.13696319906332,5.89246512096763,0,0,0
S7_p001_t004_s990723452,2026-10-08T21:03:00Z,S7,1,2,0,0,9981ce393047f2125a51db38e98dee1f72285a6d99c2cd30ae20b147f6e6519d,12000,16,1,180000,0.8070030419379229,1,0.2493710280355574,0.2538033491403863,0,1,172800,0.0,-0.039215263886745746,-297.6250001437638,-27.96151968598039,0.026096234084417542,0.00023422620958925524,2.9090426778566325e-05,0.08333333333333333,0.0,600.0,80.47720262721771,6.190165090272961,0,0,0
S7_p002_t000_s98455044,2026-10-08T21:03:15Z,S7,2,3,0,0,f2022da8fa195e45ad3d2a2bf825ca57aa82cc17457ce5351d169972b84219d1,12000,16,1,180000,0.8632927444962618,1,0.5986817069185899,0.6209508036808066,0,1,172800,0.0,-0.06881834744719027,-297.62499800375616,-30.8732108264177,0.06517603380117046,4.771682575092176e-05,5.926334324612981e-06,0.08333333333333333,0.0,600.0,66.92887017435172,5.695260978608799,0,1,0
S7_p002_t001_s1384128433,2026-10-08T21:03:30Z,S7,2,3,0,0,8e0269950c88486ac76979c281aff9b88f4301bc9dbc5564e5bb4393e4f0900b,12000,16,1,180000,0.863037210215886,1,0.5986928139278512,0.6209508036808066,0,1,172800,0.0,-0.06868611449483657,-297.62500090311613,-30.44816302024379,0.05882668682822095,0.00016155334073752504,2.0064601812919136e-05,0.08333333333333333,0.0,600.0,110.64759880766492,5.756125124833015,0,1,0
S7_p002_t002_s1361330484,2026-10-08T21:03:45Z,S7,2,3,0,0,6d6aa9e7be76927837f31ac02060cd81eb3f073f3a737c6ace6f8c39629361c5,12000,16,1,180000,0.8630220730363881,1,0.5982273494563499,0.6197701897798836,0,1,172800,0.0,-0.06858238652442604,-297.6249992257781,-30.874080902682664,0.051186081797959936,0.00020633145171398805,2.5625953639973886e-05,0.08333333333333333,0.0,600.0,58.69433079686979,5.81576934237686,0,1,0
S7_p002_t003_s1078092554,2026-10-08T21:04:00Z,S7,2,3,0,0,a4cbd540f660ec9f9c9df26c0822d5f6b424b852c38d31cf11ec2f5129c4f288,12000,16,1,180000,0.8633249126855402,1,0.5977653088150509,0.6200506262983498,0,1,172800,0.0,-0.06832362071778923,-297.62500073083476,-30.71179783743357,0.05565362469137355,4.390156951192398e-05,5.452487130241934e-06,0.08333333333333333,0.0,600.0,102.87244307654859,5.991116033772103,0,1,0
S7_p002_t004_s924921264,2026-10-08T21:04:15Z,S7,2,3,0,0,51cf61b1eb5261b020ebb0d113d1eb0c71f2e4c33422c23780ccfab10e86bc9c,12000,16,1,180000,0.8627632973856094,1,0.5978680310122729,0.6200506262983498,0,1,172800,0.0,-0.06896781781602836,-297.62499996163996,-30.550623252655335,0.04799863388673423,-0.00010424400703987907,-1.2946897186338902e-05,0.08333333333333333,0.0,600.0,88.17279799572259,5.522654158290119,0,1,0
S7_p003_t000_s763598906,2026-10-08T21:04:30Z,S7,3,2,0,0,049b4476ddbe3484948127d8b8dd49c3ec5db062733096453ff8af34d51a9c43,12000,16,1,180000,0.8477946971849164,1,0.5087139535913932,0.5209269121406312,0,1,172800,0.0,-0.061135013070624133,-297.62499771256444,-29.872597391852747,0.04401857718758691,-0.00038429245458882486,-4.7728354275022866e-05,0.08333333333333333,0.0,600.0,61.772358471010264,6.114446740707256,0,1,0
S7_p003_t001_s1480126732,2026-10-08T21:04:45Z,S7,3,2,0,0,146ed57bae2fec89735d4c5301a18710a1b6ac0bcd8add3c14c1f056d294ce15,12000,16,1,180000,0.8479079719262135,1,0.5086660819322099,0.5209269121406312,0,1,172800,0.0,-0.061434923342017736,-297.6249965689998,-29.84787853256309,0.05290982877530822,-0.0001559760273045092,-1.9371910639165435e-05,0.08333333333333333,0.0,600.0,88.20134424409349,5.820903980158862,0,1,0
S7_p003_t002_s348040279,2026-10-08T21:05:00Z,S7,3,2,0,0,36e5acce4d7c5245991a95c861ebcc16794f30e9039121bc2d197a03b555e076,12000,16,1,180000,0.8473233030618961,1,0.506862621876996,0.5206966482409549,0,1,172800,0.0,-0.06203711747178578,-297.6249976071758,-29.47982885988011,0.05067121370483994,-0.00015631403232028833,-1.9413890186115168e-05,0.08333333333333333,0.0,600.0,128.16416994974324,5.9403173590642915,0,1,0
S7_p003_t003_s750677479,2026-10-08T21:05:15Z,S7,3,2,0,0,bcde3b6c94b6624602f347e3b42bfdcaeff9c9c0d81ee27704023e6fcf798474,12000,16,1,180000,0.8324907994800623,1,0.5062309169485913,0.5184811033296005,0,1,172800,0.0,-0.23212846062137413,-297.6249271969912,-13.917318299430798,3.9042266138925403,0.0362975726036272,0.004508085922225291,5.083333333333333,0.0,600.0,123.61739748512046,16.86612822897366,0,1,0
S7_p003_t004_s258894362,2026-10-08T21:05:30Z,S7,3,2,0,0,5556c42f083d8f5d3487417ec62172e850bc02ffa357e7265b5d38b5d0a2b0b4,12000,16,1,180000,0.8481295217050904,1,0.506441203709452,0.5184811033296005,0,1,172800,0.0,-0.062225191910483944,-287.9583307972177,-29.784666832082646,0.03125320128223559,-1.7590075549855982e-05,-2.184652203141013e-06,0.08333333333333333,0.0,600.0,100.99105779541269,5.925586956004195,0,1,0
S7_p004_t000_s139254338,2026-10-08T21:06:00Z,S7,4,2,0,0,66acd65cd98fb6b5424552d5d83666d7c946c7823ea47a23303313db2bacc13e,12000,16,1,180000,0.8491648036974783,1,0.5098258260246002,0.5248937613908201,0,1,172799,0.0,-0.060392164808191796,-308.624998609898,-30.018451754388114,0.042897030629862554,-0.0005421456820589227,-6.733286727467203e-05,0.08333333333333333,0.08333333333333333,600.0,52.48857545875417,6.128179486843979,0,1,0
S7_p004_t001_s1221387494,2026-10-08T21:06:15Z,S7,4,2,0,0,2497f98fb7767c409a9a75251b94ae3d5a5147e855c836897b958e69c3d24832,12000,16,1,180000,0.8483144149601144,1,0.5115183390935094,0.5248937613908201,0,1,172800,0.0,-0.06196424079378032,-308.62499783289667,-29.712101756874304,0.04833237693878975,0.0008289153590501933,0.0001029496297633159,0.08333333333333333,0.0,600.0,105.25451084522301,5.5845940447562805,0,1,0
S7_p004_t002_s1203773898,2026-10-08T21:06:30Z,S7,4,2,0,0,31f34fb1179271cb768cb2a1ee9b4f571cd0f5d7688d7420f043c0b3cd534245,12000,16,1,180000,0.8492908162218028,1,0.5117088835167022,0.5252303196234194,0,1,172800,0.0,-0.06116327285162092,-308.6249969839773,-29.927312064815016,0.044595008310050394,-0.0005252315316275919,-6.523270576508367e-05,0.08333333333333333,0.0,600.0,65.57052928882061,6.156986176532237,0,1,0
S7_p004_t003_s43333996,2026-10-08T21:06:45Z,S7,4,2,0,0,efd9ce4f7cc867f945dbdffb87f6804e2b6b55b8e6f6fdb3b946151cec743db6,12000,16,1,180000,0.8484060646114889,1,0.5125723502766437,0.5252303196234194,0,1,172800,0.0,-0.060786439011707355,-308.6249952519841,-29.84949828013886,0.0404538975233166,0.0006398074110750711,7.946280084070168e-05,0.08333333333333333,0.0,600.0,67.09376227637851,5.8613836903512,0,1,0
S7_p004_t004_s1033654550,2026-10-08T21:07:00Z,S7,4,2,0,0,494a0de3a63e06962867c1c440d81ed5c067ac12fc691a6c52dcbc6b6b84da47,12000,16,1,180000,0.8492744141139267,1,0.5127261823033914,0.523848509483097,0,1,172800,0.0,-0.061755893534397505,-308.6249979467908,-29.840827667806415,0.05878720854650514,6.059492523164138e-06,7.525768523919396e-07,0.08333333333333333,0.0,600.0,72.17002164983391,5.765720307082848,0,1,0
S7_p005_t000_s600798252,2026-10-08T21:07:15Z,S7,5,2,0,0,f0665eee468deb2064028fb555e9b6de45e67ba50dfb4dcc3b72797ff6db63ef,12000,16,1,180000,0.8469174695558062,1,0.5029829964146388,0.5145159131504455,0,1,172800,0.0,-0.05842100782764952,-308.6249980229247,-29.843974886653776,0.047016921739275214,-0.0007277024310472688,-9.037918653120869e-05,0.08333333333333333,0.0,600.0,55.47389500523653,5.913510382905674,0,1,0
S7_p005_t001_s1358512429,2026-10-08T21:07:30Z,S7,5,2,0,0,ecb4e9fc121a117511e38634885986e46f551303341f797b34d93f96c13664f8,12000,16,1,180000,0.8463067270038762,1,0.5029943571432458,0.5145159131504456,0,1,172800,0.0,-0.05728037098820694,-308.6249997821251,-29.963623622212545,0.04755412407092989,-3.498176528862217e-05,-4.344665285316296e-06,0.08333333333333333,0.0,600.0,38.30599155378043,5.886663002585375,0,1,0
S7_p005_t002_s475029750,2026-10-08T21:07:45Z,S7,5,2,0,0,2348044358a94d693433c0114779cad20e05cd102d6039fea52f5006c749f4bb,12000,16,1,180000,0.846327102662239,1,0.5024062970582021,0.515820579951814,0,1,172800,0.0,-0.05884007616683445,-308.62500200075857,-29.665117188806818,0.05114980271968425,-0.0004939052945756239,-6.134204977570334e-05,0.08333333333333333,0.0,600.0,84.59521175941626,6.722819120208471,0,1,0
S7_p005_t003_s686156291,2026-10-08T21:08:00Z,S7,5,2,0,0,469fdbfd35e2fb14b037ede3ceccc15ef1cd31d3f1e98a6688bf564ae448a31c,12000,16,1,180000,0.8469373204817904,1,0.5022274827306216,0.515820579951814,0,1,172800,0.0,-0.059123341439801455,-308.6250015201537,-29.716609485367172,0.039768328235415124,-0.00012212534526923323,-1.5167723631748231e-05,0.08333333333333333,0.0,600.0,100.13267893084173,6.58484087274346,0,1,0
S7_p005_t004_s1322737522,2026-10-08T21:08:15Z,S7,5,2,0,0,f241c002b4db94d513b68c22f582491e7e038616e0eb6cec20a5686d3dd34de9,12000,16,1,180000,0.8473379808825874,1,0.5021431029662644,0.5155979631963823,0,1,172800,0.0,-0.05682251224122553,-308.62500027586793,-29.598734094241376,0.05067887263276413,-0.0003710597306763478,-4.6084876430541044e-05,0.08333333333333333,0.0,600.0,119.18078113969855,5.963872137143625,0,1,0
S7_p006_t000_s1641734052,2026-10-08T21:08:30Z,S7,6,2,0,0,eeb28da153cbeab3fc08f6b9834cc726a7fd87b9452c55018c66bca070ea0f06,12000,16,1,180000,0.849083807408042,1,0.5205193033492211,0.531623992137858,0,1,172800,0.0,-0.05472079580432095,-308.62500014948637,-30.043976355972145,0.03923455804194649,-0.0005986903132185263,-7.435613952111453e-05,0.08333333333333333,0.0,600.0,61.618352405777465,5.775811732215018,0,1,0
S7_p006_t001_s67837340,2026-10-08T21:08:45Z,S7,6,2,0,0,8129e4994e7ae5d685930a852a63b0b8990e989dca73943a073521b46392db42,12000,16,1,180000,0.3933284047941746,1,0.24942264315540483,0.531623992137858,0,1,172800,0.0,-6.726105758531097,-298.4551353517484,5.62348314039698,51.65411283277084,982.3034293731121,122.00012132128177,5.083333333333333,0.0,600.0,7.17345423940002,24.435737551028275,0,1,0
S7_p006_t002_s1202997263,2026-10-08T21:09:00Z,S7,6,2,0,0,653459d8edaac8cd2e32fcbb1a0692caeda616245db77a16b7ee7f844551b6c6,12000,16,1,180000,0.849673255348705,1,0.5190151096203023,0.5302036272884406,0,1,172800,0.0,-0.05438807511076411,-298.4583331456197,-29.76704238710505,0.04561620461096441,3.6788389905263696e-05,4.569044449453941e-06,0.08333333333333333,0.0,600.0,95.25794705798232,5.053824994318251,0,1,0
S7_p006_t003_s902359725,2026-10-08T21:09:15Z,S7,6,2,0,0,fd67a68e805dbc2191cf42e08a3e0b0c227574a6149f51d3e07cf87bd50a38a7,12000,16,1,180000,0.8489257394919171,1,0.5190786357803859,0.5299111188707443,0,1,172800,0.0,-0.05430600725542501,-298.4583329102231,-29.913067433908836,0.048586289236275525,-0.0002796794005836923,-3.4735622193693416e-05,0.08333333333333333,0.0,600.0,80.77729823699272,5.564657308936414,0,1,0
S7_p006_t004_s291698731,2026-10-08T21:09:30Z,S7,6,2,0,0,7b5459acc595e4c339f5ea3aa39acb65b869ff3fc4206e3fff5358a4b9381f78,12000,16,1,180000,0.8490509452569125,1,0.5162011481967687,0.5298739916717151,0,1,172800,0.0,-0.05508617507604818,-298.45833083486343,-29.89188242808257,0.04559773753440414,-7.631617876031221e-05,-9.478316769673256e-06,0.08333333333333333,0.0,600.0,80.88759915147479,5.932484992887539,0,1,0
S7_p007_t000_s526185734,2026-10-08T21:09:45Z,S7,7,2,0,0,fb44e102b1d6fb49b091455b1f72f8ce360611487ddaf856065e0d517ce5ff08,12000,16,1,180000,0.8480574685065654,1,0.5075638049105492,0.5220729717626843,0,1,172800,0.0,-0.04444976274343926,-298.4583309730873,-29.701499970857107,0.029383074342341876,0.00042346691883425125,5.259374438537634e-05,0.08333333333333333,0.0,600.0,110.67275082839214,5.8624451570706615,0,1,0
S7_p007_t001_s318655740,2026-10-08T21:10:00Z,S7,7,2,0,0,81ee9f6de5f94d572b3d849dbb844cdf95c3e2889eb651d3bedc90ce800ce5cb,12000,16,1,180000,0.8466349742601976,1,0.5077156642673736,0.5220729717626843,0,1,172800,0.0,-0.04376204353160275,-298.45833180352565,-29.5879838799804,0.029717575658838744,-0.0006257824730321366,-7.77209315856453e-05,0.08333333333333333,0.0,600.0,107.14843748175727,5.771668043190704,0,1,0
S7_p007_t002_s1737849473,2026-10-08T21:10:15Z,S7,7,2,0,0,7af286b96c4e8ae74864ce9efbbfad2937d3dfafe5082ece88e0c160420b1013,12000,16,1,180000,0.8470402606745799,1,0.5078386854501101,0.5196156555619112,0,1,172800,0.0,-0.045124655775776255,-298.45832963434384,-29.932512248945763,0.028819861018971115,-0.00019910906141766375,-2.4728947209951002e-05,0.08333333333333333,0.0,600.0,55.9146233679396,5.302800183046731,0,1,0
S7_p007_t003_s438300082,2026-10-08T21:10:30Z,S7,7,2,0,0,9eb171e01029aee450fd37a5733ce41995fcd85830305e56946a665729cb182f,12000,16,1,180000,0.846831544115714,1,0.5078931057352293,0.5232371159668855,0,1,172800,0.0,-0.04480819520899162,-298.4583323993932,-29.953331879984532,0.032705332162278555,0.00011151220965890013,1.3849593415216077e-05,0.08333333333333333,0.0,600.0,70.83673798192952,5.748047063288443,0,1,0
S7_p007_t004_s994742111,2026-10-08T21:10:45Z,S7,7,2,0,0,4dafae1e3590e6d3955eb93ffab3ddef6063d513ca69ec118f6c0277134be331,12000,16,1,180000,0.8469985449424658,1,0.5077635571849723,0.5232371159668855,0,1,172800,0.0,-0.044405503296086266,-298.4583297891113,-29.748145900118125,0.02130192401469427,0.00016298467558119268,2.024237073783297e-05,0.08333333333333333,0.0,600.0,99.4913589399633,5.351780990153331,0,1,0
S7_p008_t000_s434073307,2026-10-08T21:11:15Z,S7,8,2,0,0,adab4e2188384ba9e74e24640649466b7d62b59ea978eea82b6ec87386f0a9d4,12000,16,1,180000,0.8479096353030094,1,0.5084980334987749,0.5191450223152942,0,1,172800,0.0,-0.060066151704930126,-308.45833236694915,-29.871987388666824,0.04137469891805913,-0.0003883138589570164,-4.822780465474352e-05,0.08333333333333333,0.0,600.0,63.25815815331981,5.950276751011635,0,1,0
S7_p008_t001_s1584181983,2026-10-08T21:11:30Z,S7,8,2,0,0,1aadf4380c4dd1be2ba1bf94d5463e0dc36eccad75644afad7a64954e2de466f,12000,16,1,180000,0.8474674205893665,1,0.5085687179312368,0.5191450223152942,0,1,172800,0.0,-0.060252012342070956,-308.45833105217514,-29.693766868502344,0.03890074109300723,0.0004617536082227127,5.734887463404448e-05,0.08333333333333333,0.0,600.0,94.66007694834859,5.727748206618704,0,1,0
S7_p008_t002_s69311790,2026-10-08T21:11:45Z,S7,8,2,0,0,5412c1136c055eed606befa6a5817d1a060818c76183f447eee3b91f0e1abcc8,12000,16,1,180000,0.8479190773446292,1,0.5097310951473963,0.5175979408315418,0,1,172800,0.0,-0.059457676734692426,-308.4583343246583,-29.960475315089976,0.05128780161170375,0.00020415235665689153,2.5355314392072614e-05,0.08333333333333333,0.0,600.0,45.88902280487679,5.8880967512466995,0,1,0
S7_p008_t003_s449200011,2026-10-08T21:12:00Z,S7,8,2,0,0,e5525faa445d00a839dbcdecca73dbdacd499f83fae9ed21542b39abd7a46390,12000,16,1,180000,0.8487783208020173,1,0.50959277398691,0.5213817679223924,0,1,172800,0.0,-0.05871921182886954,-308.4583322102074,-29.74278286613647,0.0394983556817237,0.00019662760210159203,2.4420754925813526e-05,0.08333333333333333,0.0,600.0,76.18400267751824,5.741881197781257,0,1,0
S7_p008_t004_s63363653,2026-10-08T21:12:15Z,S7,8,2,0,0,ba9f2fb59113c56e7408c3b529bcbb8393a7fc14567d4d8cf1c90c2cbd7c5a3c,12000,16,1,180000,0.9407826583170996,1,0.5069389567012397,0.5213817679223924,0,1,172800,0.0,-0.22889191333415704,-298.26721190354266,-13.936498445464656,6.793294175260227,0.04290075031016521,0.005328187387021899,5.166666666666667,0.0,600.0,88.55552317341868,27.673311587757055,0,1,0
S7_p009_t000_s244638474,2026-10-08T21:12:30Z,S7,9,2,0,0,050ca39bd0b132b53254d99e3cf7f8928a97a46c8c6dab0a8bb0656178a184f6,12000,16,1,180000,0.9576320423767246,1,0.5165889135306374,0.5185299109364768,0,1,172800,0.0,-0.06910658058796007,-298.2671838129202,-24.601629425515465,0.026233124139284907,0.027842210599236368,0.0034579468720039586,0.08333333333333333,0.0,600.0,41.15454059923667,14.497680877058523,0,1,0
S7_p009_t001_s1024747382,2026-10-08T21:12:45Z,S7,9,2,0,0,ad24d14a0b82c4f49a0cba9c05acaf60991608dd2617e4c677b910ad1fd89c0f,12000,16,1,180000,0.95791339055358,1,0.519074895782867,0.5193471255338729,0,1,172800,0.0,-0.07001417190535163,-298.2671948154578,-24.666449318259737,0.03896909091967453,0.027519958083977777,0.003417923754113872,0.08333333333333333,0.0,600.0,37.11772144977868,14.394305702453455,0,1,0
S7_p009_t002_s1710014650,2026-10-08T21:13:00Z,S7,9,2,0,0,7949647480a24e88e2d07bf9aa151652a11422583f8aea4fcbfdba2bd36c4d8b,12000,16,1,180000,0.9577790934670223,1,0.518640453074639,0.5193471255338729,0,1,172800,0.0,-0.0697577751978234,-298.26719344900755,-24.670103434552757,0.038536380643468704,0.033625117584093644,0.004176172353709262,0.08333333333333333,0.0,600.0,23.315236668084555,14.583871031844042,0,1,0
S7_p009_t003_s884232894,2026-10-08T21:13:15Z,S7,9,2,0,0,66a0dea6f77dd045f05865ba00250b62d7bafeb6147b1f6e99c636558df05257,12000,16,1,180000,0.9577756063142151,1,0.51594320431284,0.5185942515513206,0,1,172800,0.0,-0.06932778858502389,-298.2671844769411,-24.649763523429044,0.03478649858128669,0.03251360511920477,0.004038124728594994,0.08333333333333333,0.0,600.0,22.01484985875082,14.513599047333575,0,1,0
S7_p009_t004_s381684354,2026-10-08T21:13:30Z,S7,9,2,0,0,a650538c1e472c5644e2988748354045ae9ff29c85f4388f50b73b340d375232,12000,16,1,180000,0.9576549465644201,1,0.5154790831006683,0.5157235389015721,0,1,172800,0.0,-0.06817856640802782,-298.2671624017239,-24.577402516612402,0.03156636587930294,0.0286145714258107,0.0035538725419428374,0.08333333333333333,0.0,600.0,21.436823226380298,14.427334758872107,0,1,0
S7_p010_t000_s1725325771,2026-10-08T21:13:45Z,S7,10,2,0,0,6ffe4ace3a48e9791d2b568600a7d05b6537980f43a688c073ab067537329d0f,12000,16,1,180000,0.9580845416996361,1,0.5239188667343923,0.5242532269908602,0,1,172800,0.0,-0.0710341648472049,-298.26721884112214,-24.719061729329002,0.019554633268354202,0.0018018254389837308,0.00022378311587090138,0.08333333333333333,0.0,600.0,39.99814521544604,14.890785534637365,0,1,0
S7_p010_t001_s225898935,2026-10-08T21:14:00Z,S7,10,2,0,0,e9ad4d2d4630a3dc67137cc00a8e26c8f127100b48753883b50f19cc06d3ad68,12000,16,1,180000,0.9582862720701139,1,0.5254307083244438,0.5272178306604747,0,1,172800,0.0,-0.07020445990331975,-298.2672140068377,-24.694058185002635,0.018089043001946647,0.0005197781223665757,6.455540324168396e-05,0.08333333333333333,0.0,600.0,35.950611262202976,14.753156511486495,0,1,0
S7_p010_t002_s121109330,2026-10-08T21:14:15Z,S7,10,2,0,0,5bb316d661d5a6db20a0e3e017fdb0e8b6926dfcfa01827249695ae0ef224e91,12000,16,1,180000,0.9582553637622133,1,0.5291363412641289,0.5282837824331416,0,1,172800,0.0,-0.06936206441521864,-298.267247952302,-24.80594109464842,0.021668225008113523,0.00250943960956644,0.00031166738062893273,0.08333333333333333,0.0,600.0,37.271096662220785,14.892310934473485,0,1,0
S7_p010_t003_s1579862089,2026-10-08T21:14:30Z,S7,10,2,0,0,17fbfe837e81f7f98bb26277bee04a3323b694c505e3be3e3f11edaa3c9274d7,12000,16,1,180000,0.9583083286028398,1,0.5260481941679294,0.5282837824331416,0,1,172800,0.0,-0.0702967726666587,-298.26722762650934,-24.752776230564876,0.01499281945625686,0.00592929342973023,0.0007364063853856351,0.08333333333333333,0.0,600.0,31.229520518186206,14.91950466605732,0,1,0
S7_p010_t004_s535444324,2026-10-08T21:14:45Z,S7,10,2,0,0,0447ffcd8aa15d059af6b9ae3a27b4ea6f6e96a252ac577f938b7e4817591037,12000,16,1,180000,0.9582433963579072,1,0.5266346349375625,0.5279076612815669,0,1,172800,0.0,-0.07039050226045199,-298.2672290700284,-24.739941909571694,0.012426243950308695,0.006052265922176389,0.0007516793230024632,0.08333333333333333,0.0,600.0,35.37938459726967,14.885521432713118,0,1,0
S7_p011_t000_s204855309,2026-10-08T21:15:00Z,S7,11,2,0,0,024304a04a828025916395603a561fb09ad18935d410cf86581844fbc72a3f9f,12000,16,1,180000,0.9545013189986675,1,0.44551068416683515,0.45231929108613933,0,1,172800,0.0,-0.0664352108722153,-298.2669360890583,-23.80511178211616,0.03744484055739857,0.048394961573845104,0.006010557437548414,0.08333333333333333,0.0,600.0,35.74722781371103,13.416398929102947,0,0,0
S7_p011_t001_s469311326,2026-10-08T21:15:15Z,S7,11,2,0,0,854ca3994c427802ded01240177d7b75157791106600cc8382083b683b6c76be,12000,16,1,180000,0.9543130483613146,1,0.4479227395763443,0.45231929108613933,0,1,172800,0.0,-0.06810276278534731,-298.2669201947271,-23.798866440703904,0.03373897336202049,0.04605793477705926,0.005720303383441205,0.08333333333333333,0.0,600.0,24.79431372631428,13.394902756738478,0,0,0
S7_p011_t002_s1591257218,2026-10-08T21:15:30Z,S7,11,2,0,0,86f158b90cb66e2057b27270d853a8e3df3dc1c68de6dfd5c9a1fde119831dde,12000,16,1,180000,0.5029896259752735,1,0.21898599646628666,0.4518750769272966,0,1,172800,0.0,-5.584623286494215,-298.26761467653523,4.107210657651215,41.53406303202238,921.1384546172076,114.40355378654795,6.0,0.0,600.0,7.70332489166292,25.78475962184757,0,0,0
S7_p011_t003_s912460123,2026-10-08T21:15:45Z,S7,11,2,0,0,5f18eae4490e37a743afd3b685b395c5cdff890d38b6a4e1781a36bd00da775e,12000,16,1,180000,0.9538868207915279,1,0.44685207946684047,0.45187507692729667,0,1,172800,0.0,-0.06874282858724846,-288.73306162419976,-23.76185013870127,0.02942534528191465,-0.05073322417561075,-0.006300964976162504,0.08333333333333333,0.0,600.0,38.82941322743635,13.250958757350904,0,0,0
S7_p011_t004_s1430561939,2026-10-08T21:16:00Z,S7,11,2,0,0,ececb220ad430780741b0f8d833972e0a9c9fd13cda453bd161e6a3d8c66cf34,12000,16,1,180000,0.9541682834869729,1,0.44575179658776837,0.4515977985426414,0,1,172800,0.0,-0.06715641269992248,-288.7330621897927,-23.77694650241976,0.03738863407389597,-0.05203539576325782,-0.006462692083005095,0.08333333333333333,0.0,600.0,48.146302358202774,13.379841266385588,0,0,0
S7_p012_t000_s516013663,2026-10-08T21:16:30Z,S7,12,2,0,0,d889c921f775a9b9f715c193059af86e3e85a090879ec63c7b6dc954f4f6b865,12000,16,1,180000,0.9525744561230324,1,0.404924132802924,0.40891764220161214,0,1,172800,0.0,-0.06706243095866174,-299.39985278885615,-23.391694376505427,0.03807842752726165,-0.04596106805151511,-0.005708272729862074,0.08333333333333333,0.0,600.0,40.75915698376506,12.72207855495591,0,0,0
S7_p012_t001_s603633460,2026-10-08T21:16:45Z,S7,12,2,0,0,bfbffbb81d39279da3bd4b563b42ed611b84a96d690ad5eac92d9d7b98a9757c,12000,16,1,180000,0.9524299661754625,1,0.4057395903377911,0.40980042810956596,0,1,172800,0.0,-0.06660326268542208,-299.3998810638732,-23.37629675932582,0.031841992474393115,-0.04443197429537404,-0.0055183623435368645,0.08333333333333333,0.0,600.0,23.966121043033183,12.855611001521146,0,0,0
S7_p012_t002_s71905326,2026-10-08T21:17:00Z,S7,12,2,0,0,9bc92c8f8dcc11e35dcacdb987ddfc685a7193707f9486f21e971187980e42cb,12000,16,1,180000,0.9527935783240274,1,0.407402812125315,0.41032089237967717,0,1,172800,0.0,-0.0673284905220698,-299.399836790004,-23.46499595864823,0.03253137969741265,-0.046631264183704314,-0.005791509749087709,0.08333333333333333,0.0,600.0,31.05093720622359,12.59851284358546,0,0,0
S7_p012_t003_s1310018168,2026-10-08T21:17:15Z,S7,12,2,0,0,aaab77bb988dce4b2edce48d99cd7b53a8c8107405bfc148ad8bcf140fed9719,12000,16,1,180000,0.9527411187327528,1,0.40785600534579053,0.4115563588735712,0,1,172800,0.0,-0.06818842889016813,-299.39984759580693,-23.431128158632642,0.034172785927033524,-0.04723926201795103,-0.005867021864105482,0.08333333333333333,0.0,600.0,33.993868130944236,12.59417350870221,0,0,0
S7_p012_t004_s1348406889,2026-10-08T21:17:30Z,S7,12,2,0,0,f82049dfbdbfcf1e53e1a8406bcb9e9a29581679460c9246c468dc2bb1b8121f,12000,16,1,180000,0.9526708833177191,1,0.4067237519853025,0.4115563588735712,0,1,172800,0.0,-0.06797166105081705,-299.3998378163111,-23.46142381725457,0.03412095227332472,-0.04549064572809094,-0.005649847218137438,0.08333333333333333,0.0,600.0,26.750583103154106,12.898824328340623,0,0,0
S7_p013_t000_s1579884569,2026-10-08T21:17:45Z,S7,13,2,0,0,06891c364cef45f5ca4d06a5c4c2ea56ec3b592c23e4e4f015dc79da4472e58d,12000,16,1,180000,0.9510609522059893,1,0.3726307815557737,0.3758831749902286,0,1,172800,0.0,-0.06718819024831472,-299.39995546031116,-23.106418148720536,0.04969750270348062,-0.04402625847259117,-0.005467973249778879,0.08333333333333333,0.0,600.0,25.578557730376403,12.293464023247981,0,0,0
S7_p013_t001_s1427301707,2026-10-08T21:18:00Z,S7,13,2,0,0,a31889ec53d2554d04f209f1a3cd1e7aaf3e5904bae7dc8dda0db3eb43e8a7c5,12000,16,1,180000,0.9509306731138798,1,0.37299998386892186,0.3761492632807654,0,1,172800,0.0,-0.06905826221609537,-299.3999470437654,-23.02473941987448,0.03631828170161114,-0.04010137533355871,-0.004980510613677325,0.08333333333333333,0.0,600.0,49.34089174241764,12.466028966518856,0,0,0
S7_p013_t002_s773490239,2026-10-08T21:18:15Z,S7,13,2,0,0,5dd90cdb498f57eeb372a5766de901962ceefcfe9c51d1fe37abdb1d27a9dd0c,12000,16,1,180000,0.9507131697011127,1,0.37193060030783043,0.37614926328076553,0,1,172800,0.0,-0.06565524611319462,-299.39996892777407,-23.054528999612454,0.023787076859761523,-0.040465036205691876,-0.0050256765666745196,0.08333333333333333,0.0,600.0,38.552694698387604,12.447870668332303,0,0,0
S7_p013_t003_s811508310,2026-10-08T21:18:30Z,S7,13,2,0,0,1db6eaa377ba4a4674054bf1eaba2933f28edd930c15c53220552d93dec5a401,12000,16,1,180000,0.9508386964269007,1,0.36977409485978746,0.37662107669554673,0,1,172800,0.0,-0.06673014135232563,-299.39995976691046,-23.061373477675783,0.034881026947546384,-0.039586954444599545,-0.004916620568110375,0.08333333333333333,0.0,600.0,32.58981260486358,12.24267707560596,0,0,0
S7_p013_t004_s1152378489,2026-10-08T21:18:45Z,S7,13,2,0,0,5b571242dc8fd0f043665a62ee9450681fb75bd7a991b86e4b647553e6f3d756,12000,16,1,180000,0.950843997423064,1,0.40987483310647743,0.418668082892591,0,1,172800,0.0,-0.06725993424308795,-299.399977053532,-23.037724990854183,0.020186738324731564,-0.04014765051010271,-0.004986257898053736,0.08333333333333333,0.0,600.0,33.45336268950539,12.42875732556275,0,0,0
S7_p014_t000_s169517745,2026-10-08T21:19:00Z,S7,14,2,0,0,67bd4db589ec935c96f90c671a5e94bd90291d76993044c1285ed562e6faecd1,12000,16,1,180000,0.7848235249798182,1,0.5051233678212239,0.5355012409278291,0,1,172800,0.0,-0.8162678892553222,-290.1245435964896,-7.232937530658944,9.614311240469775,-0.17607289481045577,-0.021867901389668987,3.25,0.0,600.0,46.106373944137815,38.24059101880756,0,1,0
S7_p014_t001_s1958578526,2026-10-08T21:19:15Z,S7,14,2,0,0,736a1a5e8dbcbe282280e3246afc3bb511713cbbe33e3ba96f49646ef20c819e,12000,16,1,180000,0.850230767389101,1,0.5174251202162584,0.5355012409278291,0,1,172800,0.0,-0.06317964663748768,-290.1249968685285,-30.07324651087295,0.05457941043383301,-0.00026231268207580784,-3.257871048845118e-05,0.08333333333333333,0.0,600.0,48.40463960263308,5.928309963359593,0,1,0
S7_p014_t002_s300372675,2026-10-08T21:19:30Z,S7,14,2,0,0,61e0c7346515b6761477f3704a190fc95296553f745d73790bc73248dd7a6690,12000,16,1,180000,0.8497722856014452,1,0.517495211662293,0.5333600952674142,0,1,172800,0.0,-0.06494134832086727,-290.1249959920764,-29.915622394686707,0.048765113134833296,9.750282554394008e-05,1.2109655926906271e-05,0.08333333333333333,0.0,600.0,60.43703034209052,6.148686355443851,0,1,0
S7_p014_t003_s1706399720,2026-10-08T21:19:45Z,S7,14,2,0,0,4b4181cefb53407212e310dcf3e07abb986e0b8cf66b6ebcf1d8c88ebdb443cf,12000,16,1,180000,0.8497046732279471,1,0.5171142332432792,0.5339815998564005,0,1,172800,0.0,-0.06684114374539768,-290.1249950007283,-29.317522048616055,0.05588332219522805,-2.2419171085592494e-05,-2.7844162104884163e-06,0.08333333333333333,0.0,600.0,139.57940263174487,5.400124244416643,0,1,0
S7_p014_t004_s1200012924,2026-10-08T21:20:00Z,S7,14,2,0,0,233418f45b8d357f1bf3b7655cf59d9b45bcef96cd87b59a0a0b1adf922e0fdc,12000,16,1,180000,0.849854061310788,1,0.5146844097036029,0.5339815998564005,0,1,172800,0.0,-0.06408219572143004,-290.1249975977474,-29.98381568423694,0.050021181861012516,-7.716997882968902e-05,-9.584357030689716e-06,0.08333333333333333,0.0,600.0,60.44713686319031,5.8647262916154395,0,1,0
S7_p015_t000_s1755520088,2026-10-08T21:20:15Z,S7,15,2,0,0,0fa9d1bc9e614db454bed5931f94c5ffba662c1b8cb3da2cfcc7a613608f56ca,12000,16,1,180000,0.8472430618455722,1,0.5049772400284479,0.520557629727911,0,1,172800,0.0,-0.06008523848761779,-290.1250002728296,-29.655727971634306,0.043863165768679976,0.0004117411867366602,5.113743191031972e-05,0.08333333333333333,0.0,600.0,100.77655639025056,6.1103216057185685,0,1,0
S7_p015_t001_s1047827504,2026-10-08T21:20:30Z,S7,15,2,0,0,f4e165e7bb563e95f71d50c42e5d8a9c49949414be5b366521ac966243c79dc6,12000,16,1,180000,0.8483303535169322,1,0.5050323831002199,0.520557629727911,0,1,172800,0.0,-0.06063493571577528,-290.1249990678152,-29.9024517037488,0.04098295251828821,0.0001495482384176064,1.857359211498988e-05,0.08333333333333333,0.0,600.0,78.90667490145621,6.145747105332936,0,1,0
S7_p015_t002_s1284285689,2026-10-08T21:20:45Z,S7,15,2,0,0,cec4d0da353d69d6d943fa5c8b7a1d8085472c9a925d4a564bb052892e9221a5,12000,16,1,180000,0.8468677606472594,1,0.5047730175264876,0.5186439775608325,0,1,172800,0.0,-0.0596346382328218,-290.12500017045085,-29.93517413449297,0.03799754401842697,0.00010234291647650031,1.2710785540548386e-05,0.08333333333333333,0.0,600.0,44.28553597833432,5.59003731051018,0,1,0
S7_p015_t003_s734715196,2026-10-08T21:21:00Z,S7,15,2,0,0,e936133d55d7bdc95b42482fb85186babd45f3e7164f2318fae936b9e58f2788,12000,16,1,180000,0.8476130092792392,1,0.5071697337705368,0.519670351524659,0,1,172800,0.0,-0.06081626878285383,-290.12500147170977,-29.910319762019107,0.04728435656181206,-0.0001178937138933725,-1.4642163478129078e-05,0.08333333333333333,0.0,600.0,58.026040594789436,5.944746845488893,0,1,0
S7_p015_t004_s1450783488,2026-10-08T21:21:15Z,S7,15,2,0,0,b63fc6d385812aeef96d3cbeb93607f0ebded36047add6055263f1208f88b263,12000,16,1,180000,0.7901508980738183,1,0.5038976731166074,0.519670351524659,0,1,172800,0.0,-0.8098548816028055,-288.12688935022624,-7.236438589118373,4.877985433226265,192.61183313060118,23.922004451154407,1.0,0.0,600.0,39.221132980384816,27.780813179653986,0,1,0
S7_p016_t000_s313172177,2026-10-08T21:21:45Z,S7,16,2,0,0,e2f76b0522c28ed77ef106423d0e2786650d1095ceee8ec88910e5f1b2a8bfb6,12000,16,1,180000,0.8485045062405661,1,0.505693481063316,0.5191460956900235,0,1,172800,0.0,-0.060846294979886334,-308.7916627982947,-29.674348926889834,0.051349929441475886,0.0003228168650765194,4.0093209008773556e-05,0.08333333333333333,0.0,600.0,92.72734350058093,6.322807778811215,0,1,0
S7_p016_t001_s95670008,2026-10-08T21:22:00Z,S7,16,2,0,0,9bb7842b56db785c42a37985cc89bf216cbf8cd9ffc3b6a82fb08c1799f9958d,12000,16,1,180000,0.8477643280211173,1,0.506167900023926,0.5211593739572735,0,1,172800,0.0,-0.0597612938027193,-308.7916656662031,-29.58195311366087,0.04467895599462539,-0.00014236095796481946,-1.7680946257314645e-05,0.08333333333333333,0.0,600.0,103.33119447726254,5.670017581286617,0,1,0
S7_p016_t002_s762227068,2026-10-08T21:22:15Z,S7,16,2,0,0,5ef0577d8564f8863f5b1a68fd6e09a513386bd6888dd029b49054ea737934e5,12000,16,1,180000,0.6530120600428043,1,0.4263986119293174,0.5211593739572736,0,1,172800,0.0,-2.882226584582621,-308.7805260566862,-0.3793079125864579,43.58131940941827,1028.1999757360106,127.70038058646105,4.25,0.0,600.0,10.679935472806033,28.386430465136286,0,1,0
S7_p016_t003_s804352794,2026-10-08T21:22:30Z,S7,16,2,0,0,7ad30334e084a209dc9d05dfe60dbf20e3d91d037a05199176ecd103acabe99e,12000,16,1,180000,0.9578501281944435,1,0.5155048836870074,0.5214470255829986,0,1,172800,0.0,-0.07048774592220715,-298.1494637129799,-24.461750739065376,0.02858463755974967,-0.06475637410632494,-0.008042612151257345,0.08333333333333333,0.0,600.0,77.1440461303788,14.466039211788061,0,1,0
S7_p016_t004_s1354763437,2026-10-08T21:22:45Z,S7,16,2,0,0,92558c2a016dec5809406d9ebf51554fe825e13ab3fa094d315af144cff8e82e,12000,16,1,180000,0.9577254996006712,1,0.5175087060752046,0.5214470255829986,0,1,172800,0.0,-0.07143473026596517,-298.1494657890653,-24.48674569026283,0.04289049532282051,-0.058090633287539425,-0.007214740473045822,0.08333333333333333,0.0,600.0,56.91436854957,14.245806436134627,0,1,0
S7_p017_t000_s1440417717,2026-10-08T21:23:00Z,S7,17,2,0,0,07d15dbfcb5a32389b14650beaa090e1664724c5c9109621202d758b91d3810b,12000,16,1,180000,0.9574833863714058,1,0.5075403200117046,0.5129358880074271,0,1,172800,0.0,-0.06993358057144944,-298.1494972844672,-24.521178650922796,0.03041256470548625,-0.053209466803831866,-0.00660850935810231,0.08333333333333333,0.0,600.0,43.722170913781255,15.071375889790017,0,1,0
S7_p017_t001_s1958295760,2026-10-08T21:23:15Z,S7,17,2,0,0,fa5427430aec3e6c0f273ce809bb88edb4f1c73ba33d6f283139200d1b9669a3,12000,16,1,180000,0.9574205820462348,1,0.5105145521711603,0.5153969240471419,0,1,172800,0.0,-0.06943214149488353,-298.1494939239237,-24.516252437220658,0.05097226270062188,-0.0520008499070528,-0.006458401556756144,0.08333333333333333,0.0,600.0,43.55644854508693,15.203240009298025,0,1,0
S7_p017_t002_s1141094124,2026-10-08T21:23:30Z,S7,17,2,0,0,39141b5236aab2728491c725ffd4301466e0f422d306827ef018cb44ed54e557,12000,16,1,180000,0.9577189327571499,1,0.5116105105509198,0.5167923516845173,0,1,172800,0.0,-0.06861191669020952,-298.1494647327302,-24.580074865769447,0.0435392902230774,-0.05124560617089137,-0.006364601795212366,0.08333333333333333,0.0,600.0,51.52952910416646,15.343314196898278,0,1,0
S7_p017_t003_s678609270,2026-10-08T21:23:45Z,S7,17,2,0,0,37c11869b594fe2311b32d05c1eae976a93bedbe6845693beb23c6f2582b243d,12000,16,1,180000,0.9575662526239108,1,0.5105551203623574,0.5167923516845172,0,1,172800,0.0,-0.06831919490810362,-298.14949072390425,-24.532889232102818,0.03710594072811068,-0.05056401769816714,-0.006279949870076962,0.08333333333333333,0.0,600.0,38.528397220069714,15.23439816364267,0,1,0
S7_p017_t004_s2097649527,2026-10-08T21:24:00Z,S7,17,2,0,0,6acf2c2d323b23a4d5b23d5556c61946e8841336895c095ccad7f150fe2f762e,12000,16,1,180000,0.9574354440595884,1,0.5094198393371008,0.516102839019976,0,1,172800,0.0,-0.06920716189930493,-298.1494992270764,-24.57443498617424,0.04256485033209876,-0.05288752454330183,-0.006568524773229001,0.08333333333333333,0.0,600.0,19.293863464684144,15.320964491275909,0,1,0
S7_p018_t000_s54616312,2026-10-08T21:24:15Z,S7,18,2,0,0,8fd4427b0fecd760d63511e313d81f0d199de46a6de5bf8313a529ede86be19c,12000,16,1,180000,0.9577417685027562,1,0.5162742997515104,0.5214536280039387,0,1,172800,0.0,-0.06748829245157997,-298.1494654539213,-24.623443004480453,0.027748192579194336,-0.05639054420944032,-0.0070035928097240685,0.08333333333333333,0.0,600.0,31.428580148154776,14.679831195424459,0,1,0
S7_p018_t001_s952590612,2026-10-08T21:24:30Z,S7,18,2,0,0,ac0d524c93c0313755b4fbbd12457ac8076597b19e89d4643ed7c5a69597216d,12000,16,1,180000,0.9578549058956196,1,0.5181065838451093,0.5214536280039387,0,1,172800,0.0,-0.06791260429222971,-298.1494615384072,-24.602257378445405,0.03420256015580671,-0.0543152174061748,-0.006745841371412098,0.08333333333333333,0.0,600.0,44.138451454194076,14.772001991405563,0,1,0
S7_p018_t002_s42992291,2026-10-08T21:24:45Z,S7,18,2,0,0,a81f2753968df75bd0f7878e85bf476e4c69c28c15d218c7ad8c67d8ffe43e11,12000,16,1,180000,0.9576220766316028,1,0.514989410844405,0.518290137308101,0,1,172800,0.0,-0.06784152631436381,-298.14947957075003,-24.584157974678398,0.03851803937841394,-0.0531528207858465,-0.006601474035960564,0.08333333333333333,0.0,600.0,48.736085784970996,14.788198458570161,0,1,0
S7_p018_t003_s1754123281,2026-10-08T21:25:00Z,S7,18,2,0,0,4ed6678bab794c59100ad9552984db5bf5d6021410431436e8e041a539f1e238,12000,16,1,180000,0.9575610579103305,1,0.5145704356834172,0.5199347640260285,0,1,172800,0.0,-0.06668157085269277,-298.14948716159233,-24.643494635838334,0.03725161855695603,-0.053086253705154775,-0.006593206537672813,0.08333333333333333,0.0,600.0,16.525162199045983,14.62673828589206,0,1,0
S7_p018_t004_s2136748643,2026-10-08T21:25:15Z,S7,18,2,0,0,1133880517053e1071b3dfc800680228245611506d5e4ea5f1a13cb02866b4df,12000,16,1,180000,0.9575998093851552,1,0.5145919751436835,0.5199347640260283,0,1,172800,0.0,-0.06686505992886495,-298.1494695801115,-24.655239496457764,0.04046170967207009,-0.05316137307359935,-0.006602536212994892,0.08333333333333333,0.0,600.0,23.348299206821125,14.763292147382323,0,1,0
S7_p019_t000_s2055416690,2026-10-08T21:25:30Z,S7,19,2,0,0,e53b657e8a019802198f57df42227e8de0bd0457ddea2b6a3b4af234cb70359a,12000,16,1,180000,0.9577344349438756,1,0.5181780301773375,0.5215612309893869,0,1,172800,0.0,-0.07049282706698301,-298.1494874857235,-24.580223092510536,0.032457062478119136,-0.0647355153918509,-0.008040021540637099,0.08333333333333333,0.0,600.0,46.450041935904565,14.660956329438346,0,1,0
S7_p019_t001_s2007325368,2026-10-08T21:25:45Z,S7,19,2,0,0,47cc3d1ec9d5b65cf6af2710365699d208c58b966f635b7f8ea20d8ab728f918,12000,16,1,180000,0.6051822519786586,1,0.2870868488589814,0.5215612309893868,0,1,172800,0.0,-4.391293838731541,-288.58200324906954,2.3344580300368296,21.83862097477271,924.2014084994903,114.7839665328197,8.583333333333334,0.0,600.0,11.137342065113002,27.742261629947716,0,1,0
S7_p019_t002_s1837273558,2026-10-08T21:26:00Z,S7,19,2,0,0,1a2cd677ed873619538a935796e8de6141d8f9b8faa0cd0425c05acac8b12e5b,12000,16,1,180000,0.996439875201528,1,0.5188299923515591,0.5203377358061028,0,1,172800,0.0,-0.06020973994707946,-288.58333112233106,-29.76457023609592,0.039658683550633435,6.761114542994706e-06,8.397169040108565e-07,0.08333333333333333,0.0,600.0,85.41671514956454,5.669556135201882,0,1,0
S7_p019_t003_s1703565559,2026-10-08T21:26:15Z,S7,19,2,0,0,aabf4e32e2883a3e149df9d86e9573881ddeffb3dd63631ff4c92887fb7a20a8,12000,16,1,180000,0.9964841341059972,1,0.5185364807689994,0.5203377358061028,0,1,172800,0.0,-0.060364187428140544,-288.5833330029842,-29.775470747398636,0.04387489789816155,6.345812583224323e-05,7.881372312112944e-06,0.08333333333333333,0.0,600.0,88.45496633674921,6.13487992379582,0,1,0
S7_p019_t004_s989415578,2026-10-08T21:26:30Z,S7,19,2,0,0,235209fc6f01027d0890ffe8b7ee58ad113d404c1d7ea3ce0f4222e87c8ac177,12000,16,1,180000,0.9964562853539886,1,0.5184701665147873,0.5200752091190527,0,1,172800,0.0,-0.058840555331509725,-288.58333394430457,-29.869498858886043,0.042868832795596876,-7.520754398446392e-05,-9.340626547782449e-06,0.08333333333333333,0.0,600.0,81.6464419972558,5.496157685081715,0,1,0
S7_p020_t000_s11753295,2026-10-08T21:27:00Z,S7,20,2,0,0,4188561321453cf6d1ca1bcfb9943c188b35bf67229d7e9ff09f6d424e32d9f5,12000,16,1,180000,0.9966777857718053,1,0.5243064564320569,0.5254288041486718,0,1,172800,0.0,-0.06019756796491963,-299.2500008523087,-29.93020187165645,0.04354758298899672,-0.0003737768642221749,-4.642233898266568e-05,0.08333333333333333,0.0,600.0,73.57909688554892,5.652562036055304,0,1,0
S7_p020_t001_s127051996,2026-10-08T21:27:15Z,S7,20,2,0,0,5cfe6a346868cf23f7b9901c34ac52f3b0b26a9d8cd77ee40223c386b9952af3,12000,16,1,180000,0.9965430644395241,1,0.5250085949082934,0.5256669929855555,0,1,172800,0.0,-0.05908983710409048,-299.24999849568303,-29.896477817924097,0.05360397909548779,-0.0001193178173322027,-1.4819034277024912e-05,0.08333333333333333,0.0,600.0,61.95762614667173,6.282621785440727,0,1,0
S7_p020_t002_s1814410164,2026-10-08T21:27:30Z,S7,20,2,0,0,e8fcf744a4f793ab356d438728c23bb490c5227bcb2fd42855004cf05826758a,12000,16,1,180000,0.9966679818605932,1,0.5266401856255606,0.5271756313819506,0,1,172800,0.0,-0.060817594697379525,-299.2500008716791,-30.03200747639882,0.039614744713606716,-0.0004090625352489807,-5.08047487528529e-05,0.08333333333333333,0.0,600.0,58.18111233331264,5.930308788180599,0,1,0
S7_p020_t003_s622957244,2026-10-08T21:27:45Z,S7,20,2,0,0,25c0f47fdd2d58b2d7736ba531d84d8a495bdf08b84737b18e10c38175eec714,12000,16,1,180000,0.9965600926283116,1,0.5274288416828373,0.5282992499915897,0,1,172800,0.0,-0.05928263745094539,-299.24999991200457,-29.89320851607909,0.053397810195819614,-0.0002368684953489117,-2.941859338534414e-05,0.08333333333333333,0.0,600.0,85.18333461392761,5.531811094476059,0,1,0
S7_p020_t004_s1019946476,2026-10-08T21:28:00Z,S7,20,2,0,0,54137b8c162146e5fb446f0143af548c87629ae2befaa5509fb6f7f0336e1b27,12000,16,1,180000,0.996513156943237,1,0.5274670839185365,0.5282992499915897,0,1,172800,0.0,-0.05891624057204886,-299.2500003687346,-30.106468631243924,0.04841877595235854,-0.00020641873751647908,-2.563679436207167e-05,0.08333333333333333,0.0,600.0,37.019781389720805,6.026767316286165,0,1,0
S8_p000_t000_s1451638557,2026-10-08T21:28:30Z,S8,0,12,0,0,0783f50c26a0a4d4f6f1be474bfb09a198a13baf5ba159a4b2f403e3b7a72afe,12000,16,1,180000,0.998161338362465,1,0.7795723717538106,0.7813339612689649,0,1,172800,0.0,-0.09056126492099316,-298.58333206966626,-29.6557166464045,0.10389280453044313,0.0001171477697694623,1.454951870982768e-05,0.08333333333333333,0.0,600.0,45.31984716479945,15.677307562404533,0,1,0
S8_p000_t001_s686175255,2026-10-08T21:28:45Z,S8,0,12,0,0,17e44dc35b700a7fa79b868f8c62594af5c2f1033b63f2af3539eabf3fb270be,12000,16,1,180000,0.9982091350883376,1,0.7798800630828171,0.782031835052609,0,1,172800,0.0,-0.08864800011940475,-298.5833332240436,-29.652524947625622,0.08968397326385644,0.00011553398749711367,1.4349090179166524e-05,0.08333333333333333,0.0,600.0,50.768888767099895,15.225944201493846,0,1,0
S8_p000_t002_s147853078,2026-10-08T21:29:00Z,S8,0,12,0,0,4957c8e1b5fd343fdcffd7707fe50ccd66640a639d63854ec4b9a157f5f14510,12000,16,1,180000,0.9801454626124309,1,0.780325045483868,0.782031835052609,0,1,172800,0.0,-0.24857414529905109,-298.5833372706711,-14.193000717709756,41.44143788397259,-0.0014883243002914662,-0.00018484690144759952,6.5,0.0,600.0,75.13567456461232,29.087261183312187,0,1,0
S8_p000_t003_s1651849846,2026-10-08T21:29:15Z,S8,0,12,0,0,5d6f309d8e270312d6242c58bab2563332c012602336ce3290c31f863b77b384,12000,16,1,180000,0.8623345723329773,1,0.6937968686970433,0.7812855341615296,0,1,172800,0.0,-0.08978496496822641,-288.5416618486421,-29.300599008251172,0.10858666314145714,-7.825240113605313e-05,-9.718791716295527e-06,0.08333333333333333,0.0,600.0,91.77668110082547,15.365705048190092,0,1,0
S8_p000_t004_s285589846,2026-10-08T21:29:30Z,S8,0,12,0,0,6ba089105bfd2b9267db7b2e62810f3b3338e53aa346e79eb409be05a51787f3,12000,16,1,180000,0.8629116232881121,1,0.6937472481270643,0.7807268557375117,0,1,172800,0.0,-0.08986329532175885,-288.54166294528414,-29.17678170700747,0.10359879756915258,-0.00015257678371676485,-1.8949731384054758e-05,0.08333333333333333,0.0,600.0,98.33046950245874,15.176501846479205,0,1,0
