slot,cycle_utc,scenario,part,n_truth_rows,oversize,after_oversize,wav_sha256,fs,bits,channels,n_samples,rho_peak,rho_sign,rho_neighbour_max,ref_vs_neighbour_ref_rho,lag_ambiguous,g_sign,n_support,lag_lost,g_db,tau_ms,resid_db,step_db_max,drift_ppm,drift_dlag_samples,zero_run_ms,head_zero_ms,tail_zero_ms,click_max,tile_excess_db,clip_n,nondiscriminating,ref_mismatch
S1_p000_t000_s913544046,2026-10-08T19:41:00Z,S1,0,1,0,0,21ef2942d0d97ade7f3c786b15108f6fcb57332f6a21dffa128870c7596db819,12000,16,1,180000,0.7910916061271385,1,0.036261102521621826,0.02956592747315697,0,1,174524,0.0,-2.8529422772670685,-256.30546184618225,-7.6128862731784395,0.1366530062439162,-0.001070533626877555,-0.00013480373536367551,0.08333333333333333,0.0,0.5,4.8251792590926295,4.95946829057846,0,0,0
S1_p000_t001_s68344610,2026-10-08T19:41:15Z,S1,0,1,0,0,3223899f3b981564639b46db696748c3b19d6d67910153e27565c1f6eb440823,12000,16,1,180000,0.7926211614779191,1,0.040639484235729995,0.030887026653478054,0,1,174530,0.0,-2.8278685540828525,-255.8054465615047,-7.638446826020681,0.13464196119798374,0.0013679715457235687,0.00017226592080987757,0.08333333333333333,0.0,0.0,5.007355227919713,5.298517436123992,0,0,0
S1_p000_t002_s205210819,2026-10-08T19:41:30Z,S1,0,1,0,0,a2b3d40984a919a9b6858477b444b8664e36a36efffc620d8c7f7a874309fdea,12000,16,1,180000,0.7914764938657287,1,0.05531374871341759,0.04584283300923298,0,1,174471,0.0,-2.849884863200975,-260.7221258279654,-7.598439227065892,0.09476951039274233,0.0009460458623489256,0.00011907784664799692,0.08333333333333333,0.0,0.0,4.879136041946619,5.777127418604831,0,0,0
S1_p001_t000_s1915168523,2026-10-08T19:41:45Z,S1,1,1,0,0,5823699b249bac0e22d0cb318f523645495dc345af17d93affcb3064654ab657,12000,16,1,180000,0.8006853901206175,1,0.08381973088862599,0.06898944693947938,0,1,174417,0.0,-2.695582436275398,-265.2221711400313,-7.82362066591819,0.2796270190866295,0.012166389058374989,0.0015307142393794493,0.08333333333333333,0.0,7.583333333333333,5.619685867287253,8.574790893122078,0,0,0
S1_p001_t001_s1105300121,2026-10-08T19:42:00Z,S1,1,1,0,0,6b2dc80d8da98031fe8c8b9033df2c52ce95d17d041f2c118477f22e9f73ec19,12000,16,1,180000,0.800040296990917,1,0.08302884215704005,0.06898944693947938,0,1,174508,0.0,-2.7110995422780997,-257.63885247373884,-7.779361580000407,0.30154079722276095,0.006739285425605707,0.0008485164707963122,0.08333333333333333,0.0,0.0,5.420099774438363,8.958925452142413,0,0,0
S1_p001_t002_s1345625016,2026-10-08T19:42:15Z,S1,1,1,0,0,e612768476590c33b7b12467e27148f125625e8d445d145aa1669225fabfc01e,12000,16,1,180000,0.7984205251594009,1,0.1047336749062668,0.08369050839214716,0,1,174489,0.0,-2.730129087208275,-259.22211489909506,-7.773178728148283,0.2625066264118107,-0.0044812971869442175,-0.0005641370589728467,0.08333333333333333,0.0,0.0,4.491346693279594,8.10523574448563,0,0,0
S1_p002_t000_s1491760006,2026-10-08T19:42:30Z,S1,2,1,0,0,6b14fc205a1ffc07221a0b2321faafa1ea284f6503412b87e83796d81d49a47c,12000,16,1,180000,0.8080951321094867,1,0.13150362797854745,0.10617227651817505,0,1,174481,0.0,-2.5705290182070115,-259.88884565498,-8.015512190407062,0.5016976053434523,0.00896360408369315,0.0011283295184512099,0.08333333333333333,0.0,0.6666666666666666,5.100068666510443,9.930465266394192,0,0,0
S1_p002_t001_s546635023,2026-10-08T19:42:45Z,S1,2,1,0,0,946363a3f2408950290f2ca40362530a2fcbddfd27211606d748eda50befde6e,12000,16,1,180000,0.8078751405606348,1,0.12727305429433405,0.10617227651817505,0,1,174489,0.0,-2.580068035125832,-259.2222070545231,-7.985286710070678,0.4022976439899767,-0.003055937757887152,-0.0003847028365271399,0.08333333333333333,0.0,0.0,4.867890714784559,10.340957582758728,0,0,0
S1_p002_t002_s714902369,2026-10-08T19:43:00Z,S1,2,1,0,0,9d9d8f38a378da3c4a2a817d5dc4dbd3bb7f7d5d52e382c080174977adefa4d7,12000,16,1,180000,0.8067905755625476,1,0.18145903498290125,0.14670016776381692,0,1,174398,0.0,-2.593923560266376,-266.8055037214199,-7.992066090474852,0.3646770705534108,0.004104427327581348,0.0005163205401004234,0.08333333333333333,0.0,8.666666666666666,5.018545653202368,10.22435377838167,0,0,0
S1_p003_t000_s474144144,2026-10-08T19:43:15Z,S1,3,1,0,0,6618fc37d42c739713538162c9f61ba983bb9a71cd0b947a5afc430b83b10553,12000,16,1,180000,0.8269556256948051,1,0.24752361543435766,0.205272445875899,0,1,174502,0.0,-2.280159285132957,-258.13911495784123,-8.468080238947081,0.7225677551593713,0.021313364151570507,0.002683352546682727,0.08333333333333333,0.0,0.0,4.753172590221759,13.000195084929624,0,0,0
S1_p003_t001_s1226819330,2026-10-08T19:43:30Z,S1,3,1,0,0,fa57f298b0217db2076058c660f20f183793f99f937900be1a5c2b8812454143,12000,16,1,180000,0.8274708248201151,1,0.24777779445451684,0.2067914222664561,0,1,174456,0.0,-2.2711345159406777,-261.97239575500805,-8.482014118727697,0.6347876151312871,0.011075424206691034,0.0013938864381088933,0.08333333333333333,0.0,0.0,4.699987462229884,13.201614077683496,0,0,0
S1_p003_t002_s1182452760,2026-10-08T19:43:45Z,S1,3,1,0,0,9bf575dce3f9b584e76f96e225162d9e63df2cff979f8ad2ccdf57ba73a37b5f,12000,16,1,180000,0.8279123229826493,1,0.30787584768156595,0.2618170648542017,0,1,174450,0.0,-2.2694355677620246,-262.47246960199055,-8.488689182532994,0.7334472211821613,0.015551868525542516,0.0019571715502024745,0.08333333333333333,0.0,0.0,4.655276217011033,13.282191381363852,0,0,0
S1_p004_t000_s184630235,2026-10-08T19:44:00Z,S1,4,1,0,0,d654989480ddef3fe5ca5912a6bf108b4e9f0955edb78bd58af6558afc62fa09,12000,16,1,180000,0.8505983519245103,1,0.3735774853037854,0.3240614133098152,0,1,174426,0.0,-1.9105394756694887,-264.47266614120235,-9.218067144432718,1.1125135821340486,0.022407227632080164,0.0028193670095788548,0.08333333333333333,0.0,0.0,4.7555110622785906,15.69256283881381,0,0,0
S1_p004_t001_s792672454,2026-10-08T19:44:15Z,S1,4,1,0,0,a744b0f67d3275f21cf3e0cdc2a29e9f10d72548416ffea1a0f3388d0fabe25e,12000,16,1,180000,0.8494803134780442,1,0.37619290047616866,0.3244084884058915,0,1,174402,0.0,-1.9243281393764933,-266.47262826899896,-9.186809077516843,0.9917776015185793,0.013547989018356518,0.00170433701850925,0.08333333333333333,0.0,2.3333333333333335,5.236064001855598,15.633353640877615,0,0,0
S1_p004_t002_s2116022063,2026-10-08T19:44:30Z,S1,4,1,0,0,e54042228ad930a3f6c4a0103af4b734b8568e8cafb19d438276a639a17b32a3,12000,16,1,180000,0.8500885818386346,1,0.46210017176418083,0.40085981705685186,0,1,174430,0.0,-1.9145110058296977,-264.1393022501185,-9.203335564318596,0.9864026484228011,0.030838025601569046,0.0038802870853942295,0.08333333333333333,0.0,0.0,4.846721215940725,15.77033358347596,0,0,0
S1_p005_t000_s528655056,2026-10-08T19:44:45Z,S1,5,1,0,0,519e6023e918bea1d9fd59aeb09fb2de3c1b1652ea0fb1bdf6f7c8f5343d0ba3,12000,16,1,180000,0.8809732379193678,1,0.5469036435103874,0.49594440376218796,0,1,174407,0.0,-1.439166130936712,-266.05631230624385,-10.468055939158523,1.6131611360920017,0.03257073583348262,0.004097561421531282,0.08333333333333333,0.0,0.16666666666666666,4.385454750395198,18.65943421760302,0,0,0
S1_p005_t001_s108725431,2026-10-08T19:45:00Z,S1,5,1,0,0,ecf566feb55a78fcdc8b6dd5acf37187324143feac39d45b113dfc5df89c2d06,12000,16,1,180000,0.8809410439481296,1,0.5464311324808415,0.49594440376218807,0,1,174409,0.0,-1.4398447912167192,-265.8896361608331,-10.465476551473703,1.493187031047042,0.031676710802504095,0.0039851519559306325,0.08333333333333333,0.0,5.5,4.662279346663636,18.642737366504967,0,0,0
S1_p005_t002_s2006277236,2026-10-08T19:45:15Z,S1,5,1,0,0,3d420d5b6da3400bf860e7d186d5a1afce07562a3e2989c490e1007239076bc3,12000,16,1,180000,0.880953779807473,1,0.6325080521487519,0.575200827769748,0,1,174475,0.0,-1.4407952784966924,-260.38964052738146,-10.465005524145191,1.5140880312702918,0.032565169345639806,0.004099075561043719,0.08333333333333333,0.0,0.0,5.055250443874844,18.669247779890036,0,1,0
S1_p006_t000_s147152921,2026-10-08T19:45:30Z,S1,6,1,0,0,ee7aae2377fc56657af80a923cd084f27dd2b80d56888facd4225cc8784d6547,12000,16,1,180000,0.9120023470909487,1,0.7088972971258398,0.6695122953158428,0,1,174395,0.0,-0.967965489772834,-267.0566587575595,-12.37719085733703,1.9871093038650733,0.027429648016308716,0.0034504577129155223,0.08333333333333333,0.0,0.5833333333333334,4.362421635726262,20.522388415923402,0,1,0
S1_p006_t001_s1953053430,2026-10-08T19:45:45Z,S1,6,1,0,0,5fbed3ddb27422df02a487a011073587b71e27099e08547abb2c1a9f444afae4,12000,16,1,180000,0.9116482662004494,1,0.7081848384563666,0.6695122953158428,0,1,174402,0.0,-0.9775439667608496,-266.47335860357515,-12.304512179268523,2.0206478609664025,0.03247639586042037,0.004085530599240883,0.08333333333333333,0.0,303.0,4.4579975831446,20.55699881356132,0,1,0
S1_p006_t002_s147567551,2026-10-08T19:46:15Z,S1,6,1,0,0,2673d35496d2de7f7f3694cd2cde27da5ad4a8c684d67a88101407a7e7714589,12000,16,1,180000,0.9117653010762256,1,0.7672437216358948,0.7239516056757861,0,1,174266,0.0,-0.9743372975533149,-277.806674672988,-12.327440668240303,2.0315370370689343,0.03188031696923987,0.004006208151622559,0.08333333333333333,0.0,0.0,4.657988108611066,20.28254652644516,0,1,0
S1_p007_t000_s1402667823,2026-10-08T19:46:30Z,S1,7,1,0,0,9216bb5308d74b3303f96b2343c3973b91ba3802a404a78ea8715d4737be2fd9,12000,16,1,180000,0.9326071157213612,1,0.8141973494548743,0.7888016545704567,0,1,174207,0.0,-0.662769948972336,-282.72360215229617,-14.348845869171418,2.3114644112681324,0.027599019486525548,0.0034665748426050413,0.08333333333333333,0.0,0.0,4.855047057283023,22.01260295345381,0,1,0
S1_p007_t001_s1425587327,2026-10-08T19:46:45Z,S1,7,1,0,0,518267faf16db8ff1a4f2f32f8fef772b81f115437b32a4082b466fbe00d16be,12000,16,1,180000,0.9327343291335483,1,0.8141994454845721,0.7888016545704567,0,1,174172,0.0,-0.6615723661326421,-285.64029154430557,-14.353485571226214,2.4016144955177356,0.028896144067779562,0.0036284888105910795,0.08333333333333333,0.0,3.5833333333333335,4.78367088264661,21.96793014135821,0,1,0
S1_p007_t002_s718289455,2026-10-08T19:47:00Z,S1,7,1,0,0,6a73d5e33c4c1bab190161fd10f5cb4f68722b0cc442e36b1469fedb3f771e6e,12000,16,1,180000,0.9322807724046621,1,0.8643350481611564,0.8385280478656059,0,1,174215,0.0,-0.6677248699145266,-282.05693436634886,-14.306782915004451,2.339537340716436,0.026134564031488842,0.003282840991687408,0.08333333333333333,0.0,0.0,4.8285901324096265,21.941723233972557,0,1,0
S1_p008_t000_s1206520285,2026-10-08T19:47:15Z,S1,8,1,0,0,d37c970c1255b2cfade3479bae5f50a6c2d21f0a203deb66bccf184334d337a5,12000,16,1,180000,0.950126052807137,1,0.8999200494973022,0.8922877015429264,0,1,174173,1.0,-0.40518003678993164,-285.5571918385267,-17.32150197972784,2.6721683071541404,0.02061136269394528,0.002588189424841403,0.08333333333333333,0.0,0.0,4.888513844532513,23.18617224315194,0,1,0
S1_p008_t001_s1462033172,2026-10-08T19:47:30Z,S1,8,1,0,0,9e0229d69085869f9dbb07f1d2c86f1dba79c1e22aa9b355faa048a2c67d1165,12000,16,1,180000,0.9499035690242137,1,0.9007032515779413,0.8922877015429264,0,1,174164,1.0,-0.40896151198790176,-286.30719097017874,-17.25980015927042,2.5792734510157715,0.01451595841088907,0.0018226527699880535,0.08333333333333333,0.0,3.75,4.996937720220659,23.361889933418396,0,1,0
S1_p008_t002_s1537966073,2026-10-08T19:47:45Z,S1,8,1,0,0,0e16766fd081f9efeef8ab504f0de66800024a300256f043f2d55c02cc100944,12000,16,1,180000,0.950154595371868,1,0.9210827018737954,0.9131794267773907,0,1,174209,1.0,-0.40526058626714273,-282.5571982527769,-17.322044495748226,2.5570973904454886,0.018930908719364283,0.0023778546515131893,0.08333333333333333,0.0,0.0,4.537385627931556,23.493184020992224,0,1,0
S1_p009_t000_s758409719,2026-10-08T19:48:00Z,S1,9,1,0,0,0acd8de10a503671bcfc46e2931dd57e3a808387ab43417aad35bbf26b59956b,12000,16,1,180000,0.9570497828009523,1,0.9343193984033785,0.9343002500583387,1,1,174174,nan,-0.30410275367463624,nan,-19.485452287654283,2.6817484503914195,nan,nan,0.08333333333333333,0.0,0.0,4.89273785783368,23.730005079594232,0,1,0
S1_p009_t001_s1723470335,2026-10-08T19:48:15Z,S1,9,1,0,0,f433cfda55c8a131b1398eba06cf7d4688b1e58d8c6d3c3d07fd8b8c38a59308,12000,16,1,180000,0.9569929351835639,1,0.9343469139672238,0.9343002500583387,1,1,174157,nan,-0.30484382014151895,nan,-19.448314515672525,2.7163946788911946,nan,nan,0.08333333333333333,0.0,0.6666666666666666,4.654305112091969,23.657772734940412,0,1,0
S1_p009_t002_s1581091521,2026-10-08T19:48:30Z,S1,9,1,0,0,4509900ba340c792b8acb250c67c815c11ecffca48096e1fe7742c39a253fb01,12000,16,1,180000,0.9569517944436816,1,0.934444077588886,0.9342265314570748,1,1,174165,nan,-0.30588157159716867,nan,-19.433433958936334,2.814772990101162,nan,nan,0.08333333333333333,0.0,320.9166666666667,4.615226109303264,23.77053140824962,0,1,0
S1b_p000_t000_s670279447,2026-10-08T19:49:00Z,S1b,0,1,0,0,2b11bdbc5a0f12e47e80f946e951ad879bb253cf0377e02874ee7cfa697c2979,12000,16,1,180000,0.7874105555581856,1,0.05361597421313843,0.04314353477945923,0,1,173959,0.0,-2.905770705375171,-303.38872747866964,-7.564034615569593,0.12617301966456113,-0.0033585167223411476,-0.00042101358076251927,0.08333333333333333,0.0,0.0,4.945967638200907,2.1793153094423574,0,0,0
S1b_p000_t001_s755619207,2026-10-08T19:49:15Z,S1b,0,1,0,0,7116429d842adff721be3f1c665427760678f5143ddcb6e8acb163dac8d991a4,12000,16,1,180000,0.7875312248413949,1,0.011446824521781,0.011555912219765227,0,1,173950,0.0,-2.9077708142148766,-304.13874076804734,-7.541137662505549,0.09998194809021559,0.014519649643496365,0.0018200090435129823,0.08333333333333333,0.0,3.0833333333333335,4.687729207882939,2.3172332211234377,0,0,0
S1b_p000_t002_s405040029,2026-10-08T19:49:30Z,S1b,0,1,0,0,0eaf34e73b0cf98a8bc39952ae04ee32d1a0e2a91bc51f4dcaac2c884362e5a1,12000,16,1,180000,0.7864017246263532,1,0.01179518439551942,0.011555912219765223,0,1,173987,0.0,-2.9278314899095297,-301.05538890495944,-7.512994663126758,0.12816543369632724,-0.018408032250452514,-0.0023080911237229884,0.08333333333333333,0.0,0.0,4.959694585925865,2.258225575087509,0,0,0
S1b_p001_t000_s421145395,2026-10-08T19:49:45Z,S1b,1,1,0,0,64068a84ccae469372e0d1c5c327319bd03aa17c5e317042cbdceb7441cbc1ad,12000,16,1,180000,0.7875783453823004,1,0.011913072665826528,0.011333582432054332,0,1,173906,0.0,-2.9082060015108677,-307.80537804462017,-7.5337094074354995,0.12382041630754916,0.004180795467241885,0.0005238703952272772,0.08333333333333333,0.0,6.166666666666667,5.524421835442582,2.0793225313523287,0,0,0
S1b_p001_t001_s617056408,2026-10-08T19:50:00Z,S1b,1,1,0,0,d3eb35514cd71cc1157cccdc9217cb7dd306ab35381dcd5406453303fdfa37af,12000,16,1,180000,0.7870382755499348,1,0.011946147759022691,0.011305349550454044,0,1,173980,0.0,-2.924082824409217,-301.6387967904411,-7.49508139784991,0.15368758762152976,0.007700495037794944,0.0009654726668486546,0.08333333333333333,0.0,0.5,4.639454608366302,2.2214435000087773,0,0,0
S1b_p001_t002_s1338794941,2026-10-08T19:50:15Z,S1b,1,1,0,0,dbc45541829a68177670a0f7c7079e923f9932c9f687d54aa119c7e95897fbe6,12000,16,1,180000,0.7872969867234493,1,0.01113515771208957,0.012603220098951503,0,1,173986,0.0,-2.9136900232091896,-301.1387548401132,-7.534392939661174,0.18093712468280734,-0.008321710564407373,-0.0010434093574076542,0.08333333333333333,0.0,0.9166666666666666,4.748995592029548,2.190524665208688,0,0,0
S1b_p002_t000_s265536591,2026-10-08T19:50:30Z,S1b,2,1,0,0,490c02e75da7a33b9f4eade9b0b66784239a7130f1aab249a4f8bbd0e89f13cd,12000,16,1,180000,0.7879709411376321,1,0.01354746274204596,0.0126032200989515,0,1,173997,0.0,-2.9014455934204286,-300.22204296597556,-7.530721048422816,0.18194212041923474,-0.0057186710263405225,-0.0007170927533479698,0.08333333333333333,0.0,1.4166666666666667,5.448366386401567,2.3332673279102014,0,0,0
S1b_p002_t001_s984384874,2026-10-08T19:50:45Z,S1b,2,1,0,0,515339a663f78e7f6f762ad0a4bc8fc4a47c52f080fe522978fce1ded43554ad,12000,16,1,180000,0.7896696516743036,1,0.014388731722629153,0.01298530339325719,0,1,174014,0.0,-2.875518751945541,-298.8053974866495,-7.57241131281135,0.12829357250073087,-0.00029113367634055665,-3.651165661722189e-05,0.08333333333333333,0.0,0.0,4.936522170061965,2.6095239034329736,0,0,0
S1b_p002_t002_s1445559193,2026-10-08T19:51:00Z,S1b,2,1,0,0,d3963304b6b2ca7ee5716b1d966db15033ac7077abe250b6792e073ebf13217a,12000,16,1,180000,0.7880867680120356,1,0.018271312254130298,0.015758898130045152,0,1,173935,0.0,-2.8972433738880374,-305.3887254609126,-7.56294918520001,0.1298420932910154,-0.00850942684205368,-0.001066511994395114,0.08333333333333333,0.0,1.4166666666666667,4.558677273634722,2.9837624861635073,0,0,0
S1b_p003_t000_s799072493,2026-10-08T19:51:15Z,S1b,3,1,0,0,495c0bb19426f83ab7f61248bb1e44f24395e289354a415660143639c81723c7,12000,16,1,180000,0.7902918995960009,1,0.02220813799770698,0.018272154502737295,0,1,173952,0.0,-2.8648033100725216,-303.97207374842645,-7.592891858447915,0.17591765409918875,-0.005215267889505286,-0.0006537338299494877,0.08333333333333333,0.0,2.1666666666666665,4.702010525386828,3.8391427876969986,0,0,0
S1b_p003_t001_s1267271188,2026-10-08T19:51:30Z,S1b,3,1,0,0,7b71fbe03dd9262c8c981d71e74461bd4bee10c14fda76100d4fb82ca22d5bf5,12000,16,1,180000,0.7891409903877361,1,0.02245842604028202,0.020243011075190154,0,1,173978,0.0,-2.8807680253353203,-301.80538740508746,-7.579839323297221,0.18467043871830235,-0.003566391927510575,-0.0004471399543035659,0.16666666666666666,0.0,0.0,5.203931813553442,4.143730187497855,0,0,0
S1b_p003_t002_s60044557,2026-10-08T19:51:45Z,S1b,3,1,0,0,fad5a4b83e268d6dabe96d79e2bfe480a51353784897f7115ec6b3dd93e73faf,12000,16,1,180000,0.7898850552821381,1,0.02301065561799037,0.020243011075190158,0,1,173912,0.0,-2.871987195389255,-307.3054217840345,-7.578916803053096,0.1686032777021632,0.02225417110698922,0.002788670181416819,0.08333333333333333,0.0,345.25,4.750211111730192,4.094910287752487,0,0,0
S2_p000_t000_s1289144792,2026-10-08T19:52:15Z,S2,0,1,0,0,fb0ac2dac508a0309a43730428c0e9dabcc3da1c39f2a2ad7bfe861c7540c1c3,12000,16,1,180000,0.8568218509954593,1,0.3599218594584874,0.3034330082516182,0,1,173943,0.0,-1.9261562925053388,-304.7221295289146,-9.030560520096055,1.0071015062691517,-0.0017577204691324796,-0.0002203144413215341,0.08333333333333333,0.0,6.416666666666667,4.7960540772257385,16.282720015045438,0,0,0
S2_p000_t001_s68113513,2026-10-08T19:52:30Z,S2,0,1,0,0,3f43d8f6f78a5187eefe05f29e8fe902ecaf11253577f2f86e866bff866a7cb2,12000,16,1,180000,0.8578744849928486,1,0.3632651146369627,0.30742776009651607,0,1,174020,0.0,-1.9121809033763366,-298.3055114453151,-9.056023511652969,1.1266182046366207,0.01673144393954642,0.0020984242360100325,0.08333333333333333,0.0,0.0,4.709732137452362,16.31942196850258,0,0,0
S2_p000_t002_s492170927,2026-10-08T19:52:45Z,S2,0,1,0,0,c563928a65b304c176d6baf6818f39e15fda05757864d39946b3c748a5538dc2,12000,16,1,180000,0.8576618835414893,1,0.3630774197004014,0.30742776009651607,0,1,173915,0.0,-1.916343353553682,-307.05548275231195,-9.046360447629647,1.0413926196556589,-0.0010926958591570602,-0.0001369289961985487,0.08333333333333333,0.0,8.333333333333334,5.125396600815605,16.412191971242006,0,0,0
S2_p001_t000_s2106742562,2026-10-08T19:53:00Z,S2,1,1,0,0,6e18d15d12e54bf287e37bba0f18bcd1ded7695df8206872b16c1558b7eed90c,12000,16,1,180000,0.8566486576893731,1,0.36069676140344664,0.30578272388914524,0,1,174015,0.0,-1.9219765161999907,-298.7223292131954,-9.025130085237901,1.1635784622528265,0.0052359432415920535,0.0006566553497577843,0.08333333333333333,0.0,0.0,4.691909895952634,16.323631308940524,0,0,0
S2_p001_t001_s1155555599,2026-10-08T19:53:15Z,S2,1,1,0,0,343549bc56491d6ace3f22f98a8324aee89b7fa8c03fa197ca3f4aa2b5d1af04,12000,16,1,180000,0.8569822827098641,1,0.36259470912223046,0.30634906820550983,0,1,173948,0.0,-1.9174100557442344,-304.30567235576746,-9.051977149575636,0.9901411946241158,0.012296903503141795,0.0015413676665048115,0.08333333333333333,0.0,0.0,4.985584359041236,16.098133761705395,0,0,0
S2_p001_t002_s1218472882,2026-10-08T19:53:30Z,S2,1,1,0,0,e3582e8ad39cb00b097d9ff26daf6122e5ba9fd358ee4f8f32b93990875d67be,12000,16,1,180000,0.8566923861620038,1,0.3619802781265974,0.30634906820550983,0,1,173946,0.0,-1.9164373654535902,-304.4723149997026,-9.060960668000323,0.9939044643618369,0.013667954152810052,0.0017131960453298234,0.08333333333333333,0.0,1.9166666666666665,4.811187669112807,16.15152781656749,0,0,0
S2_p002_t000_s1410889249,2026-10-08T19:53:45Z,S2,2,1,0,0,60b611905a18c78714a7875faf987e557dbbe6423ef35fa3ee08eb3a6f72e68f,12000,16,1,180000,0.8545874247537063,1,0.35744090296909975,0.3033898382135205,0,1,173969,0.0,-1.9317987424999243,-302.55587168396477,-9.008151425264614,1.0837156552923584,0.014444186565036198,0.001810824337098893,0.08333333333333333,0.0,0.5833333333333334,4.7676584162347835,16.15337918841047,0,0,0
S2_p002_t001_s1295536992,2026-10-08T19:54:00Z,S2,2,1,0,0,4712fa3d9cbead8b8d87c037fda15ebdd6a2d4f9ef4a668942e10177c1695f79,12000,16,1,180000,0.8538185165451828,1,0.3607215359175191,0.3043322498678894,0,1,173976,0.0,-1.943019103517393,-301.97250907814185,-8.982464019926327,0.992608991240802,0.03148947338007499,0.003947961235553521,0.08333333333333333,0.0,0.0,4.726299516970524,16.00854647421078,0,0,0
S2_p002_t002_s1338324977,2026-10-08T19:54:15Z,S2,2,1,0,0,5536bc058705d6d9adcc40098b6e570f7376864367d0df8c9868fad325fc5b8d,12000,16,1,180000,0.8551839728773238,1,0.35732545338536237,0.3043322498678894,0,1,173966,0.0,-1.9233463544238794,-302.805885423144,-9.02960742925705,0.9629350884672055,0.02346677150358317,0.0029418883427752007,0.08333333333333333,0.0,0.0,4.602994135107062,16.29576024499807,0,0,0
S2_p003_t000_s1727962604,2026-10-08T19:54:30Z,S2,3,1,0,0,009d755370c1e70fa14c96c6d82809a736e86c6fd7ec298b2b1ebeeab595a344,12000,16,1,180000,0.8522245621687728,1,0.3603940896255393,0.3051709554492243,0,1,173917,0.0,-1.936620278263037,-306.8893171732464,-9.025648548461696,0.9932629355987463,0.029620528868601476,0.003711896575168794,0.08333333333333333,0.0,7.166666666666667,4.719805995839528,15.798069158011629,0,0,0
S2_p003_t001_s505940398,2026-10-08T19:54:45Z,S2,3,1,0,0,c57d977cf2d7cda8bba7e435d5cd365a3be457fe2143fca679a29c59aedee17b,12000,16,1,180000,0.8526792740378811,1,0.3617132825607531,0.30689079226417026,0,1,174003,0.0,-1.929704328183435,-299.7226423492145,-9.040784968457684,0.9559654124844812,0.01682672017363231,0.0021100875364936655,0.08333333333333333,0.0,0.0,4.982188073738714,16.044171952178303,0,0,0
S2_p003_t002_s1702346768,2026-10-08T19:55:00Z,S2,3,1,0,0,d9a781e1341fa37df1ffce04741272874ebd1d413c82d2d7d57b1ec3bc1ac36e,12000,16,1,180000,0.8513814791139471,1,0.3610791894909468,0.30689079226417026,0,1,173972,0.0,-1.9497062074348936,-302.30597825597454,-8.999237985836764,0.9599444726009478,0.0388202177498951,0.004866890699304349,0.08333333333333333,0.0,0.5833333333333334,4.921525300341515,16.082971533715405,0,0,0
S2_p004_t000_s1635038415,2026-10-08T19:55:15Z,S2,4,1,0,0,6a7f1c3609644dc476f444205bdcf38029df52e48b42ef3a6cb5c19979769d3e,12000,16,1,180000,0.8481984921176686,1,0.35864138298952375,0.3040231133054214,0,1,173979,0.0,-1.9664866232841438,-301.72268020940766,-9.030392333996963,1.0529368873709841,0.02616070755314384,0.0032799510308905155,0.08333333333333333,0.0,3.25,4.798857883049236,15.677728367733003,0,0,0
S2_p004_t001_s1183238402,2026-10-08T19:55:30Z,S2,4,1,0,0,2c6a360f4b2648663c5cd500084997d56a7cb83767d8a2938c1427fcadbd1e01,12000,16,1,180000,0.8481136460472882,1,0.36122905755682616,0.3069543546700123,0,1,174018,0.0,-1.9658400302951773,-298.472672340371,-9.026022859875338,1.0150832980159366,0.014761702470270957,0.0018513536770115024,0.08333333333333333,0.0,0.0,4.3933194282112895,15.547567751760926,0,0,0
S2_p004_t002_s333126784,2026-10-08T19:55:45Z,S2,4,1,0,0,e791ef403505eb7bb116a1a5ce4c5dcccda41d3e91230e9cdf1f18cc0dd2da7f,12000,16,1,180000,0.8474230973439211,1,0.358880544276035,0.3069543546700123,0,1,173908,0.0,-1.9778627952814265,-307.63934505266724,-9.01167576824285,1.0117957379643616,0.024441319462683846,0.003062643976591062,0.08333333333333333,0.0,5.25,5.004064249411358,15.561585661257439,0,0,0
S2_p005_t000_s356586922,2026-10-08T19:56:00Z,S2,5,1,0,0,bee90d73bfef496ca5379cc00a927e389ee6ba7e2ed6314f0f499c2f28dc12b9,12000,16,1,180000,0.8430624530817145,1,0.35545457799611685,0.3024432576008823,0,1,173971,0.0,-2.0055949571887286,-302.3891918628342,-9.076946647170303,0.968505187447247,0.006458053147282642,0.0008096396650216775,0.08333333333333333,0.0,0.0,4.824297786103888,15.04080248431123,0,0,0
S2_p005_t001_s1328624968,2026-10-08T19:56:15Z,S2,5,1,0,0,7a3bcc0e6be6c6ae790475542850fe51110ceec0b6c68eb3c005711279aeb97c,12000,16,1,180000,0.8427202287143741,1,0.3559270828260552,0.3024432576008823,0,1,173955,0.0,-2.0080213588705225,-303.7224963768525,-9.072747827692698,0.9539134973454517,0.013848136818185712,0.0017359054945700336,0.08333333333333333,0.0,4.166666666666667,4.481450562270619,15.118190832028333,0,0,0
S2_p005_t002_s843406380,2026-10-08T19:56:30Z,S2,5,1,0,0,c2d5740c4962fbd73f050314253a96638dc32ce9baf4310c11905b764a52da48,12000,16,1,180000,0.8436280269238413,1,0.3577083122489207,0.30237624104345756,0,1,174005,0.0,-1.994073320984099,-299.55582496775116,-9.10992084217586,0.9290126975193833,0.007335752454062049,0.0009199253649967432,0.08333333333333333,0.0,0.0,4.902473209170982,15.125970772381132,0,0,0
S2_p006_t000_s1939969654,2026-10-08T19:56:45Z,S2,6,1,0,0,33a82210ac8c488e0631a258ec7ccbf1ab7ac5f7551c0932f8b614c3f91fd5ee,12000,16,1,180000,0.8356293789381707,1,0.3487239721021249,0.3007940954549315,0,1,173918,0.0,-2.0662584836416102,-306.8054921105334,-9.151292556597356,0.8804037361960007,0.006049805137983513,0.0007581373806715419,0.08333333333333333,0.0,6.416666666666667,4.52097826943414,14.125602185502363,0,0,0
S2_p006_t001_s441937503,2026-10-08T19:57:00Z,S2,6,1,0,0,c1cf8a9c44cd1718147ba1e2c09e6d142710606493025eed84b175f524b0fdbb,12000,16,1,180000,0.8361121898791314,1,0.3530110890329397,0.30158918785722183,0,1,173995,0.0,-2.0560964804485713,-300.388807076409,-9.174502080641032,0.8187177989782729,0.010419463141402897,0.0013065277416899335,0.08333333333333333,0.0,331.0,4.443890563121127,13.986149749381802,0,0,0
S2_p006_t002_s781512667,2026-10-08T19:57:30Z,S2,6,1,0,0,f6a2e8c1f0df27f4bcba9723b5ab28b682978b69254184122a60ac7b84b0de6f,12000,16,1,180000,0.9425708435534722,1,0.35207144470455337,0.30158918785722183,0,1,173879,0.0,-2.0079414171108416,-310.0903442133889,-9.703430232078494,0.9458434155352893,0.07917569352503026,0.009918893357735215,0.08333333333333333,0.0,0.0,5.084261172890634,14.275250118589396,0,0,0
S2_p007_t000_s1531496940,2026-10-08T19:57:45Z,S2,7,1,0,0,77be61cb81b55622c9e2df7727566e61ad8acf543f5ebd6da4b2f425a51642f3,12000,16,1,180000,0.9436514069571142,1,0.3438202108178328,0.30472990527153115,0,1,173816,0.0,-2.0753154850563402,-315.340079196026,-9.817623490189112,0.7718964095688907,0.05372568084704455,0.006727207401581836,0.08333333333333333,0.0,0.0,4.912676438489341,12.809971834906385,0,0,0
S2_p007_t001_s326924126,2026-10-08T19:58:00Z,S2,7,1,0,0,5d13779447fff85cea4cb3aa144397f1c0bf105f594a4b0c084a4886a2daeec2,12000,16,1,180000,0.9431150001611611,1,0.3445156521254759,0.30472990527153115,0,1,173809,0.0,-2.0976754494169745,-315.92338029517606,-9.770115732184992,0.7569866152138369,0.0613314132270741,0.007679122255922266,0.08333333333333333,0.0,5.75,4.634939253758133,12.823875483881901,0,0,0
S2_p007_t002_s199391290,2026-10-08T19:58:15Z,S2,7,1,0,0,5b9d2c55d458ac60af38c50ff2bd44f0957c07c33631a6b299be0d14cfae76ee,12000,16,1,180000,0.9433033236793669,1,0.3435643895414677,0.30419482446468915,0,1,173878,0.0,-2.0945582384815857,-310.1733757861979,-9.7888231942215,0.7730545793496488,0.05674312823405515,0.007108552132649493,0.08333333333333333,0.0,2.916666666666667,5.044124926931054,12.816831766730658,0,0,0
S2_p008_t000_s2105928740,2026-10-08T19:58:30Z,S2,8,1,0,0,1a1f85b8a8c8a9555f99a00514e8e8ddac52d04fa46726755651c5cfcb6a5575,12000,16,1,180000,0.9447789563388824,1,0.34169602643436653,0.30489149280800537,0,1,173913,0.0,-2.200606379328653,-307.2562908212979,-9.914210417799248,0.6830484992294925,0.04039450858459984,0.005061876265244791,0.08333333333333333,0.0,0.0,5.029707138450135,11.078078840174722,0,0,0
S2_p008_t001_s2122849215,2026-10-08T19:58:45Z,S2,8,1,0,0,dceb8f2f649803e5b3e83651f71eb282e0f6edb91adc411ec9787cd751fbe5a8,12000,16,1,180000,0.9445740643785955,1,0.3398147662022557,0.3048914928080054,0,1,173865,0.0,-2.2009032124391306,-311.25629226381415,-9.896473428533527,0.7337183863539913,0.044187380055233705,0.00553504378785874,0.08333333333333333,0.0,0.0,4.841238956072852,10.929570841515783,0,0,0
S2_p008_t002_s1792617518,2026-10-08T19:59:00Z,S2,8,1,0,0,8f331b5126de8f2fb3962cafded7fa4b9c295b5d182f547815af228ec114967b,12000,16,1,180000,0.9448590441869893,1,0.3387235512655589,0.3047006888356329,0,1,173840,0.0,-2.1990307059256726,-313.33960749438,-9.916478557359202,0.6482396745431718,0.03989518518675165,0.004996393202418403,0.08333333333333333,0.0,0.0,5.314369589365679,10.922543369166451,0,0,0
S2_p009_t000_s1083440476,2026-10-08T19:59:15Z,S2,9,1,0,0,015e2db633ccccd9dea18f1198e2f9a63b16ab732bf92b836cca6c998a2729e3,12000,16,1,180000,0.9457324776141111,1,0.3231465686739822,0.3026875971946869,0,1,173831,0.0,-2.3606022320685045,-314.08910245337273,-9.963973774940966,0.4842101006462249,0.01927746120389769,0.002414097189102904,0.08333333333333333,0.0,0.5833333333333334,5.309848665856784,7.471237206896585,0,0,0
S2_p009_t001_s406326303,2026-10-08T19:59:30Z,S2,9,1,0,0,42db24b46bf3944812c3f8cacfa3b7b2086da62433ca15d8de5f1365c7d6966c,12000,16,1,180000,0.9459514943048559,1,0.32578748831350124,0.30294233744614524,0,1,173838,0.0,-2.354624716817847,-313.50576481542885,-9.98992575932994,0.5391783373142565,0.021430032128380343,0.0026838115036298404,0.08333333333333333,0.0,0.0,4.8331637401498,7.558605024055059,0,0,0
S2_p009_t002_s2144757372,2026-10-08T19:59:45Z,S2,9,1,0,0,f521cb1eb6792ebbabfdfd8700eef4bda02656398601a2ea1dbaf7984151659b,12000,16,1,180000,0.945669549268874,1,0.3258029907553446,0.30294233744614524,0,1,173833,0.0,-2.365976980424488,-313.9224231538441,-9.973424355096544,0.4171602973057065,0.01951371251249091,0.002443721731651749,0.08333333333333333,0.0,354.5833333333333,5.02678377139607,7.843792897793495,0,0,0
S3_p000_t000_s1030001410,2026-10-08T20:00:15Z,S3,0,1,0,0,3a856182c38c7f181ccb4d1bde1ab43d2003e7f00784ca9a3fbd9c32283bbd7f,12000,16,1,180000,0.8463362144315423,1,0.34919396405189135,0.3045154003390014,0,1,173714,0.0,-1.9757895074569745,-323.80595262064946,-9.06129088194699,1.0090108015148638,0.028126743794072952,0.0035189931695640553,0.08333333333333333,0.0,0.0,4.912113498263459,15.295480155596344,0,0,0
S3_p000_t001_s59102629,2026-10-08T20:00:30Z,S3,0,1,0,0,df6f2f94feeef672cc90f98dbdcab4d61faa4650e33231e4e2da61dde6d20a63,12000,16,1,180000,0.8451814547854114,1,0.3518414187113884,0.306005539118961,0,1,173671,0.0,-1.988935880284111,-327.3892217023349,-9.052210441826384,0.9584352808822725,0.044710765033110465,0.005591930671926093,0.08333333333333333,0.0,7.916666666666667,5.83144554457901,15.305977540106122,0,0,0
S3_p000_t002_s917633151,2026-10-08T20:00:45Z,S3,0,1,0,0,61447a2d28fd3b55b08a15fa3d2488b61d10f3f67c12d7cad5a55b5f1c62fd2b,12000,16,1,180000,0.845472061817411,1,0.35473703244974114,0.3124925690856233,0,1,173766,0.0,-1.9884055162653922,-319.4726056873381,-9.047508682805018,1.0831386761072501,0.034661227885319126,0.004338337927038083,0.08333333333333333,0.0,0.0,4.7635216349875815,15.699709186125304,0,0,0
S3_p001_t000_s1727488921,2026-10-08T20:01:00Z,S3,1,1,0,0,78ed5b6bddd2855a331d705e443f4f83b1996bf2714d20dc53ec20c8dc33d1f3,12000,16,1,180000,0.8466833706030523,1,0.3540560265807683,0.31249256908562334,0,1,173756,0.0,-1.9716945012004872,-320.3059541033666,-9.078567650298211,0.9816928874045974,0.022446964666643726,0.002809327415889129,0.08333333333333333,0.0,0.08333333333333333,4.500261199004565,15.310174137739295,0,0,0
S3_p001_t001_s1935099702,2026-10-08T20:01:15Z,S3,1,1,0,0,bcfac2bffbf6ffa84f40dceabd320d19446c8dd769ca60cba551fff5db7faa80,12000,16,1,180000,0.8463869410626979,1,0.35585780256422483,0.3036466965444167,0,1,173757,0.0,-1.9721460032747258,-320.2225795270527,-9.093561282591999,0.933679306188768,0.02456107013319473,0.0030739407325199863,0.08333333333333333,0.0,0.0,4.722964134837581,15.226873422171137,0,0,0
S3_p001_t002_s1247340308,2026-10-08T20:01:30Z,S3,1,1,0,0,46160eabe5bf34b14191fd90a8adf96c75d9761c3bd25745f33c7dbf2947a1f4,12000,16,1,180000,0.846224857277273,1,0.36352082736152036,0.31098793742537856,0,1,173669,0.0,-1.9793801048236837,-327.5559450521105,-9.060909965023772,0.9847829370805748,0.01318484248280179,0.0016489886947965715,0.08333333333333333,0.0,1.3333333333333333,4.955159887808316,15.269650948308522,0,0,0
S3_p002_t000_s2123842217,2026-10-08T20:01:45Z,S3,2,1,0,0,4ce616e95a06ecdbe43482ae53d4afd0756087d367b8de8571d6fdb54759b158,12000,16,1,180000,0.8463803431241171,1,0.3576306584103342,0.3109879374253786,0,1,173685,0.0,-1.9742775885663262,-326.22262338625177,-9.06853675899084,1.0819487447281277,0.008659680440868997,0.0010831788085852168,0.08333333333333333,0.0,0.5,4.556246308882796,15.141045286015276,0,0,0
S3_p002_t001_s741456992,2026-10-08T20:02:00Z,S3,2,1,0,0,e69fd9bb7d5831c96e14f4b518dbc8d174d30980f6827f96d36061d540fb335e,12000,16,1,180000,0.8464410561726401,1,0.35481213059740924,0.3089446546828953,0,1,173691,0.0,-1.971791853310238,-325.72257191685884,-9.090223437178201,0.8852573073558125,0.017590531941079023,0.002200382049977634,0.08333333333333333,0.0,5.75,4.737614959152939,15.16602759060885,0,0,0
S3_p002_t002_s859851708,2026-10-08T20:02:15Z,S3,2,1,0,0,bb63f2920a9c7d59e3b3090e0d26887d0e1cab66d0fbae2d98d3945264c5a7fa,12000,16,1,180000,0.8465475399780176,1,0.3608203638022681,0.30962191609163897,0,1,173760,0.0,-1.9709411726779693,-319.9726163474182,-9.079218151259512,1.0334512207082147,0.017006212601678297,0.0021284635568008525,0.08333333333333333,0.0,0.0,4.705130939211868,15.49744780826492,0,0,0
S3_p003_t000_s1497291008,2026-10-08T20:02:30Z,S3,3,1,0,0,eefbacd4ea2346684520c527e22adf5777a9cdbf8cdaa195959382f359c128e2,12000,16,1,180000,0.8462735312879838,1,0.35688406927632593,0.30962191609163897,0,1,173675,0.0,-1.9753293358294413,-327.05594966773543,-9.07009498354435,1.0098840390392336,0.015253058181533044,0.0019077457459388825,0.08333333333333333,0.0,0.0,4.757900119481995,15.311752479780083,0,0,0
S3_p003_t001_s2122590732,2026-10-08T20:02:45Z,S3,3,1,0,0,d43ec36cfc0e2a29371b12e220cdb20d5865c724571185b17393243935b6ae7c,12000,16,1,180000,0.8465040938096319,1,0.357478911552376,0.3081507351143619,0,1,173663,0.0,-1.9745424419875381,-328.05596094325546,-9.068469498632947,0.9117903282484179,-0.0013793812039799552,-0.00017250679275093717,0.08333333333333333,0.0,6.25,4.908630557017588,15.25097778985523,0,0,0
S3_p003_t002_s1592902622,2026-10-08T20:03:00Z,S3,3,1,0,0,e8818cea4cb7b374c3117695cbecc717e8acd960c4211af23fe405ba4d09f803,12000,16,1,180000,0.8463649904823088,1,0.35674766158003535,0.30907468233478935,0,1,173738,0.0,-1.9723850566164622,-321.80593521216485,-9.091486007850978,1.0235053736948823,0.002632030253806837,0.00032936173784037237,0.08333333333333333,0.0,0.0,4.893862383011338,15.443532554754025,0,0,0
S3_p004_t000_s1269981715,2026-10-08T20:03:15Z,S3,4,1,0,0,2295f72eec768e2a788475656bcc62af0c5051e8b4e36e497768c395c6481c47,12000,16,1,180000,0.8461011026116578,1,0.35511892088661134,0.30907468233478935,0,1,173693,0.0,-1.9793320429934789,-325.5559587629965,-9.063714652758671,0.9787156283232429,0.012011948898352965,0.0015025866996438708,0.08333333333333333,0.0,0.0,4.802681753398151,15.326274549330556,0,0,0
S3_p004_t001_s1736958637,2026-10-08T20:03:30Z,S3,4,1,0,0,3eaf14c1774591e50b79f6a2cbb434f96d6c57d9b483bf8631f2967dccd4c41b,12000,16,1,180000,0.8469555213247492,1,0.3567830193438161,0.30587392297740335,0,1,173678,0.0,-1.963231483525476,-326.80592430888646,-9.11120038348633,1.0026849425409432,0.011253178188632914,0.0014075025151214504,0.08333333333333333,0.0,0.0,4.577486320044902,15.24526074207466,0,0,0
S3_p004_t002_s204596110,2026-10-08T20:03:45Z,S3,4,1,0,0,8110d16d584c0b011950e197c4049c22ae5f051314246b41871cf305db6ea8d1,12000,16,1,180000,0.8462760976898435,1,0.3610825522775604,0.3098034291956534,0,1,173677,0.0,-1.9774896644721007,-326.8892941518467,-9.055380074762176,1.0720849325687705,0.0009581053993167096,0.00011983503281953745,0.08333333333333333,0.0,5.916666666666666,4.9695182696755245,15.404980021553014,0,0,0
S3_p005_t000_s1505505932,2026-10-08T20:04:00Z,S3,5,1,0,0,df9c21756f12a78f0e5d22bd478c7a3ae6140db6c3b5f7f8d3f014e746979c99,12000,16,1,180000,0.8464160517016858,1,0.35904284688722543,0.3098034291956534,0,1,173748,0.0,-1.9709644088325038,-320.9726038970979,-9.089724357508974,0.9561407209791475,-0.004159513295219502,-0.0005205464508435398,0.08333333333333333,0.0,2.25,4.758143192794259,15.310977480991216,0,0,0
S3_p005_t001_s574426862,2026-10-08T20:04:15Z,S3,5,1,0,0,f61115d93ff2bb3fbc3e8cdf9c823ec31f1307ee2e44bfb72132393d96357e9f,12000,16,1,180000,0.8467322126507795,1,0.36029011365791,0.30714933256120186,0,1,173775,0.0,-1.9712057552438556,-318.722661239685,-9.080526164134763,1.0793516989405871,-0.004893326200205603,-0.000612512320458336,0.08333333333333333,0.0,0.0,5.354847635042615,15.18765155579821,0,0,0
S3_p005_t002_s2081296688,2026-10-08T20:04:30Z,S3,5,1,0,0,0fc254189263f4420afbe969ac5843ba63ff365a477c5879c753f6c71a6b2d0d,12000,16,1,180000,0.6600570065248287,1,0.2876753683852637,0.3081398667041193,0,1,173852,0.0,-5.078053937476322,-312.33171172043757,1.1128503398574474,59.23805404504912,964.1706938238782,120.76237940144074,9.416666666666666,0.0,2.8333333333333335,8.03476087460468,22.702602122209044,0,0,0
S3_p006_t000_s1872296474,2026-10-08T20:04:45Z,S3,6,1,0,0,17227df71d0623794cfedd390f5a1cb35f034f7ae52f6decfde1fe4c9a1af572,12000,16,1,180000,0.9368612133297944,1,0.36076274240155737,0.30846932747155437,0,1,173886,0.0,-1.9163444624368686,-309.49225787661516,-9.582492121195568,0.9817359980098677,-0.016197055417303315,-0.0020292318909014284,0.08333333333333333,0.0,0.0,4.6161980513251,15.641297501849081,0,0,0
S3_p006_t001_s1187247710,2026-10-08T20:05:00Z,S3,6,1,0,0,c5d8e7df3a3f076afa7e8939e17f774021391cbe1ba277eb87aed543c3ab4b0d,12000,16,1,180000,0.9370458525679023,1,0.36332866022249244,0.30846932747155437,0,1,173822,0.0,-1.9110452450346591,-314.8256082479068,-9.597301272400891,0.9759237957350131,-0.01253181620210743,-0.0015692340248278924,0.08333333333333333,0.0,346.75,4.528681329910938,15.28630021630044,0,0,0
S3_p006_t002_s1223745501,2026-10-08T20:05:30Z,S3,6,1,0,0,4df62153d16d00b510480123b67d37f0d37a4c75ab58cbd2975dc97836e25d75,12000,16,1,180000,0.9368787406053906,1,0.36379049817135867,0.3102179815871073,0,1,173608,0.0,-1.917754962767859,-332.6589201351022,-9.584737945912018,0.9987375732215825,-0.01328075386074653,-0.0016601739171164809,0.08333333333333333,0.0,0.75,4.706654586330364,15.174516069539635,0,0,0
S3_p007_t000_s626911129,2026-10-08T20:05:45Z,S3,7,1,0,0,a673946f6086960eb0f1c82e2fc1a0388b964976c9e9d0ab5ca4ea95a835e9e5,12000,16,1,180000,0.9369821914090177,1,0.3631333071777283,0.31021798158710734,0,1,173617,0.0,-1.9127709480820458,-331.9089453175014,-9.58496805047971,0.9166718290766787,-0.02802464939727979,-0.003503501544400933,0.08333333333333333,0.0,0.0,4.421297796041092,15.144108556062418,0,0,0
S3_p007_t001_s1969339727,2026-10-08T20:06:00Z,S3,7,1,0,0,851d39a3d5af9a8c40fdfe2b3dfbeeba99b61cfbb646019dc684b0bf013f08ba,12000,16,1,180000,0.9367193815338711,1,0.3626945661212295,0.30784199682578184,0,1,173561,0.0,-1.9199201414208897,-336.5756223596909,-9.563359960925675,1.0739865318253659,-0.018864687384255136,-0.0023573124708491378,0.08333333333333333,0.0,0.0,4.691003755426271,15.631894420064707,0,0,0
S3_p007_t002_s115451501,2026-10-08T20:06:15Z,S3,7,1,0,0,65810f7ae406c3c2375a63d6ca955e2f56c71a66476e2906e262efb0193da44d,12000,16,1,180000,0.9359445260934237,1,0.3618127149107614,0.3072873981760882,0,1,173538,0.0,-1.9236427715954947,-338.4922675871191,-9.567424537155974,1.0085634675650377,-0.02392068964320101,-0.002988555281262961,0.08333333333333333,0.0,6.25,4.7608524901848,15.421071524965518,0,0,0
S3_p008_t000_s1467476825,2026-10-08T20:06:30Z,S3,8,1,1,0,c83c703bb08ac27fdb8b489c1c6a05623fd2fdc9072c2636a2a687c21e03d1b6,12000,16,1,180000,0.9365362288286473,1,0.36152274673946855,0.3072873981760882,0,1,173013,0.0,-1.9294626925813818,-382.24227303302115,-9.548250003773639,1.0001907861181902,-0.030926237671642192,-0.003847564154966676,0.08333333333333333,0.0,370.25,4.554831929252136,15.543987990394257,0,0,0
S3_p008_t001_s154111274,2026-10-08T20:07:00Z,S3,8,1,1,1,af11f553910fa1f293077c17fe9d37b4366b9b7b7626d2ed86cb9f2b8f521cac,12000,16,1,180000,0.9364329289614671,1,0.36092986425384066,0.3061175376827872,0,1,173674,0.0,-1.9321671924012582,-327.15892463919647,-9.55099005162436,1.0313983717202422,-0.02735373637852016,-0.0034211865163342736,0.08333333333333333,0.0,317.0,4.41814423163336,15.384348509082155,0,0,0
S3_p008_t002_s1142253482,2026-10-08T20:07:30Z,S3,8,1,1,1,ce7a29e2e4fb0501e89310d45a867e250bc38407b4e0adb152b4bbc336d8a7b5,12000,16,1,180000,0.9360197352951708,1,0.3623077457169079,0.30521026727056877,0,1,173621,0.0,-1.9456760139447302,-331.57559254894176,-9.516319937396014,0.9480852760384567,-0.03310510867896159,-0.004138767581935099,0.08333333333333333,0.0,324.8333333333333,4.946338764224847,15.479467268981015,0,0,0
S3_p009_t000_s395916349,2026-10-08T20:08:00Z,S3,9,1,1,1,c174370c06369c30912d946bdce6057152b1b5a2ed4b06002a2833ec046a9b7c,12000,16,1,180000,0.846567001004178,1,0.3538413406160403,0.30497503258529995,0,1,173840,0.0,-1.9731555132620417,-313.30589500953886,-9.097097937488291,1.0578316594915274,-0.023747455099387853,-0.0029740837817371357,0.08333333333333333,0.0,13.0,5.169434676642849,15.416339929262616,0,0,0
S3_p009_t001_s1232141577,2026-10-08T20:08:30Z,S3,9,1,1,1,3a1f7ff4a43f2106e488f4b24600022599bc71d5c15b86cdc89b6176e6db6142,12000,16,1,180000,0.8604681219352608,1,0.3503313871486639,0.30413342599477605,0,1,173559,0.0,-1.9920791730547671,-336.7753523185377,-9.02593279314529,0.9876245822922481,-0.1718923501388144,-0.02147915239629583,0.08333333333333333,0.0,31.0,5.157268988484749,15.699302311407475,0,0,0
S3_p009_t002_s1753739609,2026-10-08T20:09:00Z,S3,9,1,1,1,cdc59e8bb30155b0aa49d5cde1aeb877547880ffc3a46572afdc4a8b474c6893,12000,16,1,180000,0.9363559630020963,1,0.4230510341566623,0.3666786886862039,0,1,173659,0.0,-1.9365940882998867,-328.4089415174367,-9.531253844533722,0.9630867170571444,-0.03570875665165906,-0.004465629980586527,0.08333333333333333,0.0,25.166666666666668,4.7381119299607475,15.560586227769026,0,0,0
S4_p000_t000_s1380025803,2026-10-08T20:09:30Z,S4,0,1,0,1,5ffbc1740e2a27e3f68d5c8ec2762216434fdcff4f2fd3ec26bccee4f4c32c0e,12000,16,1,180000,0.9730825969453776,1,0.3967430932000666,0.3666786886862039,0,1,173492,0.0,-1.1123176800656298,-342.3414354399338,-13.764421482831464,0.6027930520032033,0.09629882138778535,0.012026759803120513,0.08333333333333333,0.0,6.166666666666667,4.691965548908516,15.723915536293296,0,0,0
S4_p000_t001_s1028796488,2026-10-08T20:09:45Z,S4,0,1,0,0,a689d2e89c9f39cfb8edb80cf2a6037dafa072767b6c6bfaa01afaa6b7da5e7d,12000,16,1,180000,0.9732233254433004,1,0.38439005589023756,0.3544964581009171,0,1,173566,0.0,-1.1031383056526358,-336.1747949373621,-13.798753849036263,0.5939999437536929,0.10446568605777333,0.013054449992523587,0.08333333333333333,0.0,0.0,4.701967089587319,15.662787370654437,0,0,0
S4_p000_t002_s1457782904,2026-10-08T20:10:00Z,S4,0,1,0,0,b49a09dc59c0e694d92147cab28d180db3d69bfa2da698006cac5fbedcba7f19,12000,16,1,180000,0.9732035433179966,1,0.3831231637656465,0.3544964581009172,0,1,173491,0.0,-1.104504272574618,-342.4247920158147,-13.793452600572596,0.6380282182708125,0.10624541826166536,0.013268884041281126,0.08333333333333333,0.0,8.0,4.616272908677035,15.655696037144187,0,0,0
S4_p001_t000_s1710814298,2026-10-08T20:10:15Z,S4,1,5,0,0,6c5b2451d317346cc8fea5999186080204a8f8f6790641f0b7a604018ae061f2,12000,16,1,180000,0.9779231746136534,1,0.5387886749249886,0.528638013864102,0,1,173587,0.0,-1.217775100970743,-334.4239697167965,-15.13798454136495,0.47827185115457255,0.03988015332931934,0.004984420963864977,0.08333333333333333,0.0,0.0,5.231091320091462,10.89595119464979,0,1,0
S4_p001_t001_s1662193313,2026-10-08T20:10:30Z,S4,1,5,0,0,72f1ab46ab49eb3fcb8fd01be3c47a013601c052cbb6b467095c7b81ad739525,12000,16,1,180000,0.9780303250446468,1,0.5389633513210935,0.528638013864102,0,1,173579,0.0,-1.2125543124494724,-335.0906392625372,-15.16108527052422,0.5013013961818958,0.04066368252032017,0.005082025050342054,0.08333333333333333,0.0,0.0,4.997049305606842,10.634749156183352,0,1,0
S4_p001_t002_s196226190,2026-10-08T20:10:45Z,S4,1,5,0,0,61e6b16076541c9d0392afd0cec3b6441444de34180634d709a6761fd02ba144,12000,16,1,180000,0.9780190427640948,1,0.5378400547531071,0.5280675375406659,0,1,173544,0.0,-1.2153540188812508,-338.007301825682,-15.163535820864897,0.45838167040620637,0.03889954384099521,0.004860186806581623,0.08333333333333333,0.0,1.3333333333333333,4.741517537134996,10.556710028546858,0,1,0
S4_p002_t000_s139150452,2026-10-08T20:11:00Z,S4,2,10,0,0,c55f0758081006f61e1d3e95aa11f3a476a61a3e26c34b33d32ac6fd8a5b01ad,12000,16,1,180000,0.9835748343523865,1,0.7826572600791598,0.7797841592258578,0,1,173560,0.0,-0.9878404876006062,-336.6747406647476,-17.941553191738905,0.690324277790974,0.029816072695991916,0.0037257568119457574,0.08333333333333333,0.0,0.0,5.140084743212547,11.303182403431196,0,1,0
S4_p002_t001_s1124369827,2026-10-08T20:11:15Z,S4,2,10,0,0,95e5d4d4f92ba62898beb7aa961bb81e23e46342c7745a73435ee5e1e1b61936,12000,16,1,180000,0.5980504089861804,1,0.4985353711216246,0.7812619387918875,0,1,173489,0.0,-5.317247882846948,-342.5902726970192,2.4402584382937005,54.5882532310398,916.4933850394247,114.45810937741862,9.0,0.0,5.916666666666666,9.253776902054812,19.274243563375084,0,1,0
S4_p002_t002_s820497043,2026-10-08T20:11:30Z,S4,2,10,0,0,54f4f8cec4ceb98855546638d60827e875c64b575580b1da7aec16b902ccd610,12000,16,1,180000,0.8866239348518886,1,0.7091543038190316,0.7812619387918875,0,1,173674,0.0,-0.9914941010211493,-327.13667578168133,-17.685491443909076,0.7232240836767877,0.00693114055238083,0.0008668916111673752,0.08333333333333333,0.0,1.6666666666666667,5.196950666467481,13.974017104075283,0,1,0
S4_p003_t000_s11459573,2026-10-08T20:11:45Z,S4,3,20,0,0,3ec8bf19453457ad5eecb2c758a9897be80e5b43bf530c936dc5ed68242acd75,12000,16,1,180000,0.9057801295357768,1,0.7582031688518128,0.8138162646274643,0,1,173694,0.0,-0.8223465998772552,-325.4704382232188,-17.589428867271227,0.8477156120075895,0.01262050772246574,0.0015787245520186843,0.08333333333333333,0.0,0.0,5.570080490657106,16.6097303868738,0,1,0
S4_p003_t001_s1313953807,2026-10-08T20:12:00Z,S4,3,20,0,0,fe1ba892ff3b0f9c65d0f8f26d733c37c0e43b6f54f7154837e90c7164772d13,12000,16,1,180000,0.9058566805289558,1,0.7591383810591124,0.8138162646274643,0,1,173596,0.0,-0.8216491306640867,-333.63710753708557,-17.589551057602733,0.8934201288885919,0.01356253035525854,0.0016952349192251859,0.08333333333333333,0.0,6.25,5.224350275666455,16.4966865984547,0,1,0
S4_p003_t002_s205499031,2026-10-08T20:12:15Z,S4,3,20,0,0,cb9195c256ce9f031030f15f0b1ae149831954bfaffb18bd3d7dc38a82be77d2,12000,16,1,180000,0.9057522663786053,1,0.7568291462191367,0.8123339203276186,0,1,173671,0.0,-0.8224796199494944,-327.3871008066981,-17.594928984118404,0.8870616796438512,0.010646172379112775,0.0013315061332832556,0.08333333333333333,0.0,0.0,5.462070614246702,16.428395676613185,0,1,0
S4_p004_t000_s984663940,2026-10-08T20:12:30Z,S4,4,30,0,0,7a0a4853ac6921ea5dbccb21a208f5da459575fef2272cb4d11a0f9ba34a646c,12000,16,1,180000,0.9199726201117455,1,0.8184587943027328,0.8676097313437321,0,1,173588,0.0,-0.670589655048407,-334.3041570462374,-18.64145162593825,1.0398878005351289,0.014312584480233153,0.0017888726838464208,0.08333333333333333,0.0,2.916666666666667,5.30032861525972,16.577834539612148,0,1,0
S4_p004_t001_s484615558,2026-10-08T20:12:45Z,S4,4,30,0,0,8b7901446c46b689c6d73d01e06bf50a98f02ddc5546fe544c6db1dd1c394ae2,12000,16,1,180000,0.9204505320904715,1,0.8172286275633525,0.8682260144619003,0,1,173623,0.0,-0.6658817214415996,-331.38750871541134,-18.66611188503015,1.032695195443851,0.014614965866180881,0.0018271776475558,0.08333333333333333,0.0,3.9166666666666665,6.697121095813278,16.845624100543553,0,1,0
S4_p004_t002_s330630277,2026-10-08T20:13:00Z,S4,4,30,0,0,13809a9fa1034b4122bbb4a4bb0d5a60ad1768ba154fb8a6c90be585c492a378,12000,16,1,180000,0.9202717016973773,1,0.8184338329992521,0.8682260144619003,0,1,173670,0.0,-0.6673448367116408,-327.4708340719026,-18.664801590568956,1.039451378888223,0.01567462124784678,0.0019603935302257014,0.08333333333333333,0.0,355.3333333333333,5.357588975659407,16.629348169124338,0,1,0
S5_p000_t000_s1561858501,2026-10-08T20:13:30Z,S5,0,1,0,0,f7cedd7f748135d2c0e939a5a9c687ae73e0d411f01aa8d797659889b894724f,12000,16,1,180000,0.8238612254176754,1,0.013276768907904777,0.011612053423507095,0,1,173666,0.0,-2.9383540442951666,-327.85571928108703,-7.423514588677848,0.1258498753998355,0.006987783460887091,0.000873920150752383,0.08333333333333333,0.0,0.0,4.7914772129160665,1.959839047242139,0,0,0
S5_p000_t001_s960283802,2026-10-08T20:13:45Z,S5,0,1,0,0,83bbbebac7324c9693424fd82968164bfd165a91dc6a96b7edd34e6c4162a73a,12000,16,1,180000,0.8240217427814304,1,0.011383277150979334,0.01140580408767393,0,1,173573,0.0,-2.939004982386639,-335.6057092890969,-7.42948211063431,0.136911585334703,0.0009217984320620673,0.00011519807185322861,0.08333333333333333,0.0,1.1666666666666667,4.916523739080567,2.0560979034900817,0,0,0
S5_p000_t002_s892021093,2026-10-08T20:14:00Z,S5,0,1,0,0,e1f11956be9e7664404ce8d5340e5d2344b9546c4017eb00b24bf9ac4368ec8c,12000,16,1,180000,0.8233349242047385,1,0.011234403941432882,0.010657549785587497,0,1,173587,0.0,-2.943850563429015,-334.4390720720821,-7.425693717738488,0.1727420310171121,-0.00405092834365683,-0.0005063052790319489,0.08333333333333333,0.0,2.0833333333333335,4.721468464594221,2.5516656496823082,0,0,0
S5_p000_t003_s1972790602,2026-10-08T20:14:15Z,S5,0,1,0,0,ed65f34cbf651915352d63de71a1238fe4ee5927fe8b506cc1bc2aaa1bd8917f,12000,16,1,180000,0.8239554885531828,1,0.012050989310799674,0.01270485432429288,0,1,173612,0.0,-2.9358193251900113,-332.3557079399361,-7.41756833029933,0.14673714766697812,0.0016709883150846645,0.0002088902492687339,0.08333333333333333,0.0,3.25,4.716045207468502,1.9581178581586178,0,0,0
S5_p000_t004_s522357441,2026-10-08T20:14:30Z,S5,0,1,0,0,9141ca609085c70e18ddbe94750b0db34de4655b23653786ead5cc8937738c04,12000,16,1,180000,0.7577616342157252,1,0.01191340981589295,0.012704854324292879,0,1,173651,0.0,-3.6238084170426985,-329.1057146851381,-4.191721218054374,31.267889686790316,-0.006026629226859585,-0.0007536239581895643,8.916666666666666,0.0,0.0,12.91764146329146,11.497541433953458,0,0,0
S5_p000_t005_s434100809,2026-10-08T20:14:45Z,S5,0,1,0,0,5a6a54f0442d91f80b4c10eebe27daa61fbb5353140aba529095d013d50702f6,12000,16,1,180000,0.786845462790895,1,0.011373660347918096,0.011252553894009865,0,1,173715,0.0,-2.9125802022077747,-323.72202726865845,-7.564133042876015,0.18152934483176913,-0.008271582012325961,-0.001034882440308138,0.08333333333333333,0.0,5.583333333333333,6.083146891296225,2.300321168021725,0,0,0
S5_p000_t006_s1987541040,2026-10-08T20:15:00Z,S5,0,1,0,0,aa635fad534715cba9bc1c0d0c9ec921d5aee487947547b921e1324181626199,12000,16,1,180000,0.7861797539434293,1,0.012310926449996668,0.011252553894009865,0,1,173782,0.0,-2.9335802360762515,-318.13876917839235,-7.492639867518788,0.15207080059844025,0.009603980086103778,0.0012022262271784712,0.08333333333333333,0.0,0.3333333333333333,5.001555511990243,2.16338385705443,0,0,0
S5_p000_t007_s1550731733,2026-10-08T20:15:15Z,S5,0,1,0,0,429c628b6d4c5bee9d1b8960faa42ed877c9b6be6eb80a1361229a5eb5e6730e,12000,16,1,180000,0.7864953669308711,1,0.011963843847554535,0.01264019616052306,0,1,173786,0.0,-2.9222263071217536,-317.8053632570488,-7.532127214176451,0.17876234404836153,0.00637027199542996,0.0007974561294759042,0.08333333333333333,0.0,0.0,4.967625863996495,2.4160588264260636,0,0,0
S5_p000_t008_s978267978,2026-10-08T20:15:30Z,S5,0,1,0,0,36b3885c35044f199ee9cdd28736c3abd552d1abe58f4e451943f9fc12cd4206,12000,16,1,180000,0.7869707518433594,1,0.012097489408151085,0.012640196160523061,0,1,173706,0.0,-2.9245235454364202,-324.4720779064719,-7.508376776101439,0.17606858596914352,0.0035051529305489076,0.0004385086522233905,0.08333333333333333,0.0,2.75,5.005297555420364,2.2734742962686303,0,0,0
S5_p000_t009_s1361001477,2026-10-08T20:15:45Z,S5,0,1,0,0,109026de9d38f2d41d7da3340fbc9cf897569070211995f37448c0c44cb7dd10,12000,16,1,180000,0.7861062675943511,1,0.01098720530180961,0.011420613674509299,0,1,173739,0.0,-2.9307462400148996,-321.722062727474,-7.511902123324143,0.12371966623610262,-0.00026118922512367106,-3.2684436064300826e-05,0.08333333333333333,0.0,2.8333333333333335,4.8550513068975585,2.215481571664902,0,0,0
S5_p000_t010_s1672796167,2026-10-08T20:16:00Z,S5,0,1,0,0,4542329376b91da56b7546438fbaa7dacae6717e5ab29fc8edaee70f419fbf55,12000,16,1,180000,0.7857785685085613,1,0.011667378606280178,0.0114206136745093,0,1,173773,0.0,-2.940825256150391,-318.88876136005763,-7.488768119525693,0.11400014062285134,-0.0058675748709184775,-0.0007344502141677367,0.08333333333333333,0.0,0.0,4.952110630650882,2.597980730185495,0,0,0
S5_p000_t011_s363339928,2026-10-08T20:16:15Z,S5,0,1,0,0,0bf50f5f888f0579533c9c17d8f200781ef4091cf43fe869945cf1858fe50431,12000,16,1,180000,0.785677344555309,1,0.011278745810865281,0.011843584048481388,0,1,173718,0.0,-2.9382781625742576,-323.4720562202965,-7.513127326148447,0.12683230759230527,-0.004507855999325973,-0.0005640049112116685,0.08333333333333333,0.0,0.16666666666666666,4.6760781978054675,2.804067152633402,0,0,0
S5_p000_t012_s920581965,2026-10-08T20:16:30Z,S5,0,1,0,0,8e32248cb24d0b1a4eadcb018fb2128fe89680759f5dcbde80c02db84f596c0c,12000,16,1,180000,0.7859784835893698,1,0.011892952095619014,0.011843584048481388,0,1,173720,0.0,-2.9369506444339026,-323.30541355708795,-7.504957021132887,0.20605256567722485,-0.015075514951094769,-0.0018862182796510751,0.08333333333333333,0.0,5.916666666666666,4.980831593334863,2.2379975978251987,0,0,0
S5_p000_t013_s1985403058,2026-10-08T20:16:45Z,S5,0,1,0,0,ed8376a762169631407f69191cce29919a357c0b71de43f4f8c211baf8e99cb4,12000,16,1,180000,0.7868874226028293,1,0.011348309926689065,0.011125160529121431,0,1,173791,0.0,-2.9195679430249855,-317.3887428450902,-7.541023512845484,0.1304343861827286,0.0015649293682581478,0.00019591194268286927,0.08333333333333333,0.0,0.0,5.110905740719617,2.523176627882242,0,0,0
S5_p000_t014_s1613680917,2026-10-08T20:17:00Z,S5,0,1,0,0,77f11dd6f5667cec56a3aba91b67ecc2914f52f6925e8564be03b4ef0a3bc813,12000,16,1,180000,0.7862143087906626,1,0.011544829072544179,0.011461729475122348,0,1,173748,0.0,-2.928296852137785,-320.97200760429826,-7.517260815002182,0.17254387848602304,-0.016117017604511497,-0.0020169802851341956,0.08333333333333333,0.0,2.0833333333333335,4.46828660723599,2.765965028619627,0,0,0
S5_p000_t015_s1930000429,2026-10-08T20:17:15Z,S5,0,1,0,0,9c3daf571fe92c53690b52b799704b854b3b54a495b841ec2953c11ac3b8527f,12000,16,1,180000,0.7864739057262272,1,0.011678682071383333,0.011797850443511636,0,1,173773,0.0,-2.9239843708077595,-318.888706578576,-7.521367735787492,0.18102594728820764,-0.01730788888025554,-0.0021664457590304664,0.08333333333333333,0.0,0.0,4.912160263419358,2.3982218439914216,0,0,0
S5_p000_t016_s216305983,2026-10-08T20:17:30Z,S5,0,1,0,0,23bee43872c5e1357d5fed04d94a2a9928efe5c6ef95a973efd78ddd990c7417,12000,16,1,180000,0.7855185867287185,1,0.01199002986765532,0.01194803245568392,0,1,173717,0.0,-2.937107267252709,-323.55537564332246,-7.513905794850725,0.15892532151965358,0.008752911539183434,0.0010951205272249354,0.08333333333333333,0.0,3.3333333333333335,4.720369480630887,1.9797302871693443,0,0,0
S5_p000_t017_s312112809,2026-10-08T20:17:45Z,S5,0,1,0,0,c338a46b7e78a0ac5597fade254161daeeb05f61c9edfdff5b2525a5f0dac18e,12000,16,1,180000,0.7861223907255243,1,0.012462227072714287,0.013242238465470636,0,1,173757,0.0,-2.9319258018306282,-320.2220151704557,-7.4983809457480035,0.14215828170375128,-0.01576856597708684,-0.0019735148748623033,0.08333333333333333,0.0,1.5,4.929110501186743,2.24306789457807,0,0,0
S5_p000_t018_s1052303369,2026-10-08T20:18:00Z,S5,0,1,0,0,5ab4c0987955de8032c6572b812782bf62f453866b14976a92b9e7bc99631314,12000,16,1,180000,0.6928322815338899,1,0.011839903390500225,0.013242238465470636,0,1,174013,0.0,-5.357357914621054,-298.92202030496145,0.25378500301346607,58.08275893664658,1894.5641415392708,237.5991835545815,19.166666666666664,0.0,0.0,9.76601103005973,9.582310613855302,0,0,0
S5_p000_t019_s217579570,2026-10-08T20:18:15Z,S5,0,1,0,0,8bcb8e9c8e8cc9c3cdf5e2c2791b003f92f64567ce555000f488046d7e98f772,12000,16,1,180000,0.9252878310279063,1,0.012326880983001286,0.011825340334323904,0,1,173936,0.0,-2.8268437096862593,-305.33859301221975,-8.198084440720553,0.11524656925094635,-2.654696055785195e-05,-3.3272367545578163e-06,0.08333333333333333,0.0,333.91666666666663,4.783508682870624,2.3524616390862323,0,0,0
S5_p000_t020_s99964177,2026-10-08T20:18:45Z,S5,0,1,0,0,5f5882100dca7b4fe8172d3ab497534961ff203148940b69385dbd302ec5fac6,12000,16,1,180000,0.9248322107508152,1,0.012195943573150158,0.011430700011323071,0,1,173669,0.0,-2.842231433976203,-327.5886020569196,-8.164945348288636,0.15713165489918798,-8.471846028656328e-05,-1.0595483672659611e-05,0.08333333333333333,0.0,2.0833333333333335,4.708673445091334,2.420302716486415,0,0,0
S5_p000_t021_s490683040,2026-10-08T20:19:00Z,S5,0,1,0,0,09e3a77a5f258e1fb8d345ac96215f7c41f9d96c8946f59747b1cd34482e8acc,12000,16,1,180000,0.9250855017814853,1,0.011739522455436647,0.01184653938728869,0,1,173694,0.0,-2.829483513204833,-325.5052612640181,-8.176509101415835,0.11405872151980785,-0.002102148119304588,-0.0002629619125400495,0.08333333333333333,0.0,6.166666666666667,5.444545929363431,2.2582796693505593,0,0,0
S5_p000_t022_s1940961689,2026-10-08T20:19:15Z,S5,0,1,0,0,84243afd41b03f99f91ce46bc09a16b3f984455903e9436f9d3b0114384cbda1,12000,16,1,180000,0.925006230053353,1,0.012968807007882392,0.01222168085676451,0,1,173768,0.0,-2.8377907922534873,-319.338588284861,-8.175826062611852,0.16410351239128995,-0.0011844728708002208,-0.00014825573134658043,0.08333333333333333,0.0,0.0,5.011328509427169,1.9387291434898328,0,0,0
S5_p000_t023_s1454648504,2026-10-08T20:19:30Z,S5,0,1,0,0,7ee695b533b6a7f1e86dba796bf76362bce71ed2adbdfb8ca360bcfc2ca7c91e,12000,16,1,180000,0.9249342519174099,1,0.012113325852063692,0.012221680856764509,0,1,173665,0.0,-2.8443918163330775,-327.921923614272,-8.17045560128838,0.11857507085138065,0.0060503207054575054,0.000756671258386632,0.08333333333333333,0.0,1.0,4.755526062785396,2.3248298712233186,0,0,0
S5_p000_t024_s558398644,2026-10-08T20:19:45Z,S5,0,1,0,0,1e24ee53d9e7c1b8b8eb7db02244a42bbd30d0f273f4280ff2894901cf60c659,12000,16,1,180000,0.9251004191629014,1,0.011657019146438683,0.011320390480114302,0,1,173677,0.0,-2.827598114099676,-326.9219246144651,-8.183485583694123,0.13685341234513448,-0.0008985358705262383,-0.00011238437400606927,0.08333333333333333,0.0,3.0,4.633264251283713,2.5037536148073904,0,0,0
S5_p000_t025_s1286326493,2026-10-08T20:20:00Z,S5,0,1,0,0,974aca82a5f6e8da240e6bd8741a90d30e3510612011e0648e4794d8c99734a1,12000,16,1,180000,0.925111281387866,1,0.011372021171890642,0.011438325274920134,0,1,173713,0.0,-2.8344658100964764,-323.9219329567598,-8.183263016338731,0.1323903684331571,-0.0002863434418994181,-3.5824714359478094e-05,0.08333333333333333,0.0,0.0,5.075234264644576,2.1406196333402776,0,0,0
S5_p000_t026_s905618129,2026-10-08T20:20:15Z,S5,0,1,0,0,6642c42ce0bbbcdddda1a70e4ce5e1e7af77d050e4c9a5000fb28c63cbd959fe,12000,16,1,180000,0.9251474805253892,1,0.013284444883746267,0.013039589560558134,0,1,173704,0.0,-2.8301391377189167,-324.67192668594305,-8.182528249776912,0.13351052824461274,0.005609621842208585,0.0007017749117039784,0.08333333333333333,0.0,1.0,5.368016851978806,2.448086618448811,0,0,0
S5_p000_t027_s649442228,2026-10-08T20:20:30Z,S5,0,1,0,0,146b73341536404cad55cd8c636dba492573ddbf81929cc609c2fbaad9061fc9,12000,16,1,180000,0.9255637199926544,1,0.011971504627522979,0.01321816363286422,0,1,173716,0.0,-2.8165841010756787,-323.6719518230857,-8.214300777827031,0.10834105883411166,-0.0028525878318912327,-0.0003568986739992397,0.08333333333333333,0.0,0.0,4.912479131199042,2.902811850109633,0,0,0
S5_p000_t028_s1033628820,2026-10-08T20:20:45Z,S5,0,1,0,0,d65c2ae40f8b15645e46747bffbf19eb10277123c0294eeda88cdbbd94c88b7b,12000,16,1,180000,0.9256193012893219,1,0.012660967304799828,0.01321816363286422,0,1,173671,0.0,-2.821768808594695,-327.4219306321829,-8.21629832617777,0.09100022737293059,0.004542429965185943,0.0005681171733158408,0.08333333333333333,0.0,4.416666666666667,4.896489252866351,2.228276592969711,0,0,0
S5_p000_t029_s815515411,2026-10-08T20:21:00Z,S5,0,1,0,0,aaeefab31654f4d52f3bd934b4fa73c89aa68b7b353b1ed5b810d9ecd3af6b58,12000,16,1,180000,0.9246565093504502,1,0.012119776253502043,0.010522630375740043,0,1,173724,0.0,-2.8517212270331194,-323.00526775909384,-8.15454621939092,0.1731127252818287,-0.001825536926571808,-0.00022841483132651774,0.08333333333333333,0.0,0.0,4.808726429660135,2.2278345319310358,0,0,0
S5_p000_t030_s1593614182,2026-10-08T20:21:15Z,S5,0,1,0,0,8ed69154efd1b4822cddb406926515a295a92b5cd5675302675da7bb2407528a,12000,16,1,180000,0.8609148679649622,1,0.011278561894317009,0.011381903972451344,0,1,173688,0.0,-3.4085335264000345,-326.0052493559973,-5.003878291519128,32.480733180633834,0.014617587397304671,0.0018284555371792521,10.75,0.0,0.9166666666666666,13.91895247779828,10.074775287565853,0,0,0
S5_p000_t031_s1722507941,2026-10-08T20:21:30Z,S5,0,1,0,0,734aeebfa6e890a9074d5b62a14206a59b3b357c4bdd6efa0aac56f422eebb2b,12000,16,1,180000,0.9250125035680998,1,0.01130153129442326,0.011381903972451344,0,1,173836,0.0,-2.8423820305820007,-313.671921643631,-8.17216349199273,0.18196412597481904,-0.000793517914072662,-9.937542245097575e-05,0.08333333333333333,0.0,0.08333333333333333,4.818310330876557,2.863420353784783,0,0,0
S5_p000_t032_s1695726775,2026-10-08T20:21:45Z,S5,0,1,0,0,ec19649b389b8464fdc1821ba32ffd8615e302c92584d67c042875cd2ae928b0,12000,16,1,180000,0.9249066544694341,1,0.011909347731076585,0.011266541992162515,0,1,173837,0.0,-2.8449387252681473,-313.588587652542,-8.168252937662032,0.1380049604785034,0.0033001261591198722,0.0004132912995373772,0.08333333333333333,0.0,0.4166666666666667,4.619506840839375,2.001075179054386,0,0,0
S5_p000_t033_s51254525,2026-10-08T20:22:00Z,S5,0,1,0,0,2a440c3a633ca6f197e3681c1c886186c5c8d35fa51d5574fa25043b003810fc,12000,16,1,180000,0.9250325222281771,1,0.011602969547966892,0.011266541992162515,0,1,173842,0.0,-2.836571248899774,-313.17194432869593,-8.177214981275203,0.1313085316678503,-0.0019498785340037058,-0.0002442027875986241,0.08333333333333333,0.0,1.5833333333333333,5.045629681800445,2.2097914392606017,0,0,0
S5_p000_t034_s1745018624,2026-10-08T20:22:15Z,S5,0,1,0,0,79e512e6c0d2499f10a64e95b73cc9cd3dbee2e3319abe9078229e150c413316,12000,16,1,180000,0.924501160329273,1,0.011625512429020313,0.01173937934108169,0,1,173861,0.0,-2.861818208670723,-311.5885750557475,-8.143840693674797,0.111917652122782,-0.003835737560042426,-0.0004804606510333542,0.08333333333333333,0.0,0.0,4.603503255602798,2.110908903142446,0,0,0
S5_p000_t035_s977203227,2026-10-08T20:22:30Z,S5,0,1,0,0,85f0f857ea3120ff242023e98dace2363bc184a8db21393b726742105d4b6898,12000,16,1,180000,0.9253983765749373,1,0.011829374927532665,0.011906754434669618,0,1,173852,0.0,-2.82620843202142,-312.33859302585006,-8.201050079550336,0.12132946060009711,0.0009108346615878014,0.00011408204136387212,0.08333333333333333,0.0,0.0,5.845138759675221,2.0862764260817412,0,0,0
S5_p000_t036_s2083372684,2026-10-08T20:22:45Z,S5,0,1,0,0,0a3d40b9a33539770dcbaf9e23ddca573f74f7eb6f5d5ffad2e73127832900ab,12000,16,1,180000,0.925201303458376,1,0.01149676588229496,0.011941561547457529,0,1,173827,0.0,-2.831752413854367,-314.421919572962,-8.189738416186724,0.14582312868470396,0.0035265851670233384,0.0004416166275404976,0.08333333333333333,0.0,0.8333333333333334,4.9107920008469605,2.0872903360234436,0,0,0
S5_p000_t037_s1544718727,2026-10-08T20:23:00Z,S5,0,1,0,0,6a8e379e5788d68928dd7a2b3fd630451b46fc4b6949001a40943852d949b1e7,12000,16,1,180000,0.9247126561684043,1,0.012325834660057735,0.011941561547457529,0,1,173837,0.0,-2.8512091019855346,-313.58858182122884,-8.155474274871974,0.1734070450015721,-0.005004749045867665,-0.000626769746759237,0.08333333333333333,0.0,0.0,4.68982040066597,1.7219067241106187,0,0,0
S5_p000_t038_s894361021,2026-10-08T20:23:15Z,S5,0,1,0,0,84bf73696a1aee4975095799cdc4ac53cfc2091d2043a7f1dd4adfdfae67ff77,12000,16,1,180000,0.9248928124445911,1,0.011518099744268123,0.01152536370534649,0,1,173791,0.0,-2.84442392776929,-317.4219175563382,-8.167484081582861,0.10969498843322609,-0.002635147953484703,-0.0003298915371487965,0.08333333333333333,0.0,2.25,4.895369648702998,2.156717243441482,0,0,0
S5_p000_t039_s819664372,2026-10-08T20:23:30Z,S5,0,1,0,0,0db069dd4b703c9ab26cff6d5d9e3102494851ee18226c6ae5fbbed7bb7e6fa9,12000,16,1,180000,0.925471099743001,1,0.01167612878267783,0.011299748597758093,0,1,173818,0.0,-2.8230772532606627,-315.1719374691269,-8.212276295321404,0.17356926886798044,0.00029978774223545217,3.753822193175438e-05,0.08333333333333333,0.0,346.5,5.276228817259669,2.3957941057913033,0,0,0
S5_p000_t040_s857399851,2026-10-08T20:24:00Z,S5,0,1,0,0,b6bd9f507d705f8683c59da179459a4af3496db968f788f8ced645f604155264,12000,16,1,180000,0.9259334199285967,1,0.01207655247023874,0.011434955377139051,0,1,173727,0.0,-2.809548275360847,-322.7552694105925,-8.2395545327333,0.16074328292500065,0.0012938853415307477,0.0001618974033590348,0.08333333333333333,0.0,4.083333333333333,4.994615517157866,2.0541921402509247,0,0,0
S5_p000_t041_s1795049623,2026-10-08T20:24:15Z,S5,0,1,0,0,4b6bb2792cca40665a50f234a72df2713969417d512dbe898f12791bcf42e90e,12000,16,1,180000,0.92516837585888,1,0.012482698626867647,0.011434955377139051,0,1,173776,0.0,-2.828363933277012,-318.6719343034565,-8.186888167811924,0.1438784576800351,-0.005415042705709852,-0.000677822555644525,0.08333333333333333,0.0,0.0,4.845277911560286,2.5979500647176046,0,0,0
S5_p000_t042_s190457367,2026-10-08T20:24:30Z,S5,0,1,0,0,e24407eace448ffa59cfca65ea71e284f321a4e56259ab97117dc12357eb534e,12000,16,1,180000,0.9250936337830872,1,0.01345615095502277,0.01107464873018137,0,1,173715,0.0,-2.8415765158692303,-323.75524621733166,-8.182537009061159,0.15234480965387193,-0.0010715502389934432,-0.00013406486505118664,0.08333333333333333,0.0,0.0,4.725746221601696,2.1960886220828524,0,0,0
S5_p000_t043_s1463994837,2026-10-08T20:24:45Z,S5,0,1,0,0,8e97e6b6f46e7dac8308b58429a2628765ad0deaf82439f94cf90ed6bf7ad9d7,12000,16,1,180000,0.9253684164494856,1,0.011708052207509274,0.011512522855102006,0,1,173694,0.0,-2.8219351283427727,-325.5052800969867,-8.198581395166983,0.12299318228060359,0.0020049004390329138,0.00025079700571950525,0.08333333333333333,0.0,5.833333333333334,4.718603238624867,2.201294260651548,0,0,0
S5_p000_t044_s1305633241,2026-10-08T20:25:00Z,S5,0,1,0,0,c062e400a0ff8a7510942426240def11e52c581d258b9b9cd5f1cf570517273b,12000,16,1,180000,0.9253009546593859,1,0.011554704471858723,0.011678784634285913,0,1,173764,0.0,-2.839214869860057,-319.6719119039487,-8.19280028023412,0.14665987800677918,-0.0012419933522073237,-0.00015545037194897304,0.08333333333333333,0.0,1.0833333333333333,5.4755203367398675,2.323741579974538,0,0,0
S5_p000_t045_s641567673,2026-10-08T20:25:15Z,S5,0,1,0,0,149ae40c15d6a7605d5aab4d82c525b068d40fd663b14f5f441eb4236060cd4e,12000,16,1,180000,0.9254765291164826,1,0.012370094557645468,0.011678784634285915,0,1,173777,0.0,-2.832109601492468,-318.5885939757348,-8.20919689530896,0.16998930827708725,-0.0022349774724659153,-0.00027976330511592096,0.08333333333333333,0.0,0.0,4.966284386654935,2.4026738812265944,0,0,0
S5_p000_t046_s342352341,2026-10-08T20:25:30Z,S5,0,1,0,0,fcfcbc34e7dddac3d5b813037a2b44d002cba4201a113f6d5a33fd6763cb1e9a,12000,16,1,180000,0.9245786339011619,1,0.012423509069741219,0.011684347577656472,0,1,173752,0.0,-2.853960519317778,-320.671909120545,-8.145909653708141,0.10698749657720902,0.0012780228996721198,0.00015994456589396577,0.08333333333333333,0.0,1.3333333333333333,5.00179651094915,2.139740391134638,0,0,0
S5_p000_t047_s1976295519,2026-10-08T20:25:45Z,S5,0,1,0,0,b63f609ee7e6bfcefc914ee498b086168924fb38d24657125add7b1befec0d1c,12000,16,1,180000,0.9251553517793915,1,0.013058084211652086,0.012438424080307056,0,1,173768,0.0,-2.835287463447776,-319.3386032758287,-8.187761579786732,0.0970226084608166,0.006892779407472473,0.0008627416273156996,0.08333333333333333,0.0,0.0,4.918771255385883,1.9699523665464367,0,0,0
S5_p000_t048_s26274461,2026-10-08T20:26:00Z,S5,0,1,0,0,bf8c99888b7e77bd1dc26d493e255ae10944d4a4f244e697dd8957ea83d2f33c,12000,16,1,180000,0.9245624870382196,1,0.01371677932140169,0.012438424080307056,0,1,173709,0.0,-2.8462603250419534,-324.25526239872363,-8.147706628544283,0.10654065556835324,0.0019354983413816644,0.00024214439099523588,0.08333333333333333,0.0,3.75,4.870373423003665,2.4092106696737323,0,0,0
S5_p000_t049_s1345419483,2026-10-08T20:26:15Z,S5,0,1,0,0,744e7ee247a1a6a857d881dcca1f22d5b4048848fe932efe04daf53128bd69aa,12000,16,1,180000,0.9256038120362889,1,0.01177109796765975,0.013085355031554318,0,1,173754,0.0,-2.817381905688039,-320.5052834422816,-8.220148948615252,0.16807780812578052,-0.0017143233664084954,-0.000214550997952756,0.08333333333333333,0.0,0.0,5.051281880290667,2.1623384985058216,0,0,0
S5_p000_t050_s99021969,2026-10-08T20:26:30Z,S5,0,1,0,0,8d605744d4cf9947334f6da50b84fc649e6823b464b4e1b271aadf4dd3100a1c,12000,16,1,180000,0.9254206369489552,1,0.012407676129570548,0.013085355031554316,0,1,173750,0.0,-2.8281573825655637,-320.83858026931375,-8.19969712572042,0.1437336710237158,-0.00237077116479887,-0.00029669726973224897,0.08333333333333333,0.0,1.0833333333333333,4.996694310214843,2.2547344707487134,0,0,0
S5_p000_t051_s1479934108,2026-10-08T20:26:45Z,S5,0,1,0,0,8ff6f486ed68e09bebe8e264ec6106d3399ea4cfe25e1d7565ad5fc0e39d1803,12000,16,1,180000,0.9252006306628332,1,0.011443463864374906,0.011074855641030328,0,1,173763,0.0,-2.834491984205309,-319.75524841432826,-8.186275356304343,0.12176639229052452,-0.0038256651605784032,-0.00047882407716315356,0.08333333333333333,0.0,0.0,4.774588821412523,2.499633374118969,0,0,0
S5_p000_t052_s394618325,2026-10-08T20:27:00Z,S5,0,1,0,0,58ff82a4a7b2eaf1f0d7d9c005e7be3cea30cfa08c2c8a5d40f74da33ebf1808,12000,16,1,180000,0.9247140697177814,1,0.014045951400855195,0.01454022921144404,0,1,173692,0.0,-2.8490946787400784,-325.6719157144689,-8.151658098316828,0.15805077699014197,0.00599446047192613,0.0007498470604332397,0.08333333333333333,0.0,0.0,4.807079226775235,2.151998582918948,0,0,0
S5_p000_t053_s628411764,2026-10-08T20:27:15Z,S5,0,1,0,0,9e897f8f136718cb3a6d9b55bba2dec734813bc22faca0ec541dfb83577d590b,12000,16,1,180000,0.9253387170238773,1,0.013742944270676974,0.014540229211444043,0,1,173685,0.0,-2.822929678025936,-326.25527629187735,-8.197930189535828,0.11932160595864445,-0.001901738977308274,-0.00023787521649865084,0.08333333333333333,0.0,5.833333333333334,5.210788037442937,1.9146495571710396,0,0,0
S5_p000_t054_s100976213,2026-10-08T20:27:30Z,S5,0,1,0,0,b12f2afb90e375714f8977e670d6a07bcb25b9a167695a2795cdb2dc12fa1fb2,12000,16,1,180000,0.9252150496663791,1,0.011424586976734104,0.012025786238237553,0,1,173755,0.0,-2.8242286107015024,-320.42194448825467,-8.190295935997463,0.12889153390234856,-0.0018852732819218633,-0.00023594760705236695,0.08333333333333333,0.0,0.0,4.8097779961544616,2.1538083597866664,0,0,0
S5_p000_t055_s419571874,2026-10-08T20:27:45Z,S5,0,1,0,0,3bf8e38a4c5a7d26084f7a65aff8e96790ec057b8fe55c1cafc839970991aa50,12000,16,1,180000,0.9242910674768167,1,0.011954079642639582,0.010819566177967187,0,1,173674,0.0,-2.8670569066054927,-327.17190825177147,-8.128104215400072,0.1336956794402857,1.917405526209561e-06,2.3981374397408217e-07,0.08333333333333333,0.0,1.25,5.011872784471381,1.9238385846507202,0,0,0
S5_p000_t056_s1428634269,2026-10-08T20:28:00Z,S5,0,1,0,0,f2e847c35160fbfe631ba95acb4d82bd9cf2bedab4bf30979fd2f2090da4cc9e,12000,16,1,180000,0.9249049321138413,1,0.011571092076032173,0.011368428910441425,0,1,173689,0.0,-2.8283617269248937,-325.92193641182894,-8.172405881420595,0.12918793943067017,0.0009371852625180608,0.00011722969293259666,0.08333333333333333,0.0,2.3333333333333335,4.5189696144013185,2.059678986639026,0,0,0
S5_p000_t057_s329242616,2026-10-08T20:28:15Z,S5,0,1,0,0,11de707a194872047cbbd9a6590b3310f1a692553def6cf185269aa718eafdac,12000,16,1,180000,0.7062667643555668,1,0.011059463817279899,0.01152206920284912,0,1,173836,0.0,-3.881255497218735,-313.6388287711294,-3.305567690247063,66.89570854729185,0.05316385310454786,0.006657921979694947,9.25,0.0,2.3333333333333335,16.123910089121477,11.930979028346515,0,0,0
S5_p000_t058_s2110013045,2026-10-08T20:28:30Z,S5,0,1,0,0,c166bce775969340938c6e2aff6887c82aecde2c19f1203d67fb5b221264a03a,12000,16,1,180000,0.7858159095559919,1,0.011737498055711237,0.01152206920284912,0,1,173864,0.0,-2.9390014059962493,-311.3054320457207,-7.4976566553807835,0.13537796718713901,0.02320636165246456,0.002906875273311016,0.08333333333333333,0.0,0.0,5.9433242331082745,2.574128094487758,0,0,0
S5_p000_t059_s156085977,2026-10-08T20:28:45Z,S5,0,1,0,0,22f433dbacf3d5271e35f1db5b6ea28a7786057fc5042ad3a1470e0e18033ef6,12000,16,1,180000,0.7861819813981127,1,0.012829535758557904,0.011479244942781833,0,1,173797,0.0,-2.931161360395984,-316.8887081239469,-7.508250756078528,0.159715009591366,0.002234910930868289,0.00027979967399005545,0.08333333333333333,0.0,340.8333333333333,4.771169031323712,2.161977269979834,0,0,0
S5_p001_t000_s1885087324,2026-10-08T20:29:15Z,S5,1,1,0,0,53e93a0154e1380c41466f1cc40428fb897c7059881c9eced773859e6ef9cba6,12000,16,1,180000,0.7860638061382654,1,0.011868157689603481,0.011612135066804708,0,1,173407,0.0,-2.9363327999688194,-349.38873013052034,-7.501019091824192,0.16051010763417278,-0.009314515908896592,-0.0011624981580098392,0.08333333333333333,0.0,1.6666666666666667,5.161147480196409,2.680543887151927,0,0,0
S5_p001_t001_s1655700015,2026-10-08T20:29:30Z,S5,1,1,0,0,6c29f58eb15bbf5caa9e2e2223dedaac251fa75f0de2622b019d7d0b6cbf42ac,12000,16,1,180000,0.7873355404621724,1,0.012579358001654415,0.011758077236549454,0,1,173427,0.0,-2.912080001067347,-347.7220667978593,-7.55476272002253,0.18782389956545467,-0.0008402150530937365,-0.00010487984400242567,0.08333333333333333,0.0,6.166666666666667,4.546938630883923,2.0510242631065627,0,0,0
S5_p001_t002_s1021903553,2026-10-08T20:29:45Z,S5,1,1,0,0,a2646b31d0ae297982341aef4b0a125291cd4e3b7ca58468c83e2af678fa6320,12000,16,1,180000,0.7853621462811202,1,0.011398252556190447,0.011758077236549456,0,1,173501,0.0,-2.9503051045317124,-341.55544633350655,-7.475977928244413,0.11836350109319792,0.0042139943755853835,0.0005263236835162388,0.08333333333333333,0.0,0.0,4.945914615854401,2.1008533569393415,0,0,0
S5_p001_t003_s1644975509,2026-10-08T20:30:00Z,S5,1,1,0,0,157ac5ce746f03925176d62a9914427f315577215a2c39a5becf7b6f3d1a24df,12000,16,1,180000,0.7874517547392418,1,0.011761218089945848,0.011663593173974689,0,1,173440,0.0,-2.908270087028957,-346.63867479622485,-7.550532753631383,0.17940790603221093,-0.006016356147838125,-0.0007510698687838158,0.08333333333333333,0.0,5.083333333333333,4.781911735882239,2.2785735817712855,0,0,0
S5_p001_t004_s1168327485,2026-10-08T20:30:15Z,S5,1,1,0,0,c45009490f66cb3d8db18b5545bcedfbc7996a49a49630663f8d5e0124cc9cc0,12000,16,1,180000,0.7871155664760011,1,0.01171904219432346,0.01066601118346451,0,1,173501,0.0,-2.915129762263521,-341.55536234900256,-7.536955939168722,0.19776304322749877,0.011883350723015511,0.0014842186219539144,0.08333333333333333,0.0,0.0,5.207162400770373,2.404085159188191,0,0,0
S5_p001_t005_s821699653,2026-10-08T20:30:30Z,S5,1,1,0,0,6ae65307a8fc2bc80cd6bd97ba94d57800ba746367ed985fd489ea31fea153ac,12000,16,1,180000,0.786314408635099,1,0.011027873739809915,0.012058580066831297,0,1,173420,0.0,-2.9294838801017455,-348.3054210345423,-7.505396016158867,0.16239178260034934,-0.0054724020846315625,-0.0006830542833995423,0.08333333333333333,0.0,6.583333333333333,5.03978538575129,2.2361011298210345,0,0,0
S5_p001_t006_s1390326187,2026-10-08T20:30:45Z,S5,1,1,0,0,918334a87724f1bb57d11abec67f504553e57dc5c3b1dd559e6244e1aa1d32a5,12000,16,1,180000,0.7875283514859458,1,0.01189726906653843,0.012058580066831297,0,1,173499,0.0,-2.911828834099693,-341.72208518564975,-7.5340283579320255,0.11258856012635902,-0.008798194822911004,-0.0010988681387971155,0.08333333333333333,0.0,0.0,4.916474896142311,2.833368044905904,0,0,0
S5_p001_t007_s62755090,2026-10-08T20:31:00Z,S5,1,1,0,0,3f74f3c6b08358e2aa646bd77149e29356e4b65eea85c9600237aef5d5deb77b,12000,16,1,180000,0.785607102967197,1,0.01195293783724884,0.011815804920647007,0,1,173477,0.0,-2.9332924288280364,-343.5553743290954,-7.524175977885564,0.13001955792980258,0.0037680597829835693,0.0004705364654000732,0.08333333333333333,0.0,0.25,5.01704924979628,2.198949574252077,0,0,0
S5_p001_t008_s1060521833,2026-10-08T20:31:15Z,S5,1,1,0,0,8a468a85586927b683647c2268e24b444b6d76460a138defa23bed9d29fa81ab,12000,16,1,180000,0.786872721268894,1,0.012428964196896075,0.01181528906755367,0,1,173480,0.0,-2.918344098461991,-343.3053870381179,-7.530643075631868,0.11015868620999585,0.016051314698944153,0.0020044560769747477,0.08333333333333333,0.0,0.0,5.25214129098241,2.4132743856758285,0,0,0
S5_p001_t009_s589950212,2026-10-08T20:31:30Z,S5,1,1,0,0,7347abf556cfae584fa1e88779aa2519d2262bcbeb62ca6d82caa4c28ee3e0ed,12000,16,1,180000,0.4833602722478035,1,0.0119810972660399,0.012572497355329351,0,1,173603,0.0,-8.506012972119976,-333.088596844309,5.131660651433565,43.33280024067359,1060.8103823713989,132.60235860680723,10.5,0.0,0.0,8.126640284538652,5.127431998414349,0,0,0
S5_p001_t010_s1305069655,2026-10-08T20:31:45Z,S5,1,1,0,0,8aa74b87ca528e0e43955f705dfa376ef1c253997d6e9e0c4993c9e26036065d,12000,16,1,180000,0.9251591254219239,1,0.012294576434836394,0.01257249735532935,0,1,173548,0.0,-2.836705057811181,-337.6719073902841,-8.181802181078478,0.11048582602023313,-0.0037206154515834417,-0.00046487601821354474,0.08333333333333333,0.0,2.5,4.816694049950018,2.5325806467855507,0,0,0
S5_p001_t011_s28593644,2026-10-08T20:32:00Z,S5,1,1,0,0,d041a9885ddbadb1bbb41eec89573f394414eb1098b2b5535f1479e61769a877,12000,16,1,180000,0.9251599553431714,1,0.012008776743554578,0.011370134432934819,0,1,173578,0.0,-2.841359043711909,-335.17190777100404,-8.182116515194842,0.11137731899640466,-0.0004272803685570047,-5.339979134078021e-05,0.08333333333333333,0.0,0.0,5.134213794089428,2.1409240824802906,0,0,0
S5_p001_t012_s1865301797,2026-10-08T20:32:15Z,S5,1,1,0,0,5409c88112673cdb19923a59ab18a6509ed5da95c5ab5d015d0de42cd41f6607,12000,16,1,180000,0.9248645750360048,1,0.012006348960532178,0.011697493707701075,0,1,173547,0.0,-2.8442759085425533,-337.7552649854703,-8.166830486539983,0.1551902348342622,-0.005168655412998929,-0.0006457976505771512,0.08333333333333333,0.0,5.75,5.064999839141411,2.9006824254569197,0,0,0
S5_p001_t013_s2060094721,2026-10-08T20:32:30Z,S5,1,1,0,0,36bff4504454d884aa0636f86cf70bc32159e6bf566f334f0d5c14ebe0f41e6c,12000,16,1,180000,0.9250578422451441,1,0.012980457208212661,0.011697493707701073,0,1,173616,0.0,-2.840457240042464,-332.00525730049776,-8.17658000549519,0.10582675010495522,9.396840708368655e-05,1.174736644315999e-05,0.08333333333333333,0.0,0.0,4.602302861841892,2.1542629809242886,0,0,0
S5_p001_t014_s1948411728,2026-10-08T20:32:45Z,S5,1,1,0,0,f21b8604098c973941e4bb6acf25f6742b8d17baeffa5dc590373d6fab5fee05,12000,16,1,180000,0.9251241173874473,1,0.011337908106434124,0.010943740424339411,0,1,173584,0.0,-2.8223671314858194,-334.67195206237494,-8.186291133147304,0.12634190638422355,-0.0009319753620326257,-0.00011648014469756163,0.08333333333333333,0.0,1.0,4.703785854064144,1.9153795864342729,0,0,0
S5_p001_t015_s391197292,2026-10-08T20:33:00Z,S5,1,1,0,0,8ff51e4c2909825c834869921489efef09ce6589c2f3ce69171496d2da4721eb,12000,16,1,180000,0.9251465420071929,1,0.012174423348227723,0.010943740424339411,0,1,173596,0.0,-2.8365877871301053,-333.67192181914714,-8.182288325917156,0.11039648324161462,-0.0010605344572090264,-0.00013256044394438504,0.08333333333333333,0.0,0.0,4.777587401484171,2.011349584213063,0,0,0
S5_p001_t016_s1222798800,2026-10-08T20:33:15Z,S5,1,1,0,0,7b7943d0e89d272123202d0ae2ca778a0237cd1b39fab4d96b0e4a09df5c468f,12000,16,1,180000,0.9256788483734953,1,0.012350266278502152,0.01155165604757784,0,1,173515,0.0,-2.813088366292063,-340.4219304682495,-8.219132455111566,0.14423415583402682,-0.0014509955044145976,-0.00018124820144294063,0.08333333333333333,0.0,4.166666666666667,4.803707820051522,2.295808230716522,0,0,0
S5_p001_t017_s1741812164,2026-10-08T20:33:30Z,S5,1,1,0,0,3348164318a6001e22083c8c7bcf865d6f6d8469adc6ae5fcdc670b168a46a60,12000,16,1,180000,0.9252490668388694,1,0.012082246722226365,0.011551656047577838,0,1,173565,0.0,-2.837800788046552,-336.25523767873347,-8.188652427382356,0.14854038707754497,-0.0033795225244797173,-0.00042231527322655893,0.08333333333333333,0.0,1.75,4.933273669323815,2.4458104599743207,0,0,0
S5_p001_t018_s761716013,2026-10-08T20:33:45Z,S5,1,1,0,0,5620cae9c18ebf3b180575548a44212be312b94c71a6faa46c3eababa347ac46,12000,16,1,180000,0.9249928935955252,1,0.01183052286684081,0.011175487216593947,0,1,173586,0.0,-2.829589804223568,-334.5052858630128,-8.174342178678145,0.11850811037533857,-0.0042793838344847,-0.0005348545091692358,0.08333333333333333,0.0,0.0,5.104345597554032,2.8043244008449446,0,0,0
S5_p001_t019_s1418527271,2026-10-08T20:34:00Z,S5,1,1,0,0,1bd5ded4f56db52c9f0a373b2cc0990c0fc121c0f9e4e87b7fa2b57e676554fb,12000,16,1,180000,0.9255456453475394,1,0.011304691660047706,0.011217996666343173,0,1,173532,0.0,-2.813948393052104,-339.0052652826228,-8.217041030049533,0.11485350215275619,-0.004991283962101228,-0.0006235611053853063,0.08333333333333333,0.0,376.33333333333337,5.1302070076472175,2.4469896009401233,0,0,0
S5_p001_t020_s783127692,2026-10-08T20:34:30Z,S5,1,1,0,0,002367d9c6beede04dafacdb2207c0522a6a7688d6ed4a7040ba39d45f9f6f45,12000,16,1,180000,0.9115067344124987,1,0.011575934952182029,0.01130698512478443,0,1,173555,0.0,-2.844376387063635,-337.07502637455156,-8.10903493618053,0.17738680459972755,0.0021901550698778032,0.0002736664464464411,0.08333333333333333,0.0,4.25,5.521974017198797,2.436888431465568,0,0,0
S5_p001_t021_s1964437265,2026-10-08T20:34:45Z,S5,1,1,0,0,d385598ed6bc8c9410e240a6d4efb413a6322e2b1001b45b0b815eadb3948208,12000,16,1,180000,0.823706734623383,1,0.013003316947586455,0.01130698512478443,0,1,173606,0.0,-3.6689890611027782,-332.82503172721835,-4.005605172826317,42.362141365434994,0.007379423488253622,0.0009224574537256558,7.583333333333333,0.0,0.0,13.040944042659035,12.599172041092917,0,0,0
S5_p001_t022_s957459067,2026-10-08T20:35:00Z,S5,1,1,0,0,f2732cba1ecd816c2334d3770227d5053a06ba764af1c90073395dd1b3827650,12000,16,1,180000,0.9247780051455373,1,0.011599722449130769,0.011415151531325126,0,1,173681,0.0,-2.841646868447417,-326.5885965476833,-8.160344253044551,0.12803893594073743,-0.002052108480320675,-0.00025667567661002977,0.08333333333333333,0.0,0.0,4.554826706022553,2.2633277173376136,0,0,0
S5_p001_t023_s8860321,2026-10-08T20:35:15Z,S5,1,1,0,0,0786b23c5e955b51136e5c60adafd317d0b2ebe667504a018a3c6ef5006b83c8,12000,16,1,180000,0.9248793613057283,1,0.011892185799414555,0.011415151531325125,0,1,173630,0.0,-2.8499999364204083,-330.83857737787304,-8.16861355570271,0.1560450689217926,0.0039857252898477845,0.0004983272615390888,0.08333333333333333,0.0,7.583333333333333,5.120201265923864,2.2994539245821595,0,0,0
S5_p001_t024_s1947352502,2026-10-08T20:35:30Z,S5,1,1,0,0,e3ce4205ecff13a7138e22ff32bb04956e7b08391818ad4b9b01c4672e954ed1,12000,16,1,180000,0.9246601831940412,1,0.011751639886527273,0.011692016999606968,0,1,173721,0.0,-2.8565439079619463,-323.25522246792815,-8.14802685259706,0.11352306398058676,0.002746211684935329,0.00034360325980742346,0.08333333333333333,0.0,0.0,4.610800065646862,1.879097246461804,0,0,0
S5_p001_t025_s530962326,2026-10-08T20:35:45Z,S5,1,1,0,0,4a403970bd3472c4667ba7bd8c4ee9b07f8097cb8a939d9f7d75e257e3007f16,12000,16,1,180000,0.9246944038688069,1,0.012428560409892537,0.011754246126400688,0,1,173672,0.0,-2.8549712591167724,-327.33856301749495,-8.15132386285691,0.11706524573267024,-0.00033008574742255005,-4.128382443013834e-05,0.08333333333333333,0.0,1.0,5.3069463431389785,2.009787108211113,0,0,0
S5_p001_t026_s1487894653,2026-10-08T20:36:00Z,S5,1,1,0,0,65726710b007fdc295aad8cfda688b9a0946b6bbd27ed792abe8c4dd87dfab04,12000,16,1,180000,0.9253751457076849,1,0.011746288779383465,0.011754246126400688,0,1,173684,0.0,-2.825745104636793,-326.3385909317937,-8.19406109285771,0.11188376289127083,0.003059535057847979,0.00038269276410574093,0.08333333333333333,0.0,0.0,5.480478413911972,2.6366802260025572,0,0,0
S5_p001_t027_s336917293,2026-10-08T20:36:15Z,S5,1,1,0,0,951320b1561f9286edc0fa18a2efc8374d0274804fcbf23a5cbf64ab425e606a,12000,16,1,180000,0.9254259854686444,1,0.011726013676344984,0.011497097383666202,0,1,173653,0.0,-2.8220157512916693,-328.9219460778204,-8.205888653816041,0.15545907770491094,-0.0002927979681895428,-3.6614678720070515e-05,0.08333333333333333,0.0,6.0,5.8587741511699205,2.1676567607575588,0,0,0
S5_p001_t028_s362942692,2026-10-08T20:36:30Z,S5,1,1,0,0,7246556ddea47320a13a842fc1d6cb3bb9cc7e2dbe153b908063bbe0e5828834,12000,16,1,180000,0.9252722514495612,1,0.01284915808444831,0.013794725883134002,0,1,173725,0.0,-2.823345627416126,-322.9219261826917,-8.19018953335023,0.12984701889703953,-0.002522386636754283,-0.00031560858315060614,0.08333333333333333,0.0,0.5,4.877638063594024,2.3249324596249945,0,0,0
S5_p001_t029_s125804357,2026-10-08T20:36:45Z,S5,1,1,0,0,88e02d2fd65e95b5d37149fce2160a9667ca8103a8dd6273c47723c2b54c9601,12000,16,1,180000,0.9246051617270529,1,0.012325067502685534,0.013794725883134002,0,1,173731,0.0,-2.850644093376782,-322.42192583673085,-8.150436915831555,0.14042278807408262,0.0023028076696834906,0.0002881480208998255,0.08333333333333333,0.0,0.0,4.804229876453126,2.4173019184650784,0,0,0
S5_p001_t030_s1238284527,2026-10-08T20:37:00Z,S5,1,1,0,0,d281697c94c36716cfc1d6807ea7856d6d83027e63c6f5001207d4b91e9f756b,12000,16,1,180000,0.9256367969028477,1,0.011859073112882337,0.012303348513055432,0,1,173725,0.0,-2.8103813436436997,-322.9219601500845,-8.220784238217995,0.09343628984813336,0.0033828290356707415,0.00042326971743023023,0.08333333333333333,0.0,0.0,5.041305130364368,2.120145324151933,0,0,0
S5_p001_t031_s185959128,2026-10-08T20:37:15Z,S5,1,1,0,0,d6a49f56a12aefc740a0238b74bd77211d0d29b57b4a4af9c65e38812cf7955f,12000,16,1,180000,0.9252972555160337,1,0.011437777401362311,0.01166365529434014,0,1,173696,0.0,-2.8185673586419573,-325.33861596487986,-8.199464213908733,0.17024006802167105,-0.002569380118426195,-0.0003214140365344065,0.08333333333333333,0.0,0.0,4.76457710096907,2.3230727368873088,0,0,0
S5_p001_t032_s1290207230,2026-10-08T20:37:30Z,S5,1,1,0,0,88a0920fee2b9459856dda215eb49b4bb83a404334960620b9b6cbe86f9a137d,12000,16,1,180000,0.9252470535747925,1,0.012429329283454797,0.01182170195224339,0,1,173665,0.0,-2.8269271963855083,-327.9219317281568,-8.188749864811504,0.11481814460593093,0.0011839828397012147,0.000148072445881553,0.08333333333333333,0.0,0.8333333333333334,5.028053552236629,1.8630822910878522,0,0,0
S5_p001_t033_s1071658190,2026-10-08T20:37:45Z,S5,1,1,0,0,ffc82359336aba9aa113b8aab07032c9148058693375cabd3f6d83e46f51b368,12000,16,1,180000,0.9248103290521863,1,0.011581569590451375,0.011821701952243394,0,1,173675,0.0,-2.8436224430690404,-327.0885759731718,-8.161304110016351,0.1588892660828338,-0.0032340321705396054,-0.00040449010566590005,0.08333333333333333,0.0,4.75,4.890045125671872,2.3254842651852887,0,0,0
S5_p001_t034_s264284341,2026-10-08T20:38:00Z,S5,1,1,0,0,3fe45fd37aa6074b9ef99d3488ec9718be7882ea5eade5a24e387c79fa5bae79,12000,16,1,180000,0.9251652258465057,1,0.011816001883338784,0.011609161800808964,0,1,173732,0.0,-2.82201248767244,-322.3386070908103,-8.182620724460087,0.14637417680970805,0.007119546603238864,0.0008908688664632791,0.08333333333333333,0.0,0.0,5.062716165839755,2.278013839150272,0,0,0
S5_p001_t035_s1262033904,2026-10-08T20:38:15Z,S5,1,1,0,0,b4195ea1fdd4cb7f27eb38f25ce6dd80769a08af1fc29a84566025c041a5d474,12000,16,1,180000,0.5956337700165146,1,0.01115748764918466,0.011250382661086605,0,1,173692,0.0,-6.601728081934878,-325.6719860355127,2.42157420475781,54.87148246229725,962.4956484515166,120.39858066480019,9.416666666666666,0.0,4.166666666666667,8.738105803059673,7.397504387179273,0,0,0
S5_p001_t036_s1103695776,2026-10-08T20:38:30Z,S5,1,1,0,0,888b2fd7779af6a9fd0fa8624936f679a22486bc9d123947b9fa460753c7d348,12000,16,1,180000,0.7856408584513747,1,0.013042336491666225,0.012791163267020645,0,1,173862,0.0,-2.9429109094897643,-311.4720434515918,-7.4745899780431015,0.1439254094077837,-0.011656341502493719,-0.0014600733366023633,0.08333333333333333,0.0,0.0,4.566736209878739,2.7001893408874755,0,0,0
S5_p001_t037_s1633845900,2026-10-08T20:38:45Z,S5,1,1,0,0,efae15981991d71cb95fa9526d346b74bdcdd58cd735feeb73f40b06a4534302,12000,16,1,180000,0.7862734433335407,1,0.012445649951772251,0.012791163267020641,0,1,173793,0.0,-2.935907943712095,-317.2221049137382,-7.4886069561617,0.12175291380222689,0.006070438366036189,0.0007599642494824366,0.08333333333333333,0.0,0.0,4.779110766214517,2.2761182697270814,0,0,0
S5_p001_t038_s1316886713,2026-10-08T20:39:00Z,S5,1,1,0,0,822ec62143649113ddc7d1470c32eeca9e8894d1e170ac0c4380a6d3b0b5b4e8,12000,16,1,180000,0.7866710572885646,1,0.011130301533750756,0.01057359964982943,0,1,173766,0.0,-2.92185589801581,-319.47207616869673,-7.5375043417538485,0.1168926981124155,-0.011881037767127416,-0.0014870782110847358,0.08333333333333333,0.0,6.666666666666667,5.251700059367206,2.4214223899973355,0,0,0
S5_p001_t039_s1570360091,2026-10-08T20:39:15Z,S5,1,1,0,0,4db9e646617c047516b655170e14e0bd1156235071bf3a356c501de436fd1c94,12000,16,1,180000,0.7877369582723548,1,0.011729191820919771,0.011196171779032286,0,1,173846,0.0,-2.9037716779061364,-312.8053715964555,-7.532033861881046,0.12658428525986806,-0.004614922891946043,-0.0005779914026788902,0.08333333333333333,0.0,334.1666666666667,5.164952953613515,2.4512414074678883,0,0,0
S5_p001_t040_s255641872,2026-10-08T20:39:45Z,S5,1,1,0,0,1555e663b0ce4777ecb0d582b4c58dd24bfff11cce8cf85b1d4c58f2ef416aa0,12000,16,1,180000,0.9114902411053,1,0.012378989981378236,0.011607060582618213,0,1,173490,0.0,-2.8496635674795407,-342.491692208705,-8.108034842243304,0.10767166362519376,-0.0010653840439056803,-0.0001330536824752926,0.08333333333333333,0.0,0.75,4.86971579982332,2.3096954762078274,0,0,0
S5_p001_t041_s1560381157,2026-10-08T20:40:00Z,S5,1,1,0,0,bd0ca7178dda127460e527f593da91db6de8be0d1b5b51d9a7cf2ed956028d9b,12000,16,1,180000,0.9116886280292846,1,0.0125816588478731,0.01253363199207295,0,1,173499,0.0,-2.842941672529583,-341.741675635077,-8.125433672483224,0.12658226164936343,0.0001375882335258102,1.7184357602673117e-05,0.08333333333333333,0.0,2.5,5.0407277371233725,2.2793536140667916,0,0,0
S5_p001_t042_s520177207,2026-10-08T20:40:15Z,S5,1,1,0,0,09137803e6014241da9779685d460826ebd710a17cf00f24f4c51923dd51ee69,12000,16,1,180000,0.9115993446627051,1,0.014470929943888154,0.012533631992072952,0,1,173529,0.0,-2.8408102425557376,-339.2416994492929,-8.110170858746216,0.16690913456290407,0.005664445769443074,0.0007076422166392149,0.08333333333333333,0.0,0.0,5.228321970984165,2.465386339977579,0,0,0
S5_p001_t043_s1065234686,2026-10-08T20:40:30Z,S5,1,1,0,0,aae1c1f9c0280adb90b60f672694f43dcfaef777ed16dd11214df6311e64caa3,12000,16,1,180000,0.9113641579313916,1,0.012077808303719248,0.011682577969342321,0,1,173478,0.0,-2.8431323264989783,-343.4917119176237,-8.089329719620064,0.16705063408801185,-0.0004672888601079987,-5.8353163694846444e-05,0.08333333333333333,0.0,2.5,4.771061815903856,1.9880308978070407,0,0,0
S5_p001_t044_s1775278461,2026-10-08T20:40:45Z,S5,1,1,0,0,d4085db6619c9cca030bdef8fca8379c002e20d296f7dbf5ca713a67f6b57c8e,12000,16,1,180000,0.9112569460680724,1,0.01158550807120067,0.011823933187721984,0,1,173508,0.0,-2.850578494075053,-340.99170549664694,-8.089012751013097,0.13065077106499343,-0.001433301543009212,-0.00017902796253110864,0.08333333333333333,0.0,0.0,5.744946872461156,2.445975204677637,0,0,0
S5_p001_t045_s1025061940,2026-10-08T20:41:00Z,S5,1,1,0,0,1584678972de7dc132bb5cd3fe6996f13e9c8866c7fb49ca9d34fb2159ac8f5b,12000,16,1,180000,0.9119144950237813,1,0.012702466705249028,0.01213097723177856,0,1,173506,0.0,-2.8286446121728748,-341.15835203820524,-8.129494590127774,0.16456071492616275,0.0018900136625734077,0.0002360702665100689,0.08333333333333333,0.0,0.0,4.917224802006109,2.348196499047945,0,0,0
S5_p001_t046_s1355283976,2026-10-08T20:41:15Z,S5,1,1,0,0,692a31c61f44ec5bb48bcb7dcbd196887a9232f716d4764eed75a2210be7e361,12000,16,1,180000,0.9112211874900747,1,0.010917828191060899,0.01213097723177856,0,1,173475,0.0,-2.849836362846572,-343.7416902406433,-8.087298173432076,0.1633607267353196,-0.00430810303653966,-0.0005379657504818169,0.08333333333333333,0.0,2.5,5.777568006672453,3.012849434299245,0,0,0
S5_p001_t047_s8670849,2026-10-08T20:41:30Z,S5,1,1,0,0,57319227b593b26f9e2f758fd11088495f822ffbfbba5d3fd5ee87dc217297ca,12000,16,1,180000,0.7440673270353086,1,0.011963187301882998,0.01188729198616384,0,1,173505,0.0,-4.564051466917386,-341.2417758414097,-1.4449761065203393,76.45717798191319,909.7409920142852,113.62937912556026,8.833333333333334,0.0,2.6666666666666665,11.715562842886532,10.860241311341847,0,0,0
S5_p001_t048_s683044550,2026-10-08T20:41:45Z,S5,1,1,0,0,449d9807585972d910c9f924ebc5adfbf55b6e8c15e9e598580ddbf527f70dea,12000,16,1,180000,0.8243395070162958,1,0.012433439106374662,0.011887291986163843,0,1,173651,0.0,-2.93207113704087,-329.1056999733846,-7.455866944764823,0.12067157648707011,-0.014949340277237513,-0.0018694000523282739,0.08333333333333333,0.0,0.0,4.668384903789603,1.868138433670969,0,0,0
S5_p001_t049_s1419673414,2026-10-08T20:42:00Z,S5,1,1,0,0,401e361ae5c7e0fa4a1f16d0ed6db2e84d7c9b8385507d2e8b9b70f79b4e3f86,12000,16,1,180000,0.8234114015490859,1,0.011154922984772806,0.012476187310916514,0,1,173602,0.0,-2.9556303190936024,-333.189009363301,-7.404116113969471,0.15553032915256523,-0.00011873708353959957,-1.4842135442449944e-05,0.08333333333333333,0.0,2.0,4.9943198941327385,2.182744334663809,0,0,0
S5_p001_t050_s1860529943,2026-10-08T20:42:15Z,S5,1,1,0,0,381ea5b19392e3f8d72d89130a45621c32bebc4dbaaf2337b7ad7d03a15ada01,12000,16,1,180000,0.8240359501527941,1,0.01182103380943233,0.012476187310916514,0,1,173626,0.0,-2.937019117021262,-331.18905091862143,-7.442169978091613,0.14594417849546346,0.012331940545201798,0.0015417885347233096,0.08333333333333333,0.0,0.0,4.751824047771328,1.9811012809273754,0,0,0
S5_p001_t051_s978485698,2026-10-08T20:42:30Z,S5,1,1,0,0,b37351c0478225c561daa29c6bd0eb490f9cd666695a1b3c034fb421f246215a,12000,16,1,180000,0.8248105317424091,1,0.011655066378427455,0.011215183543938707,0,1,173622,0.0,-2.9216040982172324,-331.5223824656732,-7.453197340990124,0.1346636290167201,-0.00959782242464175,-0.0011999197595287114,0.08333333333333333,0.0,2.1666666666666665,4.6800335410015705,2.525273022135744,0,0,0
S5_p001_t052_s800179956,2026-10-08T20:42:45Z,S5,1,1,0,0,d3b3d67e7f7f61a4c93307d97253de4ac5f90271d46b5caa37d51cf834a2bed5,12000,16,1,180000,0.8237533030903292,1,0.011512071525455095,0.0112288047081808,0,1,173648,0.0,-2.9436042987883786,-329.35568804675734,-7.427365967404624,0.13715182337797321,0.013696754467115012,0.0017127243590948638,0.08333333333333333,0.0,0.0,5.5017229921830575,1.7736897859113356,0,0,0
S5_p001_t053_s230175689,2026-10-08T20:43:00Z,S5,1,1,0,0,26049eb876182b5b895e92d1755123e5d895fd3ffb2493e3f7e1b5de341f04be,12000,16,1,180000,0.8243805507310344,1,0.011343028988627947,0.011278256551537354,0,1,173569,0.0,-2.937376222264232,-335.93900039746404,-7.4311548489919135,0.14602629810318563,0.005252590718670742,0.0006564005043401266,0.08333333333333333,0.0,0.0,5.249035249321188,2.56667026643888,0,0,0
S5_p001_t054_s1158910655,2026-10-08T20:43:15Z,S5,1,1,0,0,9b567a3c6abbb6fdc573cf8b2f5f841c865f7e082385b7e6b9fc8384dd0f140e,12000,16,1,180000,0.8231898734476799,1,0.010985738642934475,0.011760632094508684,0,1,173567,0.0,-2.9623107893846914,-336.1056408730922,-7.3839489875667494,0.19370690341900554,-0.00846412277350678,-0.0010577191023912746,0.08333333333333333,0.0,6.666666666666667,5.258564962847953,1.862085375858614,0,0,0
S5_p001_t055_s55591962,2026-10-08T20:43:30Z,S5,1,1,0,0,4d5d62d92e88a2ffac307be51406cfc36b189420b195df1ffbed02b0deeed55a,12000,16,1,180000,0.8237321450211328,1,0.011535814764015582,0.011988525367485186,0,1,173647,0.0,-2.9351687554114236,-329.43909438547473,-7.416663558248589,0.13255699257952708,-0.004555235038241292,-0.0005696093653568823,0.08333333333333333,0.0,0.5,4.611429411193336,2.1653637234508523,0,0,0
S5_p001_t056_s1696699799,2026-10-08T20:43:45Z,S5,1,1,0,0,3ab0c763317dd62f45aa46b6afe09bbfc3c2ef7c03763ee8d8b88a4ae4d08246,12000,16,1,180000,0.8236643655890336,1,0.011556280652656773,0.012946098866177964,0,1,173653,0.0,-2.9433530960811916,-328.9390428853785,-7.413938636162607,0.10162075631011336,-0.0003782759823596516,-4.730378987005679e-05,0.08333333333333333,0.0,0.0,5.504278511981787,2.4469272235646837,0,0,0
S5_p001_t057_s639385521,2026-10-08T20:44:00Z,S5,1,1,0,0,8ba9b8dc3a626d80b8eff465f5ed15bb19aa0aed217ad8eac2d8fb5864c4ef37,12000,16,1,180000,0.8236599014743616,1,0.011420256207670459,0.012946098866177966,0,1,173572,0.0,-2.9448008726404584,-335.6890336723767,-7.419932126435032,0.1686954886609947,-0.00047013740656515527,-5.8753071698447457e-05,0.08333333333333333,0.0,0.16666666666666666,5.073913526903318,2.138046160211629,0,0,0
S5_p001_t058_s455409832,2026-10-08T20:44:15Z,S5,1,1,0,0,719a6fd3040af59869f8dd9e807574241422ec0402c8e046cdf70c5cfbaab90d,12000,16,1,180000,0.824082269991152,1,0.01263534120776536,0.011877803507190515,0,1,173574,0.0,-2.9372547883299083,-335.5223743651271,-7.407605481511959,0.2203617526963615,-0.015498080188572315,-0.0019368260773262591,0.08333333333333333,0.0,2.6666666666666665,5.311531378975195,2.1631754267138295,0,0,0
S5_p001_t059_s1555299053,2026-10-08T20:44:30Z,S5,1,1,0,0,e3e2d82cd8f38ec8051a73e8853c0efe494c6bf20083f828359be701e782d7ef,12000,16,1,180000,0.8238002204547538,1,0.012024710226036262,0.01113855425576945,0,1,173606,0.0,-2.9454902565416266,-332.8556698979003,-7.427725239816796,0.22319929881351175,-0.011877726710412255,-0.0014847633497083734,0.08333333333333333,0.0,365.5,4.6428235551470785,2.4367878235506755,0,0,0
S5_p002_t000_s1138448492,2026-10-08T20:45:00Z,S5,2,1,0,0,a50762739e67c196d7084ae64f55010a9e485bf55f3f7a35bf2c669fb19d1964,12000,16,1,180000,0.8627042696408744,1,0.8627042696408744,0.9999999999995622,1,1,135603,nan,-1.2769914048088602,nan,-5.2637619882942825,6.968609646419337,nan,nan,9.333333333333334,0.0,6.833333333333334,3.224890457405,185.0006458545397,0,1,0
S5_p002_t001_s1850764392,2026-10-08T20:45:15Z,S5,2,1,0,0,b27b6059adcbe3c3a6608ed9f073c498544687f06547f7bcf4e2608180be7345,12000,16,1,180000,0.9686407699719894,1,0.9686407699719894,0.9999999999995622,1,1,173646,nan,-0.1419684188669122,nan,-42.04178364012287,1.7017772120607507e-07,nan,nan,0.0,0.0,0.0,0.9507725000006065,176.23815392204008,0,1,0
S5_p002_t002_s321598820,2026-10-08T20:45:30Z,S5,2,1,0,0,9e8f91a4fb4ef010675e8fb35e410a2e58748056bd86f4f3ace0540349e047ca,12000,16,1,180000,0.9686407699947852,1,0.9686407699947852,0.9999999999995622,1,1,173622,nan,-0.14196841879978486,nan,-42.041784328727765,1.7015325236045939e-07,nan,nan,0.0,0.0,1.4166666666666667,0.950790414007184,176.2381394914769,0,1,0
S5_p002_t003_s121880670,2026-10-08T20:45:45Z,S5,2,1,0,0,390a3e58d13cfc4c9e9092841cfdcb71819e138d8ba481c348b977c07267fef2,12000,16,1,180000,0.9686406820934755,1,0.9686406820934755,0.9999999999995622,1,1,173639,nan,-0.14196911671255705,nan,-42.03618615793096,1.857907645822193e-07,nan,nan,0.0,0.0,0.0,0.9507775076378584,175.6628374870819,0,1,0
S5_p002_t004_s476275882,2026-10-08T20:46:00Z,S5,2,1,0,0,d4b1e7fa69da7c0d59627acf8fc4e80c583c9e9b03a436acf13d5b5705439d6d,12000,16,1,180000,0.9686404272954101,1,0.9686404272954101,0.9999999999995622,1,1,173573,nan,-0.1419680424885152,nan,-42.04480543216485,3.4909768113959085e-07,nan,nan,0.0,0.0,6.416666666666667,0.9508236107613185,176.5839995474716,0,1,0
S5_p002_t005_s1101140010,2026-10-08T20:46:15Z,S5,2,1,0,0,ae0f55da325f4b7ca3dae3c508ace4b152e0378d8a2ba9d84b3b8724f7b1d0cf,12000,16,1,180000,0.9686407699681905,1,0.9686407699681905,0.9999999999995622,1,1,173650,nan,-0.14196841823932232,nan,-42.04178358432991,1.64867675052945e-07,nan,nan,0.0,0.0,0.0,1.0793097642022529,176.23796807705645,0,1,0
S5_p002_t006_s993856876,2026-10-08T20:46:30Z,S5,2,1,0,0,a6e988d4b8b8c300b074a58da48d433970f30ac818d8bbf15e3997ffac5d4ae3,12000,16,1,180000,0.9686406821309782,1,0.9686406821309782,0.9999999999995622,1,1,173555,nan,-0.1419691169432035,nan,-42.03618577745796,1.8528672219814828e-07,nan,nan,0.0,0.0,2.3333333333333335,0.9508362537938607,175.6628444249303,0,1,0
S5_p002_t007_s494561765,2026-10-08T20:46:45Z,S5,2,1,0,0,fb94ec283602cdc6566548979b7754cf7a30c123c101aa80c7af15962c71a8c1,12000,16,1,180000,0.9686406821184732,1,0.9686406821184732,0.9999999999995622,1,1,173583,nan,-0.14196911678580487,nan,-42.036185966767185,1.8583786426333308e-07,nan,nan,0.0,0.0,5.333333333333333,0.9508188714724471,175.66279513676437,0,1,0
S5_p002_t008_s569656867,2026-10-08T20:47:00Z,S5,2,1,0,0,160fbd0e1c007ade82dfbe18bb787aaa8c0bf92722071362b16f1a082fdb4898,12000,16,1,180000,0.968640682089906,1,0.968640682089906,0.9999999999995622,1,1,173647,nan,-0.14196911670198833,nan,-42.03618618715606,1.8578466231814146e-07,nan,nan,0.0,0.0,0.0,0.950771504499061,175.66284855976605,0,1,0
S5_p002_t009_s1938674575,2026-10-08T20:47:15Z,S5,2,1,0,0,8c26ca6d17e12e283fbae8374a351ef433a45a7eb0fad8af82805eb0cbe0ff95,12000,16,1,180000,0.9686406821309782,1,0.9686406821309782,0.9999999999995622,1,1,173555,nan,-0.1419691169432035,nan,-42.03618577745796,1.8528672219814828e-07,nan,nan,0.0,0.0,5.833333333333334,0.9508362537938607,175.6628444249303,0,1,0
S5_p002_t010_s1527196527,2026-10-08T20:47:30Z,S5,2,1,0,0,c9b66a3b0eba2a81371d59fb27a2085714969713b5f4d78b6b3c07923da1aacb,12000,16,1,180000,0.9686404273481198,1,0.9686404273481198,0.9999999999995622,1,1,173625,nan,-0.14196804351215256,nan,-42.044803050401086,3.553452022475701e-07,nan,nan,0.0,0.0,0.9166666666666666,0.9538343369624289,176.58407625098135,0,1,0
S5_p002_t011_s1240012615,2026-10-08T20:47:45Z,S5,2,1,0,0,c18a979bc26c9f470a3c8d0fd60d7f0f59be3fedd1111241e5bd8e5c4817ee44,12000,16,1,180000,0.9686403394577169,1,0.9686403394577169,0.9999999999995622,1,1,173636,nan,-0.1419687404514551,nan,-42.039202725210714,4.139928210804921e-09,nan,nan,0.0,0.0,1.3333333333333333,0.9507793978116554,175.94744367469164,0,1,0
S5_p002_t012_s1128565587,2026-10-08T20:48:00Z,S5,2,1,0,0,ebf6ad3ea2b121733f5bd2f99d40c7efd0c79a458fc874dc5fdbb6544c7ef5a4,12000,16,1,180000,0.9686403394819846,1,0.9686403394819846,0.9999999999995622,1,1,173652,nan,-0.1419687404662015,nan,-42.03920250501148,4.163189717964237e-09,nan,nan,0.0,0.0,0.25,0.9507673873106499,175.9474614660685,0,1,0
S5_p002_t013_s1398407335,2026-10-08T20:48:15Z,S5,2,1,0,0,cd3134b64421078555419ac795f2f3e1217332cfc945f587df81fb38af2de224,12000,16,1,180000,0.9686406820863364,1,0.9686406820863364,0.9999999999995622,1,1,173655,nan,-0.14196911669181267,nan,-42.036186209640775,1.8577762272778618e-07,nan,nan,0.0,0.0,0.0,0.9507654774145784,175.6628380476363,0,1,0
S5_p002_t014_s1843803682,2026-10-08T20:48:30Z,S5,2,1,0,0,eb4146bc6ee9dbcfd205d7a35c61abde09aac289da43c5c117159dc5d9393ee8,12000,16,1,180000,0.9799277622489595,1,0.9799277622489595,0.9999999999995622,1,1,137965,nan,-0.26246666184281814,nan,-18.207187945103648,0.5305254594537664,nan,nan,10.666666666666666,0.0,3.0833333333333335,37.57929607067576,186.52470498660568,0,1,0
S5_p002_t015_s1476197660,2026-10-08T20:48:45Z,S5,2,1,0,0,d467f1c1b79084b6e8d478e46b335a33c6e5f74d0c0c93c3eb479563ff7676ce,12000,16,1,180000,0.9899905225232829,1,0.9899905225232829,0.9999999999995622,1,1,173899,nan,-0.14184082084695082,nan,-43.80642724747658,8.802305659689109e-08,nan,nan,0.0,0.0,0.0,0.9508757782583814,175.86109593246874,0,1,0
S5_p002_t016_s1921035023,2026-10-08T20:49:00Z,S5,2,1,0,0,866cf51b3db9a2f23c5f3c47d7b5a0800c06dac4a8a0fcce6dd47846634d085f,12000,16,1,180000,0.9899905225689168,1,0.9899905225689168,0.9999999999995622,1,1,173815,nan,-0.14184082117815988,nan,-43.80642658039869,8.613241932877992e-08,nan,nan,0.0,0.0,0.0,0.9482454355148002,175.86092500881523,0,1,0
S5_p002_t017_s1351552590,2026-10-08T20:49:15Z,S5,2,1,0,0,75810281bbcfcab7695421853f3fae4cf2306743c2036a5f1ab579a2222e390d,12000,16,1,180000,0.9899905064805481,1,0.9899905064805481,0.9999999999995622,1,1,173814,nan,-0.1418414299702141,nan,-43.79925868548135,4.0114114242591195e-07,nan,nan,0.0,0.0,6.0,0.9482492144153234,176.53707746227508,0,1,0
S5_p002_t018_s1167112926,2026-10-08T20:49:30Z,S5,2,1,0,0,5f0cc68659cd015c693df7b115b0c2704c3f844d3652667959d6cb887e89ea48,12000,16,1,180000,0.9899905064480576,1,0.9899905064480576,0.9999999999995622,1,1,173886,nan,-0.141841429651088,nan,-43.7992622668586,4.010868025756811e-07,nan,nan,0.0,0.0,0.4166666666666667,0.9481994014527492,176.5373071758866,0,1,0
S5_p002_t019_s1353429191,2026-10-08T20:49:45Z,S5,2,1,0,0,e45a561ce78b353e0191737eb142d96cdd96c4ee322edb181f1a62bfd1b6670b,12000,16,1,180000,0.9898095874996082,1,0.9898095874996082,0.9999999999995622,1,1,173787,nan,-0.1418432837070443,nan,-43.74767210369028,8.855006348066072e-08,nan,nan,0.0,0.0,355.5,0.9508958503138217,175.86094862377396,0,1,0
S5_p002_t020_s1002632261,2026-10-08T20:50:15Z,S5,2,1,0,0,b70bf438bd8e02e7dd852362a4ef3d5a721a9dde47734d7171b47850d430a287,12000,16,1,180000,0.9899905065365665,1,0.9899905065365665,0.9999999999995622,1,1,173690,nan,-0.1418414309989836,nan,-43.79925253718697,3.9765862051836516e-07,nan,nan,0.0,0.0,0.5833333333333334,0.9508784423899215,176.53728117095648,0,1,0
S5_p002_t021_s1152143633,2026-10-08T20:50:30Z,S5,2,1,0,0,fd70b15a9061747ed12b23c3c41af08fa2cfa7114b53ab45f24e999a7819ad1d,12000,16,1,180000,0.9899903935891782,1,0.9899903935891782,0.9999999999995622,1,1,173697,nan,-0.1418412578782268,nan,-43.801287680960534,3.1502183335932234e-07,nan,nan,0.0,0.0,5.25,0.9508775091831114,176.337923304934,0,1,0
S5_p002_t022_s1274144205,2026-10-08T20:50:45Z,S5,2,1,0,0,81b7e78aa82f3002eb4700ae11f5ebfe7a9d0cd01846c3fa9c1816785624e49b,12000,16,1,180000,0.9899904097074783,1,0.9899904097074783,0.9999999999995622,1,1,173760,nan,-0.1418406484194693,nan,-43.80846184013599,1.237955385276002e-09,nan,nan,0.0,0.0,0.0,0.9860345589575442,175.69904690402683,0,1,0
S5_p002_t023_s236274386,2026-10-08T20:51:00Z,S5,2,1,0,0,ad63816a0d995a59a9d57088ed85ca61c8f413770606895bb8b3cb3eb4df2c21,12000,16,1,180000,0.9899904097029676,1,0.9899904097029676,0.9999999999995622,1,1,173716,nan,-0.14184064828315232,nan,-43.80846203969013,9.432626973226793e-10,nan,nan,0.0,0.0,1.3333333333333333,0.986039238119183,175.6990179560242,0,1,0
S5_p002_t024_s1250788590,2026-10-08T20:51:15Z,S5,2,1,0,0,690eed5420b90f21dcd95528609850167a05ab77923e43bf0ebf624ce680ef3b,12000,16,1,180000,0.989990409704608,1,0.989990409704608,0.9999999999995622,1,1,173732,nan,-0.14184064828484905,nan,-43.80846199338087,9.494208925234177e-10,nan,nan,0.0,0.0,5.583333333333333,0.9860373781696514,175.6989937370595,0,1,0
S5_p002_t025_s1053143358,2026-10-08T20:51:30Z,S5,2,1,0,0,78e106993db7883b5bd63fe6a57ddf2ca382b9cff8523380fd2aecb8536baf7b,12000,16,1,180000,0.9899905225776136,1,0.9899905225776136,0.9999999999995622,1,1,173799,nan,-0.14184082119158967,nan,-43.80642643906248,8.613936634378008e-08,nan,nan,0.0,0.0,0.0,0.9482562530567399,175.8610052813662,0,1,0
S5_p002_t026_s1195050127,2026-10-08T20:51:45Z,S5,2,1,0,0,b01eda6d8f2ab4fee64b3afddc9ca294c77d1a1a9d40c8922230fb1b2e287a14,12000,16,1,180000,0.989990506531142,1,0.989990506531142,0.9999999999995622,1,1,173702,nan,-0.1418414304665788,nan,-43.79925311439507,4.012360669600252e-07,nan,nan,0.0,0.0,3.75,0.9483230818647267,176.53706030366308,0,1,0
S5_p002_t027_s1857563192,2026-10-08T20:52:00Z,S5,2,1,0,0,5cd69bb5879ee2add77a78f331f781c9622961303d845fb37945dc4fca56fbfb,12000,16,1,180000,0.9899905226058905,1,0.9899905226058905,0.9999999999995622,1,1,173747,nan,-0.14184082098420686,nan,-43.80642591762946,8.79853648939153e-08,nan,nan,0.0,0.0,0.0,0.9508757787273467,175.86098271477215,0,1,0
S5_p002_t028_s926067461,2026-10-08T20:52:15Z,S5,2,1,0,0,79341e5b74ea2ba33a31efcda9f9cb3706fa36e1c908dedde7f462d553b4e581,12000,16,1,180000,0.9899905226211234,1,0.9899905226211234,0.9999999999995622,1,1,173719,nan,-0.14184082125858172,nan,-43.80642573919342,8.617620558129194e-08,nan,nan,0.0,0.0,5.166666666666667,0.9483090176858041,175.86100395531562,0,1,0
S5_p002_t029_s2039212308,2026-10-08T20:52:30Z,S5,2,1,0,0,4faa111edf2f0e2920499136ccc1575521948a6001875091dc7f155f7a50ce76,12000,16,1,180000,0.9899903935534572,1,0.9899903935534572,0.9999999999995622,1,1,173781,nan,-0.1418412580302398,nan,-43.80129084486559,3.116590789556413e-07,nan,nan,0.0,0.0,0.0,0.948272077093549,176.3380169644576,0,1,0
S5_p003_t000_s1714205886,2026-10-08T20:52:45Z,S5,3,1,0,0,a1595c8b21f4bddc89d299de6fab7c6217b8c3b5c8c99e802ac6cf94d7e7ebf9,12000,16,1,180000,0.9918736697998931,1,0.9918736697998931,1.0000000000009506,1,1,173776,nan,-0.25695276477765905,nan,-27.1293510663438,1.142158577467373e-05,nan,nan,0.0,0.0,0.0,2.4615203826684398,81.73364425248393,0,1,0
S5_p003_t001_s1934708211,2026-10-08T20:53:00Z,S5,3,1,0,0,bd4485d23a6edb2604d1a2d1b9faa8728b1b09f08a8e1e9451b73b82ffef9914,12000,16,1,180000,0.9918736668505118,1,0.9918736668505118,1.0000000000009506,1,1,173721,nan,-0.256953918340941,nan,-27.129320050419786,1.25798770441802e-05,nan,nan,0.0,0.0,0.0,2.4610202938210994,81.7336163435483,0,1,0
S5_p003_t002_s1951162110,2026-10-08T20:53:15Z,S5,3,1,0,0,158914fb154f2f0a796081a8fd24293a3be22a293bfdb651fcf5166b8691ed3b,12000,16,1,180000,0.9918736682773815,1,0.9918736682773815,1.0000000000009506,1,1,173717,nan,-0.25695290982206437,nan,-27.12934778993243,1.1579016829425811e-05,nan,nan,0.0,0.0,5.333333333333333,2.4620515367756943,81.7336533978833,0,1,0
S5_p003_t003_s1445156187,2026-10-08T20:53:30Z,S5,3,1,0,0,c1445dff7613a533d4fc4c695affe27bc6efed667aee4e0400594064f5501448,12000,16,1,180000,0.9918736668500182,1,0.9918736668500182,1.0000000000009506,1,1,173781,nan,-0.2569539139939907,nan,-27.129320111202237,1.2575540919218694e-05,nan,nan,0.0,0.0,0.0,2.4610046654651154,81.73361636610454,0,1,0
S5_p003_t004_s332708724,2026-10-08T20:53:45Z,S5,3,1,0,0,eb9653d048d449b94f7359d1637a6608060b9215528db75d3605a357650229db,12000,16,1,180000,0.9918736682763978,1,0.9918736682763978,1.0000000000009506,1,1,173777,nan,-0.2569529058242012,nan,-27.12934784121604,1.1575020021418141e-05,nan,nan,0.0,0.0,0.0,2.462051621329411,81.73365341390314,0,1,0
S5_p003_t005_s1838982444,2026-10-08T20:54:00Z,S5,3,1,0,0,eb9653d048d449b94f7359d1637a6608060b9215528db75d3605a357650229db,12000,16,1,180000,0.9918736682763978,1,0.9918736682763978,1.0000000000009506,1,1,173777,nan,-0.2569529058242012,nan,-27.12934784121604,1.1575020021418141e-05,nan,nan,0.0,0.0,0.0,2.462051621329411,81.73365341390314,0,1,0
S5_p003_t006_s1432963864,2026-10-08T20:54:15Z,S5,3,1,0,0,359c63f495731792b4661f0c710e14af020165e32ab056f3bfcd493b1c8f3166,12000,16,1,180000,0.9918735877312412,1,0.9918735877312412,1.0000000000009506,1,1,173761,nan,-0.2569506488613663,nan,-27.12871998274259,7.82793404407445e-06,nan,nan,0.0,0.0,0.0,2.4093118236565023,81.73210766020773,0,1,0
S5_p003_t007_s1060432322,2026-10-08T20:54:30Z,S5,3,1,0,0,fbaa853941f9bb86a2315a367b995b81b80c3131e7d259073b7743ff5557c2f4,12000,16,1,180000,0.9918736668505118,1,0.9918736668505118,1.0000000000009506,1,1,173721,nan,-0.256953918340941,nan,-27.129320050419786,1.25798770441802e-05,nan,nan,0.0,0.0,5.0,2.4610202938210994,81.7336163435483,0,1,0
S5_p003_t008_s328444916,2026-10-08T20:54:45Z,S5,3,1,0,0,c1445dff7613a533d4fc4c695affe27bc6efed667aee4e0400594064f5501448,12000,16,1,180000,0.9918736668500182,1,0.9918736668500182,1.0000000000009506,1,1,173781,nan,-0.2569539139939907,nan,-27.129320111202237,1.2575540919218694e-05,nan,nan,0.0,0.0,0.0,2.4610046654651154,81.73361636610454,0,1,0
S5_p003_t009_s2116983884,2026-10-08T20:55:00Z,S5,3,1,0,0,67f46eefa854ead89869f960f0bdcbd1de561147a66f3fe98c6a8bacacdee469,12000,16,1,180000,0.9893907781602878,1,0.9893907781602878,1.0000000000009506,1,1,156510,nan,-0.25694142382626717,nan,-27.129447325561667,1.9771316748727104e-10,nan,nan,0.0,0.0,339.6666666666667,2.487203704733746,81.73364322480013,0,1,0
S5_p003_t010_s1100042289,2026-10-08T20:55:30Z,S5,3,1,0,0,1e5950bbb762cf9f04d43e022faca1ea1a18c9a9e4fbec7c281125cdef582743,12000,16,1,180000,0.9598006750351201,1,0.9598006750351201,1.0000000000009506,1,1,173670,nan,-0.25761278679815836,nan,-26.77914973167223,2.0712920777936833e-08,nan,nan,0.0,0.0,0.0,2.5864360734246072,89.61877187781083,0,1,0
S5_p003_t011_s635744766,2026-10-08T20:55:45Z,S5,3,1,0,0,b81f5f9567ee97ad3d5df5e5592b99c50f6e1d38700a4a2faa21a071aa5d1d2e,12000,16,1,180000,0.9598028144848733,1,0.9598028144848733,1.0000000000009506,1,1,173638,nan,-0.2576096159128721,nan,-26.77967259766694,1.9601373235684464e-06,nan,nan,0.0,0.0,0.0,2.578024914720084,89.61784535045567,0,1,0
S5_p003_t012_s961338442,2026-10-08T20:56:00Z,S5,3,1,0,0,2815cc7e7a7568297eaf84759afa0cee2c01386c36c1dd5f9da936c78b2d4807,12000,16,1,180000,0.9598023776441842,1,0.9598023776441842,1.0000000000009506,1,1,173555,nan,-0.2576222356229111,nan,-26.778459848229538,7.886353196020843e-06,nan,nan,0.0,0.0,4.416666666666667,2.538301698712755,89.61984621563083,0,1,0
S5_p003_t013_s1294474057,2026-10-08T20:56:15Z,S5,3,1,0,0,93e7742628b95ea637a4bd183e8efebd2f84c892da47ac0d70f4e1a7f3fa9eef,12000,16,1,180000,0.9598028145770979,1,0.9598028145770979,1.0000000000009506,1,1,173608,nan,-0.2576096150690428,nan,-26.779672822942544,1.9601435810907893e-06,nan,nan,0.0,0.0,2.0833333333333335,2.5780245368810655,89.61784444594996,0,1,0
S5_p003_t014_s1681705495,2026-10-08T20:56:30Z,S5,3,1,0,0,abb2cd2551bde16efe2babcde5f29ef4444874bb954aaeabf955daf93ce9cf49,12000,16,1,180000,0.959802093818982,1,0.959802093818982,1.0000000000009506,1,1,173633,nan,-0.2576272298124524,nan,-26.77837830595028,1.3018821162609733e-05,nan,nan,0.0,0.0,0.0,2.4379894483896476,89.61960466387133,0,1,0
S5_p003_t015_s710608608,2026-10-08T20:56:45Z,S5,3,1,0,0,6f5fde2b60d223028a404f4ee4e8e76630209e79d57731d82b6b583afc13db3a,12000,16,1,180000,0.9598019703554463,1,0.9598019703554463,1.0000000000009506,1,1,173572,nan,-0.25762558896773124,nan,-26.778420036209766,1.1444595758788284e-05,nan,nan,0.0,0.0,3.833333333333333,2.6298831406201932,89.61954679744905,0,1,0
S5_p003_t016_s384136078,2026-10-08T20:57:00Z,S5,3,1,0,0,0495ef6757d93d440a77dfb93f76e4611567acb4cf3f48bfea77fa211c390223,12000,16,1,180000,0.9598023889128289,1,0.9598023889128289,1.0000000000009506,1,1,173618,nan,-0.2576238493205402,nan,-26.778419195503595,9.408391646293042e-06,nan,nan,0.0,0.0,0.0,2.586233382934428,89.61985605546545,0,1,0
S5_p003_t017_s414741158,2026-10-08T20:57:15Z,S5,3,1,0,0,b2bb7ae9b0ff7865def538a5198fe3be7166c0fa7576bb929df3dcda8a0fb7f7,12000,16,1,180000,0.9598022350235281,1,0.9598022350235281,1.0000000000009506,1,1,173566,nan,-0.25762561025424,nan,-26.778345199565862,1.1183266669179727e-05,nan,nan,0.0,0.0,7.333333333333333,2.4376132486340687,89.61973209016783,0,1,0
S5_p003_t018_s1550145401,2026-10-08T20:57:30Z,S5,3,1,0,0,009958b985aaad66ee4fdccd8ab177abf9422eb6d9ea900efc8bb8423ac4ccc0,12000,16,1,180000,0.9598022721901733,1,0.9598022721901733,1.0000000000009506,1,1,173654,nan,-0.2576252761597116,nan,-26.778354141186355,1.084131987142971e-05,nan,nan,0.0,0.0,0.0,2.4375943090442598,89.6197561715251,0,1,0
S5_p003_t019_s247667753,2026-10-08T20:57:45Z,S5,3,1,0,0,dbb60dc34d514d6218777e775c444619dd8ff9ece49802ddb32bef91d592942e,12000,16,1,180000,0.9598022721891649,1,0.9598022721891649,1.0000000000009506,1,1,173624,nan,-0.2576252780313064,nan,-26.77835413991438,1.0843191871716065e-05,nan,nan,0.0,0.0,1.6666666666666667,2.437594245681562,89.61975563164174,0,1,0
S5_p003_t020_s1583609065,2026-10-08T20:58:00Z,S5,3,1,0,0,4b44823263aabef53988f76a6e1394571dab1ff3da3b1d658e7677ee726001d1,12000,16,1,180000,0.959802517722767,1,0.959802517722767,1.0000000000009506,1,1,173644,nan,-0.25762288106696773,nan,-26.778465628133393,8.42609421490228e-06,nan,nan,0.0,0.0,0.0,2.5862506400070124,89.61993683388127,0,1,0
S5_p003_t021_s796570551,2026-10-08T20:58:15Z,S5,3,1,0,0,95c0afc315c19bd2a6acca767c175276c570550bfa794ecec9d796fc22ac1211,12000,16,1,180000,0.9598006747595941,1,0.9598006747595941,1.0000000000009506,1,1,173640,nan,-0.25761278652480546,nan,-26.77914986679979,2.04904600752053e-08,nan,nan,0.0,0.0,0.0,2.586391360924081,89.61877115051368,0,1,0
S5_p003_t022_s1559731172,2026-10-08T20:58:30Z,S5,3,1,0,0,09ac4bcea799d5ab672be907a5645ed982d1863b6e1a5bc7f36bc515128d7ee5,12000,16,1,180000,0.9571282758735046,1,0.9571282758735046,1.0000000000009506,1,1,140409,nan,-0.2576260641049225,nan,-26.77861955076758,1.2088623968501693e-05,nan,nan,0.0,0.0,0.0,2.5417851881274967,89.61955940448208,0,1,0
S5_p003_t023_s844389843,2026-10-08T20:58:45Z,S5,3,1,0,0,41a2b9025c97d347968f363a951c6af1cc0392410e1bf8ce02434f8afa5f04ca,12000,16,1,180000,0.9918736698021544,1,0.9918736698021544,1.0000000000009506,1,1,173686,nan,-0.25695277070008177,nan,-27.129350991424104,1.1427500791495186e-05,nan,nan,0.0,0.0,0.25,2.4615319512425162,81.7336442224001,0,1,0
S5_p003_t024_s1173993624,2026-10-08T20:59:00Z,S5,3,1,0,0,925b7cc8a6b9aa2d1e6ec56d69fb1dbd3c7cde3b5ed2e6bf752abc0d39da97c0,12000,16,1,180000,0.9918736716919869,1,0.9918736716919869,1.0000000000009506,1,1,173689,nan,-0.2569536705884142,nan,-27.129328560088712,1.232074824722905e-05,nan,nan,0.0,0.0,0.0,2.461005513008184,81.73361874045852,0,1,0
S5_p003_t025_s412349045,2026-10-08T20:59:15Z,S5,3,1,0,0,5fa724b3c6fdfdd9b6df062263dcad6c5773d6613f8d336471791c554d88591d,12000,16,1,180000,0.9918737096123421,1,0.9918737096123421,1.0000000000009506,1,1,173667,nan,-0.25695237476716415,nan,-27.12875818072979,1.008344757370014e-05,nan,nan,0.0,0.0,4.583333333333333,2.458682064357242,81.73264268620511,0,1,0
S5_p003_t026_s1487682954,2026-10-08T20:59:30Z,S5,3,1,0,0,d45331ff7b83db16be46d638b8e4609ea86cb8b4a8c92046cce3cb1086b44b59,12000,16,1,180000,0.9918736639562304,1,0.9918736639562304,1.0000000000009506,1,1,173722,nan,-0.25695361310277287,nan,-27.129275901225736,1.221578300939478e-05,nan,nan,0.0,0.0,0.5,2.461368596239038,81.73355254513844,0,1,0
S5_p003_t027_s1191930151,2026-10-08T20:59:45Z,S5,3,1,0,0,0c5fe59d0965442b74b0b721d67161c8c347e58d44500cd71a863e4d90f907c9,12000,16,1,180000,0.9918740172748594,1,0.9918740172748594,1.0000000000009506,1,1,173728,nan,-0.25694736824336073,nan,-27.12845932778518,4.247275194641471e-06,nan,nan,0.0,0.0,0.9166666666666666,2.419380426320257,81.73186032486987,0,1,0
S5_p003_t028_s66415985,2026-10-08T21:00:00Z,S5,3,1,0,0,77219f73e7a198098d5adda97ca8d986703c2a638e5aad813e54b9c620149afa,12000,16,1,180000,0.9918736769289688,1,0.9918736769289688,1.0000000000009506,1,1,173739,nan,-0.25695139078815993,nan,-27.129405800457373,1.006678865667389e-05,nan,nan,0.0,0.0,0.0,2.4621000429465876,81.73365937120651,0,1,0
S5_p003_t029_s1759722470,2026-10-08T21:00:15Z,S5,3,1,0,0,3dafc62f5dbdfea5504bd527e4da23ebd86e93ed86cca3b79397630df6ef4657,12000,16,1,180000,0.9917832851155992,1,0.9917832851155992,1.0000000000009506,1,1,173630,nan,-0.2569536504850273,nan,-27.129354480934815,1.2353730751348018e-05,nan,nan,0.0,0.0,358.4166666666667,2.4186533275063447,81.73366757416703,0,1,0
S7_p000_t000_s1928618341,2026-10-08T21:00:45Z,S7,0,2,0,0,5819dcd3902d3f9eac4409388548d334e8b3cfc74870894f749e7b6ed4b49868,12000,16,1,180000,0.9770058270998981,1,0.5523773440123101,0.5173745417804761,0,1,173587,0.0,-0.8520255453161132,-334.4259689058842,-14.892823942582101,0.8219060319603742,0.14792817819601647,0.01848880335182912,0.08333333333333333,0.0,0.0,4.564157126588928,18.30233533868791,0,1,0
S7_p000_t001_s1519748887,2026-10-08T21:01:00Z,S7,0,2,0,0,dbd59443e2adcf59c012e7987e1806f81fc0a9fa97bb9d9f0b54b2d17379c038,12000,16,1,180000,0.9769427222645994,1,0.5508753509969601,0.519610581061896,0,1,173573,0.0,-0.8548988900934785,-335.59262792664833,-14.877423434137278,0.9188415636111826,0.15481971486387447,0.019347974586253258,0.08333333333333333,0.0,0.4166666666666667,4.647973141885904,18.285409750343575,0,1,0
S7_p000_t002_s1888808097,2026-10-08T21:01:15Z,S7,0,2,0,0,cf60e8f496a20d743368b0966a288466350c02de01ecb1ffb2f5ec9f69bcb3d8,12000,16,1,180000,0.9770824037642076,1,0.5520563248712521,0.519610581061896,0,1,173578,0.0,-0.84969295643818,-335.1759753968872,-14.918207178353333,0.8844893791884988,0.14222074026899123,0.017774179235857446,0.08333333333333333,0.0,2.8333333333333335,5.071632932919293,18.379380412181764,0,1,0
S7_p000_t003_s1567484507,2026-10-08T21:01:30Z,S7,0,2,0,0,0c183698e599e36066c2112123d8f711d0ecfa38b9d9307edcfdfebf5cfe139d,12000,16,1,180000,0.976978340820241,1,0.5510616869122483,0.5195043430058967,0,1,173612,0.0,-0.8502140882191634,-332.3426523021426,-14.883881065885776,0.84957603413497,0.14718603414759918,0.01839972612879137,0.08333333333333333,0.0,0.0,4.808540802360364,18.180577175224748,0,1,0
S7_p000_t004_s1587104087,2026-10-08T21:01:45Z,S7,0,2,0,0,73b23abb30e070712eaa90f7ae551ba2f6ed8d28c0f6dacb96a25c6e9e545ea4,12000,16,1,180000,0.9768904908731902,1,0.5521893186185913,0.5194035063955749,0,1,173567,0.0,-0.8585396443318248,-336.09260768597716,-14.857008606313478,0.8492371322632574,0.1429324279039162,0.017861550853012886,0.08333333333333333,0.0,0.0,5.151740866086494,18.16627922005647,0,1,0
S7_p001_t000_s1163046826,2026-10-08T21:02:00Z,S7,1,2,0,0,38426fd603663f9367f5d0efbd09421d9e5e94ab3a4a3791d88dc7768dd8016d,12000,16,1,180000,0.6146302037370152,1,0.21979921621152795,0.2551217701044732,0,1,173686,0.0,-4.80139710933357,-326.1877314951695,1.3678298368768163,38.521407837886855,997.636293462986,124.78833813152414,9.75,0.0,0.0,9.72663211531068,21.428366755728455,0,0,0
S7_p001_t001_s641673168,2026-10-08T21:02:15Z,S7,1,2,0,0,6d4be301311630a62ddcdd8e1841d848f1684b0c68cb031e7a28c5116143aa4b,12000,16,1,180000,0.9015984196147714,1,0.27631352722981234,0.2551217701044732,0,1,173667,0.0,-1.2737418121653918,-327.77619966125167,-13.125709735922545,0.39730654147149075,0.1182210957848645,0.01478532134433408,0.08333333333333333,0.0,1.3333333333333333,5.525289912868356,14.710165050306456,0,0,0
S7_p001_t002_s1425528308,2026-10-08T21:02:30Z,S7,1,2,0,0,b0d7426067b96b66ad653007339d7f6b260aaf302e8386d967827fc1ca4d5f1d,12000,16,1,180000,0.9021796096295831,1,0.2769420642559975,0.25459545097861797,0,1,173683,0.0,-1.2590205113092643,-326.44293048082966,-13.174999659105133,0.4817889646894634,0.1165321517661068,0.014575958075056406,0.08333333333333333,0.0,1.1666666666666667,4.702165327672766,15.024266755968956,0,0,0
S7_p001_t003_s961284984,2026-10-08T21:02:45Z,S7,1,2,0,0,6c2f9f3def3907e8ea140646853704a157c752d23303f2964473d906881dd2b1,12000,16,1,180000,0.9018317990434954,1,0.2766172746973498,0.2545954509786179,0,1,173697,0.0,-1.2689708840495226,-325.2762160207676,-13.145683823554595,0.4394340317040164,0.10785957715685915,0.013492693804437295,0.08333333333333333,0.0,0.0,4.81772828563973,15.204376359035436,0,0,0
S7_p001_t004_s990723452,2026-10-08T21:03:00Z,S7,1,2,0,0,e40a6f43c72489273defe8085c08f9d8ac10da99def76ae6de8eadbd98228544,12000,16,1,180000,0.9018473130959975,1,0.2784147143452602,0.2538033491403863,0,1,173681,0.0,-1.2672016719138777,-326.60956504502667,-13.157549913213327,0.46715298817496875,0.10674597337364347,0.013351679603601951,0.08333333333333333,0.0,0.0,4.798882482087993,14.784866953224949,0,0,0
S7_p002_t000_s98455044,2026-10-08T21:03:15Z,S7,2,3,0,0,321da0bd7b1dcf8425d0d3bc1bb1dd20eacb1c72e395a5225930d9a873c28842,12000,16,1,180000,0.921544701819913,1,0.636611503403067,0.6209508036808066,0,1,173678,0.0,-0.7027228547841545,-326.8632539609055,-15.733096152681366,1.0557131316181616,0.21150597345648478,0.02645432113604329,0.08333333333333333,0.0,7.0,4.568272839977616,19.602780920302575,0,1,0
S7_p002_t001_s1384128433,2026-10-08T21:03:30Z,S7,2,3,0,0,3e691bf58b55d8528f1f74b63de15c57b9246d3f8bfeee0db13da33b89fb9908,12000,16,1,180000,0.9215193487393801,1,0.6357990829816023,0.6209508036808066,0,1,173762,0.0,-0.7051315676202491,-319.86322694732615,-15.728891073612033,0.9818129396473911,0.19463309299082215,0.0243602779187313,0.08333333333333333,0.0,0.0,4.712050221551959,19.556372647006345,0,1,0
S7_p002_t002_s1361330484,2026-10-08T21:03:45Z,S7,2,3,0,0,c95943ce50180048f92ba4a2df0e9259c74b0cdba195c393b360ca6b843ed60d,12000,16,1,180000,0.9215150739630216,1,0.6351015157575514,0.6197701897798836,0,1,173721,0.0,-0.7048053927086213,-323.2798925809814,-15.736023112848672,0.9564727343047992,0.20714288978418677,0.025917511226907664,0.08333333333333333,0.0,0.0,4.7520238940475314,19.57429216547645,0,1,0
S7_p002_t003_s1078092554,2026-10-08T21:04:00Z,S7,2,3,0,0,24c2a98350348e9042e3fa87b2e71a9fb415408696b7721e294b90f84547d623,12000,16,1,180000,0.9215764494478957,1,0.6356972598655888,0.6200506262983498,0,1,173709,0.0,-0.7036197587265247,-324.27990707196534,-15.732622248674113,0.9840974774778061,0.19810585456509686,0.02478442914707557,0.08333333333333333,0.0,0.0,5.306742267214708,19.720731319800034,0,1,0
S7_p002_t004_s924921264,2026-10-08T21:04:15Z,S7,2,3,0,0,3779a844492115a04b50ba32b4d8f43dc3a64249b92c72a99937aeb4802eb168,12000,16,1,180000,0.9213702878341934,1,0.63611301392276,0.6200506262983498,0,1,173705,0.0,-0.7077048242486588,-324.61321768556263,-15.698466799598481,1.0026193738841136,0.20802904105582082,0.026025057123206352,0.08333333333333333,0.0,4.166666666666667,4.926796884444412,19.507842889027238,0,1,0
S7_p003_t000_s763598906,2026-10-08T21:04:30Z,S7,3,2,0,0,59643dcfb5abaf0dc283a80e15d2244ed452f47ca8c4b09d1af33870631750e3,12000,16,1,180000,0.9160885341607988,1,0.5437758329525267,0.5209269121406312,0,1,173755,0.0,-0.8553363648803112,-320.4454541227945,-14.805771882320213,0.884332391448079,0.1827108116429442,0.022866806209549395,0.08333333333333333,0.0,0.5833333333333334,4.762123884576295,19.441626939407268,0,1,0
S7_p003_t001_s1480126732,2026-10-08T21:04:45Z,S7,3,2,0,0,d3531a3bb75d111123e5c14837dbf4b2dfef7e884d02b14c02f3bbc61fc778d5,12000,16,1,180000,0.9161257025900037,1,0.5450841487181184,0.5209269121406312,0,1,173762,0.0,-0.8535464786327306,-319.86212710194985,-14.81891727649842,0.9054176079377938,0.1924256547813542,0.024083994952434296,0.08333333333333333,0.0,0.0,4.993655366908988,19.72096006735298,0,1,0
S7_p003_t002_s348040279,2026-10-08T21:05:00Z,S7,3,2,0,0,590a6baaa9a5c44577ac49d545e3e3874dc5dcf5ed5ac8075dbb185de7788a04,12000,16,1,180000,0.9159414256184087,1,0.5456181423201231,0.5206966482409549,0,1,173727,0.0,-0.8601868925842658,-322.7787502250382,-14.777249240603725,0.8594535542138881,0.18434575656749339,0.023066262790507608,0.08333333333333333,0.0,0.0,4.764234683983113,19.47905861094163,0,1,0
S7_p003_t003_s750677479,2026-10-08T21:05:15Z,S7,3,2,0,0,f6b6c9f9c367909de6759fda4676a9bf92452cb955ef2d42c0a15d53e9a36f22,12000,16,1,180000,0.8951226015773173,1,0.5436450295803216,0.5184811033296005,0,1,173710,0.0,-1.045807529121924,-324.19551537206036,-11.100863367936391,5.552577108016791,0.15466565082459482,0.01934991024336341,9.166666666666666,0.0,0.0,22.05928174225257,19.38825625438174,0,1,0
S7_p003_t004_s258894362,2026-10-08T21:05:30Z,S7,3,2,0,0,b37bef05051c41fc36d5eec42f536098df68f23a244b41512d5a11b80000aa0d,12000,16,1,180000,0.9162177135350625,1,0.5429189211048364,0.5184811033296005,0,1,173819,0.0,-0.8505472520407492,-315.11214387748925,-14.840295034992632,0.874480767543099,0.1833337255181349,0.022956499108204298,0.08333333333333333,0.0,351.1666666666667,4.492823126451885,19.648174861327476,0,1,0
S7_p004_t000_s139254338,2026-10-08T21:06:00Z,S7,4,2,0,0,d99830d9b0b821ce333ac00b4f98ec1ba27fb0b5895f7964a39d6a1afbfe7317,12000,16,1,180000,0.9165492939509219,1,0.5484858532090958,0.5248937613908201,0,1,173624,0.0,-0.844644352225063,-331.3621882542999,-14.854246197857101,0.8275461250309386,0.18352478029658767,0.022944635082239984,0.08333333333333333,0.0,0.0,4.5377357729247585,18.77004960015953,0,1,0
S7_p004_t001_s1221387494,2026-10-08T21:06:15Z,S7,4,2,0,0,add864ba1168221c9adc06930f0434b3b79bffd685056f39c7aff0d0ff479bef,12000,16,1,180000,0.9162096800826539,1,0.5484015185172002,0.5248937613908201,0,1,173535,0.0,-0.8511339777685273,-338.7788174790342,-14.827987916048812,0.839145921119339,0.18725957993033496,0.023394901099436538,0.16666666666666666,0.0,0.5,4.967661784234537,19.009184413418456,0,1,0
S7_p004_t002_s1203773898,2026-10-08T21:06:30Z,S7,4,2,0,0,5cf3464f3afb0049e1c63fea7a88909c0d4d94f505ab462ca6e144b5e95c0860,12000,16,1,180000,0.9166053331369035,1,0.5486371669123667,0.5252303196234194,0,1,173541,0.0,-0.8420519482979318,-338.2788674196927,-14.880395410817863,0.9107643347233197,0.18663170556503758,0.023317578661590233,0.08333333333333333,0.0,1.3333333333333333,4.892551410373191,18.97616385478348,0,1,0
S7_p004_t003_s43333996,2026-10-08T21:06:45Z,S7,4,2,0,0,7c82f7c1eb5f02074c72cbaac48f7b3d11e45910f1d22d636ad442a3117bdbc4,12000,16,1,180000,0.916257085696048,1,0.549796000415021,0.5252303196234194,0,1,173557,0.0,-0.8503421547012958,-336.9454787004033,-14.841296596920932,0.8190212150052857,0.18336631466649356,0.022912537849151704,0.08333333333333333,0.0,7.166666666666667,5.018124477165339,18.89058646082997,0,1,0
S7_p004_t004_s1033654550,2026-10-08T21:07:00Z,S7,4,2,0,0,33fa6db473639411c24f8821cba57a4c44e008557935d41f18faac40d43b9c8e,12000,16,1,180000,0.9166922738491902,1,0.5472568937918533,0.523848509483097,0,1,173643,0.0,-0.8395254182259927,-329.7788689240576,-14.925159206725166,0.8665037787847291,0.19054547615354614,0.02382599688371556,0.08333333333333333,0.0,0.0,4.782537733922414,18.893068677125136,0,1,0
S7_p005_t000_s600798252,2026-10-08T21:07:15Z,S7,5,2,0,0,069daf6e1c4894374b533fd6b07ec61e108b9e349f86124f52fc19c2216c8139,12000,16,1,180000,0.9156103013718304,1,0.5393801500204982,0.5145159131504455,0,1,173530,0.0,-0.8644829354393895,-339.1953942546061,-14.768115811797314,0.8079814024048124,0.19681344589773828,0.024587510169112647,0.08333333333333333,0.0,6.0,5.1861842523371084,19.498035622318564,0,1,0
S7_p005_t001_s1358512429,2026-10-08T21:07:30Z,S7,5,2,0,0,ddb3dd61846bcf8371970aec52fd96473d103874d6b55117e3648a98c48e8a55,12000,16,1,180000,0.9154430765010811,1,0.5416103109463987,0.5145159131504456,0,1,173602,0.0,-0.8697583948970306,-333.19536257311063,-14.732373837839743,0.8120365199515889,0.181775124368869,0.022721890546108625,0.08333333333333333,0.0,0.0,4.682913727183256,19.633196130887153,0,1,0
S7_p005_t002_s475029750,2026-10-08T21:07:45Z,S7,5,2,0,0,53251ea89b896799fc530380adf273d62eb7fd257f52caf1a7554e0f35a7095e,12000,16,1,180000,0.915428784219143,1,0.5391660330051627,0.515820579951814,0,1,173591,0.0,-0.8708559674793719,-334.1120265593224,-14.716585874805677,0.8307619021544342,0.19955738460930772,0.02494247794493276,0.08333333333333333,0.0,0.0,5.216064560006599,19.875584444158733,0,1,0
S7_p005_t003_s686156291,2026-10-08T21:08:00Z,S7,5,2,0,0,7ed4019406990de22ff18431789eb91e38af51ecb6c9f8d5727b501ecd3709f8,12000,16,1,180000,0.9156983906680868,1,0.5384618660531099,0.515820579951814,0,1,173530,0.0,-0.8638483272762164,-339.19539439619194,-14.764777134867975,0.8806124737592157,0.19473550722779126,0.024327917446953506,0.08333333333333333,0.0,7.0,4.93799544729699,19.754018227822968,0,1,0
S7_p005_t004_s1322737522,2026-10-08T21:08:15Z,S7,5,2,0,0,866f553a77c39ff47aa8378ae534bd547b13d587f91ba3126896f2a8d3e3146a,12000,16,1,180000,0.9159578384984663,1,0.5370398306818033,0.5155979631963823,0,1,173614,0.0,-0.8591801832297546,-332.1954131104703,-14.797336812290126,0.8258088639062469,0.1959385603316698,0.024494671304182702,0.08333333333333333,0.0,0.25,4.998967090865891,19.555102169314885,0,1,0
S7_p006_t000_s1641734052,2026-10-08T21:08:30Z,S7,6,2,0,0,7372d1878eac0c31d2469f625f8aec878c29c9d82352737bfb1ce9657d6aed43,12000,16,1,180000,0.9163051890098569,1,0.5580040391226008,0.531623992137858,0,1,173617,0.0,-0.841071066601653,-331.94557661171166,-14.89993379160391,0.8884493202498744,0.18644324053338424,0.02330820171528103,0.08333333333333333,0.0,0.0,5.354306644111134,19.54258110896385,0,1,0
S7_p006_t001_s67837340,2026-10-08T21:08:45Z,S7,6,2,0,0,3d7bc8b7e9f937bd76ebe4aa4b945345a79c665747f3dc61526ae1e22c4cb93a,12000,16,1,180000,0.42532103322195236,1,0.2661719648874473,0.531623992137858,0,1,173694,0.0,-7.606604218833375,-325.5248649758008,5.911345356934302,41.26491467511577,975.4602776996884,122.02227705800942,9.5,0.0,0.0,6.326361319681,24.11665255002564,0,1,0
S7_p006_t002_s1202997263,2026-10-08T21:09:00Z,S7,6,2,0,0,a3ad35c66d7f21980b4660bb8b328ae10b3c15dd4b2bbdeed93cb4ceb8d332e8,12000,16,1,180000,0.9167044475167598,1,0.5567459914192545,0.5302036272884406,0,1,173683,0.0,-0.833988662159546,-326.4456124612819,-14.933443774565022,0.8710243391982851,0.18586280357769222,0.023247905334301322,0.08333333333333333,0.0,2.5,4.488634201242673,19.59372807450149,0,1,0
S7_p006_t003_s902359725,2026-10-08T21:09:15Z,S7,6,2,0,0,3170fb453405e37d42d2bf135db3259243fa73a74c8309fadbe4ec55158429fd,12000,16,1,180000,0.916443979005445,1,0.5561826011627659,0.5299111188707443,0,1,173713,0.0,-0.840735212238553,-323.9455622801652,-14.906192928146503,0.9078525090034341,0.18234629004548525,0.022813526693880704,0.08333333333333333,0.0,4.083333333333333,5.482848764213974,19.13889216711325,0,1,0
S7_p006_t004_s291698731,2026-10-08T21:09:30Z,S7,6,2,0,0,4fb502a3c6f5f9b74bc393ce3788faf46142bf351448ba16309a453041bc0908,12000,16,1,180000,0.9164183211377652,1,0.5527572568420386,0.5298739916717151,0,1,173762,0.0,-0.8384212729223622,-319.8622466662764,-14.922567471530293,0.8241851949527733,0.19156390878759072,0.023976138823854853,0.08333333333333333,0.0,0.0,5.045334449203401,19.403671679588122,0,1,0
S7_p007_t000_s526185734,2026-10-08T21:09:45Z,S7,7,2,0,0,f0838426f548ea7e16bfe8ad8f4f17f2f7a961f05a05b995b324d767ef9fdc27,12000,16,1,180000,0.9158963557641981,1,0.5434535798117826,0.5220729717626843,0,1,173680,0.0,-0.8457584642511563,-326.69554695804857,-14.91538566280284,0.8644229929968541,0.19450707306165535,0.024328555684405728,0.08333333333333333,0.0,4.833333333333334,5.003760872071272,18.64559606980244,0,1,0
S7_p007_t001_s318655740,2026-10-08T21:10:00Z,S7,7,2,0,0,31dff421a59169a9d4e2d6b5382ca4707c37889aebe783151ad2a93f6010a752,12000,16,1,180000,0.9154237453636205,1,0.5444148704257524,0.5220729717626843,0,1,173738,0.0,-0.8605920359293762,-321.8621182099566,-14.810994261743467,0.812234357548967,0.18337193370483143,0.022946430296087783,0.08333333333333333,0.0,0.0,4.6921560981323145,18.321309717673298,0,1,0
S7_p007_t002_s1737849473,2026-10-08T21:10:15Z,S7,7,2,0,0,81076902121ab3ff24370459b172c69bb1f30a9174304c852b238fcdebc43aa1,12000,16,1,180000,0.9155301550770762,1,0.543176919626274,0.5196156555619112,0,1,173674,0.0,-0.8561013682719275,-327.1954866862628,-14.843946005763407,0.7912209612681231,0.1723288168124578,0.02155350977636772,0.08333333333333333,0.0,0.0,4.760403790071585,18.511319724438586,0,1,0
S7_p007_t003_s438300082,2026-10-08T21:10:30Z,S7,7,2,0,0,fa6eaa0454b6eca78aa20b72c7f02206986128f163fd9c47cafa3069ef4853e7,12000,16,1,180000,0.91545887928444,1,0.5444386585947051,0.5232371159668855,0,1,173651,0.0,-0.8587777180654586,-329.11213170336487,-14.82579792924717,0.8096049428970307,0.19065418759920194,0.023841115505092603,0.08333333333333333,0.0,10.083333333333332,4.693784229124212,18.530957469984763,0,1,0
S7_p007_t004_s994742111,2026-10-08T21:10:45Z,S7,7,2,0,0,169fe228d3c8a70c00819bd701ff87a40d8b42530b30c59be66cca3622047e1b,12000,16,1,180000,0.9154204210570596,1,0.5445859245429007,0.5232371159668855,0,1,173772,0.0,-0.8583490313239197,-319.0288154334982,-14.806066441482635,0.8687389679515273,0.18532228136571874,0.023196789958547015,0.08333333333333333,0.0,358.3333333333333,4.910053667654844,18.542595575829928,0,1,0
S7_p008_t000_s434073307,2026-10-08T21:11:15Z,S7,8,2,0,0,410adf175307a5c6340bb6401b11235830778be6f442ab8ebe98e07a2447fb0a,12000,16,1,180000,0.9160926221819089,1,0.5470439053126152,0.5191450223152942,0,1,173567,0.0,-0.8525582695023779,-336.1121422620975,-14.828114894582857,0.9096726940398204,0.1731334818190561,0.021635625555518345,0.08333333333333333,0.0,4.0,4.750054328649227,18.91051780346347,0,1,0
S7_p008_t001_s1584181983,2026-10-08T21:11:30Z,S7,8,2,0,0,6657b331d42fc4ed28366acabade194c457c40c3c33a7527f8670731c70921c5,12000,16,1,180000,0.9158381912077361,1,0.5456287809686116,0.5191450223152942,0,1,173615,0.0,-0.8583368130163765,-332.1121186003287,-14.78019413243529,0.8789615588575671,0.18341874085309856,0.02292972705026841,0.08333333333333333,0.0,0.5833333333333334,4.965613032299374,19.330503812378794,0,1,0
S7_p008_t002_s69311790,2026-10-08T21:11:45Z,S7,8,2,0,0,79a067f14a3359177363a0451c5c621e5bb4fdacd6a6a0fb7b1039d3cd36d9d7,12000,16,1,180000,0.9161021210854172,1,0.5458060520723002,0.5175979408315418,0,1,173622,0.0,-0.8547224921010499,-331.52878645912335,-14.813424179700338,0.7842883899494357,0.1544231899216659,0.01930598720400667,0.08333333333333333,0.0,0.0,4.672560846594083,19.08214570766297,0,1,0
S7_p008_t003_s449200011,2026-10-08T21:12:00Z,S7,8,2,0,0,9dc47a4d99db595c6ee824e0b5ccb6b37c87645b2b0bce63c2740d1aea8e9dc0,12000,16,1,180000,0.9164230506771327,1,0.5477930437832789,0.5213817679223924,0,1,173552,0.0,-0.8461499377767988,-337.36217801363637,-14.857072669690108,0.7608107896327201,0.16159104039538186,0.02019080049740296,0.08333333333333333,0.0,6.5,4.383851288338561,19.011300882810776,0,1,0
S7_p008_t004_s63363653,2026-10-08T21:12:15Z,S7,8,2,0,0,d77f6589943d3bb3ea3cb5c804c943fc974d130924c707dc00e33fff5c108978,12000,16,1,180000,0.9611669939515547,1,0.545301640555506,0.5213817679223924,0,1,173752,0.0,-0.9917926526925205,-320.6759914618955,-11.754621781448488,5.875412599330964,0.10660018809031127,0.013341013539502455,9.5,0.0,0.0,28.638227301288506,22.576318537263532,0,1,0
S7_p009_t000_s244638474,2026-10-08T21:12:30Z,S7,9,2,0,0,85421fc525f7074ce95422c32bf93c0fc88c450205a29e11da9f17bf4c4a5dbf,12000,16,1,180000,0.9769116807607409,1,0.5518661560388382,0.5185299109364768,0,1,173727,0.0,-0.8569550453371515,-322.75928435048445,-14.870003425108838,0.822945642003925,0.07012359721691476,0.008774215101766458,0.08333333333333333,0.0,2.0833333333333335,4.640239176292857,18.636142769559658,0,1,0
S7_p009_t001_s1024747382,2026-10-08T21:12:45Z,S7,9,2,0,0,aa08d0a755b37b4f2cdd6d95483ef3a7aa8ecf136c7425196591e7a43b94a9c3,12000,16,1,180000,0.9770126159446749,1,0.5554067325516793,0.5193471255338729,0,1,173752,0.0,-0.8486915699734201,-320.67598909248954,-14.900297537507877,0.8451194943435759,0.0721296342472901,0.009027023726048355,0.08333333333333333,0.0,0.0,5.411496190780371,18.514911361934022,0,1,0
S7_p009_t002_s1710014650,2026-10-08T21:13:00Z,S7,9,2,0,0,d54b86757c2e7a65cbec371dd2ece274fe5dd9fd626f2df7ab7864d27a18fa3a,12000,16,1,180000,0.9769931762083234,1,0.5557673249195936,0.5193471255338729,0,1,173653,0.0,-0.8508259666802664,-328.9259885561035,-14.89420878326518,0.785293154105297,0.07694463710007758,0.0096220038140018,0.08333333333333333,0.0,1.25,4.920797203845084,18.621557860616786,0,1,0
S7_p009_t003_s884232894,2026-10-08T21:13:15Z,S7,9,2,0,0,0ff9ba5ec3ef23b9f9ae475b5b9144358eb1b4f9aebc9efa598a9f40542813b1,12000,16,1,180000,0.9768942276153457,1,0.5527318326553081,0.5185942515513206,0,1,173668,0.0,-0.8539453134376962,-327.67597797274357,-14.868248114676026,0.9086671213335142,0.07831860522979689,0.009794994681669777,0.08333333333333333,0.0,7.416666666666667,4.925155112486392,18.471913149853698,0,1,0
S7_p009_t004_s381684354,2026-10-08T21:13:30Z,S7,9,2,0,0,1cc61116c858d3e323236f87578b9200f01fcd705080a895bd04227ed4466d01,12000,16,1,180000,0.9767456410534284,1,0.5521618132187355,0.5157235389015721,0,1,173757,0.0,-0.8613049602530288,-320.25927846579543,-14.818423211906623,0.8589804600398396,0.06969853583838298,0.008723120252852823,0.08333333333333333,0.0,0.0,4.797971910582654,18.4024488182376,0,1,0
S7_p010_t000_s1725325771,2026-10-08T21:13:45Z,S7,10,2,0,0,8aaaa3cbf23c36908af1d9fedb61dc0537d504a1cec637f49efd48791fb66d3b,12000,16,1,180000,0.9771650269331102,1,0.5606668387658444,0.5242532269908602,0,1,173732,0.0,-0.8410594760509069,-322.3426982318609,-14.953067025987725,0.24094703228553768,0.01077355270142436,0.00134809464952923,0.08333333333333333,0.0,0.0,5.252777473370068,18.809212377512893,0,1,0
S7_p010_t001_s225898935,2026-10-08T21:14:00Z,S7,10,2,0,0,6ae1963b96e372f9b4995dc06c046feb870a3909664570d0f83b1004dc6da6d4,12000,16,1,180000,0.9771417311748758,1,0.5619942491700656,0.5272178306604747,0,1,173730,0.0,-0.8387119418106999,-322.5093773883582,-14.943051145852174,0.2621567738237831,0.01238874258695019,0.0015501785824199033,0.08333333333333333,0.0,0.0,4.646090349340164,18.8935072545531,0,1,0
S7_p010_t002_s121109330,2026-10-08T21:14:15Z,S7,10,2,0,0,0dac0ee30e73599b366d421ca7cdbcf920e1915ff12f7d927bf4f497b7b6a72e,12000,16,1,180000,0.9773466049057458,1,0.5649698759910644,0.5282837824331416,0,1,173727,0.0,-0.8318178295993911,-322.759411451288,-15.009350948337676,0.25072288677114973,0.01927850010267414,0.002412222325347102,0.08333333333333333,0.0,2.6666666666666665,4.786063211267893,18.942208382174382,0,1,0
S7_p010_t003_s1579862089,2026-10-08T21:14:30Z,S7,10,2,0,0,24b12ae8e5db0938a486c05fce4fccf1a78118907825b57423a249b5d2cfff7b,12000,16,1,180000,0.9772425192831662,1,0.5635402321517042,0.5282837824331416,0,1,173759,0.0,-0.8363055356928042,-320.09272200852257,-14.974544551400102,0.2694249791561846,0.01902028641711192,0.0023805219871064764,0.08333333333333333,0.0,0.0,5.102586872160237,19.03343260518601,0,1,0
S7_p010_t004_s535444324,2026-10-08T21:14:45Z,S7,10,2,0,0,78facb517432231196ca96bf1c1aed2737ef839882c4b6ccf1264af76bda1460,12000,16,1,180000,0.977263733568021,1,0.5637181988082655,0.5279076612815669,0,1,173664,0.0,-0.8355453313573141,-328.00938728071196,-14.979144349696256,0.267657593080489,0.02121296210166182,0.0026529354663580307,0.08333333333333333,0.0,0.16666666666666666,5.576191073679561,18.789638571222657,0,1,0
S7_p011_t000_s204855309,2026-10-08T21:15:00Z,S7,11,2,0,0,168b3336b52b3dff9043232c0f0d4314d03a5a68f2970b74c064e865d9d71ab2,12000,16,1,180000,0.9752555257671519,1,0.48472374259171513,0.45231929108613933,0,1,173666,0.0,-0.9585950668962802,-327.8421292830153,-14.357772441933253,0.7523464963710663,0.11927471445692585,0.014916972888840974,0.08333333333333333,0.0,7.0,4.988307942914255,17.452808665092952,0,0,0
S7_p011_t001_s469311326,2026-10-08T21:15:15Z,S7,11,2,0,0,aeaa519b76ba4be77e0a655ae1d8c4dd3c98b44826e9eb94b0b023bcc42dc752,12000,16,1,180000,0.9751033684532592,1,0.4849689740150352,0.45231929108613933,0,1,173750,0.0,-0.9661218667773439,-320.84210175584184,-14.321765215698052,0.7279852998540277,0.11400213153288259,0.014267138757077191,0.08333333333333333,0.0,0.0,5.1071006485052,17.397380486258456,0,0,0
S7_p011_t002_s1591257218,2026-10-08T21:15:30Z,S7,11,2,0,0,e99b7758a24bb44732521b2689d09e4a74e250a22ec22fee40d47166c59b510c,12000,16,1,180000,0.5065369653353123,1,0.2352899059967189,0.4518750769272966,0,1,173714,0.0,-6.614760005442644,-323.84272131370017,4.487444959509885,56.035582970849845,914.8624775389585,114.46027428985417,8.916666666666666,0.0,4.25,7.690781210937854,24.952522462882,0,0,0
S7_p011_t003_s912460123,2026-10-08T21:15:45Z,S7,11,2,0,0,65387cf9909ba83834bba8096779072b226d41e4115d6044499ee18582017c46,12000,16,1,180000,0.9044848034563906,1,0.4805636120914412,0.45187507692729667,0,1,173879,0.0,-0.9707227843650565,-310.05462725434035,-14.126582456389908,0.7826695189169213,0.07437511480324968,0.009317491257206711,0.08333333333333333,0.0,0.0,4.588088661804623,16.453653234616638,0,0,0
S7_p011_t004_s1430561939,2026-10-08T21:16:00Z,S7,11,2,0,0,c4e1421599ebff1941193f8e26d8d11191cf02d8bb9e91a0f972ecbe84aab4e1,12000,16,1,180000,0.9044952618354586,1,0.48031760921087663,0.4515977985426414,0,1,173810,0.0,-0.9702051381149525,-315.8046323404809,-14.12266799092578,0.7824868427687126,0.07648911458786002,0.009577049059316778,0.08333333333333333,0.0,347.58333333333337,5.147646396557699,16.48954958067691,0,0,0
S7_p012_t000_s516013663,2026-10-08T21:16:30Z,S7,12,2,0,0,dab22cbb794b3c59c4cde570926a7b7c01fa0f374d1e465e32eecf57eaf8e724,12000,16,1,180000,0.900204142813969,1,0.4368742125482842,0.40891764220161214,0,1,173648,0.0,-1.0269441232075809,-329.30446616482186,-13.885309581120062,0.7234067273199061,0.07034334670191143,0.008796154131687217,0.08333333333333333,0.0,3.75,4.593902253890899,15.933740950190018,0,0,0
S7_p012_t001_s603633460,2026-10-08T21:16:45Z,S7,12,2,0,0,c06cf79352263bfb98390e813b1f907ef9a5b989dcc03aeff6075125d25d3433,12000,16,1,180000,0.8993577602666648,1,0.43831900325192025,0.40980042810956596,0,1,173693,0.0,-1.0388109033182777,-325.5544450798522,-13.825646356074104,0.7042066184421948,0.06868704767918332,0.00859213148123672,0.08333333333333333,0.0,4.666666666666667,5.067573809526173,15.847852691714088,0,0,0
S7_p012_t002_s71905326,2026-10-08T21:17:00Z,S7,12,2,0,0,a61ddf560347aec8d3d1b577dbc265e3826e847c8301a13dc1e7787c530c9b5d,12000,16,1,180000,0.9005932768981264,1,0.44018056380056964,0.41032089237967717,0,1,173749,0.0,-1.0212314301474628,-320.88780629389964,-13.917053382879818,0.6996979556767181,0.06762763963857416,0.00846339621784864,0.08333333333333333,0.0,0.0,6.119007414466213,15.514137832840651,0,0,0
S7_p012_t003_s1310018168,2026-10-08T21:17:15Z,S7,12,2,0,0,f0c8e9c71a64ee704f1d052a064f3fce14960318c4d2ff3ae4eaeebba6040d09,12000,16,1,180000,0.9002885601576891,1,0.4413776677545464,0.4115563588735712,0,1,173676,0.0,-1.025754938112975,-326.97113394381205,-13.89398872518113,0.7122236358271197,0.0691205648073113,0.008645185522709653,0.08333333333333333,0.0,0.0,5.12062060636099,15.935910868849474,0,0,0
S7_p012_t004_s1348406889,2026-10-08T21:17:30Z,S7,12,2,0,0,98e74f135c728c5b3d789d753c31b00711362253f70df262625a56c0ae4fa522,12000,16,1,180000,0.900675564442922,1,0.439936355078604,0.4115563588735712,0,1,173650,0.0,-1.020935801385027,-329.13781460394483,-13.909155704523766,0.7116351040666451,0.06903761748011807,0.008633015990653803,0.08333333333333333,0.0,5.75,4.9322370954004295,15.62608426808691,0,0,0
S7_p013_t000_s1579884569,2026-10-08T21:17:45Z,S7,13,2,0,0,334a8fcdc5f1ecffe2a5ae1b8f90b9beb5c67bfebe4f3fd2431a2350689b177d,12000,16,1,180000,0.8962519166236057,1,0.405194047230641,0.3758831749902286,0,1,173719,0.0,-1.078920536151535,-323.387643594202,-13.686400191149541,0.6464658739652265,0.06619485865692916,0.008282102130579005,0.08333333333333333,0.0,0.0,4.8931387575797505,15.372762185314922,0,0,0
S7_p013_t001_s1427301707,2026-10-08T21:18:00Z,S7,13,2,0,0,c81f3b7995639fefeb67308ee738c21bcbd52cd72d1c87b742fbe990d287d57e,12000,16,1,180000,0.896296669720197,1,0.4061363928908451,0.3761492632807654,0,1,173677,0.0,-1.078252558107353,-326.8876485970426,-13.69011545418304,0.6935275103720816,0.06969950718197823,0.008717665860785928,0.08333333333333333,0.0,5.333333333333333,5.0731710996051795,15.3937761165097,0,0,0
S7_p013_t002_s773490239,2026-10-08T21:18:15Z,S7,13,2,0,0,5070deac044d86e411cea81ce0aca80b0ec99430990d2d69da2fe1ee1c736721,12000,16,1,180000,0.8958370974903882,1,0.4034825646291938,0.37614926328076553,0,1,173741,0.0,-1.0845357464332213,-321.55430425222096,-13.654717225558162,0.6518995730016917,0.07068063016205038,0.008844903377848823,0.08333333333333333,0.0,0.0,5.623290341841676,15.283267359637787,0,0,0
S7_p013_t003_s811508310,2026-10-08T21:18:30Z,S7,13,2,0,0,522254014ae48f06a8a8389dcd936d23d82223aba9496c836660ce3cf7e7b3c6,12000,16,1,180000,0.8957682169445156,1,0.4045297471525299,0.37662107669554673,0,1,173657,0.0,-1.0847702733394577,-328.5542996581031,-13.666805060546645,0.5937743664337147,0.06778019939552717,0.00847625283540765,0.08333333333333333,0.0,8.083333333333332,5.053435629244178,15.303224195396615,0,0,0
S7_p013_t004_s1152378489,2026-10-08T21:18:45Z,S7,13,2,0,0,5d4032b2d876febc332c30f9d1995b882ee9f2cb4cada81ca76d6a166b9bc1be,12000,16,1,180000,0.8952692951387354,1,0.44670564226827275,0.418668082892591,0,1,173754,0.0,-1.0908134178220148,-320.4709547391085,-13.639164657993753,0.6329158250259038,0.07099729429105882,0.008885453375114594,0.08333333333333333,0.0,0.0,4.715673492638091,15.368143914181092,0,0,0
S7_p014_t000_s169517745,2026-10-08T21:19:00Z,S7,14,2,0,0,4660c3a24b9df1e9b7a4debd0d0d86c87b5d7a1256a0342ffcb2c73ace06115b,12000,16,1,180000,0.8478243074552032,1,0.5408196711766652,0.5355012409278291,0,1,173856,0.0,-1.5340962020712698,-312.0287721966288,-6.7130906213023325,9.93393826534678,0.11045183330456351,0.013834533928729797,8.666666666666666,0.0,0.0,20.09717112097817,34.78410306506277,0,1,0
S7_p014_t001_s1958578526,2026-10-08T21:19:15Z,S7,14,2,0,0,3f7e482bcf294b12440f649f3aea2b8df437506d49cc8c33455dba699373f8e0,12000,16,1,180000,0.917043835511787,1,0.5571096036078701,0.5355012409278291,0,1,173793,0.0,-0.8307910031767568,-317.2789492321408,-14.934354566809361,0.8593030536518225,0.19473799747149578,0.02437944464145403,0.08333333333333333,0.0,0.0,5.348383026348076,18.621890162767045,0,1,0
S7_p014_t002_s300372675,2026-10-08T21:19:30Z,S7,14,2,0,0,07856533e4c536bb2d2932fa6b6150c402b59107bd7bf5641f8e2a16fe3fab98,12000,16,1,180000,0.9168719685215599,1,0.5557366821268824,0.5333600952674142,0,1,173782,0.0,-0.8348925060161722,-318.19560031363346,-14.902106599405187,0.8272561407909014,0.1862446079164318,0.023314100018978934,0.08333333333333333,0.0,6.25,4.586105196256836,18.814205748083115,0,1,0
S7_p014_t003_s1706399720,2026-10-08T21:19:45Z,S7,14,2,0,0,f57a66af707bc076c7fd7e54ec6624d15d7d7265130cbce1b60e2759738992b0,12000,16,1,180000,0.9168707866631524,1,0.5549426786760174,0.5339815998564005,0,1,173857,0.0,-0.8346130257723408,-311.94557911759995,-14.940529270604515,0.8756022170238614,0.20571114647924804,0.025766349652258214,0.08333333333333333,0.0,0.0,4.742466837678232,18.820115644342458,0,1,0
S7_p014_t004_s1200012924,2026-10-08T21:20:00Z,S7,14,2,0,0,f1ee9dbf57a4938cb724eba6e7602ff348faf3a27b32506f7a84935fa0ce9e87,12000,16,1,180000,0.9168923422243823,1,0.5541575176827801,0.5339815998564005,0,1,173803,0.0,-0.8345389091477387,-316.44558852788396,-14.915803864001486,0.8366629380566121,0.1919013839149327,0.02402624516753349,0.08333333333333333,0.0,2.75,4.883025521396604,18.948322191945014,0,1,0
S7_p015_t000_s1755520088,2026-10-08T21:20:15Z,S7,15,2,0,0,2c3b6df2fe0b5c9a587f0a1d6beb07038affb72ef69a67ecce7c6fa66fa5bc1e,12000,16,1,180000,0.9159643265049084,1,0.5442861414094489,0.520557629727911,0,1,173836,0.0,-0.8573211265576912,-313.69543956370524,-14.795423308537403,0.8444592659765096,0.17828504046947055,0.022327348758153676,0.08333333333333333,0.0,0.0,4.815034113466637,19.622196681647132,0,1,0
S7_p015_t001_s1047827504,2026-10-08T21:20:30Z,S7,15,2,0,0,ea2888ab937f0e3d8ff16becc12dc10e639e0ed4f45910c69747be9d70353eee,12000,16,1,180000,0.9164373471280233,1,0.5442721015006373,0.520557629727911,0,1,173759,0.0,-0.8466249683870792,-320.1121615525487,-14.869866589714828,0.8118841037522438,0.17392713286549769,0.021768198168047093,0.08333333333333333,0.0,0.3333333333333333,5.44969213982073,19.21811879789484,0,1,0
S7_p015_t002_s1284285689,2026-10-08T21:20:45Z,S7,15,2,0,0,760ec9cb7a0b1ae2bfd3ae49ddfc0d05716458ab715420be0dd9b42888fc7005,12000,16,1,180000,0.9158156019462057,1,0.5424762358396809,0.5186439775608325,0,1,173763,0.0,-0.8624629522125828,-319.7787345948169,-14.76492454932689,0.8552233921169425,0.16571421786489177,0.020740957222187717,0.08333333333333333,0.0,0.0,4.965894867223221,19.249735594049465,0,1,0
S7_p015_t003_s734715196,2026-10-08T21:21:00Z,S7,15,2,0,0,246fab2c8895e05438f3f66d7351ceeafc79473fac565fb0512d73b38b8784f7,12000,16,1,180000,0.9161257846192036,1,0.5461678279874984,0.519670351524659,0,1,173762,0.0,-0.8540020795628055,-319.86212534429194,-14.812643757661203,0.8779958091083793,0.17261847758183113,0.021604928654141986,0.08333333333333333,0.0,5.916666666666666,4.786131704908762,19.577655745318697,0,1,0
S7_p015_t004_s1450783488,2026-10-08T21:21:15Z,S7,15,2,0,0,bae01a934be0946c0677b1e2e56a05414a926084445459c6f3a95aa867e4daea,12000,16,1,180000,0.8417359968027881,1,0.5414807359715733,0.519670351524659,0,1,173857,0.0,-1.5394379338796003,-311.9477465808159,-6.801915128504323,4.102211265405927,191.273403235884,23.95795012231065,1.4166666666666667,0.0,346.41666666666663,19.3540161436706,26.219774846695678,0,1,0
S7_p016_t000_s313172177,2026-10-08T21:21:45Z,S7,16,2,0,0,619b31c8c365e053089afcff1aeab987ae69b5bc66159748f21350c0ecde8053,12000,16,1,180000,0.9163120309605615,1,0.5437678638421813,0.5191460956900235,0,1,173634,0.0,-0.8496920742026502,-330.5288176799465,-14.841099949208804,0.9191926162124542,0.20635641790074924,0.025801155642966478,0.08333333333333333,0.0,0.0,4.569338339167564,18.77930795692246,0,1,0
S7_p016_t001_s95670008,2026-10-08T21:22:00Z,S7,16,2,0,0,a60b6fb59b15e862bf37fa5b892df6e3b940b5114d8810ee084880db3b4c2ba4,12000,16,1,180000,0.9160565577209632,1,0.5444060217927944,0.5211593739572735,0,1,173632,0.0,-0.85514018317482,-330.69545846496595,-14.806072354955546,0.8514028769066577,0.19932013981930913,0.02492099708160822,0.08333333333333333,0.0,0.0,4.685794348165698,18.93817848616394,0,1,0
S7_p016_t002_s762227068,2026-10-08T21:22:15Z,S7,16,2,0,0,1b974c1aea6549933dc02435261e5b8d992e9e6bdaa0a2c3bcca35ff860ddc09,12000,16,1,180000,0.6976114715061656,1,0.4583950358023072,0.5211593739572736,0,1,173528,0.0,-3.5294565276563588,-339.35188317195446,-0.39291843478422545,49.03034165671498,1022.2061102866359,127.70012053366827,10.083333333333332,0.0,1.0833333333333333,9.868877259386334,27.519104238545214,0,1,0
S7_p016_t003_s804352794,2026-10-08T21:22:30Z,S7,16,2,0,0,4cda10a5a4b1021b33281b050fcce0fb6a61b296922d209af2def60d880b2ded,12000,16,1,180000,0.9131577311217668,1,0.5497392969417043,0.5214470255829986,0,1,173668,0.0,-0.8574742562016046,-327.6382662330234,-14.69043785842506,0.9323475179234972,0.09581847642102566,0.011983633572071994,0.08333333333333333,0.0,4.916666666666666,5.006417474566817,17.427735804439454,0,1,0
S7_p016_t004_s1354763437,2026-10-08T21:22:45Z,S7,16,2,0,0,c15948c32a11d2e24fc5aca7dc0ef53b9ffc9ff6faacc3d4357f8cfc2712a10b,12000,16,1,180000,0.913272125669041,1,0.5495532221266123,0.5214470255829986,0,1,173727,0.0,-0.856281401800975,-322.72161984439055,-14.679310259747778,0.910590369200125,0.08596226602908341,0.010756028536889062,0.08333333333333333,0.0,0.0,4.696637467410481,17.103032593619865,0,1,0
S7_p017_t000_s1440417717,2026-10-08T21:23:00Z,S7,17,2,0,0,06fb9c189e67e6ba4e4a1a2fd3db9b3b29d1e22eb60fc312e81389035107e619,12000,16,1,180000,0.9125833631501594,1,0.54099953884058,0.5129358880074271,0,1,173679,0.0,-0.8665414070829174,-326.7216026305292,-14.61104986116803,0.8430297107053133,0.07660410648060909,0.009581411826275144,0.08333333333333333,0.0,0.0,5.0039148258438715,18.20256792997415,0,1,0
S7_p017_t001_s1958295760,2026-10-08T21:23:15Z,S7,17,2,0,0,58284f2b8e60b1ca3a83f531a63838f859bb55942720d27c847664624ad0cfaf,12000,16,1,180000,0.9122917794630865,1,0.5431692406261509,0.5153969240471419,0,1,173664,0.0,-0.868808913183146,-327.9715819169899,-14.619890069490019,0.7861870304622659,0.07636478551563866,0.009550332806156803,0.08333333333333333,0.0,6.666666666666667,4.783597208200188,18.17502325171119,0,1,0
S7_p017_t002_s1141094124,2026-10-08T21:23:30Z,S7,17,2,0,0,7b2dcd577c82572e7d4fe64c376b3ab26c5c5b58018003307057f069bd0bf92a,12000,16,1,180000,0.9130096868293753,1,0.5434397652882663,0.5167923516845173,0,1,173744,0.0,-0.8587695573836435,-321.3049253322673,-14.690753115530857,0.9092377342104557,0.07445815063662384,0.009317841886968381,0.08333333333333333,0.0,0.0,5.1174233488134355,18.314253722128147,0,1,0
S7_p017_t003_s678609270,2026-10-08T21:23:45Z,S7,17,2,0,0,9c0adf8d2dfcca4b71aa3bc6c151a24298f2466f7438a84895d6a250bdf446c7,12000,16,1,180000,0.9125463866121113,1,0.5444959545385891,0.5167923516845172,0,1,173680,0.0,-0.8657136962428726,-326.63826458035635,-14.624217037762303,0.9033546051013206,0.07569874289005224,0.009468247363201954,0.08333333333333333,0.0,6.083333333333333,5.078475835928001,18.295767262021695,0,1,0
S7_p017_t004_s2097649527,2026-10-08T21:24:00Z,S7,17,2,0,0,06d4421c3cc75f0d5f7fc7932f04ce6a7e400688d455634443ab084a4d5eadfa,12000,16,1,180000,0.9121704783608198,1,0.5419674908956187,0.516102839019976,0,1,173753,0.0,-0.8701385690852446,-320.5549053530176,-14.613597693547762,0.8423000420865265,0.07804184610355996,0.009767015081706631,0.08333333333333333,0.0,0.0,4.886155281011664,18.316534540058612,0,1,0
S7_p018_t000_s54616312,2026-10-08T21:24:15Z,S7,18,2,0,0,b1c07499eed118f86b30cb63ff61625f701fef87f08d250ad55b35573bc9338e,12000,16,1,180000,0.9130157503540082,1,0.5466770475792951,0.5214536280039387,0,1,173720,0.0,-0.8583689381269412,-323.30494134114997,-14.684551186763024,0.8283244508349028,0.08043806514341095,0.010064249834613292,0.08333333333333333,0.0,0.0,5.367166454375525,17.760871054571638,0,1,0
S7_p018_t001_s952590612,2026-10-08T21:24:30Z,S7,18,2,0,0,0b3efd18403abfce69c0e2781dd395d4ca0c315fd3e91667ae9b60dc37a508c9,12000,16,1,180000,0.9134927509180614,1,0.5510038579654765,0.5214536280039387,0,1,173678,0.0,-0.8532641243497469,-326.8049644623825,-14.698284973081561,0.8392203220726078,0.07627012055880275,0.009539561599012814,0.08333333333333333,0.0,5.083333333333333,4.923821382433776,17.52069344296406,0,1,0
S7_p018_t002_s42992291,2026-10-08T21:24:45Z,S7,18,2,0,0,e5bab9ed32da235745aed6aead085685b27be96fbb45fcee98ed5dfea04b48ab,12000,16,1,180000,0.9125492578964438,1,0.5492056871020101,0.518290137308101,0,1,173739,0.0,-0.8645937274498114,-321.7215880102849,-14.655774424395076,0.8732158051136195,0.07548970444498551,0.009446555145132152,0.08333333333333333,0.0,0.0,5.685079803746976,17.8471374685446,0,1,0
S7_p018_t003_s1754123281,2026-10-08T21:25:00Z,S7,18,2,0,0,84eca0f4d48ea47e3a00118f8e6f03555a2d2b208daa8b5b47543ca28918258a,12000,16,1,180000,0.9128165603474891,1,0.5474970146816082,0.5199347640260285,0,1,173682,0.0,-0.8624174193615186,-326.4716087733735,-14.6424809093553,0.9198504414367404,0.07410824243240148,0.009269458963444777,0.08333333333333333,0.0,6.333333333333333,4.660788271931117,17.73606742359004,0,1,0
S7_p018_t004_s2136748643,2026-10-08T21:25:15Z,S7,18,2,0,0,0ce2a3101e52cdf809e9b2dc0970d5bfd81b9848338ec608bcbc5225b5c155de,12000,16,1,180000,0.912695710769175,1,0.5498780188805638,0.5199347640260283,0,1,173758,0.0,-0.8612850896352762,-320.13826156361995,-14.680015987022445,0.8526916759046936,0.0721705072417129,0.00903257200434382,0.08333333333333333,0.0,0.0,4.955974306088411,17.719479094361827,0,1,0
S7_p019_t000_s2055416690,2026-10-08T21:25:30Z,S7,19,2,0,0,bbe695443fd0bce89259bf2a78e3fc30c59650f1dc68c36f33543225442f7b5d,12000,16,1,180000,0.9129690271718958,1,0.552959147043011,0.5215612309893869,0,1,173651,0.0,-0.8608132741027174,-329.0549590513001,-14.640855575514479,0.8684089851587268,0.0839958746284456,0.010503600126412493,0.08333333333333333,0.0,6.666666666666667,5.145013851932799,17.44478486063968,0,1,0
S7_p019_t001_s2007325368,2026-10-08T21:25:45Z,S7,19,2,0,0,ba325c880e0d376b19021558b7a2e6cb939aa4e21408c4eeeaa329c6abc0362d,12000,16,1,180000,0.5827331518273058,1,0.3052426218564584,0.5215612309893868,0,1,173846,0.0,-5.299055201215874,-312.82317304185744,2.7358546098806995,17.114702167153883,916.2448696701681,114.75417245697054,9.0,0.0,0.0,9.620185659115354,26.91935978136607,0,1,0
S7_p019_t002_s1837273558,2026-10-08T21:26:00Z,S7,19,2,0,0,facc0b325cc4fe5db3f732bc1cc9d265ec415bec6ad483ece31b7a5c5c5db828,12000,16,1,180000,0.9754239501762807,1,0.5552242904076062,0.5203377358061028,0,1,173835,0.0,-0.8569760617952616,-313.7419740781473,-14.71031294231478,0.856738695129472,0.06666247990486239,0.00834834234592563,0.08333333333333333,0.0,0.0,4.866416700847454,17.658684339446815,0,1,0
S7_p019_t003_s1703565559,2026-10-08T21:26:15Z,S7,19,2,0,0,64e48f2da3044c85f63a990b3dc0f8329460aff93b128163a18f2d23ade70d8b,12000,16,1,180000,0.9755962387686737,1,0.5539540552753914,0.5203377358061028,0,1,173768,0.0,-0.8531484285184125,-319.32530118862206,-14.753042289808517,0.897131909506204,0.06961526097104954,0.008713463754702389,0.08333333333333333,0.0,0.0,4.95727843443193,17.862706737458943,0,1,0
S7_p019_t004_s989415578,2026-10-08T21:26:30Z,S7,19,2,0,0,3a6745eded047fe4d27774cc04b51690fafa67a890c36e2e3ec14497ffb50d1c,12000,16,1,180000,0.9753662043806581,1,0.5536766911790271,0.5200752091190527,0,1,173764,0.0,-0.857965590146001,-319.65863348225196,-14.712029657492247,0.8128332516476784,0.068548166538677,0.008579625620313891,0.08333333333333333,0.0,357.4166666666667,4.798909249976416,17.736269381905096,0,1,0
S7_p020_t000_s11753295,2026-10-08T21:27:00Z,S7,20,2,0,0,a2ac4785a3d223af1f6b600049b89c7d482b2d41ba8db15a9bcd0af2a8cf1b1d,12000,16,1,180000,0.9755682767821241,1,0.5614138580450337,0.5254288041486718,0,1,173694,0.0,-0.8530091963933113,-325.49198050375946,-14.741452919811628,0.8964797983940995,0.05919778350711548,0.007405169134472089,0.08333333333333333,0.0,0.0,5.019496864143291,17.20675651886442,0,1,0
S7_p020_t001_s127051996,2026-10-08T21:27:15Z,S7,20,2,0,0,1e70006e5bdc99ff4cf72b3be72057b04ee68c55cfb50a1fec23dd90182fd850,12000,16,1,180000,0.9757702037668239,1,0.5605517011548072,0.5256669929855555,0,1,173694,0.0,-0.8467581784533655,-325.49199910783256,-14.772655544212402,0.9046636996790915,0.06652198099161998,0.008321367646203726,0.08333333333333333,0.0,0.0,4.821609382950784,17.43614880200627,0,1,0
S7_p020_t002_s1814410164,2026-10-08T21:27:30Z,S7,20,2,0,0,ebaafae7f8a7fc231a74af1a81c671e9f4d705a9942ab7f5cdbddf78efa472b9,12000,16,1,180000,0.9756493541267572,1,0.560941436724033,0.5271756313819506,0,1,173680,0.0,-0.8504573220467688,-326.6586506656483,-14.759443844926764,0.9251913136085868,0.06377451505230601,0.00797678879371233,0.08333333333333333,0.0,0.0,5.112138989602772,17.382969012756334,0,1,0
S7_p020_t003_s622957244,2026-10-08T21:27:45Z,S7,20,2,0,0,211dbda4fe8ad33ab4b8d9873ead0fe7a03a87ff6decacef8c05092755a6a223,12000,16,1,180000,0.9759069189671647,1,0.5618528934683757,0.5282992499915897,0,1,173664,0.0,-0.8420602781133458,-327.9920017838625,-14.801798913880752,0.8874702850863505,0.0684072892813176,0.008555152412100142,0.08333333333333333,0.0,6.583333333333333,4.880161720592288,17.315561516377706,0,1,0
S7_p020_t004_s1019946476,2026-10-08T21:28:00Z,S7,20,2,0,0,625ba89e7da8a03e92f68da18bfe67b0bfd55b8d0a08f1cd81578f8750189bff,12000,16,1,180000,0.9758299383052135,1,0.5614158453829122,0.5282992499915897,0,1,173743,0.0,-0.8438999620904659,-321.40865908332245,-14.80243483254755,0.8962101658049662,0.061342853812473654,0.007676506068946765,0.08333333333333333,0.0,354.0,5.388185792916163,17.544318998776593,0,1,0
S8_p000_t000_s1451638557,2026-10-08T21:28:30Z,S8,0,12,0,0,c3688f43451b4f2946e77fd82c82a0225ef164f27afe1c08d77916defb6558ca,12000,16,1,180000,0.9832479331298005,1,0.7928951024893527,0.7813339612689649,0,1,173731,0.0,-0.6788687177801203,-322.40805424673033,-17.46705201761476,1.0143003341273333,0.016018883278976357,0.0020044268458150327,0.08333333333333333,0.0,0.6666666666666666,4.844377312625757,16.93393480314306,0,1,0
S8_p000_t001_s686175255,2026-10-08T21:28:45Z,S8,0,12,0,0,2b70f8a30788223de40d0c0a9e08ac69833911b42d820e5890efac23dc31ed41,12000,16,1,180000,0.9831948926949655,1,0.7936087223301989,0.782031835052609,0,1,173739,0.0,-0.6818257323679855,-321.74136796168085,-17.466961459351708,0.9803475519199943,0.017211644940739405,0.002153813612949307,0.08333333333333333,0.0,0.0,4.784870272166792,16.857457185316044,0,1,0
S8_p000_t002_s147853078,2026-10-08T21:29:00Z,S8,0,12,0,0,b9569d0f2759a87e52c7d0f56fa4442a943d0969bc605be543a2aab9691326fa,12000,16,1,180000,0.9654470281139381,1,0.7930911856758152,0.782031835052609,0,1,173731,0.0,-0.8289134318190086,-322.4080812209904,-12.684909114232902,46.51841302932472,0.001475922374798034,0.00018468069083610317,9.416666666666666,0.0,1.0,20.115778004748226,24.170918837971595,0,1,0
S8_p000_t003_s1651849846,2026-10-08T21:29:15Z,S8,0,12,0,0,532641f051a5ddab1815be83ced81fc90a4a47bcb204e5888eb88fc956a2541a,12000,16,1,180000,0.9246247975157428,1,0.7470324918246453,0.7812855341615296,0,1,173864,0.0,-0.6814069297567853,-311.3623512522323,-17.497619498429927,1.001407063182824,0.08312579920971326,0.010412503860607103,0.08333333333333333,0.0,0.0,5.483237054243123,17.89445635161522,0,1,0
S8_p000_t004_s285589846,2026-10-08T21:29:30Z,S8,0,12,0,0,24c0ecfbe07f5bec497d6943a8e52fdaecf022159c1d6af2dfc4ba9322974c27,12000,16,1,180000,0.9248407957002467,1,0.7469788292420245,0.7807268557375117,0,1,173807,0.0,-0.6765266309737807,-316.112388691834,-17.515629751927005,1.0109739168763205,0.09420520717510485,0.011794962964359001,0.08333333333333333,0.0,354.6666666666667,5.369544018021093,17.89957680541641,0,1,0
