slot,cycle_utc,scenario,part,n_truth_rows,oversize,after_oversize,wav_sha256,fs,bits,channels,n_samples,rho_peak,rho_sign,rho_neighbour_max,ref_vs_neighbour_ref_rho,lag_ambiguous,g_sign,n_support,lag_lost,g_db,tau_ms,resid_db,step_db_max,drift_ppm,drift_dlag_samples,zero_run_ms,head_zero_ms,tail_zero_ms,click_max,tile_excess_db,clip_n,nondiscriminating,ref_mismatch
S1_p000_t000_s913544046,2026-09-23T10:33:45Z,S1,0,1,0,0,5b37005e623c896f7df4f0511b936d021423ecb62442659fa939d7772a28895d,12000,16,1,180000,0.7911767683299782,1,0.03606997882255039,0.02956592747315697,0,1,173021,0.0,-2.8522800692148476,-381.55546810557706,-7.613105163235234,0.1936526748667302,0.0014881415775056667,0.00018515308693167754,0.08333333333333333,0.0,56.666666666666664,4.824095148655633,5.1450420778206585,0,0,0
S1_p000_t001_s68344610,2026-09-23T10:34:00Z,S1,0,1,0,0,aa4efa9a078670d9b24b977d653c6c561c865c29da772680c1a87c1068f30c06,12000,16,1,180000,0.7926462563110505,1,0.04068078755252849,0.030887026653478054,0,1,173701,0.0,-2.827353253430391,-324.888779987421,-7.639143009237067,0.17049156270666954,0.0018134502384583595,0.0002268608113809023,0.08333333333333333,0.0,0.16666666666666666,5.007081071183566,5.42283644945412,0,0,0
S1_p000_t002_s205210819,2026-09-23T10:34:15Z,S1,0,1,0,0,cf3115f733df628d0569351d78fe51ecfd31cb74b631965ace5ff26cf9f1ee73,12000,16,1,180000,0.7915592442417182,1,0.055284371266801635,0.04584283300923298,0,1,173703,0.0,-2.84896001483655,-324.72212915259604,-7.599324655205616,0.11608816786751058,0.00208245250719962,0.00026051689110317966,0.08333333333333333,0.0,2.25,4.878249859225711,5.643470354652363,0,0,0
S1_p001_t000_s1915168523,2026-09-23T10:34:30Z,S1,1,1,0,0,e65e84ec19ce71929f5b5d338f73e420251111555c5e0030f37737508f708551,12000,16,1,180000,0.8006536815948625,1,0.0838174473538204,0.06898944693947938,0,1,173730,0.0,-2.6964618405416756,-322.47217496698187,-7.821707718029015,0.2738401567316851,0.012664074143777971,0.0015846302694626502,0.08333333333333333,0.0,0.0,5.618832266836467,8.562157404745069,0,0,0
S1_p001_t001_s1105300121,2026-09-23T10:34:45Z,S1,1,1,0,0,befaa27a023732fc895c53dd83908a32e09c63fedba223fcf37a82bbbd980ce5,12000,16,1,180000,0.7999822216567533,1,0.08298223479743431,0.06898944693947938,0,1,173673,0.0,-2.712311472643765,-327.2221880996167,-7.776957061615142,0.3232248270866023,0.006238800342690001,0.000780292997660581,0.08333333333333333,0.0,3.75,5.420278222350628,8.9520696240237,0,0,0
S1_p001_t002_s1345625016,2026-09-23T10:35:00Z,S1,1,1,0,0,82963d7777ccd7d796d4ab6cc5689e659844f2e1b108a47939a3cf74c14f8cb8,12000,16,1,180000,0.8200875795127898,1,0.09583763688426475,0.08369050839214716,0,1,173847,0.0,-3.721971476480952,-312.7559307994512,-3.3206177240487866,31.678803414086182,0.1992776261726435,0.024958526289992733,10.166666666666666,0.0,0.0,15.061211075281998,19.049884932248666,0,0,0
S1_p002_t000_s1491760006,2026-09-23T10:35:15Z,S1,2,1,0,0,fb564fd08d6567972b54748845c3be441044e95e22d00094d5639b2c5c9fae33,12000,16,1,180000,0.9310805266445391,1,0.12933973606941082,0.10617227651817505,0,1,173817,0.0,-2.4919519869728104,-315.25585229318796,-8.638171838546324,0.4136268047605276,0.030573517875329144,0.0038282630407593388,0.08333333333333333,0.0,0.0,4.6818906094419255,10.064801086340115,0,0,0
S1_p002_t001_s546635023,2026-09-23T10:35:30Z,S1,2,1,0,0,240c19370327d8bc1330e91cc1691e457ff75256d30141ec3546db9b334b62c3,12000,16,1,180000,0.930800911668369,1,0.13201367412133444,0.10617227651817505,0,1,173786,0.0,-2.4970294272002964,-317.8391817617485,-8.615203145673236,0.39895357634687323,0.02903410444762725,0.0036346053311717696,0.08333333333333333,0.0,3.833333333333333,4.5979382078142175,10.433525340221186,0,0,0
S1_p002_t002_s714902369,2026-09-23T10:35:45Z,S1,2,1,0,0,97ba269e31d4355cb4b24b7accb91d56b9db3d07c9911a93e7102a82875d9483,12000,16,1,180000,0.9307158321294523,1,0.1799688007648858,0.14670016776381692,0,1,173832,0.0,-2.5142662565298983,-314.0058222929898,-8.609431012751829,0.36810651593126653,0.026088929555244174,0.0032671166482032277,0.08333333333333333,0.0,0.0,5.026594068311716,10.45289850589229,0,0,0
S1_p003_t000_s474144144,2026-09-23T10:36:00Z,S1,3,1,0,0,064bee2517db8e2db96c79894a8b7c18b20d0ce6bc6be345f8f011ccb6b099f5,12000,16,1,180000,0.9358792050053907,1,0.24901807401310277,0.205272445875899,0,1,173775,0.0,-2.2151616391103635,-318.7564375765178,-9.037798158528911,0.690444360858165,0.055105229857948475,0.006897686937008984,0.08333333333333333,0.0,8.0,5.191332526860958,13.272901549209264,0,0,0
S1_p003_t001_s1226819330,2026-09-23T10:36:15Z,S1,3,1,0,0,bc19597f6a308bcbb0b3eb7d9be3efa24a1635f6c6de1600efec335cf71cce49,12000,16,1,180000,0.9365379698326615,1,0.2492214007599725,0.2067914222664561,0,1,173871,0.0,-2.2008546677619916,-310.7564401549407,-9.089350412486752,0.5835274336875536,0.05756824478689229,0.0072115164562092104,0.08333333333333333,0.0,0.0,4.812680337715429,13.315602628818503,0,0,0
S1_p003_t002_s1182452760,2026-09-23T10:36:30Z,S1,3,1,0,0,aeea0b7cd56a94b5291914df3ded27a0b8c5ae76c4dc5db48d8881b66a7f3f2d,12000,16,1,180000,0.9363813009266067,1,0.3109874659979561,0.2618170648542017,0,1,173796,0.0,-2.2011679312475523,-317.00643585769774,-9.07226370180964,0.6950720985171612,0.05590297901480448,0.006998717554779432,0.08333333333333333,0.0,0.0,5.11967356138265,13.368056061392453,0,0,0
S1_p004_t000_s184630235,2026-09-23T10:36:45Z,S1,4,1,0,0,1762ad138c06d33b8faec7c32a3f279a09e06f6629bc92fd7d3f30ef34187104,12000,16,1,180000,0.9437499091594261,1,0.37726663628824886,0.3240614133098152,0,1,173779,0.0,-1.8563469355121878,-318.42389833372664,-9.755860462987869,1.0526297739493877,0.09000918424056577,0.0112670796556813,0.08333333333333333,0.0,7.833333333333333,4.9802055156498835,15.837258302739524,0,0,0
S1_p004_t001_s792672454,2026-09-23T10:37:00Z,S1,4,1,0,0,d9720b904ac82bca17f2fbb21edb0ff03ffa724466649571bb9a40535059574d,12000,16,1,180000,0.9434466025036201,1,0.3787575274490314,0.3244084884058915,0,1,173873,0.0,-1.8699578845258396,-310.5905404427043,-9.72875040299076,0.9319380679769345,0.08704337492619414,0.010904010620379267,0.08333333333333333,0.0,0.0,5.481591839869319,15.769012561150511,0,0,0
S1_p004_t002_s2116022063,2026-09-23T10:37:15Z,S1,4,1,0,0,de2de15bbdfacca6cf2f2ef6a3d032656255fe92bf89e7176659e4a0baf82480,12000,16,1,180000,0.9436268108384291,1,0.46626343233199763,0.40085981705685186,0,1,173805,0.0,-1.8614915348540255,-316.2572360724268,-9.745765228898435,0.910203600869306,0.08488383901999196,0.010627711296820053,0.08333333333333333,0.0,0.0,4.664106967530035,16.024237777942783,0,0,0
S1_p005_t000_s528655056,2026-09-23T10:37:30Z,S1,5,1,0,0,aee8c13b67fd4e1a4707d9c459f4529be74b07274d9c4442677eb8c9f472f322,12000,16,1,180000,0.9542950412050266,1,0.5509606232785905,0.49594440376218796,0,1,173777,0.0,-1.4037350373954394,-318.59185798866866,-10.938090661729618,1.5490911062354238,0.13296394403772666,0.016643761694922432,0.08333333333333333,0.0,4.166666666666667,4.4963612523198115,18.878960884060852,0,0,0
S1_p005_t001_s108725431,2026-09-23T10:37:45Z,S1,5,1,0,0,4f8b3b91b10052d2716427ad9fe9e0ac13bec44dee8766688e2922f21c8fa806,12000,16,1,180000,0.9544553832870195,1,0.5521513527238923,0.49594440376218807,0,1,173827,0.0,-1.4003383059864434,-314.42517326640274,-10.958314258003394,1.416905045598734,0.11380563687826235,0.014251310878080403,0.08333333333333333,0.0,0.0,4.618238654705606,18.949447835954008,0,0,0
S1_p005_t002_s2006277236,2026-09-23T10:38:00Z,S1,5,1,0,0,56df3f898f9a7fee5397ec3acd69fb2f809ea5c155989fe27f93381da4a851d5,12000,16,1,180000,0.9543760797769133,1,0.6383660990643744,0.575200827769748,0,1,173790,0.0,-1.4034022525582601,-317.5085113686964,-10.944337048811793,1.4335291150497451,0.11933592093015087,0.014939425269403728,0.08333333333333333,0.0,7.25,4.606700603711247,18.979204650641783,0,1,0
S1_p006_t000_s147152921,2026-09-23T10:38:15Z,S1,6,1,0,0,58138d8b9bb84bb25c716c7045f5ec6468bd5dfe6cf6b5478e1309da420d83e7,12000,16,1,180000,0.966392400427271,1,0.7140836014120869,0.6695122953158428,0,1,173877,0.0,-0.9476343087107888,-310.260108950044,-12.779522341067281,1.8777211953590622,0.13882874229953698,0.017391770691574493,0.08333333333333333,0.0,0.0,4.594316969889769,21.483341138578346,0,1,0
S1_p006_t001_s1953053430,2026-09-23T10:38:30Z,S1,6,1,0,0,1a224f225dd80b39d1b1572f1546d1c700f99f37466fcad565fba69a7a6ed66e,12000,16,1,180000,0.9661270872881773,1,0.7154517076853457,0.6695122953158428,0,1,173802,0.0,-0.9546761757697064,-316.5100874761647,-12.72521385188558,1.9375033242168913,0.14763152585974734,0.018483467037640366,0.08333333333333333,0.0,349.75,4.993008371326,21.509188031732652,0,1,0
S1_p006_t002_s147567551,2026-09-23T10:39:00Z,S1,6,1,0,0,ad1a73340b065d1ed1858d478cf0d95c82c29fde77fd12c47ef64e3e9d840b9d,12000,16,1,180000,0.9661746034305603,1,0.774037403862528,0.7239516056757861,0,1,173796,0.0,-0.953333639319845,-317.0100952972595,-12.735787886139065,1.9397070096545375,0.14228135320126215,0.01781277173267881,0.08333333333333333,0.0,1.0833333333333333,4.893721233928506,21.134961956199554,0,1,0
S1_p007_t000_s1402667823,2026-09-23T10:39:15Z,S1,7,1,0,0,ff422d720027976bc21616dd84e810e59764e2adebb8d89f0ed298c7e88a4dad,12000,16,1,180000,0.9747852290083496,1,0.8209066683198311,0.7888016545704567,0,1,173809,0.0,-0.6501322967349663,-315.92807830474095,-14.71475307733848,2.186136827489858,0.1291805803565638,0.01617431292470428,0.08333333333333333,0.0,0.0,5.658721332631435,22.927682054598264,0,1,0
S1_p007_t001_s1425587327,2026-09-23T10:39:30Z,S1,7,1,0,0,0c57508d7864eaf8aa8762ff1872ee4c06a073cd94072670440b313b69b66eeb,12000,16,1,180000,0.974685645677362,1,0.8201516771314638,0.7888016545704567,0,1,173809,0.0,-0.6507405741446427,-315.92809495983175,-14.688034911799583,2.3049480792401233,0.13468538866260718,0.016863553458279057,0.08333333333333333,0.0,4.833333333333334,4.703773635096454,22.934289571214578,0,1,0
S1_p007_t002_s718289455,2026-09-23T10:39:45Z,S1,7,1,0,0,6ae7ce61fb45e4b5ebae8c5d4eab3a9a7e38c697cb9f052851ff3756ce9566b1,12000,16,1,180000,0.9746155128627827,1,0.8725120354489627,0.8385280478656059,0,1,173867,0.0,-0.6552914908317863,-311.0947250996196,-14.667099900729053,2.207031958341349,0.12721114421913313,0.01593510398060971,0.08333333333333333,0.0,0.5833333333333334,5.213069706344802,22.962895538534124,0,1,0
S1_p008_t000_s1206520285,2026-09-23T10:40:00Z,S1,8,1,0,0,23141a102b52a19e0e4b567752a165bc61b919b472facc3a8cb601ba8f1eeb76,12000,16,1,180000,0.9821512068294684,1,0.9080952759105835,0.8922877015429264,0,1,173874,1.0,-0.39965556995451895,-310.51271190606894,-17.627742223183056,2.5518080793856353,0.09242232080027332,0.01157792897129184,0.08333333333333333,0.0,0.0,5.0412449856011845,24.419120123764376,0,1,0
S1_p008_t001_s1462033172,2026-09-23T10:40:15Z,S1,8,1,0,0,4a6022ec9ea813d96bddf3fbb529bcbdcf268e777e4c714edc46fc6d7c268001,12000,16,1,180000,0.9820804675956907,1,0.9086077650909041,0.8922877015429264,0,1,173793,1.0,-0.4027362459950553,-317.26269040242306,-17.579378751655533,2.4900428994828503,0.08788057383468338,0.011001856918937847,0.08333333333333333,0.0,1.5833333333333333,4.495711401657671,24.56213437120345,0,1,0
S1_p008_t002_s1537966073,2026-09-23T10:40:30Z,S1,8,1,0,0,a9fdf4441e9c5dee688e2b064bc3b81ece4f2522dea49f955b197f9f4883d1b3,12000,16,1,180000,0.9821745908685565,1,0.9294578396847689,0.9131794267773907,0,1,173812,1.0,-0.39976688573249874,-315.67937141897835,-17.627525983433443,2.4881265998247586,0.0925835144651798,0.011592381846185162,0.08333333333333333,0.0,4.416666666666667,4.631527410019512,24.60090040297626,0,1,0
S1_p009_t000_s758409719,2026-09-23T10:40:45Z,S1,9,1,0,0,97ff86738ca6b058257c2250fd6a651ed36ebddee6b9072c413b36c052317738,12000,16,1,180000,0.9851850623243956,1,0.9426091124222739,0.9343002500583387,1,1,173865,nan,-0.30082989519563974,nan,-19.767965010222913,2.581630323886971,nan,nan,0.08333333333333333,0.0,0.0,4.514800540632374,24.921444327756813,0,1,0
S1_p009_t001_s1723470335,2026-09-23T10:41:00Z,S1,9,1,0,0,c803c497998bc7cbe3d2c41597eaf1632b730a72d2e1d7fca358991981cd0636,12000,16,1,180000,0.9851366611299145,1,0.9430540721746272,0.9343002500583387,1,1,173840,nan,-0.30177506933530723,nan,-19.737115242545475,2.6131637868139714,nan,nan,0.08333333333333333,0.0,2.8333333333333335,5.4194203877281515,24.980800930367696,0,1,0
S1_p009_t002_s1581091521,2026-09-23T10:41:15Z,S1,9,1,0,0,78b09f61f2da78d08437d1c7500b89d68cbc3a8e63f61549f7ed506f6b9196d7,12000,16,1,180000,0.9851308587156642,1,0.9429347579729513,0.9342265314570748,1,1,173874,nan,-0.3022602971947819,nan,-19.72247455680391,2.758306056963555,nan,nan,0.08333333333333333,0.0,333.0,4.446056182894469,25.029320374137672,0,1,0
S1b_p000_t000_s670279447,2026-09-23T10:41:45Z,S1b,0,1,0,0,244a40cbc2e3248c6de12e08dd3b781fe961c21ed95d454d9deb57d5b1dfe0a9,12000,16,1,180000,0.8242469094647459,1,0.054543428764676244,0.04314353477945923,0,1,173784,0.0,-2.920439557370957,-318.02243882577324,-7.460669788364166,0.1438752986549497,-0.001204440087528362,-0.0001507742190369754,0.08333333333333333,0.0,1.8333333333333333,5.171097191245208,2.048961145465486,0,0,0
S1b_p000_t001_s755619207,2026-09-23T10:42:00Z,S1b,0,1,0,0,bf9914ebe09ac35cf6875caeb8aaee09da25ba9b323d847c66ed3851a470daf4,12000,16,1,180000,0.8243742122051133,1,0.012019592170370129,0.011555912219765227,0,1,173806,0.0,-2.9220998636369795,-316.18908975959494,-7.449000459180587,0.1210507472504673,-0.0036813305537151076,-0.0004609173106473463,0.08333333333333333,0.0,3.25,4.5425508482760275,2.1936569502141454,0,0,0
S1b_p000_t002_s405040029,2026-09-23T10:42:15Z,S1b,0,1,0,0,196ec2c1ab14f8d11d31a22b31d76b0abd58732734642a9291443027dd463790,12000,16,1,180000,0.8237702514546247,1,0.011507611777002408,0.011555912219765223,0,1,173845,0.0,-2.9440378105335268,-312.9390349614126,-7.412583641711984,0.13616353920071558,-0.004441354885162918,-0.0005562486098824593,0.08333333333333333,0.0,0.0,4.722788138689464,1.925624296712831,0,0,0
S1b_p001_t000_s421145395,2026-09-23T10:42:30Z,S1b,1,1,0,0,118bb2b598f6dd4e369179fa0b21d2bf38a97ce989be357ea62c316b8e274a4e,12000,16,1,180000,0.5779952073037359,1,0.012738240958428614,0.011333582432054332,0,1,173842,0.0,-5.963066384262649,-313.1890183036145,1.3814830536014602,51.79339107482225,1152.7316430882897,144.36811098037742,11.416666666666668,0.0,2.0833333333333335,9.0311494173617,8.932670698221509,0,0,0
S1b_p001_t001_s617056408,2026-09-23T10:42:45Z,S1b,1,1,0,0,909d3ff5560f31f232b293f9bda7820118f525fc61547f45f3f3551e5305eebf,12000,16,1,180000,0.9112893088273781,1,0.012750361759960749,0.011305349550454044,0,1,174011,0.0,-2.8410022854494077,-299.0750542086553,-8.08347346026501,0.13387419442919116,-0.0003938404831134183,-4.939114114677068e-05,0.08333333333333333,0.0,0.0,4.7764617812045955,2.178454257358032,0,0,0
S1b_p001_t002_s1338794941,2026-09-23T10:43:00Z,S1b,1,1,0,0,f85abf9c67acafc0acefdd29178091afd3e3d99606f6bdff84380185f459c794,12000,16,1,180000,0.9118458968584394,1,0.01247566543673034,0.012603220098951503,0,1,173926,0.0,-2.8292653904997085,-306.1583782789979,-8.122893596553288,0.16057045494269168,-0.0028491723047230333,-0.0003570696699171094,0.08333333333333333,0.0,1.4166666666666667,5.226662844150484,2.2876765957450305,0,0,0
S1b_p002_t000_s265536591,2026-09-23T10:43:15Z,S1b,2,1,0,0,442c8eb495f23157f9ebc41b0311ab4acb3d71632e541c5ae2b40fcc43a4930f,12000,16,1,180000,0.9121272904641238,1,0.014195530036551473,0.0126032200989515,0,1,173943,0.0,-2.817504198255599,-304.7417287884994,-8.12382426778938,0.17634097162181964,-0.002378510430154806,-0.00029812487582603353,0.08333333333333333,0.0,3.75,5.2880484389211215,2.39511977778733,0,0,0
S1b_p002_t001_s984384874,2026-09-23T10:43:30Z,S1b,2,1,0,0,2fefa51a18aaed9f40c21770a23422720d94d68e80d6ebe19d761d49805cac4b,12000,16,1,180000,0.9128413377299018,1,0.014150878808065316,0.01298530339325719,0,1,173988,0.0,-2.7918475890207906,-300.9917247769845,-8.164967749804573,0.12307483921138762,0.0004832306756706095,6.059036149963504e-05,0.08333333333333333,0.0,0.0,4.604539761421633,2.7278813877979284,0,0,0
S1b_p002_t002_s1445559193,2026-09-23T10:43:45Z,S1b,2,1,0,0,e7a1c6d838d10abe108d44a60adfbdad582a49295b396db317ca2483145ecce6,12000,16,1,180000,0.9122666485186851,1,0.0185240184133152,0.015758898130045152,0,1,173983,0.0,-2.8132613331510745,-301.40835645329634,-8.150228401249333,0.1364932584072615,-0.003539119483668114,-0.0004437383399817918,0.08333333333333333,0.0,3.5,4.6777138313593,3.100128737991188,0,0,0
S1b_p003_t000_s799072493,2026-09-23T10:44:00Z,S1b,3,1,0,0,4984db868257ba17dcc87fece68d5c39d072bd6377f792cfd656c5c3f58a25a4,12000,16,1,180000,0.9130875338499462,1,0.02246885947607941,0.018272154502737295,0,1,174025,0.0,-2.780809124806418,-297.90839073161203,-8.181450005608852,0.17449934064342063,0.00026358504568650974,3.3059627185139107e-05,0.08333333333333333,0.0,0.0,5.470593769882827,3.7858150486483866,0,0,0
S1b_p003_t001_s1267271188,2026-09-23T10:44:15Z,S1b,3,1,0,0,e1eb09f33d70a2a80539af829fcde66a81e8b06e9d2ac1a1dcd748fc72030a04,12000,16,1,180000,0.9127477747085143,1,0.023685152455796915,0.020243011075190154,0,1,173979,0.0,-2.796844757145,-301.741705215168,-8.171913895117216,0.16949268483978724,-0.0011957707395430024,-0.00014992214801168302,0.08333333333333333,0.0,2.0,4.721273136537033,4.142827800548145,0,0,0
S1b_p003_t002_s60044557,2026-09-23T10:44:30Z,S1b,3,1,0,0,004ebad844c5a3e581b3d8a1633355f368e2e8d01a6e867ce90e66af190b823c,12000,16,1,180000,0.912676714065899,1,0.024233228430531994,0.020243011075190158,0,1,174003,0.0,-2.7891831670628915,-299.7417229007103,-8.164569591486915,0.153941864571154,0.006069864781969024,0.0007611671135236975,0.08333333333333333,0.0,333.0,4.551266849843867,4.127639068937548,0,0,0
S2_p000_t000_s1289144792,2026-09-23T10:45:00Z,S2,0,1,0,0,3e755cc60af0359a59b22a5d5a43888eb660e59b98c00ba7f6e858cd73590250,12000,16,1,180000,0.9364025087523224,1,0.3601721268982544,0.3034330082516182,0,1,173744,0.0,-1.8741248329116067,-321.3251091128065,-9.523166911316466,0.9535207027714026,0.0026929209706967614,0.0003369975161149341,0.08333333333333333,0.0,0.0,4.348420266274957,16.306638832034675,0,0,0
S2_p000_t001_s68113513,2026-09-23T10:45:15Z,S2,0,1,0,0,8158525f8cab259d6ae9afd3bff323d85260cdd4715da22e94be206dd2569a68,12000,16,1,180000,0.9368093925692186,1,0.3639911288679565,0.30742776009651607,0,1,173703,0.0,-1.8612068470531538,-324.7417906314373,-9.547673050682612,1.1223541675647655,0.007721558044226028,0.0009659746328907204,0.08333333333333333,0.0,6.166666666666667,4.731802663491923,16.358017609497708,0,0,0
S2_p000_t002_s492170927,2026-09-23T10:45:30Z,S2,0,1,0,0,ddcc338618183af350a26c56ff75d12b52c21ab46719a10a1957fbebea9bd96f,12000,16,1,180000,0.9366347881366701,1,0.36380887846677035,0.30742776009651607,0,1,173777,0.0,-1.864934416529454,-318.5751148664118,-9.53620865308726,1.0033628155412722,0.002953131153064897,0.0003696581920848985,0.08333333333333333,0.0,0.0,5.311468698691747,16.404618170920333,0,0,0
S2_p001_t000_s2106742562,2026-09-23T10:45:45Z,S2,1,1,0,0,70c07f9303c0f2b50e40cd1360e3a002faaad9e163efe3981179d72d14a7c410,12000,16,1,180000,0.9367240859037856,1,0.36233211106425445,0.30578272388914524,0,1,173710,0.0,-1.8687745355459782,-324.1586124160258,-9.52935840742412,1.135551316331285,0.01131581166495481,0.0014156985657791665,0.08333333333333333,0.0,0.0,4.652391151002295,16.316692756757043,0,0,0
S2_p001_t001_s1155555599,2026-09-23T10:46:00Z,S2,1,1,0,0,75c162437ba66de8b3ff48a0ac1a40908e1262cb65fdd5ba73fccfb7edc2f8cf,12000,16,1,180000,0.9370622923150219,1,0.36369799655080237,0.30634906820550983,0,1,173710,0.0,-1.8625405218370605,-324.1586113410346,-9.559817907074809,1.040657455127391,0.00846671980440152,0.0010592543812890653,0.08333333333333333,0.0,0.5833333333333334,5.192861048247188,16.082209146928705,0,0,0
S2_p001_t002_s1218472882,2026-09-23T10:46:15Z,S2,1,1,0,0,8caaa9954cdd6ebf398e5ed14baea9f22202295eb36bbcc1730a4f507fdb058c,12000,16,1,180000,0.9366569742044986,1,0.3634069900568916,0.30634906820550983,0,1,173717,0.0,-1.8677380802147472,-323.57526110488226,-9.531708439774178,1.0364077854364038,0.009744441238279382,0.001219175765527325,0.16666666666666666,0.0,0.0,5.062681937611877,16.207064529492644,0,0,0
S2_p002_t000_s1410889249,2026-09-23T10:46:30Z,S2,2,1,0,0,6d4420aac44dca27fe784240f2566a8d47cb41cf6605b2a7c6e584b38b1d94a9,12000,16,1,180000,0.9365782809543791,1,0.3586198102768119,0.3033898382135205,0,1,173664,0.0,-1.87903565303251,-327.9921308812876,-9.50810319798521,1.051549946788101,0.018261820062055192,0.0022838597406007466,0.08333333333333333,0.0,2.916666666666667,4.827627128147235,16.201466895776715,0,0,0
S2_p002_t001_s1295536992,2026-09-23T10:46:45Z,S2,2,1,0,0,e5f03d89c8dbf9557d4603b597169be28486930ee2b3efb5538c6691dcd0779d,12000,16,1,180000,0.9363602770060386,1,0.3607894743589398,0.3043322498678894,0,1,173699,0.0,-1.8882140123571511,-325.0754730825999,-9.489055456057047,0.9837094970846322,0.0254083487586063,0.0031785082046553725,0.08333333333333333,0.0,1.5,5.100167529460398,15.964954459598577,0,0,0
S2_p002_t002_s1338324977,2026-09-23T10:47:00Z,S2,2,1,0,0,8c76f5318c32bef361343de783f72eb5c09aac5ce05bb39cac20b70af25934a8,12000,16,1,180000,0.936846558786936,1,0.3590941456719872,0.3043322498678894,0,1,173717,0.0,-1.8707275348748018,-323.5754881711673,-9.523897769839687,0.9403727095853187,0.0185905517232063,0.002325956878848956,0.08333333333333333,0.0,0.25,4.745803313519368,16.327913396628283,0,0,0
S2_p003_t000_s1727962604,2026-09-23T10:47:15Z,S2,3,1,0,0,91da78831ed6be297bef221881898329323f0b1ff813a3512c9b985852fbd63c,12000,16,1,180000,0.936602897821497,1,0.3599745009153638,0.3051709554492243,0,1,173720,0.0,-1.8854316971338219,-323.3256100942987,-9.509811485161821,1.0169611987933194,0.027773400907503666,0.003474952374745044,0.08333333333333333,0.0,0.0,4.786954595446643,15.847494879007717,0,0,0
S2_p003_t001_s505940398,2026-09-23T10:47:30Z,S2,3,1,0,0,fb6e38f16d43505483a1329b1dba5ed8391c68d881b76d356c9926ae7d2e8389,12000,16,1,180000,0.9370365769092112,1,0.3618041953369243,0.30689079226417026,0,1,173684,0.0,-1.8769811967265961,-326.32560999176167,-9.54336072315879,0.926599647650539,0.02411306944327074,0.0030161109521031904,0.08333333333333333,0.0,7.75,4.845060458190126,16.09340342680946,0,0,0
S2_p003_t002_s1702346768,2026-09-23T10:47:45Z,S2,3,1,0,0,825155de86a034c587c355eafe61e2d882794c06c20931593f4e3a10bfd92426,12000,16,1,180000,0.9363599045859226,1,0.36242987601083615,0.30689079226417026,0,1,173777,0.0,-1.8966293389100213,-318.5756060522114,-9.493247322090584,0.9175988303453243,0.02563628373819633,0.0032090218169287255,0.08333333333333333,0.0,1.0833333333333333,4.596706638079894,16.13535013907377,0,0,0
S2_p004_t000_s1635038415,2026-09-23T10:48:00Z,S2,4,1,0,0,b829feba3c7d3bbbe46c460cd8421f0c8def6b0ecba73383bf72afd58119eb55,12000,16,1,180000,0.9364947778276731,1,0.3597018833587214,0.3040231133054214,0,1,173790,0.0,-1.9132099159698466,-317.492310245736,-9.52668362109501,0.9796791730252307,0.027617175937186236,0.0034573390212244703,0.08333333333333333,0.0,0.0,4.988860927504807,15.655273240928377,0,0,0
S2_p004_t001_s1183238402,2026-09-23T10:48:15Z,S2,4,1,0,0,e3885043765f7fdffe350e145fe6d143653e9fb89f7adf4eded9751cdd6f9cbe,12000,16,1,180000,0.9363473435927113,1,0.36008380259587586,0.3069543546700123,0,1,173683,0.0,-1.9146610176510945,-326.4089696629368,-9.515803178443273,0.9705114421973071,0.023292523652720342,0.002913452151005913,0.08333333333333333,0.0,2.5833333333333335,4.675519841821501,15.588767724943676,0,0,0
S2_p004_t002_s333126784,2026-09-23T10:48:30Z,S2,4,1,0,0,1d6d339a3d7d064a02aa70410a30995a5d79ca40088223d6756b29b8cb333f82,12000,16,1,180000,0.9360532548559379,1,0.36115605248336624,0.3069543546700123,0,1,173714,0.0,-1.9261381092337173,-323.825623839152,-9.499224602064453,1.0143273615526514,0.02741360371134604,0.0034297707875339256,0.08333333333333333,0.0,0.0,4.715036031739244,15.65081822992301,0,0,0
S2_p005_t000_s356586922,2026-09-23T10:48:45Z,S2,5,1,0,0,218295e2cd5e991050f26287cd1967d450b7bf6f798e5c7013a1266a5f7cbdfe,12000,16,1,180000,0.9362773918271775,1,0.35218599850769733,0.3024432576008823,0,1,173700,0.0,-1.9543460590703152,-324.99218625999794,-9.572468898116346,0.9540075310946449,0.0190285150695805,0.0023804291781743814,0.08333333333333333,0.0,5.25,4.651658528786347,15.003744534488668,0,0,0
S2_p005_t001_s1328624968,2026-09-23T10:49:00Z,S2,5,1,0,0,d0647e251066c0cd2698c4928a0c1b3c7cf06ecf42de5cdcb1f63e8078a2ff3c,12000,16,1,180000,0.9361868822977801,1,0.35516128263562496,0.3024432576008823,0,1,173763,0.0,-1.9569170888281275,-319.742184271677,-9.567013390471747,0.9417471151570179,0.019204018839342203,0.0024035942019509093,0.08333333333333333,0.0,0.0,4.724839562496853,15.02949936587471,0,0,0
S2_p005_t002_s843406380,2026-09-23T10:49:15Z,S2,5,1,0,0,1043a2b70f642d73dd6805698e48f6de5e44753de65409e61abfa0fa18431bcc,12000,16,1,180000,0.9367386980186981,1,0.3543021659039904,0.30237624104345756,0,1,173683,0.0,-1.9425395111352908,-326.4088567352537,-9.608069160457964,0.8621255428385338,0.018685560431417003,0.0023372085843220702,0.08333333333333333,0.0,0.0,4.611659777837781,15.079980059746918,0,0,0
S2_p006_t000_s1939969654,2026-09-23T10:49:30Z,S2,6,1,0,0,bd023ceed3a0894a8d17948a7a8667a3a3150a667c46fffe86aa2a4ff182dd14,12000,16,1,180000,0.9358080026275075,1,0.3500738218442027,0.3007940954549315,0,1,173673,0.0,-2.0152804761596155,-327.24191387071915,-9.646650284161796,0.8564022467700793,0.010439802149967396,0.0013057164946985722,0.08333333333333333,0.0,2.8333333333333335,4.870606508022687,14.122930454853325,0,0,0
S2_p006_t001_s441937503,2026-09-23T10:49:45Z,S2,6,1,0,0,af8e041ed5ca1ca4779a56a0bdb1770f2e7c03dc63b4c7ba2280e2d892905589,12000,16,1,180000,0.9360914363715959,1,0.3519623531063314,0.30158918785722183,0,1,173707,0.0,-2.0053525541162744,-324.4085680067559,-9.674897310834236,0.8205380668359324,0.011454542885441281,0.0014330205876831315,0.08333333333333333,0.0,350.3333333333333,4.434307774788679,13.87716762806198,0,0,0
S2_p006_t002_s781512667,2026-09-23T10:50:15Z,S2,6,1,0,0,c137f8a2387950bbd118d47b564911711e051575d7d478887acd1e9497eaa217,12000,16,1,180000,0.9360716315721075,1,0.3497308593120046,0.30158918785722183,0,1,173749,0.0,-2.0103198630561967,-320.90857896618945,-9.668595039192688,0.9641099469766587,0.010811621704811153,0.0013530420214920014,0.08333333333333333,0.0,0.0,4.627135199998543,14.027009113392781,0,0,0
S2_p007_t000_s1531496940,2026-09-23T10:50:30Z,S2,7,1,0,0,f5a6d49da158191b4ac7bc55defdaa17e7258bf7820e5c35a4d3af3afbd4d975,12000,16,1,180000,0.9357173166676949,1,0.34398285062915024,0.30472990527153115,0,1,173665,0.0,-2.0757431632049856,-327.90819163429603,-9.797511476809063,0.7778808778942136,-0.008764722180211274,-0.0010961424500237626,0.08333333333333333,0.0,1.3333333333333333,4.83328745502655,12.707495816695712,0,0,0
S2_p007_t001_s326924126,2026-09-23T10:50:45Z,S2,7,1,0,0,b394a8f6e8f833933d9c85213e25222bf408215e67c31d6fab797c2094c85014,12000,16,1,180000,0.9349311308576737,1,0.3450375328335726,0.30472990527153115,0,1,173681,0.0,-2.100746385498501,-326.57485964030275,-9.737013928605299,0.7818179717795684,-0.00283866846243061,-0.00035505781261235825,0.08333333333333333,0.0,4.916666666666666,4.630871737229113,12.695205292521193,0,0,0
S2_p007_t002_s199391290,2026-09-23T10:51:00Z,S2,7,1,0,0,3bca33d635047b3cfdae5e5ed36c9c303b2a66d1e858ec6783752af88da6187e,12000,16,1,180000,0.9350286125753837,1,0.343163414087642,0.30419482446468915,0,1,173740,0.0,-2.0991534255720894,-321.6581905446589,-9.74307384792693,0.8034445882715252,-0.009946431081372574,-0.0012446764926608012,0.08333333333333333,0.0,0.0,4.75548258586734,12.66553580623766,0,0,0
S2_p008_t000_s2105928740,2026-09-23T10:51:15Z,S2,8,1,0,0,c8d638e98f50757a115a6fff9409b691f049f06677f488d29e4d7c85f0de7557,12000,16,1,180000,0.9341175646916713,1,0.34016415856535875,0.30489149280800537,0,1,173713,0.0,-2.202819883810907,-323.9077488489602,-9.879316315204651,0.6889500775025671,-0.0229983183311916,-0.0028773426047337125,0.08333333333333333,0.0,4.166666666666667,5.0032787989825565,11.128518764985348,0,0,0
S2_p008_t001_s2122849215,2026-09-23T10:51:30Z,S2,8,1,0,0,982d35083631b26c73cee207f7d8484b10ca1d261e47d83bc8ab38b8d4fffc3d,12000,16,1,180000,0.9339452069246929,1,0.341603716917822,0.3048914928080054,0,1,173763,0.0,-2.2044562237372007,-319.7411050020631,-9.85164917646984,0.7447293227573494,-0.022369434649487624,-0.0027997808101645205,0.08333333333333333,0.0,0.0,5.132890732682388,11.071906812388226,0,0,0
S2_p008_t002_s1792617518,2026-09-23T10:51:45Z,S2,8,1,0,0,ecdff65f1b2ab83187c42534c29c0a04c5aac5e2c6b01958deae78a114cda95a,12000,16,1,180000,0.9341568905235745,1,0.33683912564985447,0.3047006888356329,0,1,173734,0.0,-2.202524676639946,-322.15776829715105,-9.87644873935083,0.6482963104389962,-0.024436693470654205,-0.003057812327369902,0.08333333333333333,0.0,0.0,4.883157749414154,10.876580041209325,0,0,0
S2_p009_t000_s1083440476,2026-09-23T10:52:00Z,S2,9,1,0,0,3217341e186af220d1270a0966496e5e7a01c0629566386058117ae7bd81cd98,12000,16,1,180000,0.9317469861200788,1,0.3237821115997935,0.3026875971946869,0,1,173672,0.0,-2.3633457200635424,-327.32402335561835,-9.924061932668236,0.5309236888321229,-0.03188555086035172,-0.00398792584610419,0.08333333333333333,0.0,7.083333333333333,4.733037102447282,8.588994745238667,0,0,0
S2_p009_t001_s406326303,2026-09-23T10:52:15Z,S2,9,1,0,0,79748d047b166c2e0e9a7554964edae76e1da696f6cb5e17a0f3f785b33eded7,12000,16,1,180000,0.9317359323678821,1,0.3261860844964696,0.30294233744614524,0,1,173757,0.0,-2.363029672086889,-320.24069601417614,-9.914016754373048,0.5213822593429303,-0.03823036921312436,-0.004784721858868579,0.08333333333333333,0.0,0.0,4.666096110333708,8.61557080035449,0,0,0
S2_p009_t002_s2144757372,2026-09-23T10:52:30Z,S2,9,1,0,0,68e7d1f55c7d76237fa0aa2fa2ccde83488f2265216de84223011a11e17f71de,12000,16,1,180000,0.9314004978730946,1,0.32721590469278805,0.30294233744614524,0,1,173741,0.0,-2.374557695900062,-321.5740335643592,-9.8940023982712,0.41250970416329463,-0.03822687573616859,-0.004783673002748401,0.08333333333333333,0.0,354.75,5.20935071567314,8.754136475943739,0,0,0
S3_p000_t000_s1030001410,2026-09-23T10:53:00Z,S3,0,1,0,0,f4fdfd13bffe206522c68c07863765a69f7e0d1c51b9831e8ee28b8c8e89a6d8,12000,16,1,180000,0.9366323145642228,1,0.3527889204290864,0.3045154003390014,0,1,173787,0.0,-1.9238093081889482,-317.7422697247869,-9.561048761412254,0.9743391937730467,0.027807876170185906,0.0034811289783647226,0.08333333333333333,0.0,0.0,4.91191983158459,15.358463672026542,0,0,0
S3_p000_t001_s59102629,2026-09-23T10:53:15Z,S3,0,1,0,0,3ebed457066615fb8e112a8920448f2c381fe88aa407775fdefd739c74f7a4bc,12000,16,1,180000,0.9363394158263066,1,0.3546577375471086,0.306005539118961,0,1,173691,0.0,-1.9366787612269438,-325.7422384185781,-9.5490993389904,0.9121524130997039,0.03042282470991535,0.003805560720138601,0.08333333333333333,0.0,0.0,5.071766007604227,15.316544413667986,0,0,0
S3_p000_t002_s917633151,2026-09-23T10:53:30Z,S3,0,1,0,0,44bb71d0b09b8c2f45beb9d782f7674b296e052bc8a0d12898b21b21f13624ab,12000,16,1,180000,0.936278721619541,1,0.3608036953588634,0.3124925690856233,0,1,173670,0.0,-1.9361482706107185,-327.49225825265904,-9.538651738095801,1.056538715005329,0.03609090560577755,0.004513817382303387,0.08333333333333333,0.0,7.333333333333333,4.805594932385344,15.644602239213386,0,0,0
S3_p001_t000_s1727488921,2026-09-23T10:53:45Z,S3,1,1,0,0,ae41ff5334b743fdee826a20466715c3c1aea85d8ccf002fa61bacbb7d91934f,12000,16,1,180000,0.592640739751421,1,0.2560505282722357,0.31249256908562334,0,1,173758,0.0,-5.694027920122621,-320.1511233897994,2.168421307625344,59.58338685607308,965.4333392260766,120.82977500417883,9.416666666666666,0.0,0.0,7.68629750575832,21.79326573549129,0,0,0
S3_p001_t001_s1935099702,2026-09-23T10:54:00Z,S3,1,1,0,0,40fea17851cc7a51cc7257834d20d258f1c2314c29a3bf23b1e28daa80c8c47c,12000,16,1,180000,0.9425114871246489,1,0.35680195295867834,0.3036466965444167,0,1,173864,0.0,-1.9159273984968384,-311.3404199348515,-9.634688611646894,0.8797975247362295,0.06659980095750644,0.008342424267539172,0.08333333333333333,0.0,0.0,4.873578643001466,15.356922058785239,0,0,0
S3_p001_t002_s1247340308,2026-09-23T10:54:15Z,S3,1,1,0,0,e08f04c20e1756bee8c9d18fc97f653ffb00515a15bf69f6e889f494a44281a5,12000,16,1,180000,0.942267345195812,1,0.3640748813689634,0.31098793742537856,0,1,173827,0.0,-1.9216633883722742,-314.42375684280097,-9.612215435535454,0.9387929126582524,0.0746265205337103,0.009345106033833872,0.08333333333333333,0.0,3.5,4.31555350931413,15.374767228157356,0,0,0
S3_p002_t000_s2123842217,2026-09-23T10:54:30Z,S3,2,1,0,0,b51ed6907cdb6fb9a888351a08d21aea1698d931884e968b169c84d7a2f4d526,12000,16,1,180000,0.9421491503365335,1,0.358661986168257,0.3109879374253786,0,1,173869,0.0,-1.9188382180998342,-310.923782348654,-9.607023624357025,1.01021876580133,0.052690640524773104,0.0066003984666167526,0.08333333333333333,0.0,0.0,4.941382102931586,15.437183431779369,0,0,0
S3_p002_t001_s741456992,2026-09-23T10:54:45Z,S3,2,1,0,0,0d3f3dada03a694d17d5053df8827baae9bbcb7e267b0032060f7ac429156d28,12000,16,1,180000,0.9427188165296728,1,0.3617176578838203,0.3089446546828953,0,1,173865,0.0,-1.9133775307343581,-311.2570827714456,-9.653934815909635,0.8652932406934501,0.047625433008444955,0.00596570461493684,0.08333333333333333,0.0,0.0,4.858586802528249,15.30959739244403,0,0,0
S3_p002_t002_s859851708,2026-09-23T10:55:00Z,S3,2,1,0,0,03e3eea71ba99686e83203511cc8964af2fda02c8a7bb70b243db6c84bcdf864,12000,16,1,180000,0.9423381600621331,1,0.36401323328406643,0.30962191609163897,0,1,173808,0.0,-1.9151794802054536,-316.0071053602848,-9.625619712669701,0.9916780541143893,0.054179982295111465,0.006783658863241726,0.08333333333333333,0.0,0.8333333333333334,5.432051330461396,15.625466680961553,0,0,0
S3_p003_t000_s1497291008,2026-09-23T10:55:15Z,S3,3,1,0,0,1da0388813207739c1a926363a20fb71adef3ceb566602627e3424bfb110758f,12000,16,1,180000,0.9421540876299698,1,0.3591680774111577,0.30962191609163897,0,1,173818,0.0,-1.9197030390120264,-315.1737702158322,-9.609169320060568,0.9904537188842706,0.030605011606647012,0.0038322371333379124,0.08333333333333333,0.0,2.416666666666667,5.547536419156309,15.433639155024082,0,0,0
S3_p003_t001_s2122590732,2026-09-23T10:55:30Z,S3,3,1,0,0,6cdddaa998d877d8f695e6d69004771552e266fad5bd5ac3ddaf65abf03661d5,12000,16,1,180000,0.9422119294036487,1,0.36037085449993034,0.3081507351143619,0,1,173847,0.0,-1.9190640425506493,-312.7570998604284,-9.609546546185928,0.8824720538442141,0.0298403600129767,0.003737355889825267,0.08333333333333333,0.0,0.0,4.869626163580721,15.406769391098425,0,0,0
S3_p003_t002_s1592902622,2026-09-23T10:55:45Z,S3,3,1,0,0,98378fb92e059f779ec21f6127221d891241f79b0e0c10fe4b526c920c3c1eb0,12000,16,1,180000,0.9423755679319556,1,0.36298486648057743,0.30907468233478935,0,1,173838,0.0,-1.9182607553148618,-313.5070869217865,-9.624633132083693,0.9586011985703802,0.029933818846439288,0.00374879173705267,0.08333333333333333,0.0,0.0,4.805956412576703,15.525683355166022,0,0,0
S3_p004_t000_s1269981715,2026-09-23T10:56:00Z,S3,4,1,0,0,2f905d7ef5a213ca104e608b867035574e08aba79bf5111162d51f888638bcbc,12000,16,1,180000,0.9422016435563498,1,0.35912505714742887,0.30907468233478935,0,1,173832,0.0,-1.9228617801750671,-314.0070810345502,-9.607553118508362,0.9445605517089879,0.012575499224090495,0.0015748297678328527,0.08333333333333333,0.0,5.916666666666666,4.505249719848677,15.419624855919773,0,0,0
S3_p004_t001_s1736958637,2026-09-23T10:56:15Z,S3,4,1,0,0,5d9a08b85e993900b834907a9e5c2ce7ba63d7111a2187c862a952c2e66188ab,12000,16,1,180000,0.9427798499366324,1,0.35922898765120537,0.30587392297740335,0,1,173903,0.0,-1.9043453884134927,-308.09043814149663,-9.66255178383127,0.9579441245428738,-0.005889360538000614,-0.0007379427647720149,0.08333333333333333,0.0,0.0,5.094626445894688,15.330228601488436,0,0,0
S3_p004_t002_s204596110,2026-09-23T10:56:30Z,S3,4,1,0,0,3142c1f91492cd9859d809da2d91fd8c6f25e6e01f5d8e48880a5ea1c4d62e19,12000,16,1,180000,0.942220135915011,1,0.36560279543907565,0.3098034291956534,0,1,173799,0.0,-1.9201683031522778,-316.7571092700394,-9.613100818721263,1.0270073909972517,0.006205968244128834,0.0007769686062601977,0.08333333333333333,0.0,2.5,4.932641998197386,15.457051549482594,0,0,0
S3_p005_t000_s1505505932,2026-09-23T10:56:45Z,S3,5,1,0,0,5842dddf1b09399291b6684fa2e2216792bf66d655dfaa4a65922e18bbef215e,12000,16,1,180000,0.9423578717515771,1,0.3638085746197046,0.3098034291956534,0,1,173829,0.0,-1.9157942013988516,-314.25710519443055,-9.627407580865796,0.9122529540319908,-0.02163430084669292,-0.002709198592128814,0.08333333333333333,0.0,4.5,4.58889272297597,15.582243972209211,0,0,0
S3_p005_t001_s574426862,2026-09-23T10:57:00Z,S3,5,1,0,0,306a6cbbdcfdca10019ca6747a5c73fa8415db81ecbb6b52a9687ed81ffa1624,12000,16,1,180000,0.9422483293206199,1,0.3628623173621254,0.30714933256120186,0,1,173883,0.0,-1.915893259649831,-309.7570997956379,-9.614901255424552,1.0254653837156709,-0.019964033544583787,-0.002501114086499001,0.08333333333333333,0.0,0.25,4.836023323851992,15.391656692535365,0,0,0
S3_p005_t002_s2081296688,2026-09-23T10:57:15Z,S3,5,1,0,0,1302ad3ad43e90a0f84eb1e91fbef897f61d5b05485a17c6a2bd2593bd14c734,12000,16,1,180000,0.9419634646953524,1,0.36193129055518125,0.3081398667041193,0,1,173886,0.0,-1.9274420773509053,-309.50707982743734,-9.587278429775838,0.8806080493560657,-0.020403960463110334,-0.002556289782660315,0.08333333333333333,0.0,0.0,4.440068548343804,15.49436758390989,0,0,0
S3_p006_t000_s1872296474,2026-09-23T10:57:30Z,S3,6,1,0,0,3254c5afce00140537a9581fe49b698195222a888704f6aacbeed2f42016168f,12000,16,1,180000,0.3626729021025672,1,0.13347478508987817,0.30846932747155437,0,1,173799,1.0,-9.963049769422147,-316.7662860099505,7.836960186328071,26.73233258614942,983.8297925996195,123.17253854409455,9.583333333333332,0.0,3.1666666666666665,5.341247284566773,19.15006548937122,0,0,0
S3_p006_t001_s1187247710,2026-09-23T10:57:45Z,S3,6,1,0,0,7782ff758a4d78eff864c84829ab519fe0b9c863ff908160be7840e52c42937b,12000,16,1,180000,0.9370186131041891,1,0.3631910669928293,0.30846932747155437,0,1,173960,0.0,-1.9113267485202976,-303.32560715062993,-9.596715041436363,0.9832843110529637,-0.012876017760670684,-0.0016141118344421557,0.08333333333333333,0.0,339.91666666666663,4.529387753389822,15.292409645366332,0,0,0
S3_p006_t002_s1223745501,2026-09-23T10:58:15Z,S3,6,1,0,0,f424b4884af044f257e7f49a7b90677718a105cb07ba88b680e09136d07f7cc4,12000,16,1,180000,0.9368662159931421,1,0.3636620992619385,0.3102179815871073,0,1,173680,0.0,-1.9181434573089031,-326.6589196006692,-9.583880276680429,1.0114616237739995,-0.013379533467345158,-0.0016734852870285977,0.08333333333333333,0.0,1.4166666666666667,4.706432470788741,15.191601136451302,0,0,0
S3_p007_t000_s626911129,2026-09-23T10:58:30Z,S3,7,1,0,0,c5fc8ed86cfe33a935d11697d1750a3202c1a04bffffaa14116056f73fbcc37c,12000,16,1,180000,0.9369706093180382,1,0.36307246577238766,0.31021798158710734,0,1,173697,0.0,-1.9131617290837046,-325.24227866574864,-9.584015854501322,0.922480381981049,-0.028093713356591013,-0.0035143830723427527,0.08333333333333333,0.0,2.416666666666667,4.420619969263162,15.154710041948247,0,0,0
S3_p007_t001_s1969339727,2026-09-23T10:58:45Z,S3,7,1,0,0,a7ed71eeb115c7695d863d56ae856fbda26e66bc47c5c2732b7e343621602b88,12000,16,1,180000,0.9366987856335366,1,0.36251005350745164,0.30784199682578184,0,1,173726,0.0,-1.9204561504453854,-322.8256216975442,-9.561989664298402,1.0577762324769748,-0.019530531559054487,-0.002443738230795134,0.08333333333333333,0.0,0.0,4.690730332710604,15.603345479763712,0,0,0
S3_p007_t002_s115451501,2026-09-23T10:59:00Z,S3,7,1,0,0,c7775a8e5320cc312778f5e23aa22192e9068875518a005ad02c910eb2175ae0,12000,16,1,180000,0.9361054818512035,1,0.3617302878643804,0.3072873981760882,0,1,173723,0.0,-1.924379493376562,-323.0756000033222,-9.565756876862386,1.0052853492139788,-0.023739849780061523,-0.002970353744331078,0.08333333333333333,0.0,4.25,4.761000259704546,15.388295620215786,0,0,0
S3_p008_t000_s1467476825,2026-09-23T10:59:15Z,S3,8,1,1,0,af53ee52517a1d6e87cc0bb1fe7162df583c213cdb8d3129f0cf0cb2c4fedc17,12000,16,1,180000,0.9365441607325089,1,0.3612109014074114,0.3072873981760882,0,1,173294,0.0,-1.9305189509394596,-358.82560480207513,-9.546361576394933,0.979342296092504,-0.03131143557802806,-0.0039042855250954744,0.08333333333333333,0.0,339.41666666666663,4.556653213333944,15.525695830122036,0,0,0
S3_p008_t001_s154111274,2026-09-23T10:59:45Z,S3,8,1,1,1,87a0ff68548fd40380a916d00a7dcf1715f7b233af9f5d9fd7429ee16b1e4edd,12000,16,1,180000,0.8458089926495019,1,0.3547939118093021,0.3061175376827872,0,1,173622,0.0,-1.9839339163943024,-331.47260217301607,-9.060843783865593,1.064800755970056,-0.028875361226466376,-0.0036099976605328266,0.08333333333333333,0.0,327.8333333333333,4.778183179696098,15.319665993915798,0,0,0
S3_p008_t002_s1142253482,2026-09-23T11:00:15Z,S3,8,1,1,1,069de8573d6381b126a21f07e6a15bb7be4e02e5e9ba07e74dc6fee04eb640dc,12000,16,1,180000,0.936106722170776,1,0.36264136546959846,0.30521026727056877,0,1,173389,0.0,-1.9451577007342578,-350.9089266660758,-9.51688171263932,0.9753934702187906,-0.033110215410396084,-0.004131724450417096,0.08333333333333333,0.0,326.8333333333333,4.945188050841499,15.479299873864601,0,0,0
S3_p009_t000_s395916349,2026-09-23T11:00:45Z,S3,9,1,1,1,7e7863c67556ec4e1849ff14c0b149ec4475d2f25a3401ea256628ed3c71427a,12000,16,1,180000,0.9371601438441268,1,0.3581640661162294,0.30497503258529995,0,1,173525,0.0,-1.9191183632055195,-339.5755728010481,-9.601951344245926,1.0215317379592983,-0.026077282703900986,-0.003257652387219423,0.08333333333333333,0.0,18.75,4.91006659919186,15.470430698222941,0,0,0
S3_p009_t001_s1232141577,2026-09-23T11:01:15Z,S3,9,1,1,1,e1fe76f2a6a0289183d894559bfeb2d707e3d28d26ace10fff467b6c647f3b0a,12000,16,1,180000,0.5443124650756077,1,0.17881979410685184,0.30413342599477605,0,1,173566,0.0,-6.240799587845478,-336.15032556800116,2.989068105057377,26.013800849495947,909.0226097789059,113.59510140841121,8.833333333333334,0.0,20.583333333333332,8.138925931635518,23.28704662235337,0,0,0
S3_p009_t002_s1753739609,2026-09-23T11:01:45Z,S3,9,1,1,1,1b5bb4bc93bdc99d98d186c75ec0f174c449ec71ce5a1614eec6a7dc576bfe22,12000,16,1,180000,0.8604702987719194,1,0.41473528671670995,0.3666786886862039,0,1,173642,0.0,-1.9904747546026789,-329.85869624843144,-9.02846832017117,0.9858553060613844,-0.16432485498770502,-0.020547179867662635,0.08333333333333333,0.0,28.416666666666668,4.630753278002517,15.74732411975451,0,0,0
S4_p000_t000_s1380025803,2026-09-23T11:02:15Z,S4,0,1,0,1,68cea45bb35b1040bf44fd7390c8e2bd170df3e26ebc7a431f256d53e79fcec4,12000,16,1,180000,0.9069740879108003,1,0.389936786326745,0.3666786886862039,0,1,173720,0.0,-1.1166133107042737,-323.3604197082235,-13.653035142112138,0.5918936901215646,0.13880874031940665,0.01736747197128352,0.08333333333333333,0.0,1.0833333333333333,4.702090721546007,15.872380539656062,0,0,0
S4_p000_t001_s1028796488,2026-09-23T11:02:30Z,S4,0,1,0,0,3c7df8cda6dad44b9b0f7fac29184ed07e0c86346be71ab4703547b1f048d355,12000,16,1,180000,0.90737597204679,1,0.3773514535810156,0.3544964581009171,0,1,173733,0.0,-1.1073517795907644,-322.27712469628267,-13.688536255130119,0.5783915117127052,0.14939307146114392,0.018693704425004398,0.08333333333333333,0.0,0.0,4.815130071483369,15.94408769811373,0,0,0
S4_p000_t002_s1457782904,2026-09-23T11:02:45Z,S4,0,1,0,0,fa4c68f51e5a037f64d39a7c8952e28ddc928dbd25af141e940f22da69afc9b5,12000,16,1,180000,0.9072944629005821,1,0.37819186758722134,0.3544964581009172,0,1,173718,0.0,-1.1092038267140374,-323.52711888430895,-13.681327351850532,0.6379251567026373,0.15472850388291812,0.01935901149181518,0.08333333333333333,0.0,4.166666666666667,4.924754302279351,15.837079724333758,0,0,0
S4_p001_t000_s1710814298,2026-09-23T11:03:00Z,S4,1,5,0,0,34c68678512eafaf36b9f9283b748b7c72d50b1d4357d536d77ba9f05c3bfc97,12000,16,1,180000,0.8990486518043939,1,0.5220954736039221,0.528638013864102,0,1,173768,0.0,-1.2238921215348344,-319.3596976061387,-14.933322033044462,0.4818183301035349,0.07278726978537312,0.009110491409956012,0.08333333333333333,0.0,0.0,4.83021495456946,11.003078683268626,0,1,0
S4_p001_t001_s1662193313,2026-09-23T11:03:15Z,S4,1,5,0,0,027f48b13cb1acebf6cd31c4a0af9e44439f75aaac5c1fad5728384cd8e2ddba,12000,16,1,180000,0.8994174875609046,1,0.5269117685453097,0.528638013864102,0,1,173766,0.0,-1.2187565618545484,-319.5263688402271,-14.956165986015176,0.4915906819882473,0.07283063327838135,0.009115773383655323,0.08333333333333333,0.0,0.0,4.6848251338424305,10.630349449210781,0,1,0
S4_p001_t002_s196226190,2026-09-23T11:03:30Z,S4,1,5,0,0,7e8cea5135b4ed0e01e3e2644bad81e227023d64c12971c4cb2522fbd0fb493a,12000,16,1,180000,0.8992112835023178,1,0.5244126969914334,0.5280675375406659,0,1,173756,0.0,-1.2213671141256988,-320.3596984711415,-14.959582643851782,0.4508485583250863,0.0703515193615041,0.008804774054169684,0.08333333333333333,0.0,0.0,4.916209411160345,10.63691118461017,0,1,0
S4_p002_t000_s139150452,2026-09-23T11:03:45Z,S4,2,10,0,0,4e2508a0405904e6182851b184441978b3a131f4df04ee8b26d44fcf09f03f1b,12000,16,1,180000,0.9014742799714851,1,0.7176156772659373,0.7797841592258578,0,1,173726,0.0,-0.9917047628887448,-322.86100067822974,-17.708912380251853,0.6857528944848059,0.05148814340112655,0.006442402454922558,0.08333333333333333,0.0,0.5833333333333334,5.552434125952388,11.848042999193638,0,1,0
S4_p002_t001_s1124369827,2026-09-23T11:04:00Z,S4,2,10,0,0,df8681df74509ae0ffb657d4a57c4a7ec9f0cac0c4299a3ad420b10784c0f34f,12000,16,1,180000,0.901644606574248,1,0.7160560144007243,0.7812619387918875,0,1,173733,0.0,-0.9894602699982382,-322.27766556376866,-17.741285148625863,0.6606561146502139,0.05162772000782711,0.006460228232299414,0.08333333333333333,0.0,2.1666666666666665,5.215097111510794,11.694549954809656,0,1,0
S4_p002_t002_s820497043,2026-09-23T11:04:15Z,S4,2,10,0,0,6f8a81a51ef8409ca4ef0e27afb56b160423e4f6416c191bbae7de64d0322fb4,12000,16,1,180000,0.9015421560555984,1,0.719010164958574,0.7812619387918875,0,1,173759,0.0,-0.9905311822992013,-320.111001117369,-17.741488412368312,0.6997504478441668,0.05507715570798069,0.006893291576943739,0.08333333333333333,0.0,2.25,4.993253450405579,11.746447789389174,0,1,0
S4_p003_t000_s11459573,2026-09-23T11:04:30Z,S4,3,20,0,0,90d6a18aa938e6dc3fd11f41b9b9c50fc025a7c691140f488374c8ac390f1591,12000,16,1,180000,0.914328157697718,1,0.7610235001816705,0.8138162646274643,0,1,173786,0.0,-0.8205402055199489,-317.8615917297817,-17.69631594868329,0.817434805637796,0.06101749529272441,0.0076384141307244136,0.08333333333333333,0.0,0.0,5.6854060345656565,17.457285214347042,0,1,0
S4_p003_t001_s1313953807,2026-09-23T11:04:45Z,S4,3,20,0,0,4436e20b2e7d181a564098942e52049ab203d33912ce243a8bbdf7d4b36861ff,12000,16,1,180000,0.9143738824490806,1,0.7601593417146502,0.8138162646274643,0,1,173749,0.0,-0.8198078488077843,-320.944929182176,-17.69655585957843,0.8624768853795668,0.06492962716316251,0.0081257480505883,0.08333333333333333,0.0,0.9166666666666666,5.375959481968128,17.65292976127462,0,1,0
S4_p003_t002_s205499031,2026-09-23T11:05:00Z,S4,3,20,0,0,7a61b38ec67a9caab5269b5be963eaefc2ae0109da9c6548069d3b46f40f5087,12000,16,1,180000,0.7553358259941239,1,0.6442436069231966,0.8123339203276186,0,1,173760,0.0,-2.514405335848082,-320.0275095819549,-2.994215765881005,39.98676574932072,1008.7038807123098,126.24736030219128,9.833333333333332,0.0,1.75,26.535291869108217,26.3082044498529,0,1,0
S4_p004_t000_s984663940,2026-09-23T11:05:15Z,S4,4,30,0,0,0c3f7bd8cfaf55587c3c2451d73e406594f3adf0a7ef9b464599df73b4342bca,12000,16,1,180000,0.986017563644233,1,0.869202223039183,0.8676097313437321,0,1,173907,0.0,-0.6672333511962141,-307.7591686428872,-18.899903911389153,1.0306621983885198,0.03947729991096263,0.004946703065343172,0.08333333333333333,0.0,0.0,5.757808818413414,16.658325405515562,0,1,0
S4_p004_t001_s484615558,2026-09-23T11:05:30Z,S4,4,30,0,0,99f385a01309610bcbe637d14288e96468b86de63d29fbfbd0e1e37718548d8d,12000,16,1,180000,0.9860585593241294,1,0.8697624907831352,0.8682260144619003,0,1,173863,0.0,-0.6624295645675518,-311.4258616155469,-18.925644113871318,1.0218735974148543,0.040396203930575164,0.005060068900547776,0.08333333333333333,0.0,0.9166666666666666,5.716716921641168,16.883494618946532,0,1,0
S4_p004_t002_s330630277,2026-09-23T11:05:45Z,S4,4,30,0,0,e0550e357ba5957347515eda5b427849b210c1bf20f31f4b3ebcfa0372ec91f2,12000,16,1,180000,0.986043137209065,1,0.8694282902380436,0.8682260144619003,0,1,173874,0.0,-0.6638785544709814,-310.5091846249913,-18.92498974782258,1.0204437964492465,0.04047032700057148,0.005069798804015591,0.08333333333333333,0.0,349.25,5.645074044036938,16.935869327592606,0,1,0
S5_p000_t000_s1561858501,2026-09-23T11:06:15Z,S5,0,1,0,0,2ba7ec67973cd07b51e6640e4fed45582ff69a9058054aeabdc2014d3b3db1b5,12000,16,1,180000,0.9250408394231975,1,0.014550696639368192,0.011612053423507095,0,1,173665,0.0,-2.8312789787109005,-327.9219388628377,-8.179349686974556,0.10964233315737663,0.003674992917229227,0.0004596056392074388,0.08333333333333333,0.0,0.0,4.892580651758189,2.0245720509958223,0,0,0
S5_p000_t001_s960283802,2026-09-23T11:06:30Z,S5,0,1,0,0,ff23a9648759ce7d74bdd613328fc00e13f1d936787e5e48fb4cfddd8b93ba3c,12000,16,1,180000,0.9253630825451145,1,0.01120147841767444,0.01140580408767393,0,1,173613,0.0,-2.8294922884171116,-332.2552640357195,-8.197958419929002,0.13322125333540802,-0.0021947125334448965,-0.00027436320851847995,0.08333333333333333,0.0,0.0,4.8456392661723955,2.2921847603957795,0,0,0
S5_p000_t002_s892021093,2026-09-23T11:06:45Z,S5,0,1,0,0,7f8378ae9e9edc927c6136a4fc30c87a0548226f04e9921c06c97cbdadd6da54,12000,16,1,180000,0.9249214805600806,1,0.011451862015883598,0.010657549785587497,0,1,173612,0.0,-2.839173583844394,-332.33859843442406,-8.17099840780669,0.17055344406142964,-0.003946570450345462,-0.0004933607719976862,0.08333333333333333,0.0,0.16666666666666666,5.126076796285635,2.656875476915899,0,0,0
S5_p000_t003_s1972790602,2026-09-23T11:07:00Z,S5,0,1,0,0,a9b120cdf00332b20332da636dfa7e2fe0cd9a1ea95aaa934f63438127e09360,12000,16,1,180000,0.9248736893484665,1,0.013141325170593762,0.01270485432429288,0,1,173614,0.0,-2.8285802167563032,-332.17194555112656,-8.168615856227198,0.15317980894573052,-0.0005332865420710927,-6.666721719739144e-05,0.08333333333333333,0.0,0.0,5.292531868284728,2.1232330000453565,0,0,0
S5_p000_t004_s522357441,2026-09-23T11:07:15Z,S5,0,1,0,0,c803f79d053f82232315fe7c89381d90a2004a67a5808d48cf6965338117ef46,12000,16,1,180000,0.9248711719936308,1,0.011895876152666974,0.012704854324292879,0,1,173610,0.0,-2.835791257482554,-332.5052700062358,-8.166691899338433,0.1530412455055841,-0.0010703575319754724,-0.00013380325435718987,0.08333333333333333,0.0,2.25,4.925990790671136,2.182835605227292,0,0,0
S5_p000_t005_s434100809,2026-09-23T11:07:30Z,S5,0,1,0,0,018e5d6b6c13bd5900ebe0c8ebc81dedf64a75d3bbd4c88624f8286cb6d9bb26,12000,16,1,180000,0.9254316189946101,1,0.011098271782905914,0.011252553894009865,0,1,173637,0.0,-2.8235802453475616,-330.2552741814088,-8.205540182979354,0.16429785545335024,-0.003315442490093717,-0.0004145463517488679,0.08333333333333333,0.0,0.0,5.090433147651042,2.2362654067239047,0,0,0
S5_p000_t006_s1987541040,2026-09-23T11:07:45Z,S5,0,1,0,0,d4934ac64fe8c6d223d61d7d695668e843b97d797097814ebe378a3e01ffba64,12000,16,1,180000,0.9246343989604362,1,0.011170338318141388,0.011252553894009865,0,1,173582,0.0,-2.8428726438236196,-334.83859663034065,-8.151629035931343,0.1364664458607891,7.949830750490803e-05,9.935698471963406e-06,0.08333333333333333,0.0,5.5,5.228961986741529,2.1114146345937748,0,0,0
S5_p000_t007_s1550731733,2026-09-23T11:08:00Z,S5,0,1,0,0,4b042207dfc9ab83b759ad426b857de4f1f416401a1316ccc20d5a6c5b49f2d8,12000,16,1,180000,0.9253773118672369,1,0.012422036787944088,0.01264019616052306,0,1,173648,0.0,-2.8274130159784336,-329.3386021272824,-8.20441503429535,0.15019234021148678,0.00043923414064870936,5.4924472351558506e-05,0.08333333333333333,0.0,0.0,4.760843073637639,2.2405680363312106,0,0,0
S5_p000_t008_s978267978,2026-09-23T11:08:15Z,S5,0,1,0,0,28205f191cbf61d5e42d7b563a9e108d87eead3779dd0e9f6d62889a03dd3489,12000,16,1,180000,0.9255867784208444,1,0.01237767692547339,0.012640196160523061,0,1,173602,0.0,-2.823940377516295,-333.1719179847266,-8.210761012809316,0.15155643992072393,-0.0006175998678372707,-7.719998347965884e-05,0.08333333333333333,0.0,0.4166666666666667,5.175971202491843,2.0556346974356856,0,0,0
S5_p000_t009_s1361001477,2026-09-23T11:08:30Z,S5,0,1,0,0,3fa9953b2f2dca7d7d5e24518799237d60fea7c65af42086aa7447ad2d904241,12000,16,1,180000,0.9251161204177984,1,0.011605006127979312,0.011420613674509299,0,1,173607,0.0,-2.8356586255378122,-332.7552575419771,-8.184403120564372,0.12205721689895359,0.0009711912776364422,0.00012140376566094346,0.08333333333333333,0.0,2.8333333333333335,4.600089879307074,2.0684127941823873,0,0,0
S5_p000_t010_s1672796167,2026-09-23T11:08:45Z,S5,0,1,0,0,1446b323dcb2076e8ecff653e195903492ec8d6a8014e6de0cd3b07b536a6507,12000,16,1,180000,0.7842976708405676,1,0.01143326394711574,0.0114206136745093,0,1,173641,0.0,-4.232239719051623,-329.9219914304073,-2.3266878604876555,48.80121079462925,918.1107311179435,114.79964770825654,8.916666666666666,0.0,0.0,12.560778546647134,11.057292640310475,0,0,0
S5_p000_t011_s363339928,2026-09-23T11:09:00Z,S5,0,1,0,0,4ca2f84c5475ee1be08d305f9ca197b4ed2692538b871672fb922c0fee0addc5,12000,16,1,180000,0.8231568800642877,1,0.011650836469546903,0.011843584048481388,0,1,173721,0.0,-2.9540550153454714,-323.2723660483086,-7.40953277712976,0.1419807592719869,0.00151647175864864,0.0001897394299703592,0.08333333333333333,0.0,0.0,4.81235275176013,2.3813793962551126,0,0,0
S5_p000_t012_s920581965,2026-09-23T11:09:15Z,S5,0,1,0,0,dd932de1661faf6bacc1664941e716c9e750c799c260fe1bd0b5688011fbd490,12000,16,1,180000,0.823357797528042,1,0.011784798084167337,0.011843584048481388,0,1,173718,0.0,-2.952731433912672,-323.5223543478417,-7.401661314106373,0.19953839331451897,0.008977853540231047,0.0011232731235395477,0.08333333333333333,0.0,0.9166666666666666,4.659229096661836,2.056249824187043,0,0,0
S5_p000_t013_s1985403058,2026-09-23T11:09:30Z,S5,0,1,0,0,6b6b3f61c34763c99c1c32cb4dedf1ad797f070835d8e7917d3b71154c3ce57d,12000,16,1,180000,0.8237683755468347,1,0.01134409115271228,0.011125160529121431,0,1,173729,0.0,-2.937442744445982,-322.6057524782494,-7.429560602866746,0.12053376759593303,0.009960438612359948,0.0012463198022487632,0.08333333333333333,0.0,5.75,5.252762255025222,2.241035023755412,0,0,0
S5_p000_t014_s1613680917,2026-09-23T11:09:45Z,S5,0,1,0,0,55d1dae6b3b1c64b1c27818fc4fcc7d26605abc674861269b5731e60853b3eee,12000,16,1,180000,0.8243838412330554,1,0.011415549184832292,0.011461729475122348,0,1,173798,0.0,-2.938746568814445,-316.85567479022154,-7.441132846513307,0.18847234725534967,0.0015740481459152495,0.00019706453167600557,0.08333333333333333,0.0,0.0,4.762098468718851,2.5021831721132166,0,0,0
S5_p000_t015_s1930000429,2026-09-23T11:10:00Z,S5,0,1,0,0,bdee2bd13745949843f7d0005ab853ce23acd9672a659c99eea1a04b40daad69,12000,16,1,180000,0.8241827992679748,1,0.01142519031665703,0.011797850443511636,0,1,173704,0.0,-2.9355649053296675,-324.68902786093776,-7.442344323732088,0.16843923719136783,0.0037455335202605734,0.0004685737344516383,0.08333333333333333,0.0,6.583333333333333,5.046641256564523,2.0696209279966467,0,0,0
S5_p000_t016_s216305983,2026-09-23T11:10:15Z,S5,0,1,0,0,2a0a1a558a6e9122f4a5a0e42d3b7137461aaa70f9e9fc8d7dfc0f550349d99b,12000,16,1,180000,0.8233192486507177,1,0.011906019068517988,0.01194803245568392,0,1,173783,0.0,-2.951322280733682,-318.1056909313271,-7.418976596225834,0.14527170058461839,-0.0032665281613956892,-0.0004089072617716738,0.08333333333333333,0.0,0.8333333333333334,4.986222963444872,1.754705384334133,0,0,0
S5_p000_t017_s312112809,2026-09-23T11:10:30Z,S5,0,1,0,0,18bf09d3af635e49d3326da2e8311ee7751d944d7baca565ce3d145250a03c31,12000,16,1,180000,0.8243404521927883,1,0.011639868526924717,0.013242238465470636,0,1,173793,0.0,-2.9403303641205065,-317.27230781886345,-7.4281214929729185,0.13917631627407995,-0.01867212492849964,-0.0023375819919237983,0.08333333333333333,0.0,0.0,5.066001094297138,1.9340552990031168,0,0,0
S5_p000_t018_s1052303369,2026-09-23T11:10:45Z,S5,0,1,0,0,8de5a00555cfcb393d59dd950733c473b7e1f2229e03e79037ccda20519a73fb,12000,16,1,180000,0.824703759982563,1,0.0121491446227522,0.013242238465470636,0,1,173706,0.0,-2.925796809343953,-324.5223728807741,-7.467164049504175,0.14285022168312894,-0.01052471232082551,-0.0013166836101845547,0.08333333333333333,0.0,4.583333333333333,5.010083157895103,1.9315697983955933,0,0,0
S5_p000_t019_s217579570,2026-09-23T11:11:00Z,S5,0,1,0,0,77c55eef3f06cfb1a7630ed18e64afa3f0538e2137f6559c67c3df97ac078011,12000,16,1,180000,0.8239755024852166,1,0.01289908891339108,0.011825340334323904,0,1,173761,0.0,-2.9390441858682226,-319.9390365966622,-7.418671414519541,0.07697513187631619,0.001523854194459788,0.0001907240671243926,0.08333333333333333,0.0,351.1666666666667,4.858406648148517,2.3701358277362297,0,0,0
S5_p000_t020_s99964177,2026-09-23T11:11:30Z,S5,0,1,0,0,22c9b77a940a5e0ac5dc5e8b0cb340cd9aa68088cdebcfdf329cf698d0013b4b,12000,16,1,180000,0.8232150060713046,1,0.013065536883590323,0.011430700011323071,0,1,173555,0.0,-2.949761256470854,-337.1057190019055,-7.408513858943371,0.18248781459057253,0.005153734595532079,0.0006439745989155199,0.08333333333333333,0.0,0.0,4.67709690538042,2.279117745509312,0,0,0
S5_p000_t021_s490683040,2026-09-23T11:11:45Z,S5,0,1,0,0,07944456805016e6c2f238592ba95d50d0fc1881abd8f0bc4eb0f6e544faa873,12000,16,1,180000,0.8237413949346469,1,0.011226014368468078,0.01184653938728869,0,1,173553,0.0,-2.9371181270758173,-337.27241136334305,-7.422768773628963,0.1174163042029648,-0.0016844863858280178,-0.00021047825839559664,0.08333333333333333,0.0,0.0,4.695601451754941,2.2587271500737014,0,0,0
S5_p000_t022_s1940961689,2026-09-23T11:12:00Z,S5,0,1,0,0,e85f5b5ebe1090501c8f3bb33dadd681eb2a8583f3d6795cdf00704816baef12,12000,16,1,180000,0.8237701590229908,1,0.012597752602940443,0.01222168085676451,0,1,173483,0.0,-2.9482772326494002,-343.1056588184335,-7.4083498872896625,0.16729168086582058,-0.002746226094279382,-0.0003429514608797035,0.08333333333333333,0.0,0.4166666666666667,5.3100036898370515,1.8749858058696716,0,0,0
S5_p000_t023_s1454648504,2026-09-23T11:12:15Z,S5,0,1,0,0,e2dcc76a37f37d7b073e6c7c4d4bbb19d87a74012da7c83919c2f64648603297,12000,16,1,180000,0.8232360291588698,1,0.01139375576486052,0.012221680856764509,0,1,173488,0.0,-2.9540440444630023,-342.6890390297552,-7.396914994396381,0.10903701826989043,0.02044295916806371,0.002553039398662804,0.08333333333333333,0.0,2.916666666666667,5.04438295963521,2.1723303523370157,0,0,0
S5_p000_t024_s558398644,2026-09-23T11:12:30Z,S5,0,1,0,0,47e52bfefd5a028e45b5bed4e9690cffebd7e4d530173ed5f940bf2bef8fcca9,12000,16,1,180000,0.8076344566210547,1,0.011694589508761032,0.011320390480114302,0,1,173523,0.0,-3.0727673350623514,-339.7723311732091,-6.615241848557619,0.28289909863137785,-0.006178698378835194,-0.0007718491801824712,9.416666666666666,0.0,0.0,13.975431259883646,2.294850854055642,0,0,0
S5_p000_t025_s1286326493,2026-09-23T11:12:45Z,S5,0,1,0,0,86d5de4b139aa9ccfe25d8ad13ac6d52eedd38b1e0e94e3a243d54b8bdf8e0b3,12000,16,1,180000,0.911445558539887,1,0.012082625467512126,0.011438325274920134,0,1,173603,0.0,-2.846533024689198,-333.07503469373296,-8.102491419952996,0.12287976758316486,-0.0004747966119292276,-5.935005128776538e-05,0.08333333333333333,0.0,3.3333333333333335,4.875728236628228,2.190017806353416,0,0,0
S5_p000_t026_s905618129,2026-09-23T11:13:00Z,S5,0,1,0,0,d7de2d9a7f197674db42879a27213e6feb132898109b9672186bd90eeb7f818b,12000,16,1,180000,0.9116206400946394,1,0.013617541907652417,0.013039589560558134,0,1,173643,0.0,-2.838898854529443,-329.7416962580567,-8.110987991584564,0.1208237241554628,-0.0014485093832677836,-0.00018112306179318693,0.08333333333333333,0.0,0.0,4.775760165276283,2.503294467980679,0,0,0
S5_p000_t027_s649442228,2026-09-23T11:13:15Z,S5,0,1,0,0,8193ac24552d16b97272f3e3885c6f81f9d45835a7c455495b504c1f165e8734,12000,16,1,180000,0.9119573721083376,1,0.011530544206176425,0.01321816363286422,0,1,173569,0.0,-2.830473886027749,-335.9083628674016,-8.125151112517182,0.11733719293961052,-0.001753750740229781,-0.00021916096875429503,0.08333333333333333,0.0,0.4166666666666667,4.813046636935352,2.8614589297992943,0,0,0
S5_p000_t028_s1033628820,2026-09-23T11:13:30Z,S5,0,1,0,0,6388a39682738af1fb458c0eb6b0eeffe1c84ace31bf6502d539da9714d3bbca,12000,16,1,180000,0.9118937529587523,1,0.012812474886973773,0.01321816363286422,0,1,173574,0.0,-2.8321041192247205,-335.49167177273256,-8.136730329923855,0.10090496539571644,0.0018519308770696,0.00023143950556914206,0.08333333333333333,0.0,2.1666666666666665,4.663130314794403,2.2535644499808374,0,0,0
S5_p000_t029_s815515411,2026-09-23T11:13:45Z,S5,0,1,0,0,ea157b14b5bbf54eb85c1fe26c3ee648a18d9aa24b50b5af86eaa954300ad11e,12000,16,1,180000,0.9109024182953505,1,0.011683126560819355,0.010522630375740043,0,1,173600,0.0,-2.864105526927916,-333.3250367556769,-8.069065898067699,0.16637917877167985,0.0012850239894588358,0.00016062542863437557,0.08333333333333333,0.0,6.25,4.70686977812758,2.441305572679627,0,0,0
S5_p000_t030_s1593614182,2026-09-23T11:14:00Z,S5,0,1,0,0,57f8b8bd177310b8127b3adb8472204b6a8f9b13abd8961cc310d58a55d0221e,12000,16,1,180000,0.9113654038108119,1,0.01149900397817144,0.011381903972451344,0,1,173675,0.0,-2.8400495462669717,-327.0750345320424,-8.094182096956322,0.1337358110730565,-0.0007508206571864472,-9.390739205628051e-05,0.08333333333333333,0.0,0.0,4.7527765201654475,2.1276832989384613,0,0,0
S5_p000_t031_s1722507941,2026-09-23T11:14:15Z,S5,0,1,0,0,32465a56eca1d7f384de88ecd9809f30bd88dcb97e8e5b6814e9115ed9577574,12000,16,1,180000,0.9113384367858812,1,0.012243913204687543,0.011381903972451344,0,1,173640,0.0,-2.848791981784389,-329.9916751072511,-8.103835408325585,0.1811121960433405,0.0020387680039361785,0.00025492347367617185,0.08333333333333333,0.0,2.916666666666667,4.619525199385739,3.1785598660060477,0,0,0
S5_p000_t032_s1695726775,2026-09-23T11:14:30Z,S5,0,1,0,0,26ee0aa7eb84b9889bab67386140beabafc7ca1b2811adf45b6defd1add83371,12000,16,1,180000,0.911191023726887,1,0.011462616917489317,0.011266541992162515,0,1,173675,0.0,-2.856896607741594,-327.0750487832417,-8.081121576288933,0.14316209336467792,0.00401678888415216,0.000502391836107563,0.08333333333333333,0.0,0.0,4.7319877682778175,2.258873057760497,0,0,0
S5_p000_t033_s51254525,2026-09-23T11:14:45Z,S5,0,1,0,0,90a0167cd3bea7e9b2d49eac3e2e270e229b755d348b4c5f2c8cefd14fd48064,12000,16,1,180000,0.911351047930521,1,0.011047324243472384,0.011266541992162515,0,1,173599,0.0,-2.84669286624124,-333.40835119007653,-8.096712401632276,0.12845436196873955,-0.00018935741974604353,-2.3669109395996202e-05,0.08333333333333333,0.0,0.0,5.00032589464106,2.2370480975626013,0,0,0
S5_p000_t034_s1745018624,2026-09-23T11:15:00Z,S5,0,1,0,0,6f2a229f557b393e180b0f87a1e88e0a21f58413b82cab21890e925b31f14552,12000,16,1,180000,0.910511996453596,1,0.01224766446717727,0.01173937934108169,0,1,173571,0.0,-2.8739739363468764,-335.7416870933078,-8.054751288242445,0.11324992374462974,0.0011096420057068917,0.00013867085181118455,0.08333333333333333,0.0,10.25,4.65730493581299,1.9461726282396887,0,0,0
S5_p000_t035_s977203227,2026-09-23T11:15:15Z,S5,0,1,0,0,5d1571fc2cb083992fe61f536cb4a25e6951c1eb04303a47ce4b2ba55f4fab88,12000,16,1,180000,0.9116809834765598,1,0.012552393774135088,0.011906754434669618,0,1,173694,0.0,-2.839298844555143,-325.4916946020312,-8.112329743755636,0.11404823466244661,-0.002199997878496208,-0.0002752021346168476,0.08333333333333333,0.0,0.0,5.385473006910443,2.1240808510733467,0,0,0
S5_p000_t036_s2083372684,2026-09-23T11:15:30Z,S5,0,1,0,0,f2d6907733be5a6561b852ec1a4b72aaffb4e35c6134e5c96d7dbb087a4de581,12000,16,1,180000,0.9115536212419624,1,0.011545837178898599,0.011941561547457529,0,1,173594,0.0,-2.844405315692441,-333.8250437559806,-8.101799589600523,0.13417913599839282,-0.0015548208673788928,-0.00019434016985542257,0.08333333333333333,0.0,3.5,5.424439140435201,2.2839960973931523,0,0,0
S5_p000_t037_s1544718727,2026-09-23T11:15:45Z,S5,0,1,0,0,2c8b1205fa6c30292bc82e4503590e493c3f953bb477cf9ca685161ad6b1d6ad,12000,16,1,180000,0.9109557652504708,1,0.012214592543340425,0.011941561547457529,0,1,173636,0.0,-2.8632419967108746,-330.32504129948757,-8.068531879166105,0.15728906250935412,0.0002604676798637172,3.256731588408002e-05,0.08333333333333333,0.0,0.0,4.600806258569053,1.914763540908388,0,0,0
S5_p000_t038_s894361021,2026-09-23T11:16:00Z,S5,0,1,0,0,2b05e918612896631831809e654b18e72a4048e5b4c3186583fb24b3bcc580a7,12000,16,1,180000,0.9111736830900858,1,0.01188017154147079,0.01152536370534649,0,1,173578,0.0,-2.8529877658486664,-335.1583747880886,-8.085396424097775,0.1203556672136054,-0.00021327865438543724,-2.6654713110474404e-05,0.08333333333333333,0.0,0.5,4.64603298152406,2.1260503569240186,0,0,0
S5_p000_t039_s819664372,2026-09-23T11:16:15Z,S5,0,1,0,0,0b6077ef31713ecfdc9cfac548e0bf1ecafa3be49fc144060ec1090c2d585d60,12000,16,1,180000,0.9117427316922425,1,0.012245937791536973,0.011299748597758093,0,1,173584,0.0,-2.833817454471613,-334.658346452954,-8.127768505342887,0.18454162671017543,0.006974629099890485,0.0008717030941625126,0.08333333333333333,0.0,369.25,4.7806418448791295,2.645293732987035,0,0,0
S5_p000_t040_s857399851,2026-09-23T11:16:45Z,S5,0,1,0,0,e0b65f8dbcd07758a96b1b9b76a4764b2a0efdf37d9d45f31640e161115679f0,12000,16,1,180000,0.7873870420833693,1,0.011640871480381398,0.011434955377139051,0,1,173647,0.0,-2.90695447785005,-329.38866275808084,-7.548419607006059,0.15016585824270498,-0.005207561390535875,-0.0006511795140795584,0.08333333333333333,0.0,0.0,5.099624723200912,2.3715975315498996,0,0,0
S5_p000_t041_s1795049623,2026-09-23T11:17:00Z,S5,0,1,0,0,99731c7c994b3136620edcb16907cf7a30c0a55e0f8a07d1e5d7c73a99ea51a4,12000,16,1,180000,0.7865961774094862,1,0.011747636142303447,0.011434955377139051,0,1,173606,0.0,-2.926469315523609,-332.8053912053668,-7.496216972905585,0.1461211657742794,-0.011965435841969456,-0.00149572734198955,0.08333333333333333,0.0,0.0,4.827829179673588,2.6588675721245703,0,0,0
S5_p000_t042_s190457367,2026-09-23T11:17:15Z,S5,0,1,0,0,da76081c453571c5a8b99c9fdf02d47be63e6556b2a6c46c109819a0c5b39c31,12000,16,1,180000,0.7857494221096707,1,0.01181293370124819,0.01107464873018137,0,1,173575,0.0,-2.936427909677914,-335.3887103629016,-7.506129712723835,0.15748967009271875,0.0045783544647361235,0.0005721706925214676,0.08333333333333333,0.0,5.0,5.00551036521101,2.31211975838387,0,0,0
S5_p000_t043_s1463994837,2026-09-23T11:17:30Z,S5,0,1,0,0,1a98ffdc39551fe9f0a20ea291952f192709189d715e384d7cd08096d75da410,12000,16,1,180000,0.7872579726434896,1,0.011469550819174643,0.011512522855102006,0,1,173635,0.0,-2.9153259764010446,-330.38873658628046,-7.532060036956817,0.12411744090202495,0.009612072773373913,0.0012018262950732606,0.08333333333333333,0.0,0.5,4.903620379620361,2.1877115536418246,0,0,0
S5_p000_t044_s1305633241,2026-09-23T11:17:45Z,S5,0,1,0,0,511e114a1ac5496cc422d4d216b4c1aa1bf9a1ba177f249fa9024c6aeb29eb71,12000,16,1,180000,0.7858837237402211,1,0.01139653791974153,0.011678784634285913,0,1,173641,0.0,-2.9346626446827595,-329.8886910765892,-7.505342469450116,0.1477463585993191,-0.006813173605184149,-0.0008519124144186208,0.08333333333333333,0.0,0.0,4.848232455092473,2.280445086899319,0,0,0
S5_p000_t045_s641567673,2026-09-23T11:18:00Z,S5,0,1,0,0,46ee65e199f35a244ab812428b611198c0a8a8a231f3565d0fc80b97f8fac04a,12000,16,1,180000,0.7861097815218251,1,0.01256498928064293,0.011678784634285915,0,1,173561,0.0,-2.9277452117419633,-336.5553606089894,-7.533664117668074,0.20185699889386477,0.004933860166067599,0.0006165302324916411,0.08333333333333333,0.0,5.583333333333333,4.812573943714652,2.585484840722442,0,0,0
S5_p000_t046_s342352341,2026-09-23T11:18:15Z,S5,0,1,0,0,fa69ea05a4777b71edb9488846f363f28f112c15441888c6ca558b0dc8405653,12000,16,1,180000,0.7855880924670525,1,0.013764208120836074,0.011684347577656472,0,1,173628,0.0,-2.9443564487583336,-330.97212132944577,-7.487773486292467,0.1329767294252664,0.006952801862289027,0.0008692810056345479,0.08333333333333333,0.0,0.0,4.749595502527701,2.121103020202437,0,0,0
S5_p000_t047_s1976295519,2026-09-23T11:18:30Z,S5,0,1,0,0,ca2a20fbb57ce2337d26b8d8e57959bbd6f85d43c43dc68caea8cf9cffb38a69,12000,16,1,180000,0.7860163650758514,1,0.013046350162558234,0.012438424080307056,0,1,173583,0.0,-2.927943122429016,-334.7220182224076,-7.523881261992211,0.10336549747313742,0.00047018502303472357,5.876419436390279e-05,0.08333333333333333,0.0,7.333333333333333,5.291072749083164,2.1321750495392426,0,0,0
S5_p000_t048_s26274461,2026-09-23T11:18:45Z,S5,0,1,0,0,650e7514c007daf883f46f07543fc411c46b5512e2bab33a07753a05418419e6,12000,16,1,180000,0.7857228122395925,1,0.013136253857688936,0.012438424080307056,0,1,173671,0.0,-2.937182852728906,-327.38874050298307,-7.488255548749186,0.12279587068934736,-0.003383658079642875,-0.00042319073236285476,0.08333333333333333,0.0,0.0,4.9760535640278265,2.638574953086893,0,0,0
S5_p000_t049_s1345419483,2026-09-23T11:19:00Z,S5,0,1,0,0,d8e65513af9a2ee612aff35ff79e29e91dd15eb716e65ed1928eb9360f6b916d,12000,16,1,180000,0.7870864069336797,1,0.011891546007622834,0.013085355031554318,0,1,173584,0.0,-2.9109185829769793,-334.638701148336,-7.556222498852776,0.15221145777435882,-0.007346859509083455,-0.0009182251951642684,0.08333333333333333,0.0,0.0,4.98264358514594,2.3450076982271932,0,0,0
S5_p000_t050_s99021969,2026-09-23T11:19:15Z,S5,0,1,0,0,3206a4662f9c99070602634c64ddf870e9ca19078bd814823a13d6966609fb51,12000,16,1,180000,0.7864784354536976,1,0.011121615232727425,0.013085355031554316,0,1,173581,0.0,-2.9256452880374306,-334.8886976139893,-7.524294849226089,0.18351972156238622,0.014031239226637392,0.0017536102473059145,0.08333333333333333,0.0,0.0,5.166295903796245,2.477788023162188,0,0,0
S5_p000_t051_s1479934108,2026-09-23T11:19:30Z,S5,0,1,0,0,c04da3992d096ef644ef75212834e3eafdfdc2391fdd3f6fab2bad1b7b34595c,12000,16,1,180000,0.7861136870124759,1,0.012043656150872054,0.011074855641030328,0,1,173567,0.0,-2.9343599410682852,-336.055386922398,-7.496655383923483,0.14245471077202815,0.007487921833667059,0.000935728151944204,0.08333333333333333,0.0,6.333333333333333,5.099170082069616,2.784061116725898,0,0,0
S5_p000_t052_s394618325,2026-09-23T11:19:45Z,S5,0,1,0,0,1f235787c18f8489c41c6545b1da16e4580b3c71452d74b47a36cf7433865c47,12000,16,1,180000,0.7855962516969703,1,0.012363829190343633,0.01454022921144404,0,1,173643,0.0,-2.945619761726534,-329.72208706741065,-7.470703583862045,0.17029357240704057,0.0018486213498730565,0.00023115346220947686,0.08333333333333333,0.0,0.0,4.775464671208792,2.3373982982886305,0,0,0
S5_p000_t053_s628411764,2026-09-23T11:20:00Z,S5,0,1,0,0,c40af2cda94566ac55071f3c94d82cd09c1e09c106384b9f3c66c6342dad7f04,12000,16,1,180000,0.7870759791822903,1,0.012051277599281214,0.014540229211444043,0,1,173614,0.0,-2.917255024664919,-332.13873415823457,-7.526102767220828,0.1399939279821578,-0.0026239354478426306,-0.0003280234182057029,0.08333333333333333,0.0,0.0,5.020069375253903,2.021210242991485,0,0,0
S5_p000_t054_s100976213,2026-09-23T11:20:15Z,S5,0,1,0,0,edba8fe2c55447c027dbd326698729031f9320ed622d5962f2240f856632cb47,12000,16,1,180000,0.6427517073743142,1,0.012382430092994988,0.012025786238237553,0,1,173716,0.0,-5.896426240568511,-323.6583780679387,1.2505567813398368,52.73110927686964,997.2054378753733,124.76436115433944,9.75,0.0,0.0,9.662584562196255,9.061514637945255,0,0,0
S5_p000_t055_s419571874,2026-09-23T11:20:30Z,S5,0,1,0,0,a19396e46e08a9cccb754096be0992bf1d6d107ace03e6d2ca5e5a11a014c225,12000,16,1,180000,0.9103443099373639,1,0.011940390052051948,0.010819566177967187,0,1,173687,0.0,-2.881094121483664,-326.07503418057183,-8.037772538000269,0.14269966455092714,-0.000938584935434744,-0.00011740289664885495,0.08333333333333333,0.0,8.583333333333334,4.9014077520109405,2.0843883700744685,0,0,0
S5_p000_t056_s1428634269,2026-09-23T11:20:45Z,S5,0,1,0,0,014b94bd0dea4c1f2c0fe8cb5c7adf2175beccd830e5bcb31ccd801059610982,12000,16,1,180000,0.9113471247114353,1,0.011346805965763948,0.011368428910441425,0,1,173790,0.0,-2.8369200184068473,-317.4916868484585,-8.101082186956926,0.13984299523003832,0.004672591171801142,0.0005849523436154414,0.08333333333333333,0.0,0.0,5.0519417132915585,2.1204885582937885,0,0,0
S5_p000_t057_s329242616,2026-09-23T11:21:00Z,S5,0,1,0,0,593ae1ba3a8f79f74369adc017d7b51ccaeef635a960603b10bcc66e917665cf,12000,16,1,180000,0.9116985953242087,1,0.011071490340513258,0.01152206920284912,0,1,173788,0.0,-2.8378239113341492,-317.6583719034139,-8.108889491132238,0.1359038580470349,0.001406329009708501,0.0001760527034093684,0.08333333333333333,0.0,0.0,4.834300919054536,2.1341339305390408,0,0,0
S5_p000_t058_s2110013045,2026-09-23T11:21:15Z,S5,0,1,0,0,d4dc873ceca3d5965bd23c591dbcf0c7dbc4cb4c01d7676a17722ed7a849fdf4,12000,16,1,180000,0.9110611493384487,1,0.010719511357736978,0.01152206920284912,0,1,173767,0.0,-2.856365213737646,-319.40836219220785,-8.080942168861018,0.12344301826008813,0.0031609886484311863,0.0003956451441808895,0.08333333333333333,0.0,0.0,5.545915921482804,2.6001117123308566,0,0,0
S5_p000_t059_s156085977,2026-09-23T11:21:30Z,S5,0,1,0,0,35acd1435dc8a9d9f168575ca8709543838d0e5c758d03042e5a0b3759400ac3,12000,16,1,180000,0.911521094206512,1,0.012100729154031735,0.011479244942781833,0,1,173708,0.0,-2.8451758903238016,-324.32502834949565,-8.10871197048179,0.1540214514585338,0.002347781382773519,0.0002937215376732638,0.08333333333333333,0.0,351.6666666666667,4.765648655827604,2.1110325144455127,0,0,0
S5_p001_t000_s1885087324,2026-09-23T11:22:00Z,S5,1,1,0,0,59ada2b2e0ab31d21b57db06aab2972e6244d48bce205f12cc2e44631afac5fe,12000,16,1,180000,0.9113626404036462,1,0.011812736164330552,0.011612135066804708,0,1,173445,0.0,-2.8500615528072197,-346.24170013800057,-8.099109695614887,0.160897784421304,-0.0032122964206123526,-0.00040103272203850793,0.08333333333333333,0.0,5.833333333333334,4.662734311429757,2.6017407385170292,0,0,0
S5_p001_t001_s1655700015,2026-09-23T11:22:15Z,S5,1,1,0,0,f1b735dde4bd063d4c62a80d33a577f3ff5f6ef1da3ee0b4f9536efa97a80575,12000,16,1,180000,0.9119248209393125,1,0.013138636122779008,0.011758077236549454,0,1,173515,0.0,-2.8291019112035505,-340.40835588670353,-8.136050998934103,0.160592183584357,-0.004785250779110288,-0.0005977400305710034,0.08333333333333333,0.0,0.0,4.523393052062317,2.0933661633025347,0,0,0
S5_p001_t002_s1021903553,2026-09-23T11:22:30Z,S5,1,1,0,0,a34a925c697ae5d8eec5a6406a5e48b3fbcf6fcd301ede172d8ed73cbae660ca,12000,16,1,180000,0.9107857218457478,1,0.012180469158637287,0.011758077236549456,0,1,173436,0.0,-2.865687420511226,-346.99168804421606,-8.06860426126019,0.11680429982111379,0.0017737037233462331,0.00022141853060020367,0.08333333333333333,0.0,9.25,4.861131189138048,2.1510926308134795,0,0,0
S5_p001_t003_s1644975509,2026-09-23T11:22:45Z,S5,1,1,0,0,d3d66f054fbd1a7944b7cb8c7abb42fe32bd29d067e73e87be6ed4863b662c2a,12000,16,1,180000,0.9120665343462916,1,0.012166567508687772,0.011663593173974689,0,1,173547,0.0,-2.8247020239887837,-337.74167391383463,-8.142265845405657,0.17759809264284793,-0.0032916376924946437,-0.0004112736714887433,0.08333333333333333,0.0,0.0,4.7360226094929505,2.328884783670635,0,0,0
S5_p001_t004_s1168327485,2026-09-23T11:23:00Z,S5,1,1,0,0,aaca30c02191fc209d577f4df5f2314527736ab650fc84c00014a0e042292d86,12000,16,1,180000,0.9119770242395938,1,0.011276152391159503,0.01066601118346451,0,1,173463,0.0,-2.8291904567088935,-344.74168806690676,-8.13104194449139,0.18643460007410811,-0.003439957333897376,-0.00042951651266776025,0.08333333333333333,0.0,0.0,4.659751378923756,2.3954385337712085,0,0,0
S5_p001_t005_s821699653,2026-09-23T11:23:15Z,S5,1,1,0,0,8bcb1612a8e91b85d86a4905b4d895ed50540a92af55b994091df6f091eae087,12000,16,1,180000,0.9113035051666188,1,0.011412566434865287,0.012058580066831297,0,1,173438,0.0,-2.8466178036224816,-346.8250300216872,-8.096436690215596,0.15462823854764077,-0.0019299134350952813,-0.00024092267358355457,0.08333333333333333,0.0,6.583333333333333,4.904234271275562,2.162969907121052,0,0,0
S5_p001_t006_s1390326187,2026-09-23T11:23:30Z,S5,1,1,0,0,000e8754438782c8393b48f745c9a7baf243d62c70ddb0b9410916ad4f53bd86,12000,16,1,180000,0.9118761618423338,1,0.011665011179517695,0.012058580066831297,0,1,173517,0.0,-2.8263622984300794,-340.2416896865349,-8.13098071541,0.10681864066750121,-0.0030750451010447097,-0.00038411925879699993,0.08333333333333333,0.0,3.0833333333333335,4.806869061991872,2.84346985340333,0,0,0
S5_p001_t007_s62755090,2026-09-23T11:23:45Z,S5,1,1,0,0,13835f5e27600ca4e21a40ce0817997c8a67ad68e296d532cd207369f701b335,12000,16,1,180000,0.911087685400289,1,0.012077265480933293,0.011815804920647007,0,1,173554,0.0,-2.8548859351204765,-337.1583455985886,-8.087969874636775,0.14423023650489283,0.002761296980684159,0.00034502958033044706,0.08333333333333333,0.0,0.0,5.273363555316745,2.254948667942682,0,0,0
S5_p001_t008_s1060521833,2026-09-23T11:24:00Z,S5,1,1,0,0,ff6343b39d3353d8a12bab6a75346d7f63596e3c2eb5eec5c086c850e2c44a5b,12000,16,1,180000,0.5445668948019998,1,0.01317464336850829,0.01181528906755367,0,1,173667,0.0,-6.535464745081426,-327.7726296603747,2.31586799399435,52.7869806501766,964.5633880349804,120.63312012459483,9.416666666666666,0.0,0.0,8.083983719242516,8.111140680710529,0,0,0
S5_p001_t009_s589950212,2026-09-23T11:24:15Z,S5,1,1,0,0,7097b04025036f099daf166ca8279536d1eddc007a9721afede27eacd75e4f5c,12000,16,1,180000,0.8239162558429977,1,0.012698773693253762,0.012572497355329351,0,1,173589,0.0,-2.9323407935424934,-334.2724175620636,-7.425254247421039,0.1403647499650002,0.009440983082595633,0.0011800001525443804,0.08333333333333333,0.0,4.333333333333333,5.22935771172407,2.0369892119221737,0,0,0
S5_p001_t010_s1305069655,2026-09-23T11:24:30Z,S5,1,1,0,0,50b73d9386191f98ffdfbd99030c50ae9c7cc7bae34ff6ad60e441229c462346,12000,16,1,180000,0.8237324401768654,1,0.01176342426190548,0.01257249735532935,0,1,173641,0.0,-2.9488268172547176,-329.93900337662126,-7.398931536282233,0.12417563001845633,-0.003661144904004147,-0.0004577858976517746,0.08333333333333333,0.0,0.0,5.313342750393601,2.42418107699296,0,0,0
S5_p001_t011_s28593644,2026-09-23T11:24:45Z,S5,1,1,0,0,e5bcb495116340d1942473477aa0c63e96d843ab92e673a85abf76849fcb5f24,12000,16,1,180000,0.8232657877063163,1,0.011188579608424957,0.011370134432934819,0,1,173595,0.0,-2.95645249773514,-333.77236868359614,-7.396765677163085,0.12111999097765015,-0.0009165850174845545,-0.00011456671109044692,0.08333333333333333,0.0,3.833333333333333,5.185703275010678,2.015434505311142,0,0,0
S5_p001_t012_s1865301797,2026-09-23T11:25:00Z,S5,1,1,0,0,a64bf876f9c63a50f449bf4d28ccdee0d333d3d1cf93f3987a9e3942c35fcf79,12000,16,1,180000,0.8234954109802686,1,0.011336805684437769,0.011697493707701075,0,1,173641,0.0,-2.951518829194952,-329.9390056597664,-7.40495131994097,0.15346816131983793,-0.003714893924963023,-0.00046450662148345145,0.08333333333333333,0.0,0.0,4.957619847667291,2.839223406860159,0,0,0
S5_p001_t013_s2060094721,2026-09-23T11:25:15Z,S5,1,1,0,0,2b03cdc9b810d96fa693a039fe72c9c078c6c4530b9621aa65863401c7e0c764,12000,16,1,180000,0.8234870317132146,1,0.012430076998768165,0.011697493707701073,0,1,173620,0.0,-2.951127801642726,-331.68902545908895,-7.403654006403676,0.11550450877893083,-0.00451060071105355,-0.0005639062796944927,0.08333333333333333,0.0,0.0,4.7371140143301576,1.9497998679472444,0,0,0
S5_p001_t014_s1948411728,2026-09-23T11:25:30Z,S5,1,1,0,0,204e41900e7d3b9caa01d7342c76d7cec33dbb1a53cddcd45e26e4abc8d6dd27,12000,16,1,180000,0.8242288077228224,1,0.011657748289885184,0.010943740424339411,0,1,173614,0.0,-2.927998647289841,-332.1890505339264,-7.431382628190128,0.108872045686222,0.008005108778727257,0.0010007346586462518,0.08333333333333333,0.0,0.0,5.032685252583168,1.9471359063700708,0,0,0
S5_p001_t015_s391197292,2026-09-23T11:25:45Z,S5,1,1,0,0,4ef0cbb0262f6f790acf3b35ac5d6ef71e694f61a6c9adc4b6748082a835aecc,12000,16,1,180000,0.8236116141855141,1,0.01161191618375435,0.010943740424339411,0,1,173581,0.0,-2.9483171528528196,-334.9390300736128,-7.402321682890365,0.12322772612079592,0.005487137747745829,0.000685776988575526,0.08333333333333333,0.0,6.583333333333333,5.055501431932747,1.9399288781477182,0,0,0
S5_p001_t016_s1222798800,2026-09-23T11:26:00Z,S5,1,1,0,0,495b7ab6278415531006cdd276bd32748f5277ed444c69e70ff535d3117da502,12000,16,1,180000,0.8249275656299061,1,0.0122439439131624,0.01155165604757784,0,1,173660,0.0,-2.9220688971136886,-328.35570608842255,-7.456808325291178,0.14160984466631435,-0.00784810064564867,-0.0009814677705435315,0.08333333333333333,0.0,0.0,4.9295269226629586,2.0683041376260975,0,0,0
S5_p001_t017_s1741812164,2026-09-23T11:26:15Z,S5,1,1,0,0,e0b818db7b2bc073bf7b24511aa03395d636eb966760f3bb5644a57740038d15,12000,16,1,180000,0.8239188848401008,1,0.012170627823081231,0.011551656047577838,0,1,173653,0.0,-2.9502773813084673,-328.93898442736156,-7.411592320718977,0.1823530999376069,-0.002589470282786563,-0.00032381584833274246,0.08333333333333333,0.0,1.25,4.794786243186924,2.2904061195837713,0,0,0
S5_p001_t018_s761716013,2026-09-23T11:26:30Z,S5,1,1,0,0,4f352717d7ad50db4482c71c3b668d812f81650e94bb9510388667225cf5dd57,12000,16,1,180000,0.8237696986200593,1,0.012624923541662758,0.011175487216593947,0,1,173668,0.0,-2.9343873136019094,-327.6890942197576,-7.434714695649733,0.11989550537300306,-0.01243620066585083,-0.0015553458724753,0.08333333333333333,0.0,0.0,4.986464253366923,2.854201432642804,0,0,0
S5_p001_t019_s1418527271,2026-09-23T11:26:45Z,S5,1,1,0,0,d9d8e1c279adad1ee015e0ecc963b5fc99838294850d838cb2445f502c3f0980,12000,16,1,180000,0.8248333940397556,1,0.010766538717810699,0.011217996666343173,0,1,173626,0.0,-2.92367006788167,-331.1890318571519,-7.448230715115063,0.11951277513384166,-0.00500523098575617,-0.0006257739987631794,0.08333333333333333,0.0,350.41666666666663,5.088648626048477,2.2594459652259067,0,0,0
S5_p001_t020_s783127692,2026-09-23T11:27:15Z,S5,1,1,0,0,03c71f4b7b508449b2a1a324863fe8d4a7bafce47b7d4f46889e2f4329a773c0,12000,16,1,180000,0.8237962031429771,1,0.012354515731189645,0.01130698512478443,0,1,173493,0.0,-2.944016685866444,-342.2723652367974,-7.414737647963113,0.16095306393278916,-0.006694920685566825,-0.0008361353393411264,0.08333333333333333,0.0,0.0,4.794033685325488,2.11343433834844,0,0,0
S5_p001_t021_s1964437265,2026-09-23T11:27:30Z,S5,1,1,0,0,366f242be300ed9407995ef91e177214c3f287fd579b56125c3725b1bc29bbfb,12000,16,1,180000,0.824315138177019,1,0.01252944819692221,0.01130698512478443,0,1,173474,0.0,-2.935603292465205,-343.8556908916065,-7.42889619375949,0.12720447995058048,0.007611174453457452,0.000950422576352139,0.08333333333333333,0.0,5.833333333333334,5.145448562887558,1.8165161338158429,0,0,0
S5_p001_t022_s957459067,2026-09-23T11:27:45Z,S5,1,1,0,0,0d6d7679bb1c3a419dcae715a0efe0a4189b93c540a478d562a9077a812fe67d,12000,16,1,180000,0.5519122031195461,1,0.012275457856754986,0.011415151531325126,0,1,173544,0.0,-6.381979086741288,-338.0223459637479,2.051122791673563,41.69631978572468,925.2555975169512,115.60328486496292,9.083333333333334,0.0,0.0,10.581923856271967,8.328943473099637,0,0,0
S5_p001_t023_s8860321,2026-09-23T11:28:00Z,S5,1,1,0,0,3d7926e63bc4824648847e3128cf9a08fe3c50c9b9b45c12d1090c8cd2c07355,12000,16,1,180000,0.7848957815364771,1,0.012671337751519266,0.011415151531325125,0,1,173590,0.0,-2.943318633374619,-334.1386690100887,-7.491904420832951,0.17197724060887623,0.0002768715609418568,3.46056226590008e-05,0.08333333333333333,0.0,5.083333333333333,5.193077385785981,2.5441533747491496,0,0,0
S5_p001_t024_s1947352502,2026-09-23T11:28:15Z,S5,1,1,0,0,b39e172343789c1ab9e93747357cc22d14ed9577c5fb009ccafa931563cbd154,12000,16,1,180000,0.7852835568453421,1,0.012012158111728953,0.011692016999606968,0,1,173651,0.0,-2.9491042756277515,-329.05543703792983,-7.489977687744629,0.12365367325121865,0.004353026241402744,0.0005443415784611716,0.08333333333333333,0.0,0.0,4.7289549226381045,2.1716421537032886,0,0,0
S5_p001_t025_s530962326,2026-09-23T11:28:30Z,S5,1,1,0,0,49d9b0a34c0e7110ff5828f74581df7dd2df6d9141fa5a6a17f161e0bbe1de18,12000,16,1,180000,0.7851290150097074,1,0.012360700264207347,0.011754246126400688,0,1,173557,0.0,-2.9503040263540865,-336.8887338063917,-7.485873835433905,0.1095074390065921,0.004750931407722601,0.0005936526340519777,0.08333333333333333,0.0,3.9166666666666665,4.758420207797371,2.3140973386252752,0,0,0
S5_p001_t026_s1487894653,2026-09-23T11:28:45Z,S5,1,1,0,0,2ce5878dc2351454571981745fc71f32bb3d1eeff26bced95a3f5d208ba052ae,12000,16,1,180000,0.7873091382977877,1,0.011580694363721413,0.011754246126400688,0,1,173604,0.0,-2.918754667295424,-332.97210717610267,-7.535237508330774,0.10854664368602365,-0.0055829385563867994,-0.0006978784854254627,0.08333333333333333,0.0,0.0,4.745281351114364,2.5411716710678114,0,0,0
S5_p001_t027_s336917293,2026-09-23T11:29:00Z,S5,1,1,0,0,68476368899f82ec7c9e80fbe17d48a8448111ef48287abb67dd7eff691e0a79,12000,16,1,180000,0.7869853595388993,1,0.01170524099559852,0.011497097383666202,0,1,173579,0.0,-2.9112953843821003,-335.0553576684567,-7.544481168840863,0.18142766555490464,0.008308586834902333,0.0010383822568655887,0.08333333333333333,0.0,2.416666666666667,5.097748962499792,2.3830557691989886,0,0,0
S5_p001_t028_s362942692,2026-09-23T11:29:15Z,S5,1,1,0,0,563701660bee6a6c164c7c60e64c987fe6858cc78c1a0e829bb434be63bade23,12000,16,1,180000,0.7871955633241381,1,0.011908974117806281,0.013794725883134002,0,1,173608,0.0,-2.922485385150736,-332.63877577135463,-7.507784310706934,0.1670405528959792,0.004908005925553836,0.0006135301887297828,0.08333333333333333,0.0,4.083333333333333,4.656771964838032,2.38453204647103,0,0,0
S5_p001_t029_s125804357,2026-09-23T11:29:30Z,S5,1,1,0,0,02d9f7041a761eb311aeeba684f0f10bddeba6981b3bd771262ef9ed7940ffc6,12000,16,1,180000,0.7854377188964309,1,0.012628391440222483,0.013794725883134002,0,1,173657,0.0,-2.9403338657702403,-328.5553937865079,-7.498111805970396,0.10571195088256845,-0.0018294990910086464,-0.0002287880088260863,0.08333333333333333,0.0,0.0,4.959288080385802,2.394741563757926,0,0,0
S5_p001_t030_s1238284527,2026-09-23T11:29:45Z,S5,1,1,0,0,c274f27f9a7522cfa6bcaa2dbdd0f82631208819c93839e8e34c76ff2bf9ae9a,12000,16,1,180000,0.7875955114627596,1,0.012520571103410332,0.012303348513055432,0,1,173601,0.0,-2.9064140024271263,-333.2220529895688,-7.546070850069909,0.08869402652242969,0.007726036604196146,0.000965746849487914,0.08333333333333333,0.0,0.0,5.122495297378309,2.214107710687455,0,0,0
S5_p001_t031_s185959128,2026-09-23T11:30:00Z,S5,1,1,0,0,72f26b90591936ab5defa47b60dc37e5c04dd89ef60b815acb3980a1c9576e81,12000,16,1,180000,0.7874545095417375,1,0.011307283281680321,0.01166365529434014,0,1,173593,0.0,-2.90751523892979,-333.8887368347435,-7.554283920798394,0.16044783875542873,0.005803112790526315,0.0007253368708006747,0.08333333333333333,0.0,5.916666666666666,5.132250426876854,2.388591638887033,0,0,0
S5_p001_t032_s1290207230,2026-09-23T11:30:15Z,S5,1,1,0,0,3dcdb0173da3c182c58886c42d6f01fa90251b5c7d37d4cf4633e424fd99b357,12000,16,1,180000,0.7872683001219707,1,0.0119455909340975,0.01182170195224339,0,1,173664,0.0,-2.9197164698418714,-327.9721175510228,-7.528680534670883,0.10468134177619472,0.013785504685022544,0.0017240427869182895,0.08333333333333333,0.0,0.0,4.544869057560395,1.8320629283463248,0,0,0
S5_p001_t033_s1071658190,2026-09-23T11:30:30Z,S5,1,1,0,0,d2e145059a8a6f5b677287f38c744816d8d2fe167f3756d4fcdc3b1c21eb6401,12000,16,1,180000,0.7858047597100335,1,0.012223113762233014,0.011821701952243394,0,1,173556,0.0,-2.943302437706647,-336.9720844618211,-7.470605289428135,0.15934747668654908,0.01303345631525271,0.001628582500416087,0.08333333333333333,0.0,8.333333333333334,5.354263338536923,2.4302755911580425,0,0,0
S5_p001_t034_s264284341,2026-09-23T11:30:45Z,S5,1,1,0,0,66d9c31580bc3858b50bc41b5f08b0435a3302e4b26f77c08cca420e527ea69d,12000,16,1,180000,0.7875457324010179,1,0.01117465188965104,0.011609161800808964,0,1,173656,0.0,-2.9160515023146347,-328.6387855929667,-7.516554147126701,0.15574072610121367,0.0038103120092461214,0.00047649475800426444,0.08333333333333333,0.0,0.0,5.235089837612914,2.3299244130886727,0,0,0
S5_p001_t035_s1262033904,2026-09-23T11:31:00Z,S5,1,1,0,0,02b32ba06a79780b2d19fbc8e4d71ad383bec7aea7056590dadb516fb7a46b00,12000,16,1,180000,0.7867704780063547,1,0.012470681850191314,0.011250382661086605,0,1,173638,0.0,-2.91905367618282,-330.1386936634377,-7.53428052987756,0.14578084135124683,-0.007306728366669227,-0.0009136040880548535,0.08333333333333333,0.0,0.75,5.050442216092673,2.543489422773666,0,0,0
S5_p001_t036_s1103695776,2026-09-23T11:31:15Z,S5,1,1,0,0,0bba3cc6844a05510e4d6a86954735746f03a3d013e272f2c76872e2babf4f95,12000,16,1,180000,0.7856603348853738,1,0.01299147514744657,0.012791163267020645,0,1,173647,0.0,-2.9426539034587,-329.3887105624186,-7.475154590327474,0.13747297938442396,-0.011995330473000405,-0.0014999560989963356,0.08333333333333333,0.0,1.0833333333333333,4.567061647786667,2.7077352109139063,0,0,0
S5_p001_t037_s1633845900,2026-09-23T11:31:30Z,S5,1,1,0,0,6c67d70db0fa7e86d058de16045546c21029c37d705e13257e3ff719d3475edd,12000,16,1,180000,0.5625463183218613,1,0.01192732854921672,0.012791163267020641,0,1,173660,0.0,-5.805849630963278,-328.3055974818477,1.073661667332726,66.87838118574537,964.3754065638541,120.60285959406247,9.416666666666666,0.0,0.9166666666666666,8.94355156978046,9.15667287935824,0,0,0
S5_p001_t038_s1316886713,2026-09-23T11:31:45Z,S5,1,1,0,0,d99a490471727ff942a19998399c4eed0fc4a4f2f5ac3e3c8c7bab4e495f1160,12000,16,1,180000,0.9253275627610396,1,0.01100770213832597,0.01057359964982943,0,1,173792,0.0,-2.8329659454778384,-317.33858558715474,-8.193791149125849,0.1122464814968894,0.0016656437329663862,0.00020852193893006188,0.08333333333333333,0.0,0.0,5.146526391285593,2.1778853162924596,0,0,0
S5_p001_t039_s1570360091,2026-09-23T11:32:00Z,S5,1,1,0,0,10a1612eab2650e1f3bb32bf4f31c20c0ded2d86926450c14bdb6468ea8641ed,12000,16,1,180000,0.9257024249346465,1,0.011711936409807285,0.011196171779032286,0,1,173707,0.0,-2.805812305551882,-324.42196153610223,-8.227161189194561,0.1416774297522054,-0.0003847939917311181,-4.813965233552153e-05,0.08333333333333333,0.0,356.9166666666667,5.090874633657884,2.478184664935651,0,0,0
S5_p001_t040_s255641872,2026-09-23T11:32:30Z,S5,1,1,0,0,15ae78a53ff7ded19f7141e41b3f0472c3ac273ad6891d202be7f79b46388c9f,12000,16,1,180000,0.9253385611401266,1,0.012025047919854622,0.011607060582618213,0,1,173609,0.0,-2.8371266867103904,-332.58858769632633,-8.197253225944024,0.1122234808706356,0.002504473756663222,0.0003130767508991994,0.08333333333333333,0.0,1.0,5.8885139835602125,2.2582144977121956,0,0,0
S5_p001_t041_s1560381157,2026-09-23T11:32:45Z,S5,1,1,0,0,8a65b60fc07105affce603da6ad207fd305fa64a820526cd619b32d79bb46384,12000,16,1,180000,0.9255646774528585,1,0.013773697726446231,0.01253363199207295,0,1,173621,0.0,-2.829313627308523,-331.5885915549752,-8.217735557023545,0.11819459025385433,0.0008347066568689102,0.00010435419153509429,0.08333333333333333,0.0,2.5,5.261095759056081,2.0913539401491885,0,0,0
S5_p001_t042_s520177207,2026-09-23T11:33:00Z,S5,1,1,0,0,492528d4418b59b12ddee7540394174e9ab9af93414e661b959e3b8b899ce661,12000,16,1,180000,0.9251685099468998,1,0.013481414189087763,0.012533631992072952,0,1,173651,0.0,-2.8311931081329025,-329.08859923234803,-8.185581902415521,0.17291452321616954,-0.004134136579299608,-0.0005169696451048367,0.08333333333333333,0.0,0.0,5.19243487604206,2.2426263076541546,0,0,0
S5_p001_t043_s1065234686,2026-09-23T11:33:15Z,S5,1,1,0,0,9bd8dc9a79bbd9297784d8521938b6bda69bf161a72b1d1bb554201bc500e1a1,12000,16,1,180000,0.9250575573887864,1,0.012023158857776927,0.011682577969342321,0,1,173576,0.0,-2.829527250139172,-335.3386074791312,-8.180218903559645,0.17050924302221274,0.00048095322312432316,6.010664810673916e-05,0.08333333333333333,0.0,2.6666666666666665,4.752720571384944,1.800108818361243,0,0,0
S5_p001_t044_s1775278461,2026-09-23T11:33:30Z,S5,1,1,0,0,63aa56a3808fd8e05ad1b5f526a4c38388d71e247c54c293ef43e7072770264a,12000,16,1,180000,0.9248920893042883,1,0.012655637651962362,0.011823933187721984,0,1,173608,0.0,-2.8395006584033506,-332.67192445548847,-8.167266099031878,0.14461185637705684,0.0001714715238660142,2.143496931239497e-05,0.08333333333333333,0.0,1.6666666666666667,5.738452294016895,2.304580276418281,0,0,0
S5_p001_t045_s1025061940,2026-09-23T11:33:45Z,S5,1,1,0,0,72fd6d41e7b804cda7c19f6aa1a964d559a8da5706d3bae881b6debe264145a0,12000,16,1,180000,0.9256128881646759,1,0.011826002835914876,0.01213097723177856,0,1,173628,0.0,-2.817255638293271,-331.00526175775366,-8.214707626016708,0.1591877476082276,0.0003550746141602436,4.4393558709998615e-05,0.08333333333333333,0.0,3.416666666666667,4.647771939463345,2.286147523275117,0,0,0
S5_p001_t046_s1355283976,2026-09-23T11:34:00Z,S5,1,1,0,0,f1e785c8bd5949d637a4d5774c72d3fd912b0e30e724d8677738e2647b509ed9,12000,16,1,180000,0.9249096820828595,1,0.011655759329984068,0.01213097723177856,0,1,173669,0.0,-2.8377751741075423,-327.5886112925552,-8.170408497087472,0.13749691690689012,-0.0003389761735716199,-4.2394733100081794e-05,0.08333333333333333,0.0,0.0,5.620982958335405,2.9615591365490914,0,0,0
S5_p001_t047_s8670849,2026-09-23T11:34:15Z,S5,1,1,0,0,ffba7a4118500821ee44dbf862a1ef9f3b9a85fbf9520cee4f618e24df702892,12000,16,1,180000,0.9253753204981071,1,0.011801435628997761,0.01188729198616384,0,1,173614,0.0,-2.8255493302628727,-332.17191640347664,-8.198572460453553,0.09863229652477556,-0.0029815022618505335,-0.0003727235607584589,0.08333333333333333,0.0,0.8333333333333334,5.3816647617990405,2.2471663640803587,0,0,0
S5_p001_t048_s683044550,2026-09-23T11:34:30Z,S5,1,1,0,0,39934624764a8a788e456664cdf92095cc4e17a47beb08e1b9a317eca68de8f3,12000,16,1,180000,0.9254963408947682,1,0.011343063960102168,0.011887291986163843,0,1,173624,0.0,-2.825891217024403,-331.33859122446364,-8.209291568194871,0.12287915363565861,-0.012090742023779901,-0.001511608749297011,0.08333333333333333,0.0,3.833333333333333,4.92571666113036,1.9983777794471176,0,0,0
S5_p001_t049_s1419673414,2026-09-23T11:34:45Z,S5,1,1,0,0,c28dc921f6e3ec91013615d78efd23f900dd904dea5dd9c4f0d20a3c2cc506d2,12000,16,1,180000,0.92507459624346,1,0.01190697797497174,0.012476187310916514,0,1,173670,0.0,-2.845505072188473,-327.5052451237989,-8.175613097816713,0.11907616720372691,0.0033071321111177382,0.0004136163988732733,0.08333333333333333,0.0,0.0,4.813039604457092,2.2423471968138,0,0,0
S5_p001_t050_s1860529943,2026-09-23T11:35:00Z,S5,1,1,0,0,f385941ae9558b9e7378e5dd7e313dd2289a0627ce01114dc03600a077bea7e5,12000,16,1,180000,0.9253926523829205,1,0.011648022794852667,0.012476187310916514,0,1,173589,0.0,-2.828829439530835,-334.2552686591565,-8.200555128840266,0.1584937549115131,0.0013995068188688783,0.00017492015876996447,0.08333333333333333,0.0,5.416666666666667,4.966727618460844,2.0795099292225276,0,0,0
S5_p001_t051_s978485698,2026-09-23T11:35:15Z,S5,1,1,0,0,b007325fe9acde195cbc88437a716c9e9a2ddc179323b32646fe6dfa0d050991,12000,16,1,180000,0.8648085177579083,1,0.011272659847112593,0.011215183543938707,0,1,173654,0.0,-3.356175932864185,-328.8386183827127,-5.184504897975753,13.37529929340315,0.0067042790469427245,0.0008383835033782816,8.416666666666666,0.0,0.0,14.56898398676658,8.807874815088576,0,0,0
S5_p001_t052_s800179956,2026-09-23T11:35:30Z,S5,1,1,0,0,dd8a41d38f8571e969e70c598a89bbaaa1543dd5c4765b6115cf4a3550793d21,12000,16,1,180000,0.9251580888896287,1,0.011167156329728518,0.0112288047081808,0,1,173750,0.0,-2.8362687394459303,-320.8385852025828,-8.187502557995229,0.13812285857089826,0.008046249867018638,0.0010069720783576486,0.08333333333333333,0.0,0.0,5.115084830530947,1.9013538662530598,0,0,0
S5_p001_t053_s230175689,2026-09-23T11:35:45Z,S5,1,1,0,0,14309029e510160d4e0c86ecb2619966ebbff4c6216db7d8252076ca3ccbaf0b,12000,16,1,180000,0.9254115077188745,1,0.010940646977630704,0.011278256551537354,0,1,173737,0.0,-2.8259455531898925,-321.92192273519925,-8.202234672904487,0.1555703506089334,0.0050341116026338326,0.0006299435553955846,0.08333333333333333,0.0,0.0,4.796085845315407,2.6944572688010098,0,0,0
S5_p001_t054_s1158910655,2026-09-23T11:36:00Z,S5,1,1,0,0,4ce979f1ed94b2d016275e49b161f8e15da15143eef297c1474c8c74c08e3d4c,12000,16,1,180000,0.9247442359990493,1,0.011595624461412643,0.011760632094508684,0,1,173696,0.0,-2.850475197832684,-325.3385613135209,-8.152738799922448,0.17245714093604753,-0.00040514611457758966,-5.0681348056969e-05,0.08333333333333333,0.0,1.4166666666666667,4.9385047242088245,1.9423028855373927,0,0,0
S5_p001_t055_s55591962,2026-09-23T11:36:15Z,S5,1,1,0,0,5e7424ffc9c6a7de925b64746e29b8fc6ea6b432add281690402522b88b173fa,12000,16,1,180000,0.924985862710534,1,0.011844636895391464,0.011988525367485186,0,1,173713,0.0,-2.827437254073137,-323.92194560422405,-8.17372315707879,0.11788558593626314,-0.0015142064910581487,-0.00018944388830277603,0.08333333333333333,0.0,1.3333333333333333,4.504660661646304,2.3140513707849193,0,0,0
S5_p001_t056_s1696699799,2026-09-23T11:36:30Z,S5,1,1,0,0,5b8440d4a166649c46596ab3088a173cd0bf2bd1cfbe00571f9a81a35e4d8b02,12000,16,1,180000,0.9251211355451218,1,0.011218558808353948,0.012946098866177964,0,1,173729,0.0,-2.834283707017708,-322.5885929957476,-8.181638882293917,0.09766279264288391,0.0013434006777782678,0.00016809569660836132,0.08333333333333333,0.0,6.666666666666667,4.920315860190228,2.557233993312229,0,0,0
S5_p001_t057_s639385521,2026-09-23T11:36:45Z,S5,1,1,0,0,a0a15d875ffbbb9496ec06d6bf5d656732dd69784260c961b4983d2367957909,12000,16,1,180000,0.9250200541345732,1,0.011645075040981312,0.012946098866177966,0,1,173809,0.0,-2.8371757115312253,-315.92193324947345,-8.177697409596817,0.17948119699221443,-0.0008374144990764502,-0.0001048501571858651,0.08333333333333333,0.0,0.0,4.948955531353157,2.4105929142751874,0,0,0
S5_p001_t058_s455409832,2026-09-23T11:37:00Z,S5,1,1,0,0,30793d9184f534dfa63e10a50a585c7d483d680b84b3f6766e15c87265bfa77a,12000,16,1,180000,0.9250988601804297,1,0.01190022378086136,0.011877803507190515,0,1,173706,0.0,-2.8251903781904524,-324.5052689621498,-8.179198495538444,0.22499713169758098,-0.007233092205755817,-0.0009048887673088757,0.08333333333333333,0.0,1.4166666666666667,5.446641365716408,2.2048090444638504,0,0,0
S5_p001_t059_s1555299053,2026-09-23T11:37:15Z,S5,1,1,0,0,0cdd5ee40889f7b5ab2e8bca4530b5e14e8e69047390978c4cf17fd44641d359,12000,16,1,180000,0.9249901541415111,1,0.01116100162846423,0.01113855425576945,0,1,173723,0.0,-2.838808433874017,-323.08858477503964,-8.177894121783103,0.2052659737079232,-0.004158850248430349,-0.0005203595019338536,0.08333333333333333,0.0,349.91666666666663,4.810644739731867,2.6434262378988125,0,0,0
S5_p002_t000_s1138448492,2026-09-23T11:37:45Z,S5,2,1,0,0,4868d481dbb04c02941398f875644fde7c4fc06d8f269ecefc8f386731750b71,12000,16,1,180000,0.989990409679148,1,0.989990409679148,0.9999999999995622,1,1,173484,nan,-0.14184064825810025,nan,-43.80846272047307,8.681126578620176e-10,nan,nan,0.0,0.0,0.0,0.98606459969248,175.6990001312755,0,1,0
S5_p002_t001_s1850764392,2026-09-23T11:38:00Z,S5,2,1,0,0,89778a9fbd562aa6c74ae05480cb7f8a465a8dacfefe4e5654ecc42d82754840,12000,16,1,180000,0.9899904096779139,1,0.9899904096779139,0.9999999999995622,1,1,173472,nan,-0.14184064837982202,nan,-43.80846268073962,1.1167712455202237e-09,nan,nan,0.0,0.0,3.1666666666666665,0.986066244389784,175.6989692108277,0,1,0
S5_p002_t002_s321598820,2026-09-23T11:38:15Z,S5,2,1,0,0,55db80de0d244bb3944c80a687c1d32277de90e906be8c7762fa56b609018c89,12000,16,1,180000,0.9899905066180253,1,0.9899905066180253,0.9999999999995622,1,1,173510,nan,-0.14184143131837437,nan,-43.79924354063091,4.0142261224250077e-07,nan,nan,0.0,0.0,1.8333333333333333,0.9484403937412024,176.5372758009261,0,1,0
S5_p002_t003_s121880670,2026-09-23T11:38:30Z,S5,2,1,0,0,1f520cb2fda1db3d958a16d08501aa26a03c1afdab4b15b2c5858fb723ef3b31,12000,16,1,180000,0.9899904096840814,1,0.9899904096840814,0.9999999999995622,1,1,173532,nan,-0.14184064826357667,nan,-43.80846257361539,8.837135476143434e-10,nan,nan,0.0,0.0,0.0,0.98605958730498,175.69896851334335,0,1,0
S5_p002_t004_s476275882,2026-09-23T11:38:45Z,S5,2,1,0,0,69756bd24d2649bc4cde26324fc76cea6f33cfd57603aabf4f98ce43a56b7137,12000,16,1,180000,0.9899905227518914,1,0.9899905227518914,0.9999999999995622,1,1,173479,nan,-0.14184082146037047,nan,-43.80642363977473,8.628863459084628e-08,nan,nan,0.0,0.0,0.08333333333333333,0.9484551480676228,175.8609878295619,0,1,0
S5_p002_t005_s1101140010,2026-09-23T11:39:00Z,S5,2,1,0,0,31226e8d233e18c4f50244ece0d6338ddfe20f1ee2d1e43d87b48d0c78e023d4,12000,16,1,180000,0.9876847076514964,1,0.9876847076514964,0.9999999999995622,1,1,166288,nan,-0.14184080221221546,nan,-43.80476576988344,2.274472405917028e-10,nan,nan,0.0,0.0,4.25,0.986337083344197,175.69897526025096,0,1,0
S5_p002_t006_s993856876,2026-09-23T11:39:15Z,S5,2,1,0,0,cee54211996054d14900331a37c57da985590148d7aa81aafe2f9f2928804b28,12000,16,1,180000,0.9985023880972688,1,0.9985023880972688,0.9999999999995622,1,1,173645,nan,-0.14167047691732038,nan,-51.10302969267959,1.3807945988538612e-07,nan,nan,0.0,0.0,0.0,0.9631513827090734,176.48728967942534,0,1,0
S5_p002_t007_s494561765,2026-09-23T11:39:30Z,S5,2,1,0,0,f4e58503fd67c66070667a8cf86aba8d2b7e72ecca36cef7d6da28c83f5d61dc,12000,16,1,180000,0.998502387147806,1,0.998502387147806,0.9999999999995622,1,1,173584,nan,-0.14167074608360866,nan,-51.086153070405764,6.570059462125719e-10,nan,nan,0.0,0.0,2.416666666666667,0.977434546310955,175.79800045080592,0,1,0
S5_p002_t008_s569656867,2026-09-23T11:39:45Z,S5,2,1,0,0,ac30b1a45e2a540014d4dce72120c1a60d988a1107b903eda5e45fc1a814ddef,12000,16,1,180000,0.9985023880932393,1,0.9985023880932393,0.9999999999995622,1,1,173613,nan,-0.14167047686611162,nan,-51.103033116409634,1.3810399912681764e-07,nan,nan,0.0,0.0,0.0,0.9631714687498047,176.48697580467,0,1,0
S5_p002_t009_s1938674575,2026-09-23T11:40:00Z,S5,2,1,0,0,c37ceb7efa2e904394489eab850373d32a006641855ef81270c467b87ed51600,12000,16,1,180000,0.9985023871430753,1,0.9985023871430753,0.9999999999995622,1,1,173548,nan,-0.14167074616322517,nan,-51.08615350739445,6.880929708039536e-10,nan,nan,0.0,0.0,2.8333333333333335,0.963193631104439,175.7981892202493,0,1,0
S5_p002_t010_s1527196527,2026-09-23T11:40:15Z,S5,2,1,0,0,4913ff0810efee1b9e9a040f3d3370fae401667772112d89a5fa5678596a609f,12000,16,1,180000,0.9985024052168102,1,0.9985024052168102,0.9999999999995622,1,1,173582,nan,-0.14167050618529028,nan,-51.10122943389926,1.2470804585118453e-07,nan,nan,0.0,0.0,0.0,0.9631900701430832,176.4107447765034,0,1,0
S5_p002_t011_s1240012615,2026-09-23T11:40:30Z,S5,2,1,0,0,913e46646f1a08cbb49cdbf961d9937afb9693e175e747d9d69536c6fe151424,12000,16,1,180000,0.9985024042838289,1,0.9985024042838289,0.9999999999995622,1,1,173571,nan,-0.14167077515365167,nan,-51.08434983137891,1.4591842553155081e-08,nan,nan,0.0,0.0,0.0,0.9631779376840807,175.73636917742618,0,1,0
S5_p002_t012_s1128565587,2026-09-23T11:40:45Z,S5,2,1,0,0,7e39849807edc65be356c99c98401b1000db39ffae8763127c25cd72b8e1cce7,12000,16,1,180000,0.9985024052158081,1,0.9985024052158081,0.9999999999995622,1,1,173546,nan,-0.14167050595839314,nan,-51.101232949968136,1.233654917751826e-07,nan,nan,0.0,0.0,3.1666666666666665,0.9882111475416088,176.41082184764787,0,1,0
S5_p002_t013_s1398407335,2026-09-23T11:41:00Z,S5,2,1,0,0,e054096768ba1e1f31104e4792ad6279e798723d3c6ccffc5f82dc10e1b62606,12000,16,1,180000,0.998502387147806,1,0.998502387147806,0.9999999999995622,1,1,173584,nan,-0.14167074608360866,nan,-51.086153070405764,6.570059462125719e-10,nan,nan,0.0,0.0,3.75,0.977434546310955,175.79800045080592,0,1,0
S5_p002_t014_s1843803682,2026-09-23T11:41:15Z,S5,2,1,0,0,533418fdf3144d750672eac8f420d319c229e2ac6a203273ba35c92b348d08c1,12000,16,1,180000,0.9985023880952544,1,0.9985023880952544,0.9999999999995622,1,1,173629,nan,-0.14167047689171208,nan,-51.10303140492975,1.3809143393972866e-07,nan,nan,0.0,0.0,2.0,0.9631614656814983,176.48704026120674,0,1,0
S5_p002_t015_s1476197660,2026-09-23T11:41:30Z,S5,2,1,0,0,f7704b29df81e5597b1496b6a7a54fcedfab942efb7909b1d6bcf5476fb726ea,12000,16,1,180000,0.9407874444728088,1,0.9407874444728088,0.9999999999995622,1,1,160873,nan,-0.20680166975410857,nan,-22.482630510061014,0.36839986617235004,nan,nan,0.6666666666666666,0.0,0.0,106.9419527138999,175.70754962975883,0,1,0
S5_p002_t016_s1921035023,2026-09-23T11:41:45Z,S5,2,1,0,0,d24df2729d84a30d05abe4da4c3b67a73acf373907393ecc9a6d6ec13e64437e,12000,16,1,180000,0.9434303061818358,1,0.9434303061818358,0.9999999999995622,1,1,173676,nan,-0.14176098650914842,nan,-46.42972831659207,1.1568072288765529e-11,nan,nan,0.0,0.0,9.416666666666666,1.0304732031163635,175.64729402739988,0,1,0
S5_p002_t017_s1351552590,2026-09-23T11:42:00Z,S5,2,1,0,0,07cc6ce977c0cbee17a9073c26fc50b044d739e08c1f97a63d994c43fab65771,12000,16,1,180000,0.9434300975685105,1,0.9434300975685105,0.9999999999995622,1,1,173789,nan,-0.14176137179808573,nan,-46.42103871835299,1.8808520816055776e-07,nan,nan,0.0,0.0,0.0,0.9054249905868411,176.1502998356732,0,1,0
S5_p002_t018_s1167112926,2026-09-23T11:42:15Z,S5,2,1,0,0,faf93530870c7a5281f325218dbbf15335c4d8a6b99c5d05c82582ac0a3e5d92,12000,16,1,180000,0.943430900061786,1,0.943430900061786,0.9999999999995622,1,1,173763,nan,-0.1417612918954999,nan,-46.422821976686365,1.5228329418322415e-07,nan,nan,0.0,0.0,0.0,0.9072263705817177,176.02647146697646,0,1,0
S5_p002_t019_s1353429191,2026-09-23T11:42:30Z,S5,2,1,0,0,3800af5f9879ec624c6f19ce246bdc99a46a53330833c3f2b988efa75d1a7ef1,12000,16,1,180000,0.9433175217952552,-1,0.9433175217952552,0.9999999999995622,1,-1,173655,nan,-0.14176272476781931,nan,-46.360471692966854,1.4898961449178324e-07,nan,nan,0.0,0.0,361.6666666666667,0.9054751562111005,176.02617674561756,0,1,0
S5_p002_t020_s1002632261,2026-09-23T11:43:00Z,S5,2,1,0,0,b17f5c5ba9cce615ae5f56b469632c8d4813644d872a8d67f46334d8e00fa729,12000,16,1,180000,0.9434306914360634,1,0.9434306914360634,0.9999999999995622,1,1,173714,nan,-0.14176167780849405,nan,-46.414134734674484,3.3567845016475213e-07,nan,nan,0.0,0.0,0.0,0.9072205473291993,176.6040559516639,0,1,0
S5_p002_t021_s1152143633,2026-09-23T11:43:15Z,S5,2,1,0,0,a7e1fd8bdeece3fea36203cda83d4267468564013d34dfa7b306874ee1a20ce7,12000,16,1,180000,0.9434309002077109,1,0.9434309002077109,0.9999999999995622,1,1,173711,nan,-0.1417612926067972,nan,-46.4228203360077,1.4789724942885455e-07,nan,nan,0.0,0.0,4.5,0.905458805766787,176.02612437054086,0,1,0
S5_p002_t022_s1274144205,2026-09-23T11:43:30Z,S5,2,1,0,0,00e7a5e09703d93dfe6294050790f877da280900c19a8c6f043f3ba29529288a,12000,16,1,180000,0.9434300975255726,1,0.9434300975255726,0.9999999999995622,1,1,173765,nan,-0.14176137184604667,nan,-46.42103764802453,1.8810875317947126e-07,nan,nan,0.0,0.0,0.0,0.905436081570706,176.15005308049922,0,1,0
S5_p002_t023_s236274386,2026-09-23T11:43:45Z,S5,2,1,0,0,7f9e1004c21b11ed4d233b26e8c8b7313d1ae157e256ea686b82b9fed34b7657,12000,16,1,180000,0.9434306913909507,1,0.9434306913909507,0.9999999999995622,1,1,173742,nan,-0.14176167675638868,nan,-46.414137074929975,3.4252978053777935e-07,nan,nan,0.0,0.0,0.0,0.905441672362362,176.60393147884275,0,1,0
S5_p002_t024_s1250788590,2026-09-23T11:44:00Z,S5,2,1,0,0,3730b5906c277894cb4bf867ae10660749ddf9e28f52dc3af9f3bd87f3f4e631,12000,16,1,180000,0.9434303062199032,1,0.9434303062199032,0.9999999999995622,1,1,173740,nan,-0.14176098651625288,nan,-46.42972799562109,1.2667405600634743e-11,nan,nan,0.0,0.0,3.0,1.0304550116457036,175.6472503261819,0,1,0
S5_p002_t025_s1053143358,2026-09-23T11:44:15Z,S5,2,1,0,0,708466d1f56d5bf8d866c6a06c6fbd120132c5a436177fdb1200df7592729457,12000,16,1,180000,0.9434303062413036,1,0.9434303062413036,0.9999999999995622,1,1,173776,nan,-0.14176098658173777,nan,-46.42972761276371,1.0146480024722342e-09,nan,nan,0.0,0.0,2.1666666666666665,1.0304456902042285,175.64737963293703,0,1,0
S5_p002_t026_s1195050127,2026-09-23T11:44:30Z,S5,2,1,0,0,6d37ddb5589a9e7f9fb69ac93bb9346c581bf50debcbe81d7607dd3fd9241d94,12000,16,1,180000,0.9434306912943285,1,0.9434306912943285,0.9999999999995622,1,1,173802,nan,-0.14176167748046287,nan,-46.41414213304028,3.3551943064300667e-07,nan,nan,0.0,0.0,0.0,0.9072205526972159,176.60388539063928,0,1,0
S5_p002_t027_s1857563192,2026-09-23T11:44:45Z,S5,2,1,0,0,7783d72e13edc21288c106d0f7e29c4703be10192b4f5ad6ada3ab1df1b40330,12000,16,1,180000,0.9434300974181763,1,0.9434300974181763,0.9999999999995622,1,1,173705,nan,-0.14176137125940572,nan,-46.421035106680925,1.9316388301076517e-07,nan,nan,0.0,0.0,2.916666666666667,0.9072250649476328,176.15012929065585,0,1,0
S5_p002_t028_s926067461,2026-09-23T11:45:00Z,S5,2,1,0,0,ce9445e3ad46170d80a182734dda11e24f70ff96e9bce7b19fe3b814801168ef,12000,16,1,180000,0.9434303062199032,1,0.9434303062199032,0.9999999999995622,1,1,173740,nan,-0.14176098651625288,nan,-46.42972799562109,1.2667405600634743e-11,nan,nan,0.0,0.0,3.75,1.0304550116457036,175.6472503261819,0,1,0
S5_p002_t029_s2039212308,2026-09-23T11:45:15Z,S5,2,1,0,0,35c70b5690d14b39ff30f1118cc8fb30314212065e93a775e82dbb4f0cd8a6a3,12000,16,1,180000,0.9434300967240199,1,0.9434300967240199,0.9999999999995622,1,1,173785,nan,-0.14176137108493878,nan,-46.42103867499168,1.9323659908609065e-07,nan,nan,0.0,0.0,0.0,0.907225067821911,176.1499748989329,0,1,0
S5_p003_t000_s1714205886,2026-09-23T11:45:30Z,S5,3,1,0,0,a832c12aa245d71cccd9158528e15cbe9a2744d42cd543c4be93823c6b55442b,12000,16,1,180000,0.9481646895202674,1,0.9481646895202674,1.0000000000009506,1,1,173747,nan,-0.257150170473808,nan,-27.04738824450619,1.2063111787374282e-05,nan,nan,0.0,0.0,0.0,2.466680311982674,81.81069811082985,0,1,0
S5_p003_t001_s1934708211,2026-09-23T11:45:45Z,S5,3,1,0,0,1b62f244656211cc4a651f705fc2853c71b895467e82eeabbe0931935c69d694,12000,16,1,180000,0.9481647920421131,1,0.9481647920421131,1.0000000000009506,1,1,173709,nan,-0.257148520463795,nan,-27.047451149339956,1.0421533622545498e-05,nan,nan,0.0,0.0,4.833333333333334,2.4303178080170764,81.81069676405099,0,1,0
S5_p003_t002_s1951162110,2026-09-23T11:46:00Z,S5,3,1,0,0,9acb2adb2ce3e6da84c1530ee3c6346e6aafd223246a73e03ebec919af032159,12000,16,1,180000,0.9481649182697284,1,0.9481649182697284,1.0000000000009506,1,1,173767,nan,-0.2571482682391624,nan,-27.047375401919595,1.0007477716165002e-05,nan,nan,0.0,0.0,3.1666666666666665,2.4304796994290685,81.81057876804245,0,1,0
S5_p003_t003_s1445156187,2026-09-23T11:46:15Z,S5,3,1,0,0,5c4641f646a9bd83fadcbcef2b41fbb845a8ead982b99b32bebb7ad2f28bc98e,12000,16,1,180000,0.9481647121254876,1,0.9481647121254876,1.0000000000009506,1,1,173805,nan,-0.25714979609556743,nan,-27.047399993488316,1.1691076423929106e-05,nan,nan,0.0,0.0,0.0,2.4665735781163227,81.810692842395,0,1,0
S5_p003_t004_s332708724,2026-09-23T11:46:30Z,S5,3,1,0,0,e6abab2b37eb5020fb30c796020915acb3b55ef657e0d7804e7e7e37cdc13c65,12000,16,1,180000,0.9481654477326655,1,0.9481654477326655,1.0000000000009506,1,1,173763,nan,-0.25715070583912913,nan,-27.04747203376893,1.2081721154307411e-05,nan,nan,0.0,0.0,0.0,2.426429208475506,81.8103079138998,0,1,0
S5_p003_t005_s1838982444,2026-09-23T11:46:45Z,S5,3,1,0,0,48a2d736cca6db1a718e217f4b55748867b1defc7585b4a28a0d602f4e8c918c,12000,16,1,180000,0.9925447654797944,1,0.9925447654797944,1.0000000000009506,1,1,138364,nan,-0.3327691863876137,nan,-20.69871609887073,1.8631086367037553,nan,nan,1.6666666666666667,0.0,0.0,61.69725433800755,84.93793141443948,0,1,0
S5_p003_t006_s1432963864,2026-09-23T11:47:00Z,S5,3,1,0,0,d196ef465bb13258edb51abf170f4abde5f7284b05c412f21b58be776f4e7c58,12000,16,1,180000,0.9957876003067946,1,0.9957876003067946,1.0000000000009506,1,1,173860,nan,-0.2571221819930759,nan,-27.08742632716252,9.76712468602649e-06,nan,nan,0.0,0.0,2.5833333333333335,2.108400003461822,85.64489689930363,0,1,0
S5_p003_t007_s1060432322,2026-09-23T11:47:15Z,S5,3,1,0,0,f82f3430aef74bd2f827d4bc0773d91089eb260525653ca2fec7590b0c84759c,12000,16,1,180000,0.9957876033366041,1,0.9957876033366041,1.0000000000009506,1,1,173891,nan,-0.25712235105481496,nan,-27.087444131300323,9.966335054195125e-06,nan,nan,0.0,0.0,0.0,2.1083632809307638,85.64486585507402,0,1,0
S5_p003_t008_s328444916,2026-09-23T11:47:30Z,S5,3,1,0,0,a8065ca14261276c2932089de8f41572d45bece7dda5f222da5a426c6adb6e68,12000,16,1,180000,0.9957875041861245,1,0.9957875041861245,1.0000000000009506,1,1,173848,nan,-0.2571099926789124,nan,-27.08825775171934,6.237656847592713e-07,nan,nan,0.0,0.0,0.0,2.1062789139256455,85.64285367388692,0,1,0
S5_p003_t009_s2116983884,2026-09-23T11:47:45Z,S5,3,1,0,0,02a54b49081213c387a1861cd3c736728b2f751030e03a65bf4d7387ae44d915,12000,16,1,180000,0.9957124107867553,1,0.9957124107867553,1.0000000000009506,1,1,173784,nan,-0.2571261896469662,nan,-27.08748978427312,1.4167166617019842e-05,nan,nan,0.0,0.0,344.25,2.107745591377073,85.6444719093919,0,1,0
S5_p003_t010_s1100042289,2026-09-23T11:48:15Z,S5,3,1,0,0,aedc5bdd0214ae19988c12eab78253dbd4dde3f89a4975a688882ba17bf73480,12000,16,1,180000,0.9957876597612345,1,0.9957876597612345,1.0000000000009506,1,1,173614,nan,-0.25712086162548586,nan,-27.08754262084001,8.427265042316633e-06,nan,nan,0.0,0.0,0.0,2.108428737846446,85.64491646164923,0,1,0
S5_p003_t011_s635744766,2026-09-23T11:48:30Z,S5,3,1,0,0,c45cb42021c5ff9a0c37217e95db60949882baa5a1da68282acb418968ec56dc,12000,16,1,180000,0.9957875817464341,1,0.9957875817464341,1.0000000000009506,1,1,173595,nan,-0.2571233099964883,nan,-27.08739872961496,1.089739911944952e-05,nan,nan,0.0,0.0,4.583333333333333,2.108387526769081,85.64492856920748,0,1,0
S5_p003_t012_s961338442,2026-09-23T11:48:45Z,S5,3,1,0,0,1cb97ae091edf1b24c21a9606555e5ee5855beb850d59f9ffa8cd76a90d66fa5,12000,16,1,180000,0.9957876003192381,1,0.9957876003192381,1.0000000000009506,1,1,173650,nan,-0.257122193797723,nan,-27.087426323956592,9.778889890256136e-06,nan,nan,0.0,0.0,0.0,2.1083918936667563,85.64489677788045,0,1,0
S5_p003_t013_s1294474057,2026-09-23T11:49:00Z,S5,3,1,0,0,02890a06e3148b86cf8c3283b25e1ce5440f3e35f89a3bec7d6e716929f393d4,12000,16,1,180000,0.9957875630344026,1,0.9957875630344026,1.0000000000009506,1,1,173629,nan,-0.2571245131232573,nan,-27.087365241081738,1.210159653675135e-05,nan,nan,0.0,0.0,0.5,2.1082175393972555,85.64495118069941,0,1,0
S5_p003_t014_s1681705495,2026-09-23T11:49:15Z,S5,3,1,0,0,e5bfc3ae8a98f41d9a26dfbc90ac5e46f620d86f850f97270b391c218ed7e73a,12000,16,1,180000,0.9957875077529321,1,0.9957875077529321,1.0000000000009506,1,1,173635,nan,-0.2571265455833798,nan,-27.087301150690507,1.415972123808479e-05,nan,nan,0.0,0.0,0.0,2.114089495938599,85.64490495319194,0,1,0
S5_p003_t015_s710608608,2026-09-23T11:49:30Z,S5,3,1,0,0,c004fdf0eaef048327f9dd15d3219cafebd076f7a6640e5d3f2522ce45aadb06,12000,16,1,180000,0.9957876453734427,1,0.9957876453734427,1.0000000000009506,1,1,173582,nan,-0.257122730446011,nan,-27.088214112796223,1.1401216196639714e-05,nan,nan,0.0,0.0,1.4166666666666667,2.092235694383939,85.64358343149368,0,1,0
S5_p003_t016_s384136078,2026-09-23T11:49:45Z,S5,3,1,0,0,8fb01137057089f83448df64b19024809cd6e52375d64b682ebb37792ca3be73,12000,16,1,180000,0.9957875630297728,1,0.9957875630297728,1.0000000000009506,1,1,173599,nan,-0.25712451521288987,nan,-27.087365230074518,1.210368341948468e-05,nan,nan,0.0,0.0,0.4166666666666667,2.1082173617840607,85.64495115618845,0,1,0
S5_p003_t017_s414741158,2026-09-23T11:50:00Z,S5,3,1,0,0,c96cc8c222d01018ef305d91b6259bf2b4d669c37c3a2a4efb74dd4e6e8d17be,12000,16,1,180000,0.9957875129543047,1,0.9957875129543047,1.0000000000009506,1,1,173604,nan,-0.25712657117025484,nan,-27.087301808170153,1.4182074898600906e-05,nan,nan,0.0,0.0,0.0,2.108165763409628,85.64491460675302,0,1,0
S5_p003_t018_s1550145401,2026-09-23T11:50:15Z,S5,3,1,0,0,7ccca53c05bc3dfcfdae19d0d022107cfa953ba7b1a8ae47482d692ad2a6af6f,12000,16,1,180000,0.995787548247704,1,0.995787548247704,1.0000000000009506,1,1,173579,nan,-0.257112345153975,nan,-27.087423256189638,8.812651054058016e-08,nan,nan,0.0,0.0,1.6666666666666667,2.1083746120342344,85.64504895691464,0,1,0
S5_p003_t019_s247667753,2026-09-23T11:50:30Z,S5,3,1,0,0,9cc02eca6b2b8fe60d4c9573cc96c6b5c867ce8e98d60abbcf501cecd4c5991f,12000,16,1,180000,0.9295681730419387,1,0.9295681730419387,1.0000000000009506,1,1,135619,nan,-0.5866554270816202,nan,-10.97101235831058,0.6298267862836706,nan,nan,9.333333333333334,0.0,0.16666666666666666,23.885279246842853,93.72018849780231,0,1,0
S5_p003_t020_s1583609065,2026-09-23T11:50:45Z,S5,3,1,0,0,0c186683a68bcb379dc001b4f988e4f79c53d4386aee67415e3bcbe4511c8d4e,12000,16,1,180000,0.9918736639562301,1,0.9918736639562301,1.0000000000009506,1,1,173722,nan,-0.25695361310277287,nan,-27.129275901225736,1.221578300939478e-05,nan,nan,0.0,0.0,7.0,2.461368596239038,81.73355254513844,0,1,0
S5_p003_t021_s796570551,2026-09-23T11:51:00Z,S5,3,1,0,0,cd8e22cb701c464aad5331b57129da1324a1aaf8bc5c7efd5e64a5c70ecedc22,12000,16,1,180000,0.99187366979914,1,0.99187366979914,1.0000000000009506,1,1,173806,nan,-0.2569527628049085,nan,-27.129351091300574,1.141961519530204e-05,nan,nan,0.0,0.0,0.0,2.4615164031482846,81.73364425953962,0,1,0
S5_p003_t022_s1559731172,2026-09-23T11:51:15Z,S5,3,1,0,0,0f49900b13803e99e7a60ba8013404a947b3a9f0d87031fb629776fbfb422496,12000,16,1,180000,0.9918736775056428,1,0.9918736775056428,1.0000000000009506,1,1,173706,nan,-0.25694995555060607,nan,-27.12937399702715,8.533382537974441e-06,nan,nan,0.0,0.0,0.25,2.348600151073354,81.73355694908567,0,1,0
S5_p003_t023_s844389843,2026-09-23T11:51:30Z,S5,3,1,0,0,62f46e554da8b20bdc04422d063c7cb91a42e192a179dfc9aa8da7d71f071236,12000,16,1,180000,0.9918736769309475,1,0.9918736769309475,1.0000000000009506,1,1,173709,nan,-0.25695139252485905,nan,-27.12940578494452,1.0068525873233413e-05,nan,nan,0.0,0.0,2.0,2.462100009151066,81.73365936689599,0,1,0
S5_p003_t024_s1173993624,2026-09-23T11:51:45Z,S5,3,1,0,0,1a46574247aff5ae2944f24518c6a6527d2dc8817e7e207a020d8c23e5e7a3f7,12000,16,1,180000,0.991873838309689,1,0.991873838309689,1.0000000000009506,1,1,173733,nan,-0.2569518114721549,nan,-27.12960071368151,1.0311821631306835e-05,nan,nan,0.0,0.0,0.0,2.4093283689244176,81.7334276532612,0,1,0
S5_p003_t025_s412349045,2026-09-23T11:52:00Z,S5,3,1,0,0,8671136a9f08c536644a15f7ce5c576a40005d85dca6840bd8446aa005fcff33,12000,16,1,180000,0.9918736769309473,1,0.9918736769309473,1.0000000000009506,1,1,173709,nan,-0.25695139252485905,nan,-27.12940578494452,1.0068525873233413e-05,nan,nan,0.0,0.0,3.25,2.462100009151066,81.73365936689599,0,1,0
S5_p003_t026_s1487682954,2026-09-23T11:52:15Z,S5,3,1,0,0,25e59bdd4c6f19bc69ac2fd3cf0b86975bfe7da07f9dd11b8801be74a7fd77d1,12000,16,1,180000,0.991873665703671,1,0.991873665703671,1.0000000000009506,1,1,173748,nan,-0.25695304098870064,nan,-27.129327820107683,1.167090900207958e-05,nan,nan,0.0,0.0,0.0,2.4614449439319364,81.73360759902424,0,1,0
S5_p003_t027_s1191930151,2026-09-23T11:52:30Z,S5,3,1,0,0,dbb1d140471bd2313a585617bbcbf7825d8946b7acdb59391dee094eeb0839e9,12000,16,1,180000,0.9918736639562304,1,0.9918736639562304,1.0000000000009506,1,1,173722,nan,-0.25695361310277287,nan,-27.129275901225736,1.221578300939478e-05,nan,nan,0.0,0.0,4.166666666666667,2.461368596239038,81.73355254513844,0,1,0
S5_p003_t028_s66415985,2026-09-23T11:52:45Z,S5,3,1,0,0,5fde6a66c53d8eb21e9f44b4ee854becc256056c6c22a5c427e08cc7110d52b1,12000,16,1,180000,0.9918736821459547,1,0.9918736821459547,1.0000000000009506,1,1,173772,nan,-0.25695205433388973,nan,-27.129379021975225,1.0722475513154815e-05,nan,nan,0.0,0.0,1.25,2.4880086783436264,81.73365833947625,0,1,0
S5_p003_t029_s1759722470,2026-09-23T11:53:00Z,S5,3,1,0,0,7086ba760d86dbd7b4aff95e12922ae4fefaca3fded6c91b536fe65b4ae1aa13,12000,16,1,180000,0.9918253026957123,1,0.9918253026957123,1.0000000000009506,1,1,173757,nan,-0.25695262163669264,nan,-27.1286281162389,1.0078604148188012e-05,nan,nan,0.0,0.0,341.6666666666667,2.458025128089869,81.73238813958991,0,1,0
S7_p000_t000_s1928618341,2026-09-23T11:53:30Z,S7,0,2,0,0,df95f1e6efd6481ab3464f4e89ac9933794b453fddf0c4912e4009c50222ba84,12000,16,1,180000,0.9754660118703363,1,0.54983953105114,0.5173745417804761,0,1,173579,0.0,-0.8571978429909142,-335.0752892753602,-14.731509072531392,0.8422013581712899,0.07600948734579022,0.009499437700014823,0.08333333333333333,0.0,0.0,4.571269852431303,17.19684526814538,0,1,0
S7_p000_t001_s1519748887,2026-09-23T11:53:45Z,S7,0,2,0,0,70b663d94a0ab28f8c0ecfb6de5f589f1e549c5774ac07c5e25ad796ae8c3090,12000,16,1,180000,0.9753838086894163,1,0.5527823012108048,0.519610581061896,0,1,173563,0.0,-0.8599875439729766,-336.40861910860986,-14.716426283367488,0.9402224178932013,0.07858349153717542,0.009819871685976977,0.08333333333333333,0.0,0.0,4.853096756094828,17.153931738674792,0,1,0
S7_p000_t002_s1888808097,2026-09-23T11:54:00Z,S7,0,2,0,0,de68387e4107e7d13c1f262e2fddbe4b7cf554a07616725bc76d3274587eeb27,12000,16,1,180000,0.975569889106427,1,0.5525274751457974,0.519610581061896,0,1,173471,0.0,-0.8545654554338558,-344.0752882191803,-14.758674806107553,0.905091781248666,0.07387412202483905,0.009224587743119628,0.08333333333333333,0.0,2.0,4.81160281631992,17.42926057578928,0,1,0
S7_p000_t003_s1567484507,2026-09-23T11:54:15Z,S7,0,2,0,0,b1eb03d3d0b5709bdaf83f9c875d93c5a39664300da8a53b800246dabdb2323d,12000,16,1,180000,0.6485215027931504,1,0.3931368549763657,0.5195043430058967,0,1,173495,0.0,-4.463718646647814,-342.0876480494274,1.3736502737933385,59.271779053988666,866.7834487094865,108.25518525967391,8.416666666666666,0.0,5.75,9.214442974859239,27.4282871981239,0,1,0
S7_p000_t004_s1587104087,2026-09-23T11:54:30Z,S7,0,2,0,0,3f9898d14a3d9b0e0054ca6df4e1a30b0d11d351de65c8ed66acd272ca19de87,12000,16,1,180000,0.9125079315313778,1,0.547562918409862,0.5194035063955749,0,1,173672,0.0,-0.8658772641431143,-327.30492177068726,-14.634925494060916,0.8735134507988873,0.0867999866850327,0.010856074334697041,0.08333333333333333,0.0,0.0,4.813120479773313,17.167766911875542,0,1,0
S7_p001_t000_s1163046826,2026-09-23T11:54:45Z,S7,1,2,0,0,82414e351506f455589c4c9cf137320da17fb628a130536128f19f2697e4905f,12000,16,1,180000,0.8825071084275362,1,0.27583995998702443,0.2551217701044732,0,1,173626,0.0,-1.2574426453576257,-331.13717011155376,-13.10082452245002,0.5381068317310196,0.05334515061825102,0.006669424110896216,0.08333333333333333,0.0,2.6666666666666665,5.2390707922449735,14.662619918874748,0,0,0
S7_p001_t001_s641673168,2026-09-23T11:55:00Z,S7,1,2,0,0,f2600a437ab08a53b3faaba10b7a11a2c6cbed2fc079af8ea3f955cda479835e,12000,16,1,180000,0.8808938541877899,1,0.27783928909016925,0.2551217701044732,0,1,173658,0.0,-1.2783781031343873,-328.4704732565024,-13.027158245456107,0.412347478780796,0.05326906762480038,0.006661616520887037,0.08333333333333333,0.0,2.0833333333333335,5.334295561077153,14.262416157661002,0,0,0
S7_p001_t002_s1425528308,2026-09-23T11:55:15Z,S7,1,2,0,0,f4bc3bb197e39c6db31b5566734f694523dfc2163dec078f8ccbc236ad8f4ca8,12000,16,1,180000,0.8820151344607865,1,0.2779845967339577,0.25459545097861797,0,1,173683,0.0,-1.2636469694852692,-326.38716322881555,-13.075412582085367,0.4984975480629544,0.052751529975882235,0.006598214120913326,0.08333333333333333,0.0,0.0,5.032364302963384,14.640801817284409,0,0,0
S7_p001_t003_s961284984,2026-09-23T11:55:30Z,S7,1,2,0,0,c80e5f6e2396a2ef4e06f3f4923cf7b3dfb6c6f907e94b5c56850ca1cbd6b5ce,12000,16,1,180000,0.881272224497529,1,0.2798284432798828,0.2545954509786179,0,1,173649,0.0,-1.2734131191753368,-329.2204763357361,-13.047419690753337,0.44602006411001194,0.050849197349916955,0.006358539581015066,0.08333333333333333,0.0,0.0,4.930976018235721,14.597415385638321,0,0,0
S7_p001_t004_s990723452,2026-09-23T11:55:45Z,S7,1,2,0,0,ef3d217db6fd20da0c6665bd12a0182b29193cf0f76cdb89edab58305aec1dd9,12000,16,1,180000,0.8813634395210299,1,0.2787964866471338,0.2538033491403863,0,1,173646,0.0,-1.2717916560564908,-329.4704784449259,-13.05836878748826,0.48791830620293786,0.051332784956804024,0.006418856762138603,0.08333333333333333,0.0,0.0,4.918838559505737,14.245923908120277,0,0,0
S7_p002_t000_s98455044,2026-09-23T11:56:00Z,S7,2,3,0,0,7bd9fbc25aa5882ca99860d10d19c612d472b43e75f4d6d3ba5a0d89feb75e7b,12000,16,1,180000,0.9247790871095941,1,0.6433135508901033,0.6209508036808066,0,1,173596,0.0,-0.7067804741183146,-333.6387565696805,-15.576760862317123,1.0882246414448562,0.0865045221534658,0.010812546242050303,0.08333333333333333,0.0,2.5833333333333335,5.672762498138244,17.759003368116776,0,1,0
S7_p002_t001_s1384128433,2026-09-23T11:56:15Z,S7,2,3,0,0,f64d56f8209d2dbdb0a779a5d7fc4c171a551060f96e213b38d46ea92298ab85,12000,16,1,180000,0.9246161782624397,1,0.6434855580340842,0.6209508036808066,0,1,173627,0.0,-0.7090852417009492,-331.0554062073152,-15.572532501254337,1.0196801310880481,0.0828399693656025,0.010357067169934453,0.08333333333333333,0.0,0.0,4.799208060851913,17.5825027510584,0,1,0
S7_p002_t002_s1361330484,2026-09-23T11:56:30Z,S7,2,3,0,0,9c9dfd748c613cf9046bbd5ee4adae15d4994bda86daaf9c3ee66e3d29645e88,12000,16,1,180000,0.9245984476027164,1,0.6414422071590712,0.6197701897798836,0,1,173603,0.0,-0.7087476973307395,-333.0554031552486,-15.58047027569863,0.9902329301007752,0.09011160939726448,0.011264041286267457,0.08333333333333333,0.0,7.083333333333333,5.001881466057937,17.78771196069875,0,1,0
S7_p002_t003_s1078092554,2026-09-23T11:56:45Z,S7,2,3,0,0,773772fcd8c8a5832250766b2de5d67b2cdc40a5a5ea2fe8b505c2949f751c43,12000,16,1,180000,0.9247285015287267,1,0.6430025197088135,0.6200506262983498,0,1,173688,0.0,-0.7077506385965411,-325.97208087291136,-15.575665308359666,1.021295920875348,0.08353265867744426,0.010448766143326793,0.08333333333333333,0.0,0.0,5.212194880703091,17.87124178905145,0,1,0
S7_p002_t004_s924921264,2026-09-23T11:57:00Z,S7,2,3,0,0,3cc13d12e76dadb9b6920725050c818a30b359a887fb432f7b74d9e05f52d2db,12000,16,1,180000,0.9244185888090694,1,0.6434332964294195,0.6200506262983498,0,1,173640,0.0,-0.7118153006150838,-329.9720743426957,-15.54195419161183,1.038311153584756,0.08853753588549713,0.011070556412050792,0.08333333333333333,0.0,0.0,4.9240738219860365,17.735562081065794,0,1,0
S7_p003_t000_s763598906,2026-09-23T11:57:15Z,S7,3,2,0,0,e048331b1b0f546c939f472b16fc6ba4d1028e5e7d00da7cef65b777bb1b58c8,12000,16,1,180000,0.912994640670932,1,0.5484885117965863,0.5209269121406312,0,1,173593,0.0,-0.8607129686526694,-333.88827787704815,-14.652458435843045,0.9043643503822736,0.07840159607220747,0.009799493894661282,0.08333333333333333,0.0,1.6666666666666667,4.921137127591377,17.91644985570589,0,1,0
S7_p003_t001_s1480126732,2026-09-23T11:57:30Z,S7,3,2,0,0,4d4d3a2d52e6ab24db3a69d07798ed85aa0d143199cb6e647444e973bafe9358,12000,16,1,180000,0.913049050839926,1,0.5496741423308119,0.5209269121406312,0,1,173613,0.0,-0.8590449947344225,-332.2216125714276,-14.665177873745275,0.9369407690364899,0.0835837031897314,0.010448882319451513,0.08333333333333333,0.0,7.583333333333333,4.691177443042184,18.207666657154043,0,1,0
S7_p003_t002_s348040279,2026-09-23T11:57:45Z,S7,3,2,0,0,baca8879162cd5c6572be7271af63caede6a21e8e16b7b1b38296a6e733144cf,12000,16,1,180000,0.9126555822075512,1,0.5499357360056821,0.5206966482409549,0,1,173704,0.0,-0.8652195861344338,-324.6382657046458,-14.62616577309409,0.8883452423122569,0.08069316801408143,0.010094876704897615,0.08333333333333333,0.0,0.0,4.98850470031073,17.983607701482832,0,1,0
S7_p003_t003_s750677479,2026-09-23T11:58:00Z,S7,3,2,0,0,c83d449e89de98dc60f373ad302b9a2828ca2415a81fc04138881f63b4919250,12000,16,1,180000,0.5529967016416006,1,0.3128630986685151,0.5184811033296005,0,1,173685,0.0,-5.238234401081334,-326.2235760859597,2.6230874820953733,40.50011268300143,917.503504135375,114.76409080776511,8.916666666666666,0.0,0.0,8.723716007123752,29.255833165588836,0,1,0
S7_p003_t004_s258894362,2026-09-23T11:58:15Z,S7,3,2,0,0,d73750a2fa08add6ecf34914fcc5937c4a253d99b24879250da471ec0eec7eb5,12000,16,1,180000,0.9755388556889111,1,0.5527406163877029,0.5184811033296005,0,1,173771,0.0,-0.8535111148436407,-319.0753025410437,-14.748925169564513,0.9042467877822111,0.06675958282756793,0.00835623022294385,0.08333333333333333,0.0,348.5,4.797515893345538,18.17033095771596,0,1,0
S7_p004_t000_s139254338,2026-09-23T11:58:45Z,S7,4,2,0,0,f6889b5535791351a42c98c648840e49fb87432ae054fff345998e5a27f857a2,12000,16,1,180000,0.9771022300244588,1,0.5564413927961838,0.5248937613908201,0,1,173696,0.0,-0.8424289561716446,-325.34269368663627,-14.923120936262027,0.8350980895090138,0.13152761602061433,0.01645331559848273,0.08333333333333333,0.0,5.416666666666667,5.1019369036451225,18.333972445530215,0,1,0
S7_p004_t001_s1221387494,2026-09-23T11:59:00Z,S7,4,2,0,0,d12afb90e4efb49026575bedd05aa25018993d73fe2b06d8fd44d82c1939b773,12000,16,1,180000,0.9770229836228763,1,0.5568978186810419,0.5248937613908201,0,1,173761,0.0,-0.8481045987019802,-319.92600053806746,-14.901735675389244,0.8463617535512559,0.13487848902327929,0.016881256807664613,0.08333333333333333,0.0,0.0,5.160191254111715,18.677967652855372,0,1,0
S7_p004_t002_s1203773898,2026-09-23T11:59:15Z,S7,4,2,0,0,403d2c54243c3adaf6005e2f853c5065b25b092f37434bde32f518b5b9e23b2d,12000,16,1,180000,0.97718370519226,1,0.557406592090042,0.5252303196234194,0,1,173760,0.0,-0.8393072158064943,-320.0093687018986,-14.95163285736008,0.9064965343125796,0.1342756492322226,0.016805671706606518,0.08333333333333333,0.0,0.0,5.204460370010124,18.42178670155915,0,1,0
S7_p004_t003_s43333996,2026-09-23T11:59:30Z,S7,4,2,0,0,f3fab1993c6fdab8cd7b13498b41f57f9fd191487f02f7bceebe13b2a28fda75,12000,16,1,180000,0.9770587431575718,1,0.5592271518506399,0.5252303196234194,0,1,173667,0.0,-0.8479071997546566,-327.75932552528985,-14.912109621579091,0.8131203256354789,0.13162832602119795,0.016462096593841125,0.08333333333333333,0.0,7.916666666666667,5.279998614077065,18.491771490869585,0,1,0
S7_p004_t004_s1033654550,2026-09-23T11:59:45Z,S7,4,2,0,0,da2f267f6b3c952bc67bb068f7b83cae03f989845406f254727346969240a409,12000,16,1,180000,0.9773365261960698,1,0.5571252013749574,0.523848509483097,0,1,173762,0.0,-0.8370316388496533,-319.8426966347367,-14.996357846671195,0.8842331385824308,0.13641932440550625,0.017074242642593163,0.08333333333333333,0.0,0.16666666666666666,4.799345332397624,18.44000041271987,0,1,0
S7_p005_t000_s600798252,2026-09-23T12:00:00Z,S7,5,2,0,0,1c0e72dcfdc90db78439ac2d99e56eadf0ae33617631a357e1030556a29fef23,12000,16,1,180000,0.9768295494610877,1,0.5461296437546336,0.5145159131504455,0,1,173764,0.0,-0.8612910004110996,-319.6759326533647,-14.844977736459636,0.8213440053123591,0.14057722821513208,0.017594927037862362,0.08333333333333333,0.0,0.0,4.642649256895856,19.11708475851562,0,1,0
S7_p005_t001_s1358512429,2026-09-23T12:00:15Z,S7,5,2,0,0,5c9a149b95a8d6d1e0123312c99eb79c3c603527010dadd3a462a0c01c8da4aa,12000,16,1,180000,0.9767055977208826,1,0.548060608973809,0.5145159131504456,0,1,173679,0.0,-0.8671009162942257,-326.7592435431858,-14.805834233518283,0.8194681557182533,0.12988981571522482,0.016246228480213176,0.08333333333333333,0.0,6.666666666666667,5.11486326663071,19.17911254365185,0,1,0
S7_p005_t002_s475029750,2026-09-23T12:00:30Z,S7,5,2,0,0,6ed65fa1897cfa06e883653301f03018c07f544b53cf71d3424e1f625eb4a139,12000,16,1,180000,0.9766599357769474,1,0.5482913933852961,0.515820579951814,0,1,173759,0.0,-0.8681614604717542,-320.09257715347246,-14.79002759146731,0.8410550870280857,0.14316011064229875,0.017917489967658184,0.08333333333333333,0.0,0.0,4.570625775013856,19.407659488485113,0,1,0
S7_p005_t003_s686156291,2026-09-23T12:00:45Z,S7,5,2,0,0,80bc3776ed654d20b1f8a3c36f52d5ff1ccf4d8c49b2813158b95b1ec03b5868,12000,16,1,180000,0.9768152992240966,1,0.5469262129268174,0.515820579951814,0,1,173704,0.0,-0.8610382043318793,-324.67593482542117,-14.838774270965855,0.8777274676384135,0.1399002813989865,0.01750180500357601,0.08333333333333333,0.0,2.916666666666667,5.059828166189017,19.243577765525263,0,1,0
S7_p005_t004_s1322737522,2026-09-23T12:01:00Z,S7,5,2,0,0,01bf5f9f81d4796865384982c61247bb907f017b147013a5656f7c997fb464e7,12000,16,1,180000,0.9769365596689503,1,0.5448153263850589,0.5155979631963823,0,1,173739,0.0,-0.8565790035390507,-321.7592770192835,-14.870056621896687,0.8224759474448962,0.13991839323831792,0.017508967974663392,0.08333333333333333,0.0,0.0,4.766977793785173,19.132511956773133,0,1,0
S7_p006_t000_s1641734052,2026-09-23T12:01:15Z,S7,6,2,0,0,e020f84888a5f72ca92e2c3092298788cdd005a08c88f124c95059c2e6626f21,12000,16,1,180000,0.9771781265570152,1,0.5659436267312401,0.531623992137858,0,1,173729,0.0,-0.8387080274189811,-322.59272720726165,-14.969166778677215,0.9067273977133433,0.13126356817099852,0.01642461649453253,0.08333333333333333,0.0,0.0,5.6896102304719145,19.043909800015573,0,1,0
S7_p006_t001_s67837340,2026-09-23T12:01:30Z,S7,6,2,0,0,bc50add76a1bf186429364018f23acc1cc4918fc85a9c05ff1a08b5be8c08c7e,12000,16,1,180000,0.9772932778806588,1,0.5657247469450714,0.531623992137858,0,1,173685,0.0,-0.8367180565399819,-326.25938713481145,-14.996754983101447,0.81942280346327,0.12753297016649814,0.015952206507336086,0.08333333333333333,0.0,5.833333333333334,4.9801826002181775,19.141055866966006,0,1,0
S7_p006_t002_s1202997263,2026-09-23T12:01:45Z,S7,6,2,0,0,6a2e4de5660de58bd1cdcb1bcffa9edfd028dcbab8b755ff6beba252708a09ab,12000,16,1,180000,0.9171672953978651,1,0.564217218997556,0.5302036272884406,0,1,173755,0.0,-1.3627540300864018,-320.4264613444636,-7.815065629699359,47.339349877098584,-0.033332330563204796,-0.0041716411669767695,9.666666666666668,0.0,0.0,16.344707960744962,21.05076868059016,0,1,0
S7_p006_t003_s902359725,2026-09-23T12:02:00Z,S7,6,2,0,0,8d9ec5409d099b56f5ee8f3d40fbfbaed4b29b851c27e7be002923d52d7f02ce,12000,16,1,180000,0.9164464496443183,1,0.5563101972871723,0.5299111188707443,0,1,173804,0.0,-0.8406734431977729,-316.3622283021881,-14.906317997539851,0.8944249243867525,0.18209817014427235,0.022799055098403187,0.08333333333333333,0.0,3.25,5.4823621836453515,19.096196592702867,0,1,0
S7_p006_t004_s291698731,2026-09-23T12:02:15Z,S7,6,2,0,0,0e4b99a52f929fea35d287432c81f9d6ff1b8995d6431f36b5d2feffd409a674,12000,16,1,180000,0.9164290193079508,1,0.5529143671793546,0.5298739916717151,0,1,173843,0.0,-0.8381191521316953,-313.1122506746366,-14.92459037416162,0.8178452674250914,0.19109601279030625,0.023933055737870745,0.08333333333333333,0.0,3.3333333333333335,5.045690047182574,19.34486786315072,0,1,0
S7_p007_t000_s526185734,2026-09-23T12:02:30Z,S7,7,2,0,0,536d0803f828dff7b0c2aef1d3ef3348df98d63571b390268351090d692c93c7,12000,16,1,180000,0.9159037892188319,1,0.5435326605312937,0.5220729717626843,0,1,173883,0.0,-0.8455289599517848,-309.77888208542333,-14.916422057586958,0.8548330508014268,0.19412830384326615,0.024320588033788226,0.08333333333333333,0.0,0.0,5.002548142967913,18.633712878275123,0,1,0
S7_p007_t001_s318655740,2026-09-23T12:02:45Z,S7,7,2,0,0,b280279ed2c227630d9bf5cb95540cc25a614699b6a1dfe6ed82a9fec4ddec0e,12000,16,1,180000,0.9154302794972198,1,0.5445446650903571,0.5220729717626843,0,1,173833,0.0,-0.860413426343094,-313.9454528664276,-14.81215552165086,0.8154488012622485,0.18383694612470544,0.02302208460014299,0.08333333333333333,0.0,0.0,4.692306418445565,18.320438452393578,0,1,0
S7_p007_t002_s1737849473,2026-09-23T12:03:00Z,S7,7,2,0,0,484b0c665c7d653449078a9afadaedf68b82ce1e4adf85a752daf019e947f4e8,12000,16,1,180000,0.9155451589876095,1,0.5433822178089263,0.5196156555619112,0,1,173807,0.0,-0.8557471233531494,-316.11215549489197,-14.845942624452942,0.7909829589016675,0.17262471996362347,0.021613478063045477,0.08333333333333333,0.0,0.0,4.760562338821901,18.50542697996019,0,1,0
S7_p007_t003_s438300082,2026-09-23T12:03:15Z,S7,7,2,0,0,979a97d72487fa8d2bb3e8384ce7c8cdb44b828140b4411b1b8627fa8b0f4f42,12000,16,1,180000,0.9154629542270035,1,0.5444605837937191,0.5232371159668855,0,1,173793,0.0,-0.8586960854667659,-317.27879805783897,-14.826450630712207,0.8111642162328458,0.18991390890541138,0.023775512169777357,0.08333333333333333,0.0,1.0,4.693012343938663,18.511838930551104,0,1,0
S7_p007_t004_s994742111,2026-09-23T12:03:30Z,S7,7,2,0,0,74681825761790ccc4e1bbda4cadda22c6dcbc34b4581b88d81372f0d1173723,12000,16,1,180000,0.9154257040387934,1,0.5446385294487875,0.5232371159668855,0,1,173805,0.0,-0.8581946622071479,-316.27881612327957,-14.806763657464884,0.8676642638679556,0.18474778207075504,0.023130976558604743,0.08333333333333333,0.0,355.5833333333333,4.9096383539175,18.543220996165843,0,1,0
S7_p008_t000_s434073307,2026-09-23T12:04:00Z,S7,8,2,0,0,caac652df76c646662c22326143ffca97dda8608e0a01f2fc6729254236a439d,12000,16,1,180000,0.9160900769607916,1,0.5469942780965538,0.5191450223152942,0,1,173733,0.0,-0.8526057518690887,-322.2788085185657,-14.82807898346943,0.898055025943124,0.17206897332550894,0.021531162701194262,0.08333333333333333,0.0,2.0,4.750329914230464,18.869724058233494,0,1,0
S7_p008_t001_s1584181983,2026-09-23T12:04:15Z,S7,8,2,0,0,36f4436f0c2f3c6a56384869fe39efdde7920fdfad32c3cc83e23547ffe7a126,12000,16,1,180000,0.9158216496434196,1,0.5456308624077075,0.5191450223152942,0,1,173757,0.0,-0.8587268816779691,-320.27878255086097,-14.777793882835635,0.8666959452157391,0.18250871444380232,0.02284187815621408,0.08333333333333333,0.0,0.0,4.966396534981501,19.26310829293646,0,1,0
S7_p008_t002_s69311790,2026-09-23T12:04:30Z,S7,8,2,0,0,69703ab76650e8aed013d14bf052d73904253b69cdd8becee936cbcb5101e234,12000,16,1,180000,0.91609650054066,1,0.545753688163208,0.5175979408315418,0,1,173707,0.0,-0.8548635371430803,-324.4454520029285,-14.812434630731623,0.7821218552713703,0.15338090037576765,0.019188717541510414,0.08333333333333333,0.0,0.0,4.672015604572186,19.068808887148737,0,1,0
S7_p008_t003_s449200011,2026-09-23T12:04:45Z,S7,8,2,0,0,e35e6769af22a04a92c981943caa66d080f5401ed33534274ac9a63fb1cf9445,12000,16,1,180000,0.9164196360588484,1,0.5477087780066537,0.5213817679223924,0,1,173671,0.0,-0.8462159500003429,-327.44551061270795,-14.856903815242346,0.7687452214616791,0.16087426743027888,0.020120383753237547,0.08333333333333333,0.0,7.416666666666667,4.3835505194688515,18.990883793333992,0,1,0
S7_p008_t004_s63363653,2026-09-23T12:05:00Z,S7,8,2,0,0,c3a587addc12b53bb8916e63d193d42e514e90547b91ba4be90442c1dcd076ac,12000,16,1,180000,0.9162807147878191,1,0.5462865830335937,0.5213817679223924,0,1,173760,0.0,-0.848837297178902,-320.0288313207905,-14.844135676643813,0.8281649591101964,0.15219541738613462,0.019048474049213837,0.08333333333333333,0.0,0.0,4.668775902329175,18.97918008376221,0,1,0
S7_p009_t000_s244638474,2026-09-23T12:05:15Z,S7,9,2,0,0,40bfa161a6c04f1dc7ce8d4644be1d33fb9d2d16e999ce0dead7398e0217aaba,12000,16,1,180000,0.9158385620612156,1,0.5457328679546716,0.5185299109364768,0,1,173757,0.0,-0.8591937318160734,-320.27875845874104,-14.799218700586609,0.8157643692220246,0.09797386710527958,0.012261919337561267,0.08333333333333333,0.0,0.0,4.483967440003804,19.207838807019886,0,1,0
S7_p009_t001_s1024747382,2026-09-23T12:05:30Z,S7,9,2,0,0,9b9618db35ab8fc0e163b512af46dfe44a96781a25f088ff96023961416a75a3,12000,16,1,180000,0.9162520510608528,1,0.5494060464589379,0.5193471255338729,0,1,173690,0.0,-0.8508883630308473,-325.86214175835386,-14.830532349041302,0.8330409751132626,0.10066204636706858,0.012591614055963873,0.08333333333333333,0.0,4.666666666666667,5.174446542659778,19.00159097053727,0,1,0
S7_p009_t002_s1710014650,2026-09-23T12:05:45Z,S7,9,2,0,0,e8b72f706a68e0df1f279913d2bb02af1982e5222a889402a688f9a895d68bf5,12000,16,1,180000,0.6900388494029782,1,0.45152803782575734,0.5193471255338729,0,1,173974,0.0,-3.289769754075852,-302.137739790093,-0.9224309630451395,39.18654986941212,1006.467504756249,126.18284400630046,9.833333333333332,0.0,0.75,15.11210504964086,31.268069079754717,0,1,0
S7_p009_t003_s884232894,2026-09-23T12:06:00Z,S7,9,2,0,0,8eb7f55cc1f9ac8473faf95089260fc4915890ba9276ca3d6003ad6918fdd1af,12000,16,1,180000,0.9128875670231769,1,0.5510397125836934,0.5185942515513206,0,1,173983,0.0,-0.8612744606263466,-301.3882834964467,-14.64700704500435,0.9301334080125425,0.04618409198892914,0.005790607637663925,0.08333333333333333,0.0,0.0,5.006006482522759,17.415955257703338,0,1,0
S7_p009_t004_s381684354,2026-09-23T12:06:15Z,S7,9,2,0,0,d27bbc09739170975f7ab05b023cf494ef1f8fba207b5bb831e406b7bf350296,12000,16,1,180000,0.9123911730511399,1,0.5477494478540964,0.5157235389015721,0,1,173929,0.0,-0.8686904169039945,-305.88826874291533,-14.596997435737553,0.8920195756379403,0.041481376453671996,0.0051987364668093505,0.08333333333333333,0.0,0.75,4.530940239871156,17.251186161550194,0,1,0
S7_p010_t000_s1725325771,2026-09-23T12:06:30Z,S7,10,2,0,0,11e171038456abb8563155281fbfdf4c767c41ea8f9d1ca957aa8cb8b25b2a8c,12000,16,1,180000,0.9138262786989853,1,0.5569010482099006,0.5242532269908602,0,1,173938,0.0,-0.8481063419265084,-305.1383068246826,-14.733728717436028,0.2476495261022103,0.004741754721500981,0.000594312569774047,0.08333333333333333,0.0,4.666666666666667,5.082481778487746,17.770778070738615,0,1,0
S7_p010_t001_s225898935,2026-09-23T12:06:45Z,S7,10,2,0,0,98cd91d8a4b62d6bcedce9f5dccd9a634ce9f375fa482f5b303d60d9545a5549,12000,16,1,180000,0.9141125903663172,1,0.5588107309145431,0.5272178306604747,0,1,173994,0.0,-0.8459349881951749,-300.4716570386324,-14.722887347294456,0.2565150352412757,0.006798416574565009,0.0008524670511178556,0.08333333333333333,0.0,0.0,4.700092521787736,17.722152617137592,0,1,0
S7_p010_t002_s121109330,2026-09-23T12:07:00Z,S7,10,2,0,0,e46b379e41919d5d1fb962c95f8e397af7cced15a317672fc574c45237800780,12000,16,1,180000,0.9145200050628801,1,0.5595297129446458,0.5282837824331416,0,1,173986,0.0,-0.8391577526485478,-301.13833087677205,-14.787521955660075,0.2619937442031453,0.011222217387935477,0.0014070865049689019,0.08333333333333333,0.0,0.0,6.084930389413501,17.927644312651296,0,1,0
S7_p010_t003_s1579862089,2026-09-23T12:07:15Z,S7,10,2,0,0,693d36d35a9a54523c021ed24894ffe6e833a7f09234f6eae6f6dbf208f80f1c,12000,16,1,180000,0.914244350817942,1,0.5622396593136323,0.5282837824331416,0,1,173908,0.0,-0.843376146467073,-307.6383224065751,-14.754477268515696,0.26390267078039353,0.010161371141355159,0.0012732807722386497,0.08333333333333333,0.0,7.583333333333333,5.662385293622935,17.890241516046103,0,1,0
S7_p010_t004_s535444324,2026-09-23T12:07:30Z,S7,10,2,0,0,958e631a9feb4fc8b2b9a3f9a142cd3a4bd1d53746cab3dac2eef3ed311f5222,12000,16,1,180000,0.9142973671714805,1,0.5579846564519998,0.5279076612815669,0,1,173999,0.0,-0.8427777797643863,-300.05498785454745,-14.758303578153187,0.3003340367732344,0.011655360361440404,0.0014615472232435422,0.08333333333333333,0.0,0.0,5.2905583163387115,17.796348448888267,0,1,0
S7_p011_t000_s204855309,2026-09-23T12:07:45Z,S7,11,2,0,0,b61949e54bfc8f09abd13c70e92a695ee54c92d711930cc55895c66bf15f7111,12000,16,1,180000,0.9048473921265717,1,0.48068661644315425,0.45231929108613933,0,1,173901,0.0,-0.9670813657024241,-308.22130906491475,-14.129258308216503,0.7655254373885579,0.07375202972934067,0.009241055573056656,0.08333333333333333,0.0,5.25,4.627531112830652,16.36769020523875,0,0,0
S7_p011_t001_s469311326,2026-09-23T12:08:00Z,S7,11,2,0,0,e5d42dee22b81a16415a04042ea6f22084823e010fcd8f1dcc87b8de4b1582a0,12000,16,1,180000,0.9042243008967376,1,0.4816462915444337,0.45231929108613933,0,1,173964,0.0,-0.9745718030978725,-302.9712960570062,-14.093731974536382,0.7524930457032448,0.07232291310010792,0.009066545032055728,0.08333333333333333,0.0,0.0,5.156813652845353,16.319746404487404,0,0,0
S7_p011_t002_s1591257218,2026-09-23T12:08:15Z,S7,11,2,0,0,ffbc9453ea8456b198adff0e471e73b6872becb6add65e817749fd970e17ff15,12000,16,1,180000,0.9046805835161309,1,0.48060182021772674,0.4518750769272966,0,1,173917,0.0,-0.9687633578162724,-306.8879750326432,-14.121625100520571,0.7318396100428742,0.07126327289652053,0.00893035704302747,0.08333333333333333,0.0,7.0,4.931541161459696,16.56406999693669,0,0,0
S7_p011_t003_s912460123,2026-09-23T12:08:30Z,S7,11,2,0,0,e6e6dea8639d8b4463dfcb46046d0aa24b9e3e99903fa2b171aeee50c3b90371,12000,16,1,180000,0.9044750756472307,1,0.4805652933510077,0.45187507692729667,0,1,174001,0.0,-0.9708394134662173,-299.88795959847994,-14.126273367828679,0.7775900071949716,0.0746257536690074,0.00935799488433986,0.08333333333333333,0.0,0.0,4.588952772639117,16.465344558782718,0,0,0
S7_p011_t004_s1430561939,2026-09-23T12:08:45Z,S7,11,2,0,0,f3ede491879ee9dbfceb1538b81cca4053f92e5d4a1eb1d515ef4dccc76671f5,12000,16,1,180000,0.904493214558255,1,0.48023068414971837,0.4515977985426414,0,1,173976,0.0,-0.9702851618984497,-301.97129966287866,-14.12211238854236,0.7748353986413818,0.07607712126547828,0.009538093001538073,0.08333333333333333,0.0,333.0833333333333,5.147935347476586,16.512192306107558,0,0,0
S7_p012_t000_s516013663,2026-09-23T12:09:15Z,S7,12,2,0,0,fa87cc966686159a364362553e13baa621f8c7c23e60ba236f6ff76c7a52d589,12000,16,1,180000,0.9002041028003845,1,0.4369677347977871,0.40891764220161214,0,1,173752,0.0,-1.0269798608432352,-320.63780027433495,-13.884480521435766,0.7290399112425073,0.07018031329370492,0.008783066208707169,0.08333333333333333,0.0,1.4166666666666667,4.593196656104089,15.926513895589123,0,0,0
S7_p012_t001_s603633460,2026-09-23T12:09:30Z,S7,12,2,0,0,6307713cc3bb284d7b5df0b209a1f5579e2f90903db4bcf8260a98a106f9efd2,12000,16,1,180000,0.8993387238248668,1,0.438380451640255,0.40980042810956596,0,1,173769,0.0,-1.0390996400458166,-319.22111195838136,-13.823830781620233,0.6988444155765206,0.06816162395855312,0.008531585986020218,0.08333333333333333,0.0,0.0,5.066087449480643,15.8640585327733,0,0,0
S7_p012_t002_s71905326,2026-09-23T12:09:45Z,S7,12,2,0,0,41779f5bd5de9c834f490894d15ac1560b319e766d21cd0cc29dc354d0a73153,12000,16,1,180000,0.9005954406597593,1,0.4401928089704667,0.41032089237967717,0,1,173752,0.0,-1.0212218918308626,-320.63780743935,-13.916949762504874,0.6996735454432799,0.0679066675359798,0.008498519442127872,0.08333333333333333,0.0,0.0,6.119151293128457,15.514612905426477,0,0,0
S7_p012_t003_s1310018168,2026-09-23T12:10:00Z,S7,12,2,0,0,ab278f8fb2e2b014e9720c75cf428f62b4ba943651fbada5b6e4ed1235e94a71,12000,16,1,180000,0.9002975841830665,1,0.44140744967280754,0.4115563588735712,0,1,173696,0.0,-1.0256380044209703,-325.304467476811,-13.894408720833457,0.7115355519837862,0.06916151738623219,0.00865169085591333,0.08333333333333333,0.0,0.08333333333333333,5.120620952741891,15.928269275518964,0,0,0
S7_p012_t004_s1348406889,2026-09-23T12:10:15Z,S7,12,2,0,0,a786c253687c6bdbc15231b3e63ce34f8a7807079e123b67d5850fa859a4596f,12000,16,1,180000,0.9006707303335287,1,0.4400744114296073,0.4115563588735712,0,1,173697,0.0,-1.0210026182681877,-325.22114702269937,-13.908960166408393,0.7192639756841795,0.06941317955487508,0.008683241696417099,0.08333333333333333,0.0,2.0,4.932265305227138,15.634410971526819,0,0,0
S7_p013_t000_s1579884569,2026-09-23T12:10:30Z,S7,13,2,0,0,2481099309caa4c2a45f22c2e211975949f73da1e7a55178c2bba5c8f22f0bdd,12000,16,1,180000,0.8962504492857876,1,0.40519306725283855,0.3758831749902286,0,1,173721,0.0,-1.0789276298544705,-323.2209769683359,-13.686427055086629,0.6479946003833494,0.06631980682176411,0.008297867909732304,0.08333333333333333,0.0,0.0,4.893189106543657,15.372798954836817,0,0,0
S7_p013_t001_s1427301707,2026-09-23T12:10:45Z,S7,13,2,0,0,e4ad5bf0632db57859bfa3530c4f0c34aaba67881fd3f9d08238c9ca9ac4de5d,12000,16,1,180000,0.8962953649224247,1,0.40616776020754136,0.3761492632807654,0,1,173697,0.0,-1.0782715116314192,-325.2209818526923,-13.689964514502265,0.6952821013553995,0.06975246679147813,0.008725684833279956,0.08333333333333333,0.0,0.0,5.073094087426796,15.389267686557297,0,0,0
S7_p013_t002_s773490239,2026-09-23T12:11:00Z,S7,13,2,0,0,8441b50d19f8dfdf9a6a5b426b9f2cb5bd1259803605ab40b4061211aa6d6fba,12000,16,1,180000,0.8958448929668807,1,0.4034998043151986,0.37614926328076553,0,1,173692,0.0,-1.0844224055861469,-325.6376370736022,-13.655559502253617,0.6526948463279496,0.07057034840052197,0.008827644881421293,0.08333333333333333,0.0,0.08333333333333333,5.624350175249102,15.297797579685318,0,0,0
S7_p013_t003_s811508310,2026-09-23T12:11:15Z,S7,13,2,0,0,7ad5979a3b2aa4ad69a61f317eef5883f44f58819e9a06acaebfa7ecdccac02e,12000,16,1,180000,0.8957693618225622,1,0.4044959503497103,0.37662107669554673,0,1,173693,0.0,-1.0847546276256772,-325.5542996048086,-13.666898411156955,0.5932815192638013,0.06767536307071328,0.008465578841878596,0.08333333333333333,0.0,3.1666666666666665,5.053512936048431,15.295988111273433,0,0,0
S7_p013_t004_s1152378489,2026-09-23T12:11:30Z,S7,13,2,0,0,79e8c8903f8a0cf42d0cf16d5da595767af948e92b75998197d22f78de842c1d,12000,16,1,180000,0.8952739094264673,1,0.4466768126946083,0.418668082892591,0,1,173731,0.0,-1.0907108195058879,-322.3876204171071,-13.63991511868644,0.632256558558989,0.07094919042122945,0.00887780124821802,0.08333333333333333,0.0,0.16666666666666666,4.716499290138561,15.369874201820197,0,0,0
S7_p014_t000_s169517745,2026-09-23T12:11:45Z,S7,14,2,0,0,db543f2e1fd27374bafa83451ec03f094cba7dbc4b107a6ece6ae571e3b535aa,12000,16,1,180000,0.9149668054127691,1,0.562362361976663,0.5355012409278291,0,1,173733,0.0,-0.8345374072735644,-322.2216778861275,-14.797836569018548,0.8975490112289051,0.0793943183788576,0.009934690453064832,0.08333333333333333,0.0,0.0,5.684264063578618,17.04933350351252,0,1,0
S7_p014_t001_s1958578526,2026-09-23T12:12:00Z,S7,14,2,0,0,4e6e2935769b539901cb7d2c85d916405a1ce0c250653bed09a7e768db3ecb49,12000,16,1,180000,0.9149406673024976,1,0.5614739788318244,0.5355012409278291,0,1,173675,0.0,-0.8355336298844835,-327.055016979269,-14.782866187003126,0.8770057292109827,0.0859062849266059,0.01074455677462538,0.08333333333333333,0.0,1.6666666666666667,4.829086565552012,16.99982666553176,0,1,0
S7_p014_t002_s300372675,2026-09-23T12:12:15Z,S7,14,2,0,0,52a96717ebc7622c6d2e961c0ef4644173cabd6149cee40395c19e5e0a362090,12000,16,1,180000,0.9146779306398076,1,0.5622211645486802,0.5333600952674142,0,1,173695,0.0,-0.8397765580963091,-325.3883485996812,-14.749998760052996,0.8717019682565172,0.0776188073857579,0.009709569472306612,0.08333333333333333,0.0,3.1666666666666665,4.85790228565402,17.134068759336845,0,1,0
S7_p014_t003_s1706399720,2026-09-23T12:12:30Z,S7,14,2,0,0,ba9d64f8bf05dcb2b15b8fc2800560581ea58c580ef696544a8a3959cce85e49,12000,16,1,180000,0.9145202343146656,1,0.5614051414657943,0.5339815998564005,0,1,173733,0.0,-0.8393337515545347,-322.2216537693772,-14.789220038966542,0.9194253034235944,0.08802247919913897,0.011014340844667458,0.08333333333333333,0.0,0.0,5.122476938284475,17.107037276829907,0,1,0
S7_p014_t004_s1200012924,2026-09-23T12:12:45Z,S7,14,2,0,0,0141b0ed4ef36b334b7b464b27e6b953c1e644d25bd9f94dc54e9fb7ffd6c7f8,12000,16,1,180000,0.9146373417732716,1,0.5586058867709431,0.5339815998564005,0,1,173710,0.0,-0.8392298755523857,-324.1383383529028,-14.764676070031173,0.8664309614333531,0.0827621779752475,0.010354210562127264,0.08333333333333333,0.0,0.08333333333333333,5.072615089736995,17.27650598142081,0,1,0
S7_p015_t000_s1755520088,2026-09-23T12:13:00Z,S7,15,2,0,0,c07716549c9c49cfb1e430163d5c7bd3b702db091921745eb48a107a23107426,12000,16,1,180000,0.9128482620274126,1,0.550294465525183,0.520557629727911,0,1,173711,0.0,-0.8618877051991171,-324.054941514701,-14.646909015180347,0.8800699820239488,0.07777085945340836,0.009729834455356468,0.08333333333333333,0.0,4.083333333333333,5.1923435156404105,17.978017506193787,0,1,0
S7_p015_t001_s1047827504,2026-09-23T12:13:15Z,S7,15,2,0,0,5b907d1dbf566ec34eae1dd84ea4d4923ac6b2a69461f91d79956adcea4d5919,12000,16,1,180000,0.7610325509556523,1,0.43351638610436455,0.520557629727911,0,1,173881,0.0,-2.9083482204481648,-309.93327931344663,-1.8091267277129661,23.50787249075822,961.2399285177554,120.42317700477588,9.583333333333332,0.0,0.0,17.445322594878537,32.01193053582148,0,1,0
S7_p015_t002_s1284285689,2026-09-23T12:13:30Z,S7,15,2,0,0,0ba5ec341ec2c9ef3aebaef2cefd3ac762d3376adf062ab80ac339312712d84f,12000,16,1,180000,0.9768146719300527,1,0.5502510661890028,0.5186439775608325,0,1,173797,0.0,-0.860250168562069,-316.9259368424264,-14.83560729617942,0.864878308429827,0.11751805249723192,0.014712672582390951,0.08333333333333333,0.0,1.0,5.422649383133962,18.9055734851361,0,1,0
S7_p015_t003_s734715196,2026-09-23T12:13:45Z,S7,15,2,0,0,f8c423d98fcfc9d1ab93a48c0ae316a43f4fc917399c7ec498bae5f95cf76e3b,12000,16,1,180000,0.9769598707062038,1,0.5533542840756356,0.519670351524659,0,1,173809,0.0,-0.8518677394379626,-315.9259773135661,-14.882282547417576,0.8780992886194116,0.12244091644788968,0.015330459825690923,0.08333333333333333,0.0,4.5,4.7607433149381,19.12076468494191,0,1,0
S7_p015_t004_s1450783488,2026-09-23T12:14:00Z,S7,15,2,0,0,effb667b7846f241c61aa6c35b13cb5ceb9c9765887a82d1191b0a4d3f3cc82f,12000,16,1,180000,0.9768057602210105,1,0.5533927506606172,0.519670351524659,0,1,173863,0.0,-0.8555114815767618,-311.42597311670886,-14.847303022171987,0.8188090562692357,0.11901051596258524,0.01490737623998939,0.08333333333333333,0.0,337.8333333333333,4.8221043786477304,19.192331426655485,0,1,0
S7_p016_t000_s313172177,2026-09-23T12:14:30Z,S7,16,2,0,0,bec57d9c4bc240198764e8ed1e514aa503ed0284809a6625037ad6ae5a796563,12000,16,1,180000,0.9770593003631033,1,0.5509587170973935,0.5191460956900235,0,1,173644,0.0,-0.8475521422950062,-329.67599437117616,-14.910292414055487,0.9240458832755692,0.1460272442060158,0.018259538670008624,0.08333333333333333,0.0,2.0,4.955588123134902,18.347396406626142,0,1,0
S7_p016_t001_s95670008,2026-09-23T12:14:45Z,S7,16,2,0,0,e8319e74fc621c03ee913fc79e3e256f9224fdc70a65b011abd62c56a3143fc5,12000,16,1,180000,0.9769384222366112,1,0.5519270161889175,0.5211593739572735,0,1,173668,0.0,-0.8530403296610782,-327.6759765832685,-14.875407594541274,0.8592039381388693,0.1409547975056631,0.017628652704843262,0.08333333333333333,0.0,4.0,4.955138861891305,18.44089201394813,0,1,0
S7_p016_t002_s762227068,2026-09-23T12:15:00Z,S7,16,2,0,0,125f201fc0730ca1d39bc99d70e54c677cee2204eef03b982660941a2e806702,12000,16,1,180000,0.9770557045727943,1,0.5535399519820742,0.5211593739572736,0,1,173716,0.0,-0.8478725820199197,-323.6759868293369,-14.90704274762332,0.824310920161941,0.14142219576571094,0.017693896601031156,0.08333333333333333,0.0,0.0,4.868004980526514,18.174792541678244,0,1,0
S7_p016_t003_s804352794,2026-09-23T12:15:15Z,S7,16,2,0,0,889715130f0b6f1bfa46d59058f052cd90171eaa76ea120c21bc660344452c8e,12000,16,1,180000,0.9770796175211108,1,0.5540796448621532,0.5214470255829986,0,1,173660,0.0,-0.8503946623542007,-328.34263630395253,-14.911106520265474,0.9076505498627465,0.15504378183995907,0.0193894652693416,0.08333333333333333,0.0,6.083333333333333,4.926978110209196,18.601731752600447,0,1,0
S7_p016_t004_s1354763437,2026-09-23T12:15:30Z,S7,16,2,0,0,630fc41ca1571d832a2c713541c641dddaed88988b613978648e205e9bb58d69,12000,16,1,180000,0.9770169630443908,1,0.5523110492847901,0.5214470255829986,0,1,173733,0.0,-0.8492081609383951,-322.25932270872846,-14.899212164988018,0.8844585160514382,0.14023786050358877,0.01754810372267457,0.08333333333333333,0.0,0.0,4.913721839427196,18.253267192805712,0,1,0
S7_p017_t000_s1440417717,2026-09-23T12:15:45Z,S7,17,2,0,0,8d6ddc8478e182f712b9b89fb70a800802c0f9dce1dfbd43221eddc98e2ce70e,12000,16,1,180000,0.9768027121956583,1,0.5458001924918453,0.5129358880074271,0,1,173709,0.0,-0.8593898257702594,-324.25928128842196,-14.831235206083107,0.8166467693336315,0.1268419781510908,0.015868819360548514,0.08333333333333333,0.0,0.0,4.671674975092171,19.338156016830034,0,1,0
S7_p017_t001_s1958295760,2026-09-23T12:16:00Z,S7,17,2,0,0,12aeb298a07dc0481cfe2e1da3b46bf7d070f496efb48af8cc4920113ce9ef1a,12000,16,1,180000,0.9768357259580905,1,0.5488109673846384,0.5153969240471419,0,1,173643,0.0,-0.8615969171428951,-329.7592619052375,-14.841272243933638,0.7629022818788568,0.126199768258684,0.015780145222834108,0.08333333333333333,0.0,3.0833333333333335,5.2660096318827785,19.30024854172643,0,1,0
S7_p017_t002_s1141094124,2026-09-23T12:16:15Z,S7,17,2,0,0,ca9f8ccca033d01be7743912c0d0254b3a91b0d1f5f5d2622ea4a4b12ec84e69,12000,16,1,180000,0.9770743258816333,1,0.5475721458235556,0.5167923516845173,0,1,173680,0.0,-0.851722969191204,-326.67596017598527,-14.911449256677793,0.8874265381441709,0.12279516279648166,0.015358973372258333,0.08333333333333333,0.0,5.0,4.824380592361297,19.4501268953636,0,1,0
S7_p017_t003_s678609270,2026-09-23T12:16:30Z,S7,17,2,0,0,039db9d91baa1dfbd46f245f687d3e472aa973552134716ba00ad55c5eccf33b,12000,16,1,180000,0.976834637721036,1,0.548087548338502,0.5167923516845172,0,1,173740,0.0,-0.8583650978223335,-321.67594647629204,-14.845712982889562,0.8743211651518321,0.12372477572005557,0.015482670984056313,0.08333333333333333,0.0,0.0,4.7452553545611424,19.419896534542907,0,1,0
S7_p017_t004_s2097649527,2026-09-23T12:16:45Z,S7,17,2,0,0,11267fedbc637c9d98b42d553c6fac8f50661987fd2013552cb56b6b20f1937c,12000,16,1,180000,0.9768196535172565,1,0.5465293570417626,0.516102839019976,0,1,173718,0.0,-0.8630729168669804,-323.50924537083665,-14.834134797933734,0.8164217262163932,0.1278898996891304,0.016001072689505236,0.08333333333333333,0.0,0.0,4.820219682242087,19.4181064794402,0,1,0
S7_p018_t000_s54616312,2026-09-23T12:17:00Z,S7,18,2,0,0,b3043885f9433eda8fd25ba8b407850a87c33da62f667b7de6b6a82c9c24ffef,12000,16,1,180000,0.4134403028643457,1,0.22641950664595295,0.5214536280039387,0,1,173889,1.0,-8.151159950448964,-309.26542452973626,6.563188915508747,39.86799323927014,1953.814513141245,244.78755890792718,10.25,0.0,3.1666666666666665,6.289256416645509,20.812635120551338,0,1,0
S7_p018_t001_s952590612,2026-09-23T12:17:15Z,S7,18,2,0,0,8cdf2cc5c65eac0d3bd5c31ec3224e267143a590640b3cddd2cc787b205d897e,12000,16,1,180000,0.9162589319655199,1,0.5448772595805188,0.5214536280039387,0,1,173927,0.0,-0.8482155875233728,-306.1121730550798,-14.850032433519631,0.8106986909038106,0.17535224254874154,0.02197601979742103,0.08333333333333333,0.0,0.0,5.141982636750224,19.18078819843454,0,1,0
S7_p018_t002_s42992291,2026-09-23T12:17:30Z,S7,18,2,0,0,15f95a858b15a97bd634b04c441c2823ef7538e17f3104443bd89cce3b42cfd8,12000,16,1,180000,0.9158127107267319,1,0.5451752197710541,0.518290137308101,0,1,173886,0.0,-0.8597227867359402,-309.5287575346871,-14.805447264819913,0.8585701155411178,0.17497828355629844,0.021921979277067294,0.08333333333333333,0.0,6.5,5.041273377700049,19.293765399460735,0,1,0
S7_p018_t003_s1754123281,2026-09-23T12:17:45Z,S7,18,2,0,0,81498c805695f4d3b94dd4e1f06e550d32d5ce5e5abfe18b98c3c439d38e8ce1,12000,16,1,180000,0.9159479777432734,1,0.545240751167942,0.5199347640260285,0,1,173964,0.0,-0.857409768577879,-303.02877553170885,-14.793193757177225,0.8835042684871612,0.17058372122723445,0.021384716460488562,0.08333333333333333,0.0,1.5833333333333333,4.720036021527351,19.212535662732147,0,1,0
S7_p018_t004_s2136748643,2026-09-23T12:18:00Z,S7,18,2,0,0,c432e2e6ee3595b5c70c29cb2c3d8bc0c0ca753f643ce120475f165dc1d32a21,12000,16,1,180000,0.9158321782207197,1,0.5441298875801222,0.5199347640260283,0,1,173983,0.0,-0.8566125524914409,-301.44544456645843,-14.828873044492498,0.8257963077205382,0.17008411301326112,0.02132531617371569,0.08333333333333333,0.0,0.0,4.743619748877017,19.24302817330786,0,1,0
S7_p019_t000_s2055416690,2026-09-23T12:18:15Z,S7,19,2,0,0,af7105ad11936e59b9f7b1f68b4702434bec50cb3ae9689bc502f18ef9c47d08,12000,16,1,180000,0.9159097254231042,1,0.5470024026237761,0.5215612309893869,0,1,173934,0.0,-0.8566578000583214,-305.52879545695515,-14.786752463103754,0.8411394680122524,0.19484365308933438,0.024420144728992454,0.08333333333333333,0.0,0.0,5.172258976918575,19.123991640065295,0,1,0
S7_p019_t001_s2007325368,2026-09-23T12:18:30Z,S7,19,2,0,0,41b9b9d0430de646a6f31391fd75695de117c53018bb96f45b239dddf84d427b,12000,16,1,180000,0.9163587146365018,1,0.5463245164034011,0.5215612309893868,0,1,173918,0.0,-0.847225501346775,-306.8621561880391,-14.87504506666122,0.7995121974702433,0.19563462399408194,0.024516148540442373,0.08333333333333333,0.0,0.5833333333333334,4.78350186726727,19.314946639981414,0,1,0
S7_p019_t002_s1837273558,2026-09-23T12:18:45Z,S7,19,2,0,0,c146e3a54733c9cdbead8f1b4b2dc6d58d4ca821f57236abcca456bf68995f9f,12000,16,1,180000,0.9161233382952066,1,0.5456247277785324,0.5203377358061028,0,1,173925,0.0,-0.8542298239020586,-306.2787973780705,-14.800296676217517,0.8303510738650699,0.17954748716431157,0.02250142973389302,0.08333333333333333,0.0,2.916666666666667,4.826211229291468,19.066562219431525,0,1,0
S7_p019_t003_s1703565559,2026-09-23T12:19:00Z,S7,19,2,0,0,c49bcd750ae76b1fb013a29cde6e349f65f4fd0cc1e72bb1cc2b1189e3753ffa,12000,16,1,180000,0.9162141040542906,1,0.5451341876448993,0.5203377358061028,0,1,173960,0.0,-0.8507502011797584,-303.36214683173966,-14.840818994995175,0.8717907015010752,0.1965642592365359,0.024640902409373666,0.08333333333333333,0.0,0.0,4.591971433741607,19.45262008375384,0,1,0
S7_p019_t004_s989415578,2026-09-23T12:19:15Z,S7,19,2,0,0,5693605e466a58ba49602d40b3ed5c32f6292bee283a58587bdaba3816a5e95c,12000,16,1,180000,0.9160485210477038,1,0.5421488418221833,0.5200752091190527,0,1,173936,0.0,-0.8553848294103761,-305.36211924648285,-14.801456978015672,0.7680790038984646,0.18764077902640264,0.023517769398495147,0.08333333333333333,0.0,342.0,4.705574011797139,19.131670979204266,0,1,0
S7_p020_t000_s11753295,2026-09-23T12:19:45Z,S7,20,2,0,0,0dc800857670ff253a346c8b97d45d1c6bef3f9f92c7215b0918f29b10f9f53e,12000,16,1,180000,0.9161924314434553,1,0.5546705772125523,0.5254288041486718,0,1,173660,0.0,-0.8501565239076099,-328.3621628134624,-14.832317512998884,0.8649924322039897,0.1542707050344862,0.019292785830202774,0.08333333333333333,0.0,3.3333333333333335,4.405563932712659,18.891115285558655,0,1,0
S7_p020_t001_s127051996,2026-09-23T12:20:00Z,S7,20,2,0,0,f04e7fc2cc3e08016e44431d1e2074df2df766380c94c8fb293c8e317274e3a6,12000,16,1,180000,0.9164004173378841,1,0.552663340535162,0.5256669929855555,0,1,173700,0.0,-0.8438247665842237,-325.028880633415,-14.863765409066612,0.8770838235921186,0.18749744068999097,0.023455554835436487,0.08333333333333333,0.0,2.6666666666666665,4.780239703780203,18.837878896313942,0,1,0
S7_p020_t002_s1814410164,2026-09-23T12:20:15Z,S7,20,2,0,0,672c1d67dbe6b90666929e51992fc1376aea1c6b6eb6a12c2aab81a816985d23,12000,16,1,180000,0.9162740635345666,1,0.5515085157847205,0.5271756313819506,0,1,173732,0.0,-0.8474970055319413,-322.362178625485,-14.850616125931683,0.8925208694269202,0.17681328683519187,0.022124646581687557,0.08333333333333333,0.0,1.1666666666666667,4.940869483817437,18.902363137289356,0,1,0
S7_p020_t003_s622957244,2026-09-23T12:20:30Z,S7,20,2,0,0,18fd03f65615dc10d2a194c081b4e97bfc3fd279ddeeb8a502d9ab5f72f3752c,12000,16,1,180000,0.9166852320904392,1,0.5521960558053755,0.5282992499915897,0,1,173746,0.0,-0.838790254431109,-321.19556521840906,-14.894917034407747,0.8560264543335179,0.186500283429989,0.023339391469562543,0.08333333333333333,0.0,0.0,4.7049866745425595,18.79084062778082,0,1,0
S7_p020_t004_s1019946476,2026-09-23T12:20:45Z,S7,20,2,0,0,c831414a2a9af77972c0c3e715c5bdc14066af5865fcb29474092ff5ea4b69d8,12000,16,1,180000,0.9165434404206758,1,0.5513208656170883,0.5282992499915897,0,1,173658,0.0,-0.8411850001439929,-328.5288758786895,-14.89270022530458,0.8753581334936734,0.17065819427834417,0.021341831143672607,0.08333333333333333,0.0,360.4166666666667,5.227173579424677,19.03002735653063,0,1,0
S8_p000_t000_s1451638557,2026-09-23T12:21:15Z,S8,0,12,0,0,94857745634a28e112c027d56a55d12761cc7ea654d3eae84292bb461b9af202,12000,16,1,180000,0.9247042674915268,1,0.7469792644169122,0.7813339612689649,0,1,173746,0.0,-0.6780885804292489,-321.195718304228,-17.51260666624795,0.9922831640426943,0.0850744158447164,0.01064655269647119,0.08333333333333333,0.0,0.08333333333333333,5.1684827338452415,17.88092853378484,0,1,0
S8_p000_t001_s686175255,2026-09-23T12:21:30Z,S8,0,12,0,0,75aeea8831643ebbeaed1c7cfd1f766ee837f116073f595f36f6fceb3257b3d1,12000,16,1,180000,0.9246290919964277,1,0.7476247023878995,0.782031835052609,0,1,173747,0.0,-0.6810395318642536,-321.11235181511074,-17.512187015652252,0.9601447315469898,0.08470946668732514,0.010600966208585305,0.08333333333333333,0.0,0.0,5.3213551969852775,17.957013692713556,0,1,0
S8_p000_t002_s147853078,2026-09-23T12:21:45Z,S8,0,12,0,0,fa366128c1a76bec70367cb296ebe5908e9325c8c367ef8f7367e6f378baac5a,12000,16,1,180000,0.9248563242936723,1,0.7472943029350162,0.782031835052609,0,1,173664,0.0,-0.6761520996296158,-328.0290517383813,-17.547089015949037,0.9697652020373909,0.0860534438343124,0.010762015792806778,0.08333333333333333,0.0,6.5,4.744578668557305,18.06501017251496,0,1,0
S8_p000_t003_s1651849846,2026-09-23T12:22:00Z,S8,0,12,0,0,5d6d95116dedba25e43156b1484f8330beaf0e747d8982341f8cfe0515a1b32c,12000,16,1,180000,0.9246156924290768,1,0.7469950933188976,0.7812855341615296,0,1,173742,0.0,-0.6815465566653801,-321.5290173526034,-17.49695567300755,0.997946641504061,0.08253178514104137,0.010328027592549915,0.08333333333333333,0.0,0.0,5.482350960530392,17.915374601276596,0,1,0
S8_p000_t004_s285589846,2026-09-23T12:22:15Z,S8,0,12,0,0,2a8619ebbdcff9ec0ddcde0e6a1d5e2108f9992184b2579478c30aeb70345fac,12000,16,1,180000,0.9248392885989901,1,0.7469073964839711,0.7807268557375117,0,1,173697,0.0,-0.6765682700172521,-325.2790551384708,-17.515358033737265,1.0026049476743588,0.09434573608656839,0.011802179855749273,0.08333333333333333,0.0,363.1666666666667,5.369869043325946,17.904892078466833,0,1,0
