slot,cycle_utc,scenario,part,n_truth_rows,oversize,after_oversize,wav_sha256,fs,bits,channels,n_samples,rho_peak,rho_sign,rho_neighbour_max,ref_vs_neighbour_ref_rho,lag_ambiguous,g_sign,n_support,lag_lost,g_db,tau_ms,resid_db,step_db_max,drift_ppm,drift_dlag_samples,zero_run_ms,head_zero_ms,tail_zero_ms,click_max,tile_excess_db,clip_n,nondiscriminating,ref_mismatch
S1_p000_t000_s913544046,2026-09-23T10:33:45Z,S1,0,1,0,0,8c95db3d79b9b808f6a419146e0975ba196d9a61361a5858d9020591b98c9c63,12000,16,1,180000,0.8863923025507153,1,0.03191922634113787,0.02956592747315697,0,1,172800,0.0,-1.097154094271647,-316.2355611115854,-10.089537780723086,0.07628242806510212,-0.005040215129435295,-0.0006259846386456047,0.08333333333333333,0.0,600.0,6.858020543856232,4.244329226771496,0,0,0
S1_p000_t001_s68344610,2026-09-23T10:34:00Z,S1,0,1,0,0,3d148ff660ba4da5e147cd3b9a2fc18dc68a81d8a9689d82d644638833dfb7e7,12000,16,1,180000,0.8870103339673011,1,0.03597401442173595,0.030887026653478054,0,1,172800,0.0,-1.0862018362892525,-316.2355378481734,-10.127246965516232,0.1206287294609544,-0.0018115153493767767,-0.00022498658336189692,0.08333333333333333,0.0,600.0,4.975358887172251,3.855965711875497,0,0,0
S1_p000_t002_s205210819,2026-09-23T10:34:15Z,S1,0,1,0,0,c7075c862343b26af549e7c3f6c1e6bc6a286b37ad20dcdfee487dff77eeef53,12000,16,1,180000,0.8868977811165916,1,0.04848823611454176,0.04584283300923298,0,1,172800,0.0,-1.0882398683111327,-316.23556675788075,-10.1199885033501,0.11469655599462997,-0.0014570209144787846,-0.00018095908353643608,0.08333333333333333,0.0,600.0,6.243892692305338,4.066943145970375,0,0,0
S1_p001_t000_s1915168523,2026-09-23T10:34:30Z,S1,1,1,0,0,44229531745918b2badbb7c93e60d2524bcc3f7932c9cdaefaaaae8f30d54e40,12000,16,1,180000,0.8914223762569863,1,0.0729810416772627,0.06898944693947938,0,1,172800,0.0,-1.0342363978676317,-316.23542968927177,-10.388789795385897,0.1348082166656556,-0.00437872268681667,-0.0005438286002572568,0.08333333333333333,0.0,600.0,7.820959178955856,7.011902735446447,0,0,0
S1_p001_t001_s1105300121,2026-09-23T10:34:45Z,S1,1,1,0,0,0b2d254f728882d1417e7ea6fce68474e9c583b6641cd9413e51a2960d12bc6d,12000,16,1,180000,0.8911851739139438,1,0.07138684503769624,0.06898944693947938,0,1,172800,0.0,-1.0397647569805735,-316.2354534970976,-10.33844186751104,0.12722897244492468,-0.008901938237619537,-0.0011056029252358712,0.08333333333333333,0.0,600.0,9.525437298765068,7.3138191459372495,0,0,0
S1_p001_t002_s1345625016,2026-09-23T10:35:00Z,S1,1,1,0,0,37cd235a9a99867b96a45199ebc33d3804ec18a66a5896be7279794decb782a7,12000,16,1,180000,0.7847917680743891,1,0.08280991036543967,0.08369050839214716,0,1,172800,0.0,-2.128097223606079,-305.5148239393554,-3.9656878185554243,31.67865098642352,0.1559148196907221,0.019364308775948302,7.75,0.0,600.0,17.285131280502497,22.620834784858182,0,0,0
S1_p002_t000_s1491760006,2026-09-23T10:35:15Z,S1,2,1,0,0,8960efa8c5410eba829191db603edfee209fe5c91b96b83fd6b864f201450739,12000,16,1,180000,0.8949872454541422,1,0.11144409659020668,0.10617227651817505,0,1,172800,0.0,-0.9903989364676062,-305.51469307808355,-10.594543250060804,0.1563668522557454,0.010192387842515119,0.0012658741852646926,0.08333333333333333,0.0,600.0,7.584934922469052,8.213608155518061,0,0,0
S1_p002_t001_s546635023,2026-09-23T10:35:30Z,S1,2,1,0,0,a2c2ca867b2c7e1e928b216083bd26830d3497c5178fb2c030c7471562c86e77,12000,16,1,180000,0.8949888290356011,1,0.11462095071977262,0.10617227651817505,0,1,172800,0.0,-0.9970997598305781,-305.5146720802695,-10.58672303536348,0.17145908930491824,0.011149469472039262,0.0013847418094883324,0.08333333333333333,0.0,600.0,7.788783301496661,8.734688115023308,0,0,0
S1_p002_t002_s714902369,2026-09-23T10:35:45Z,S1,2,1,0,0,8caf2ad44e2c522f89e990efcde220c6ce45cb71e7ecbb3d55464a6141c666dc,12000,16,1,180000,0.8948870104794183,1,0.15523954193881054,0.14670016776381692,0,1,172800,0.0,-0.9868721670213212,-305.5146504502609,-10.638694696609942,0.09389395397166092,0.004525597927057518,0.0005620702113446896,0.08333333333333333,0.0,600.0,5.165544759112947,8.56060667872826,0,0,0
S1_p003_t000_s474144144,2026-09-23T10:36:00Z,S1,3,1,0,0,7c6b1495c31bffafc3ea1384afa46fe323487da73bf94c136d8f630141240897,12000,16,1,180000,0.904517213609184,1,0.2202464984213172,0.205272445875899,0,1,172800,0.0,-0.8923362248916837,-305.51495633032334,-11.159872861455614,0.27472177891992344,0.026461212685889166,0.003286429693162063,0.08333333333333333,0.0,600.0,11.712659970830758,10.862447798821576,0,0,0
S1_p003_t001_s1226819330,2026-09-23T10:36:15Z,S1,3,1,0,0,1311b7f71f6940c03e05b67c0607d27c416d1613950e5b7b8dfaa4eab98d7628,12000,16,1,180000,0.9049678163776987,1,0.22053689414778774,0.2067914222664561,0,1,172800,0.0,-0.8881681938020565,-305.5149732952838,-11.190309359817919,0.24860613690692643,0.02553487315334937,0.003171380175899685,0.08333333333333333,0.0,600.0,9.724446805872395,11.235160235061414,0,0,0
S1_p003_t002_s1182452760,2026-09-23T10:36:30Z,S1,3,1,0,0,0297dd701eceea2f277373d1cc3bd5c691626fbd39e87bfd316a1d1aba413c2c,12000,16,1,180000,0.9046074073770958,1,0.27588219986388746,0.2618170648542017,0,1,172800,0.0,-0.8887446462412041,-305.5149734733853,-11.173086407697287,0.2905370713158153,0.023818161579975006,0.002958168031909736,0.08333333333333333,0.0,600.0,9.903232111913852,11.260342300317259,0,0,0
S1_p004_t000_s184630235,2026-09-23T10:36:45Z,S1,4,1,0,0,183113d59a88cfd32d11fa4335c6b4c1c9cabbe76bd46e5bad9cb99f8840e044,12000,16,1,180000,0.9165805035004456,1,0.3414423694738412,0.3240614133098152,0,1,172800,0.0,-0.7579139320838588,-305.5154012621018,-12.01326076503598,0.3574679242482819,0.04452915332607039,0.00553043178479129,0.08333333333333333,0.0,600.0,15.405404151266387,13.704218575676224,0,0,0
S1_p004_t001_s792672454,2026-09-23T10:37:00Z,S1,4,1,0,0,e34d2685f1a8ce5df4041cf370f36614e4074e4a253b1d350c27f42f9f36bf3c,12000,16,1,180000,0.9163070139247376,1,0.3419266735913975,0.3244084884058915,0,1,172800,0.0,-0.7601789237072315,-305.51538166219933,-11.99031843814325,0.32530176111361525,0.047602120742383444,0.005912088191962539,0.08333333333333333,0.0,600.0,13.522499834800225,13.396275534254352,0,0,0
S1_p004_t002_s2116022063,2026-09-23T10:37:15Z,S1,4,1,0,0,2feb6ae1902fb10c29bc38d350cf1c39f4c23aacb2a9c098840e464cfd0648c5,12000,16,1,180000,0.9164550235949062,1,0.4221760115037651,0.40085981705685186,0,1,172800,0.0,-0.7593462978560149,-305.5153932036889,-11.996429705617519,0.32124043691776316,0.03995817851673145,0.004962725855421013,0.08333333333333333,0.0,600.0,11.224939947517655,13.485101834175397,0,0,0
S1_p005_t000_s528655056,2026-09-23T10:37:30Z,S1,5,1,0,0,309bf551f77c1f5b278c837f2b3205fc11a0a224dac4b907910616bea7298cf2,12000,16,1,180000,0.9327359623974673,1,0.5116875481458478,0.49594440376218796,0,1,172800,0.0,-0.5879828927027726,-305.5160988633894,-13.397914357767405,0.6308421560991908,0.07527329091400294,0.009348792184937338,0.08333333333333333,0.0,600.0,14.604604637164327,16.086251771594164,0,0,0
S1_p005_t001_s108725431,2026-09-23T10:37:45Z,S1,5,1,0,0,107951a7289e537b497f2e9b5b3b17c777f9b5e937aef24de4d87aca16dc6a41,12000,16,1,180000,0.9329574866239805,1,0.5127624836267768,0.49594440376218807,0,1,172800,0.0,-0.5870266939332359,-305.5161041987776,-13.410835322206626,0.4746429805163873,0.059588943451247545,0.007400827598758042,0.08333333333333333,0.0,600.0,16.23937430308522,16.138265032569016,0,0,0
S1_p005_t002_s2006277236,2026-09-23T10:38:00Z,S1,5,1,0,0,55047d86c619c23bc1673e667a36d52acf7b6d29b20d691ce55f33b187235104,12000,16,1,180000,0.9328387216381263,1,0.5948134553881833,0.575200827769748,0,1,172800,0.0,-0.5877957721028697,-305.51610545060976,-13.377248502998082,0.543921267783939,0.06147242581845743,0.007634752341800777,0.08333333333333333,0.0,600.0,15.74069246324478,15.916818452799713,0,1,0
S1_p006_t000_s147152921,2026-09-23T10:38:15Z,S1,6,1,0,0,d7b839a569960e3a7580a533dee818e40cf93368f2b1717d908530cd49a3c9b2,12000,16,1,180000,0.9495512267181131,1,0.6808966541133055,0.6695122953158428,0,1,172800,0.0,-0.41226544125146913,-305.5170767044947,-15.40877284372126,0.668896276028045,0.08202835914210792,0.010187758148731518,0.08333333333333333,0.0,600.0,19.441556025673894,18.4324117899054,0,1,0
S1_p006_t001_s1953053430,2026-09-23T10:38:30Z,S1,6,1,0,0,07031c149ee6d7dfb73f4828fc7fcf1a7e8f81d01c2a328952c6a3c50f6bf568,12000,16,1,180000,0.9493932527944748,1,0.6823665121214616,0.6695122953158428,0,1,172800,0.0,-0.41614482755334803,-305.51704993365337,-15.385763021059383,0.6324805383316132,0.08583011727378935,0.01065992890517009,0.08333333333333333,0.0,600.0,9.024552746324353,18.37371022857966,0,1,0
S1_p006_t002_s147567551,2026-09-23T10:39:00Z,S1,6,1,0,0,e864e622f9eaf2132481a3c68011efaa53ee4d7351a3e4e1fac327d17df95d99,12000,16,1,180000,0.949370478470999,1,0.7375917315826981,0.7239516056757861,0,1,172800,0.0,-0.41627147411527754,-303.51705232548613,-15.371184300776061,0.7147637107322653,0.08366805613313497,0.010391405235623097,0.08333333333333333,0.0,600.0,18.096083896121606,18.230453326916443,0,1,0
S1_p007_t000_s1402667823,2026-09-23T10:39:15Z,S1,7,1,0,0,3f499586d43481080d570e576a3a5b686d6291cb9395acf479f7b62d12e549d5,12000,16,1,180000,0.9608638882179911,1,0.7965869552338091,0.7888016545704567,0,1,172800,0.0,-0.29521601388504676,-303.5179065021991,-17.542734408053548,0.7683097442074531,0.07770582748060717,0.00965090836143645,0.08333333333333333,0.0,600.0,21.05610142888637,20.496219565941644,0,1,0
S1_p007_t001_s1425587327,2026-09-23T10:39:30Z,S1,7,1,0,0,a8d575cb0a0d838a4805b437d2fbac2b6a903fc21a1004b5cea7c8c3fc25c5e2,12000,16,1,180000,0.9608726215381148,1,0.7955416373360503,0.7888016545704567,0,1,172800,0.0,-0.29825884878977277,-303.51791479679196,-17.481085984919822,0.8528534487358037,0.08223450096258751,0.010213360550551442,0.08333333333333333,0.0,600.0,22.75347746225274,20.529489703885503,0,1,0
S1_p007_t002_s718289455,2026-09-23T10:39:45Z,S1,7,1,0,0,09f0bfe173499530a1d0dd7062ae905a23ce72aacc094651b10ff61c2fecf965,12000,16,1,180000,0.9607102798166752,1,0.8455781297161324,0.8385280478656059,0,1,172800,0.0,-0.2991809441770911,-303.51789638445126,-17.47611565471493,0.8148251643669893,0.07852128805486358,0.009752186933837947,0.08333333333333333,0.0,600.0,19.43955825370517,20.17865359000705,0,1,0
S1_p008_t000_s1206520285,2026-09-23T10:40:00Z,S1,8,1,0,0,4c67ceb0a658a2de6bcf0a2e1de49cbae4f2ceb7409e1d91967e1b6e74ffa80b,12000,16,1,180000,0.9704741596429182,1,0.8927873555768739,0.8922877015429264,0,1,172800,1.0,-0.2003985436032829,-303.5188188791138,-20.537908654677928,0.9358503153110609,0.060844733778557016,0.007556794245829224,0.08333333333333333,0.0,600.0,30.636482469670952,22.21989316285277,0,1,0
S1_p008_t001_s1462033172,2026-09-23T10:40:15Z,S1,8,1,0,0,4b9e0f412c52ab9df4757fc6e62d7f96e16c2ed450c03590855032c1432e9df1,12000,16,1,180000,0.9703303133895432,1,0.893219608963787,0.8922877015429264,0,1,172800,1.0,-0.20251776020217857,-303.5188062915192,-20.450796526193912,0.8728631292003307,0.05800520920747768,0.007204130973150313,0.08333333333333333,0.0,600.0,35.12054732579013,22.26054787225634,0,1,0
S1_p008_t002_s1537966073,2026-09-23T10:40:30Z,S1,8,1,0,0,b5bf1c8c5fc45c4b35554e933b36952bbb0f734af0b29d480f6ca552ed31271f,12000,16,1,180000,0.9704222166322737,1,0.9138632054204421,0.9131794267773907,0,1,172800,1.0,-0.2023079001303959,-303.51882640874646,-20.442391307764712,0.8265634350337168,0.061186412977766516,0.0075992301190126454,0.08333333333333333,0.0,600.0,33.54212468871488,22.25944296900289,0,1,0
S1_p009_t000_s758409719,2026-09-23T10:40:45Z,S1,9,1,0,0,34230a725769656f2708efa9e90d6598c5afafd70e7fddfe5b1dcd8bc8fc35b1,12000,16,1,180000,0.9743329906269266,1,0.9315753138358261,0.9343002500583387,1,1,172800,nan,-0.16255467098236842,nan,-22.651340339033265,0.9149742918794999,nan,nan,0.08333333333333333,0.0,600.0,43.40143894718631,22.41333006529206,0,1,0
S1_p009_t001_s1723470335,2026-09-23T10:41:00Z,S1,9,1,0,0,15cadf5cca36add91e1396f10bf3bd8c45a7d99413dbfe2e70ae769740901db3,12000,16,1,180000,0.9742689609850217,1,0.932097641699868,0.9343002500583387,1,1,172800,nan,-0.16356456477166748,nan,-22.579465458578923,0.8958746206096474,nan,nan,0.08333333333333333,0.0,600.0,50.69379538856506,22.57414219469586,0,1,0
S1_p009_t002_s1581091521,2026-09-23T10:41:15Z,S1,9,1,0,0,49b8f13b5e660cb12b3039967dff5773b7bad3a9fa4f4315406b2126c0cc995c,12000,16,1,180000,0.9742611083982295,1,0.9315650613721975,0.9342265314570748,1,1,172800,nan,-0.16381246497621235,nan,-22.56790812021209,1.004929234544608,nan,nan,0.08333333333333333,0.0,600.0,42.364707981920546,22.423585906795385,0,1,0
S1b_p000_t000_s670279447,2026-09-23T10:41:45Z,S1b,0,1,0,0,8b407833538d52b492090190ce154d208933d1917f10e6272d90b9f5da3a1a44,12000,16,1,180000,0.6921099793932227,1,0.046187788412790254,0.04314353477945923,0,1,172800,0.0,-1.040843890132646,-306.041675664801,-10.807515476280185,0.09800729099814756,0.0011279866559506884,0.0001400936866957636,0.08333333333333333,0.0,600.0,8.86265682519734,4.583550946210871,0,0,0
S1b_p000_t001_s755619207,2026-09-23T10:42:00Z,S1b,0,1,0,0,d026111f3d909faf8c210f1a65e01d77cfbaa9959a80375442771b3f0bdd3855,12000,16,1,180000,0.6921560155865271,1,0.011694288802209539,0.011555912219765227,0,1,172800,0.0,-1.0466401079128667,-306.04166403866594,-10.788640027495443,0.07749431659696952,-0.00018620827912531478,-2.3126695850805845e-05,0.08333333333333333,0.0,600.0,12.476367080021875,5.107723798247431,0,0,0
S1b_p000_t002_s405040029,2026-09-23T10:42:15Z,S1b,0,1,0,0,3ae4fe17b0fb880de1be7119112afc397b1503c56ba9a58a86d03c25060d5b2e,12000,16,1,180000,0.6907761918890241,1,0.011782513048486886,0.011555912219765223,0,1,172800,0.0,-1.0537513690837186,-306.0416625847635,-10.74780426256208,0.09762333950113498,-0.0037665411864616287,-0.00046779688227616134,0.08333333333333333,0.0,600.0,17.259364031706788,4.782789650957804,0,0,0
S1b_p001_t000_s421145395,2026-09-23T10:42:30Z,S1b,1,1,0,0,3a64419e252a7d7dea28d2db6349da3d300fc5386815b49b4072e9c61a32efc7,12000,16,1,180000,0.49105771141948895,1,0.012263723857254041,0.011333582432054332,0,1,172800,0.0,-4.025261787034583,-306.04166951973156,0.6129047070884651,48.55147217114226,1163.4635307107774,144.49984358721713,8.0,0.0,600.0,11.03495781410179,12.163696597304723,0,0,0
S1b_p001_t001_s617056408,2026-09-23T10:42:45Z,S1b,1,1,0,0,9bc4764953a444671aa9bdd54f9402115e99def8a4679c6c5ade7ec8c57b7f58,12000,16,1,180000,0.9542843608137285,1,0.01125804609906958,0.011305349550454044,0,1,172800,0.0,-1.0611892424524247,-294.00000070728004,-10.706062487983232,0.09179258844111685,-0.0004235966630521828,-5.2609858357755e-05,0.08333333333333333,0.0,600.0,8.70751990019706,4.617509894417874,0,0,0
S1b_p001_t002_s1338794941,2026-09-23T10:43:00Z,S1b,1,1,0,0,401810a4c9519a8da9c4ae7112fa178990c7b8aa2736fc330d070a60467aabec,12000,16,1,180000,0.9543530482693336,1,0.01246182228969971,0.012603220098951503,0,1,172800,0.0,-1.0529523127352316,-293.99999965321393,-10.760173246220429,0.09072086713620384,0.00032993786558481653,4.097762302990304e-05,0.08333333333333333,0.0,600.0,9.771440818231923,4.9402238219044,0,0,0
S1b_p002_t000_s265536591,2026-09-23T10:43:15Z,S1b,2,1,0,0,bfc0018de3fe3cf5d2b850ca056eca9d275827ad3733b135132c2c78787af71b,12000,16,1,180000,0.9548243709617363,1,0.012444329419294211,0.0126032200989515,0,1,172800,0.0,-1.0444889375445314,-294.0000033420104,-10.779983706962579,0.09428549153310659,7.098940146704425e-06,8.816741683403961e-07,0.08333333333333333,0.0,600.0,15.157291240683094,4.771966506868156,0,0,0
S1b_p002_t001_s984384874,2026-09-23T10:43:30Z,S1b,2,1,0,0,7d2390c6e305c10887569b2f7e6f1401406b6db43bd79ace3e94a1991a892d66,12000,16,1,180000,0.9545546177581424,1,0.012429949656781725,0.01298530339325719,0,1,172800,0.0,-1.0382896725608108,-293.99999999153806,-10.799671315791821,0.07463031169898883,0.00011618979719424749,1.443054043193115e-05,0.08333333333333333,0.0,600.0,5.742026872943569,4.533385471115728,0,0,0
S1b_p002_t002_s1445559193,2026-09-23T10:43:45Z,S1b,2,1,0,0,99fdbb4d4197b73806b79a9c9e92903ddd150b0e81630f76157d9f0a76f58deb,12000,16,1,180000,0.9548487490864261,1,0.016764239558050145,0.015758898130045152,0,1,172800,0.0,-1.0402015625593686,-293.9999975555729,-10.784640637548279,0.11899675930591705,-0.00010476428373374059,-1.3011514511163114e-05,0.08333333333333333,0.0,600.0,7.4183550358117785,4.264512763443877,0,0,0
S1b_p003_t000_s799072493,2026-09-23T10:44:00Z,S1b,3,1,0,0,8c3e6ef945defddde1628d7574303b4f47939b448ab114393e4c84823857cf1f,12000,16,1,180000,0.955021228420429,1,0.01965932296360217,0.018272154502737295,0,1,172800,0.0,-1.0356588260282182,-294.0000006439817,-10.805144150831207,0.10125592305482144,-0.00018697111727551357,-2.3221438823384233e-05,0.08333333333333333,0.0,600.0,9.463780014535397,4.313961863614514,0,0,0
S1b_p003_t001_s1267271188,2026-09-23T10:44:15Z,S1b,3,1,0,0,2e36fda6449420abedd62980205533c2189e88e7d4e1bd1d50c4ac9e6277e1ca,12000,16,1,180000,0.9557249025670628,1,0.021510342779930355,0.020243011075190154,0,1,172800,0.0,-1.0271681568637157,-294.0000007914083,-10.865884822502457,0.07796866876395064,-0.0001716677181179104,-2.1320787254808238e-05,0.08333333333333333,0.0,600.0,6.105778051377676,4.466352866938209,0,0,0
S1b_p003_t002_s60044557,2026-09-23T10:44:30Z,S1b,3,1,0,0,697031dcdb6b3b69b70c8090d0f00413ac44136599be500462b6c51dcc67fd27,12000,16,1,180000,0.9552814961967512,1,0.021473097064511934,0.020243011075190158,0,1,172800,0.0,-1.0293990821689794,-293.9999986315118,-10.848974859163377,0.09384812531929494,-0.0002883045699128856,-3.580685097404057e-05,0.08333333333333333,0.0,600.0,7.752437886827519,4.264652542916384,0,0,0
S2_p000_t000_s1289144792,2026-09-23T10:45:00Z,S2,0,1,0,0,af2ecd5e809b03f59b1f170e7fbd5c99d9fe8394469cc2d90c3c321ea935423a,12000,16,1,180000,0.9687512519873888,1,0.3312193964809553,0.3034330082516182,0,1,172800,0.0,-0.6177891251823291,-314.6666673913193,-12.395433042749225,0.45039122826153144,-0.00022395905367811184,-2.7815266548714135e-05,0.08333333333333333,0.0,600.0,8.335569984874642,18.868578719630953,0,0,0
S2_p000_t001_s68113513,2026-09-23T10:45:15Z,S2,0,1,0,0,3c62cd399d5d4297e0748a33fcab3f4e54aa26439295d8883f30e362d0a5d6e8,12000,16,1,180000,0.9683086690869446,1,0.3359056815086634,0.30742776009651607,0,1,172800,0.0,-0.6239427973047378,-314.66666690946784,-12.340128323873165,0.4754399910549448,6.782024104313788e-05,8.423138297075639e-06,0.08333333333333333,0.0,600.0,6.221530126166092,19.114931767746043,0,0,0
S2_p000_t002_s492170927,2026-09-23T10:45:30Z,S2,0,1,0,0,221094e22f11bfa0e56f79ca5e5f4625c770a01363be21dfb3be3c949ea12364,12000,16,1,180000,0.9685207096311067,1,0.33562532066395906,0.30742776009651607,0,1,172800,0.0,-0.6177558363592174,-314.66666515862136,-12.358963084552094,0.4408188560679772,-8.370180474801012e-05,-1.039559674609336e-05,0.08333333333333333,0.0,600.0,7.819445773630601,18.859858069553226,0,0,0
S2_p001_t000_s2106742562,2026-09-23T10:45:45Z,S2,1,1,0,0,22181fe4e29de314020cd25a1ae9eab1ac76bc6332a4c03269349179441f87ed,12000,16,1,180000,0.9689257983165924,1,0.3246655651037354,0.30578272388914524,0,1,172800,0.0,-0.7472552883594439,-314.66666492657777,-12.4243348602777,0.3597000951785695,-0.0004887296920889021,-6.069925029805745e-05,0.08333333333333333,0.0,600.0,9.306547506650917,13.855685777617673,0,0,0
S2_p001_t001_s1155555599,2026-09-23T10:46:00Z,S2,1,1,0,0,308cc900082439f263e0fa5d522a03bb53422c7cd958b4730230a2d4dc823249,12000,16,1,180000,0.9689256427945465,1,0.3259621855330343,0.30634906820550983,0,1,172800,0.0,-0.7442515006325219,-314.6666661928981,-12.425942095425258,0.3396991936108654,0.00011970497759352241,1.4867118807160296e-05,0.08333333333333333,0.0,600.0,5.571385776314481,13.453924431064273,0,0,0
S2_p001_t002_s1218472882,2026-09-23T10:46:15Z,S2,1,1,0,0,eb738b94bb163599c5c316961e4d1098cb65187a4d5bd695282d837262eba8a2,12000,16,1,180000,0.9693891531149988,1,0.3256705535365645,0.30634906820550983,0,1,172800,0.0,-0.736261053415555,-314.6666636005872,-12.482134537252296,0.3418233597575718,0.00016022997534491894,1.990024247788824e-05,0.08333333333333333,0.0,600.0,15.148590511165008,13.446640051399525,0,0,0
S2_p002_t000_s1410889249,2026-09-23T10:46:30Z,S2,2,1,0,0,6ff29d06ce810279864265b3718b4dd2d17e4091031814eba2923a80d63bf6dc,12000,16,1,180000,0.9687323049086465,1,0.31408489775861165,0.3033898382135205,0,1,172800,0.0,-0.8550442505026655,-314.66666306764694,-12.422661750484599,0.3003657350450751,-0.00033339339696322723,-4.14067931160389e-05,0.08333333333333333,0.0,600.0,6.019414023611553,9.10579589895641,0,0,0
S2_p002_t001_s1295536992,2026-09-23T10:46:45Z,S2,2,1,0,0,efe497074244ccda8da11c9a0f6e21b981a8d82cd0b39589411155160680073a,12000,16,1,180000,0.9689042249162665,1,0.31420136446109065,0.3043322498678894,0,1,172800,0.0,-0.8551906823355954,-314.6666679185237,-12.413064459294095,0.2186760744203703,-0.00016568568767107083,-2.0577831037371652e-05,0.08333333333333333,0.0,600.0,15.691386291279578,8.959250766903216,0,0,0
S2_p002_t002_s1338324977,2026-09-23T10:47:00Z,S2,2,1,0,0,d2acf8f0b63a25d2e2c1d77ef4a974939be4250f3c97eedad71603ed4b120fd3,12000,16,1,180000,0.9690961147608363,1,0.31411906947215235,0.3043322498678894,0,1,172800,0.0,-0.8491276695712481,-314.6666675353202,-12.460244339974766,0.24345982086863122,-0.00014075629275477218,-1.7481650047557196e-05,0.08333333333333333,0.0,600.0,15.087801155312114,9.235306466709263,0,0,0
S2_p003_t000_s1727962604,2026-09-23T10:47:15Z,S2,3,1,0,0,fa3d873a8260f1031d4f9e8e576d67a4425a9ca9a8f38f6745d98647619728fb,12000,16,1,180000,0.9691769644335423,1,0.31371494497322583,0.3051709554492243,0,1,172800,0.0,-0.8760417580829298,-314.6666644916798,-12.4822106292639,0.20613346067349486,0.0002793281227362495,3.469199418759672e-05,0.08333333333333333,0.0,600.0,5.3801652294991555,7.062906074954504,0,0,0
S2_p003_t001_s505940398,2026-09-23T10:47:30Z,S2,3,1,0,0,fe7efd76b4c509435ff6983c55a82f6e6d0dab74458de024c09e16bde21a7d99,12000,16,1,180000,0.9693101048562481,1,0.3154394985072302,0.30689079226417026,0,1,172800,0.0,-0.8699850088276786,-314.66666728903755,-12.500540104169984,0.19594809720851966,-0.0001465398495152227,-1.819995623009163e-05,0.08333333333333333,0.0,600.0,8.006576201697783,7.444145243600619,0,0,0
S2_p003_t002_s1702346768,2026-09-23T10:47:45Z,S2,3,1,0,0,716d71a8495682c06739ee5e61a04525b368c742a801cb986a8d6e5807ed6b65,12000,16,1,180000,0.9690295620347623,1,0.3156731558938026,0.30689079226417026,0,1,172800,0.0,-0.8802190132329212,-314.66666799488905,-12.439604398242805,0.19580818751393447,0.0002627250771939071,3.262992913732887e-05,0.08333333333333333,0.0,600.0,11.357883999940482,7.432960442464696,0,0,0
S2_p004_t000_s1635038415,2026-09-23T10:48:00Z,S2,4,1,0,0,c4145e442b4e9c887afda6d73d7d0622ab20686da680ffaaae718447a239e406,12000,16,1,180000,0.9689261219775692,1,0.3196388207475155,0.3040231133054214,0,1,172800,0.0,-0.80947185712874,-314.66666598906096,-12.440413583077197,0.3000330124816002,-0.00010793476594860713,-1.3405282061285106e-05,0.08333333333333333,0.0,600.0,5.098976858362475,10.299133496576552,0,0,0
S2_p004_t001_s1183238402,2026-09-23T10:48:15Z,S2,4,1,0,0,14537968d64e939855e5905a4ade2b7507676d001a72e2b5660847c94289ff0b,12000,16,1,180000,0.9692184622786817,1,0.3218674492761616,0.3069543546700123,0,1,172800,0.0,-0.8125164495155321,-314.6666651703429,-12.441228985692671,0.3134066382448588,-0.0011151885046849692,-0.0001385041819048638,0.08333333333333333,0.0,600.0,11.544859977062773,10.528651353819999,0,0,0
S2_p004_t002_s333126784,2026-09-23T10:48:30Z,S2,4,1,0,0,87d67188378941e1277e8634dab5581bd6eae7d4fa3051d39291ff8d564de3a3,12000,16,1,180000,0.9686150757580327,1,0.32198957341889883,0.3069543546700123,0,1,172800,0.0,-0.816342368662613,-314.66666537547644,-12.388504567978329,0.31359691120386424,-0.0005256404044107779,-6.52834869470098e-05,0.08333333333333333,0.0,600.0,14.61710066602758,10.320868014728656,0,0,0
S2_p005_t000_s356586922,2026-09-23T10:48:45Z,S2,5,1,0,0,2818126f85cc344ace03b668626878a030515d912a90563e71a8a53dd47e73c9,12000,16,1,180000,0.9685522969697525,1,0.3250181111522836,0.3024432576008823,0,1,172800,0.0,-0.6907712048649385,-314.6666665987959,-12.379668494768703,0.40679357597672156,-0.000246157774929551,-3.057230333070038e-05,0.08333333333333333,0.0,600.0,10.11371621437175,16.598461287984016,0,0,0
S2_p005_t001_s1328624968,2026-09-23T10:49:00Z,S2,5,1,0,0,41189a84b08f1d5e0ac971a6f26dcc2429e619f03c7be2b1b8e3ff9758bd74b7,12000,16,1,180000,0.968672248520555,1,0.3252355480937258,0.3024432576008823,0,1,172800,0.0,-0.6859446691394994,-314.66666534531333,-12.401684537476601,0.4125446155917576,0.00032719451590803444,4.063690448674606e-05,0.08333333333333333,0.0,600.0,5.838827670834057,16.561438333714694,0,0,0
S2_p005_t002_s843406380,2026-09-23T10:49:15Z,S2,5,1,0,0,9b1243dc37cc11a8c390f3895e67dd4edbb32b7d9d6fa5d9b5dd1f1815a34418,12000,16,1,180000,0.9687661057647803,1,0.3249823885091145,0.30237624104345756,0,1,172800,0.0,-0.6791249982672112,-314.6666684957454,-12.435616824412143,0.4220494499809945,0.00032787098728491394,4.072092087881174e-05,0.08333333333333333,0.0,600.0,7.109569244179912,16.539235978214265,0,0,0
S2_p006_t000_s1939969654,2026-09-23T10:49:30Z,S2,6,1,0,0,34503a8ad4d7839e12833598a42156b7f368832675363adb04918b8e3ea04d2d,12000,16,1,180000,0.9681993369034498,1,0.33177158573879,0.3007940954549315,0,1,172800,0.0,-0.5817799572320002,-314.6666683166386,-12.325552125018469,0.5034094884650376,0.00023384974082268255,2.904367011069553e-05,0.08333333333333333,0.0,600.0,8.352052666400523,20.189853612090293,0,0,0
S2_p006_t001_s441937503,2026-09-23T10:49:45Z,S2,6,1,0,0,76470b367c6c5ae1d04502dc27acf5389640bd11ce32972e1ac9e933da6b4853,12000,16,1,180000,0.9683735368363207,1,0.33176867202244276,0.30158918785722183,0,1,172800,0.0,-0.5790329969083806,-314.66666642537166,-12.348513619320054,0.4537862606749622,-0.00030339942267791853,-3.7681601497752126e-05,0.08333333333333333,0.0,600.0,5.026116506338892,20.281504278767617,0,0,0
S2_p006_t002_s781512667,2026-09-23T10:50:15Z,S2,6,1,0,0,8086c0a86c4d3407166f4e8a43b98c552d5e4b00d42fab9c65c639bc5056de2c,12000,16,1,180000,0.9684252876033721,1,0.3315706959404682,0.30158918785722183,0,1,172800,0.0,-0.578075615148916,-315.83333080686435,-12.341449583158404,0.5201607624131733,0.00017991671892113697,2.234529665656737e-05,0.08333333333333333,0.0,600.0,6.298862835983256,20.32787175073713,0,0,0
S2_p007_t000_s1531496940,2026-09-23T10:50:30Z,S2,7,1,0,0,e71f2542ec6b96faf6a49a5eb1e506be710892bfde7441167a9e0f8b3dfa5153,12000,16,1,180000,0.9681271486613529,1,0.33733067219437723,0.30472990527153115,0,1,172800,0.0,-0.5530798356895039,-315.83333502075584,-12.315689040262502,0.5395280013022217,-0.0001483441051602542,-1.842404117269325e-05,0.08333333333333333,0.0,600.0,11.336405317517926,20.88249256651494,0,0,0
S2_p007_t001_s326924126,2026-09-23T10:50:45Z,S2,7,1,0,0,a3c9afdf031ea9321a6298717d2fc7730961698ca420de0982d657e6f0c944f6,12000,16,1,180000,0.968317912560896,1,0.33748931258036263,0.30472990527153115,0,1,172800,0.0,-0.5583382146031602,-315.8333332536604,-12.317479678826146,0.48126809176822,0.0001242300538854804,1.5429124232468894e-05,0.08333333333333333,0.0,600.0,7.595138399725826,21.096081637978408,0,0,0
S2_p007_t002_s199391290,2026-09-23T10:51:00Z,S2,7,1,0,0,8065b87d051beb495864b909a31ba31ac4f8d7810d280f0c85c6b7cfd3e62608,12000,16,1,180000,0.9681981209468766,1,0.33603625876671683,0.30419482446468915,0,1,172800,0.0,-0.5596723358286603,-315.83333399397327,-12.29740327227966,0.5191637712165326,0.00018376021974591503,2.2822651772003155e-05,0.08333333333333333,0.0,600.0,17.37363499621204,20.685339619615316,0,0,0
S2_p008_t000_s2105928740,2026-09-23T10:51:15Z,S2,8,1,0,0,8784e2eee6fe92d4ee852e5473a6f5a9d0a89a063922c169ebba299e6014ef6b,12000,16,1,180000,0.9684687816825327,1,0.3315702651446964,0.30489149280800537,0,1,172800,0.0,-0.6350890229209727,-315.83333473460334,-12.352233548379859,0.4409250267522569,-3.8929962209563186e-05,-4.835023446503328e-06,0.08333333333333333,0.0,600.0,7.147840215814958,18.54061481665991,0,0,0
S2_p008_t001_s2122849215,2026-09-23T10:51:30Z,S2,8,1,0,0,6a70d45c15682c416f312f98e2b7dc7bed94637886129041ddf7289a459c37cb,12000,16,1,180000,0.968306357565984,1,0.3317241640078417,0.3048914928080054,0,1,172800,0.0,-0.6401529643655139,-315.83333546204267,-12.334446777505262,0.4925681200047507,0.0002453487400022211,3.0471822810795857e-05,0.08333333333333333,0.0,600.0,6.292641068268657,18.52842804105589,0,0,0
S2_p008_t002_s1792617518,2026-09-23T10:51:45Z,S2,8,1,0,0,39d6471db2b3750492243e141c81be04f024fc14aeb8e25939bc034e0f41fc5b,12000,16,1,180000,0.9688528701044736,1,0.3309477358099776,0.3047006888356329,0,1,172800,0.0,-0.63080713030439,-315.8333328243801,-12.404272365817292,0.41083276706290084,0.0001699377646998998,2.1105930500198156e-05,0.08333333333333333,0.0,600.0,8.614097942514391,18.419593269653,0,0,0
S2_p009_t000_s1083440476,2026-09-23T10:52:00Z,S2,9,1,0,0,c1c7942b2ebe4b61746a2fb3c27957a3d11fcf9c6c2a56486a55c8fe70a9bcb3,12000,16,1,180000,0.9691667836442274,1,0.31978776744958126,0.3026875971946869,0,1,172800,0.0,-0.7638742244441031,-315.8333328952843,-12.463136526903405,0.313743343431493,0.0004835473927720799,6.0055619087506784e-05,0.08333333333333333,0.0,600.0,9.123656398495724,12.1976352636495,0,0,0
S2_p009_t001_s406326303,2026-09-23T10:52:15Z,S2,9,1,0,0,f2f0038d247462be9bf474f9f6bc3275254c46ee1abeefa62738d7058679fe77,12000,16,1,180000,0.9689827568614697,1,0.3204273577548025,0.30294233744614524,0,1,172800,0.0,-0.7621951479500173,-315.8333313079256,-12.446164072514172,0.39059479594559127,0.0002621377003860957,3.2556978112552315e-05,0.08333333333333333,0.0,600.0,13.707687124671095,12.47758215804316,0,0,0
S2_p009_t002_s2144757372,2026-09-23T10:52:30Z,S2,9,1,0,0,ee5852a24ac3a8ee5b4fd5417ad06cb4795052f877aff988500594f9bdeda068,12000,16,1,180000,0.9691472832895182,1,0.3205149627174912,0.30294233744614524,0,1,172800,0.0,-0.765703507520203,-315.8333336612929,-12.437849472268184,0.30531970382138096,0.0004945269647189834,6.14192599641683e-05,0.08333333333333333,0.0,600.0,12.27175804105643,12.928317278438161,0,0,0
S3_p000_t000_s1030001410,2026-09-23T10:53:00Z,S3,0,1,0,0,513639cf6c75ce154948a055ef9670a1e60dfdf44fa49eb18dc5db4c68e819e6,12000,16,1,180000,0.9689593519927834,1,0.31884365495974015,0.3045154003390014,0,1,172800,0.0,-0.7511142233787629,-315.16666752920963,-12.411304815263314,0.3387693602782328,5.357204115647284e-05,6.653540367551614e-06,0.08333333333333333,0.0,600.0,12.167310838617684,13.256784998479104,0,0,0
S3_p000_t001_s59102629,2026-09-23T10:53:15Z,S3,0,1,0,0,1db3e95a03134acfe8e010790a5643ea6f530dc189a8ecca359f3fc28f62c5c6,12000,16,1,180000,0.9691677542612146,1,0.3210345317407762,0.306005539118961,0,1,172800,0.0,-0.7453097015199466,-315.16666979112233,-12.461411122063112,0.28552893822212105,0.00017787264426140023,2.2091426671977388e-05,0.08333333333333333,0.0,600.0,5.085973027862499,13.571896189789975,0,0,0
S3_p000_t002_s917633151,2026-09-23T10:53:30Z,S3,0,1,0,0,c0aaacc6f2b53487ec23f3b258d31d23ea94b28f3caa33e82d6b269f6438e4a7,12000,16,1,180000,0.9688217367077582,1,0.32572589404819646,0.3124925690856233,0,1,172800,0.0,-0.7500526233257461,-315.16666479071745,-12.435283983277579,0.34483573966553804,-0.00016576352321741731,-2.0587498056556797e-05,0.08333333333333333,0.0,600.0,17.541941907540497,13.508172636902469,0,0,0
S3_p001_t000_s1727488921,2026-09-23T10:53:45Z,S3,1,1,0,0,daa46779d11ddd89bd7ead8d43f34373f71ffc336c3666f90849d5365e7d15cc,12000,16,1,180000,0.6187866401419577,1,0.23426026900958616,0.31249256908562334,0,1,172800,0.0,-4.621936297532503,-315.16100524527184,1.9810806318961183,56.31830932735218,972.7954334915355,120.81924724878172,4.75,0.0,600.0,8.534799918923737,22.870838971184977,0,0,0
S3_p001_t001_s1935099702,2026-09-23T10:54:00Z,S3,1,1,0,0,1b9a65b6672a950287039823462c631004340bc28f514c0b7c6440a4024956e2,12000,16,1,180000,0.9148086006638971,1,0.32151978648451723,0.3036466965444167,0,1,172800,0.0,-0.7732765822873082,-305.09866119330337,-11.88424701271007,0.31240118317222487,0.03135446350614485,0.003894161658536177,0.08333333333333333,0.0,600.0,8.636932801088127,13.236424851325804,0,0,0
S3_p001_t002_s1247340308,2026-09-23T10:54:15Z,S3,1,1,0,0,2dbbe771cfb2013e3d3bfb473b0a1236815395d02314037b761d927cece0888f,12000,16,1,180000,0.9143363764713898,1,0.32790716332883224,0.31098793742537856,0,1,172800,0.0,-0.784042864899487,-305.0986399561043,-11.844814731531681,0.34097043296227253,0.03388459669052912,0.004208399139770336,0.08333333333333333,0.0,600.0,11.709596836144755,13.15851454196707,0,0,0
S3_p002_t000_s2123842217,2026-09-23T10:54:30Z,S3,2,1,0,0,b26a97afd348cb3c09bd3286240944a8d1cf62e9951ad64b3d4a422ca67a95ae,12000,16,1,180000,0.9144555765334135,1,0.3254944878148402,0.3109879374253786,0,1,172800,0.0,-0.7866570789450065,-305.09865166306554,-11.836309838377609,0.4123271144253751,0.024136374273667265,0.002997689412040927,0.08333333333333333,0.0,600.0,5.279171204315733,13.258017193130897,0,0,0
S3_p002_t001_s741456992,2026-09-23T10:54:45Z,S3,2,1,0,0,5c872dd3d0d6b7159d7f5edd6c033933894c674754c3b635e69745773d55c63e,12000,16,1,180000,0.9148851349179628,1,0.32519695150777156,0.3089446546828953,0,1,172800,0.0,-0.7723283224004709,-305.09865866257434,-11.902881881932457,0.3446091653172939,0.02408361253064555,0.002991136509081116,0.08333333333333333,0.0,600.0,5.698514950745808,13.304618118525152,0,0,0
S3_p002_t002_s859851708,2026-09-23T10:55:00Z,S3,2,1,0,0,568925e870ed18f230cd3e3103ea91fb0752de4199a3c845f6099f8581cff1fb,12000,16,1,180000,0.9147484803017621,1,0.32640987227816176,0.30962191609163897,0,1,172800,0.0,-0.7807486243098749,-305.098658721646,-11.850576973300074,0.3471352067189853,0.025658887121873895,0.003186782462762494,0.08333333333333333,0.0,600.0,8.048737342131139,13.291223339737659,0,0,0
S3_p003_t000_s1497291008,2026-09-23T10:55:15Z,S3,3,1,0,0,2b507cceb7a07a4af69730ddc655c73c5e37012d8811165ed3e8f8ac88a3691b,12000,16,1,180000,0.9144305004180978,1,0.3239572292296992,0.30962191609163897,0,1,172800,0.0,-0.7841044882528518,-305.09864745589886,-11.82806109599748,0.41502124719480554,0.012882144787169219,0.0015999366182768426,0.08333333333333333,0.0,600.0,5.483660162224751,13.294400317556171,0,0,0
S3_p003_t001_s2122590732,2026-09-23T10:55:30Z,S3,3,1,0,0,552b901d333bab9510ae5b9ce26379a608bf818d92c1503168617675d383e927,12000,16,1,180000,0.9147727869211966,1,0.32410066848842156,0.3081507351143619,0,1,172800,0.0,-0.782337438675945,-305.09863603321355,-11.872177017233678,0.3366381750228472,0.010102821229308051,0.0012547501910376013,0.08333333333333333,0.0,600.0,4.736414384458878,13.334791918434735,0,0,0
S3_p003_t002_s1592902622,2026-09-23T10:55:45Z,S3,3,1,0,0,9a75d2eb782bd9b98206a3d4a94a6b5bcec20637369fe2ccb312303916a57921,12000,16,1,180000,0.9147744302105383,1,0.3253249709333184,0.30907468233478935,0,1,172800,0.0,-0.7784655412073891,-305.098652690931,-11.884273009427426,0.34275900720291963,0.01132212095047126,0.0014061847778066294,0.08333333333333333,0.0,600.0,4.8840665242084125,13.38651791636802,0,0,0
S3_p004_t000_s1269981715,2026-09-23T10:56:00Z,S3,4,1,0,0,6b4dfaa0ba24fd10be5b344d3254e9028c20cb75c0c9634c66b85462c7d68b5d,12000,16,1,180000,0.9143527324034255,1,0.3239451977407498,0.30907468233478935,0,1,172800,0.0,-0.7812463208217701,-305.0986442187126,-11.839773428297208,0.30410071431517116,0.000270800524281035,3.363288351465599e-05,0.08333333333333333,0.0,600.0,7.340438439256982,13.261921801268809,0,0,0
S3_p004_t001_s1736958637,2026-09-23T10:56:15Z,S3,4,1,0,0,6865b887ef36a40695eccbfeafdab65cc4ef14685375b6943518fe76c8569562,12000,16,1,180000,0.9151296953985542,1,0.32250521400854465,0.30587392297740335,0,1,172800,0.0,-0.7683487939529208,-305.09866774415906,-11.92528671839709,0.36668280745578385,-0.009463866106114915,-0.0011753932426472602,0.08333333333333333,0.0,600.0,6.867649381136625,13.083750130382196,0,0,0
S3_p004_t002_s204596110,2026-09-23T10:56:30Z,S3,4,1,0,0,5293e0f225603a3a94970f1fe9fdbd142e174932a3f7740cad621dae50eb153f,12000,16,1,180000,0.914339458308059,1,0.32626302840773425,0.3098034291956534,0,1,172800,0.0,-0.7875875641617329,-305.09865958622015,-11.82068712740865,0.408441769570024,0.0005358169755342361,6.654739672740106e-05,0.08333333333333333,0.0,600.0,4.646170386386733,13.226821984265316,0,0,0
S3_p005_t000_s1505505932,2026-09-23T10:56:45Z,S3,5,1,0,0,f6ebc25c941efb10640590353e29cb70b05671eb7c303c543f52ef1a7f70678a,12000,16,1,180000,0.9148169338480211,1,0.32855410193822787,0.3098034291956534,0,1,172800,0.0,-0.775366744627411,-305.0986526586463,-11.895467285579983,0.30693121318232386,-0.014850453858156285,-0.0018443966682752944,0.08333333333333333,0.0,600.0,6.992738400328701,13.242581703029153,0,0,0
S3_p005_t001_s574426862,2026-09-23T10:57:00Z,S3,5,1,0,0,f3888f84f4141e4f4987b521910d91f40b8ca12e32acb0faea4d7e2968b2dcc1,12000,16,1,180000,0.9147671956692939,1,0.3273339276208057,0.30714933256120186,0,1,172800,0.0,-0.7833512515127337,-305.0986484481752,-11.860313388325146,0.3504526738906746,-0.010500373312296819,-0.0013041253646406403,0.08333333333333333,0.0,600.0,5.58036492296331,13.262366740429615,0,0,0
S3_p005_t002_s2081296688,2026-09-23T10:57:15Z,S3,5,1,0,0,cd322d1fe59e9ac6d6cd632805c5646c83191f411cfb57a81b8491036bd7c81d,12000,16,1,180000,0.9140526216808358,1,0.32593705510146864,0.3081398667041193,0,1,172800,0.0,-0.7922331592392212,-305.0986320892631,-11.784415357399428,0.3177507444050184,-0.007349332050132925,-0.000912772341962409,0.08333333333333333,0.0,600.0,8.817675829669424,13.313434200036717,0,0,0
S3_p006_t000_s1872296474,2026-09-23T10:57:30Z,S3,6,1,0,0,ebd54322e21e8c6428959fa58f8e25fe82293855d184387f72c40e01bfd63b9c,12000,16,1,180000,0.3694009629602875,1,0.11871255367805068,0.30846932747155437,0,1,172800,1.0,-9.118748921249086,-294.83162244528404,7.969201486206803,44.4247660542533,991.8098491055111,123.18079963920627,4.083333333333333,0.0,600.0,5.583073144462388,17.11360514673382,0,0,0
S3_p006_t001_s1187247710,2026-09-23T10:57:45Z,S3,6,1,0,0,7c6e4d76681385bba408eb9082d6df7446a58e9971d25409cc1921551970bd93,12000,16,1,180000,0.9688095899860742,1,0.32843107802636606,0.30846932747155437,0,1,172800,0.0,-0.7403660128480244,-294.8333352262549,-12.508325456948704,0.34761512588690147,-0.00028584122389288015,-3.550090832504793e-05,0.08333333333333333,0.0,600.0,7.054546440996106,13.377337969078065,0,0,0
S3_p006_t002_s1223745501,2026-09-23T10:58:15Z,S3,6,1,0,0,9fccdd32931dfe451b601ccfa82eb7c5e8f64de4553d89aeafddb9087f3b1a5c,12000,16,1,180000,0.9692348851022842,1,0.32938330868973054,0.3102179815871073,0,1,172800,0.0,-0.7375296905033591,-316.16666918523333,-12.504003030598472,0.3524837067677421,0.00023596558031017316,2.9306453143362887e-05,0.08333333333333333,0.0,600.0,8.597917920359327,13.36331026216338,0,0,0
S3_p007_t000_s626911129,2026-09-23T10:58:30Z,S3,7,1,0,0,a2c4cd672aeebec659adf3e14cd6051e1660d08137d8e316c0236920b8923d3e,12000,16,1,180000,0.968883447569576,1,0.32824509152656,0.31021798158710734,0,1,172800,0.0,-0.7473065394153182,-316.16666630082966,-12.453207325664,0.3290522238522992,-4.957208934572055e-05,-6.156754352559801e-06,0.08333333333333333,0.0,600.0,7.008255656806994,12.977425305302967,0,0,0
S3_p007_t001_s1969339727,2026-09-23T10:58:45Z,S3,7,1,0,0,4ff7e4383f73264ba304ecd6d2a30357af3201885417e66a4fcce61626121b39,12000,16,1,180000,0.9687619009684396,1,0.3283406976321411,0.30784199682578184,0,1,172800,0.0,-0.7494367357456058,-316.16666634708963,-12.450121345698426,0.3629262633396836,5.389438240015342e-05,6.693574505334254e-06,0.08333333333333333,0.0,600.0,7.76494723115694,13.829272657847625,0,0,0
S3_p007_t002_s115451501,2026-09-23T10:59:00Z,S3,7,1,0,0,542871fefd28706d2a8e24b27d029e277869aada0c167e5901203fe49c27138f,12000,16,1,180000,0.9688713914902856,1,0.3270185746662341,0.3072873981760882,0,1,172800,0.0,-0.7487165683066832,-316.16666713869927,-12.454705902766563,0.35814646432219577,-0.0002658011923217481,-3.301197648397647e-05,0.08333333333333333,0.0,600.0,8.207166217776072,13.337371960718588,0,0,0
S3_p008_t000_s1467476825,2026-09-23T10:59:15Z,S3,8,1,1,0,acb79f2a42671de89269a536758f70c9224325b962ed9913be8be4782e337d23,12000,16,1,180000,0.9668696752620137,1,0.3230590785861412,0.3072873981760882,0,1,172800,0.0,-0.750621017146187,-356.16666720577814,-12.414437565009273,0.2894842755818285,-3.5804248798214335e-05,-4.446816092240624e-06,0.08333333333333333,0.0,600.0,7.8681475671737235,13.184371469712545,0,0,0
S3_p008_t001_s154111274,2026-09-23T10:59:45Z,S3,8,1,1,1,85b5cbcfb532ea583d80a2fbddd1cda4e1cb31a61736635bd59bf4729dbd8b8d,12000,16,1,180000,0.9115939805581115,1,0.31671798777009424,0.3061175376827872,0,1,172800,0.0,-0.7831348172769828,-324.4013738374294,-11.834787860841331,0.36201252330018835,0.049882595188930026,0.006195318557274732,0.08333333333333333,0.0,600.0,6.601147057914402,13.25308010044024,0,0,0
S3_p008_t002_s1142253482,2026-09-23T11:00:15Z,S3,8,1,1,1,4240d8195b61c35b0dff707b3e1289ef07946e7449c39cd0e6b03e7f61b7ef0c,12000,16,1,180000,0.9663687897816408,1,0.32241163001583,0.30521026727056877,0,1,172800,0.0,-0.7502431295241895,-339.5000007179515,-12.424507417499592,0.29670366078959987,-4.169353418959448e-06,-5.178253559279256e-07,0.08333333333333333,0.0,600.0,8.922392805786556,13.210781666663301,0,0,0
S3_p009_t000_s395916349,2026-09-23T11:00:45Z,S3,9,1,1,1,6427769380b5889e4397558b77a0a6a49582d497e2eda7a2d75e22acdf4d948e,12000,16,1,180000,0.9632193017502345,1,0.3136482882013703,0.30497503258529995,0,1,172800,0.0,-0.7404827780991852,-332.16666663022926,-12.47981918533857,0.34942929473986856,0.0004063370315808962,5.046624664828414e-05,0.08333333333333333,0.0,600.0,5.195777241870672,13.59242811947043,0,0,0
S3_p009_t001_s1232141577,2026-09-23T11:01:15Z,S3,9,1,1,1,b27b88843ca1adad59dfc7f7672de47c977b4c01f1500140c834d21eb7dd3699,12000,16,1,180000,0.58983120081002,1,0.16719129583617726,0.30413342599477605,0,1,172800,0.0,-4.991536443646693,-333.4943062536883,2.5566985443616264,25.075768658185403,913.8617104350317,113.49979671261008,3.3333333333333335,0.0,600.0,8.417423629312898,24.52361403428241,0,0,0
S3_p009_t002_s1753739609,2026-09-23T11:01:45Z,S3,9,1,1,1,1a50408d75545c2f2a3dea86d47b80abddb1a10b28cc6fba39fef3e736a05bd7,12000,16,1,180000,0.7593487279059009,1,0.36377462749409817,0.3666786886862039,0,1,172800,0.0,-0.7524376374386071,-324.70832717199727,-12.417233110074697,0.3330489917398325,0.0007517978966962427,9.337179517387995e-05,0.08333333333333333,0.0,600.0,5.484676359045736,13.701658159263285,0,0,0
S4_p000_t000_s1380025803,2026-09-23T11:02:15Z,S4,0,1,0,1,0d8c0675da9b68b54a19840e5aa3c0bcac8f1e23ce1e1ba14b5189c870345380,12000,16,1,180000,0.8218822556744111,1,0.3539031478613008,0.3666786886862039,0,1,172800,0.0,-0.05111643053918384,-315.3749981907107,-28.321023899946788,0.032382948799574124,0.00045667797487334606,5.6718491123319836e-05,0.08333333333333333,0.0,600.0,126.38354884914742,5.508144034750496,0,0,0
S4_p000_t001_s1028796488,2026-09-23T11:02:30Z,S4,0,1,0,0,173a7af1b6e90ac8cf8509b3e19ca8c9f0a500aa3163fddfacb8a145ab10b625,12000,16,1,180000,0.8227204104869175,1,0.3422237589304092,0.3544964581009171,0,1,172800,0.0,-0.049347164188020556,-315.37500022949706,-28.698950114541223,0.050878607417079204,-0.00011457170903223361,-1.422957711838535e-05,0.08333333333333333,0.0,600.0,38.72453875034793,5.642488573899403,0,0,0
S4_p000_t002_s1457782904,2026-09-23T11:02:45Z,S4,0,1,0,0,ba0fda02c97eb4ebaabd93f0d7d9cad3fa747a96d7ecd0494098275ae3882968,12000,16,1,180000,0.8226060206498859,1,0.34219990831143793,0.3544964581009172,0,1,172800,0.0,-0.04788425508016465,-315.37499738386276,-28.645008078414925,0.03233042020398971,-0.00014387908797389043,-1.7869494968181243e-05,0.08333333333333333,0.0,600.0,58.282599900784106,5.808670207041563,0,0,0
S4_p001_t000_s1710814298,2026-09-23T11:03:00Z,S4,1,5,0,0,87684538153ff7b2255719a892875829bd70691657a3687ca2bb2ec72ff3883b,12000,16,1,180000,0.80029229348017,1,0.4937478663673605,0.528638013864102,0,1,172800,0.0,-0.008276359820366888,-315.3749995371272,-27.956931044852272,0.0240381187874849,-0.0002408057627795035,-2.9907594125688775e-05,0.08333333333333333,0.0,600.0,39.65027513333017,15.311758432899413,0,1,0
S4_p001_t001_s1662193313,2026-09-23T11:03:15Z,S4,1,5,0,0,5fe2a1ca563ceca724c41a1955287cae409a14142304fb9f3e49fe6d1ef62355,12000,16,1,180000,0.8010421509417349,1,0.49555528470545757,0.528638013864102,0,1,172800,0.0,-0.009252499270498376,-315.37500105190827,-27.8367157494135,0.013946339463355889,-0.00024780481800268107,-3.077686278629699e-05,0.08333333333333333,0.0,600.0,51.06011567618172,15.591144567058146,0,1,0
S4_p001_t002_s196226190,2026-09-23T11:03:30Z,S4,1,5,0,0,24d93cc61b7ae3a90c8d33b0f02f80bb2f989dae86e03460b6fd1deb2f8101f7,12000,16,1,180000,0.800508855367548,1,0.4956850143588646,0.5280675375406659,0,1,172800,0.0,-0.010425842101353252,-315.3750001980752,-28.005019842637154,0.014809231806562587,-0.0005869225364516955,-7.289460518222768e-05,0.08333333333333333,0.0,600.0,28.40516063430371,15.485825467209658,0,1,0
S4_p002_t000_s139150452,2026-09-23T11:03:45Z,S4,2,10,0,0,4a3bc1c35ddfc998d5e0812ac7e7a11c82eaa32d4ec2b580b1670bb29b930f55,12000,16,1,180000,0.8136168582903028,1,0.6820695179046237,0.7797841592258578,0,1,172800,0.0,0.07874569679739958,-315.3750004627988,-28.964503362772668,0.10190652532776234,-0.00031105489174091256,-3.863239544443786e-05,0.08333333333333333,0.0,600.0,47.63651205826493,14.731787947490222,0,1,0
S4_p002_t001_s1124369827,2026-09-23T11:04:00Z,S4,2,10,0,0,4809e1bde2321cd68973fcf419e86dc15ebb9563c0fcafd51094df6a30cf0acd,12000,16,1,180000,0.8138166041183427,1,0.6828404142089857,0.7812619387918875,0,1,172800,0.0,0.07782426874098317,-315.37500047747443,-29.018103148180565,0.09911881803290121,-6.68186969653582e-05,-8.298748525703559e-06,0.08333333333333333,0.0,600.0,41.50807407668512,14.787830167414452,0,1,0
S4_p002_t002_s820497043,2026-09-23T11:04:15Z,S4,2,10,0,0,d39cea4898b94fb2269690e55905de5e8b076ab903472470e2534df1df2fc1c6,12000,16,1,180000,0.8136231512532541,1,0.6827466292641207,0.7812619387918875,0,1,172800,0.0,0.07882447792340762,-315.3750007165248,-28.97878528563105,0.10105416219665811,-0.0002868708368058415,-3.5628784189611906e-05,0.08333333333333333,0.0,600.0,40.737787153222264,15.141632673701471,0,1,0
S4_p003_t000_s11459573,2026-09-23T11:04:30Z,S4,3,20,0,0,757c529b4959a6b3fe73c94ce8bbfd3dfe1704e9b9aca66d989c9dfc8c3a309d,12000,16,1,180000,0.8397799607467443,1,0.6959085793702612,0.8138162646274643,0,1,172800,0.0,-0.11728749353017225,-315.3749995024239,-30.182714196997892,0.1089570632989406,-0.00018002307000210326,-2.235850524812122e-05,0.08333333333333333,0.0,600.0,48.44960394189928,10.114440513556941,0,1,0
S4_p003_t001_s1313953807,2026-09-23T11:04:45Z,S4,3,20,0,0,34e520edf0db54f8e837d5b876a44242d14f6e761453a3b3301e4498da313c49,12000,16,1,180000,0.8399527169823332,1,0.6959154148953933,0.8138162646274643,0,1,172800,0.0,-0.11800623615782035,-315.37499917078156,-30.06305749896746,0.10089417372498835,-0.00017793748890933497,-2.2099480247561587e-05,0.08333333333333333,0.0,600.0,78.21433862372682,9.653470339532289,0,1,0
S4_p003_t002_s205499031,2026-09-23T11:05:00Z,S4,3,20,0,0,209f3db06df683dcdef57af16446c73d14436a6065c212088e2e265e4408fa64,12000,16,1,180000,0.6941907996912107,1,0.5885963086465588,0.8123339203276186,0,1,172800,0.0,-1.8498192144961885,-315.3741915270978,-3.087828170381358,42.47631926652407,1016.9221257489995,126.29969417377424,6.166666666666667,0.0,600.0,32.60813278132553,28.66545498160848,0,1,0
S4_p004_t000_s984663940,2026-09-23T11:05:15Z,S4,4,30,0,0,579d2a4ed5407b436e629b3ba23495de58fc1b2f4e7060f304e96ac31e3d13cb,12000,16,1,180000,0.962560210853367,1,0.8380854020696075,0.8676097313437321,0,1,172800,0.0,-0.0678933613306966,-304.8515866248223,-25.73097230124548,0.040244061829667346,0.03552787937089873,0.004412491562106879,0.08333333333333333,0.0,600.0,20.55348084004548,17.23413390235163,0,1,0
S4_p004_t001_s484615558,2026-09-23T11:05:30Z,S4,4,30,0,0,1ebd3fb01bcf2c67b7f90f89f68e665de9d9582ab87fb5ee9adc36de7dd8a5fd,12000,16,1,180000,0.9627289061620056,1,0.8395380409342403,0.8682260144619003,0,1,172800,0.0,-0.06794380479945772,-304.85159512375384,-25.755517623971617,0.052025353445896184,0.03658323442643511,0.004543564549294388,0.08333333333333333,0.0,600.0,10.351548788823234,17.46281251484668,0,1,0
S4_p004_t002_s330630277,2026-09-23T11:05:45Z,S4,4,30,0,0,2a3f7ed6074260a99fa74377e7e87e5d224fe60bc2912c8affb8c66e3f2a12db,12000,16,1,180000,0.9626204245900453,1,0.838784074077839,0.8682260144619003,0,1,172800,0.0,-0.06794367976253422,-304.85159347991913,-25.744930530372354,0.05129370404400345,0.034800450788575805,0.004322146387039538,0.08333333333333333,0.0,600.0,16.707932591207555,17.29471579116894,0,1,0
S5_p000_t000_s1561858501,2026-09-23T11:06:15Z,S5,0,1,0,0,be3b2d4881eadbc510bb0ee25fd1e48cae102b86e674cb4b4270fddc57fb2d7d,12000,16,1,180000,0.8848820881272953,1,0.012194870922874931,0.011612053423507095,0,1,172800,0.0,-1.1081789687753385,-325.51437222860113,-10.015022126444633,0.07382806135656966,-0.0012851247535359562,-0.0001596099241396587,0.08333333333333333,0.0,600.0,5.111192213236152,4.11067231968096,0,0,0
S5_p000_t001_s960283802,2026-09-23T11:06:30Z,S5,0,1,0,0,399700e8fe30087fbe331f6b42c59191187c268673174a15f003561d31310d4c,12000,16,1,180000,0.8846357405713011,1,0.011782852230326676,0.01140580408767393,0,1,172800,0.0,-1.1060872892365143,-325.51439184324533,-10.028562192767648,0.11391498875224224,-0.0008969398735494733,-0.00011139813841509749,0.08333333333333333,0.0,600.0,10.457448797178676,3.931669938636415,0,0,0
S5_p000_t002_s892021093,2026-09-23T11:06:45Z,S5,0,1,0,0,de4920d69493002df0af3b64964c921e2c1ff80644a4c686d6dd55f9384610a4,12000,16,1,180000,0.884945761832736,1,0.011556915402922613,0.010657549785587497,0,1,172800,0.0,-1.1125375102440327,-325.51437843479897,-10.021156426940331,0.1019913192537816,-0.0019399841342300065,-0.00024094214950309834,0.08333333333333333,0.0,600.0,7.779850827947303,4.153043996303785,0,0,0
S5_p000_t003_s1972790602,2026-09-23T11:07:00Z,S5,0,1,0,0,47c6a7a8a43463847a9e8c3d839ffc458b297682575b13e022a5695e17db01f1,12000,16,1,180000,0.8846136149829624,1,0.01260669566190773,0.01270485432429288,0,1,172800,0.0,-1.1196826636067265,-325.5143644531363,-9.983595279089313,0.11171658086761878,-0.0016334902451325783,-0.00020287622146497597,0.08333333333333333,0.0,600.0,7.41087320028862,3.7975580137171234,0,0,0
S5_p000_t004_s522357441,2026-09-23T11:07:15Z,S5,0,1,0,0,e626611829f9d72612de86d8de5a8b45aa98ecca272dff2b316dd0efcf6c023d,12000,16,1,180000,0.8840773826911772,1,0.011018511525513721,0.012704854324292879,0,1,172800,0.0,-1.123540776413411,-325.5143714705367,-9.963220097235713,0.08068024420790486,0.0005831439571657391,7.242531319207046e-05,0.08333333333333333,0.0,600.0,7.004522382411439,4.050038264773489,0,0,0
S5_p000_t005_s434100809,2026-09-23T11:07:30Z,S5,0,1,0,0,907873f9392df5ccccffb3d0c79df21bb690724b432a55a51ae03f78349fdebc,12000,16,1,180000,0.8851022285988098,1,0.011312010765176588,0.011252553894009865,0,1,172800,0.0,-1.1041487882514058,-325.51440391854095,-10.031220209094776,0.08272466480955185,-0.0007708516012622556,-9.573822717356961e-05,0.08333333333333333,0.0,600.0,7.094048093380449,3.672644222151476,0,0,0
S5_p000_t006_s1987541040,2026-09-23T11:07:45Z,S5,0,1,0,0,fbcb217d11e0dfe5bb393a7706786d1d38acc28c9a710f259becee23abb9ff05,12000,16,1,180000,0.88439252414494,1,0.011691487228316833,0.011252553894009865,0,1,172800,0.0,-1.1222720046631576,-325.51435598850367,-9.969240500548876,0.1178680329278247,-0.0010029113295613333,-0.00012455958130885847,0.08333333333333333,0.0,600.0,7.02270003045246,3.7704591143584403,0,0,0
S5_p000_t007_s1550731733,2026-09-23T11:08:00Z,S5,0,1,0,0,c0eca226e26a059dd57760fb2b7bbde3550fe6a5293da46acc30b7c74a416079,12000,16,1,180000,0.8848998347492733,1,0.012464863569611013,0.01264019616052306,0,1,172800,0.0,-1.1065157221767634,-325.514384364414,-10.031361656090919,0.09056813697309914,0.004545950066061434,0.000564597906304698,0.08333333333333333,0.0,600.0,9.283543816652887,4.22107573285367,0,0,0
S5_p000_t008_s978267978,2026-09-23T11:08:15Z,S5,0,1,0,0,df99d8553d08d1a8ea00700f0834cefbf762dce60b387357860152a8f7ceb5bb,12000,16,1,180000,0.8849948957634022,1,0.011603500581998273,0.012640196160523061,0,1,172800,0.0,-1.1173841643447757,-325.5143910252342,-10.000625142904891,0.08258281920313705,0.001433220848971317,0.00017800316300053964,0.08333333333333333,0.0,600.0,8.184477143047005,3.818144447433613,0,0,0
S5_p000_t009_s1361001477,2026-09-23T11:08:30Z,S5,0,1,0,0,f535600a929180db240eec4f1a38b913dc0fadcd879cee146b3e3e1cf957944d,12000,16,1,180000,0.8845592589401725,1,0.01166592634775081,0.011420613674509299,0,1,172800,0.0,-1.1164711563582916,-325.5143825535124,-9.983285269936962,0.06502626840064382,-0.0022386553532001865,-0.00027803651755675673,0.08333333333333333,0.0,600.0,5.5506432007143465,4.206006793355718,0,0,0
S5_p000_t010_s1672796167,2026-09-23T11:08:45Z,S5,0,1,0,0,5452ebfd35d3ce5e2f8fd1ab880eb6d14635ac530fc3abc0a276501094c51da3,12000,16,1,180000,0.7579211177329986,1,0.011241898374671152,0.0114206136745093,0,1,172800,0.0,-2.4602765580321235,-325.5144302729107,-3.0446953055407984,55.84426078201182,-0.05197406074493261,-0.006455074396399141,5.583333333333333,0.0,600.0,14.793482814941544,14.62934094020872,0,0,0
S5_p000_t011_s363339928,2026-09-23T11:09:00Z,S5,0,1,0,0,e0814e64aee3282b7e69b290fcc87d3dc965455b9f722c2347a96ea223a9bc40,12000,16,1,180000,0.6902330518796453,1,0.011350011372827212,0.011843584048481388,0,1,172800,0.0,-1.0587294167159715,-315.9583423435585,-10.72289302627057,0.09241071563717569,-0.0009549304385360437,-0.00011860045060529956,0.08333333333333333,0.0,600.0,6.916869451982766,5.039161959583726,0,0,0
S5_p000_t012_s920581965,2026-09-23T11:09:15Z,S5,0,1,0,0,eacf4299fbe9ddf5fa0854735edde856dc3b3daf3b56c3a6f14b7ab55887bc36,12000,16,1,180000,0.6904614805440005,1,0.011468745830261962,0.011843584048481388,0,1,172800,0.0,-1.0542029581238577,-315.9583320511635,-10.760158508358632,0.11981797529542661,-0.001939362742358428,-0.00024086497387543204,0.08333333333333333,0.0,600.0,8.846935632128545,4.592426800275701,0,0,0
S5_p000_t013_s1985403058,2026-09-23T11:09:30Z,S5,0,1,0,0,ad02877b17acc584dd95fd383ca7b94a731be74f874ffca7b04b88a83f0263ca,12000,16,1,180000,0.6913296300260526,1,0.012255775474723826,0.011125160529121431,0,1,172800,0.0,-1.0435295378553837,-315.9583440453583,-10.799940536788226,0.07202910833874758,0.0014048045585177027,0.00017447391655878164,0.08333333333333333,0.0,600.0,6.383984857910664,5.099982634611745,0,0,0
S5_p000_t014_s1613680917,2026-09-23T11:09:45Z,S5,0,1,0,0,6c8fbdb08aac6889573136a8094188af8aba7c198f7cae7c7d888f98f8ca928e,12000,16,1,180000,0.6908206382738858,1,0.011764468551401487,0.011461729475122348,0,1,172800,0.0,-1.0450629180505502,-315.95832203741276,-10.798896727436869,0.09198829062277619,-0.00010778071322600935,-1.338614902124391e-05,0.08333333333333333,0.0,600.0,8.392873991454756,5.268681005630369,0,0,0
S5_p000_t015_s1930000429,2026-09-23T11:10:00Z,S5,0,1,0,0,8ccfad662969a8b448786f8bd5c23cb824937ecc1d9810cfcd1b67e0f3ee74bc,12000,16,1,180000,0.6914390380936297,1,0.011586744699969493,0.011797850443511636,0,1,172800,0.0,-1.0474560542761995,-315.95832437881717,-10.783360248279504,0.10187489990445579,0.0014930942703966635,0.0001854393221947248,0.08333333333333333,0.0,600.0,10.606136607639522,5.0205330224148526,0,0,0
S5_p000_t016_s216305983,2026-09-23T11:10:15Z,S5,0,1,0,0,6751f5fbdad925b024ad8b4b28df422af71c33d84d9f46c2069f026cd9d06fcd,12000,16,1,180000,0.690015897351692,1,0.012160962249333314,0.01194803245568392,0,1,172800,0.0,-1.043853130307615,-315.95833216974944,-10.80809530723438,0.09773185050140464,0.00236725530658349,0.0002940083745670563,0.08333333333333333,0.0,600.0,14.297048506664732,5.01971781139326,0,0,0
S5_p000_t017_s312112809,2026-09-23T11:10:30Z,S5,0,1,0,0,540971dcabfd6b4031d44bdda956e4d55ff7185cb09f11050446ed997b884c53,12000,16,1,180000,0.6913048409054012,1,0.012590083358189195,0.013242238465470636,0,1,172800,0.0,-1.0538982078688517,-315.9583312029893,-10.752325288780265,0.07679725886450355,-0.000445486579517503,-5.532854220291483e-05,0.08333333333333333,0.0,600.0,4.67772091051367,4.676803646716908,0,0,0
S5_p000_t018_s1052303369,2026-09-23T11:10:45Z,S5,0,1,0,0,8403fe28791163bf8f4b285f497d8554481c1abffd7235bb6c58de4168bb71e4,12000,16,1,180000,0.6916322067132044,1,0.011497182062854187,0.013242238465470636,0,1,172800,0.0,-1.0391689433972078,-315.95833145142325,-10.816207448657442,0.09937559726742205,-0.00012813692012398847,-1.591434920555912e-05,0.08333333333333333,0.0,600.0,6.766961189124144,5.571000517276216,0,0,0
S5_p000_t019_s217579570,2026-09-23T11:11:00Z,S5,0,1,0,0,545df4d5f2edcf1e999e01a792d122070963d4e87f4f0b29fad947336b908880,12000,16,1,180000,0.6914097219883245,1,0.01311102301506408,0.011825340334323904,0,1,172800,0.0,-1.0480232237215144,-315.95832453036985,-10.784834167361417,0.07073930524791881,0.001809356410716455,0.00022471844749816228,0.08333333333333333,0.0,600.0,5.1977000981605785,4.589858545825694,0,0,0
S5_p000_t020_s99964177,2026-09-23T11:11:30Z,S5,0,1,0,0,044b02b868a1f3256e53f351df8bfe9b1860aa5606eb7cef311638924a77b657,12000,16,1,180000,0.6911028500249266,1,0.01274425899867668,0.011430700011323071,0,1,172800,0.0,-1.0534716070528094,-336.6250058548242,-10.768033203847022,0.12184708354749373,-0.0005422855861591302,-6.735078522979165e-05,0.08333333333333333,0.0,600.0,6.45067272266834,4.750080593820774,0,0,0
S5_p000_t021_s490683040,2026-09-23T11:11:45Z,S5,0,1,0,0,f5d9c7b44da0cf265672da9e31452cd05e7abb29e8b3c0f5f12b2f8f8398c8eb,12000,16,1,180000,0.691879826900574,1,0.012194505738692128,0.01184653938728869,0,1,172800,0.0,-1.0484331878353335,-336.62500405886806,-10.780429223068381,0.07327713521562657,0.0005329529767329991,6.619169380428502e-05,0.08333333333333333,0.0,600.0,9.017990168735922,4.754942188577375,0,0,0
S5_p000_t022_s1940961689,2026-09-23T11:12:00Z,S5,0,1,0,0,913a7eba5067b4d22f95134424dde0c922cb43d798861c3c12f0618bd56e122c,12000,16,1,180000,0.6912249860684005,1,0.011738316613260531,0.01222168085676451,0,1,172800,0.0,-1.0544577464627225,-336.62499718961163,-10.740610401484876,0.11741014389743165,-0.00040740392558958146,-5.059875275037484e-05,0.08333333333333333,0.0,600.0,8.21998013467323,4.899771163135763,0,0,0
S5_p000_t023_s1454648504,2026-09-23T11:12:15Z,S5,0,1,0,0,7e7ed43725ad44db97fb3f7ad6ce2403c9ba4924129998fc94ecea1433ff8c8c,12000,16,1,180000,0.6906709174519149,1,0.011297192992735657,0.012221680856764509,0,1,172800,0.0,-1.0561896707577596,-336.6249988381387,-10.758835505229618,0.0906809261047501,0.004683090066900685,0.0005816304201289313,0.08333333333333333,0.0,600.0,9.072790307779796,4.812991860831567,0,0,0
S5_p000_t024_s558398644,2026-09-23T11:12:30Z,S5,0,1,0,0,18d6086a1815cfb292e4b568d3fd69741359252f75c52ac8fc51e798e43ba467,12000,16,1,180000,0.6846846607298913,1,0.01157123287481142,0.011320390480114302,0,1,172800,0.0,-1.1628402243781286,-336.6249844763412,-9.582901790683323,0.17313442775263893,0.002372727125719708,0.00029468796356013627,8.25,0.0,600.0,16.458601153319478,4.5470261913075465,0,0,0
S5_p000_t025_s1286326493,2026-09-23T11:12:45Z,S5,0,1,0,0,268ade7f1f13c73e44e7695b9ec02fcef34ec92e23e0f77ab51b538aaee33f14,12000,16,1,180000,0.9555723679442596,1,0.011697905747838784,0.011438325274920134,0,1,172800,0.0,-1.052058014751294,-326.58333442985224,-10.751468498032455,0.08901108925767723,0.0005213251194114636,6.474753718066495e-05,0.08333333333333333,0.0,600.0,10.50579237033201,4.846899633085275,0,0,0
S5_p000_t026_s905618129,2026-09-23T11:13:00Z,S5,0,1,0,0,76b791ead1683974cc30bbc81d37e0b1cf3785854253a550fdf2011b66c209e2,12000,16,1,180000,0.9553333671612588,1,0.013580871431391478,0.013039589560558134,0,1,172800,0.0,-1.0559981394141507,-326.5833336765445,-10.723047114473001,0.09915081022232594,-0.0003234121799530333,-4.0167145925806835e-05,0.08333333333333333,0.0,600.0,4.992193217879559,4.857132536915528,0,0,0
S5_p000_t027_s649442228,2026-09-23T11:13:15Z,S5,0,1,0,0,db6a9184f7e570377f679e9f64aec84add12ec3de881a3deeb7bbc5b9cecc322,12000,16,1,180000,0.9553823177905905,1,0.012195284018403404,0.01321816363286422,0,1,172800,0.0,-1.0517200194861123,-326.5833335072918,-10.721097045475343,0.06554524628324146,-0.0006924436571849876,-8.600011733506108e-05,0.08333333333333333,0.0,600.0,7.5210656182063405,4.652158150561369,0,0,0
S5_p000_t028_s1033628820,2026-09-23T11:13:30Z,S5,0,1,0,0,5fdc6a9147ed43547091be860ed3063dc712ee2b10e1b93571c33509e7b8c1ad,12000,16,1,180000,0.9559882691398088,1,0.012665022990513152,0.01321816363286422,0,1,172800,0.0,-1.0372768459757125,-326.5833339766917,-10.790904819887704,0.07425312129497008,-0.00027726009839598535,-3.443514970058459e-05,0.08333333333333333,0.0,600.0,7.261829123815087,4.528263237893169,0,0,0
S5_p000_t029_s815515411,2026-09-23T11:13:45Z,S5,0,1,0,0,5abc9caaddb59a62bd2b4444babffff4d70f8e978cd782b4278f4b8c8a3c9d80,12000,16,1,180000,0.955152752624056,1,0.011413306601735958,0.010522630375740043,0,1,172800,0.0,-1.0614530597248268,-326.5833326870482,-10.71100374958036,0.08934170571809842,-0.00034080405642681054,-4.232718220009701e-05,0.08333333333333333,0.0,600.0,7.3394162239355465,5.276837098669247,0,0,0
S5_p000_t030_s1593614182,2026-09-23T11:14:00Z,S5,0,1,0,0,d29990057044a8a2d8c2969e346300fd808eac23fb7165fe83132cb4450bbdc5,12000,16,1,180000,0.9551914908787319,1,0.011677040112022051,0.011381903972451344,0,1,172800,0.0,-1.0577206226413556,-326.58333355516817,-10.720212524896066,0.08125165692778794,6.931906045518978e-05,8.609288670413662e-06,0.08333333333333333,0.0,600.0,4.949360009673045,4.518304113951487,0,0,0
S5_p000_t031_s1722507941,2026-09-23T11:14:15Z,S5,0,1,0,0,1e1ce16957e4c58ad65b10420db942851ef2936d6b86ca8d9e3a23300048c141,12000,16,1,180000,0.9555051444274226,1,0.011720949735408631,0.011381903972451344,0,1,172800,0.0,-1.0506590398662592,-326.5833352011444,-10.74673536699147,0.07914511865638121,0.0005170124377178905,6.421191073968657e-05,0.08333333333333333,0.0,600.0,4.752203347947256,5.072730981757207,0,0,0
S5_p000_t032_s1695726775,2026-09-23T11:14:30Z,S5,0,1,0,0,1d250eb70f654c345b7135e8a86d3127e669d4a404d198976d12210391eee537,12000,16,1,180000,0.9551233609654183,1,0.011605339833104371,0.011266541992162515,0,1,172800,0.0,-1.0612014973138086,-326.58333214148536,-10.71187570082273,0.07019088314877436,0.0005875476447161397,7.297224237845512e-05,0.08333333333333333,0.0,600.0,4.874649659311005,4.33700080724392,0,0,0
S5_p000_t033_s51254525,2026-09-23T11:14:45Z,S5,0,1,0,0,e1f4e710b91406dbae839d240b4a94a3784ef0ce25973c0d461a415539521d98,12000,16,1,180000,0.9553422729493689,1,0.011299166922603661,0.011266541992162515,0,1,172800,0.0,-1.0541977621076717,-326.5833313766173,-10.715725760604293,0.10673118072567886,-0.0006099126809558984,-7.574993514936068e-05,0.08333333333333333,0.0,600.0,7.900463175752949,4.979649668521232,0,0,0
S5_p000_t034_s1745018624,2026-09-23T11:15:00Z,S5,0,1,0,0,24ebe2d1ac29bc87e0f226f4b24b10a48274c5505587e1e632bf9907e1528f3d,12000,16,1,180000,0.9555385821509681,1,0.01135434462073005,0.01173937934108169,0,1,172800,0.0,-1.0558212129364448,-326.58333405912464,-10.753375876668695,0.10032618329610024,9.047230364067488e-05,1.123647916756454e-05,0.08333333333333333,0.0,600.0,5.925337766894521,5.3228323956660875,0,0,0
S5_p000_t035_s977203227,2026-09-23T11:15:15Z,S5,0,1,0,0,f48e450b043ddb9a0b677542d27d04efefc0b9cc136ba48a5b0aa1d06662e901,12000,16,1,180000,0.9556606495507004,1,0.011660811845531163,0.011906754434669618,0,1,172800,0.0,-1.051249480642366,-326.5833338947032,-10.751035622036802,0.11430341560199313,0.0003472355580451083,4.312596183808637e-05,0.08333333333333333,0.0,600.0,8.392961145957544,4.758034561717332,0,0,0
S5_p000_t036_s2083372684,2026-09-23T11:15:30Z,S5,0,1,0,0,f2a7f72751ac2dda537ce6aa8b94b0c9702607d961e4b8f36fd6fafa6b7eedae,12000,16,1,180000,0.9548530965184602,1,0.011673262971001215,0.011941561547457529,0,1,172800,0.0,-1.0652173303242893,-326.58333374940895,-10.672984491846456,0.09418463330603298,-0.00017079397767853628,-2.121227043971885e-05,0.08333333333333333,0.0,600.0,10.388910845671539,4.308092769810997,0,0,0
S5_p000_t037_s1544718727,2026-09-23T11:15:45Z,S5,0,1,0,0,50377d15b3fc395a2ca45bf9489c23763c2eae511da5bc10c7d3d1bb7b7578d2,12000,16,1,180000,0.954918919847313,1,0.011361598070246701,0.011941561547457529,0,1,172800,0.0,-1.0642650376835125,-326.5833315360554,-10.691431842675849,0.08453799141966258,-0.00023955649091008245,-2.9752437058050418e-05,0.08333333333333333,0.0,600.0,6.099001708148715,4.220251945150245,0,0,0
S5_p000_t038_s894361021,2026-09-23T11:16:00Z,S5,0,1,0,0,f944540a5c13298a15ee5e403572a780e63c59612a4a918af2efbbc3e4a334f4,12000,16,1,180000,0.9553921934347775,1,0.011687218197896677,0.01152536370534649,0,1,172800,0.0,-1.0596952543503937,-326.5833357083284,-10.726588835028895,0.07465905889298133,-0.0003186012306666003,-3.9569635646330426e-05,0.08333333333333333,0.0,600.0,8.572401795872857,4.564462114642102,0,0,0
S5_p000_t039_s819664372,2026-09-23T11:16:15Z,S5,0,1,0,0,3583c1b960942ee8321b4ba3cc11fe09324c894c4efb55ddcab66fb89e601ef5,12000,16,1,180000,0.9553973452692202,1,0.012071672749296419,0.011299748597758093,0,1,172800,0.0,-1.049066045762361,-326.5833340813648,-10.756504283310797,0.10941828136969378,0.00018489365366351727,2.2963421997701516e-05,0.08333333333333333,0.0,600.0,7.16373920948047,4.651412940517388,0,0,0
S5_p000_t040_s857399851,2026-09-23T11:16:45Z,S5,0,1,0,0,e76f1ebac84786ad38382b61e64b6fab048f8dde2103d94806e5d3433ccd7836,12000,16,1,180000,0.8856090836500986,1,0.011420574412268968,0.011434955377139051,0,1,172800,0.0,-1.0953697575196035,-327.5689321307218,-10.069029520914057,0.10077246112490679,-0.0015662183752487794,-0.0001945211897691479,0.08333333333333333,0.0,600.0,8.107428097286475,4.539833677919333,0,0,0
S5_p000_t041_s1795049623,2026-09-23T11:17:00Z,S5,0,1,0,0,c0c6b97b9e34c63cc3acbba609c25a9165e7592aa5238f2d164ef1e372b03564,12000,16,1,180000,0.8844208641387589,1,0.011857907035096956,0.011434955377139051,0,1,172800,0.0,-1.1188261768691272,-327.56894692536963,-9.965796556724243,0.10050125492213005,-0.0008197554648633467,-0.00010181198922509793,0.08333333333333333,0.0,600.0,8.72517285110336,4.27605421198074,0,0,0
S5_p000_t042_s190457367,2026-09-23T11:17:15Z,S5,0,1,0,0,6b84833831754276781f2151a1fbaaf73fa2f1f365245dc0a9739fdba31316ed,12000,16,1,180000,0.8846674049193138,1,0.011202295845838789,0.01107464873018137,0,1,172800,0.0,-1.1122766471097238,-327.56897179867093,-10.026579225454096,0.10745441962461683,0.0009517868425012891,0.00011821002226497512,0.08333333333333333,0.0,600.0,11.745959299488732,3.8136621451232715,0,0,0
S5_p000_t043_s1463994837,2026-09-23T11:17:30Z,S5,0,1,0,0,2f04393cd49258874e8b7fd1b37e7a93aa2b7203921d787f42592827fb098d11,12000,16,1,180000,0.8850530980059654,1,0.011380579788362316,0.011512522855102006,0,1,172800,0.0,-1.1066575439596922,-327.5689498380847,-10.019952926092177,0.0776555003115299,0.003204772639545335,0.0003980263522862515,0.08333333333333333,0.0,600.0,13.106674413618471,4.13274852645963,0,0,0
S5_p000_t044_s1305633241,2026-09-23T11:17:45Z,S5,0,1,0,0,db45aa776789fab12d03ecf891d96cb8dab2b0a5006cf1ecb6440e72469e3c90,12000,16,1,180000,0.8846558476073534,1,0.011854170603387691,0.011678784634285913,0,1,172800,0.0,-1.1132722287992867,-327.5689612639023,-10.010762180683194,0.07050207004802742,0.002534787367798248,0.00031481552150580683,0.08333333333333333,0.0,600.0,7.92631588458643,4.007508788367505,0,0,0
S5_p000_t045_s641567673,2026-09-23T11:18:00Z,S5,0,1,0,0,f025104a0db9708c49ebf95c0fe78993e5b46d270c7ffda663abff9b889fecbc,12000,16,1,180000,0.8847022617530966,1,0.01218262981958191,0.011678784634285915,0,1,172800,0.0,-1.1105536346325098,-327.5689338514882,-10.002367448845009,0.12470170047545334,0.0021496196752284905,0.00026697846442402806,0.08333333333333333,0.0,600.0,5.414058300916838,4.2556699869603705,0,0,0
S5_p000_t046_s342352341,2026-09-23T11:18:15Z,S5,0,1,0,0,c412a2ec9fa4b26a3822bc66aeea9b7bd972272a3d5f2097b3b11ba226ac5a20,12000,16,1,180000,0.8839281101345087,1,0.012693711213490784,0.011684347577656472,0,1,172800,0.0,-1.1320275637222756,-327.56896577541255,-9.924974145947656,0.1341109915434207,0.000142025534285957,1.7639287307247287e-05,0.08333333333333333,0.0,600.0,8.308234629500294,3.9689437864139117,0,0,0
S5_p000_t047_s1976295519,2026-09-23T11:18:30Z,S5,0,1,0,0,efea0fe6a1222671a750ba9858ce963fab8fa21163f37929d9b05ce6b3fcc54a,12000,16,1,180000,0.8846007989426597,1,0.013141749678057995,0.012438424080307056,0,1,172800,0.0,-1.1150586092910624,-327.56895151907156,-10.00853889077617,0.11594197164835635,-0.005832986678546402,-0.0007244452795021061,0.08333333333333333,0.0,600.0,11.907939682294092,3.9210006941404862,0,0,0
S5_p000_t048_s26274461,2026-09-23T11:18:45Z,S5,0,1,0,0,51b811609a4d437d0bd23c4433d05802b4541f70c26e65f8a79c4c3c197d80b1,12000,16,1,180000,0.8841161136170169,1,0.011854578459179456,0.012438424080307056,0,1,172800,0.0,-1.128952837337438,-327.5689669109949,-9.939693096639617,0.09474895164049688,-0.0042271550630369565,-0.0005250042045190639,0.08333333333333333,0.0,600.0,9.473329238164336,4.04970333235843,0,0,0
S5_p000_t049_s1345419483,2026-09-23T11:19:00Z,S5,0,1,0,0,b982c7f0260bdd933e4875c4a53ed4ca107fba006fdca8e451c2842a00191785,12000,16,1,180000,0.8850534198796376,1,0.01128684456539402,0.013085355031554318,0,1,172800,0.0,-1.1079207445024737,-327.5689284909604,-10.031259429558482,0.08548954490031974,0.0017301379890923602,0.00021487967796929297,0.08333333333333333,0.0,600.0,8.479276270343377,4.147540701308138,0,0,0
S5_p000_t050_s99021969,2026-09-23T11:19:15Z,S5,0,1,0,0,da3396c4356dc70cb9c2e27bf2d91328a61780c9d63377eb44c3d155b76cc572,12000,16,1,180000,0.884843311382975,1,0.011396682926124438,0.013085355031554316,0,1,172800,0.0,-1.1136257633840576,-327.5689507653066,-10.009808603574076,0.1779245588634611,-0.00065737007685449,-8.164404880517395e-05,0.08333333333333333,0.0,600.0,8.931771029535598,3.7966395854481965,0,0,0
S5_p000_t051_s1479934108,2026-09-23T11:19:30Z,S5,0,1,0,0,25123a0dde4243f29a5ad310631a8130bffa656be4718ab96ed3038f5e3d3313,12000,16,1,180000,0.8844615680577966,1,0.011732686418292882,0.011074855641030328,0,1,172800,0.0,-1.1201819566495728,-327.56895318096093,-9.978393367960123,0.10502832281867866,0.005869722672804464,0.0007290078165169689,0.08333333333333333,0.0,600.0,11.05813526417509,3.988550623059792,0,0,0
S5_p000_t052_s394618325,2026-09-23T11:19:45Z,S5,0,1,0,0,6f6bc183a7c7c06e4f039a04faa2e2c0a6411aacf4c8e1c070ebc94025ac8cd5,12000,16,1,180000,0.8841533418680362,1,0.013979744080462209,0.01454022921144404,0,1,172800,0.0,-1.1273034952275387,-327.5689711920962,-9.951745799004007,0.10876613639936429,-0.009604992643135893,-0.0011929208762921917,0.08333333333333333,0.0,600.0,4.739253946761572,4.304318032805794,0,0,0
S5_p000_t053_s628411764,2026-09-23T11:20:00Z,S5,0,1,0,0,a9c80b6528f5313b065cd5680d75a2f28694c9b4974cd550b6ac8a8b3d8e5408,12000,16,1,180000,0.8850974900157433,1,0.013158178785325332,0.014540229211444043,0,1,172800,0.0,-1.1120591572784064,-327.5689474247071,-10.021280760995984,0.06516727570382125,0.0010659951615406614,0.00013239446707302704,0.08333333333333333,0.0,600.0,5.121644804782621,3.9904216775738184,0,0,0
S5_p000_t054_s100976213,2026-09-23T11:20:15Z,S5,0,1,0,0,338c0d26da83596dda508d05bb07d1c9f0b775700de111b609df5a229e2564f4,12000,16,1,180000,0.6698109149848356,1,0.012426351852095558,0.012025786238237553,0,1,172800,0.0,-4.138177115295579,-317.1666752717071,0.8094272476071739,57.344223403657075,1005.0662461323391,124.82721763714426,3.25,0.0,600.0,10.287387299885799,11.495742359050372,0,0,0
S5_p000_t055_s419571874,2026-09-23T11:20:30Z,S5,0,1,0,0,81d438fca674fb5881cc0722616770c5bb6cd4162a0e06387cfc61f6dfd723b8,12000,16,1,180000,0.9548139267711546,1,0.012195907501969847,0.010819566177967187,0,1,172800,0.0,-1.0626513831190485,-317.16666515561275,-10.707172000968306,0.08087445660344197,-8.609192501341103e-05,-1.0692444902815623e-05,0.08333333333333333,0.0,600.0,7.586704223033344,4.760718941445388,0,0,0
S5_p000_t056_s1428634269,2026-09-23T11:20:45Z,S5,0,1,0,0,68575e0aae81d8fb5730e9e915a6a290be0b8d1a4b32cee364e45a27cd977ce4,12000,16,1,180000,0.9550627760521981,1,0.011522851754755356,0.011368428910441425,0,1,172800,0.0,-1.0489524575360998,-317.16666781383054,-10.765672789920192,0.11722261509201548,0.000575984518536944,7.153612523325137e-05,0.08333333333333333,0.0,600.0,4.869246087878949,5.1784427014421865,0,0,0
S5_p000_t057_s329242616,2026-09-23T11:21:00Z,S5,0,1,0,0,0884edbcb84a870406ae908b6ce1a939ff68368847cce17ca4b217ccf5e59249,12000,16,1,180000,0.9552713630233015,1,0.011165529718317328,0.01152206920284912,0,1,172800,0.0,-1.0487980393135041,-317.1666682035842,-10.771237573582809,0.07269860601850173,-0.00038520309899243017,-4.784145448866184e-05,0.08333333333333333,0.0,600.0,5.012857732799968,4.768685824011668,0,0,0
S5_p000_t058_s2110013045,2026-09-23T11:21:15Z,S5,0,1,0,0,7f25493e164b3a7599e6c343a3e0f4c9a78b668221ee20ee1fd906b0ab04907d,12000,16,1,180000,0.9546362110457217,1,0.01120856996543247,0.01152206920284912,0,1,172800,0.0,-1.0636249326927842,-317.16666544539595,-10.697584503542405,0.08458861905144653,-0.00048550286349983627,-6.0298484640952665e-05,0.08333333333333333,0.0,600.0,7.848520384615093,4.863184721904198,0,0,0
S5_p000_t059_s156085977,2026-09-23T11:21:30Z,S5,0,1,0,0,4ee9d3ad273216072c25267a3c19edb13bd3552204579c969620314505a83477,12000,16,1,180000,0.9551008536315208,1,0.011466843974462494,0.011479244942781833,0,1,172800,0.0,-1.049700522645209,-317.16666665062985,-10.756858233651602,0.08661922011846415,-9.954422366851927e-05,-1.2363193491182756e-05,0.08333333333333333,0.0,600.0,6.2394487909759055,4.836300309387429,0,0,0
S5_p001_t000_s1885087324,2026-09-23T11:22:00Z,S5,1,1,0,0,e8995fe895acccc2b807fb4e3ac4ca8524e8d96155526c14c26f217609bf4475,12000,16,1,180000,0.9556852149877424,1,0.011798711587397606,0.011612135066804708,0,1,172800,0.0,-1.0556644558554502,-338.50000050700567,-10.75077917581191,0.07374940641801264,6.892116110000264e-05,8.559870366298128e-06,0.08333333333333333,0.0,600.0,8.096420536124429,4.689835562890844,0,0,0
S5_p001_t001_s1655700015,2026-09-23T11:22:15Z,S5,1,1,0,0,37ebec8eeec12d68b13eeae097f4b91bdd7ea18fc8cf7e704fc3ef70e39af469,12000,16,1,180000,0.9563206343865243,1,0.013320455990371974,0.011758077236549454,0,1,172800,0.0,-1.0440196560578454,-338.5000005345094,-10.781280939944791,0.08154393776725502,0.00010901314599120388,1.3539214705815539e-05,0.08333333333333333,0.0,600.0,8.865444223320031,4.952101126435402,0,0,0
S5_p001_t002_s1021903553,2026-09-23T11:22:30Z,S5,1,1,0,0,9baff364335cb6a07df01791a065375218ec346398ba4539584c03c31cb2f735,12000,16,1,180000,0.9555046743507959,1,0.011641068329696268,0.011758077236549456,0,1,172800,0.0,-1.0643783398680007,-338.49999954727355,-10.701170968634703,0.1104101609829896,0.00013881459648017964,1.724049525364535e-05,0.08333333333333333,0.0,600.0,7.5361352290199966,4.718948935302722,0,0,0
S5_p001_t003_s1644975509,2026-09-23T11:22:45Z,S5,1,1,0,0,19d68f6cfe1694bbef4a1339abe65cf099900bfa887bd794541486cced6bd070,12000,16,1,180000,0.956318289693513,1,0.011976361129202334,0.011663593173974689,0,1,172800,0.0,-1.0376416887375035,-338.49999984136895,-10.79872348666494,0.11064873517496146,-0.0001481486448643366,-1.839976539486088e-05,0.08333333333333333,0.0,600.0,6.175495018531671,4.7300245247264066,0,0,0
S5_p001_t004_s1168327485,2026-09-23T11:23:00Z,S5,1,1,0,0,b7e3209037e8dfe50ab86feb84d8a0635ec22e35d122905d1d1a755dbc0a6e2a,12000,16,1,180000,0.9559738117305815,1,0.011265981864297364,0.01066601118346451,0,1,172800,0.0,-1.0405990471067126,-338.500001547906,-10.783584909668606,0.10082507009804369,-0.00034254094100905265,-4.2542899791442323e-05,0.08333333333333333,0.0,600.0,12.262825730106869,5.004400424125766,0,0,0
S5_p001_t005_s821699653,2026-09-23T11:23:15Z,S5,1,1,0,0,2ea564b3eb01e8136f4355721a7c96236a93d1b9a8555b5da66266fccde4316c,12000,16,1,180000,0.9556186367607792,1,0.01159733582566788,0.012058580066831297,0,1,172800,0.0,-1.0573415878964973,-338.4999998793107,-10.730936793213337,0.08706573773587903,-0.00017942636010521306,-2.2284395072347252e-05,0.08333333333333333,0.0,600.0,5.509444287515737,4.83905351945303,0,0,0
S5_p001_t006_s1390326187,2026-09-23T11:23:30Z,S5,1,1,0,0,540ef5f0371e139de629152ae9df40cb18c7b95975d65b1d64df65dedb1dc2af,12000,16,1,180000,0.9564008869274231,1,0.011796906969706625,0.012058580066831297,0,1,172800,0.0,-1.0408767596615984,-338.49999834681876,-10.80224346171461,0.07311452139915536,0.0004937449660920685,6.132213729870273e-05,0.08333333333333333,0.0,600.0,8.062199962479268,5.1485861958463985,0,0,0
S5_p001_t007_s62755090,2026-09-23T11:23:45Z,S5,1,1,0,0,652867db4191991db7e9dc18c1da31788f0884cbce4c8c7aa8ff0c479a41749a,12000,16,1,180000,0.9557649529501078,1,0.011520430537987533,0.011815804920647007,0,1,172800,0.0,-1.0585412347433225,-338.50000106762855,-10.734567208459008,0.0948660901752136,0.00017379909322602142,2.1585499780485407e-05,0.08333333333333333,0.0,600.0,8.461960894451,4.939442770723997,0,0,0
S5_p001_t008_s1060521833,2026-09-23T11:24:00Z,S5,1,1,0,0,3a9d1c2fba8258ddf78e84b93c3dfda7ce723896aefcfd354300e6b259fb932c,12000,16,1,180000,0.4574169675237453,1,0.012420043070872388,0.01181528906755367,0,1,172800,0.0,-4.675072679390816,-328.45879480147653,1.75406040456794,96.46573219723254,970.2256876613852,120.50008995616872,5.25,0.0,600.0,9.19876807448832,10.14381279447997,0,0,0
S5_p001_t009_s589950212,2026-09-23T11:24:15Z,S5,1,1,0,0,bc1ded423a7a654de4adc9b76a6e6e991fcc39157119e42ca7078079fa579330,12000,16,1,180000,0.6921406323231826,1,0.011721593363439234,0.012572497355329351,0,1,172800,0.0,-1.0468135329573935,-328.45833527855456,-10.776300182009326,0.1175889752225559,-0.00036120963825857845,-4.486151465243893e-05,0.08333333333333333,0.0,600.0,7.529924308005479,4.838246809706755,0,0,0
S5_p001_t010_s1305069655,2026-09-23T11:24:30Z,S5,1,1,0,0,86ec4ddb70253e459efa8a60acfac9bdba84a084a4e102125d388425eb53f627,12000,16,1,180000,0.6913115461697755,1,0.011621943154918149,0.01257249735532935,0,1,172800,0.0,-1.0548636212064368,-328.458339799834,-10.728948192355553,0.06541934752572671,0.0006959343460060561,8.643365390526014e-05,0.08333333333333333,0.0,600.0,4.748635374888385,5.697960940251482,0,0,0
S5_p001_t011_s28593644,2026-09-23T11:24:45Z,S5,1,1,0,0,97103ec15d989465abe69cc808fea827f66d9b943cf78279ba295f2f3150b480,12000,16,1,180000,0.6903892245991737,1,0.01098752684225908,0.011370134432934819,0,1,172800,0.0,-1.049378049595153,-328.4583415761766,-10.785938508288178,0.07736418603693991,0.0012290977547890893,0.00015265148294929531,0.08333333333333333,0.0,600.0,8.168386125756088,4.938801484919252,0,0,0
S5_p001_t012_s1865301797,2026-09-23T11:25:00Z,S5,1,1,0,0,2d9fadef5f1c1704b6173394b230219b2793d5ceb4a1d3f446ddb789999f4e38,12000,16,1,180000,0.6905443772419123,1,0.01173539848422197,0.011697493707701075,0,1,172800,0.0,-1.0514541475128167,-328.4583376680209,-10.753853729402268,0.06750965337975065,0.0009162955725659103,0.00011380207752154092,0.08333333333333333,0.0,600.0,14.660865972107159,4.612594736921846,0,0,0
S5_p001_t013_s2060094721,2026-09-23T11:25:15Z,S5,1,1,0,0,80fceee43c0e57320d52ca42d57eed7692c0900590a6b90b8cb3d4c59a9b6fe5,12000,16,1,180000,0.6905817578568255,1,0.012096311902672508,0.011697493707701073,0,1,172800,0.0,-1.0556736504810582,-328.4583334461271,-10.728758767353156,0.08412695134514724,0.0006853864358366212,8.512362455803668e-05,0.08333333333333333,0.0,600.0,7.949875471790444,4.655927245551565,0,0,0
S5_p001_t014_s1948411728,2026-09-23T11:25:30Z,S5,1,1,0,0,ee0fde329d72b61ee238b99aa587a7228a34a9ca6bbff7225a5c1b80aab8c773,12000,16,1,180000,0.692363131216263,1,0.011764791207154754,0.010943740424339411,0,1,172800,0.0,-1.0499208887868812,-328.4583318603709,-10.78984268649393,0.09811654029033767,-0.00014090887722757763,-1.7500600733910687e-05,0.08333333333333333,0.0,600.0,9.736456782929205,4.9489612109513175,0,0,0
S5_p001_t015_s391197292,2026-09-23T11:25:45Z,S5,1,1,0,0,7d3ca4406d56ec2848ed490e422f612510bfc03a630429172bd8df700ffd01ce,12000,16,1,180000,0.6910873256949899,1,0.011777760057292232,0.010943740424339411,0,1,172800,0.0,-1.0572301154690678,-328.4583373747852,-10.696727158737598,0.10489742508810669,-0.0012429849373159735,-0.00015437624324476928,0.08333333333333333,0.0,600.0,12.666559198179234,4.5657103047706045,0,0,0
S5_p001_t016_s1222798800,2026-09-23T11:26:00Z,S5,1,1,0,0,3850d456b9bda78d2906c88aa5120a5f51cc73ec084df7f310a17d60562b8ba0,12000,16,1,180000,0.6927107068787511,1,0.01182793492713429,0.01155165604757784,0,1,172800,0.0,-1.036464926385061,-328.45833153269996,-10.821309472811487,0.11979662903371358,-0.0006525616796132073,-8.104685548460111e-05,0.08333333333333333,0.0,600.0,6.990651551068975,4.83448841874077,0,0,0
S5_p001_t017_s1741812164,2026-09-23T11:26:15Z,S5,1,1,0,0,53c16ed1edb83caf2bee5118890f7625503d591b46f914a2bd2c6d347008d094,12000,16,1,180000,0.6909673329810821,1,0.012356795769453211,0.011551656047577838,0,1,172800,0.0,-1.050201841333699,-328.4583206679805,-10.770984539605644,0.11202151139440666,0.0006399801812364176,7.94842585492006e-05,0.08333333333333333,0.0,600.0,9.581062127204545,4.5713733865563935,0,0,0
S5_p001_t018_s761716013,2026-09-23T11:26:30Z,S5,1,1,0,0,23c404145d2064f3a8b7d6025a26a775e06d26e62bd21112503307928b30090e,12000,16,1,180000,0.6918873477017862,1,0.011522630483306037,0.011175487216593947,0,1,172800,0.0,-1.0535007601186566,-328.45834042052957,-10.76647618336894,0.09515812927986642,0.0006523508594472678,8.102067204163177e-05,0.08333333333333333,0.0,600.0,5.433519154696854,5.3381357171369554,0,0,0
S5_p001_t019_s1418527271,2026-09-23T11:26:45Z,S5,1,1,0,0,e5c2c6d9e00fa620fc88f3cbfa73743833852449f439d74b51af708e80364b10,12000,16,1,180000,0.6928036132609589,1,0.011085823563693812,0.011217996666343173,0,1,172800,0.0,-1.034133359628915,-328.4583315984273,-10.84289536159729,0.0811957942450417,0.001997375166325697,0.0002480700009073189,0.08333333333333333,0.0,600.0,8.870127719638413,5.049007377729559,0,0,0
S5_p001_t020_s783127692,2026-09-23T11:27:15Z,S5,1,1,0,0,70aea2a78034c290fec120ca4778c4b906bc280b35ce71edc5411393d343683a,12000,16,1,180000,0.6914076697144659,1,0.011698015093678656,0.01130698512478443,0,1,172800,0.0,-1.0482550326930515,-339.1250065821781,-10.801120377907532,0.08026624291893764,0.00042290551283885103,5.252401888355962e-05,0.08333333333333333,0.0,600.0,7.051710993977907,4.969483377620988,0,0,0
S5_p001_t021_s1964437265,2026-09-23T11:27:30Z,S5,1,1,0,0,539be055d908974e90c169bf7a00c66c9a946ab91ae52d8fd24ddc37ee52d869,12000,16,1,180000,0.691999260235899,1,0.011551492687364495,0.01130698512478443,0,1,172800,0.0,-1.0488914382928964,-339.125000661846,-10.782866376280023,0.08855499156326453,0.00042046900539983713,5.222140953264898e-05,0.08333333333333333,0.0,600.0,10.55322900500811,4.910112064684583,0,0,0
S5_p001_t022_s957459067,2026-09-23T11:27:45Z,S5,1,1,0,0,da29210c39aef399d14a2a415ba66baf443bb9c4c969fed00dcf7081b0564a0c,12000,16,1,180000,0.46774793130386866,1,0.01300922308918479,0.011415151531325126,0,1,172800,0.0,-4.461095876282738,-339.12498324624113,1.3741751598618703,50.04202910457582,931.3521214579391,115.67207078083311,4.916666666666666,0.0,600.0,10.304797746775428,11.353020938973131,0,0,0
S5_p001_t023_s8860321,2026-09-23T11:28:00Z,S5,1,1,0,0,ccdaeae92800b692b98c4ef470b44e678cca074a0dae51f051bc8ca89f43e08c,12000,16,1,180000,0.8842443031106996,1,0.012300284487865978,0.011415151531325125,0,1,172800,0.0,-1.1225836328559111,-329.48563652882996,-9.979367848669906,0.13478760291394445,-0.006847002121322558,-0.0008503839694640192,0.08333333333333333,0.0,600.0,8.554208248650196,4.1684131791064525,0,0,0
S5_p001_t024_s1947352502,2026-09-23T11:28:15Z,S5,1,1,0,0,802fc5d28c9de27f4cf5ba363721e64e949a9feb3bf282ef1b38c65ccc7dc3a5,12000,16,1,180000,0.8839664894697861,1,0.011635445585208347,0.011692016999606968,0,1,172800,0.0,-1.1218856257601397,-329.4856412815013,-9.963269924367303,0.12165007776629622,0.001993379330008128,0.0002475737260283495,0.08333333333333333,0.0,600.0,7.849729562340758,4.0460813118529435,0,0,0
S5_p001_t025_s530962326,2026-09-23T11:28:30Z,S5,1,1,0,0,069dcdc7d063c3a2f143c14f233f1c1847f60114506ed0cfae1294d85834dc01,12000,16,1,180000,0.8842506404658248,1,0.01272832329011639,0.011754246126400688,0,1,172800,0.0,-1.120026702021515,-329.48565342006987,-9.98352940043172,0.06722151517635581,0.0035317907860662225,0.0004386413520478527,0.08333333333333333,0.0,600.0,8.345710095818108,3.892052417207317,0,0,0
S5_p001_t026_s1487894653,2026-09-23T11:28:45Z,S5,1,1,0,0,c1f14d167d1e2fe8d7d13614ff71fde2df054bfa1cb166b8406349067e3710a3,12000,16,1,180000,0.8849571323855148,1,0.012846845626142323,0.011754246126400688,0,1,172800,0.0,-1.1109803204743995,-329.48561520407503,-10.021117626538658,0.07630586427815064,-0.005622577988695936,-0.0006983129410400579,0.08333333333333333,0.0,600.0,6.6433189364337695,3.850333361202551,0,0,0
S5_p001_t027_s336917293,2026-09-23T11:29:00Z,S5,1,1,0,0,61f10ecb0d1cad18a9a3c14a9b0fde13f88a96f28113f73d69ac31c9e46b4117,12000,16,1,180000,0.8852557376069398,1,0.011446109095206092,0.011497097383666202,0,1,172800,0.0,-1.1037971368619286,-329.4856086000139,-10.050337974786405,0.0917814021760677,0.005797122590330842,0.00071999103147391,0.08333333333333333,0.0,600.0,7.119695423272201,4.131072089517218,0,0,0
S5_p001_t028_s362942692,2026-09-23T11:29:15Z,S5,1,1,0,0,001769d977bdf6f7fbf40309d8d09b11346221063fecde80f750fc3a039d98b6,12000,16,1,180000,0.884666641268991,1,0.013307706568669947,0.013794725883134002,0,1,172800,0.0,-1.124781763883504,-329.48561907585344,-9.964605487118709,0.11963085460908837,0.004562658635192341,0.0005666730771736184,0.08333333333333333,0.0,600.0,5.87353905478224,4.0349327779965165,0,0,0
S5_p001_t029_s125804357,2026-09-23T11:29:30Z,S5,1,1,0,0,20a00483a257a5c00940a9d2f11ea71005594687c9f0765ecf1c434db7e952f1,12000,16,1,180000,0.8843213626412602,1,0.01236341199564072,0.013794725883134002,0,1,172800,0.0,-1.1215856209539063,-329.4856409025009,-9.971037979478389,0.1212204504081191,1.9820046743770855e-05,2.4616101654828526e-06,0.08333333333333333,0.0,600.0,8.413328919778259,4.34848051184259,0,0,0
S5_p001_t030_s1238284527,2026-09-23T11:29:45Z,S5,1,1,0,0,bc21692e826e7d961cd99e129e5d38c273b0859a49cc6a00c4f97008c3ccd050,12000,16,1,180000,0.8851771955507177,1,0.01284713769684286,0.012303348513055432,0,1,172800,0.0,-1.1037943239347212,-329.48559599132267,-10.053331996619296,0.08175904686201448,-0.00032821504471193167,-4.076365212313249e-05,0.08333333333333333,0.0,600.0,5.149740301486732,4.917142996806035,0,0,0
S5_p001_t031_s185959128,2026-09-23T11:30:00Z,S5,1,1,0,0,48ad7a7edea8ef26b59e60be981cb049c54985347536e55538632e931ec05bca,12000,16,1,180000,0.8852292217662654,1,0.011771050251166997,0.01166365529434014,0,1,172800,0.0,-1.1074199230207307,-329.4856123929433,-10.024145458986325,0.09087031133315407,0.0006253434626827647,7.766640737827402e-05,0.08333333333333333,0.0,600.0,11.604505386370107,4.414494444585559,0,0,0
S5_p001_t032_s1290207230,2026-09-23T11:30:15Z,S5,1,1,0,0,a6513a91c2bf7733e41eda29cb2529ec3696e62c85f5b80f3a1a2191ee0b1a23,12000,16,1,180000,0.8850149801814335,1,0.011856491360634202,0.01182170195224339,0,1,172800,0.0,-1.1106853023546324,-329.48561640979096,-10.016077652028779,0.09155257661599427,0.0039335219363559925,0.0004885355574515415,0.08333333333333333,0.0,600.0,5.507072590853421,4.622765256708867,0,0,0
S5_p001_t033_s1071658190,2026-09-23T11:30:30Z,S5,1,1,0,0,abb85c5894b406b5552d379320e0d57549961f0fee36898c32ef018cb39d9d42,12000,16,1,180000,0.8845214779988929,1,0.01162267957657505,0.011821701952243394,0,1,172800,0.0,-1.127930220616786,-329.485650582347,-9.958646647907182,0.06942980691971734,0.00804992580813326,0.0009997846855185344,0.08333333333333333,0.0,600.0,10.098688227182784,4.238917002918866,0,0,0
S5_p001_t034_s264284341,2026-09-23T11:30:45Z,S5,1,1,0,0,40fce3e6952a20e491837402c61469a9fac999ede87da1a19d71a9262b275a64,12000,16,1,180000,0.8850414101198154,1,0.011940450568843353,0.011609161800808964,0,1,172800,0.0,-1.1132924886711641,-329.48561914616886,-10.005525307282813,0.08463244559714686,-0.001950381341922629,-0.00024223346190410666,0.08333333333333333,0.0,600.0,5.257586784975993,4.3455590166245575,0,0,0
S5_p001_t035_s1262033904,2026-09-23T11:31:00Z,S5,1,1,0,0,4aa0e43934226cf8498d420cf75cd67f9b131af728868c1ee0963d67608ad5f0,12000,16,1,180000,0.8852606360214754,1,0.012172675396576026,0.011250382661086605,0,1,172800,0.0,-1.106494059725454,-329.4856135303847,-10.037897984717908,0.1099042751541019,-0.004754306201285782,-0.0005904753215872915,0.08333333333333333,0.0,600.0,7.7640353048064155,4.222375352708112,0,0,0
S5_p001_t036_s1103695776,2026-09-23T11:31:15Z,S5,1,1,0,0,ffc26b6d7ab6ad446c72c68ef720957e26041c71fe235566ff46c3941153226e,12000,16,1,180000,0.8841523035918295,1,0.012674570670426218,0.012791163267020645,0,1,172800,0.0,-1.1278238551149773,-329.48563729024136,-9.956714499866804,0.15984540725077562,-0.000514958751697294,-6.395684704330051e-05,0.08333333333333333,0.0,600.0,7.79107388157811,4.2246013442484776,0,0,0
S5_p001_t037_s1633845900,2026-09-23T11:31:30Z,S5,1,1,0,0,2ff5e134a5d39184fcb85ae2104e1e2ea283d160ee72ded7a4ec343219dfe3fc,12000,16,1,180000,0.6393628372494742,1,0.01186560945013098,0.012791163267020641,0,1,172800,0.0,-3.9519929908769895,-329.48574487321395,0.451315552491613,63.73029099198027,971.475235302579,120.65528127410971,4.333333333333333,0.0,600.0,9.891288993858879,11.515456130399143,0,0,0
S5_p001_t038_s1316886713,2026-09-23T11:31:45Z,S5,1,1,0,0,75a04deab205847b26d976def43bc2cd8f9708ee25580b80bbe78313aa0bfbec,12000,16,1,180000,0.8846048782770507,1,0.011553206419872869,0.01057359964982943,0,1,172800,0.0,-1.1067685045178395,-319.43105891318254,-10.017058841248552,0.08936499174118788,-0.0019117900730853557,-0.00023744050349705503,0.08333333333333333,0.0,600.0,5.0141488634917275,4.177442067516121,0,0,0
S5_p001_t039_s1570360091,2026-09-23T11:32:00Z,S5,1,1,0,0,352be319c88ced5583d8dcad656e1db9993bcec7ba88623076f4e1bde504edf6,12000,16,1,180000,0.8853203185664024,1,0.011981595550499826,0.011196171779032286,0,1,172800,0.0,-1.104335578397332,-319.43106077507946,-10.058210754431776,0.07687729035532322,0.010084040582588698,0.0012524176722763514,0.08333333333333333,0.0,600.0,11.478645094251428,4.333199882521528,0,0,0
S5_p001_t040_s255641872,2026-09-23T11:32:30Z,S5,1,1,0,0,9fe6ecf48e8e0b36e915d5c655df23a8f77ebb1ab57722fb2bde4642e99e50eb,12000,16,1,180000,0.8845646598729427,1,0.011997571548725964,0.011607060582618213,0,1,172800,0.0,-1.1085925832296846,-328.01437765072177,-10.022169001040737,0.07225321216373388,0.0024226255070361065,0.0003008852427228703,0.08333333333333333,0.0,600.0,8.335948578324176,4.481885595112225,0,0,0
S5_p001_t041_s1560381157,2026-09-23T11:32:45Z,S5,1,1,0,0,81754a6373047067e3e8ba4cdf8cc9e917b89d6a5326c160da626d843b400320,12000,16,1,180000,0.8848796967097492,1,0.014578196711886489,0.01253363199207295,0,1,172800,0.0,-1.1063718497534833,-328.0144027653926,-10.011448276910803,0.07859672699847325,0.0008128963840075263,0.00010096010510096676,0.08333333333333333,0.0,600.0,8.972598750240802,4.397272417621886,0,0,0
S5_p001_t042_s520177207,2026-09-23T11:33:00Z,S5,1,1,0,0,ef27bbc6299bffee68608efa805ba89829d853583809dfecffaf6ae23e6a71a8,12000,16,1,180000,0.8844449215556722,1,0.012095956057886154,0.012533631992072952,0,1,172800,0.0,-1.1226728239560981,-328.01438120644707,-9.980651358250054,0.1149854924250831,-0.003684461947854425,-0.0004576028049996239,0.08333333333333333,0.0,600.0,9.084258712705058,4.5830895334173025,0,0,0
S5_p001_t043_s1065234686,2026-09-23T11:33:15Z,S5,1,1,0,0,73596ba949109db0c51e3ece48fa49d769a8a1ebb862d608f8e754a55b1bffb9,12000,16,1,180000,0.8846472720842785,1,0.011256300721345713,0.011682577969342321,0,1,172800,0.0,-1.1175279588574798,-328.0143663784693,-9.9984069787365,0.08652484606405554,0.0029493104594992543,0.00036629846044888836,0.08333333333333333,0.0,600.0,7.317235904845432,4.081827878686999,0,0,0
S5_p001_t044_s1775278461,2026-09-23T11:33:30Z,S5,1,1,0,0,9d46a7189260c00954276cb6be6f03c3ff4b1d9c82efda4fe0ddc64c87c30eb4,12000,16,1,180000,0.8845645221566667,1,0.012164418072825492,0.011823933187721984,0,1,172800,0.0,-1.121725089753209,-328.01436340673655,-9.99128754123313,0.10897234983921365,-0.00010562186976392848,-1.311802498094039e-05,0.08333333333333333,0.0,600.0,5.236484958464526,4.126547905327318,0,0,0
S5_p001_t045_s1025061940,2026-09-23T11:33:45Z,S5,1,1,0,0,8a7db415dfc4795087907366d0aaf87b82af2d10f40a35d8f38df56861344f53,12000,16,1,180000,0.8847350946383737,1,0.010856015161049995,0.01213097723177856,0,1,172800,0.0,-1.1056338783837125,-328.0143951183594,-10.007098761356527,0.07419909455596396,0.000938632283667531,0.00011657625236694003,0.08333333333333333,0.0,600.0,4.644221974133598,4.513537172722912,0,0,0
S5_p001_t046_s1355283976,2026-09-23T11:34:00Z,S5,1,1,0,0,09a5d479c66f169e3fdf399e1f8f340d1edcf3cbabc3bb03e83c083adfce3dd9,12000,16,1,180000,0.8844979278194666,1,0.012261924280482764,0.01213097723177856,0,1,172800,0.0,-1.1170857096398843,-328.0143757307329,-9.97091195968596,0.06421555105370186,-0.0017376070673226177,-0.00021580732254733448,0.08333333333333333,0.0,600.0,10.692663240882501,4.625162472642696,0,0,0
S5_p001_t047_s8670849,2026-09-23T11:34:15Z,S5,1,1,0,0,3767b259f1b70c6d597b5670ae49f57ccd0a3296dbd6edc6e1ada24c09324a5b,12000,16,1,180000,0.8850853990362514,1,0.01121236068221959,0.01188729198616384,0,1,172800,0.0,-1.108893720262847,-328.0143743063897,-10.030142458491957,0.06683417844338581,-0.0021709483101884177,-0.0002696274382287811,0.08333333333333333,0.0,600.0,6.543872285995329,4.038222074183897,0,0,0
S5_p001_t048_s683044550,2026-09-23T11:34:30Z,S5,1,1,0,0,d93c3d511aa9c5d30a204b9ce36388cac044cf5e2e6c52dfe3fffc86e95acba9,12000,16,1,180000,0.8849271762655592,1,0.01144607403398675,0.011887291986163843,0,1,172800,0.0,-1.0987080987649425,-328.0143902226615,-10.06110157882852,0.06252313581818474,-0.008269003813666399,-0.0010269937356497394,0.08333333333333333,0.0,600.0,5.066179506783883,4.057451571588593,0,0,0
S5_p001_t049_s1419673414,2026-09-23T11:34:45Z,S5,1,1,0,0,3f47eebe90c8257edf399ab3b212345c8c77fefc4547e9fe22e4e60cda02b518,12000,16,1,180000,0.8847637764759657,1,0.011842777240297768,0.012476187310916514,0,1,172800,0.0,-1.112454590299595,-328.0143619479986,-10.00931851818683,0.13680830558692855,0.0006273293529099588,7.791305097271106e-05,0.08333333333333333,0.0,600.0,7.59740744646273,4.043208448493122,0,0,0
S5_p001_t050_s1860529943,2026-09-23T11:35:00Z,S5,1,1,0,0,c231fc5f403496c0d529d082273bf00e04ab5bedec4fd2370fac29010516f8b7,12000,16,1,180000,0.8847412453580288,1,0.01141523934161903,0.012476187310916514,0,1,172800,0.0,-1.1042444977680097,-328.01438721946215,-10.03902677798511,0.10484588553777265,-0.0004792478337898677,-5.9521622461033985e-05,0.08333333333333333,0.0,600.0,10.57129396813832,4.108144819865768,0,0,0
S5_p001_t051_s978485698,2026-09-23T11:35:15Z,S5,1,1,0,0,efc59ade0d1c2f819ce331537ad55f30335fe74c8afcf65712108ece0b8cb2e4,12000,16,1,180000,0.8363357441628504,1,0.011255791604082497,0.011215183543938707,0,1,172800,0.0,-1.60955291011786,-328.0143468883871,-6.334576972263889,13.497760847712659,0.0150618081887483,0.0018706464534261613,2.8333333333333335,0.0,600.0,17.08811613627608,13.821698213934251,0,0,0
S5_p001_t052_s800179956,2026-09-23T11:35:30Z,S5,1,1,0,0,a90b1473b731aab063aa2b74da8c0f8074390010622e66ebfad660a9a1193932,12000,16,1,180000,0.8842887768497417,1,0.011407822715878481,0.0112288047081808,0,1,172800,0.0,-1.1170854549134945,-319.0143858164053,-9.980034613237422,0.1138685136821383,0.009626980701664638,0.0011956517491853447,0.08333333333333333,0.0,600.0,6.087302932350776,4.526069243668072,0,0,0
S5_p001_t053_s230175689,2026-09-23T11:35:45Z,S5,1,1,0,0,28b8bf121b76655eb9764ccd0b2561db7c000c31eea58e36081b8b3c98176443,12000,16,1,180000,0.8844550008566145,1,0.01178112250759753,0.011278256551537354,0,1,172800,0.0,-1.1111935134358268,-319.014385317619,-9.993507692717843,0.06484613915131812,-0.003176881176993791,-0.00039456228842027485,0.08333333333333333,0.0,600.0,5.339792103104826,4.348025135898208,0,0,0
S5_p001_t054_s1158910655,2026-09-23T11:36:00Z,S5,1,1,0,0,105dd46167a4be6d8e4e7688e10421eed1d700ae530b65905daf36e2f2f8c914,12000,16,1,180000,0.8835725062775872,1,0.011619405065971275,0.011760632094508684,0,1,172800,0.0,-1.1309685704618384,-319.0143628526445,-9.926800255424112,0.11959991590441325,-0.002159608251795,-0.0002682190256564354,0.08333333333333333,0.0,600.0,9.254522519961318,4.06313506049649,0,0,0
S5_p001_t055_s55591962,2026-09-23T11:36:15Z,S5,1,1,0,0,9ae7896161cc4c8576d76357b4fde6af06327cff125996be55e343164bf2ad7b,12000,16,1,180000,0.8844088379632726,1,0.011250476584202423,0.011988525367485186,0,1,172800,0.0,-1.1150704660343318,-319.01438830308206,-9.989924492403784,0.12549519021841238,-0.002552384601523526,-0.0003170010627400188,0.08333333333333333,0.0,600.0,9.839519316411991,4.482393270024353,0,0,0
S5_p001_t056_s1696699799,2026-09-23T11:36:30Z,S5,1,1,0,0,96108556c2a0520637f394593791f7f009f01933e44cc108ff6066b9049b2800,12000,16,1,180000,0.8843319712314419,1,0.01152301971371533,0.012946098866177964,0,1,172800,0.0,-1.1138407837282773,-319.0143853630804,-10.003951742229798,0.09481092162992448,0.004417497212267672,0.0005486443187692203,0.08333333333333333,0.0,600.0,4.7770231472454965,4.267159841703232,0,0,0
S5_p001_t057_s639385521,2026-09-23T11:36:45Z,S5,1,1,0,0,d5c7f048c77cd527cdd80abec06fa62cb475319f26c2ade9b79e4d19ce2f4eef,12000,16,1,180000,0.8842605697293987,1,0.011862880319122695,0.012946098866177966,0,1,172800,0.0,-1.1195342877989958,-319.01438019512716,-9.972667083291585,0.09768741932956994,0.0003809615706609868,4.731466515295324e-05,0.08333333333333333,0.0,600.0,9.889488117940179,4.562331638245428,0,0,0
S5_p001_t058_s455409832,2026-09-23T11:37:00Z,S5,1,1,0,0,eeee6dc07429281dfeaad1f14771c1761e4b0193b16066fb7f7e813934baa32f,12000,16,1,180000,0.8844203993026842,1,0.011669851100617568,0.011877803507190515,0,1,172800,0.0,-1.1223981906682325,-319.0143796286162,-9.980859688585578,0.1492069846980983,-0.009354453072589877,-0.0011618043627095176,0.08333333333333333,0.0,600.0,8.868901984604747,3.968816626130404,0,0,0
S5_p001_t059_s1555299053,2026-09-23T11:37:15Z,S5,1,1,0,0,f56a028aee169563f70aa27ae09ac642402c05a3108403b744a6be933f843f39,12000,16,1,180000,0.8841890447183508,1,0.010970762094185465,0.01113855425576945,0,1,172800,0.0,-1.1120997139566684,-319.0143621406466,-10.015146825180658,0.10185194149057167,-0.002575044378840046,-0.00031981536176317604,0.08333333333333333,0.0,600.0,4.535348051241297,4.128260161592354,0,0,0
S5_p002_t000_s1138448492,2026-09-23T11:37:45Z,S5,2,1,0,0,99d74c447ae83fddd65fb77bb995f0651cae052c8ec45f32b0b374f3dd50f359,12000,16,1,180000,0.9803996831106714,-1,0.9803996831106714,0.9999999999995622,1,-1,171599,nan,-0.12658037731426972,nan,-42.19027368945951,3.9363476376734724e-07,nan,nan,0.0,0.0,600.0,0.9516699518027972,70.53622092824627,0,1,0
S5_p002_t001_s1850764392,2026-09-23T11:38:00Z,S5,2,1,0,0,b860938c935628a56fa31481d04aaa0ae1788383454c3065bbcb44c5eecc4f24,12000,16,1,180000,0.9803996828672688,-1,0.9803996828672688,0.9999999999995622,1,-1,171599,nan,-0.12658036929906133,nan,-42.19027440414969,4.632148327851203e-07,nan,nan,0.0,0.0,600.0,0.9516782406472927,70.53622215686973,0,1,0
S5_p002_t002_s321598820,2026-09-23T11:38:15Z,S5,2,1,0,0,37186cec67f20f7aec01d2e3f3900e27cb96902c84ceed9511e97e9bc77fcd1a,12000,16,1,180000,0.9803996828940448,-1,0.9803996828940448,0.9999999999995622,1,-1,171599,nan,-0.12658038096872204,nan,-42.19027484932464,3.972128485954182e-07,nan,nan,0.0,0.0,600.0,0.9516862669000814,70.53622246224893,0,1,0
S5_p002_t003_s121880670,2026-09-23T11:38:30Z,S5,2,1,0,0,3bb9d941142551a379c3de417a8b502503efdf12543e81761aa760ed1bcf7744,12000,16,1,180000,0.9803996834912471,-1,0.9803996834912471,0.9999999999995622,1,-1,171599,nan,-0.1265803757680386,nan,-42.19027419192048,4.710224634104638e-07,nan,nan,0.0,0.0,600.0,0.9471917805730524,70.53622219587137,0,1,0
S5_p002_t004_s476275882,2026-09-23T11:38:45Z,S5,2,1,0,0,e8cf43a8162a63c8970eccd7250428fbb74a39bb6dfd078e3d084a4808f3d6e8,12000,16,1,180000,0.9803996833321685,-1,0.9803996833321685,0.9999999999995622,1,-1,171599,nan,-0.1265803834460087,nan,-42.19027418901676,3.377416441287023e-07,nan,nan,0.0,0.0,600.0,0.9516650930584566,70.53622146978891,0,1,0
S5_p002_t005_s1101140010,2026-09-23T11:39:00Z,S5,2,1,0,0,73694171df811b37b1b9cc75ba968a88da605f4d62bd221554dcd64cfda91830,12000,16,1,180000,0.9785005356930806,1,0.9785005356930806,0.9999999999995622,1,1,166307,nan,-0.12658053810800343,nan,-42.187651449992515,4.749481458089397e-07,nan,nan,0.0,0.0,600.0,0.9480593833749594,70.53884680768475,0,1,0
S5_p002_t006_s993856876,2026-09-23T11:39:15Z,S5,2,1,0,0,fea9ecb65a7f7dbca3846e68926b7ad6e989d73216bf93e0894df276c005b87b,12000,16,1,180000,0.9996063912613997,-1,0.9996063912613997,0.9999999999995622,1,-1,171601,nan,-0.12631059284884977,nan,-97.3970401444951,4.535482831965857e-07,nan,nan,0.08333333333333333,0.0,600.0,6.346148172598605,7.350437205921681,0,1,0
S5_p002_t007_s494561765,2026-09-23T11:39:30Z,S5,2,1,0,0,025602e4653bfaa98f28c26fef579ee22915e422e7c7f1308581778b5b085528,12000,16,1,180000,0.9996063923259072,-1,0.9996063923259072,0.9999999999995622,1,-1,171601,nan,-0.1263105864856417,nan,-97.39749378250976,4.1868577215484563e-07,nan,nan,0.08333333333333333,0.0,600.0,6.3479949941918425,7.35281328849617,0,1,0
S5_p002_t008_s569656867,2026-09-23T11:39:45Z,S5,2,1,0,0,ebfd2ee2b11b92889e6cb9df0bc258feff530b627c054fcfe0b7e88579b795e8,12000,16,1,180000,0.9996063921024052,-1,0.9996063921024052,0.9999999999995622,1,-1,171601,nan,-0.12631056374110233,nan,-97.39920349375575,4.826562248665869e-07,nan,nan,0.08333333333333333,0.0,600.0,6.353803241782592,7.354848052929954,0,1,0
S5_p002_t009_s1938674575,2026-09-23T11:40:00Z,S5,2,1,0,0,b5a153271d3169dcac1d0f87c7f4ee6bd620161c41db706f485a65249af8e29c,12000,16,1,180000,0.9996063915652235,-1,0.9996063915652235,0.9999999999995622,1,-1,171601,nan,-0.12631057502590856,nan,-97.398246229764,4.3014538998638525e-07,nan,nan,0.08333333333333333,0.0,600.0,6.350664103850664,7.351756323726626,0,1,0
S5_p002_t010_s1527196527,2026-09-23T11:40:15Z,S5,2,1,0,0,9bfa692099bd469e36711d5a038385a4ef2f2f5d54baf2c148c693b97960f248,12000,16,1,180000,0.999606391550235,-1,0.999606391550235,0.9999999999995622,1,-1,171601,nan,-0.12631057154581854,nan,-97.39756501933024,5.743844071964238e-07,nan,nan,0.08333333333333333,0.0,600.0,6.351582943378949,7.352318764998831,0,1,0
S5_p002_t011_s1240012615,2026-09-23T11:40:30Z,S5,2,1,0,0,184577fef2355739623a6d019d6cf04c93912872129172816beb78c97dceab0d,12000,16,1,180000,0.999606391658145,-1,0.999606391658145,0.9999999999995622,1,-1,171601,nan,-0.1263105805445931,nan,-97.39806260710975,2.8417707787338396e-07,nan,nan,0.08333333333333333,0.0,600.0,6.349058196957324,7.349667805076706,0,1,0
S5_p002_t012_s1128565587,2026-09-23T11:40:45Z,S5,2,1,0,0,c368acb96573e94f96f1b986e42f3393377935b41323d56bcf9da3d4b7c4f341,12000,16,1,180000,0.9996063922387798,-1,0.9996063922387798,0.9999999999995622,1,-1,171601,nan,-0.12631058402486903,nan,-97.39779804966716,5.619050706723249e-07,nan,nan,0.08333333333333333,0.0,600.0,6.348706621079457,7.353719806478832,0,1,0
S5_p002_t013_s1398407335,2026-09-23T11:41:00Z,S5,2,1,0,0,d124c516475afa1ee864be0bcc1b5a017ad98062a8ded381fe1e88ea8ad647f9,12000,16,1,180000,0.999606391982905,-1,0.999606391982905,0.9999999999995622,1,-1,171601,nan,-0.12631055720293705,nan,-97.39974202167221,3.1928239219383643e-07,nan,nan,0.08333333333333333,0.0,600.0,6.355080806927128,7.352230340605593,0,1,0
S5_p002_t014_s1843803682,2026-09-23T11:41:15Z,S5,2,1,0,0,2538338ba0d48787487ae43cfe39caac6540dd72c5ddad810e925e3227d8ccf9,12000,16,1,180000,0.999606391595328,-1,0.999606391595328,0.9999999999995622,1,-1,171601,nan,-0.12631057052650907,nan,-97.39848566555585,5.754036396790729e-07,nan,nan,0.08333333333333333,0.0,600.0,6.351832114072588,7.352319887216721,0,1,0
S5_p002_t015_s1476197660,2026-09-23T11:41:30Z,S5,2,1,0,0,f8edf89ce659e405f490a16248e545315a30c3521bdeb2b1074906e5a2a37913,12000,16,1,180000,0.9029731901159973,1,0.9029731901159973,0.9999999999995622,1,1,153714,nan,-0.1263215790517214,nan,-55.23859208072209,7.187772425927121e-05,nan,nan,0.0,0.0,600.0,25935.431278201188,4.334506926444971,0,1,0
S5_p002_t016_s1921035023,2026-09-23T11:41:45Z,S5,2,1,0,0,8265772449876d0f51b08f0446bd83341408195dd3041df34f5a172edc7790a9,12000,16,1,180000,0.9235165788796271,1,0.9235165788796271,0.9999999999995622,1,1,171599,nan,-0.12632445501355258,nan,-93.7156212673601,6.758997411239157e-07,nan,nan,0.0,0.0,600.0,2.2667201042359184,4.8241352577769945,0,1,0
S5_p002_t017_s1351552590,2026-09-23T11:42:00Z,S5,2,1,0,0,2d758f02f9784701c1124dd369919ea9f23f25d25a069ffbc91ed6e9c058d506,12000,16,1,180000,0.9235165776443751,1,0.9235165776443751,0.9999999999995622,1,1,171599,nan,-0.1263244678746538,nan,-93.71543023116476,7.806966079891304e-07,nan,nan,0.0,0.0,600.0,2.2664722645147886,4.823926378728426,0,1,0
S5_p002_t018_s1167112926,2026-09-23T11:42:15Z,S5,2,1,0,0,e0a6d4ab33076585dc63c2e4e4c596d77f10067cc9e882c877733692e1b7f74b,12000,16,1,180000,0.9235165773776045,1,0.9235165773776045,0.9999999999995622,1,1,171599,nan,-0.12632450402249165,nan,-93.71532401153863,7.249123421878882e-07,nan,nan,0.0,0.0,600.0,2.265627422251428,4.819265590997101,0,1,0
S5_p002_t019_s1353429191,2026-09-23T11:42:30Z,S5,2,1,0,0,bcaa2c58fcd423299a813a73900083bf9784e4116f472f2ef5c8c5e88652278f,12000,16,1,180000,0.9235165778941786,1,0.9235165778941786,0.9999999999995622,1,1,171599,nan,-0.1263244981437142,nan,-93.71517540511604,8.109788869110504e-07,nan,nan,0.0,0.0,600.0,2.265692904715924,4.819443385250374,0,1,0
S5_p002_t020_s1002632261,2026-09-23T11:43:00Z,S5,2,1,0,0,0295290e6942dc7ea70bee5358135dd609af201d3c3577db7ccd4e6a06780ace,12000,16,1,180000,0.9235165789663046,1,0.9235165789663046,0.9999999999995622,1,1,171599,nan,-0.12632444192398412,nan,-93.7161362770666,7.547640645571407e-07,nan,nan,0.0,0.0,600.0,2.2670964648107246,4.824761027576431,0,1,0
S5_p002_t021_s1152143633,2026-09-23T11:43:15Z,S5,2,1,0,0,c3102f9c3d94fdceed1eb3ff6e9e928511774bcb68b91ef31e5bf8c90d87fc29,12000,16,1,180000,0.9235165779614924,1,0.9235165779614924,0.9999999999995622,1,1,171599,nan,-0.12632447885217282,nan,-93.71542143201097,7.277932181796212e-07,nan,nan,0.0,0.0,600.0,2.266582644690393,4.82364792055259,0,1,0
S5_p002_t022_s1274144205,2026-09-23T11:43:30Z,S5,2,1,0,0,a8d78be69585d975334d8b0a008af1804da9d5928ea22e225d1034720f0d7707,12000,16,1,180000,0.9235165781469757,1,0.9235165781469757,0.9999999999995622,1,1,171599,nan,-0.1263245072378203,nan,-93.71514886455554,8.200816841067298e-07,nan,nan,0.0,0.0,600.0,2.265449009270992,4.819994019099015,0,1,0
S5_p002_t023_s236274386,2026-09-23T11:43:45Z,S5,2,1,0,0,40d9add0bedfcf0cb833d4ba97fdd5c8c9266c690d0b7fb5913fc18fe124f62b,12000,16,1,180000,0.92351657824706,1,0.92351657824706,0.9999999999995622,1,1,171599,nan,-0.12632446443058984,nan,-93.7162519703354,6.246959179255466e-07,nan,nan,0.0,0.0,600.0,2.266174795127132,4.818575293445307,0,1,0
S5_p002_t024_s1250788590,2026-09-23T11:44:00Z,S5,2,1,0,0,be3dc6edd9bb13ad7b5367f24098871f50c2e50760f25c3738c2b48b9f8dc6c1,12000,16,1,180000,0.9235165783379324,1,0.9235165783379324,0.9999999999995622,1,1,171599,nan,-0.12632445878044693,nan,-93.7156496080474,6.796658426758084e-07,nan,nan,0.0,0.0,600.0,2.266720310968713,4.8219678855137165,0,1,0
S5_p002_t025_s1053143358,2026-09-23T11:44:15Z,S5,2,1,0,0,a7dc63b5375cb48e090de2ee2e83da74771ba6b3534842a896c74f50b85c6540,12000,16,1,180000,0.9235165781664623,1,0.9235165781664623,0.9999999999995622,1,1,171599,nan,-0.12632447108986405,nan,-93.7156035787717,6.315107637078832e-07,nan,nan,0.0,0.0,600.0,2.2665522622398067,4.825007012020906,0,1,0
S5_p002_t026_s1195050127,2026-09-23T11:44:30Z,S5,2,1,0,0,8b8c6a48ed772c40f9357fc57763221c6b7ea52a2a7a867f74c4ec615a287909,12000,16,1,180000,0.9235165772981235,1,0.9235165772981235,0.9999999999995622,1,1,171599,nan,-0.12632449492848044,nan,-93.715334042583,7.158167734905651e-07,nan,nan,0.0,0.0,600.0,2.265955372761743,4.8210962040997245,0,1,0
S5_p002_t027_s1857563192,2026-09-23T11:44:45Z,S5,2,1,0,0,e73fde75038f29a4187604e3bb6434c8a6823cb1fe493a1561855ecca9403bc3,12000,16,1,180000,0.9235165779284474,1,0.9235165779284474,0.9999999999995622,1,1,171599,nan,-0.12632450967297412,nan,-93.71520353861362,8.22177240782332e-07,nan,nan,0.0,0.0,600.0,2.2653443400412616,4.818465924805649,0,1,0
S5_p002_t028_s926067461,2026-09-23T11:45:00Z,S5,2,1,0,0,9fe7ef2f8f9f9a063d618f9cb1f823692f7fa340747a851cb091c15ae2b5dab8,12000,16,1,180000,0.9235165783179047,1,0.9235165783179047,0.9999999999995622,1,1,171599,nan,-0.1263244740765229,nan,-93.71586025016683,6.949521521712823e-07,nan,nan,0.0,0.0,600.0,2.2658505148368113,4.817370621323497,0,1,0
S5_p002_t029_s2039212308,2026-09-23T11:45:15Z,S5,2,1,0,0,bedeb1fbc7a3e1eb7d196769ea812a33e1461564edaa90fd07629ec50fbe3490,12000,16,1,180000,0.9235165788631867,1,0.9235165788631867,0.9999999999995622,1,1,171599,nan,-0.12632442984295114,nan,-93.71614151935125,9.230990720903196e-07,nan,nan,0.0,0.0,600.0,2.2671183373358192,4.8234297938127115,0,1,0
S5_p003_t000_s1714205886,2026-09-23T11:45:30Z,S5,3,1,0,0,d30b13651e72eebc91f091c8a7303fc0d29bc5753bdb4063920f914e19e4de12,12000,16,1,180000,0.9161592473602406,1,0.9161592473602406,1.0000000000009506,1,1,171598,nan,0.023481811135534107,nan,-28.158830800201258,0.018960754893008244,nan,nan,0.0,0.0,600.0,172.81462413524577,73.46261492481602,0,1,0
S5_p003_t001_s1934708211,2026-09-23T11:45:45Z,S5,3,1,0,0,08b0c5877eb701c620e665fd12bae1a8deb7bc47790882944c9c751412e8e146,12000,16,1,180000,0.9161592369813841,1,0.9161592369813841,1.0000000000009506,1,1,171598,nan,0.023481760246588396,nan,-28.158819571651375,0.01895329375541888,nan,nan,0.0,0.0,600.0,172.82088695150654,73.47591753612713,0,1,0
S5_p003_t002_s1951162110,2026-09-23T11:46:00Z,S5,3,1,0,0,c18db92aded761a16ca0b29097caf97cc95e3d2babf55ba2a350ee263eb3637e,12000,16,1,180000,0.9161592420921603,1,0.9161592420921603,1.0000000000009506,1,1,171598,nan,0.023481877596129415,nan,-28.158828726760184,0.018950723625137986,nan,nan,0.0,0.0,600.0,172.8151030534269,73.46263849738656,0,1,0
S5_p003_t003_s1445156187,2026-09-23T11:46:15Z,S5,3,1,0,0,a106aee8f000b405d3ca635fe6c6a9bf89ad4097240201c4959a3f9f9e73e52a,12000,16,1,180000,0.9161592520855969,1,0.9161592520855969,1.0000000000009506,1,1,171598,nan,0.023481691381951487,nan,-28.15882749397124,0.01895801054596299,nan,nan,0.0,0.0,600.0,172.8141570931439,73.47812608520157,0,1,0
S5_p003_t004_s332708724,2026-09-23T11:46:30Z,S5,3,1,0,0,e4b938d676e758e445a9fe1e7ae9ef8a1e9162a64dc49a63c4e6772bf697e27b,12000,16,1,180000,0.916159249445319,1,0.916159249445319,1.0000000000009506,1,1,171598,nan,0.02348189030399802,nan,-28.158831263269285,0.018953318427068967,nan,nan,0.0,0.0,600.0,172.81477804628145,73.4227481831938,0,1,0
S5_p003_t005_s1838982444,2026-09-23T11:46:45Z,S5,3,1,0,0,219b7f46ea1dc14091261b01efdae1a75108bed2250c7d818990564da36ffbe1,12000,16,1,180000,0.9729285765459352,1,0.9729285765459352,1.0000000000009506,1,1,131155,nan,0.024168780166828743,nan,-28.405040693002988,2.7670464127010056e-05,nan,nan,0.08333333333333333,0.0,600.0,11.006826175122857,72.05246199143023,0,1,0
S5_p003_t006_s1432963864,2026-09-23T11:47:00Z,S5,3,1,0,0,3ba33fa78438dbd823b1f9b77863edf324004ecff29d199b3133599d5561dd0e,12000,16,1,180000,0.9988371200531468,1,0.9988371200531468,1.0000000000009506,1,1,171605,nan,0.023432460713922625,nan,-28.123991095715883,0.02008504045373636,nan,nan,0.08333333333333333,0.0,600.0,114.67129597479527,72.01142844112844,0,1,0
S5_p003_t007_s1060432322,2026-09-23T11:47:15Z,S5,3,1,0,0,3af7b339208c88558facf3f533b74fb8d6d4625cdc74ce7ac0ee9b16f134eb95,12000,16,1,180000,0.9988371183471432,1,0.9988371183471432,1.0000000000009506,1,1,171605,nan,0.02343255769486376,nan,-28.123989170473212,0.020081885867994222,nan,nan,0.08333333333333333,0.0,600.0,114.67560867845073,72.02931959229043,0,1,0
S5_p003_t008_s328444916,2026-09-23T11:47:30Z,S5,3,1,0,0,b449e72387752104b767eca172752a6dc043aea4c63b530090112769bf48a1b7,12000,16,1,180000,0.9988371177625399,1,0.9988371177625399,1.0000000000009506,1,1,171605,nan,0.02343247451154339,nan,-28.123987098476874,0.020084306691136863,nan,nan,0.08333333333333333,0.0,600.0,114.67161301458009,72.04396046707073,0,1,0
S5_p003_t009_s2116983884,2026-09-23T11:47:45Z,S5,3,1,0,0,127ce226d382b017efd43f3ce03c7857df3ea248d6a24dd11dac88a4ddbf59de,12000,16,1,180000,0.9988371200987374,1,0.9988371200987374,1.0000000000009506,1,1,171605,nan,0.023432529885335698,nan,-28.12399414297316,0.020086065410423112,nan,nan,0.08333333333333333,0.0,600.0,114.67152035011036,72.02937608342513,0,1,0
S5_p003_t010_s1100042289,2026-09-23T11:48:15Z,S5,3,1,0,0,3379143ba31838b245fd4f07e7874133ce88b9b30b923b6f988550bdeba16d19,12000,16,1,180000,0.9988735275790738,1,0.9988735275790738,1.0000000000009506,1,1,171597,nan,0.02398816955241138,nan,-28.3338413812198,0.004838359220775188,nan,nan,0.08333333333333333,0.0,600.0,62.23159604390048,72.03758723158745,0,1,0
S5_p003_t011_s635744766,2026-09-23T11:48:30Z,S5,3,1,0,0,f853d7a2b9a91ae257e191dbfd6154e64e048ecee07b65fb89b7f01c6b473d43,12000,16,1,180000,0.9988735276909595,1,0.9988735276909595,1.0000000000009506,1,1,171597,nan,0.02398806732638975,nan,-28.333831547988915,0.004841087376060113,nan,nan,0.08333333333333333,0.0,600.0,62.231542442614725,72.04008799397401,0,1,0
S5_p003_t012_s961338442,2026-09-23T11:48:45Z,S5,3,1,0,0,bc7eab8d184263c1329b241cd43c87d61a7aa3c6e66908211c4bfc32a8cf117d,12000,16,1,180000,0.9988735298439619,1,0.9988735298439619,1.0000000000009506,1,1,171597,nan,0.023988155883484755,nan,-28.33384301023431,0.004841386312332567,nan,nan,0.08333333333333333,0.0,600.0,62.23152320718889,72.04488732723323,0,1,0
S5_p003_t013_s1294474057,2026-09-23T11:49:00Z,S5,3,1,0,0,2745fcf47d308fdbbcc9082e79e604fd1d0221d8a6dad369da56c2a426f52e3f,12000,16,1,180000,0.998873528948912,1,0.998873528948912,1.0000000000009506,1,1,171597,nan,0.02398822848577349,nan,-28.333838187614724,0.004841311469054026,nan,nan,0.08333333333333333,0.0,600.0,62.23158480635588,72.04486023908441,0,1,0
S5_p003_t014_s1681705495,2026-09-23T11:49:15Z,S5,3,1,0,0,f0fa000144cd3c9bba655d732fd3904658316a50167495109ad288d9cf33a1e0,12000,16,1,180000,0.9988735293581943,1,0.9988735293581943,1.0000000000009506,1,1,171597,nan,0.023988169152580636,nan,-28.333840836283024,0.004838228070920893,nan,nan,0.08333333333333333,0.0,600.0,62.23159486605683,72.02542087645165,0,1,0
S5_p003_t015_s710608608,2026-09-23T11:49:30Z,S5,3,1,0,0,312bcba4ee893938594e0aa206ea12ee23dabf17e33afc4bfcb20d3f950e250a,12000,16,1,180000,0.9988735310750556,1,0.9988735310750556,1.0000000000009506,1,1,171597,nan,0.023988106438603385,nan,-28.333842664251797,0.004843245885181072,nan,nan,0.08333333333333333,0.0,600.0,62.23156279633017,72.04483842389956,0,1,0
S5_p003_t016_s384136078,2026-09-23T11:49:45Z,S5,3,1,0,0,58191062bd07c5e5396317ce75acfffdfe450ea597333481d7cfcf4b88d3f851,12000,16,1,180000,0.9988735272373006,1,0.9988735272373006,1.0000000000009506,1,1,171597,nan,0.02398804767133781,nan,-28.333836654765634,0.00484395141112732,nan,nan,0.08333333333333333,0.0,600.0,62.23137656990968,72.0375583857989,0,1,0
S5_p003_t017_s414741158,2026-09-23T11:50:00Z,S5,3,1,0,0,1554eb37a41e5c5ead32d3d8eb6783b89922d4c5b60b00ee680490aa4f715106,12000,16,1,180000,0.998873529122824,1,0.998873529122824,1.0000000000009506,1,1,171597,nan,0.023988175271987107,nan,-28.333843984220984,0.004839434112570379,nan,nan,0.08333333333333333,0.0,600.0,62.23158657416793,72.02769022403517,0,1,0
S5_p003_t018_s1550145401,2026-09-23T11:50:15Z,S5,3,1,0,0,4bd161b2fb218fb290191fa6cd04112f10ba4436a1a3dac9542074fc38ae75ce,12000,16,1,180000,0.9988735276771381,1,0.9988735276771381,1.0000000000009506,1,1,171597,nan,0.023988038253077503,nan,-28.33383807289057,0.004842236897139773,nan,nan,0.08333333333333333,0.0,600.0,62.231481578310095,72.0563335298805,0,1,0
S5_p003_t019_s247667753,2026-09-23T11:50:30Z,S5,3,1,0,0,1968f2f9a0094a207d92bb0deda84876e41dcb9e9edc8583237c65282d4e11db,12000,16,1,180000,0.9430036476232815,1,0.9430036476232815,1.0000000000009506,1,1,135627,nan,-0.32158491917661264,nan,-10.787560150035691,0.6426860036206217,nan,nan,6.666666666666667,0.0,600.0,20.04178098289103,93.88378046674387,0,1,0
S5_p003_t020_s1583609065,2026-09-23T11:50:45Z,S5,3,1,0,0,39c4fad89385ac5b03f56e010f43debab8e9777dca70bb7e1eed709487916c6f,12000,16,1,180000,0.9778148195307644,1,0.9778148195307644,1.0000000000009506,1,1,171598,nan,0.022780530421341278,nan,-27.65294645913389,0.012177409750091572,nan,nan,0.0,0.0,600.0,106.20012623805184,73.51875673430558,0,1,0
S5_p003_t021_s796570551,2026-09-23T11:51:00Z,S5,3,1,0,0,047babcc9567dae193b67a86482b7b5903725a3aa2b8ab681b5c52efcfa97e00,12000,16,1,180000,0.9778148185628945,1,0.9778148185628945,1.0000000000009506,1,1,171598,nan,0.022780688532629767,nan,-27.652945125898647,0.012171746848783629,nan,nan,0.0,0.0,600.0,106.20010327163823,73.46734790893694,0,1,0
S5_p003_t022_s1559731172,2026-09-23T11:51:15Z,S5,3,1,0,0,09972d15bd8c950bf33fb3b3f1d4713736b53c27d8756f619e29306eb29fa88e,12000,16,1,180000,0.9778148141908637,1,0.9778148141908637,1.0000000000009506,1,1,171598,nan,0.02278054568819171,nan,-27.652946953356267,0.012174126243887532,nan,nan,0.0,0.0,600.0,106.20016633663455,73.49452055521772,0,1,0
S5_p003_t023_s844389843,2026-09-23T11:51:30Z,S5,3,1,0,0,36b2b82937a99bbeb79d22e48a1ed782a6a232546c5cc23b9ee2ac600dd507c7,12000,16,1,180000,0.9778148172363155,1,0.9778148172363155,1.0000000000009506,1,1,171598,nan,0.02278047473246099,nan,-27.65294130977317,0.01217730495875864,nan,nan,0.0,0.0,600.0,106.20012155965618,73.50917202073396,0,1,0
S5_p003_t024_s1173993624,2026-09-23T11:51:45Z,S5,3,1,0,0,f0f88956124b41b45ee541e94d82d558a497b730aeabdd420177622c7a097e10,12000,16,1,180000,0.9778148169156303,1,0.9778148169156303,1.0000000000009506,1,1,171598,nan,0.02278060008910568,nan,-27.652944594709705,0.012177099113877257,nan,nan,0.0,0.0,600.0,106.20011169481151,73.49450706818213,0,1,0
S5_p003_t025_s412349045,2026-09-23T11:52:00Z,S5,3,1,0,0,914c4b1f76454f85daaa132712870a3d45fc2ee58cc3f2dd987d96a8c70ffb16,12000,16,1,180000,0.9778148161828635,1,0.9778148161828635,1.0000000000009506,1,1,171598,nan,0.022780617883647603,nan,-27.652944774714115,0.012170798562202007,nan,nan,0.0,0.0,600.0,106.20013143329597,73.49462292451926,0,1,0
S5_p003_t026_s1487682954,2026-09-23T11:52:15Z,S5,3,1,0,0,fb1ebe2c91ce420593f80e05e91b2d0137b9a225ca3f3f3d8cb3a1b3f21668fd,12000,16,1,180000,0.977814818904416,1,0.977814818904416,1.0000000000009506,1,1,171598,nan,0.02278058939090732,nan,-27.652946514136076,0.012175359761057472,nan,nan,0.0,0.0,600.0,106.20012485326806,73.50641654848786,0,1,0
S5_p003_t027_s1191930151,2026-09-23T11:52:30Z,S5,3,1,0,0,162d837e61f45972ca65e00fe11bb33cc596ba51a2fe19477a78988f623b7d32,12000,16,1,180000,0.9778148183338704,1,0.9778148183338704,1.0000000000009506,1,1,171598,nan,0.02278057226101643,nan,-27.652943532395152,0.01217634788213002,nan,nan,0.0,0.0,600.0,106.20012224536329,73.50915717476315,0,1,0
S5_p003_t028_s66415985,2026-09-23T11:52:45Z,S5,3,1,0,0,16ca2f7d81d8964b9dacd8aad5d8d1e4d65c76b257a1208d5db8ebfc0055d075,12000,16,1,180000,0.9778148183620469,1,0.9778148183620469,1.0000000000009506,1,1,171598,nan,0.022780636491158083,nan,-27.65294257171694,0.012172166929332685,nan,nan,0.0,0.0,600.0,106.20010476622953,73.50644457239996,0,1,0
S5_p003_t029_s1759722470,2026-09-23T11:53:00Z,S5,3,1,0,0,aa9d5c86a82894cf9f953e49727e8bc2f837fa0878fbfe95715a3bb00ddfc614,12000,16,1,180000,0.9778148126932166,1,0.9778148126932166,1.0000000000009506,1,1,171598,nan,0.022780559279968405,nan,-27.652945572816012,0.012173835051665308,nan,nan,0.0,0.0,600.0,106.20017383385719,73.49466329553562,0,1,0
S7_p000_t000_s1928618341,2026-09-23T11:53:30Z,S7,0,2,0,0,694c2218555035fcd4432ab545975481aeb062835db7cb9460d45f6b91238560,12000,16,1,180000,0.9971876629201131,1,0.5149502603263524,0.5173745417804761,0,1,172800,0.0,-0.05945654307254125,-338.66666646969315,-29.847791696204766,0.05439473170717282,0.00011899993575996113,1.477955402151565e-05,0.08333333333333333,0.0,600.0,65.28905521758834,5.903553673790878,0,1,0
S7_p000_t001_s1519748887,2026-09-23T11:53:45Z,S7,0,2,0,0,77c136858420ec7cbe9b83bb0717af22e9f47fb210c14f7ee5ead62439d6c123,12000,16,1,180000,0.9972417683403665,1,0.5172996382191425,0.519610581061896,0,1,172800,0.0,-0.061856300760068664,-338.6666662569526,-29.8701014965531,0.047024424564871936,-0.0002281419106013956,-2.833476901287213e-05,0.08333333333333333,0.0,600.0,49.68218478597809,6.074048311606176,0,1,0
S7_p000_t002_s1888808097,2026-09-23T11:54:00Z,S7,0,2,0,0,aab00cb15559cf21fb82028dc82d53f77dbe64c69f91125d3a3d657d8d4d3fd2,12000,16,1,180000,0.9970895972287289,1,0.5172830841502877,0.519610581061896,0,1,172800,0.0,-0.060136763999544984,-338.66666735033806,-29.853853089753436,0.0496525438896974,-0.000320756793450841,-3.983735223300755e-05,0.08333333333333333,0.0,600.0,61.23008381758111,5.548297665196654,0,1,0
S7_p000_t003_s1567484507,2026-09-23T11:54:15Z,S7,0,2,0,0,aea31d1706b9e9312463822ea8e138bb9f894cc3f49de6528eda3c1a7647385f,12000,16,1,180000,0.6560572016319095,1,0.3661392990399971,0.5195043430058967,0,1,172800,0.0,-3.643650424631723,-338.6761402082205,1.0859533527187109,51.41191138570781,871.1912699707392,108.20021334782587,3.1666666666666665,0.0,600.0,10.514991629540756,28.183082461432356,0,1,0
S7_p000_t004_s1587104087,2026-09-23T11:54:30Z,S7,0,2,0,0,2e6b1647a2df24e8529ed29590643b468fe15bb6b75686b7a3f43931d2ce5180,12000,16,1,180000,0.9579902750462187,1,0.5137345283460611,0.5194035063955749,0,1,172800,0.0,-0.06987961456190363,-329.6494916626634,-24.599831676642914,0.03883906920474287,-0.061268680181638904,-0.007609447541199188,0.08333333333333333,0.0,600.0,28.021323485105206,14.14946183923675,0,1,0
S7_p001_t000_s1163046826,2026-09-23T11:54:45Z,S7,1,2,0,0,bae2dc4338b77bedacf3c09124574d6c12e45115732548b5d1ee5bbece72cd59,12000,16,1,180000,0.9463997368250121,1,0.25045816044380087,0.2551217701044732,0,1,172800,0.0,-0.057070367149887995,-329.65026497635756,-22.12838217047984,0.026013716521919115,-0.032309824460417996,-0.004012815578334994,0.08333333333333333,0.0,600.0,32.71109643930045,11.626454336549463,0,0,0
S7_p001_t001_s641673168,2026-09-23T11:55:00Z,S7,1,2,0,0,fd26d4b73d178af7807dc8c4d911455e24fd90178c1cac99847cc05d11708e14,12000,16,1,180000,0.9456854651885971,1,0.25160582454940456,0.2551217701044732,0,1,172800,0.0,-0.058533488950396284,-329.65030268997117,-21.979525312061263,0.02164043180513981,-0.034814858328348915,-0.004323935774664278,0.08333333333333333,0.0,600.0,47.86557892326698,11.076013922210509,0,0,0
S7_p001_t002_s1425528308,2026-09-23T11:55:15Z,S7,1,2,0,0,c97ba25f21418e900aea4fd3878e27da36ddbf73beaaed282984e7170ffc983c,12000,16,1,180000,0.9459274356443108,1,0.25037832208307037,0.25459545097861797,0,1,172800,0.0,-0.05982141425869515,-329.6502769318977,-22.093215372997797,0.02171667983034151,-0.03343812990964715,-0.004152948858518357,0.08333333333333333,0.0,600.0,39.27464895065091,11.165783434892223,0,0,0
S7_p001_t003_s961284984,2026-09-23T11:55:30Z,S7,1,2,0,0,ccf3953f76c3263ea8c6ff95dedfec48207db7495d0bb52229a9d09947ca08f6,12000,16,1,180000,0.9460989724301175,1,0.25137549710809337,0.2545954509786179,0,1,172800,0.0,-0.057330716909780366,-329.65029179591573,-22.093592590221206,0.02023633393594855,-0.03007490834399998,-0.003735243466508109,0.08333333333333333,0.0,600.0,22.515837257555468,11.47598220661878,0,0,0
S7_p001_t004_s990723452,2026-09-23T11:55:45Z,S7,1,2,0,0,d920bf88b009dbef79dd695434fd1d878f30b2c33b4ef5644d24d70c95a5debb,12000,16,1,180000,0.9461430630115464,1,0.2523087348821351,0.2538033491403863,0,1,172800,0.0,-0.05923904354796506,-329.65028538993766,-21.997797334388387,0.02013121121847624,-0.028526819594977226,-0.0035429739400569815,0.08333333333333333,0.0,600.0,44.5185885525623,10.799617424893967,0,0,0
S7_p002_t000_s98455044,2026-09-23T11:56:00Z,S7,2,3,0,0,bd4403a7c61a74feffd550ae0f7659a73737ca3110720706bbfada99028fbdcf,12000,16,1,180000,0.9628213257544503,1,0.613024539518291,0.6209508036808066,0,1,172800,0.0,-0.07632476689731638,-329.64908202668266,-25.99993565485979,0.06192268198321267,-0.07550894724648903,-0.009378060230119445,0.08333333333333333,0.0,600.0,17.084076595081758,14.684493841689278,0,1,0
S7_p002_t001_s1384128433,2026-09-23T11:56:15Z,S7,2,3,0,0,1184a627f4a3c4f6b04fc51e8d86513fcf2c12323a3d705b1666a1bdde86e69d,12000,16,1,180000,0.9627428229159728,1,0.6138874146721328,0.6209508036808066,0,1,172800,0.0,-0.0761003329573679,-329.64908226134804,-25.91842627352985,0.05274169127622273,-0.06666902549647923,-0.008280159628611727,0.08333333333333333,0.0,600.0,32.99970853792184,14.694576231094684,0,1,0
S7_p002_t002_s1361330484,2026-09-23T11:56:30Z,S7,2,3,0,0,01d9ac57a8c73ebe9a37b2c4c2805c8436651f678723daf9b9c4331a3d29f0f3,12000,16,1,180000,0.9628034147185897,1,0.6125881302934235,0.6197701897798836,0,1,172800,0.0,-0.07618934428469162,-329.64908232208535,-25.9599516426845,0.0466491549329258,-0.06828814100129417,-0.008481250536078733,0.08333333333333333,0.0,600.0,29.5714409921597,14.730325418836287,0,1,0
S7_p002_t003_s1078092554,2026-09-23T11:56:45Z,S7,2,3,0,0,53e6a23a279376bb7f2c5d3cdd047ea74eb94b3dfd92ac3b7451ffff676a7eaf,12000,16,1,180000,0.9628577984305071,1,0.6138484343695538,0.6200506262983498,0,1,172800,0.0,-0.07586028226196362,-329.6490828450563,-25.935511979495537,0.04839750857775775,-0.06761624677414442,-0.008397802616855188,0.08333333333333333,0.0,600.0,29.812962832489326,14.81244492685941,0,1,0
S7_p002_t004_s924921264,2026-09-23T11:57:00Z,S7,2,3,0,0,8a98a5752b1ff805c32b0798c0d995b56059d22f6ec12165fcaef55578871b1a,12000,16,1,180000,0.9627098594050919,1,0.6139944221572179,0.6200506262983498,0,1,172800,0.0,-0.07620344341720273,-329.64909556326893,-25.941293288553453,0.0415752857710534,-0.06917900383289091,-0.008591893918037385,0.08333333333333333,0.0,600.0,20.4380408257281,14.728908333404645,0,1,0
S7_p003_t000_s763598906,2026-09-23T11:57:15Z,S7,3,2,0,0,edf9225509958a3c68235a20a3f5b2b3ad4c983abd279c7b9fa7abd93a1b1132,12000,16,1,180000,0.9580719263310324,1,0.5143797373000689,0.5209269121406312,0,1,172800,0.0,-0.07233798540125788,-329.64948110001086,-24.308581009984188,0.04235327050927036,-0.056346820792451825,-0.006998162448780931,0.08333333333333333,0.0,600.0,84.2025574368114,14.860544391946316,0,1,0
S7_p003_t001_s1480126732,2026-09-23T11:57:30Z,S7,3,2,0,0,4bf8a5a22c58ce55e6660efdc46f7f4df0abd1940895026db7d0d6a02972b204,12000,16,1,180000,0.9582178570858548,1,0.5161879995839624,0.5209269121406312,0,1,172800,0.0,-0.07200064839388325,-329.6494779204501,-24.538879693057694,0.04217211121036977,-0.05834611709955502,-0.007246471051530534,0.08333333333333333,0.0,600.0,53.2473797823594,14.974305431116068,0,1,0
S7_p003_t002_s348040279,2026-09-23T11:57:45Z,S7,3,2,0,0,203c5d0b44aa55b093c85585223fb9968e1447e1e3ad9491d3ae6c9780da0dfe,12000,16,1,180000,0.9580066918990024,1,0.516004499257162,0.5206966482409549,0,1,172800,0.0,-0.07263907345795477,-329.6494968503648,-24.391845222323774,0.043628224168422707,-0.05601112626727108,-0.0069564698601425334,0.08333333333333333,0.0,600.0,57.74335311637714,14.937447726515083,0,1,0
S7_p003_t003_s750677479,2026-09-23T11:58:00Z,S7,3,2,0,0,52ea6962fb26fea493eacfe47e46227d0d6a5603e0977a7bb940feb320a8dee0,12000,16,1,180000,0.5875249983254807,1,0.2906235001009835,0.5184811033296005,0,1,172800,0.0,-4.353478154267448,-329.65115626104125,2.2742356406271313,38.39679044998415,924.2707206889064,114.79257496812079,3.9166666666666665,0.0,600.0,10.241558017652057,29.917816890684044,0,1,0
S7_p003_t004_s258894362,2026-09-23T11:58:15Z,S7,3,2,0,0,ebea69f118dba33c84a491dd75e7d2a6faf3d14bd3633326afe26d2b1af334b1,12000,16,1,180000,0.9969656335889697,1,0.5169595894101179,0.5184811033296005,0,1,172800,0.0,-0.062396987225696136,-320.08333052367624,-29.502677700988468,0.03364156040106134,-6.671822254503199e-07,-8.286269803647883e-08,0.08333333333333333,0.0,600.0,127.62123024899898,5.906591868896427,0,1,0
S7_p004_t000_s139254338,2026-09-23T11:58:45Z,S7,4,2,0,0,f40fe5d2feeeb83a59ae53cd1257e9566d9671096f322747affc78879cb1b4f2,12000,16,1,180000,0.9585787511125422,1,0.5196029395166989,0.5248937613908201,0,1,172800,0.0,-0.07060011729542669,-323.60053561055184,-24.56019592501523,0.036107988445939314,0.05625316648028619,0.006986530770518584,0.08333333333333333,0.0,600.0,62.88824856491256,14.250616432617399,0,1,0
S7_p004_t001_s1221387494,2026-09-23T11:59:00Z,S7,4,2,0,0,dc3e220bf27c805fa3c5157d268aa551110898e006c5099f2f72180d80126fa9,12000,16,1,180000,0.9582341492457793,1,0.5192575046407981,0.5248937613908201,0,1,172800,0.0,-0.07182412103524602,-323.6005249843014,-24.560053958909428,0.04143077793342895,0.057318688341803405,0.007118866454675299,0.08333333333333333,0.0,600.0,38.567374136721554,14.591978227139357,0,1,0
S7_p004_t002_s1203773898,2026-09-23T11:59:15Z,S7,4,2,0,0,65cd4a06dfd506290a1416c71bb50cedcf4c5739415b589d42ca4933a316e3d8,12000,16,1,180000,0.9585289966242627,1,0.518586857126856,0.5252303196234194,0,1,172800,0.0,-0.07169192477116947,-323.60054771710264,-24.654500737876926,0.04104890804539858,0.05823642402209703,0.007232847390696406,0.08333333333333333,0.0,600.0,54.01896448465827,14.541232432822351,0,1,0
S7_p004_t003_s43333996,2026-09-23T11:59:30Z,S7,4,2,0,0,4b0a230e4a502cdefaa7b0b694f10ae693f0da6f4cb5473c9c209cb2218034d9,12000,16,1,180000,0.9582174358080165,1,0.5210302546897431,0.5252303196234194,0,1,172800,0.0,-0.0711269662216153,-323.6005301955671,-24.5669317713551,0.034275962510781986,0.056370418638588264,0.007001093254075386,0.08333333333333333,0.0,600.0,46.09266726293964,14.187100830942288,0,1,0
S7_p004_t004_s1033654550,2026-09-23T11:59:45Z,S7,4,2,0,0,bb2cb2e705b0e58ba82c801617445585102854a7635adedef5e142d957ea1721,12000,16,1,180000,0.9584290891003197,1,0.5189624261561625,0.523848509483097,0,1,172800,0.0,-0.07161389664367754,-323.60056716307434,-24.678321664540036,0.053286137589226186,0.05984001044201695,0.007432009616877622,0.08333333333333333,0.0,600.0,43.67017649442723,14.289920525788562,0,1,0
S7_p005_t000_s600798252,2026-09-23T12:00:00Z,S7,5,2,0,0,4844cd6503951ec7ff798e51c4c66744428ea73f4771f73fc223679c3ea1a039,12000,16,1,180000,0.9578648544235945,1,0.5098854096824765,0.5145159131504455,0,1,172800,0.0,-0.0691221099059113,-323.60050363728624,-24.57166147456149,0.040521532047584345,0.06496855779300724,0.008068964940775913,0.08333333333333333,0.0,600.0,22.73072743008069,15.136720308943763,0,1,0
S7_p005_t001_s1358512429,2026-09-23T12:00:15Z,S7,5,2,0,0,7ef8d3f5acea4158d378059a20b27697bcddfcfdb6153001705e617772105969,12000,16,1,180000,0.9577106913041611,1,0.51100403954827,0.5145159131504456,0,1,172800,0.0,-0.06796646555231475,-323.60048805905654,-24.561082357241762,0.04056166756981819,0.058903844283425766,0.007315739652312914,0.08333333333333333,0.0,600.0,10.87926765296983,15.104645461810541,0,1,0
S7_p005_t002_s475029750,2026-09-23T12:00:30Z,S7,5,2,0,0,04736f3032fd00138c1e2bb87a2f6b71c8b36716b49470a07a45f95aef308959,12000,16,1,180000,0.9577086399464452,1,0.5111007145129289,0.515820579951814,0,1,172800,0.0,-0.0695680923048756,-323.60047965319734,-24.473364779278533,0.044267063168819246,0.0663557105984994,0.008241246544912428,0.08333333333333333,0.0,600.0,38.75226887072127,15.365974908911257,0,1,0
S7_p005_t003_s686156291,2026-09-23T12:00:45Z,S7,5,2,0,0,f7081efb22bb38e3b213ce3447d117e0a548c9a7450c3856c82f6135d3157f3e,12000,16,1,180000,0.9577562348226847,1,0.5107017950196916,0.515820579951814,0,1,172800,0.0,-0.06995912992820946,-323.60050117143084,-24.50264817689007,0.033003038648363375,0.06254090323019186,0.007767455099383369,0.08333333333333333,0.0,600.0,48.470578158662505,15.363883248181434,0,1,0
S7_p005_t004_s1322737522,2026-09-23T12:01:00Z,S7,5,2,0,0,85f80f69aa2cf7f2090227355f1a3616b778c776acf52b550f7e5c33574739a0,12000,16,1,180000,0.9578906374564281,1,0.5072974254067423,0.5155979631963823,0,1,172800,0.0,-0.0672663977700001,-323.6005118060505,-24.51447188980835,0.045684854417142325,0.06332616802819961,0.007864983416766336,0.08333333333333333,0.0,600.0,57.17569358428386,15.066676499036358,0,1,0
S7_p006_t000_s1641734052,2026-09-23T12:01:15Z,S7,6,2,0,0,4727816d2d442ff92b7d3dcba49e46fcf8d3c3391a623f87bd0adfdf58fd5c43,12000,16,1,180000,0.9585120472580848,1,0.5296100616997915,0.531623992137858,0,1,172800,0.0,-0.06524620491365456,-323.6005673935464,-24.755800224838534,0.03170574145606836,0.06514521898106967,0.008090905907010892,0.08333333333333333,0.0,600.0,36.917789116618884,15.023402462896676,0,1,0
S7_p006_t001_s67837340,2026-09-23T12:01:30Z,S7,6,2,0,0,c9042b448465a4e6c346f56bac178c1a64d71bc458556d89f7f67c40f2125c54,12000,16,1,180000,0.9585210827615461,1,0.529013742255219,0.531623992137858,0,1,172800,0.0,-0.06447786409431636,-323.60057679160616,-24.641212807226758,0.04062635856816772,0.05509350477726741,0.006842503106327058,0.08333333333333333,0.0,600.0,68.94773392799003,15.061953545403597,0,1,0
S7_p006_t002_s1202997263,2026-09-23T12:01:45Z,S7,6,2,0,0,fb97eebf030c040cedcdc0c7bd7e75cc35bae69c7a19533931391a7062098be8,12000,16,1,180000,0.8992840814691585,1,0.5281624750845282,0.5302036272884406,0,1,172800,0.0,-0.6327674112165578,-323.6007800899837,-8.442756989173617,43.68455659365482,-0.03017395316135822,-0.0037475446347343677,3.6666666666666665,0.0,600.0,37.87685505669879,24.867853729329447,0,1,0
S7_p006_t003_s902359725,2026-09-23T12:02:00Z,S7,6,2,0,0,ac3afbfad06cef943485421b47ebcd6a7223ad5cd2044a081f97867ea9f7edfc,12000,16,1,180000,0.8490964350815053,1,0.5190239111118117,0.5299111188707443,0,1,172800,0.0,-0.0543628251384995,-313.29166323930076,-29.954622189421546,0.04901882792448206,-0.0001485847589903027,-1.8453929897077614e-05,0.08333333333333333,0.0,600.0,67.41268334268861,5.602257441752089,0,1,0
S7_p006_t004_s291698731,2026-09-23T12:02:15Z,S7,6,2,0,0,72f58a81b2415ddfa5193749c8d45514b75058c0869baec7eb018416d4a5f28f,12000,16,1,180000,0.8492283319269315,1,0.5162907038661562,0.5298739916717151,0,1,172800,0.0,-0.05476591586264291,-313.2916658463061,-30.069564948764143,0.045965699389238356,-0.00019424668311232096,-2.412504954918404e-05,0.08333333333333333,0.0,600.0,42.83689778616932,6.01068958888246,0,1,0
S7_p007_t000_s526185734,2026-09-23T12:02:30Z,S7,7,2,0,0,10de21f495643d339ae7bfda9b63a8ede9167088742e4392d59d31cfc83700e4,12000,16,1,180000,0.8482241038991861,1,0.5074578112963828,0.5220729717626843,0,1,172800,0.0,-0.04388025802084973,-313.29166682197985,-30.083381941733368,0.030074111349730138,-0.00037296749976247265,-4.6321817535499576e-05,0.08333333333333333,0.0,600.0,49.281966057882734,5.885382438469371,0,1,0
S7_p007_t001_s318655740,2026-09-23T12:02:45Z,S7,7,2,0,0,b3fd29d75a3f3b7bc615b8a58c5f00d2419b3632af5e75abedbac07c0b200734,12000,16,1,180000,0.8468475710915137,1,0.5075278689588023,0.5220729717626843,0,1,172800,0.0,-0.04319003918039603,-313.291665885378,-29.986345327588918,0.03182941644675093,0.00020067724373262226,2.492371231710422e-05,0.08333333333333333,0.0,600.0,47.30273850619746,5.751561763564306,0,1,0
S7_p007_t002_s1737849473,2026-09-23T12:03:00Z,S7,7,2,0,0,e37c6f7a365fcb9488f6409ef0dc54613dd281acbb0f8305355d454a70d35b76,12000,16,1,180000,0.8472601592790693,1,0.5076046008641214,0.5196156555619112,0,1,172800,0.0,-0.045110141235939684,-313.29166621437554,-29.8948731931166,0.027805468336898703,9.091453242288326e-05,1.1291403097857255e-05,0.08333333333333333,0.0,600.0,78.65466592640821,5.326269491362915,0,1,0
S7_p007_t003_s438300082,2026-09-23T12:03:15Z,S7,7,2,0,0,9444e9c1f4c7c81ff7c1d77b515a9775b3bda8228e325b4a11e5af45a1392a3f,12000,16,1,180000,0.8469553311633157,1,0.507651285998148,0.5232371159668855,0,1,172800,0.0,-0.044635982199510094,-313.29166632154556,-29.949733809326187,0.032249567743152296,5.538450581904638e-05,6.878644853713922e-06,0.08333333333333333,0.0,600.0,66.61259815447805,5.727772276602524,0,1,0
S7_p007_t004_s994742111,2026-09-23T12:03:30Z,S7,7,2,0,0,8a79333489efcb0dd4b235c727dfc3d75a9adbab37933f8be6be95e3d6cdc747,12000,16,1,180000,0.8471484885785855,1,0.5075716083992365,0.5232371159668855,0,1,172800,0.0,-0.04391526981679711,-313.2916668649935,-30.074846578032044,0.021571338733865873,4.7260738301721115e-05,5.869689175597159e-06,0.08333333333333333,0.0,600.0,30.17811950251774,5.35883839082204,0,1,0
S7_p008_t000_s434073307,2026-09-23T12:04:00Z,S7,8,2,0,0,792f7330fc7be456a28387afb213471d60ef9b2fdfb7225e451b070f974f10cd,12000,16,1,180000,0.8481426358839244,1,0.5084196950988346,0.5191450223152942,0,1,172800,0.0,-0.059850278110003444,-323.9583334841033,-29.974353475671414,0.04075319695327672,-0.00045868338440139503,-5.696755897588446e-05,0.08333333333333333,0.0,600.0,44.87183703259728,6.011927867447623,0,1,0
S7_p008_t001_s1584181983,2026-09-23T12:04:15Z,S7,8,2,0,0,c42384247b833ed1a8db87676cf3d7251c24abb9f6e0347360bfc8ac771943b5,12000,16,1,180000,0.8476518854528242,1,0.5084563120097757,0.5191450223152942,0,1,172800,0.0,-0.06007758593571205,-323.9583330982241,-29.742274601436122,0.03772736448889591,9.657495392020304e-06,1.1994416126981378e-06,0.08333333333333333,0.0,600.0,107.9967368943626,5.762858276356474,0,1,0
S7_p008_t002_s69311790,2026-09-23T12:04:30Z,S7,8,2,0,0,1f051819830ad61b397b62cbb187898f7a4fff005e45eef1f36187bc8b00c776,12000,16,1,180000,0.8480906340625249,1,0.5097331875702111,0.5175979408315418,0,1,172800,0.0,-0.05959962333044682,-323.9583309519415,-29.78001823219204,0.050730448316018285,-9.808026878146084e-05,-1.2181373222119873e-05,0.08333333333333333,0.0,600.0,66.09781735468586,5.872369084915113,0,1,0
S7_p008_t003_s449200011,2026-09-23T12:04:45Z,S7,8,2,0,0,abd2b2b1f17131f46106b5c31f6c0a5571a59e7d971665906c909e7a52aa12ea,12000,16,1,180000,0.8489623109188921,1,0.5096859705020595,0.5213817679223924,0,1,172800,0.0,-0.05870636718087481,-323.9583300003851,-29.803588826092515,0.0388522315431573,-0.00012409311853889024,-1.541211713629309e-05,0.08333333333333333,0.0,600.0,90.48023079370603,5.842315113675468,0,1,0
S7_p008_t004_s63363653,2026-09-23T12:05:00Z,S7,8,2,0,0,6bbc1be53438aa269520607c3539a20aab59d6f25776efef27b1f0ca1306c14b,12000,16,1,180000,0.8487362324168058,1,0.5087791571640322,0.5213817679223924,0,1,172800,0.0,-0.05923740477426779,-323.9583304751656,-29.907238165691812,0.03610103519446431,-1.816634711671953e-05,-2.256223979202332e-06,0.08333333333333333,0.0,600.0,63.45862382757917,5.941213602887333,0,1,0
S7_p009_t000_s244638474,2026-09-23T12:05:15Z,S7,9,2,0,0,ae260b01497f31183552aa88100ac7e7761ac2ca761ec545d15b5cb4e7ec7127,12000,16,1,180000,0.8475564394491518,1,0.508428097076123,0.5185299109364768,0,1,172800,0.0,-0.058453007213984956,-323.95833398279564,-29.76223113110459,0.028395124634171327,-0.0003665054944309086,-4.5519249397329986e-05,0.08333333333333333,0.0,600.0,67.23247369943182,5.83614030331913,0,1,0
S7_p009_t001_s1024747382,2026-09-23T12:05:30Z,S7,9,2,0,0,4189ee99534f0d76b266eac8c4b5c51851d54ff8905610abcad98bec3e05ca75,12000,16,1,180000,0.8485317852375864,1,0.5118761356268843,0.5193471255338729,0,1,172800,0.0,-0.059384313884751794,-323.95833112488316,-29.893530831545498,0.04449603815963817,-2.028935942551471e-05,-2.519897861930076e-06,0.08333333333333333,0.0,600.0,84.07167759371792,6.035356739814696,0,1,0
S7_p009_t002_s1710014650,2026-09-23T12:05:45Z,S7,9,2,0,0,d48f6b4d61b8ea029763781463166cd648dd2bcb744e31defda0314dff970b51,12000,16,1,180000,0.7211545524747461,1,0.4226241204000601,0.5193471255338729,0,1,172800,0.0,-2.529960890676911,-304.89900772024396,-1.1547447124283665,47.245885514221726,1015.6732846105588,126.14459060206218,6.083333333333333,0.0,600.0,18.863419644675638,32.285959951733226,0,1,0
S7_p009_t003_s884232894,2026-09-23T12:06:00Z,S7,9,2,0,0,dfe9c11dfe59255fabcb132e35c77cf60ef288bc53b8be5c533d81f199268d96,12000,16,1,180000,0.9578387126361746,1,0.5180131751235589,0.5185942515513206,0,1,172800,0.0,-0.06993775464919519,-304.8994809172133,-24.571413948623658,0.03537469618241926,-0.03359397564351311,-0.004172304586973041,0.08333333333333333,0.0,600.0,37.9507811156642,14.498107231865308,0,1,0
S7_p009_t004_s381684354,2026-09-23T12:06:15Z,S7,9,2,0,0,523ab94f0218db8a458671ddc8eea9d1237f9e5fdf07e24dbb4eaa13f2eaf10e,12000,16,1,180000,0.9577522426888915,1,0.5136335346690075,0.5157235389015721,0,1,172800,0.0,-0.06809481328909599,-304.89950480941604,-24.58088661790029,0.03090365722189871,-0.02926682220261502,-0.00363488078392038,0.08333333333333333,0.0,600.0,16.748203354002985,14.413800113413263,0,1,0
S7_p010_t000_s1725325771,2026-09-23T12:06:30Z,S7,10,2,0,0,111cbbe82f4ed01159920af4aeba74c96d94cf5e9f151800e183228d78a9f3d5,12000,16,1,180000,0.9581597646472619,1,0.5251152269763967,0.5242532269908602,0,1,172800,0.0,-0.07112061810053807,-304.89944499150687,-24.713442107987326,0.020601144532295133,-0.0019486655474122167,-0.00024202036365750246,0.08333333333333333,0.0,600.0,35.648837729038895,14.819496257398823,0,1,0
S7_p010_t001_s225898935,2026-09-23T12:06:45Z,S7,10,2,0,0,0eb9d877bc78b33250d2e9b65e7fe8423a804717526899ffdf93e9f2403e27ad,12000,16,1,180000,0.9583935398440333,1,0.524658188895855,0.5272178306604747,0,1,172800,0.0,-0.06987129025753286,-304.89945206317134,-24.742028485850955,0.01792491366351158,-0.000601837299775245,-7.474698895748588e-05,0.08333333333333333,0.0,600.0,23.986815949247816,14.720136577385919,0,1,0
S7_p010_t002_s121109330,2026-09-23T12:07:00Z,S7,10,2,0,0,04f9eb10caaa212165491007f79cd927b50f07139d3bdcb6c84f55342fe0cadd,12000,16,1,180000,0.9583362668498909,1,0.5260513647997552,0.5282837824331416,0,1,172800,0.0,-0.06987823837622695,-304.89941816282897,-24.74575480723899,0.0212458649832482,-0.003613053527668598,-0.0004487340220293845,0.08333333333333333,0.0,600.0,56.37949321875494,14.846098233249748,0,1,0
S7_p010_t003_s1579862089,2026-09-23T12:07:15Z,S7,10,2,0,0,82980746b401975fcc7c8e0c94018ee92d0f34b4351591efad601146a68b13c9,12000,16,1,180000,0.9584302420685417,1,0.5289855621166641,0.5282837824331416,0,1,172800,0.0,-0.07011037179866368,-304.89943751426415,-24.77425480154465,0.014983877161857569,-0.006120862310816098,-0.0007601988572787377,0.08333333333333333,0.0,600.0,23.421314372670977,14.879380976800158,0,1,0
S7_p010_t004_s535444324,2026-09-23T12:07:30Z,S7,10,2,0,0,24bead254ae4d122aae02c168fe6b85ba6833d49adebb64162eb3e3df454a8c4,12000,16,1,180000,0.958343438300268,1,0.525830048313377,0.5279076612815669,0,1,172800,0.0,-0.07047460217036232,-304.89943633439543,-24.77357622965162,0.012624206268713342,-0.005802210431023869,-0.0007206229311123025,0.08333333333333333,0.0,600.0,28.425662864781287,14.837151209047137,0,1,0
S7_p011_t000_s204855309,2026-09-23T12:07:45Z,S7,11,2,0,0,38da64c784d6ebcc45b3fa85dffd7de9655f95479f5929027b6d1914cfa73958,12000,16,1,180000,0.9546676066383758,1,0.4477443470510263,0.45231929108613933,0,1,172800,0.0,-0.06617302267475342,-304.8997295137633,-23.847079087395755,0.03570774907240986,-0.04846636517919682,-0.006019425622525887,0.08333333333333333,0.0,600.0,18.695050398616324,13.407089149819667,0,0,0
S7_p011_t001_s469311326,2026-09-23T12:08:00Z,S7,11,2,0,0,a924a980ddfd3a8de17ba637b41432f137ba518e41b16213f6ee70fb0a07ad74,12000,16,1,180000,0.9542950364962574,1,0.4466858119595768,0.45231929108613933,0,1,172800,0.0,-0.06852419324434694,-304.89974164401247,-23.64149503992241,0.03352306078306829,-0.045888938252013,-0.00569931435302351,0.08333333333333333,0.0,600.0,64.16924312182938,13.354894347970024,0,0,0
S7_p011_t002_s1591257218,2026-09-23T12:08:15Z,S7,11,2,0,0,16cd91bb8e79badcfca98beb340b742add593f24a4afd54b39c0200874caf5d9,12000,16,1,180000,0.9544272496393945,1,0.4468795091953034,0.4518750769272966,0,1,172800,0.0,-0.068601979925398,-304.8997325311011,-23.778943611495084,0.03672373423010994,-0.04873554304580028,-0.006052856975202303,0.08333333333333333,0.0,600.0,51.08601381382489,13.503705568664657,0,0,0
S7_p011_t003_s912460123,2026-09-23T12:08:30Z,S7,11,2,0,0,85880e68e39037d83cd0ed22b58c54ba8c7a3ca557c15ecaf12a8dd360818df4,12000,16,1,180000,0.9541761369317807,1,0.44649771895373414,0.45187507692729667,0,1,172800,0.0,-0.06850107053820305,-304.8997293545235,-23.772980197294732,0.028489768798273037,-0.05133571608412071,-0.006375793266215624,0.08333333333333333,0.0,600.0,46.86805864106297,13.326739493750372,0,0,0
S7_p011_t004_s1430561939,2026-09-23T12:08:45Z,S7,11,2,0,0,a615a81d5dafff9d8f0816aa3952c32a7c8d46947be02aebcebab224cfd67420,12000,16,1,180000,0.9544703144876815,1,0.44541543537766787,0.4515977985426414,0,1,172800,0.0,-0.06684072461863864,-304.89973134921394,-23.853277269058353,0.0361861316764744,-0.05176170993041547,-0.006428700849937741,0.08333333333333333,0.0,600.0,17.68612282265487,13.41358081632039,0,0,0
S7_p012_t000_s516013663,2026-09-23T12:09:15Z,S7,12,2,0,0,e6c2fa3eaba6aa4295a13651628b258ed831d92170fb7be2942869df80b75365,12000,16,1,180000,0.9530724621210251,1,0.4045160923383613,0.40891764220161214,0,1,172800,0.0,-0.06700802149166507,-323.1498531756254,-23.434378805586455,0.03422756216058246,-0.04715011079128371,-0.005855949460055854,0.08333333333333333,0.0,600.0,27.015655556175492,12.677798432827615,0,0,0
S7_p012_t001_s603633460,2026-09-23T12:09:30Z,S7,12,2,0,0,6ecbf645b187aa9d513339224098e770f07b6206aba883f465e0a9fdf07a1e7c,12000,16,1,180000,0.9528483543520151,1,0.4057753012999408,0.40980042810956596,0,1,172800,0.0,-0.06671825518073189,-323.1498795815478,-23.35646943972684,0.029552041151831885,-0.04522876161384977,-0.0056173217349169136,0.08333333333333333,0.0,600.0,26.356177622086527,12.737891993381961,0,0,0
S7_p012_t002_s71905326,2026-09-23T12:09:45Z,S7,12,2,0,0,33379f6f8a2265d004cb31ce2cb1beb13c73ed2455ef1053318c7a681df68c78,12000,16,1,180000,0.9532179807278175,1,0.4069826230823844,0.41032089237967717,0,1,172800,0.0,-0.06712105008068833,-323.14983624442056,-23.501242783236727,0.030069969523128286,-0.04774032083421863,-0.005929252366968285,0.08333333333333333,0.0,600.0,14.620211880094011,12.550314296271738,0,0,0
S7_p012_t003_s1310018168,2026-09-23T12:10:00Z,S7,12,2,0,0,e797274f7c0f84caeeaeac259dbf6dbfc6ba87373e71a081fadf17bf7fbaada6,12000,16,1,180000,0.9531156684217175,1,0.40738270965905493,0.4115563588735712,0,1,172800,0.0,-0.0683856534680782,-323.14984700552066,-23.375705825465914,0.03617830750512861,-0.048737504572600746,-0.006053100592907867,0.08333333333333333,0.0,600.0,41.38054204177374,12.675546336807209,0,0,0
S7_p012_t004_s1348406889,2026-09-23T12:10:15Z,S7,12,2,0,0,c4d8b8ba5260b6c0b1b684a7ed9c3391771dce362128e00bfd757cf541c0d1d8,12000,16,1,180000,0.9530261881970838,1,0.40607036542127645,0.4115563588735712,0,1,172800,0.0,-0.06830448082291363,-323.1498363761111,-23.368271858578574,0.03261669486824381,-0.04660618117910339,-0.005788394490082283,0.08333333333333333,0.0,600.0,57.993921743339385,12.847255621086546,0,0,0
S7_p013_t000_s1579884569,2026-09-23T12:10:30Z,S7,13,2,0,0,62634b509ff15d9b59bac83fd9458c181da884e9ae4ce6e94ed183d4646f6779,12000,16,1,180000,0.9515861158674515,1,0.3721642339782589,0.3758831749902286,0,1,172800,0.0,-0.0672067011559499,-323.1499586474729,-23.093775322957878,0.0513775098789462,-0.044701361971577494,-0.005551819754145981,0.08333333333333333,0.0,600.0,33.18721625573918,12.332102110433006,0,0,0
S7_p013_t001_s1427301707,2026-09-23T12:10:45Z,S7,13,2,0,0,5ef96be9e00f716713afbeddbbdf8a65d64439d99a9fb135c5693fdfc21f361e,12000,16,1,180000,0.9514673755668209,1,0.3726051685655976,0.3761492632807654,0,1,172800,0.0,-0.06871267682347067,-323.1499512417601,-23.12076861074083,0.03405771287389731,-0.040656498223090864,-0.005049455766311439,0.08333333333333333,0.0,600.0,30.741475427558754,12.459658248004033,0,0,0
S7_p013_t002_s773490239,2026-09-23T12:11:00Z,S7,13,2,0,0,c65bf472dd7fadd486f623b96a7a0d4f1e5ab763faae9afa4203df5754e6d46d,12000,16,1,180000,0.9511721143980797,1,0.37172733521411216,0.37614926328076553,0,1,172800,0.0,-0.0656761084650609,-323.1499709910974,-23.051726650641445,0.02140647248209381,-0.04160908671899434,-0.0051677653523256595,0.08333333333333333,0.0,600.0,41.50850577137212,12.492714833681282,0,0,0
S7_p013_t003_s811508310,2026-09-23T12:11:15Z,S7,13,2,0,0,9e84e97745091c0aa29ca890382cc0507ddf8ade023a8429b90998b65b90990d,12000,16,1,180000,0.9512634732048696,1,0.3694969501607778,0.37662107669554673,0,1,172800,0.0,-0.06703754801406539,-323.1499616387131,-23.024086399579197,0.03507590523453657,-0.0397950633353464,-0.004942467276123352,0.08333333333333333,0.0,600.0,35.71330901570315,12.17586176591225,0,0,0
S7_p013_t004_s1152378489,2026-09-23T12:11:30Z,S7,13,2,0,0,abd6fa2c20f58573490e8cd8e0874154a2e1f64bae0c58cdbd4e099777ef33e3,12000,16,1,180000,0.9512677044806233,1,0.409640648625237,0.418668082892591,0,1,172800,0.0,-0.06705879711851105,-323.1499770103819,-23.072251843067264,0.021420592655202145,-0.04042080140206063,-0.005020182692533126,0.08333333333333333,0.0,600.0,25.267200536380994,12.480535697006488,0,0,0
S7_p014_t000_s169517745,2026-09-23T12:11:45Z,S7,14,2,0,0,79d89cb135f9e37f5df390fc498026a059ef79eb7b1f24fa675cdc3e3eb8212c,12000,16,1,180000,0.9588830384068732,1,0.5289033119252101,0.5355012409278291,0,1,172800,0.0,-0.07432500927415502,-323.14942158049354,-24.845963044334592,0.048993692501291645,-0.05787318800872857,-0.007187734204308072,0.08333333333333333,0.0,600.0,17.463545584487356,14.041770882122576,0,1,0
S7_p014_t001_s1958578526,2026-09-23T12:12:00Z,S7,14,2,0,0,f7c1d1df1a58045cfac753b39a093a816e4dd9df713af15b9bc36e6ca758da05,12000,16,1,180000,0.9588046104507975,1,0.5290083111312103,0.5355012409278291,0,1,172800,0.0,-0.07346203499998544,-323.1494276096855,-24.760651985934206,0.04813694580603213,-0.05996712384923834,-0.0074477968478277035,0.08333333333333333,0.0,600.0,36.007060730181834,14.148876386362694,0,1,0
S7_p014_t002_s300372675,2026-09-23T12:12:15Z,S7,14,2,0,0,9891694eec595e571ad73d94bd8ed7f91b11ea317bff8a24cf0391cf8f980653,12000,16,1,180000,0.9587240634812061,1,0.528793091075328,0.5333600952674142,0,1,172800,0.0,-0.0747857610396802,-323.14944217339325,-24.7935392808151,0.04586037044373939,-0.06265687169879897,-0.007781858151247434,0.08333333333333333,0.0,600.0,17.287220013127513,14.142142934530566,0,1,0
S7_p014_t003_s1706399720,2026-09-23T12:12:30Z,S7,14,2,0,0,dd5b67d741d43abbaf0d80c7955bebc49a7f259eaf217c7d4768f6964d55d4b2,12000,16,1,180000,0.9587914746029905,1,0.5281625492470148,0.5339815998564005,0,1,172800,0.0,-0.07566394614065612,-323.14942435633145,-24.78676380133475,0.04714459543790205,-0.06612758197903702,-0.00821291342663244,0.08333333333333333,0.0,600.0,32.58163072637138,14.113285915372071,0,1,0
S7_p014_t004_s1200012924,2026-09-23T12:12:45Z,S7,14,2,0,0,3bc3f02078a2803367c205298d2eb0a8892aa28d98dd785e5a34e6320e57ce8e,12000,16,1,180000,0.9587831090672458,1,0.5257106216758664,0.5339815998564005,0,1,172800,0.0,-0.07419440256717502,-323.1494365022967,-24.767596789240756,0.04467225345097547,-0.060567104076652216,-0.007522313192112051,0.08333333333333333,0.0,600.0,27.65031961111612,14.173560462777635,0,1,0
S7_p015_t000_s1755520088,2026-09-23T12:13:00Z,S7,15,2,0,0,d0b872ff6614a4eb6a6598955835132984faaa662fea2bdf93d56ca82ce7e1f5,12000,16,1,180000,0.957989610605475,1,0.5162277827968329,0.520557629727911,0,1,172800,0.0,-0.07036367004788036,-323.1494862698958,-24.593110586431578,0.04102939867174467,-0.05871269853655187,-0.007291999732842669,0.08333333333333333,0.0,600.0,31.556994652040594,14.933690107690706,0,1,0
S7_p015_t001_s1047827504,2026-09-23T12:13:15Z,S7,15,2,0,0,c87cac9fbf08278f025dc3a19f0e3e9737031357ad6fa1a29818e856d7900acc,12000,16,1,180000,0.7419353587737159,1,0.4047262771212977,0.520557629727911,0,1,172800,0.0,-2.097593931527423,-313.1067613043506,-2.2228727139963675,24.468182955250658,970.1659685977197,120.49267296789958,8.416666666666666,0.0,600.0,22.03266247321298,33.44035590396174,0,1,0
S7_p015_t002_s1284285689,2026-09-23T12:13:30Z,S7,15,2,0,0,d6842903c55e34478148cec41687dcf958f1a80752aeed11710ab392697eb136,12000,16,1,180000,0.9577975079672689,1,0.5130852365526882,0.5186439775608325,0,1,172800,0.0,-0.07022766597790674,-313.1004988371915,-24.57112453730854,0.029807319261082075,0.05643993367194528,0.007009726882188261,0.08333333333333333,0.0,600.0,18.89233220096267,14.753660095454117,0,1,0
S7_p015_t003_s734715196,2026-09-23T12:13:45Z,S7,15,2,0,0,79dcf31e0f1a487cef8b98bdca9a05b2bf4138f2f8a2460c1efeedfb384f7417,12000,16,1,180000,0.9579610629867403,1,0.5151482217567436,0.519670351524659,0,1,172800,0.0,-0.07120070019515844,-313.10051949523466,-24.64027373756787,0.04182940052390143,0.05694766891293619,0.007072786583648849,0.08333333333333333,0.0,600.0,24.52062714938676,15.187944372170644,0,1,0
S7_p015_t004_s1450783488,2026-09-23T12:14:00Z,S7,15,2,0,0,51fe08b9fdad298a07d33a060d2dff2fe43ec50e5f946e5c8f9b637215ceaa22,12000,16,1,180000,0.9577204843735583,1,0.5167221671991705,0.519670351524659,0,1,172800,0.0,-0.07296854977441775,-313.1005076992957,-24.541348945048277,0.04005573665790337,0.05816375816130041,0.007223822436117189,0.08333333333333333,0.0,600.0,38.48361705875398,14.924844800450304,0,1,0
S7_p016_t000_s313172177,2026-09-23T12:14:30Z,S7,16,2,0,0,0388af235c5347596c1854378027c378da108b1e42e2817f3669d8c686237b64,12000,16,1,180000,0.958425482080238,1,0.513292198394333,0.5191460956900235,0,1,172800,0.0,-0.07087932735603161,-326.85052796753916,-24.597517989231893,0.04624365491546435,0.06515783550141471,0.008092472853604704,0.08333333333333333,0.0,600.0,45.11676331809868,14.109482585574021,0,1,0
S7_p016_t001_s95670008,2026-09-23T12:14:45Z,S7,16,2,0,0,8e48bb27342bd8a3e539a933367fe5d10fd73bc50160d8e8d954366667dcb18e,12000,16,1,180000,0.9581094297779018,1,0.5134861984129425,0.5211593739572735,0,1,172800,0.0,-0.07007094986197468,-326.8505160409235,-24.50401939569187,0.037862257925728164,0.06410975395396853,0.007962303221574984,0.08333333333333333,0.0,600.0,58.21005000553894,14.567712926576915,0,1,0
S7_p016_t002_s762227068,2026-09-23T12:15:00Z,S7,16,2,0,0,f82b4844089f76313f27c354467231362984f6921b7a4596fef706eefb9c7287,12000,16,1,180000,0.9582486888091923,1,0.514801662075696,0.5211593739572736,0,1,172800,0.0,-0.07137092265123665,-326.8505252984287,-24.417219637748904,0.0468529787499279,0.061862324779385996,0.007683177012950182,0.08333333333333333,0.0,600.0,71.9452225304844,14.126981026108037,0,1,0
S7_p016_t003_s804352794,2026-09-23T12:15:15Z,S7,16,2,0,0,3eba9aa3a8c9758ecc84f8f9cb4679de8316a20524452c3c7cf9659a40d13c83,12000,16,1,180000,0.9583551866894202,1,0.5168633998287634,0.5214470255829986,0,1,172800,0.0,-0.069979132963359,-326.8505292791282,-24.63811450398233,0.026409947677153017,0.06539925003497593,0.00812245605584394,0.08333333333333333,0.0,600.0,31.8837411086684,14.431521145794434,0,1,0
S7_p016_t004_s1354763437,2026-09-23T12:15:30Z,S7,16,2,0,0,6a0e87ead81670d8fe942a3edcdf9d043db99eda3b39ff86175217852c74d60a,12000,16,1,180000,0.9582586283073938,1,0.5149505140573593,0.5214470255829986,0,1,172800,0.0,-0.07103183474081973,-326.85052570260507,-24.564541270432,0.04040080041810999,0.05870069884954727,0.007290509395716072,0.08333333333333333,0.0,600.0,45.81231540394989,14.329762070083538,0,1,0
S7_p017_t000_s1440417717,2026-09-23T12:15:45Z,S7,17,2,0,0,d909af17da7873e3de5731c20595d415184b95b37bb1d6568126ce89df8cd6e6,12000,16,1,180000,0.9578924046631241,1,0.5095212623521721,0.5129358880074271,0,1,172800,0.0,-0.06993799798017493,-326.8504954698692,-24.510837882112053,0.030427111911211693,0.05474906582499193,0.006799724477332347,0.08333333333333333,0.0,600.0,39.62745535336862,15.064135681326707,0,1,0
S7_p017_t001_s1958295760,2026-09-23T12:16:00Z,S7,17,2,0,0,3ebd0ad66cc14985856b0e640c6fec0a3f1e4cdc75bf6741d4fa58d85df03aa5,12000,16,1,180000,0.9578489924448064,1,0.5109661796278707,0.5153969240471419,0,1,172800,0.0,-0.06946402945959425,-326.85049879052895,-24.449043274964307,0.05564483976663219,0.053761819556366844,0.006677110465261649,0.08333333333333333,0.0,600.0,50.30042605846606,15.217899095499703,0,1,0
S7_p017_t002_s1141094124,2026-09-23T12:16:15Z,S7,17,2,0,0,e7c382de6529b28eb9589b8905fe1caf574cb885d2cb9421c7b21414d4c18d72,12000,16,1,180000,0.9581281848329866,1,0.5098295103110703,0.5167923516845173,0,1,172800,0.0,-0.06900118991345285,-326.8505279697753,-24.45852930449569,0.04334300563058448,0.05228146277764909,0.0064932531140584615,0.08333333333333333,0.0,600.0,76.07947239807388,15.34628322799771,0,1,0
S7_p017_t003_s678609270,2026-09-23T12:16:30Z,S7,17,2,0,0,947747004a02d0a9b3ef7dee728a53fcf400f1b6f018e9a2604a74915e72bf00,12000,16,1,180000,0.9579001917458784,1,0.5097057843573416,0.5167923516845172,0,1,172800,0.0,-0.06870235998213584,-326.85050021518146,-24.364643412841463,0.03877746833955186,0.051558000706924074,0.0064034005717985565,0.08333333333333333,0.0,600.0,63.77365563707783,15.17950358298388,0,1,0
S7_p017_t004_s2097649527,2026-09-23T12:16:45Z,S7,17,2,0,0,2eb1db4ed23a0e13dda14d3c495e13434b25d9fb650aee0391793b9beaed6712,12000,16,1,180000,0.9577813817142309,1,0.5087911317177695,0.516102839019976,0,1,172800,0.0,-0.0693392195743289,-326.85049329705845,-24.43061142436047,0.044400715354949716,0.05379373417713108,0.006681074197331327,0.08333333333333333,0.0,600.0,50.468500843577935,15.301280188387816,0,1,0
S7_p018_t000_s54616312,2026-09-23T12:17:00Z,S7,18,2,0,0,e3bc91d3201234f02ee977dc19b2eb20847623b8f8a7dae71feaa96e39c24062,12000,16,1,180000,0.38498780861256704,1,0.21145884277690405,0.5214536280039387,0,1,172800,1.0,-7.350089461272287,-306.4457686156984,6.3924655345516745,42.42301119446492,1970.3071686266978,244.7082097290986,5.583333333333333,0.0,600.0,6.6177304753576225,20.147887234647797,0,1,0
S7_p018_t001_s952590612,2026-09-23T12:17:15Z,S7,18,2,0,0,4b47fe2633cbd084f2c824279d4a92abd647be8f432bc482167f4c550d1e2fea,12000,16,1,180000,0.8483650590040961,1,0.5080962897755982,0.5214536280039387,0,1,172800,0.0,-0.05719071175438594,-306.4583340864938,-29.954947234920883,0.03900297672427978,-0.00021466207036290142,-2.666059981493163e-05,0.08333333333333333,0.0,600.0,49.890266329087765,5.495502018585415,0,1,0
S7_p018_t002_s42992291,2026-09-23T12:17:30Z,S7,18,2,0,0,0be9439d3a99d94b97a6c51c50ce1a589442f0b213f8dc128619da8b890b296c,12000,16,1,180000,0.8472802163166608,1,0.508021572804805,0.518290137308101,0,1,172800,0.0,-0.05734116655196331,-306.4583352147523,-29.945643144437938,0.0432202330586132,-0.00039095699783937013,-4.855607721765409e-05,0.08333333333333333,0.0,600.0,48.38325337211604,5.943520242927768,0,1,0
S7_p018_t003_s1754123281,2026-09-23T12:17:45Z,S7,18,2,0,0,7211b21cb2f3fd3df497aafe6b31338d0fdbf785ba39d61eae7383a1febcb556,12000,16,1,180000,0.8474951193259632,1,0.5060204708793574,0.5199347640260285,0,1,172800,0.0,-0.0562938090378217,-306.45833593574145,-29.96354546619042,0.04178555796913599,-0.00025452661933365574,-3.1611697068001376e-05,0.08333333333333333,0.0,600.0,52.555138197222306,5.942219351153312,0,1,0
S7_p018_t004_s2136748643,2026-09-23T12:18:00Z,S7,18,2,0,0,7ff29fdd683d04b619bdb3bc0e89b1432f05ff2c7a7d3b3503bf7a13ed3a2a43,12000,16,1,180000,0.8473347635030346,1,0.5060102529291309,0.5199347640260283,0,1,172800,0.0,-0.056496483869208775,-306.45833533323093,-29.936167210664554,0.04800024096628176,-5.321616450170054e-05,-6.609341198782204e-06,0.08333333333333333,0.0,600.0,60.131276826619406,6.009119889223489,0,1,0
S7_p019_t000_s2055416690,2026-09-23T12:18:15Z,S7,19,2,0,0,30b03aefb78b4d8eef9a7d7881e6fbd00f7b9e34ac81218cf3d8901cac83cd86,12000,16,1,180000,0.8476772430428265,1,0.5086938811393803,0.5215612309893869,0,1,172800,0.0,-0.059984894739245904,-306.45833353627495,-29.977099507601793,0.0387998706564015,0.00012101768810608956,1.503015482740011e-05,0.08333333333333333,0.0,600.0,45.44438229684235,5.639946560034947,0,1,0
S7_p019_t001_s2007325368,2026-09-23T12:18:30Z,S7,19,2,0,0,3bf48275225d1f064437fa17bf05e029b6e123dc1e22921796cab759c90d3d47,12000,16,1,180000,0.8483138614386784,1,0.5089028371995161,0.5215612309893868,0,1,172800,0.0,-0.06061249308421232,-306.45833383717456,-29.845986183573807,0.05034440195965653,0.00017466867057309163,2.1693499547836836e-05,0.08333333333333333,0.0,600.0,70.73284300427723,6.406081138512139,0,1,0
S7_p019_t002_s1837273558,2026-09-23T12:18:45Z,S7,19,2,0,0,d2ad35c6137b10febbfd4cc34cda514587151d57febc22ed9689a42256344572,12000,16,1,180000,0.848025172507677,1,0.5074214300660375,0.5203377358061028,0,1,172800,0.0,-0.06025959713228861,-306.4583326955641,-29.95117032121424,0.03983924984241134,0.00027864806311798235,3.460753214312717e-05,0.08333333333333333,0.0,600.0,51.222700104086506,5.6860679051260306,0,1,0
S7_p019_t003_s1703565559,2026-09-23T12:19:00Z,S7,19,2,0,0,af43694ddb589ed8f8829c21d17e012e1fd7e7a8d79c633e73d7940bdce08860,12000,16,1,180000,0.8483369354863372,1,0.5073412696494736,0.5203377358061028,0,1,172800,0.0,-0.06026577963523592,-306.45833192665185,-29.970028226703125,0.042944216791876405,-5.339791258945801e-05,-6.631913947785506e-06,0.08333333333333333,0.0,600.0,50.28508994521284,6.146432806045198,0,1,0
S7_p019_t004_s989415578,2026-09-23T12:19:15Z,S7,19,2,0,0,f394e0c29cc6ebf6e01141cbad91892de0106135965cb2c27679d28c8b23b068,12000,16,1,180000,0.8478269844038232,1,0.5068031068225424,0.5200752091190527,0,1,172800,0.0,-0.05898667824284087,-306.4583320914165,-29.777242655908257,0.041920346929242944,-3.821818326972296e-05,-4.746621925733052e-06,0.08333333333333333,0.0,600.0,78.31016292795613,5.558053795194468,0,1,0
S7_p020_t000_s11753295,2026-09-23T12:19:45Z,S7,20,2,0,0,9060532b8caab75d0c82337319b788a7bdba3e3729659d85204fb1f1e7fa01f8,12000,16,1,180000,0.84848043269176,1,0.5153537698448903,0.5254288041486718,0,1,172800,0.0,-0.06031656535893934,-327.12499905393753,-29.75257639339376,0.04481751540801015,9.303547600067432e-05,1.1554820048331749e-05,0.08333333333333333,0.0,600.0,117.62659538979167,5.679517800488778,0,1,0
S7_p020_t001_s127051996,2026-09-23T12:20:00Z,S7,20,2,0,0,585830b048a5f85f93245b82bf07451b849de55fe37d0cd9896fd03d9db88866,12000,16,1,180000,0.8490019065066535,1,0.515383263846984,0.5256669929855555,0,1,172800,0.0,-0.05913559764519756,-327.1249988899581,-29.704774214886186,0.05428070676898909,-0.0004219048804673015,-5.239974234427791e-05,0.08333333333333333,0.0,600.0,81.61189301649313,6.280735061411374,0,1,0
S7_p020_t002_s1814410164,2026-09-23T12:20:15Z,S7,20,2,0,0,3614ada709289b519cb52636f04ca22c3aaccdff760b0a040eaab6e717874a18,12000,16,1,180000,0.8486556980613628,1,0.5144827344512521,0.5271756313819506,0,1,172800,0.0,-0.061271678637246474,-327.12499654129897,-29.484473907369527,0.04451811989985008,0.00023024184099824382,2.8595576168299885e-05,0.08333333333333333,0.0,600.0,116.57969488291484,5.947394622597653,0,1,0
S7_p020_t003_s622957244,2026-09-23T12:20:30Z,S7,20,2,0,0,b486de2fe93089ee5b63431b41a26e10a20de6e6e74120d91109f2b6aa71d1c5,12000,16,1,180000,0.8495748378714899,1,0.5143356448155213,0.5282992499915897,0,1,172800,0.0,-0.05953018664014924,-327.12499811679726,-29.48201367073418,0.05407173448039614,1.5375204261535848e-05,1.9095696188742295e-06,0.08333333333333333,0.0,600.0,122.56750607132938,5.710682520409712,0,1,0
S7_p020_t004_s1019946476,2026-09-23T12:20:45Z,S7,20,2,0,0,ca858a774659c19dd0fe4c88fdfe7e920cc921245fb33348dd795df68960155e,12000,16,1,180000,0.8493121924009676,1,0.5144329026284423,0.5282992499915897,0,1,172800,0.0,-0.05962863622865197,-327.12499803891905,-29.49635039070415,0.050146419006725826,-0.00023409230594049064,-2.9073796213197056e-05,0.08333333333333333,0.0,600.0,108.67279932227896,6.061520578497185,0,1,0
S8_p000_t000_s1451638557,2026-09-23T12:21:15Z,S8,0,12,0,0,98883db3766f7c1c7cf28c5585e307091340dccb32c5b3040673cf1001e116c5,12000,16,1,180000,0.8628793105353878,1,0.6932689113603684,0.7813339612689649,0,1,172800,0.0,-0.09079106492355346,-326.45833139634186,-29.243873049274043,0.10421865279490417,-0.0004389753054348034,-5.4519854984391714e-05,0.08333333333333333,0.0,600.0,91.62892061740759,15.60317463267629,0,1,0
S8_p000_t001_s686175255,2026-09-23T12:21:30Z,S8,0,12,0,0,56da7e331732609327c200b74e8b718d4fb90ceccb64695e4624f6b685b34de8,12000,16,1,180000,0.8624781152925739,1,0.6933429617614417,0.782031835052609,0,1,172800,0.0,-0.08920549394875173,-326.4583338862806,-28.975153429809488,0.09039612113105933,-0.00041884879358475714,-5.2020182465639664e-05,0.08333333333333333,0.0,600.0,126.80669560774113,15.24846436259696,0,1,0
S8_p000_t002_s147853078,2026-09-23T12:21:45Z,S8,0,12,0,0,412799f1397619a0adaefc318c4ee6e8d8f775de6f149f35e956d1380aff462e,12000,16,1,180000,0.8630172664026498,1,0.693589766481211,0.782031835052609,0,1,172800,0.0,-0.09101273899973462,-326.45833076470933,-29.03981338103408,0.08148630025689313,-0.0002835843958106196,-3.522061479088734e-05,0.08333333333333333,0.0,600.0,137.87054363958867,15.426344307651547,0,1,0
S8_p000_t003_s1651849846,2026-09-23T12:22:00Z,S8,0,12,0,0,b728b2fe388e5bcec7b9928665573c6e917c6d1d0948fd603ea5b87b97942028,12000,16,1,180000,0.8624670627755912,1,0.6933761316381326,0.7812855341615296,0,1,172800,0.0,-0.09007104277954774,-326.458331371891,-29.121204496378958,0.10458352193598017,-0.0002683476097913495,-3.332823644086602e-05,0.08333333333333333,0.0,600.0,126.72296906668737,15.276907857896846,0,1,0
S8_p000_t004_s285589846,2026-09-23T12:22:15Z,S8,0,12,0,0,7c7e8c236d1276d9e2e28f07b415ba0b0a2d08094a560f7cdfbb427d89e8e70b,12000,16,1,180000,0.8630783473349527,1,0.6933206506755637,0.7807268557375117,0,1,172800,0.0,-0.0899740177541067,-326.45833105261346,-29.063052563935248,0.09995491860002398,-0.00012285127213225924,-1.5257882296282332e-05,0.08333333333333333,0.0,600.0,155.11387628985594,15.196402209301866,0,1,0
