slot,cycle_utc,scenario,part,n_truth_rows,oversize,after_oversize,wav_sha256,fs,bits,channels,n_samples,rho_peak,rho_sign,rho_neighbour_max,ref_vs_neighbour_ref_rho,lag_ambiguous,g_sign,n_support,lag_lost,g_db,tau_ms,resid_db,step_db_max,drift_ppm,drift_dlag_samples,zero_run_ms,head_zero_ms,tail_zero_ms,click_max,tile_excess_db,clip_n,nondiscriminating,ref_mismatch
S1_p000_t000_s913544046,2026-10-02T23:16:00Z,S1,0,1,0,0,4f202edfaebe7bfce4344b50297a54ef26499f9fefebcf1a0ff65688d1375258,12000,16,1,180000,0.8866769635366638,1,0.03187856578431036,0.02956592747315697,0,1,172800,0.0,-1.0976201807824293,-323.1522284553788,-10.090931223817197,0.07745381039493252,-0.004958810981830477,-0.0006158744063213817,0.08333333333333333,0.0,600.0,4.956990443557057,4.240729725378805,0,0,0
S1_p000_t001_s68344610,2026-10-02T23:16:15Z,S1,0,1,0,0,9f27ce388b2454ff466198c9415fa40221a82d79e8d6d146c88d9b6813c8f84f,12000,16,1,180000,0.8872128989094381,1,0.03580147419656552,0.030887026653478054,0,1,172800,0.0,-1.0869312609234698,-323.15220431197486,-10.121618276638618,0.11487538289344512,-0.0014968679872493923,-0.00018590801028040005,0.08333333333333333,0.0,600.0,10.285652362677611,3.8735687183435945,0,0,0
S1_p000_t002_s205210819,2026-10-02T23:16:30Z,S1,0,1,0,0,791fdbfae551b9a20f16f5a83e520e80e90c5a63007db8ae6fb7d88e0867da9d,12000,16,1,180000,0.8871407935344643,1,0.04842892882217243,0.04584283300923298,0,1,172800,0.0,-1.088056780181517,-323.1522317560527,-10.121599533123486,0.10621967631554248,-0.0010228221881039793,-0.000127032470118138,0.08333333333333333,0.0,600.0,4.658070636538723,4.0488293871567,0,0,0
S1_p001_t000_s1915168523,2026-10-02T23:16:45Z,S1,1,1,0,0,ac5f04c6cba70203f0a4728903bbd6ba85a986841d148242193fa977f45f3fb3,12000,16,1,180000,0.8508985065260968,1,0.07279688864180145,0.06898944693947938,0,1,172800,0.0,-1.4444459420954459,-323.15208806416496,-7.0181487812388275,8.464210059506524,0.0004719553006973556,5.861590443601017e-05,3.5,0.0,600.0,16.885643423044975,9.88790583221421,0,0,0
S1_p001_t001_s1105300121,2026-10-02T23:17:00Z,S1,1,1,0,0,1a1b38a8af058b18dfaa7ad9519368c8a1c2da9cd0f823ca069793ab0d74883c,12000,16,1,180000,0.8911617898075989,1,0.07313449143182658,0.06898944693947938,0,1,172800,0.0,-1.039933084459777,-313.09787691511156,-10.341733206329708,0.11138825544357654,0.00929014466902317,0.0011538173876033397,0.08333333333333333,0.0,600.0,5.003942706868066,7.2131365740313225,0,0,0
S1_p001_t002_s1345625016,2026-10-02T23:17:15Z,S1,1,1,0,0,3dbe7ed0b9baaa6707adaa7b88ec4733d36b4029b40fdeba7c234f290901407f,12000,16,1,180000,0.8906106467524613,1,0.09111131995307653,0.08369050839214716,0,1,172800,0.0,-1.0435529063099815,-313.09787074855257,-10.34262213664795,0.14226236439812498,0.006719967058591961,0.0008346064687430044,0.08333333333333333,0.0,600.0,16.35950577871922,6.322996590194883,0,0,0
S1_p002_t000_s1491760006,2026-10-02T23:17:30Z,S1,2,1,0,0,199ed2cdbd2f5cbc7599728e5aab2e61a116a157ee744e64a2a0009e9817929c,12000,16,1,180000,0.895197005496366,1,0.11139441904905224,0.10617227651817505,0,1,172800,0.0,-0.9898770375899832,-313.0980269879832,-10.597417329281907,0.15786965507172873,0.009942798383366501,0.0012348756736173527,0.08333333333333333,0.0,600.0,5.268866680085723,8.246742709387927,0,0,0
S1_p002_t001_s546635023,2026-10-02T23:17:45Z,S1,2,1,0,0,38c8698fb6a2c32ad0652a39332802eae26ad3225a94b8cb6e723da6845aa0be,12000,16,1,180000,0.8951930540132567,1,0.11463690241715059,0.10617227651817505,0,1,172800,0.0,-0.9971077743266042,-313.0980044585958,-10.58771705456066,0.1784782513061552,0.01111161503758654,0.0013800403644381731,0.08333333333333333,0.0,600.0,5.459996165461836,8.742092456302316,0,0,0
S1_p002_t002_s714902369,2026-10-02T23:18:00Z,S1,2,1,0,0,591a5c1951965deaf1c798ca139615a080de4ae944f1bea2804d40c399b64879,12000,16,1,180000,0.895048298386936,1,0.15516742311673612,0.14670016776381692,0,1,172800,0.0,-0.9871171800727949,-313.0979817939436,-10.638031867779238,0.09473394372848588,0.004714491188353532,0.0005855303766111319,0.08333333333333333,0.0,600.0,6.945635343987645,8.580870290946516,0,0,0
S1_p003_t000_s474144144,2026-10-02T23:18:15Z,S1,3,1,0,0,a61971007a4cfadaf3d255f40a204af2fc68bbab73d081a8a3587bc56a40afb0,12000,16,1,180000,0.904782756292912,1,0.22012196725855593,0.205272445875899,0,1,172800,0.0,-0.8921321273507882,-313.09828937107886,-11.16132190799962,0.2799097348319386,0.026733984948812742,0.0033203074626726448,0.08333333333333333,0.0,600.0,8.139667822701016,10.876446291814473,0,0,0
S1_p003_t001_s1226819330,2026-10-02T23:18:30Z,S1,3,1,0,0,e426e1e91469d6c2657c3854be8ab47c20df58a2524232b5571a748658f3d212,12000,16,1,180000,0.9051420868478957,1,0.22041877784767971,0.2067914222664561,0,1,172800,0.0,-0.8877026655893889,-313.0983063252406,-11.189975508118625,0.2456466425380494,0.026078110476598935,0.0032388491649726348,0.08333333333333333,0.0,600.0,9.907481009982222,11.237555014388466,0,0,0
S1_p003_t002_s1182452760,2026-10-02T23:18:45Z,S1,3,1,0,0,e096c2da0c2286a06347ec02f5f08b8775efee6abe015f785f23e9c7ce3737e2,12000,16,1,180000,0.9047787517778076,1,0.2759046560953838,0.2618170648542017,0,1,172800,0.0,-0.8885254653242953,-313.09830533472206,-11.172958241054767,0.2901424188217468,0.023807412834470514,0.002956833059215569,0.08333333333333333,0.0,600.0,12.625735913779659,11.242553046740804,0,0,0
S1_p004_t000_s184630235,2026-10-02T23:19:00Z,S1,4,1,0,0,1ba67632f22216f279291c8368325b2f1621dc72c833b276b64c54f9072ebc3e,12000,16,1,180000,0.916770119558787,1,0.34130947137013384,0.3240614133098152,0,1,172800,0.0,-0.7578871298956531,-313.0987339573512,-12.016498429152593,0.3494810204673764,0.045013973438770914,0.00559064547314847,0.08333333333333333,0.0,600.0,11.923160057227104,13.727309092624216,0,0,0
S1_p004_t001_s792672454,2026-10-02T23:19:15Z,S1,4,1,0,0,b42a1ccb79297c62670f171e873cedd6dd76f572cd4bfebc09fea36597bb7e95,12000,16,1,180000,0.9164808949099266,1,0.34172421207289627,0.3244084884058915,0,1,172800,0.0,-0.7602838075532239,-313.0987159917513,-11.987399848655318,0.3167321738104222,0.04757438405752572,0.005908643351176579,0.08333333333333333,0.0,600.0,12.276262568797147,13.431621938819196,0,0,0
S1_p004_t002_s2116022063,2026-10-02T23:19:30Z,S1,4,1,0,0,ddc5a7d015514c1986a4893472462da9d18efb897689472501ae03cb62264d5b,12000,16,1,180000,0.916586171364723,1,0.4220372350567737,0.40085981705685186,0,1,172800,0.0,-0.7592551751989028,-313.0987292467483,-11.997380522017826,0.31213689334693034,0.04023383234619318,0.0049969615097325,0.08333333333333333,0.0,600.0,17.477246565897296,13.480809782468393,0,0,0
S1_p005_t000_s528655056,2026-10-02T23:19:45Z,S1,5,1,0,0,59079cc03c5dab1477ce99bca29144d4534fa89aedc8b98177fd0c84bc5929ec,12000,16,1,180000,0.932847652844159,1,0.5115767891125332,0.49594440376218796,0,1,172800,0.0,-0.58814833133957,-313.0994312085592,-13.3957548368332,0.6251570421664921,0.07619394003393806,0.00946313496433504,0.08333333333333333,0.0,600.0,16.501209665142824,16.11118539102042,0,0,0
S1_p005_t001_s108725431,2026-10-02T23:20:00Z,S1,5,1,0,0,69cd68d4d114e0b6ed41921848eff5770d46ad8e37c27fe295e3498efc3d3376,12000,16,1,180000,0.9330318950047839,1,0.5126495941440634,0.49594440376218807,0,1,172800,0.0,-0.5873614190879842,-313.0994363266964,-13.405657825679329,0.4796502050199203,0.06005961111518439,0.007459283581283671,0.08333333333333333,0.0,600.0,9.966303528224811,16.113210610433747,0,0,0
S1_p005_t002_s2006277236,2026-10-02T23:20:15Z,S1,5,1,0,0,01f2d1c11f9e4906b23b2940b7cd3d8f50c9b0c9b599671669551c4ac947b994,12000,16,1,180000,0.5301225387598322,1,0.4218144705765215,0.575200827769748,0,1,172800,0.0,-4.9397021732812005,-313.11504833065436,2.667344124018458,42.23955921782494,939.587040943916,116.69483131115248,5.333333333333333,0.0,600.0,7.272960118926432,24.90454468973116,0,1,0
S1_p006_t000_s147152921,2026-10-02T23:20:30Z,S1,6,1,0,0,7b1590ba4265a21194bf4df81441efa30180f33d0142eb9f00c71541cd9c0147,12000,16,1,180000,0.8492653236600353,1,0.6665128892476383,0.6695122953158428,0,1,172800,0.0,-0.40115714035227423,-303.3750036704993,-15.831962988061733,0.6694682245794769,-0.0009070745428010531,-0.0001126568440668052,0.08333333333333333,0.0,600.0,12.114265947964498,17.656259169163086,0,1,0
S1_p006_t001_s1953053430,2026-10-02T23:20:45Z,S1,6,1,0,0,a8d41bc08e6e819af2ef1ab1389c930344d4de4e5c325c0ea087ac9f13139e4c,12000,16,1,180000,0.8488167057488922,1,0.6666963911595966,0.6695122953158428,0,1,172800,0.0,-0.4050023330566287,-303.3749972642333,-15.789084177088624,0.6146053521435833,-0.0006502031688252552,-8.075393316175905e-05,0.08333333333333333,0.0,600.0,13.413327767511888,17.610152361726982,0,1,0
S1_p006_t002_s147567551,2026-10-02T23:21:15Z,S1,6,1,0,0,26cb066d14682e176f25333d13d6a01d3454514b060664bc808d94b6452ce16f,12000,16,1,180000,0.8491445734896739,1,0.7210147217194496,0.7239516056757861,0,1,172800,0.0,-0.40520758753539415,-324.70833182335383,-15.789874348264659,0.7037725581168746,-7.692578069590247e-05,-9.554028110869695e-06,0.08333333333333333,0.0,600.0,12.787450651350225,17.843848905871624,0,1,0
S1_p007_t000_s1402667823,2026-10-02T23:21:30Z,S1,7,1,0,0,a80ab1179b93ce886184451cf66a8c299bd07a83cca296654c6a196db7bb1b9d,12000,16,1,180000,0.8761036248220813,1,0.7786009126432908,0.7888016545704567,0,1,172800,0.0,-0.2901160228652325,-324.70833150613726,-17.847683152847623,0.7475604933476944,-0.0005012715257524744,-6.22569209554058e-05,0.08333333333333333,0.0,600.0,30.348727022253634,18.85654127376086,0,1,0
S1_p007_t001_s1425587327,2026-10-02T23:21:45Z,S1,7,1,0,0,773b036236e5e364f164f1df02659b4a8b3f52f228cc877d0d6456705dea6ddc,12000,16,1,180000,0.8762770240809921,1,0.7788049137709765,0.7888016545704567,0,1,172800,0.0,-0.29324048720970075,-324.70833291425396,-17.794903517151045,0.836158641081699,-0.00010642799016049863,-1.3218143521953607e-05,0.08333333333333333,0.0,600.0,25.295132827191946,19.061970123753227,0,1,0
S1_p007_t002_s718289455,2026-10-02T23:22:00Z,S1,7,1,0,0,00aabd4a34be53381ecaa0bde008709c70cbf1bce5fe7aadda48c62523b30611,12000,16,1,180000,0.875748537186956,1,0.826267747660189,0.8385280478656059,0,1,172800,0.0,-0.29371507920704837,-324.70833179391536,-17.79838752137836,0.8105493697376331,0.0003845706018799039,4.776289961228031e-05,0.08333333333333333,0.0,600.0,21.34880018251242,18.700356415032783,0,1,0
S1_p008_t000_s1206520285,2026-10-02T23:22:15Z,S1,8,1,0,0,ae2e6f7537b67b91ca43a61a9938544ce84f8300b46617b88b2e97f6bdbf5578,12000,16,1,180000,0.8990245197920056,1,0.8718892932788282,0.8922877015429264,0,1,172800,1.0,-0.19832460355471643,-324.7083317981681,-20.782288697938412,0.9266371138699615,-2.530369975362629e-05,-3.142668902000878e-06,0.08333333333333333,0.0,600.0,33.04641115037806,18.596415286410796,0,1,0
S1_p008_t001_s1462033172,2026-10-02T23:22:30Z,S1,8,1,0,0,cab8c2b4859acedf475757b7827a8a33ccb8fddd5efb990f06618ec15266e787,12000,16,1,180000,0.8987321748382541,1,0.8720782225315318,0.8922877015429264,0,1,172800,1.0,-0.1999329821042376,-324.7083319390846,-20.730674314782256,0.8582772513776288,-0.000386028050333344,-4.7943911795300664e-05,0.08333333333333333,0.0,600.0,31.072806644044565,18.77859194124043,0,1,0
S1_p008_t002_s1537966073,2026-10-02T23:22:45Z,S1,8,1,0,0,56c854a44eb70f3820f1fa26007fa3650770b0e19790147c32b48e852ccf9cd1,12000,16,1,180000,0.8990620366589307,1,0.8927595196389899,0.9131794267773907,0,1,172800,1.0,-0.19971647349727528,-324.7083314541287,-20.714380768568308,0.8297071151713407,-0.0008649502768475741,-0.00010742509448391502,0.08333333333333333,0.0,600.0,28.79185521314262,18.696142663085727,0,1,0
S1_p009_t000_s758409719,2026-10-02T23:23:00Z,S1,9,1,0,0,116cd9cbd8dcada51f380d70be1e99b65a7d1a6f450646f4e021f4c946afb1f1,12000,16,1,180000,0.9099412789437874,-1,0.9098482155707834,0.9343002500583387,1,-1,172800,nan,-0.8457090211762319,nan,-7.532663199868702,46.30144287333967,nan,nan,0.08333333333333333,0.0,600.0,6.447009700511761,13.631426736082359,0,1,0
S1_p009_t001_s1723470335,2026-10-02T23:23:15Z,S1,9,1,0,0,2c0e8343b2fbd40b7b4f66fd83185bde405c08a66ccadcdecb5fd713a52bfb13,12000,16,1,180000,0.9097973330332686,-1,0.9099206527491943,0.9343002500583387,1,-1,172800,nan,-0.8462552388923111,nan,-7.523107591119875,41.644149522290554,nan,nan,0.08333333333333333,0.0,600.0,6.860939747931323,13.521525986152769,0,1,0
S1_p009_t002_s1581091521,2026-10-02T23:23:30Z,S1,9,1,0,0,ca26d83129b56e7ba94f825b93e6b9deca5433c5c4be96a4f0d5acf8d62b9576,12000,16,1,180000,0.90941203101995,-1,0.9096903154039649,0.9342265314570748,1,-1,172800,nan,-0.8509038461883713,nan,-7.50392290616375,44.7243348207984,nan,nan,0.08333333333333333,0.0,600.0,6.305287099606955,13.557349949128621,0,1,0
S1b_p000_t000_s670279447,2026-10-02T23:24:00Z,S1b,0,1,0,0,f1ff54c7c11b1f36d761b98ac44d2cfc6a53648f5d91c8e9934f08ee515e35d7,12000,16,1,180000,0.8851855619904028,1,0.04686884728746444,0.04314353477945923,0,1,172800,0.0,-1.1040402570479397,-324.4310662486623,-10.042330181745742,0.08049159739210823,0.0002849893094809673,3.539510225891718e-05,0.08333333333333333,0.0,600.0,7.585836458228848,3.9000433573948223,0,0,0
S1b_p000_t001_s755619207,2026-10-02T23:24:15Z,S1b,0,1,0,0,a1c76b864d9bfcb0a0685825725fd1abe6a0a9646bed59a467347f69a582e8a7,12000,16,1,180000,0.8849889111818333,1,0.011672932689472358,0.011555912219765227,0,1,172800,0.0,-1.1100625562949593,-324.4310512788949,-10.024986714731199,0.07958144406927214,-0.010430020809030206,-0.0012953877244399337,0.08333333333333333,0.0,600.0,7.07248414216035,4.3752423232738735,0,0,0
S1b_p000_t002_s405040029,2026-10-02T23:24:30Z,S1b,0,1,0,0,711330a0c294a16a9fa399a424d6b640334a8e8ccced85a809f500a97199f2c4,12000,16,1,180000,0.8845628704686742,1,0.011132331990791828,0.011555912219765223,0,1,172800,0.0,-1.117623518097369,-324.4310478927606,-9.989470178394347,0.09045389584491878,0.0015640936200798817,0.00019425729942668113,0.08333333333333333,0.0,600.0,8.056207582703378,4.081440025095656,0,0,0
S1b_p001_t000_s421145395,2026-10-02T23:24:45Z,S1b,1,1,0,0,d3e8df30914d99ed467682418d31d67604b097f70b1aff6d4c9f992468bd86f2,12000,16,1,180000,0.8852079736917876,1,0.011704025560059185,0.011333582432054332,0,1,172800,0.0,-1.1052673710097574,-324.43106568424025,-10.027953657901909,0.08349702758502087,-0.005776403509707385,-0.0007174177630986378,0.08333333333333333,0.0,600.0,7.366513326749264,4.422734218494256,0,0,0
S1b_p001_t001_s617056408,2026-10-02T23:25:00Z,S1b,1,1,0,0,b6c068b248fa516692f1ce018bd797b6a630499899cc90737a26d41e17521a8a,12000,16,1,180000,0.884814376697118,1,0.011880440236755682,0.011305349550454044,0,1,172800,0.0,-1.1231212569391653,-324.43103435714386,-9.96780556622751,0.09938155722664307,0.001044252092023397,0.00012969402132512187,0.08333333333333333,0.0,600.0,5.139651661292352,3.946244018629148,0,0,0
S1b_p001_t002_s1338794941,2026-10-02T23:25:15Z,S1b,1,1,0,0,3090b73ddea3e2050c61c9db26199211dc809ee0d43eec91a1827cbece337e53,12000,16,1,180000,0.8847921381826972,1,0.011629796420760147,0.012603220098951503,0,1,172800,0.0,-1.112797145591735,-324.4310591898011,-10.023756127274428,0.09070079407556926,0.0018115744052393707,0.00022499391798191937,0.08333333333333333,0.0,600.0,11.266732170314368,4.259830217474004,0,0,0
S1b_p002_t000_s265536591,2026-10-02T23:25:30Z,S1b,2,1,0,0,951a824a4400f3e7c71baad943290a4a48af4be3f6081e9238453acfbc9e4b9f,12000,16,1,180000,0.8854831596112668,1,0.012603289962943524,0.0126032200989515,0,1,172800,0.0,-1.1064051961618702,-324.431058371331,-10.040495122830057,0.09157178302807602,0.0070545977507536104,0.0008761669314480969,0.08333333333333333,0.0,600.0,7.5649377080354565,4.127121263701804,0,0,0
S1b_p002_t001_s984384874,2026-10-02T23:25:45Z,S1b,2,1,0,0,e73c80bc4df8c593e7be945e795f6c0d5a55d60d4c76ca2881e28ef3ddd7f9a0,12000,16,1,180000,0.8857151657763627,1,0.013397689204218714,0.01298530339325719,0,1,172800,0.0,-1.099885577608538,-324.43109411615603,-10.058263774513067,0.08895628905534017,0.0033004810441548222,0.0004099131447219406,0.16666666666666666,0.0,600.0,13.065443203469263,3.935853429473137,0,0,0
S1b_p002_t002_s1445559193,2026-10-02T23:26:00Z,S1b,2,1,0,0,6e7b3951e7b404f2b0d8c27c408f32e09c21dedeae51ca6eee3d89b7d98a329d,12000,16,1,180000,0.8855393916813117,1,0.015885164816040912,0.015758898130045152,0,1,172800,0.0,-1.1019028010229062,-324.43108111878183,-10.051060862756017,0.10387914922580206,0.0005656802353118503,7.025635386526119e-05,0.08333333333333333,0.0,600.0,5.738384407538765,3.7938191314977194,0,0,0
S1b_p003_t000_s799072493,2026-10-02T23:26:15Z,S1b,3,1,0,0,e47f96491a030928150681f4f5a03384b32aa8323e5778f2523258d5208333e3,12000,16,1,180000,0.8863476951918787,1,0.019540223441752533,0.018272154502737295,0,1,172800,0.0,-1.0962926550947858,-324.4311042109008,-10.076498457664695,0.08153455929147638,-0.007392524180384852,-0.0009181367181554378,0.08333333333333333,0.0,600.0,10.963795624835186,3.9874966296651144,0,0,0
S1b_p003_t001_s1267271188,2026-10-02T23:26:30Z,S1b,3,1,0,0,9f4fe1971d4c361b899f7bcd1415334d2fc6b44b4a7b5ad4b5cce0546d93fb6f,12000,16,1,180000,0.8864708069712558,1,0.021298092104609832,0.020243011075190154,0,1,172800,0.0,-1.0880784186517352,-324.43108776645505,-10.119040213158323,0.0885467952654111,0.008321111145672829,0.0010334653620702738,0.08333333333333333,0.0,600.0,6.01324315033789,3.9565622118690316,0,0,0
S1b_p003_t002_s60044557,2026-10-02T23:26:45Z,S1b,3,1,0,0,766f6e5531ad6ab3618018f3c99a4d56199ae8784ea8dee487f74aaa3e8ee9df,12000,16,1,180000,0.8863474089113865,1,0.020799692545650793,0.020243011075190158,0,1,172800,0.0,-1.090596744494048,-324.43107658380177,-10.105529385616807,0.08083827334781789,0.0010455080167852686,0.00012985000466869678,0.08333333333333333,0.0,600.0,7.115893509389526,3.8462331960869895,0,0,0
S2_p000_t000_s1289144792,2026-10-02T23:27:15Z,S2,0,1,0,0,d1fae91cd9d3ac5fd3ab3ec906aaa3a2f8fb3c8f5376290ab64fddcccb8849b6,12000,16,1,180000,0.7635232338919138,1,0.31477842700849923,0.3034330082516182,0,1,172800,0.0,-0.9131286909290214,-302.2917720963317,-8.81774190098446,21.679311288926804,0.03944460683635728,0.004898941279861901,5.583333333333333,0.0,600.0,23.05386141746238,32.33724478030138,0,0,0
S2_p000_t001_s68113513,2026-10-02T23:27:30Z,S2,0,1,0,0,1c2b6ae3c357d830e97cd420a2f43ad4d5615c0be272143c8b0e1555fb6e0253,12000,16,1,180000,0.7920286807897274,1,0.3341950782680222,0.30742776009651607,0,1,172800,0.0,-0.6230854742787282,-302.29166931661166,-12.359934677103091,0.48401770256189103,-0.000312552601727311,-3.8818408029328566e-05,0.08333333333333333,0.0,600.0,12.410151627955846,19.076277918286905,0,0,0
S2_p000_t002_s492170927,2026-10-02T23:27:45Z,S2,0,1,0,0,a374eafbd5fd19e2388deb108783d361298a5e8f2da7b6d99a6ef0c2a7ee833c,12000,16,1,180000,0.7919993892693125,1,0.3339048962317452,0.30742776009651607,0,1,172800,0.0,-0.616442963294277,-302.2916712310798,-12.372713087799836,0.42684901231190814,0.0007079918293272933,8.793116921879118e-05,0.08333333333333333,0.0,600.0,15.00744065439246,18.777001126798595,0,0,0
S2_p001_t000_s2106742562,2026-10-02T23:28:00Z,S2,1,1,0,0,094fcb29e7c3ba11871657212b0ba85ac843138d864221bf037a5bf8daef94f8,12000,16,1,180000,0.7871346851576878,1,0.3227216339462703,0.30578272388914524,0,1,172800,0.0,-0.745037185476416,-302.29166980774124,-12.453507844902854,0.3673964036301799,-0.0015797600101300287,-0.0001962030337381293,0.08333333333333333,0.0,600.0,8.588786641574947,13.979289362965389,0,0,0
S2_p001_t001_s1155555599,2026-10-02T23:28:15Z,S2,1,1,0,0,f4993f376194f2366256d263d8696251a5e5113c8857b97571e371fd8fb907bf,12000,16,1,180000,0.7873621532050533,1,0.32309251163221797,0.30634906820550983,0,1,172800,0.0,-0.7427006567260301,-302.2916661283877,-12.449357422404505,0.3252953915701803,0.0011707602654438618,0.00014540608344759676,0.08333333333333333,0.0,600.0,10.421362486660097,13.403203416125484,0,0,0
S2_p001_t002_s1218472882,2026-10-02T23:28:30Z,S2,1,1,0,0,ea7bf6d073fb3766108ca31d2102fbb4725b3c796b5d1a0e1e8f7d41d3881f1d,12000,16,1,180000,0.7872091837050009,1,0.32287624295937395,0.30634906820550983,0,1,172800,0.0,-0.7344411303158751,-302.2916573305247,-12.514848307437205,0.3172250258061371,-0.0007893643821005444,-9.803747752812342e-05,0.08333333333333333,0.0,600.0,5.178267175859935,13.432765762567573,0,0,0
S2_p002_t000_s1410889249,2026-10-02T23:28:45Z,S2,2,1,0,0,eaf093cbca119ee2ae2645b9fd185aa8fea5b899946a144783ba8f3037f03a07,12000,16,1,180000,0.780085928392675,1,0.31000927931731254,0.3033898382135205,0,1,172800,0.0,-0.8537304151103451,-302.29167866685447,-12.441854930281679,0.2987555130862008,-0.0005421102456452793,-6.73290082886524e-05,0.08333333333333333,0.0,600.0,10.579767007158638,9.117976404185509,0,0,0
S2_p002_t001_s1295536992,2026-10-02T23:29:00Z,S2,2,1,0,0,9c867607b2158e79c697ef2c047ff6336f7c011b717ad6c67b057c051015a512,12000,16,1,180000,0.7793812650260041,1,0.31143917718523345,0.3043322498678894,0,1,172800,0.0,-0.8536245722687679,-302.2916614651591,-12.439955143644317,0.22264489276220828,0.001782278706389578,0.0002213554507761728,0.08333333333333333,0.0,600.0,13.739985852056943,9.004804164171137,0,0,0
S2_p002_t002_s1338324977,2026-10-02T23:29:15Z,S2,2,1,0,0,d9f7529a6e2ffc7e29a301642e16ac7bf1f001bad3b6bb57a5990c59c81eab2b,12000,16,1,180000,0.7809375307919696,1,0.3113456397879276,0.3043322498678894,0,1,172800,0.0,-0.8474497358095102,-302.2916673165716,-12.495979459960102,0.243933238415655,0.00021124393724728037,2.623607451823773e-05,0.08333333333333333,0.0,600.0,8.184948698251624,9.22924075788786,0,0,0
S2_p003_t000_s1727962604,2026-10-02T23:29:30Z,S2,3,1,0,0,3e8d6d799b55582e160f286d64380cfdc46452f463f482abc011ce7148942c52,12000,16,1,180000,0.7743601649629528,1,0.31293115840683583,0.3051709554492243,0,1,172800,0.0,-0.8739266777404298,-302.29167053858384,-12.510803231569952,0.2165598772758379,-0.0005344057238579272,-6.637212209170684e-05,0.08333333333333333,0.0,600.0,6.457428570451667,7.126211479187418,0,0,0
S2_p003_t001_s505940398,2026-10-02T23:29:45Z,S2,3,1,0,0,721657532a85c25f632bbcaece5233820db56e0146407406e3172dbf158934ca,12000,16,1,180000,0.7748427450056102,1,0.3147801089861697,0.30689079226417026,0,1,172800,0.0,-0.8675661092121238,-302.29166145091585,-12.532319400862232,0.19686330253883208,-0.0019026510090059121,-0.00023630545001651626,0.08333333333333333,0.0,600.0,5.891403674615119,7.435813134409815,0,0,0
S2_p003_t002_s1702346768,2026-10-02T23:30:00Z,S2,3,1,0,0,6f933a522d9fee75c5ab8d0aee0b1d001e75a10269f378c301847c4469811294,12000,16,1,180000,0.773373311795139,1,0.3150271137109341,0.30689079226417026,0,1,172800,0.0,-0.87795441851531,-302.2916614218878,-12.471226755343105,0.1987098317504808,0.0014379233894301923,0.000178587209120451,0.08333333333333333,0.0,600.0,12.733329558251766,7.527263142188149,0,0,0
S2_p004_t000_s1635038415,2026-10-02T23:30:15Z,S2,4,1,0,0,dfea44333541169750569f52199742524b9706e82217b099364373d016e52123,12000,16,1,180000,0.7678766432380695,1,0.317297737839267,0.3040231133054214,0,1,172800,0.0,-0.80818947593881,-302.29166472652594,-12.457301396014993,0.29865309005216434,0.0003279771443079276,4.073410536875599e-05,0.08333333333333333,0.0,600.0,14.05750960656648,10.252620073724865,0,0,0
S2_p004_t001_s1183238402,2026-10-02T23:30:30Z,S2,4,1,0,0,ef06d75da7c9170c165f10654f6d19b747ce51580d98d162fa8f3f17fd6db2c9,12000,16,1,180000,0.5370312236655929,1,0.22032114943074116,0.3069543546700123,0,1,172800,0.0,-4.128391436834243,-302.29605712117456,1.0284877546464635,52.99042127733868,881.6566900512122,109.49999759098046,4.916666666666666,0.0,600.0,9.531199952917369,25.967412382545504,0,0,0
S2_p004_t002_s333126784,2026-10-02T23:30:45Z,S2,4,1,0,0,8fad8188b0b1b43739fef1d3a6f033a748f9dd01e4ff94fb686175ac737f8112,12000,16,1,180000,0.9681237498165676,1,0.322286453777445,0.3069543546700123,0,1,172800,0.0,-0.8155631425118787,-293.1666654293119,-12.395031125439967,0.3142557201279112,-0.0005685845505681076,-7.061706401145784e-05,0.08333333333333333,0.0,600.0,12.28642029039724,10.28400480647395,0,0,0
S2_p005_t000_s356586922,2026-10-02T23:31:00Z,S2,5,1,0,0,32a2ab45e5c5adbf79ba7c08f582d1ac0ff6e9578c13c7e691858ab161b568f2,12000,16,1,180000,0.9680876446237424,1,0.3252009832080517,0.3024432576008823,0,1,172800,0.0,-0.6905120715095951,-293.1666668772923,-12.381756432340996,0.39298659726332485,-0.00010756192936107177,-1.335897650278639e-05,0.08333333333333333,0.0,600.0,8.45712827138331,16.556095176546187,0,0,0
S2_p005_t001_s1328624968,2026-10-02T23:31:15Z,S2,5,1,0,0,8bbf4f0e592183fee691c0cbac13a8cd610dc81fa6d713cd8fafff64b375afa4,12000,16,1,180000,0.9681840447890828,1,0.32540749837929434,0.3024432576008823,0,1,172800,0.0,-0.6855834988435296,-293.16666606796326,-12.400442444510196,0.39434699076206675,0.00016223236049808394,2.014893470914103e-05,0.08333333333333333,0.0,600.0,9.586760449371456,16.52890040906316,0,0,0
S2_p005_t002_s843406380,2026-10-02T23:31:30Z,S2,5,1,0,0,5edf0fb6a1cd4d3ae9a2de150d0eedb3c13069ebb60849cd92435d1d039aa7eb,12000,16,1,180000,0.9682598522535899,1,0.3251453027745581,0.30237624104345756,0,1,172800,0.0,-0.678752637097138,-293.16666778863873,-12.434398106149239,0.42416713649180066,0.00035536663385815794,4.41358251919155e-05,0.08333333333333333,0.0,600.0,13.12578443127277,16.48890674490382,0,0,0
S2_p006_t000_s1939969654,2026-10-02T23:31:45Z,S2,6,1,0,0,90160b2bb6f25014cfa1ea1f9a435aa91c739cca041443b3b0ae05c23dc6f0b2,12000,16,1,180000,0.9677296346295096,1,0.3319616257003896,0.3007940954549315,0,1,172800,0.0,-0.5806883311108135,-293.1666693731598,-12.330485419115378,0.49493619545684253,8.484956233939669e-05,1.053814594342839e-05,0.08333333333333333,0.0,600.0,6.608326647409102,20.160870939640454,0,0,0
S2_p006_t001_s441937503,2026-10-02T23:32:00Z,S2,6,1,0,0,d16222a4b0f799a50c92bad41c56d652ab9e5a4e117ebb8eeb8f0a3cd9f44b6c,12000,16,1,180000,0.9679352827509183,1,0.3318727667291601,0.30158918785722183,0,1,172800,0.0,-0.5781449517618757,-293.16666662091484,-12.346549069205594,0.457767848892831,-0.0004017180861619419,-4.9892582865140866e-05,0.08333333333333333,0.0,600.0,14.619599492975059,20.271112477441918,0,0,0
S2_p006_t002_s781512667,2026-10-02T23:32:30Z,S2,6,1,0,0,cf8eb99fa4b61799ad5774be1553210142fb976a6a7211fd842e808b4d38a451,12000,16,1,180000,0.9686157060505194,1,0.33159706940593875,0.30158918785722183,0,1,172800,0.0,-0.5781892850756158,-324.4999977696825,-12.339994324800099,0.5360323073911598,6.829123800145146e-05,8.48163517730427e-06,0.08333333333333333,0.0,600.0,7.325204571398328,20.341165389335416,0,0,0
S2_p007_t000_s1531496940,2026-10-02T23:32:45Z,S2,7,1,0,0,710a4d07c54be102795080c64b09601a24f16a10f2d12a57d6061a9ff0db6248,12000,16,1,180000,0.9682769007349691,1,0.3372039315187079,0.30472990527153115,0,1,172800,0.0,-0.5539058089450694,-324.5000012388294,-12.303794395400987,0.5325518570345942,-0.00035794562011055885,-4.445613012649119e-05,0.08333333333333333,0.0,600.0,15.375932924632687,20.871607309852955,0,0,0
S2_p007_t001_s326924126,2026-10-02T23:33:00Z,S2,7,1,0,0,0f230619b3335b2e4ee8530584972e8ff669abfc6a0e19b13628a9e9924b601a,12000,16,1,180000,0.9685021127364843,1,0.33734600851140867,0.30472990527153115,0,1,172800,0.0,-0.5583670474372044,-324.5000000585205,-12.316340743185265,0.47948898826785435,7.163307704993437e-05,8.896684903447749e-06,0.08333333333333333,0.0,600.0,7.4821848318928526,21.09819414950355,0,0,0
S2_p007_t002_s199391290,2026-10-02T23:33:15Z,S2,7,1,0,0,ee4a4953926224bcc64904b1733ed3c930439a5f3a6fb8d02237428e6fdf2172,12000,16,1,180000,0.9683323874173352,1,0.33590239517346215,0.30419482446468915,0,1,172800,0.0,-0.5602729762130486,-324.5000003719239,-12.292871893309133,0.5214401171197289,0.00018691701172144628,2.3214719021780184e-05,0.08333333333333333,0.0,600.0,16.054925289649397,20.679279280681456,0,0,0
S2_p008_t000_s2105928740,2026-10-02T23:33:30Z,S2,8,1,0,0,89f90379e20430eea2b7558c7536ea4a12fcbfbb605a3815c7f39b4781c3e67f,12000,16,1,180000,0.9686354795566552,1,0.3313975339547673,0.30489149280800537,0,1,172800,0.0,-0.6351695428179931,-324.5000027525451,-12.351528179052092,0.4452745049488613,-0.00017906616657636313,-2.2239659756451147e-05,0.08333333333333333,0.0,600.0,8.166825244630443,18.544026988124976,0,0,0
S2_p008_t001_s2122849215,2026-10-02T23:33:45Z,S2,8,1,0,0,c321eafa3d3f43f0bcca7b68214ac3f857cf2810f9d712f83154eae7a266e441,12000,16,1,180000,0.9684612609215358,1,0.3316391840869172,0.3048914928080054,0,1,172800,0.0,-0.6400906618943792,-324.5000022270651,-12.332253081544124,0.5065612344835186,0.00024728944035675506,3.071285391342826e-05,0.08333333333333333,0.0,600.0,8.73915500983579,18.506711513249705,0,0,0
S2_p008_t002_s1792617518,2026-10-02T23:34:00Z,S2,8,1,0,0,fe935cc67f6492cc164b69fc93e5c3124a61b2986128dadc4053068490b03fdb,12000,16,1,180000,0.8221671417449932,1,0.29864143570341906,0.3047006888356329,0,1,172800,0.0,-1.4226350900355256,-314.8161885389169,-5.720647540165338,19.131860964969068,-0.6560365994022146,-0.08147843357255624,6.25,0.0,600.0,20.921260833992083,32.89050698261439,0,0,0
S2_p009_t000_s1083440476,2026-10-02T23:34:15Z,S2,9,1,0,0,87f26f19fec70f0e03d9b065a53581414a6f83e6ccf06925b6aabcbb17490a63,12000,16,1,180000,0.9011723616364172,1,0.318859469189793,0.3026875971946869,0,1,172800,0.0,-0.8019138014934564,-314.81769359171506,-11.806307679754966,0.3219197559473344,-0.04181735937268437,-0.005193632399368653,0.08333333333333333,0.0,600.0,5.974210688411037,15.230161462322855,0,0,0
S2_p009_t001_s406326303,2026-10-02T23:34:30Z,S2,9,1,0,0,4418d72482d002078b0b82c0cf15542364802102f132554569da809ca0c101cb,12000,16,1,180000,0.901007603010638,1,0.3211096261425973,0.30294233744614524,0,1,172800,0.0,-0.7998923305110166,-314.8176853027641,-11.791766200356497,0.3911782179602241,-0.05009879990284903,-0.006222170750334044,0.08333333333333333,0.0,600.0,8.731371214789807,15.215033322756241,0,0,0
S2_p009_t002_s2144757372,2026-10-02T23:34:45Z,S2,9,1,0,0,798c48a5d2e7ab0bc4797b606d8d5ce310fb093fc8232569057256ae6a30b273,12000,16,1,180000,0.9009097092095192,1,0.32121835462240017,0.30294233744614524,0,1,172800,0.0,-0.8037173471142139,-314.8177035466045,-11.777902393982346,0.3077437634157228,-0.04653898138893384,-0.005780048410542804,0.08333333333333333,0.0,600.0,8.345919053378205,15.426989252388525,0,0,0
S3_p000_t000_s1030001410,2026-10-02T23:35:15Z,S3,0,1,0,0,c2065663cc4afeedfe49910aefe3cc2b48989c8e522c2dc029c4e241658ff44d,12000,16,1,180000,0.9150725329490436,1,0.3153779634843167,0.3045154003390014,0,1,172800,0.0,-0.7847704966762008,-325.4846880085988,-11.819376958692274,0.33610662703245037,-0.04804069136375766,-0.005966557785995974,0.08333333333333333,0.0,600.0,8.655663547988508,13.129257754763415,0,0,0
S3_p000_t001_s59102629,2026-10-02T23:35:30Z,S3,0,1,0,0,b14ca35505583b132335cc930f2c7999e3cfc06f3ea5ad5bbd5dc8518d5224a1,12000,16,1,180000,0.9148090809606494,1,0.31880841850205816,0.306005539118961,0,1,172800,0.0,-0.7813770435617508,-325.48470327956,-11.847994889933414,0.2827665984165798,-0.04545405810029131,-0.005645303107939981,0.08333333333333333,0.0,600.0,8.011935359745687,13.318267387757043,0,0,0
S3_p000_t002_s917633151,2026-10-02T23:35:45Z,S3,0,1,0,0,c79b1cc4ce54f1314376749af187638961bcdc2c6efd3fc3e456049a1e3b5e06,12000,16,1,180000,0.9146417659318955,1,0.3218420181861607,0.3124925690856233,0,1,172800,0.0,-0.7846127529670963,-325.48470843507675,-11.835272419035164,0.3484465181845128,-0.042264795689066346,-0.005249203094990662,0.08333333333333333,0.0,600.0,10.815869724501662,13.312539123399072,0,0,0
S3_p001_t000_s1727488921,2026-10-02T23:36:00Z,S3,1,1,0,0,3df23271dbd143cbd73145906ec30a6f6ad75f76bee1063764063507de29fb7e,12000,16,1,180000,0.915070065869773,1,0.3224156384547634,0.31249256908562334,0,1,172800,0.0,-0.782293755801487,-325.48467515056717,-11.847908386986797,0.31563075053292544,-0.03852475610013092,-0.00478469765812406,0.08333333333333333,0.0,600.0,5.014099680365894,13.163632491133313,0,0,0
S3_p001_t001_s1935099702,2026-10-02T23:36:15Z,S3,1,1,0,0,7431c283b44bc3861c57691ec3820905ffb8e02bf33ea627909ed7a3dafa8892,12000,16,1,180000,0.9152399016582027,1,0.3230545128194469,0.3036466965444167,0,1,172800,0.0,-0.7729267553153797,-325.4846741531298,-11.884795129534435,0.3278911196682622,-0.031627911702209084,-0.003928123377590964,0.08333333333333333,0.0,600.0,5.740185125413445,13.166433229862655,0,0,0
S3_p001_t002_s1247340308,2026-10-02T23:36:30Z,S3,1,1,0,0,d33a29c02d88a4b5b47354ccf2fca56c5feead441f7068543290cb416f2af437,12000,16,1,180000,0.9147634592896108,1,0.33037053937868466,0.31098793742537856,0,1,172800,0.0,-0.7842564998173294,-325.48469026099883,-11.844455619007448,0.3445008750780044,-0.03450716082226151,-0.004285720359803236,0.08333333333333333,0.0,600.0,9.88251495642116,13.205953752246051,0,0,0
S3_p002_t000_s2123842217,2026-10-02T23:36:45Z,S3,2,1,0,0,99e4b23dcf3cf547fa2bb8907c4f9de38c9ef96d1023169c8f467663f065fdc6,12000,16,1,180000,0.9148860268658198,1,0.3258180349668263,0.3109879374253786,0,1,172800,0.0,-0.7865528927881837,-325.48468299367113,-11.835613850167688,0.3863730220226662,-0.02528024248233841,-0.0031397555558214663,0.08333333333333333,0.0,600.0,6.774306795087058,13.181978573902972,0,0,0
S3_p002_t001_s741456992,2026-10-02T23:37:00Z,S3,2,1,0,0,5661356582cabb1bda5078d08c5ac9e15980b436498d006345c75a0977d857da,12000,16,1,180000,0.9153055657339156,1,0.3231413361905083,0.3089446546828953,0,1,172800,0.0,-0.7723864509567815,-325.4846734030931,-11.899851450319783,0.3163576942892833,-0.02577662856251948,-0.0032014057142077945,0.08333333333333333,0.0,600.0,5.04367757593243,13.225519641629102,0,0,0
S3_p002_t002_s859851708,2026-10-02T23:37:15Z,S3,2,1,0,0,006e2ece086ede72a39e230a22bf63d8ea09eb6ae97d2f98773c7adba7e5d02d,12000,16,1,180000,0.6336946885752441,1,0.30583204469219033,0.30962191609163897,0,1,172800,0.0,-4.432125075332555,-316.9136715978232,1.6693768939884106,12.297229074828708,827.8346720061309,102.81541059381743,7.583333333333333,0.0,600.0,8.802817229654595,14.798018839619818,0,0,0
S3_p003_t000_s1497291008,2026-10-02T23:37:30Z,S3,3,1,0,0,95531dee32409a90afe545721094061495645722ac150a70dcd1420f385774a0,12000,16,1,180000,0.9688275575416103,1,0.3265227955152131,0.30962191609163897,0,1,172800,0.0,-0.7498582361515764,-316.91666687246953,-12.422261620167829,0.3922192357837126,-0.00019524733379122451,-2.4249328362202505e-05,0.08333333333333333,0.0,600.0,7.0798694000060385,13.540930367038587,0,0,0
S3_p003_t001_s2122590732,2026-10-02T23:37:45Z,S3,3,1,0,0,9d180dbbdf14079f538f09d6a814498981a21fb07085bbed811e11fc5ec0e324,12000,16,1,180000,0.9692390700088728,1,0.32741395058536454,0.3081507351143619,0,1,172800,0.0,-0.7483211461630783,-316.9166660281426,-12.473405437635998,0.31944909582547343,-9.229373524524685e-05,-1.1462697329989169e-05,0.08333333333333333,0.0,600.0,7.59632013399095,13.365607449996563,0,0,0
S3_p003_t002_s1592902622,2026-10-02T23:38:00Z,S3,3,1,0,0,33ca27a865170f46110e40a2b6e70b532586364b9bcb885a46f6bdef76b837e4,12000,16,1,180000,0.9692615534189467,1,0.32829166652957914,0.30907468233478935,0,1,172800,0.0,-0.7441733528060469,-316.9166663600906,-12.482369559707571,0.33431554119339846,0.0003174414964042146,3.942559897041065e-05,0.08333333333333333,0.0,600.0,7.656978381659653,13.537501377124105,0,0,0
S3_p004_t000_s1269981715,2026-10-02T23:38:15Z,S3,4,1,0,0,e4eb19a95ca2cd5720837957642deed8bcf09f5dbdc83f4e1dafcbd1a69ef5dc,12000,16,1,180000,0.9690165240181939,1,0.3249017222829881,0.30907468233478935,0,1,172800,0.0,-0.7466220829332246,-316.9166669882519,-12.441901220123679,0.28402867142564825,-0.0006014503225874655,-7.469892716471804e-05,0.08333333333333333,0.0,600.0,7.445127080220137,13.226828003735825,0,0,0
S3_p004_t001_s1736958637,2026-10-02T23:38:30Z,S3,4,1,0,0,eb8eb9677b0258d3dd541691ceaf03c680d743bc10208e640f3597c0996f2128,12000,16,1,180000,0.9694540882719518,1,0.3254903526061802,0.30587392297740335,0,1,172800,0.0,-0.7350475395415417,-316.91666559837057,-12.524469446381922,0.36703595903243114,-2.259676706545849e-05,-2.8064732759958133e-06,0.08333333333333333,0.0,600.0,10.636559854239023,13.21099148926377,0,0,0
S3_p004_t002_s204596110,2026-10-02T23:38:45Z,S3,4,1,0,0,dac7a59ec822c0ab790261a6a3705aaee44b931994026a1037e43a2b7fb84f0f,12000,16,1,180000,0.9687921617803789,1,0.32986110526319545,0.3098034291956534,0,1,172800,0.0,-0.7530257878562358,-316.9166685390022,-12.409563215959665,0.3968227608716728,-0.00010379241953829627,-1.289081092181732e-05,0.08333333333333333,0.0,600.0,8.221648748376275,13.54063579019134,0,0,0
S3_p005_t000_s1505505932,2026-10-02T23:39:00Z,S3,5,1,0,0,6dea78f3d169fedb3c42c0270a26d600316b7b984f7ee062e021bd3a104f7ea4,12000,16,1,180000,0.9693185443975781,1,0.32795198233769657,0.3098034291956534,0,1,172800,0.0,-0.7414286854873955,-316.9166682297255,-12.494800798877714,0.30781765960402085,-0.00013557699218253843,-1.6838391275086906e-05,0.08333333333333333,0.0,600.0,9.24281577679577,13.754175696550428,0,0,0
S3_p005_t001_s574426862,2026-10-02T23:39:15Z,S3,5,1,0,0,2df8762c53fe4dfac3823171b4ced9a0b3d3972a47dcb604717687190b99e558,12000,16,1,180000,0.969111843312445,1,0.3281480974180921,0.30714933256120186,0,1,172800,0.0,-0.7495245960961038,-316.91666793333513,-12.4568958172587,0.33826070041128026,0.000254153398291686,3.156534376103082e-05,0.08333333333333333,0.0,600.0,5.062486149739715,13.08612794843479,0,0,0
S3_p005_t002_s2081296688,2026-10-02T23:39:30Z,S3,5,1,0,0,2a40a97493f3c43a4bc2cb3d857841f36c81eac41380d21b7208d84a8921c796,12000,16,1,180000,0.9685051649330431,1,0.3276523161475137,0.3081398667041193,0,1,172800,0.0,-0.7574254859543523,-316.9166665687214,-12.375398464692333,0.30614478977095394,0.00012078163308337058,1.500083726568846e-05,0.08333333333333333,0.0,600.0,8.199045108453102,13.495432371605778,0,0,0
S3_p006_t000_s1872296474,2026-10-02T23:39:45Z,S3,6,1,0,0,810b81093d1ce3def48a9c2db573ff398e98226a6c7df3449fed149dfc92d4bd,12000,16,1,180000,0.9694268760885246,1,0.32869501467844775,0.30846932747155437,0,1,172800,0.0,-0.7421646537551362,-316.91666636591737,-12.49254027017212,0.35910087197861873,3.126118370019743e-05,3.882576493197121e-06,0.08333333333333333,0.0,600.0,9.34283437393351,13.591038903698248,0,0,0
S3_p006_t001_s1187247710,2026-10-02T23:40:00Z,S3,6,1,0,0,99e91924bcd3800c13ae2240872f4d1a1faab04f7fa14a7003092eda7ca6bffa,12000,16,1,180000,0.9693563055773095,1,0.3286479705937101,0.30846932747155437,0,1,172800,0.0,-0.7405978927904244,-316.91666726227896,-12.505604086358952,0.3392953915916641,-0.0005303749388015363,-6.587150664927321e-05,0.08333333333333333,0.0,600.0,10.398083806902909,13.41032546185678,0,0,0
S3_p006_t002_s1223745501,2026-10-02T23:40:30Z,S3,6,1,0,0,cbbe7deb0d8ad4b6cf05a1975acd777c8de197680b51e4605c17c2f97b3683ef,12000,16,1,180000,0.9692258729464877,1,0.3293878806364516,0.3102179815871073,0,1,172800,0.0,-0.7376654939478661,-315.83333567972414,-12.503995861530175,0.3584743901144088,0.00018219119163120085,2.2627781618211884e-05,0.08333333333333333,0.0,600.0,10.231852051740882,13.365699806075694,0,0,0
S3_p007_t000_s626911129,2026-10-02T23:40:45Z,S3,7,1,0,0,91a855247d75fc62482c3f601a7d826fd5224cfb66e5d13005ec533c679f6cdb,12000,16,1,180000,0.5510670401865612,1,0.24779648703403942,0.31021798158710734,0,1,172800,0.0,-5.078702240502439,-296.6478613900484,2.7012258060047625,60.94258000816254,1853.3736536471704,230.18530103567127,3.9166666666666665,0.0,600.0,8.375170948985264,22.380638105217553,0,0,0
S3_p007_t001_s1969339727,2026-10-02T23:41:00Z,S3,7,1,0,0,23ef57a55434c99526e99b43ee37c6808dae4164a280bb55857471659bc3b77b,12000,16,1,180000,0.9138580839015559,1,0.32478589290040066,0.30784199682578184,0,1,172800,0.0,-0.7844286868794208,-296.651350192357,-11.850076072113463,0.36757224784419446,0.042658021330554255,0.005298040933212178,0.08333333333333333,0.0,600.0,6.511021622181828,13.643395102610045,0,0,0
S3_p007_t002_s115451501,2026-10-02T23:41:15Z,S3,7,1,0,0,45432c9a387d0fa5e7c76e882e133432b69182dcb35c55054cb7d89e97458e01,12000,16,1,180000,0.913890360402974,1,0.32318277663574757,0.3072873981760882,0,1,172800,0.0,-0.7833920946766162,-296.65134961291307,-11.853099084618284,0.3715484624819716,0.040574496669909706,0.0050392713374094456,0.08333333333333333,0.0,600.0,10.876847330937478,13.13327793240674,0,0,0
S3_p008_t000_s1467476825,2026-10-02T23:41:30Z,S3,8,1,1,0,fbe789d6e306ae1a46d3482131725ff5d51b8c2a8c85af8a7b08cd0daa776dc5,12000,16,1,180000,0.9123769266112428,1,0.31915789275180784,0.3072873981760882,0,1,172800,0.0,-0.7851311733660188,-347.734697525304,-11.815577438932687,0.30791356138962167,0.047073165341166644,0.005846392989042215,0.08333333333333333,0.0,600.0,7.647546730097894,13.24727738637344,0,0,0
S3_p008_t001_s154111274,2026-10-02T23:42:00Z,S3,8,1,1,1,6f37ce1af9375fc4ee6a1e1369742bc783868c9dd4d77a5ca3ca0134f4e1a244,12000,16,1,180000,0.9113417876346133,1,0.3164696573565219,0.3061175376827872,0,1,172800,0.0,-0.7833497127899112,-317.7347083599967,-11.828608594650522,0.36666176476956275,0.05040157259889241,0.00625977451363724,0.08333333333333333,0.0,600.0,12.39348952905462,13.249273103604686,0,0,0
S3_p008_t002_s1142253482,2026-10-02T23:42:30Z,S3,8,1,1,1,c0a6bdf796b775ba86161ff080b3b57a35b32a19e49238e905387cf878a64f06,12000,16,1,180000,0.9107323844330805,1,0.3215817783774282,0.30521026727056877,0,1,172800,0.0,-0.7869162885832952,-309.7347282684241,-11.809072681822538,0.31366455035574525,0.03877118339958781,0.004815303435862006,0.08333333333333333,0.0,600.0,9.40106933321976,13.25026680812702,0,0,0
S3_p009_t000_s395916349,2026-10-02T23:43:00Z,S3,9,1,1,1,1ed8262b5564582d92aca3c2c093f2acb8dbe7d8e5ba686143b9aed828e67315,12000,16,1,180000,0.9624179558336619,1,0.3132197212777088,0.30497503258529995,0,1,172800,0.0,-0.7410255549074546,-308.91666722527106,-12.470349035086876,0.35681809337958537,0.00019337898043830226,2.4017282612476265e-05,0.08333333333333333,0.0,600.0,12.456456784142567,13.59653647899918,0,0,0
S3_p009_t001_s1232141577,2026-10-02T23:43:30Z,S3,9,1,1,1,fe27c68cb0debdef6608594c7986f49977d24ef5b9a45bea68f62ddea6d85569,12000,16,1,180000,0.9077858589143273,1,0.31224289296741387,0.30413342599477605,0,1,172800,0.0,-0.7930483043216306,-313.0680427796039,-11.78573913635066,0.36320439240918667,0.0542938062489859,0.006743182148511551,0.08333333333333333,0.0,600.0,7.36819269517167,13.400573610400581,0,0,0
S3_p009_t002_s1753739609,2026-10-02T23:44:00Z,S3,9,1,1,1,8f1bcf1acda232d071accc85164e52d808f86eb3d45f7123f270659c5a068ed9,12000,16,1,180000,0.8721598464376706,1,0.3507428265289086,0.3666786886862039,0,1,172800,0.0,-1.1281806713140006,-314.40103172141363,-8.196079354650395,0.41958643502916615,0.17193520528206288,0.021354008625621645,10.416666666666666,0.0,600.0,21.206993048624096,14.024383031623298,0,0,0
S4_p000_t000_s1380025803,2026-10-02T23:44:45Z,S4,0,1,0,1,ab733ce4154408e27e3c07d355fcfa4071b38b877848aafa97807d22f11fbb80,12000,16,1,180000,0.9500783790244665,1,0.36180536173837174,0.3666786886862039,0,1,172800,0.0,-0.06703540409139057,-306.9333019500712,-22.91032518390044,0.026257448280572592,0.03978605475144052,0.00494134842801941,0.08333333333333333,0.0,600.0,8.94928307454436,11.735484964552976,0,0,0
S4_p000_t001_s1028796488,2026-10-02T23:45:00Z,S4,0,1,0,0,83fc2d44ecc8f586e310f3c6b412242beb3147c8be9c9d1f0d269f7c32999979,12000,16,1,180000,0.9501920700803209,1,0.3477620853249012,0.3544964581009171,0,1,172800,0.0,-0.06552861582202402,-306.9333138130836,-22.93728540428873,0.04531836441955802,0.043032889657254214,0.005344598829651659,0.08333333333333333,0.0,600.0,15.75139520143372,11.796921978222304,0,0,0
S4_p000_t002_s1457782904,2026-10-02T23:45:15Z,S4,0,1,0,0,83dac112090d514a0c1c44f0917758ff061857743669a85356bfa5638a029cff,12000,16,1,180000,0.9502061362925291,1,0.34836222441024867,0.3544964581009172,0,1,172800,0.0,-0.06385877295241318,-306.93331432451305,-22.938465864153933,0.026346619694322906,0.0462001908778232,0.005737971306643885,0.08333333333333333,0.0,600.0,18.58143832836187,11.685952126729745,0,0,0
S4_p001_t000_s1710814298,2026-10-02T23:45:30Z,S4,1,5,0,0,1b6367c1349eca6fe66a7d65826a5638203dbd9e86c325f55e6860eab1317b50,12000,16,1,180000,0.945122437135139,1,0.5178725040317674,0.528638013864102,0,1,172800,0.0,-0.02302758338682076,-306.93379193063384,-23.007149320462815,0.026351461504254922,0.04559629352472963,0.00566296846318437,0.08333333333333333,0.0,600.0,53.543276102309115,15.988147502378805,0,1,0
S4_p001_t001_s1662193313,2026-10-02T23:45:45Z,S4,1,5,0,0,61e375a7b5f939226635c4c58fa04c0901202d3fc3dd2ec43685df859692bddf,12000,16,1,180000,0.9455296775274251,1,0.522648667304355,0.528638013864102,0,1,172800,0.0,-0.02364263949173969,-306.9337944889497,-23.04618415150444,0.01349170819667489,0.04683518773138921,0.005816836645863077,0.08333333333333333,0.0,600.0,30.873620885586007,16.141626343945973,0,1,0
S4_p001_t002_s196226190,2026-10-02T23:46:00Z,S4,1,5,0,0,26dd804afe8d45fc4bbc6fad38722f0266e66e6fd28c1a41ccd9d676f60affe3,12000,16,1,180000,0.9452949902979408,1,0.5202363672527307,0.5280675375406659,0,1,172800,0.0,-0.02503548508449884,-306.93379572900875,-23.04971729825947,0.017921909768331128,0.04452432921379641,0.005529832639695087,0.08333333333333333,0.0,600.0,35.70259730113183,15.892114715576902,0,1,0
S4_p002_t000_s139150452,2026-10-02T23:46:15Z,S4,2,10,0,0,490ebdb6eb67908a34ed5d1ad19b0e92ace0cc929bc3cc29b8094d215ae52668,12000,16,1,180000,0.9504260916577665,1,0.7482090526385197,0.7797841592258578,0,1,172800,0.0,0.07011531169342093,-306.93459599685167,-24.966089245438127,0.10461272593413949,0.03479068432048973,0.004320933411236183,0.08333333333333333,0.0,600.0,38.393383890169424,17.27991236244026,0,1,0
S4_p002_t001_s1124369827,2026-10-02T23:46:30Z,S4,2,10,0,0,32f82136a847d55b687cd12d5b80132b21ce6ea9739b12f83d87d4a661c89c0b,12000,16,1,180000,0.9504204264508382,1,0.7478493426002976,0.7812619387918875,0,1,172800,0.0,0.0692418765920697,-306.9346010556631,-24.991895778127372,0.10076027444704079,0.034819055882416,0.004324457102484303,0.08333333333333333,0.0,600.0,37.19335333924967,17.09276515985785,0,1,0
S4_p002_t002_s820497043,2026-10-02T23:46:45Z,S4,2,10,0,0,e64bcdbdcd0bbb74ba5ce689284245d5a6c7119bbfabfae63e02564431ed70f7,12000,16,1,180000,0.9503806446109442,1,0.7498273206237063,0.7812619387918875,0,1,172800,0.0,0.07030837608471992,-306.93460029869374,-24.975978003472438,0.10374719419772672,0.03736908940959878,0.004641166166493349,0.08333333333333333,0.0,600.0,53.71590427952578,17.25010596990167,0,1,0
S4_p003_t000_s11459573,2026-10-02T23:47:00Z,S4,3,20,0,0,64f48ee86e5c1a69c3ab7253faedd1fa7951f4d0295276ff0a524a6217d42dd0,12000,16,1,180000,0.957409119284825,1,0.7820615741498057,0.8138162646274643,0,1,172800,0.0,-0.12406618828422447,-306.9346429784152,-25.993842142076247,0.10731924182228779,0.03628758903595275,0.00450684598308726,0.08333333333333333,0.0,600.0,28.834756261892224,14.410944942045361,0,1,0
S4_p003_t001_s1313953807,2026-10-02T23:47:15Z,S4,3,20,0,0,c126266a9a57707437fe1698982cc9eb79442eaaff12315a1f72581d40a2caf7,12000,16,1,180000,0.9574950476926908,1,0.7812169751713369,0.8138162646274643,0,1,172800,0.0,-0.12486838846695623,-306.9346453186645,-25.962536205148968,0.0995201887033472,0.03861058164948188,0.004795357019702351,0.08333333333333333,0.0,600.0,47.383555279920444,14.155514558446292,0,1,0
S4_p003_t002_s205499031,2026-10-02T23:47:30Z,S4,3,20,0,0,ded0f7ce76b1a0c2e2395a0a149db3d51a952c9f7f7ba224abd0ac86a9cb1d93,12000,16,1,180000,0.9573947035856037,1,0.7809336383908907,0.8123339203276186,0,1,172800,0.0,-0.12478158943999404,-306.9346448236368,-25.917452159894808,0.09921079657518421,0.03655201281957283,0.004539686888165306,0.08333333333333333,0.0,600.0,46.49638508956736,13.995796179736308,0,1,0
S4_p004_t000_s984663940,2026-10-02T23:47:45Z,S4,4,30,0,0,94801571e01a4cf0e457f0f6d5ef8150d46b049153dcd8b171afd6f13bb7ed2d,12000,16,1,180000,0.9625670319171054,1,0.8380841902875384,0.8676097313431396,0,1,172800,0.0,-0.06794829388497944,-306.93492035056204,-25.730328133048033,0.04039948154659957,0.03534005932697147,0.004389164688291203,0.08333333333333333,0.0,600.0,20.51437885348054,17.240276501249284,0,1,0
S4_p004_t001_s484615558,2026-10-02T23:48:00Z,S4,4,30,0,0,23a5bfeffe6ddb3f7fde25e5d4cc214f2853093661245b509c028a073bebc782,12000,16,1,180000,0.9627366073942759,1,0.8395453342447241,0.8682260144608435,0,1,172800,0.0,-0.06798031394325016,-306.9349283140127,-25.747262215409876,0.05237050421844354,0.036147144078060425,0.0044894030002069485,0.08333333333333333,0.0,600.0,16.162890947038655,17.44983230699743,0,1,0
S4_p004_t002_s330630277,2026-10-02T23:48:15Z,S4,4,30,0,0,f0a42505c6122a592da390d9ecae79de02a8df9146da1d95f9d37ea8f3c7d2ac,12000,16,1,180000,0.962631281558508,1,0.838786397358564,0.8682260144608435,0,1,172800,0.0,-0.06807214272063582,-306.9349264447798,-25.736834808550316,0.05081693364318153,0.03450330926620097,0.004285242004243628,0.08333333333333333,0.0,600.0,24.680850610729127,17.291832997934833,0,1,0
S5_p000_t000_s1561858501,2026-10-02T23:48:45Z,S5,0,1,0,0,d1999ad0e6bf76ab4c7bf4ef03cc0391ac07cd6488fef6a080429161a736ec3d,12000,16,1,180000,0.8843198609332101,1,0.012149055686527762,0.011612053422064868,0,1,172800,0.0,-1.1078723860181579,-306.9310393512939,-10.015098591876308,0.07326126823258672,-0.00034030181613812837,-4.226480496072327e-05,0.08333333333333333,0.0,600.0,5.110564810183046,4.073509118132091,0,0,0
S5_p000_t001_s960283802,2026-10-02T23:49:00Z,S5,0,1,0,0,008b44223b52f0679401be81573e954320a58ff3dae74f090487e6d19f515b4b,12000,16,1,180000,0.8841241554062599,1,0.011905872583957382,0.01140580408767393,0,1,172800,0.0,-1.1060073489163127,-306.931058057026,-10.03042440786885,0.11602286906163384,-0.0008435264033705701,-0.00010476429224581807,0.08333333333333333,0.0,600.0,8.181266468827474,3.921771760973222,0,0,0
S5_p000_t002_s892021093,2026-10-02T23:49:15Z,S5,0,1,0,0,1fca3516492bc34408a4a59599515965502ca72fbdc86a9d110009aab91237d8,12000,16,1,180000,0.8844294455643676,1,0.011472893988911445,0.010657549785587497,0,1,172800,0.0,-1.1126796327305675,-306.93104434239285,-10.021046824848746,0.08670854205208153,-0.0016202338205195885,-0.00020122980004089186,0.08333333333333333,0.0,600.0,8.508427943305769,4.2091462724084865,0,0,0
S5_p000_t003_s1972790602,2026-10-02T23:49:30Z,S5,0,1,0,0,f034911cf0d98df79141bbfe3a09566fba60af8ba2a6aac05bfc27e65580a8c6,12000,16,1,180000,0.8840455030274345,1,0.012608397117923891,0.01270485432429288,0,1,172800,0.0,-1.1197919443672146,-306.9310305081217,-9.983296371506565,0.0991188516290821,-0.0018331908610962407,-0.0002276786385664309,0.08333333333333333,0.0,600.0,11.014311446433778,3.7986464308231964,0,0,0
S5_p000_t004_s522357441,2026-10-02T23:49:45Z,S5,0,1,0,0,00a85701c895b66ecd5ec5580c650e554c96200c0e411d7bccec681769d5e644,12000,16,1,180000,0.8835306747610552,1,0.010982110050854072,0.012704854324292879,0,1,172800,0.0,-1.1233009185194733,-306.9310403897058,-9.963823234829942,0.07943887884620657,0.0005837551555025998,7.250122280311189e-05,0.08333333333333333,0.0,600.0,5.894807454696085,4.014460665714443,0,0,0
S5_p000_t005_s434100809,2026-10-02T23:50:00Z,S5,0,1,0,0,27083489c43698202f7e5ee29c27322443767551d4edc1e87d57f9515c9916d2,12000,16,1,180000,0.8846104030632277,1,0.011320297658718155,0.011252553894009865,0,1,172800,0.0,-1.1040722614963963,-306.9310701807941,-10.033798558215455,0.07974641370478688,-0.0009150215711226805,-0.00011364384909029468,0.08333333333333333,0.0,600.0,4.815778902304021,3.5815566923515894,0,0,0
S5_p000_t006_s1987541040,2026-10-02T23:50:15Z,S5,0,1,0,0,62a5e2d69c9227820b8001009802aeaff934f51a872a7f947115ff5b6ba4eecf,12000,16,1,180000,0.8838433804304596,1,0.011666251222670078,0.011252553894009865,0,1,172800,0.0,-1.1221840223175474,-306.9310235047906,-9.969943664609287,0.11874806453028205,-0.0013717908154787521,-0.00017037367570083006,0.08333333333333333,0.0,600.0,8.299418475306462,3.845999291663564,0,0,0
S5_p000_t007_s1550731733,2026-10-02T23:50:30Z,S5,0,1,0,0,a73a3153c9e577e3fb3550037cb553edc3d2d866988b5d0c398c990522989c9b,12000,16,1,180000,0.8843758353267815,1,0.012400123553926007,0.01264019616052306,0,1,172800,0.0,-1.1071000047570094,-306.9310499678656,-10.0299077861194,0.09629080173019514,0.004162705542724002,0.0005169997029952356,0.08333333333333333,0.0,600.0,5.391371714066428,4.234559220212203,0,0,0
S5_p000_t008_s978267978,2026-10-02T23:50:45Z,S5,0,1,0,0,2bf8cd4e0387620eea12eb32c1dca4124b6909f6908bcb8dc11c390878b5edd2,12000,16,1,180000,0.8190317493643764,1,0.010820024113180612,0.012640196160523061,0,1,172800,0.0,-1.7896158454715803,-306.9310464267959,-5.47682159757502,30.5499222064299,0.007159787167862377,0.0008892312466741714,5.333333333333333,0.0,600.0,16.18669034034062,17.62400357653089,0,0,0
S5_p000_t009_s1361001477,2026-10-02T23:51:00Z,S5,0,1,0,0,f4d1df064db06d69005e27ecc761c5fb5b4c2f4227adf885bc1cafaaca57bc7d,12000,16,1,180000,0.6584140783539776,1,0.011833379438236884,0.011420613674509299,0,1,172800,0.0,-3.6614739920184833,-297.847927905339,-0.10174103977495381,42.41790113274442,193.23943527019662,23.99995138168788,1.0,0.0,600.0,12.777475042895649,13.69382858480913,0,0,0
S5_p000_t010_s1672796167,2026-10-02T23:51:15Z,S5,0,1,0,0,054c06f7743b4acaae41ff827f42c089ef4a4b7ea1a27be3b0c75a74474d1be9,12000,16,1,180000,0.883242019328564,1,0.011252775877828792,0.0114206136745093,0,1,172800,0.0,-1.125691868249169,-295.8476940971116,-9.95973836764993,0.0998776717358815,-0.002459924423138481,-0.00030551769350495306,0.08333333333333333,0.0,600.0,12.628278957501657,4.381619963493819,0,0,0
S5_p000_t011_s363339928,2026-10-02T23:51:30Z,S5,0,1,0,0,f13716848e3a8d33abc37dd85d58a0dca7733c1d9d721d3cd69b18fcb4968792,12000,16,1,180000,0.8833243761795625,1,0.01168223889618136,0.011843584048481388,0,1,172800,0.0,-1.123289484825401,-295.8477183742234,-9.962124799586917,0.08698128060592732,-0.001454013737523237,-0.00018058559817291098,0.08333333333333333,0.0,600.0,9.767243402887983,4.246147609824755,0,0,0
S5_p000_t012_s920581965,2026-10-02T23:51:45Z,S5,0,1,0,0,c71f9aa8d3f89b6b2771f7190adc17d29d29bff555a23116123e7d38bcacfbcd,12000,16,1,180000,0.8835634860219274,1,0.011687440519314378,0.011843584048481388,0,1,172800,0.0,-1.1193107315052513,-295.8477047210381,-9.984928959286714,0.12921458307311168,0.0025671372605501797,0.00031883331348581123,0.08333333333333333,0.0,600.0,11.954006276872628,3.924117977367626,0,0,0
S5_p000_t013_s1985403058,2026-10-02T23:52:00Z,S5,0,1,0,0,494633470533affe66ff8dde12325677573fe18b6c650eabdc3cb13fcf158174,12000,16,1,180000,0.8839903562646172,1,0.011106788821963507,0.011125160529121431,0,1,172800,0.0,-1.1076034312134422,-295.8477281849755,-10.025628579835299,0.07150303940975802,0.007940853668524464,0.0009862381439234014,0.08333333333333333,0.0,600.0,7.758525971460422,4.117348203014116,0,0,0
S5_p000_t014_s1613680917,2026-10-02T23:52:15Z,S5,0,1,0,0,6cb33395824c65224a1027a91093afa3691177d5d282e280f235b48757cdd2e3,12000,16,1,180000,0.8837030219854163,1,0.011337406944015757,0.011461729475122348,0,1,172800,0.0,-1.1091966469420849,-295.8477257478153,-10.03091991249563,0.10651132335815594,0.003981681291129729,0.00049451685299573,0.08333333333333333,0.0,600.0,6.6058981552989735,4.257799099664423,0,0,0
S5_p000_t015_s1930000429,2026-10-02T23:52:30Z,S5,0,1,0,0,3f42a664272bca8c3cd33a24d7b157ec2ccb69f66922af2235edf55628046ccb,12000,16,1,180000,0.8840934209371328,1,0.011866987912104948,0.011797850443511636,0,1,172800,0.0,-1.111484063354818,-295.84771855861015,-10.013663519153543,0.10965900462337053,0.004243137211006279,0.0005269891553325579,0.08333333333333333,0.0,600.0,9.283086970653278,4.128743519568299,0,0,0
S5_p000_t016_s216305983,2026-10-02T23:52:45Z,S5,0,1,0,0,73a024346bd4079a97d64177665dbc2277f28e67cc592437b312e4bb663b5305,12000,16,1,180000,0.8837047318185428,1,0.011591059973829788,0.01194803245568392,0,1,172800,0.0,-1.1091182782864455,-295.8476994694987,-10.029106590828725,0.08741020610014992,0.0018914701843162796,0.00023491681395171327,0.08333333333333333,0.0,600.0,4.627831927340126,4.0206957288668015,0,0,0
S5_p000_t017_s312112809,2026-10-02T23:53:00Z,S5,0,1,0,0,b18feffad9d341411ee0e64849c200c757da7ba1f4993edb48516fee1d1f050b,12000,16,1,180000,0.8836650121821633,1,0.011827408160316412,0.013242238465470636,0,1,172800,0.0,-1.117531716640315,-295.84770641042576,-9.984606625134063,0.08916658776947209,-0.00596232525677348,-0.0007405088722407527,0.08333333333333333,0.0,600.0,7.080143951679003,4.216437346104423,0,0,0
S5_p000_t018_s1052303369,2026-10-02T23:53:15Z,S5,0,1,0,0,76321384f1c63d563a9eba941ec34add30fdd8f216008e04839d3dc02c13ed3c,12000,16,1,180000,0.8839920494621627,1,0.01288024576043738,0.013242238465470636,0,1,172800,0.0,-1.1032344939097825,-295.8477255984926,-10.04067479979506,0.11101136952881752,-0.0023804741828133873,-0.0002956501325570571,0.08333333333333333,0.0,600.0,11.691003984683764,4.615138796820028,0,0,0
S5_p000_t019_s217579570,2026-10-02T23:53:30Z,S5,0,1,0,0,a3c83c213385f0346c19c111cbe598c78c757de36c0996a5b52f64d8b33f3559,12000,16,1,180000,0.8839065769250599,1,0.012850353493795381,0.011825340334323904,0,1,172800,0.0,-1.1125640609327243,-295.8477165353967,-10.013334279201487,0.08384772267467755,0.0013929534796286154,0.00017300203626291477,0.08333333333333333,0.0,600.0,9.594094467664886,3.7784852919666707,0,0,0
S5_p000_t020_s99964177,2026-10-02T23:54:00Z,S5,0,1,0,0,5c9e86269ca41ecb8d621884e7f795e5a7c87ce620b5bf056530988404450895,12000,16,1,180000,0.8841760384124795,1,0.012007564567494392,0.011430700011323071,0,1,172800,0.0,-1.1193213772251882,-317.18103649978974,-9.991728712793464,0.10724777279751428,0.001377927374639394,0.00017113582407546346,0.08333333333333333,0.0,600.0,7.507325786927079,4.018118135742872,0,0,0
S5_p000_t021_s490683040,2026-10-02T23:54:15Z,S5,0,1,0,0,888fb9397d812f95bc650dd0077dec700b88b6b8b6f3653ce84500260a517236,12000,16,1,180000,0.6191751896840355,1,0.011524199932361038,0.01184653938728869,0,1,172800,0.0,-4.206167939205915,-317.1811676699557,0.9354860706541759,48.90309806378744,1154.1667893129156,143.3452068990855,3.9166666666666665,0.0,600.0,11.407707015185224,10.802174134026572,0,0,0
S5_p000_t022_s1940961689,2026-10-02T23:54:30Z,S5,0,1,0,0,824f144f7707aa0c44e2d1cb84066d93fd22b3beb366a0d282e8db431ba96faf,12000,16,1,180000,0.8838075090934701,1,0.011431585518366092,0.01222168085676451,0,1,172800,0.0,-1.118865348624967,-305.2356316601387,-9.971608863402514,0.11731221775527824,-0.0029578031202000593,-0.00036735323192260694,0.08333333333333333,0.0,600.0,7.732226631036533,4.011896901909417,0,0,0
S5_p000_t023_s1454648504,2026-10-02T23:54:45Z,S5,0,1,0,0,b373310f4e4eadc0aabb5d9fde436bca7c847309ce2d369136eb9336e3760141,12000,16,1,180000,0.8837916441500286,1,0.012354952861313872,0.012221680856764509,0,1,172800,0.0,-1.121391002109948,-305.2356333638266,-9.98541833899934,0.09245134832368165,-2.8738723234065106e-05,-3.569291948224418e-06,0.08333333333333333,0.0,600.0,9.025162819932216,4.269812879055776,0,0,0
S5_p000_t024_s558398644,2026-10-02T23:55:00Z,S5,0,1,0,0,17c5cbbd56d7180d70b68fdd7d358363b95c77c4a33fde254ee204e879c697ea,12000,16,1,180000,0.8839977104677458,1,0.011522957862509304,0.011320390480114302,0,1,172800,0.0,-1.1243088671348398,-305.23562702440114,-9.958586827178781,0.14087716522405375,-0.001804891939089241,-0.00022416396905100555,0.08333333333333333,0.0,600.0,6.082531382459029,4.033497997484567,0,0,0
S5_p000_t025_s1286326493,2026-10-02T23:55:15Z,S5,0,1,0,0,6adf784252a19a02f808dc4696f29424db115e51c78120aed5a7face8e58e1f2,12000,16,1,180000,0.8841309286541176,1,0.012376422360438705,0.011438325274920134,0,1,172800,0.0,-1.1137840433095034,-305.23562493187336,-10.010581108648534,0.09442322364527372,-0.002893187592462332,-0.00035932811260863673,0.08333333333333333,0.0,600.0,4.79546701315557,4.004120180589295,0,0,0
S5_p000_t026_s905618129,2026-10-02T23:55:30Z,S5,0,1,0,0,9a0cf3f2f1dc1e281488b672a9fd4a49d6a36d9b8538416f407995c11de86fd6,12000,16,1,180000,0.8839290327957632,1,0.013120509331349934,0.013039589560558134,0,1,172800,0.0,-1.11853396387192,-305.23562218932904,-9.97899629771488,0.10229754342186655,-0.001047282903772983,-0.00013007044208279694,0.08333333333333333,0.0,600.0,11.807892420374388,3.9634053811869436,0,0,0
S5_p000_t027_s649442228,2026-10-02T23:55:45Z,S5,0,1,0,0,17c762b929defb1b89533b0faca0849b55fded283a2ecb90007178d33dd9a802,12000,16,1,180000,0.8842757360344946,1,0.01228362160399637,0.01321816363286422,0,1,172800,0.0,-1.111869560926105,-305.2355936665238,-9.992427366690423,0.07767697407318663,0.0015692483558444928,0.00019489750729917432,0.08333333333333333,0.0,600.0,7.163381095545248,4.11169714822346,0,0,0
S5_p000_t028_s1033628820,2026-10-02T23:56:00Z,S5,0,1,0,0,b74deccff97768fe3c3c9c3fc8c18a2585b2bd28f2564944b576733d42d73116,12000,16,1,180000,0.8845704039355565,1,0.012281952198400633,0.01321816363286422,0,1,172800,0.0,-1.1004781984594603,-305.23561164281034,-10.03901329445255,0.08275685922278941,-0.0026241154947659823,-0.0003259098962189455,0.08333333333333333,0.0,600.0,12.598766418491138,4.022483260070891,0,0,0
S5_p000_t029_s815515411,2026-10-02T23:56:15Z,S5,0,1,0,0,c40951747f9459961c9d36ddb7ebf7f080ebf4b633ef7dfa188bb2c63a230b80,12000,16,1,180000,0.8833696081547296,1,0.011079027922638738,0.010522630375740043,0,1,172800,0.0,-1.12412492146828,-305.2356410906159,-9.968025169019262,0.08830601364042764,0.0006650169048463872,8.25937695481116e-05,0.08333333333333333,0.0,600.0,4.727984921715239,4.501688784682217,0,0,0
S5_p000_t030_s1593614182,2026-10-02T23:56:30Z,S5,0,1,0,0,15ac27531550474b8ebef5212c19c682efa12bf6579ac486eb1a7affe281bb0f,12000,16,1,180000,0.8839395186806841,1,0.011031622933979546,0.011381903972451344,0,1,172800,0.0,-1.1204315692633784,-305.23562274170945,-9.98028086298788,0.08385934071507778,0.0013880931480854519,0.00017239839280591696,0.08333333333333333,0.0,600.0,7.469015180346366,3.9275037911670334,0,0,0
S5_p000_t031_s1722507941,2026-10-02T23:56:45Z,S5,0,1,0,0,07567be6f274d53a5aa20a24343c6a7e9b7a2c703a06febab89d5dc54c30f8b1,12000,16,1,180000,0.8839479880561337,1,0.011855681251771133,0.011381903972451344,0,1,172800,0.0,-1.1132112939208694,-305.2356248972167,-10.002580661832052,0.07199272588953744,0.003643173310090724,0.00045247483876664774,0.08333333333333333,0.0,600.0,7.119348762163786,3.76444552442738,0,0,0
S5_p000_t032_s1695726775,2026-10-02T23:57:00Z,S5,0,1,0,0,bebdcb56ae4ba9d68615d82ad591621eb999ca0798f2ca84efd3e340287168e5,12000,16,1,180000,0.8833388002312533,1,0.01155005203008637,0.011266541992162515,0,1,172800,0.0,-1.125531637556863,-305.23563308157884,-9.961039350686715,0.0946515927809399,-0.005217637273651941,-0.0006480201141130237,0.08333333333333333,0.0,600.0,8.345367877003836,3.7035163634261115,0,0,0
S5_p000_t033_s51254525,2026-10-02T23:57:15Z,S5,0,1,0,0,bb90ba6ec89ebdf819d8fe3d17145c0988a19615565d6afeb6ebdf75b6fa4622,12000,16,1,180000,0.8839253245495521,1,0.012037069839194359,0.011266541992162515,0,1,172800,0.0,-1.1163240083092283,-305.2356124837376,-9.980178418269233,0.13128519211100922,0.0034576343624742214,0.00042943127255057334,0.08333333333333333,0.0,600.0,6.074788625969819,4.325795827813785,0,0,0
S5_p000_t034_s1745018624,2026-10-02T23:57:30Z,S5,0,1,0,0,96915ce4033342906bdbaa425b05e4e60c3bfee4be12a5a54aacbd153c859755,12000,16,1,180000,0.8833593105089026,1,0.011926099990290267,0.01173937934108169,0,1,172800,0.0,-1.1199560640510917,-305.2356531117918,-9.993889162055886,0.10015689541103409,0.0012230440364053828,0.00015189962323347572,0.08333333333333333,0.0,600.0,6.448531751803827,4.200058549056481,0,0,0
S5_p000_t035_s977203227,2026-10-02T23:57:45Z,S5,0,1,0,0,2d74b77a9897f5a6d9e7a0c2aedffb1abc39c520afa8e3ea31c4242f29ea1284,12000,16,1,180000,0.5531090806548707,1,0.011786892636679919,0.011906754434669618,0,1,172800,0.0,-5.183494714196567,-294.5143912101448,2.5653914304989565,51.76242237611746,1035.886727869077,128.65505982788363,7.416666666666667,0.0,600.0,8.637236230522447,9.22474333203704,0,0,0
S5_p000_t036_s2083372684,2026-10-02T23:58:00Z,S5,0,1,0,0,3348b0e14292e3fad11ec46011e54cc735f79bad89af4838982f7f04e109e98e,12000,16,1,180000,0.8832479613882991,1,0.011080041612529467,0.011941561547457529,0,1,172800,0.0,-1.127352340371894,-294.51438405273746,-9.946859213303076,0.11975504564972861,0.006430173800556737,0.0007986147256815457,0.08333333333333333,0.0,600.0,5.991786007950196,3.8204153766456637,0,0,0
S5_p000_t037_s1544718727,2026-10-02T23:58:15Z,S5,0,1,0,0,9a7959832d90c5a3cd9c7dcf15ead1a292d0315bdd1fea83e6dddb0dade7db48,12000,16,1,180000,0.8828757326688742,1,0.011907449542697417,0.011941561547457529,0,1,172800,0.0,-1.1289295688163952,-294.51436108052985,-9.944883809697998,0.0814183349569128,-0.0063312615064727695,-0.0007863300165809051,0.08333333333333333,0.0,600.0,6.138370156798372,3.7518958482981537,0,0,0
S5_p000_t038_s894361021,2026-10-02T23:58:30Z,S5,0,1,0,0,5f454e9f8d75a74f5ad3219bbcb4f634eb29ed2b517f7935b96826582cfb5b19,12000,16,1,180000,0.8833343282876117,1,0.011489453155769998,0.01152536370534649,0,1,172800,0.0,-1.1232259136753067,-294.51435600658016,-9.977348353922386,0.08828572665942006,0.0032812877423529447,0.00040752937502475106,0.08333333333333333,0.0,600.0,11.115023955930459,3.951358564900886,0,0,0
S5_p000_t039_s819664372,2026-10-02T23:58:45Z,S5,0,1,0,0,004fcd970d9468286911a998fa8f83da4d73c590f936685e2153ab36cfcae1c5,12000,16,1,180000,0.8838064405664533,1,0.011463362672188754,0.011299748597758093,0,1,172800,0.0,-1.1105919069599077,-294.51439910687014,-10.019463980622714,0.08457465132869271,0.002535215748897877,0.0003148687255816185,0.08333333333333333,0.0,600.0,7.069331532916334,4.078842095178411,0,0,0
S5_p000_t040_s857399851,2026-10-02T23:59:15Z,S5,0,1,0,0,060c44028aea44566714f228ecca3d95b098341b5597027cea8e876c82073b7b,12000,16,1,180000,0.8848999113158219,1,0.01252727802463131,0.011434955377139051,0,1,172800,0.0,-1.0964016258001323,-305.1810625516209,-10.06884644800069,0.0848949974071214,0.0009545780256326517,0.00011855668162752409,0.08333333333333333,0.0,600.0,10.973055552956254,4.639375386297304,0,0,0
S5_p000_t041_s1795049623,2026-10-02T23:59:30Z,S5,0,1,0,0,b23c1c9b921e260408cf93295921027fd75d5cfafd2203ad3d081f86236e99d8,12000,16,1,180000,0.8837490996924259,1,0.01209977126857172,0.011434955377139051,0,1,172800,0.0,-1.1184726697172416,-305.1810551669363,-9.967746447493628,0.09156418259913546,0.0011270931399075031,0.00013998271379023208,0.08333333333333333,0.0,600.0,6.353720569625557,4.282464436175379,0,0,0
S5_p000_t042_s190457367,2026-10-02T23:59:45Z,S5,0,1,0,0,20afba781384facfc6e966229267c52b1b659654684e96f8a4fa7513ca0f1a37,12000,16,1,180000,0.8839793408605577,1,0.01115805630314005,0.01107464873018137,0,1,172800,0.0,-1.1125498338672255,-305.18102963038774,-10.025961031733095,0.1136162832716871,-0.0012842550553603495,-0.00015950190936564468,0.08333333333333333,0.0,600.0,9.22845226258935,3.8624007056861447,0,0,0
S5_p000_t043_s1463994837,2026-10-03T00:00:00Z,S5,0,1,0,0,12e1d3bfbab3293a531ff10d105d2d1532c297018f33f835278efd2cf3b3cf48,12000,16,1,180000,0.8844128916727382,1,0.011540622215581782,0.011512522855102006,0,1,172800,0.0,-1.107030608599531,-305.18105347455884,-10.02442136773395,0.09183366486316484,-0.0033558331093425475,-0.0004167877605141257,0.08333333333333333,0.0,600.0,7.956589849494365,4.137551484496807,0,0,0
S5_p000_t044_s1305633241,2026-10-03T00:00:15Z,S5,0,1,0,0,13d98483085c44299dd9d0b702e25133883362ac32f7c136782ebbf14183329e,12000,16,1,180000,0.8840922449335064,1,0.01256328678802792,0.011678784634285913,0,1,172800,0.0,-1.1128372194386231,-305.181042413072,-10.012138930510712,0.07412069190661962,-0.0028767079604549014,-0.00035728137527257786,0.08333333333333333,0.0,600.0,7.543751278785711,3.863034019832387,0,0,0
S5_p000_t045_s641567673,2026-10-03T00:00:30Z,S5,0,1,0,0,52399557c0505412ffa2b76160e03870f1b972d50958c7b8a9b4f11e078264d9,12000,16,1,180000,0.88393470850911,1,0.01191684747190741,0.011678784634285915,0,1,172800,0.0,-1.1110718922360363,-305.1810696307499,-10.002023894266063,0.10161120325284928,-0.002281347546228567,-0.00028333880254649557,0.08333333333333333,0.0,600.0,4.889190419326707,4.304054615637013,0,0,0
S5_p000_t046_s342352341,2026-10-03T00:00:45Z,S5,0,1,0,0,6e5c4fc7bb888a0e9b1527650d80202199a9982907ea076f709549a3640b5cb6,12000,16,1,180000,0.8830924524345602,1,0.012211589291552666,0.011684347577656472,0,1,172800,0.0,-1.131583457020586,-305.18103825058586,-9.926020975119906,0.1234348300558797,0.0006314748518466317,7.842791364964796e-05,0.08333333333333333,0.0,600.0,6.72073492287464,3.860108284215084,0,0,0
S5_p000_t047_s1976295519,2026-10-03T00:01:00Z,S5,0,1,0,0,1338bdb8ff82352cc2315f06282d1da76d75294681f88bb223fb10f57ab833ba,12000,16,1,180000,0.8838997557139199,1,0.011273183806521762,0.012438424080307056,0,1,172800,0.0,-1.1145937795348004,-305.1810524926659,-10.008180122232176,0.09860148560698363,0.007103455882584362,0.0008822350137052126,0.08333333333333333,0.0,600.0,7.708507108905603,3.9841573315486563,0,0,0
S5_p000_t048_s26274461,2026-10-03T00:01:15Z,S5,0,1,0,0,7ef72a9051268b0777289a7c95e334dc2a2812423fd35569adb66058fd1411e4,12000,16,1,180000,0.7822525911125667,1,0.011796549515419868,0.012438424080307056,0,1,172800,0.0,-2.186247155794688,-295.4022925618768,-3.9376720457833962,34.04751769792707,-0.008793231047790166,-0.0010921017096734431,6.0,0.0,600.0,18.136628666089777,15.681358954173646,0,0,0
S5_p000_t049_s1345419483,2026-10-03T00:01:30Z,S5,0,1,0,0,2e9cc698712bc8b36e4946613b909e598815603b3276977698a8e8587b797826,12000,16,1,180000,0.8842321100287818,1,0.011581456901057377,0.013085355031554318,0,1,172800,0.0,-1.1075247944013764,-295.4022636620157,-10.034175745658336,0.09806684474611335,0.001626708322451006,0.00020203392023177003,0.08333333333333333,0.0,600.0,4.737586779983958,4.005149954570055,0,0,0
S5_p000_t050_s99021969,2026-10-03T00:01:45Z,S5,0,1,0,0,a207f829ae0f4f553cba69ebf4486cb32f358758853d360e4a63d25b7b16422f,12000,16,1,180000,0.8837951264890983,1,0.011131268808247673,0.013085355031554316,0,1,172800,0.0,-1.1142852647326371,-295.40228519927706,-10.003903429295418,0.1670875452492943,-0.00011311331591932611,-1.4048447610548465e-05,0.08333333333333333,0.0,600.0,12.175462746865653,3.812761604237791,0,0,0
S5_p000_t051_s1479934108,2026-10-03T00:02:00Z,S5,0,1,0,0,10ce09019e091bf9f297eee315efe3dda5e43103828f5de1004cd05c114fe1f9,12000,16,1,180000,0.8834957867583549,1,0.01168950483544847,0.011074855641030328,0,1,172800,0.0,-1.1210082903562684,-295.4022872481364,-9.978760698961377,0.08588469105085915,0.005275913330840022,0.0006552578838636691,0.08333333333333333,0.0,600.0,4.493446905574344,4.069426690629206,0,0,0
S5_p000_t052_s394618325,2026-10-03T00:02:15Z,S5,0,1,0,0,8ef10b7ef7fbfbc97c621a16a4ba03a9535f5e6bd4eb589b02416b5f938c4602,12000,16,1,180000,0.8832226816262561,1,0.013778609971655776,0.01454022921144404,0,1,172800,0.0,-1.1275966687943402,-295.4023045542156,-9.950004924640922,0.11507521259375558,-0.009666171437486316,-0.0012005191601929255,0.08333333333333333,0.0,600.0,6.075349690995904,4.325963996579881,0,0,0
S5_p000_t053_s628411764,2026-10-03T00:02:30Z,S5,0,1,0,0,70aff3b98c06696bfb1dc240df4525dc7917b26faf4071ba04cf6b51731aa4bd,12000,16,1,180000,0.8840401731921608,1,0.013126953619449003,0.014540229211444043,0,1,172800,0.0,-1.1133162586259182,-295.402281481307,-10.01851774585141,0.07199531558539801,0.0009835945007189491,0.00012216046980029205,0.08333333333333333,0.0,600.0,4.610711796461243,4.047399404018302,0,0,0
S5_p000_t054_s100976213,2026-10-03T00:02:45Z,S5,0,1,0,0,4e3eee789b03874669d76ead9cb0a369b083396dca07a8bc91526b30ad1df245,12000,16,1,180000,0.883658268445061,1,0.012360919589384609,0.012025786238237553,0,1,172800,0.0,-1.1169294739900402,-295.4022830445756,-9.973405469564845,0.10108755580100325,-0.0031165602249765127,-0.0003870705468216329,0.08333333333333333,0.0,600.0,14.29065344090345,4.787547671774208,0,0,0
S5_p000_t055_s419571874,2026-10-03T00:03:00Z,S5,0,1,0,0,c6a5d527e4fca75b4a70763d0f679733fef1df23813c664ac2939cb478884b14,12000,16,1,180000,0.8826480486836326,1,0.011888775453824689,0.010819566177967187,0,1,172800,0.0,-1.127070714133814,-295.4023303292409,-9.94988919753913,0.0760675649481751,-0.003349535665154788,-0.00041600563054089434,0.08333333333333333,0.0,600.0,10.93068773733492,4.051400775273779,0,0,0
S5_p000_t056_s1428634269,2026-10-03T00:03:15Z,S5,0,1,0,0,54dec2e20fae842e78b8988249ea820796f7ee2d976a4ffa9d58a142a0b857d3,12000,16,1,180000,0.8837419564896485,1,0.011476086323852238,0.011368428910441425,0,1,172800,0.0,-1.111951070598299,-295.40229704241875,-10.013935816937243,0.13563370751774448,0.0037876381711482135,0.00047041708558026585,0.08333333333333333,0.0,600.0,7.327542896089752,4.206461166502129,0,0,0
S5_p000_t057_s329242616,2026-10-03T00:03:30Z,S5,0,1,0,0,3117009499baff93b5d546438d8667dfefa7b8ae2c59c257bf37646e51d6d237,12000,16,1,180000,0.8838308111958482,1,0.01133298552727446,0.01152206920284912,0,1,172800,0.0,-1.1123052877276376,-295.40228662068085,-10.016835247867565,0.07538351603291243,0.0008591797842149515,0.00010670841083992855,0.08333333333333333,0.0,600.0,12.28250220623915,4.033864726905292,0,0,0
S5_p000_t058_s2110013045,2026-10-03T00:03:45Z,S5,0,1,0,0,43a4192a6b7890c3ab56046b129bed315b99439b67a0c579b853350ecb12d9db,12000,16,1,180000,0.8830443069688619,1,0.011387689247001589,0.01152206920284912,0,1,172800,0.0,-1.1275605246067362,-295.40230359980103,-9.955013934477599,0.0891572251253212,0.0011171834936671106,0.0001387519555464678,0.08333333333333333,0.0,600.0,7.205442085740692,4.0905737247939875,0,0,0
S5_p000_t059_s156085977,2026-10-03T00:04:00Z,S5,0,1,0,0,77964e8eef93bfe9b7aeb13104c4378d4105e9fc8d7e537ccf96434ad886dcc4,12000,16,1,180000,0.883490479535811,1,0.01187335507366398,0.011479244942781833,0,1,172800,0.0,-1.1110387929595025,-295.4022844771128,-10.007062784245932,0.09094688864188788,-0.0018866123901723829,-0.00023431348563462961,0.08333333333333333,0.0,600.0,12.590344361665956,4.015578321958266,0,0,0
S5_p001_t000_s1885087324,2026-10-03T00:04:30Z,S5,1,1,0,0,0d79ed0c1c53d8e786a8e5093456cd4b43ad43796558d55bac64a0dce21e5d5c,12000,16,1,180000,0.6031850625501928,1,0.01164887342807835,0.011612135066804708,0,1,172800,0.0,-4.444429166693296,-305.4023916722587,1.3494180299069987,60.64495133821864,837.3707580716914,103.99977341098793,2.6666666666666665,0.0,600.0,9.131428089295362,10.262242816995446,0,0,0
S5_p001_t001_s1655700015,2026-10-03T00:04:45Z,S5,1,1,0,0,fbfc7e57eee71cff12fdd59b12be032a051d59b25b92e1adba7c0b5c210174fb,12000,16,1,180000,0.884401147791508,1,0.012875290679579888,0.011758077236549454,0,1,172800,0.0,-1.105263645080511,-296.7356053557208,-10.041381218234573,0.09139566184356766,-0.0009335912878319681,-0.00011595017076615477,0.08333333333333333,0.0,600.0,5.802715032752364,4.2534010069786135,0,0,0
S5_p001_t002_s1021903553,2026-10-03T00:05:00Z,S5,1,1,0,0,27fc00716f1a1c6fc4cf8443193f0570627551d5873326a1f9b07df9ae521711,12000,16,1,180000,0.8830863496054088,1,0.011717498267861485,0.011758077236549456,0,1,172800,0.0,-1.1274181274339272,-296.7356508775805,-9.956454256209625,0.08539209211600354,0.00446519374980887,0.000554568133338762,0.08333333333333333,0.0,600.0,4.433874148636365,4.103888167834466,0,0,0
S5_p001_t003_s1644975509,2026-10-03T00:05:15Z,S5,1,1,0,0,bc0747e01773a7fc8ae933752d8a2e25dcaae7e0eb8a4b832aee8f67eca09cb4,12000,16,1,180000,0.8844399159298676,1,0.01192205730627062,0.011663593173974689,0,1,172800,0.0,-1.0993693358296928,-296.7356019750702,-10.052228583319426,0.07110605542640094,-0.003249035131218799,-0.00040352366522711236,0.08333333333333333,0.0,600.0,9.760534564275131,3.725167228508946,0,0,0
S5_p001_t004_s1168327485,2026-10-03T00:05:30Z,S5,1,1,0,0,22645e8a33444d23086ee0352604b769ba9b9403eeeffc6033f1eb575f299b94,12000,16,1,180000,0.8840857099136726,1,0.011583775323081698,0.01066601118346451,0,1,172800,0.0,-1.1016764875369351,-296.7356014898899,-10.043832170470147,0.10581504674259368,-0.004894919037614463,-0.000607939154633641,0.08333333333333333,0.0,600.0,5.130667314342849,4.344835807803642,0,0,0
S5_p001_t005_s821699653,2026-10-03T00:05:45Z,S5,1,1,0,0,19e3056f53e87afd7f781436926690bff15b0006febcfdabc5753bd5fa85610c,12000,16,1,180000,0.8835392246152634,1,0.011215656217822395,0.012058580066831297,0,1,172800,0.0,-1.1204658103879908,-296.73562192972594,-9.985916701063413,0.11829144240280834,0.0021205119489668216,0.0002633633430377813,0.08333333333333333,0.0,600.0,10.984384529904101,4.250150753453109,0,0,0
S5_p001_t006_s1390326187,2026-10-03T00:06:00Z,S5,1,1,0,0,8939c11ccc865bc2615d9ea9a9a990b852a62a68b0110a9c34eb57f863daa203,12000,16,1,180000,0.8846547036132159,1,0.011422633362784755,0.012058580066831297,0,1,172800,0.0,-1.102016438312958,-296.73561861336384,-10.06124892569616,0.07756388976982656,0.00242544179687277,0.0003012350202880043,0.08333333333333333,0.0,600.0,5.2065592883632625,4.474857654988992,0,0,0
S5_p001_t007_s62755090,2026-10-03T00:06:15Z,S5,1,1,0,0,1102a0c13116d239e9f9a8a5d9a455a06e784e1e7b7eca484bf84dd437b485c5,12000,16,1,180000,0.8835370387408719,1,0.013505311074278152,0.011815804920647007,0,1,172800,0.0,-1.1208622738644833,-296.73562405029287,-9.990316239547626,0.10000777814009952,-0.004712648553171535,-0.0005853015250067983,0.08333333333333333,0.0,600.0,4.82042538952406,4.166343665306147,0,0,0
S5_p001_t008_s1060521833,2026-10-03T00:06:30Z,S5,1,1,0,0,b5d9e4ad5d44643d7f74307e3913358bfe9625cc6845bed21ba61e7ffc4806fe,12000,16,1,180000,0.884246076072979,1,0.012410070109452763,0.01181528906755367,0,1,172800,0.0,-1.1079210403929531,-296.7356081589096,-10.025608136976253,0.08776815737537802,0.0035459722226942516,0.00044040265811418067,0.08333333333333333,0.0,600.0,7.988547000361963,3.953829451043849,0,0,0
S5_p001_t009_s589950212,2026-10-03T00:06:45Z,S5,1,1,0,0,4a88241008e6c7f6c76daa881af4ef53c5b0d77f5ae0dd92b10afc38ef8646df,12000,16,1,180000,0.8840031078687843,1,0.012063079056087231,0.012572497355329351,0,1,172800,0.0,-1.1119938336822313,-296.73562279862625,-10.00590109364886,0.13209930972388959,-0.001977840523908138,-0.00024564383738834294,0.08333333333333333,0.0,600.0,8.742481452383487,4.110511603853822,0,0,0
S5_p001_t010_s1305069655,2026-10-03T00:07:00Z,S5,1,1,0,0,5ff93d8bc09b7e7adb03acc865712fe2d501fdcffe48aaaa09dc42fa2ed95372,12000,16,1,180000,0.8834784777929174,1,0.011296507484241193,0.01257249735532935,0,1,172800,0.0,-1.120987493753779,-296.7356188946924,-9.958397634370616,0.07270066984944401,0.00020373858116429924,2.5303924303443637e-05,0.08333333333333333,0.0,600.0,5.56069303447345,4.7907939329077305,0,0,0
S5_p001_t011_s28593644,2026-10-03T00:07:15Z,S5,1,1,0,0,035d61794fae559d09f974fea91da5e4f6e990a5bffefcfa0933e2427bdad280,12000,16,1,180000,0.8834687141974604,1,0.011750671561409392,0.011370134432934819,0,1,172800,0.0,-1.1142467810982397,-296.7356189504505,-10.011745613226914,0.08680268872548898,-0.00010384042142053368,-1.2896772659587441e-05,0.08333333333333333,0.0,600.0,5.088048341466878,4.2198956610508045,0,0,0
S5_p001_t012_s1865301797,2026-10-03T00:07:30Z,S5,1,1,0,0,020ce884ac317595c177dd79a431c3af686938fdda108218e538e724262fe3c0,12000,16,1,180000,0.8834727364638916,1,0.012211890141784185,0.011697493707701075,0,1,172800,0.0,-1.1175847616288976,-296.73563518794737,-9.981899278590324,0.07327622341972267,0.0023334505906526847,0.00028980989645788213,0.08333333333333333,0.0,600.0,9.75723954420486,4.107622885957926,0,0,0
S5_p001_t013_s2060094721,2026-10-03T00:07:45Z,S5,1,1,0,0,23948e2e3cdb7ed06f05a54aba49bcbbdecbff219f93d8191d8c8fa2872a59f9,12000,16,1,180000,0.8832895943694228,1,0.012461563358188682,0.011697493707701073,0,1,172800,0.0,-1.1210391465410854,-296.735616919798,-9.959518531630474,0.10152209530006015,0.002396976314558907,0.00029769966431558714,0.08333333333333333,0.0,600.0,8.351390219231691,3.9086913130488132,0,0,0
S5_p001_t014_s1948411728,2026-10-03T00:08:00Z,S5,1,1,0,0,0028cc44ddd569cb8eb873d2fbeb9295ea9348ccd97f26d80a827520dfad0824,12000,16,1,180000,0.6244599625427364,1,0.011747828857249192,0.010943740424339411,0,1,172800,0.0,-1.9404542587183669,-288.1250501366467,-4.825572673713717,36.73955094149204,0.02874477462009191,0.003570043518266175,5.0,0.0,600.0,16.158980619030086,16.63911006176392,0,0,0
S5_p001_t015_s391197292,2026-10-03T00:08:15Z,S5,1,1,0,0,13d6e7a2be32b3f4350e67fdb944652750161d41db1973453f7feafcd86155aa,12000,16,1,180000,0.6902459071738403,1,0.01191986446714341,0.010943740424339411,0,1,172800,0.0,-1.057131338638873,-288.125005144199,-10.70515891735819,0.09719147688101552,-0.0016368693652767854,-0.00020329590142864618,0.08333333333333333,0.0,600.0,4.940320487062071,4.639531016758019,0,0,0
S5_p001_t016_s1222798800,2026-10-03T00:08:30Z,S5,1,1,0,0,52672038a1823df820882cc365d4fd9978f37be65bc6ebdc548bee7ac47a29ae,12000,16,1,180000,0.6917131285353176,1,0.011739144385502399,0.01155165604757784,0,1,172800,0.0,-1.0365357343564598,-288.1250012700887,-10.818937428018627,0.1339863599377278,-0.0006596898236510425,-8.193215671781218e-05,0.08333333333333333,0.0,600.0,7.089810483635791,4.863389501147893,0,0,0
S5_p001_t017_s1741812164,2026-10-03T00:08:45Z,S5,1,1,0,0,caa4c1ce726ed3dc19c5180e38e2ea9dfc1071a53db572ebce7800a3024865b8,12000,16,1,180000,0.6901477143300299,1,0.012233080031108474,0.011551656047577838,0,1,172800,0.0,-1.0499918608180585,-288.124988752279,-10.772453103851971,0.10254351262691011,0.0004267992710118816,5.300761586113367e-05,0.08333333333333333,0.0,600.0,9.555624562809019,4.6291498215730496,0,0,0
S5_p001_t018_s761716013,2026-10-03T00:09:00Z,S5,1,1,0,0,34d3fa04e563e77872be90f9a1b99cab84d5983f5a87d02c8b727b2eef4929bc,12000,16,1,180000,0.6910657030654364,1,0.011411850531014206,0.011175487216593947,0,1,172800,0.0,-1.0528727366307504,-288.12500807865035,-10.768714061971195,0.09985701249639792,0.0012735232771115617,0.00015816904397070175,0.08333333333333333,0.0,600.0,6.374852060506333,5.425777616061417,0,0,0
S5_p001_t019_s1418527271,2026-10-03T00:09:15Z,S5,1,1,0,0,ee8cfa8d5c3601a6f6a5bec954bd407199948d46aae6b988523cad59d6116756,12000,16,1,180000,0.69194095996431,1,0.010947477104626869,0.011217996666343173,0,1,172800,0.0,-1.0336028851159678,-288.12499830299566,-10.846457936985217,0.06618460003615538,0.0019515155777023372,0.00024237433171947487,0.08333333333333333,0.0,600.0,4.815547165787394,4.991883390607196,0,0,0
S5_p001_t020_s783127692,2026-10-03T00:09:45Z,S5,1,1,0,0,046befc0f944dfabf41883c79fa6064448cd8df0b5a9363b5aebc7a5d2357cc8,12000,16,1,180000,0.6909523426821409,1,0.011633527312538477,0.01130698512478443,0,1,172800,0.0,-1.0486117308268699,-319.4583380849217,-10.800330182404917,0.09972528788202648,0.0006081337333970627,7.552899342044839e-05,0.08333333333333333,0.0,600.0,6.847321279578411,5.116493555887114,0,0,0
S5_p001_t021_s1964437265,2026-10-03T00:10:00Z,S5,1,1,0,0,27ce8ef917655a3d8378aa50a011b05a7d9c61c9f5ebd8d7edc96cffa74e6c9a,12000,16,1,180000,0.6916174872320704,1,0.01170027560463904,0.01130698512478443,0,1,172800,0.0,-1.0483189728901134,-319.4583344529771,-10.786105546514783,0.08617638240452624,0.0007973894876255914,9.90341795841232e-05,0.08333333333333333,0.0,600.0,6.2343505359622595,4.94110626523738,0,0,0
S5_p001_t022_s957459067,2026-10-03T00:10:15Z,S5,1,1,0,0,7c368438aba2cdccd5e01d7b1a1109fb5c6f4efd43bef1f88c4237620a8d8cf9,12000,16,1,180000,0.6908185246045694,1,0.011405827625893185,0.011415151531325126,0,1,172800,0.0,-1.0560727689552907,-319.45832917433836,-10.75720128860115,0.09750714581617653,-0.0024525062356909252,-0.0003045963694603415,0.08333333333333333,0.0,600.0,10.756822987283082,4.405603797431919,0,0,0
S5_p001_t023_s8860321,2026-10-03T00:10:30Z,S5,1,1,0,0,f5e16b3f01788b645ce9e91842f5f3f46553e47a18cc42e2e1cc0c9ec59e0885,12000,16,1,180000,0.6898435568595928,1,0.011672805364344438,0.011415151531325125,0,1,172800,0.0,-1.0571067306835287,-319.45831947950927,-10.753244525923922,0.11808114818810515,0.001979884111592258,0.00024589764689153526,0.08333333333333333,0.0,600.0,5.244233702189959,4.723990359048241,0,0,0
S5_p001_t024_s1947352502,2026-10-03T00:10:45Z,S5,1,1,0,0,aeb7875e1f3e9772317db5dde3baabfc44415d11f40f9a03358c1ef2e91c27fe,12000,16,1,180000,0.6894486546665605,1,0.011061943704468606,0.011692016999606968,0,1,172800,0.0,-1.0562592325459226,-319.4583388701655,-10.736200403465004,0.14096907553201832,0.00028382048012510504,3.5249935990577796e-05,0.08333333333333333,0.0,600.0,9.641724256321293,5.026509303588518,0,0,0
S5_p001_t025_s530962326,2026-10-03T00:11:00Z,S5,1,1,0,0,2ee93369e2407e2983f1b90e14e7e0faf5d2277a5067735e7ef8d0099ed1282c,12000,16,1,180000,0.6894823774737924,1,0.01257209274492504,0.011754246126400688,0,1,172800,0.0,-1.0539107851695197,-319.45832760619913,-10.763467034995662,0.07650150922483012,0.0014947740799720164,0.0001856479511843645,0.08333333333333333,0.0,600.0,8.274300039435968,4.4685896619040815,0,0,0
S5_p001_t026_s1487894653,2026-10-03T00:11:15Z,S5,1,1,0,0,80760e38e3e058a1af05bc9af3effcb7f81f54c8b97a02ddc3093057346458fc,12000,16,1,180000,0.6544817702273599,1,0.012925264202886862,0.011754246126400688,0,1,172800,0.0,-1.5334074526216213,-319.4582799828095,-6.754105218730669,11.530715713362916,0.03123978939675864,0.0038799193634986295,5.583333333333333,0.0,600.0,17.435848436888964,12.58185752897474,0,0,0
S5_p001_t027_s336917293,2026-10-03T00:11:30Z,S5,1,1,0,0,7ec00792141e71ed65f846e9601a0cc714894606f7076c93a4ec81fcef08f21d,12000,16,1,180000,0.6917396346487348,1,0.01135388143407574,0.011497097383666202,0,1,172800,0.0,-1.0397488519076368,-308.3749919624309,-10.821684425958086,0.1184434039008094,-0.0015997113865085892,-0.00019868095478159375,0.08333333333333333,0.0,600.0,15.103118333662545,5.116000492951484,0,0,0
S5_p001_t028_s362942692,2026-10-03T00:11:45Z,S5,1,1,0,0,8e6b8d86ffac692d24c8c2bb07b14df21eaaf804f2df254afd42300990cf14f1,12000,16,1,180000,0.6918358135161309,1,0.013004731092000834,0.013794725883134002,0,1,172800,0.0,-1.0607993049046844,-308.37500849436276,-10.724697847425222,0.10586220942182623,0.001040638956295709,0.00012924527709401445,0.08333333333333333,0.0,600.0,5.583687209239077,4.420729404053467,0,0,0
S5_p001_t029_s125804357,2026-10-03T00:12:00Z,S5,1,1,0,0,573defdd49cb35a15098712edb699ee2d0aa2147958d07479178034f74e4bbb0,12000,16,1,180000,0.6898516018730417,1,0.012710828915647681,0.013794725883134002,0,1,172800,0.0,-1.0568266447956516,-308.37500206796176,-10.746363417099458,0.10496320481179092,0.0005238353066274617,6.505929741251748e-05,0.08333333333333333,0.0,600.0,6.635016963747002,5.074919455089953,0,0,0
S5_p001_t030_s1238284527,2026-10-03T00:12:15Z,S5,1,1,0,0,8883afe0f8d5cea19c6f7c2c42f26b82611c74ffdc020a32f5286d7c6cfce8c2,12000,16,1,180000,0.6920528002972863,1,0.012961111075356484,0.012303348513055432,0,1,172800,0.0,-1.0410449179976946,-308.3750038373934,-10.815526453798043,0.09202710273806908,0.00023347228712046367,2.8996791115787346e-05,0.08333333333333333,0.0,600.0,11.789423450755251,5.692063564260787,0,0,0
S5_p001_t031_s185959128,2026-10-03T00:12:30Z,S5,1,1,0,0,5171f01668535debea9cc67cdd62a54183dd23e3fa6570d9ac5218be9b44b404,12000,16,1,180000,0.6922327127189594,1,0.011845511931643174,0.01166365529434014,0,1,172800,0.0,-1.0429546773263907,-308.37500882503446,-10.793869131411174,0.10120955529239083,0.0027148971414289844,0.00033718479517119704,0.08333333333333333,0.0,600.0,5.540518359189831,4.939562600101542,0,0,0
S5_p001_t032_s1290207230,2026-10-03T00:12:45Z,S5,1,1,0,0,42df03643d0f9bb36007e92bcd62fa65c880ac3e1f83f0830c19bdb33f41d6c2,12000,16,1,180000,0.6915630368385384,1,0.011362621657148762,0.01182170195224339,0,1,172800,0.0,-1.0459449081735641,-308.37500936122944,-10.781920388911399,0.08650503171252864,0.0012645526846267409,0.00015705491432527197,0.08333333333333333,0.0,600.0,8.808122354132323,5.23752036543626,0,0,0
S5_p001_t033_s1071658190,2026-10-03T00:13:00Z,S5,1,1,0,0,d115605b44f648d4eba44f98e9113cb55d8eda9f613405948123d46a73ad391c,12000,16,1,180000,0.690550936452316,1,0.011787403783164422,0.011821701952243394,0,1,172800,0.0,-1.0612225716470998,-308.3749945282052,-10.737353669341136,0.06605440028864114,-0.00023887389023107743,-2.9667659418919357e-05,0.08333333333333333,0.0,600.0,4.92394059172204,4.911468827548619,0,0,0
S5_p001_t034_s264284341,2026-10-03T00:13:15Z,S5,1,1,0,0,c0118fc25764d5eba49b17d2b60d958762225dffbce3a7d36f848255e88fbf11,12000,16,1,180000,0.6921196779872459,1,0.011736184415074732,0.011609161800808964,0,1,172800,0.0,-1.0494564249242573,-308.3750059875086,-10.770858725517108,0.08722116885967485,0.00010346558566993945,1.2850218809035141e-05,0.08333333333333333,0.0,600.0,6.152761914746401,4.945442773497093,0,0,0
S5_p001_t035_s1262033904,2026-10-03T00:13:30Z,S5,1,1,0,0,1cac9b7fd3b7f866e27166395e3f9fae9bfcf31196c6bfd2750c164cded16074,12000,16,1,180000,0.6916694076102708,1,0.011200266774443685,0.011250382661086605,0,1,172800,0.0,-1.0418288148138104,-308.3749958880623,-10.813600419984963,0.08062115446755871,0.0021293299386714827,0.00026445851972312084,0.08333333333333333,0.0,600.0,7.994224257541595,4.807278178579773,0,0,0
S5_p001_t036_s1103695776,2026-10-03T00:13:45Z,S5,1,1,0,0,d1ba8bffbf44762e85a54a19cf009c897276742c2bd18fbb73b45b9e2d5d3097,12000,16,1,180000,0.6903570008706703,1,0.013229649257862838,0.012791163267020645,0,1,172800,0.0,-1.0635967597458378,-308.37499446684404,-10.722874958940942,0.1464016793721807,-0.00036635447340613634,-4.550049288809532e-05,0.08333333333333333,0.0,600.0,8.136152262020971,4.647279751010601,0,0,0
S5_p001_t037_s1633845900,2026-10-03T00:14:00Z,S5,1,1,0,0,4a4b8592de858a30b8b5a3b34628a6526211b06fa8ac3821ef5530157412b65b,12000,16,1,180000,0.6907022575355652,1,0.012435195766883003,0.012791163267020641,0,1,172800,0.0,-1.061044572928451,-308.3750044734049,-10.717993782428932,0.08590288979867419,0.000965036570284179,0.00011985561195615446,0.08333333333333333,0.0,600.0,7.650281108671003,4.858887577787488,0,0,0
S5_p001_t038_s1316886713,2026-10-03T00:14:15Z,S5,1,1,0,0,7e41a78438f1c45daece39a1dbdf14df424e94916d96d1260a02aa6cc1631dac,12000,16,1,180000,0.6910139396430346,1,0.012175300257887404,0.01057359964982943,0,1,172800,0.0,-1.0425080967550224,-308.3750070619687,-10.786257537135187,0.09047425674558632,-0.0008941800252852495,-0.00011105537078037742,0.08333333333333333,0.0,600.0,5.476029460889329,5.072314010021532,0,0,0
S5_p001_t039_s1570360091,2026-10-03T00:14:30Z,S5,1,1,0,0,5d5e6ba616b2a022341305b71a13c0e50eaa49b797267d2932e7291e2b389c80,12000,16,1,180000,0.6927206494521237,1,0.012386545394699217,0.011196171779032286,0,1,172800,0.0,-1.039746200271877,-308.3749964929636,-10.830137137124332,0.08021774240945789,0.0020254184114879403,0.0002515529158699792,0.08333333333333333,0.0,600.0,7.601238826351967,4.900323336600685,0,0,0
S5_p001_t040_s255641872,2026-10-03T00:15:00Z,S5,1,1,0,0,b9fcded3db94ea0bcf916c15809b17c3b580ed565df9746bf57144acb7d3d860,12000,16,1,180000,0.8836933681324711,1,0.012066728321942664,0.011607060582618213,0,1,172800,0.0,-1.1094445913462525,-299.0977065876735,-10.019167851118983,0.0675050056088692,0.0025486609735913923,0.0003165385955981037,0.08333333333333333,0.0,600.0,8.328894488969254,4.524466895835953,0,0,0
S5_p001_t041_s1560381157,2026-10-03T00:15:15Z,S5,1,1,0,0,6fc2d6487aafb19d7ceb62d5728f0e7e3b046ec83d0018231f4c82b05a4c671d,12000,16,1,180000,0.8839768925166696,1,0.01455809157016304,0.01253363199207295,0,1,172800,0.0,-1.1055916440659443,-299.09773678702487,-10.016262931521009,0.07169934304842975,0.0005695283678971952,7.073428423609585e-05,0.08333333333333333,0.0,600.0,5.305205974683889,4.272337547928165,0,0,0
S5_p001_t042_s520177207,2026-10-03T00:15:30Z,S5,1,1,0,0,7f5ce39a678c89e8c6da50bbece0e907d48f3708edb34ac0fff67a0d6608b4b4,12000,16,1,180000,0.883707561876329,1,0.011787315870290029,0.012533631992072952,0,1,172800,0.0,-1.122963688554326,-299.0977135884368,-9.97801366482307,0.09917116196997534,-0.0033727025415317474,-0.00041888291025315993,0.08333333333333333,0.0,600.0,9.616759492579813,4.674968719928174,0,0,0
S5_p001_t043_s1065234686,2026-10-03T00:15:45Z,S5,1,1,0,0,288d1e1e2f2254b5ab38190ac8bcdbc929517b6efe1f4bd3c373877ed6d4ab19,12000,16,1,180000,0.883763016166824,1,0.01154874950588134,0.011682577969342321,0,1,172800,0.0,-1.1169720950763622,-299.0976992760412,-10.000656100506829,0.08525845804136759,0.0037995194205567243,0.000471892712994304,0.08333333333333333,0.0,600.0,5.403786415988406,4.088477530642867,0,0,0
S5_p001_t044_s1775278461,2026-10-03T00:16:00Z,S5,1,1,0,0,40263c14f3c5367461cc4865ffb31a7e65e8def06b292cbf9db4f25cc90a18ef,12000,16,1,180000,0.8837752389868726,1,0.012291432228603466,0.011823933187721984,0,1,172800,0.0,-1.1212923741225413,-299.09769716861047,-9.993540902582223,0.08018734455941083,-0.0008564109763316707,-0.00010636453043844085,0.08333333333333333,0.0,600.0,6.7423406802551895,4.241493928279817,0,0,0
S5_p001_t045_s1025061940,2026-10-03T00:16:15Z,S5,1,1,0,0,4a3b8fe5f441a89d59b9d04326aa9d4dded597836ad7e62c309ddab1c19a5dda,12000,16,1,180000,0.8838321332976823,1,0.010921853542174365,0.01213097723177856,0,1,172800,0.0,-1.1060410225133082,-299.0977292622483,-10.004837504071665,0.06089110578848204,0.0006693656739962021,8.313387797898031e-05,0.08333333333333333,0.0,600.0,5.698860299478472,4.459761012166589,0,0,0
S5_p001_t046_s1355283976,2026-10-03T00:16:30Z,S5,1,1,0,0,5529738aa095515f28e74c9cf62da43a1857b316c78d0209c393571cf2c7071e,12000,16,1,180000,0.8837041134373563,1,0.012391092510613363,0.01213097723177856,0,1,172800,0.0,-1.116769884252911,-299.0977097098088,-9.973310101488087,0.07987209783143209,-0.0017660063905205275,-0.00021933446168986848,0.08333333333333333,0.0,600.0,6.660685817084748,4.523863525328197,0,0,0
S5_p001_t047_s8670849,2026-10-03T00:16:45Z,S5,1,1,0,0,62d50c2aa439ce465fde83d6a05a6bfb1d12a3953a2b65d9fe3b3da304230000,12000,16,1,180000,0.884137703798121,1,0.011207001585407352,0.01188729198616384,0,1,172800,0.0,-1.1089270893837986,-299.09771008526815,-10.028744151881995,0.0691885691271131,-0.002458971466778267,-0.00030539933823092724,0.08333333333333333,0.0,600.0,8.611667620129625,4.064983577409899,0,0,0
S5_p001_t048_s683044550,2026-10-03T00:17:00Z,S5,1,1,0,0,1f7e2a0b58d0550d1acea14be9c56e4b3e2e3805d125a3be38f5bcfb0cfbcf6b,12000,16,1,180000,0.8839743441810478,1,0.011610636770470202,0.011887291986163843,0,1,172800,0.0,-1.0986447096159586,-299.0977253028377,-10.057605789079565,0.06276044125805287,-0.008789328721775456,-0.001091617048587068,0.08333333333333333,0.0,600.0,7.282286953560621,4.2017290114350425,0,0,0
S5_p001_t049_s1419673414,2026-10-03T00:17:15Z,S5,1,1,0,0,ee68344493ea2a59ab208daa9f7ab4a81ef35e322849d75b0387fb3b347e0385,12000,16,1,180000,0.8839608119504759,1,0.011888519970339115,0.012476187310916514,0,1,172800,0.0,-1.1116681522683136,-299.0976986375087,-10.014178285630726,0.12346560549457722,0.0003791106715393861,4.7084787183848675e-05,0.08333333333333333,0.0,600.0,9.429554636150277,4.008311684397994,0,0,0
S5_p001_t050_s1860529943,2026-10-03T00:17:30Z,S5,1,1,0,0,d185922614001396d2976086eabe159345babfca47467c7a59ae79d2a5d11dff,12000,16,1,180000,0.8838918658315706,1,0.011773208029613857,0.012476187310916514,0,1,172800,0.0,-1.1038386163333127,-299.09772202194955,-10.043185673351104,0.10559421139627585,-0.0005053202190625663,-6.275976056713262e-05,0.08333333333333333,0.0,600.0,6.788263527686422,4.112779244302673,0,0,0
S5_p001_t051_s978485698,2026-10-03T00:17:45Z,S5,1,1,0,0,9dff48f66f60bc25127655e6c5e1248959b9635147cb93547c95515f9eae2ae8,12000,16,1,180000,0.8842476860697266,1,0.011216788930882115,0.011215183543938707,0,1,172800,0.0,-1.1104313501831162,-299.0977186453262,-10.03144314995994,0.07336061858198968,-0.001963751089056995,-0.0002438939577587007,0.08333333333333333,0.0,600.0,11.905482633274817,4.165840732661421,0,0,0
S5_p001_t052_s800179956,2026-10-03T00:18:00Z,S5,1,1,0,0,2fc2a50e5bca19e9fbd071f5666b2ddf0e6edf9352844909a5247e42f73b77a7,12000,16,1,180000,0.8836585554941798,1,0.011293622025934045,0.0112288047081808,0,1,172800,0.0,-1.117071569699128,-299.097719813178,-9.979788775579031,0.10433307297064326,0.00939106239094254,0.0011663511668302817,0.08333333333333333,0.0,600.0,6.890764157932398,4.555597482143214,0,0,0
S5_p001_t053_s230175689,2026-10-03T00:18:15Z,S5,1,1,0,0,1e1c9c2ec1695f20156c4f09d39f20b17e1bec78bc83875b8ebd20c7e23dc136,12000,16,1,180000,0.717669782735911,1,0.011466286431086029,0.011278256551537354,0,1,172800,0.0,-3.524731142584614,-289.8332661416983,-0.37705713677372693,49.172352252647954,895.1151853340333,111.17151578811627,5.583333333333333,0.0,600.0,12.052331492042399,12.592850845003463,0,0,0
S5_p001_t054_s1158910655,2026-10-03T00:18:30Z,S5,1,1,0,0,daf46cc0bcd1e7d87fca20631e4a7a2e1ddd9893e21129caf714e1a1dd2ec715,12000,16,1,180000,0.9535528929397873,1,0.01165149223614126,0.011760632094508684,0,1,172800,0.0,-1.067498528313743,-289.83333295084833,-10.66188600480409,0.12028087347573595,0.0005264987007663019,6.539008563777315e-05,0.08333333333333333,0.0,600.0,8.060415785533264,4.9170632730377175,0,0,0
S5_p001_t055_s55591962,2026-10-03T00:18:45Z,S5,1,1,0,0,cfcc02f2c3bfd489a8b7f2f2fccbf31de58466df5f9967295abfbf90c9a3c04a,12000,16,1,180000,0.9539845237753394,1,0.011406995259818913,0.011988525367485186,0,1,172800,0.0,-1.0528682537809095,-289.8333335955358,-10.729543177206995,0.09835775692029543,-1.7648014663854818e-05,-2.1918481252214406e-06,0.08333333333333333,0.0,600.0,9.055490251872827,4.981614564522706,0,0,0
S5_p001_t056_s1696699799,2026-10-03T00:19:00Z,S5,1,1,0,0,768e32eb16c70be57453eeb2e8364eec7eb3d21d06aebb2fbcc3639a878f731d,12000,16,1,180000,0.9541699246652425,1,0.012047315546858619,0.012946098866177964,0,1,172800,0.0,-1.0523775562542956,-289.83333399449293,-10.741632708051723,0.10118375034925325,-0.0001762962602518413,-2.1895642930758186e-05,0.08333333333333333,0.0,600.0,8.83704959724972,4.944015310609837,0,0,0
S5_p001_t057_s639385521,2026-10-03T00:19:15Z,S5,1,1,0,0,95083ddef7d239c05d1d7a1548dd0f46a9c16a8d1954db8622dd0c059caef0f7,12000,16,1,180000,0.9541631826182541,1,0.011953907728292506,0.012946098866177966,0,1,172800,0.0,-1.0566547877327297,-289.8333362698704,-10.710807699645876,0.11447874207759583,-1.01268446884722e-05,-1.25773385661887e-06,0.08333333333333333,0.0,600.0,14.137994844698149,5.42012006412037,0,0,0
S5_p001_t058_s455409832,2026-10-03T00:19:30Z,S5,1,1,0,0,6748e0fb252fe8344d370572da18b3acba85ce237a1291c9b29e5242048555de,12000,16,1,180000,0.9538685868906983,1,0.012380821112925818,0.011877803507190515,0,1,172800,0.0,-1.0597146587128135,-289.83333423268715,-10.71912547669126,0.1537090067690076,-0.00014057655115301519,-1.745932650010218e-05,0.08333333333333333,0.0,600.0,5.715681937589794,4.394355001133146,0,0,0
S5_p001_t059_s1555299053,2026-10-03T00:19:45Z,S5,1,1,0,0,5d7557e116152654bad978f709ee9a6432148d9c85efe884c338b7230c3b2afc,12000,16,1,180000,0.9541601392138643,1,0.01107142469034411,0.01113855425576945,0,1,172800,0.0,-1.049243973860717,-289.8333329979165,-10.762967402183056,0.0842613969520844,-7.428178869085145e-05,-9.225649591826368e-06,0.08333333333333333,0.0,600.0,5.687705834996793,4.659429987536087,0,0,0
S5_p002_t000_s1138448492,2026-10-03T00:20:15Z,S5,2,1,0,0,5adb67afdd11e53ed690ae19d26666c96a61c80befd80a653850fac5689c8299,12000,16,1,180000,0.9803991435066788,-1,0.9803991435066788,0.9999999999995622,1,-1,171601,nan,-0.12659084720068522,nan,-42.18848932471501,9.638441500094144e-07,nan,nan,0.0,0.0,600.0,0.9528034757954172,70.8049092590244,0,1,0
S5_p002_t001_s1850764392,2026-10-03T00:20:30Z,S5,2,1,0,0,23d55a89cb6d3ca7e1742c144b9c70abd2757d8db0099e53814ae23194d27273,12000,16,1,180000,0.9803991435364399,-1,0.9803991435364399,0.9999999999995622,1,-1,171601,nan,-0.12659085462990338,nan,-42.18849120417534,1.1327369667122076e-06,nan,nan,0.0,0.0,600.0,0.9528030025778116,70.8049096499051,0,1,0
S5_p002_t002_s321598820,2026-10-03T00:20:45Z,S5,2,1,0,0,c15d03338f58deea44ee25b6d5056d7bce6cc91ca46a5be73076b1c8887c134c,12000,16,1,180000,0.9803991449261058,-1,0.9803991449261058,0.9999999999995622,1,-1,171601,nan,-0.12659083978905628,nan,-42.18848939154397,1.0467906690832432e-06,nan,nan,0.0,0.0,600.0,0.9528029408798308,70.80491129161148,0,1,0
S5_p002_t003_s121880670,2026-10-03T00:21:00Z,S5,2,1,0,0,9b6b38271c58b90a4573fa858d301cb31d5b053fd150ad9759434e972eed6b2b,12000,16,1,180000,0.98039914324362,-1,0.98039914324362,0.9999999999995622,1,-1,171601,nan,-0.12659081526125482,nan,-42.18848935237196,1.093374194975143e-06,nan,nan,0.0,0.0,600.0,0.952802906595003,70.80490906481371,0,1,0
S5_p002_t004_s476275882,2026-10-03T00:21:15Z,S5,2,1,0,0,7cef487e599f8ce56bbb280c8f1801ac53d323b230e97b304add318706888b2b,12000,16,1,180000,0.9803991436377638,-1,0.9803991436377638,0.9999999999995622,1,-1,171601,nan,-0.12659084363520212,nan,-42.18848982512487,1.050414306537608e-06,nan,nan,0.0,0.0,600.0,0.9528029983028955,70.8049097402663,0,1,0
S5_p002_t005_s1101140010,2026-10-03T00:21:30Z,S5,2,1,0,0,5ced0e560878b290754824a3f096fb561bf8542ae4723f968936be2f654c3128,12000,16,1,180000,0.9784510463977094,-1,0.9784510463977094,0.9999999999995622,1,-1,141129,nan,-0.1265904296232328,nan,-42.1970115305795,1.0608017340887875e-06,nan,nan,0.0,0.0,600.0,0.9528024138903158,70.79638465463171,0,1,0
S5_p002_t006_s993856876,2026-10-03T00:21:45Z,S5,2,1,0,0,bf74f398091003935d3b1fe27e19bb2a0f97ae29fec8b978c42a03e3f5d52d3b,12000,16,1,180000,0.9803997415989412,-1,0.9803997415989412,0.9999999999995622,1,-1,171598,nan,-0.12657944969163618,nan,-42.197080097058006,6.313886370378318e-07,nan,nan,0.0,0.0,600.0,0.9511376748443539,71.42138160192557,0,1,0
S5_p002_t007_s494561765,2026-10-03T00:22:00Z,S5,2,1,0,0,2f789277b27d3ef5ecf9d7c081413c579d4ce885823f63c9bd0be6e5cdcfde59,12000,16,1,180000,0.9803997407995827,-1,0.9803997407995827,0.9999999999995622,1,-1,171598,nan,-0.12657946954398533,nan,-42.19707909949691,6.630492401274042e-07,nan,nan,0.0,0.0,600.0,0.9511542821919702,71.42138435454831,0,1,0
S5_p002_t008_s569656867,2026-10-03T00:22:15Z,S5,2,1,0,0,c6b52443172df0c98a00556e23f4c72b44065c35ad995c198cb3dcefc966fdab,12000,16,1,180000,0.9803997412917279,-1,0.9803997412917279,0.9999999999995622,1,-1,171598,nan,-0.1265794723485216,nan,-42.19708019560848,6.088248114861788e-07,nan,nan,0.0,0.0,600.0,0.9511401792371953,71.42138212658695,0,1,0
S5_p002_t009_s1938674575,2026-10-03T00:22:30Z,S5,2,1,0,0,3c718e6b5f621cc3389f87fd442b19ea233d8ec34a2fb511ec13d13171a76da1,12000,16,1,180000,0.9803997417037015,-1,0.9803997417037015,0.9999999999995622,1,-1,171598,nan,-0.12657947153034987,nan,-42.1970795475646,6.61131659384754e-07,nan,nan,0.0,0.0,600.0,0.9511560975483955,71.42138498501443,0,1,0
S5_p002_t010_s1527196527,2026-10-03T00:22:45Z,S5,2,1,0,0,ca6062f8706c5ced02091b520abfa609732e41a45049dd232ec2d536a06dbff6,12000,16,1,180000,0.9803997418189365,-1,0.9803997418189365,0.9999999999995622,1,-1,171598,nan,-0.12657946826784222,nan,-42.19707967005043,6.128439386769068e-07,nan,nan,0.0,0.0,600.0,0.9511174175192437,71.4213811649503,0,1,0
S5_p002_t011_s1240012615,2026-10-03T00:23:00Z,S5,2,1,0,0,cf4c9aeb9cdb17da770d481ad1d5aa3e309a2f91d0cf24691efeda280e0a73c7,12000,16,1,180000,0.9803997410711219,-1,0.9803997410711219,0.9999999999995622,1,-1,171598,nan,-0.1265794562283297,nan,-42.19707985883695,6.762407944032486e-07,nan,nan,0.0,0.0,600.0,0.9511523697484041,71.42138183931408,0,1,0
S5_p002_t012_s1128565587,2026-10-03T00:23:15Z,S5,2,1,0,0,0b27e7004cfc7f3b84ff573272f0a5efab3b7edb8e30fd02eb71723632a4982b,12000,16,1,180000,0.980399741525707,-1,0.980399741525707,0.9999999999995622,1,-1,171598,nan,-0.1265794784077739,nan,-42.19707963957834,6.248088827156378e-07,nan,nan,0.0,0.0,600.0,0.9511492656231392,71.42138260345762,0,1,0
S5_p002_t013_s1398407335,2026-10-03T00:23:30Z,S5,2,1,0,0,3cc5ea79eac5b9d01f9bbfbc594aebebd1f3add69a2e023cc5641ac16f2f59f7,12000,16,1,180000,0.9803997416654486,-1,0.9803997416654486,0.9999999999995622,1,-1,171598,nan,-0.12657948504781386,nan,-42.197081419701135,5.169743125251646e-07,nan,nan,0.0,0.0,600.0,0.9511421293677443,71.4213831495117,0,1,0
S5_p002_t014_s1843803682,2026-10-03T00:23:45Z,S5,2,1,0,0,12e3f3082988fef2036ad7dc2b2de185b7e649d67a8111ae9ee4d717461fef44,12000,16,1,180000,0.9803997422248976,-1,0.9803997422248976,0.9999999999995622,1,-1,171598,nan,-0.12657949170590393,nan,-42.19707954471836,6.114354322367197e-07,nan,nan,0.0,0.0,600.0,0.9511440698811384,71.42138329406654,0,1,0
S5_p002_t015_s1476197660,2026-10-03T00:24:00Z,S5,2,1,0,0,1d5f632e3ce75b8abf194e10c06ccad26747a75cc04141f8851be58aa6d3104a,12000,16,1,180000,0.9803997420347651,-1,0.9803997420347651,0.9999999999995622,1,-1,171598,nan,-0.12657945494136752,nan,-42.19708039592735,5.470093058543844e-07,nan,nan,0.0,0.0,600.0,0.9511326832423512,71.42138209298744,0,1,0
S5_p002_t016_s1921035023,2026-10-03T00:24:15Z,S5,2,1,0,0,e5e1b9fdcfac2e87387e3126c0b2254908dae9d41904ace5cdbe77dbaa333c19,12000,16,1,180000,0.980399741168098,-1,0.980399741168098,0.9999999999995622,1,-1,171598,nan,-0.12657945918551916,nan,-42.19707880584609,6.738241751193441e-07,nan,nan,0.0,0.0,600.0,0.9514413507870494,71.42138179417043,0,1,0
S5_p002_t017_s1351552590,2026-10-03T00:24:30Z,S5,2,1,0,0,120ff42fc261363212c8086776d8230bf6900f809e2970ea0fb06c540ac967dc,12000,16,1,180000,0.9803997414999611,-1,0.9803997414999611,0.9999999999995622,1,-1,171598,nan,-0.126579474813619,nan,-42.19707999667299,6.06594420261393e-07,nan,nan,0.0,0.0,600.0,0.9514216449412569,71.42138277130022,0,1,0
S5_p002_t018_s1167112926,2026-10-03T00:24:45Z,S5,2,1,0,0,e3673faa7070f56e4f3b60b17bf09040bc4a672c548826d9f439aae03a6b9123,12000,16,1,180000,0.9803997413827608,-1,0.9803997413827608,0.9999999999995622,1,-1,171598,nan,-0.12657948200940533,nan,-42.197080246302896,6.506945987413028e-07,nan,nan,0.0,0.0,600.0,0.9514431454868374,71.42138325339869,0,1,0
S5_p002_t019_s1353429191,2026-10-03T00:25:00Z,S5,2,1,0,0,5fbf75c50e4615f1d1c7b599628b004737a07c30154316ee22776d6ba707d82e,12000,16,1,180000,0.9785318989178343,1,0.9785318989178343,0.9999999999995622,1,1,165130,nan,-0.126579194427542,nan,-42.20157158652616,6.161271161672999e-07,nan,nan,0.0,0.0,600.0,1.053049766222739,71.41689424186131,0,1,0
S5_p002_t020_s1002632261,2026-10-03T00:25:30Z,S5,2,1,0,0,c4252c87667670f78bc26839edce3f83e3960ca6c3acf393caac73c7590cc228,12000,16,1,180000,0.9803993676185012,-1,0.9803993676185012,0.9999999999995622,1,-1,171599,nan,-0.12659711778782803,nan,-42.19411698833354,6.911090529412497e-07,nan,nan,0.0,0.0,600.0,0.95112119444032,71.40350812425598,0,1,0
S5_p002_t021_s1152143633,2026-10-03T00:25:45Z,S5,2,1,0,0,ea1a05022fa6d98b2d8b8cd839ad06f246def8c1663a15994851aaae383a930c,12000,16,1,180000,0.9803993672851294,-1,0.9803993672851294,0.9999999999995622,1,-1,171599,nan,-0.1265970697857309,nan,-42.19412066583541,7.673231191518937e-07,nan,nan,0.0,0.0,600.0,0.9511433277003425,71.40350607929228,0,1,0
S5_p002_t022_s1274144205,2026-10-03T00:26:00Z,S5,2,1,0,0,937c3c4b234b444a5260c55cd574cbb5844ec84aeb53b0cbae0f4b1a7c238252,12000,16,1,180000,0.9803993675247095,-1,0.9803993675247095,0.9999999999995622,1,-1,171599,nan,-0.12659707036864112,nan,-42.19412087710701,6.923566845103155e-07,nan,nan,0.0,0.0,600.0,0.9511618809840702,71.40351197337925,0,1,0
S5_p002_t023_s236274386,2026-10-03T00:26:15Z,S5,2,1,0,0,445d0045a5bdd780d602ae4907b3c65db5babb5821fa6adf66575dfbcf022eba,12000,16,1,180000,0.9803993668165236,-1,0.9803993668165236,0.9999999999995622,1,-1,171599,nan,-0.12659711293136086,nan,-42.194120043260845,8.102465381281979e-07,nan,nan,0.0,0.0,600.0,0.9510935747941818,71.40350965979181,0,1,0
S5_p002_t024_s1250788590,2026-10-03T00:26:30Z,S5,2,1,0,0,8d834943a682e39c1f89bca713b6c2c0968266c910d59df8dc9c4ff5ab01b95f,12000,16,1,180000,0.9803993680534246,-1,0.9803993680534246,0.9999999999995622,1,-1,171599,nan,-0.12659711951190578,nan,-42.19411750753811,6.927930115742229e-07,nan,nan,0.0,0.0,600.0,0.9511002797399343,71.4035087497027,0,1,0
S5_p002_t025_s1053143358,2026-10-03T00:26:45Z,S5,2,1,0,0,552ac2f9cba6a5398f6b5803846034311c214efedb8b4e000a0b83700440bd19,12000,16,1,180000,0.980399367454132,-1,0.980399367454132,0.9999999999995622,1,-1,171599,nan,-0.12659708957670468,nan,-42.19411864212907,7.870824822577314e-07,nan,nan,0.0,0.0,600.0,0.9511363584411267,71.40350515470205,0,1,0
S5_p002_t026_s1195050127,2026-10-03T00:27:00Z,S5,2,1,0,0,1b0772d6942e789f7040b8b2d021106aaec1a18b966f516d9a8c84906ca10b27,12000,16,1,180000,0.9803993678562198,-1,0.9803993678562198,0.9999999999995622,1,-1,171599,nan,-0.12659708727099953,nan,-42.19412033795528,6.753359109043134e-07,nan,nan,0.0,0.0,600.0,0.951154289973326,71.40350996493149,0,1,0
S5_p002_t027_s1857563192,2026-10-03T00:27:15Z,S5,2,1,0,0,4a81e5af3939ac762842310e1f66b3cb09bdb8e0fd2bdacb6ce7625c7f32faa1,12000,16,1,180000,0.980399366948836,-1,0.980399366948836,0.9999999999995622,1,-1,171599,nan,-0.12659708313166831,nan,-42.194120639945645,7.804253889848805e-07,nan,nan,0.0,0.0,600.0,0.95115908842124,71.4035086638081,0,1,0
S5_p002_t028_s926067461,2026-10-03T00:27:30Z,S5,2,1,0,0,29ce89e6c3ad1cabad2fd1aa7660d8b2519ad619fc47068517d21786641b3567,12000,16,1,180000,0.9803993664497505,-1,0.9803993664497505,0.9999999999995622,1,-1,171599,nan,-0.1265971115391541,nan,-42.194119899198974,6.970776435278875e-07,nan,nan,0.0,0.0,600.0,0.951081292295852,71.40350860330112,0,1,0
S5_p002_t029_s2039212308,2026-10-03T00:27:45Z,S5,2,1,0,0,c45b1ade451990b67f3aaaaaa7151e5cd389301a89cd662178b6ca034e0ff3ce,12000,16,1,180000,0.9803993678584784,-1,0.9803993678584784,0.9999999999995622,1,-1,171599,nan,-0.126597121555869,nan,-42.19411769824346,8.19014594148715e-07,nan,nan,0.0,0.0,600.0,0.9511160414549217,71.40350688858814,0,1,0
S5_p003_t000_s1714205886,2026-10-03T00:28:00Z,S5,3,1,0,0,7b2fbb568196f8262ab984b22f8e07d6c13f1a92d20212f36d59c6472afed2ca,12000,16,1,180000,0.9777928686047794,1,0.9777928686047794,1.0000000000009506,1,1,171601,nan,0.022115414717949717,nan,-27.452723651800454,0.030569184259432617,nan,nan,0.0,0.0,600.0,118.45516222866107,72.76424526079136,0,1,0
S5_p003_t001_s1934708211,2026-10-03T00:28:15Z,S5,3,1,0,0,4cea65f8f8e970902d5ae298ba0e2658f9bdbe1adeb1234faca03882f9d8f2c0,12000,16,1,180000,0.9777928723673465,1,0.9777928723673465,1.0000000000009506,1,1,171601,nan,0.022115620944981877,nan,-27.452728849565023,0.03056807330550304,nan,nan,0.0,0.0,600.0,118.45511725393112,72.72065669581559,0,1,0
S5_p003_t002_s1951162110,2026-10-03T00:28:30Z,S5,3,1,0,0,9dd7e4b2d2242d7d87f582b1d6e025cc2a3244ec72c09307ba69b93b3b2f9511,12000,16,1,180000,0.977792869059556,1,0.977792869059556,1.0000000000009506,1,1,171601,nan,0.022115421744587183,nan,-27.452725821104767,0.030568460060418117,nan,nan,0.0,0.0,600.0,118.45513659316069,72.7633700738584,0,1,0
S5_p003_t003_s1445156187,2026-10-03T00:28:45Z,S5,3,1,0,0,c74125f53d1d5b281d16ad8cfb5632b2927f40f5a87b797ac902cf7c618ff3ec,12000,16,1,180000,0.9777928703455578,1,0.9777928703455578,1.0000000000009506,1,1,171601,nan,0.02211541842252196,nan,-27.452723672943883,0.03056927473075226,nan,nan,0.0,0.0,600.0,118.45513270342704,72.72393381963694,0,1,0
S5_p003_t004_s332708724,2026-10-03T00:29:00Z,S5,3,1,0,0,41df1ea1bd7e32d36b5a4b087c95bc59af6a8f2e38c86037d480be262947c7ef,12000,16,1,180000,0.9777928700920901,1,0.9777928700920901,1.0000000000009506,1,1,171601,nan,0.022115432829259117,nan,-27.452729011511355,0.03057335592368439,nan,nan,0.0,0.0,600.0,118.455153640767,72.77319084667072,0,1,0
S5_p003_t005_s1838982444,2026-10-03T00:29:15Z,S5,3,1,0,0,c30db645b6b7ab38c62b05184ea8cd98f639160dcd9df30387655f16ebb5e86c,12000,16,1,180000,0.9777928693997341,1,0.9777928693997341,1.0000000000009506,1,1,171601,nan,0.022115541769444705,nan,-27.45273059421578,0.030566130938473074,nan,nan,0.0,0.0,600.0,118.45512214817826,72.72065821609343,0,1,0
S5_p003_t006_s1432963864,2026-10-03T00:29:30Z,S5,3,1,0,0,72ef61ed13076f3e0975617a7e7a7c3d0c661c951dcf40bc8ad491b221ffd652,12000,16,1,180000,0.9777928720356625,1,0.9777928720356625,1.0000000000009506,1,1,171601,nan,0.02211545438119059,nan,-27.452728933879783,0.030571101513545876,nan,nan,0.0,0.0,600.0,118.45512800423839,72.76543775326859,0,1,0
S5_p003_t007_s1060432322,2026-10-03T00:29:45Z,S5,3,1,0,0,16555894b962812e2bbd16b37c86d51e5ad8c24b3304c8bd0341e634b8e50356,12000,16,1,180000,0.9777928674616737,1,0.9777928674616737,1.0000000000009506,1,1,171601,nan,0.02211538016758562,nan,-27.452734221750376,0.030569986885590466,nan,nan,0.0,0.0,600.0,118.45516667476045,72.7206419761506,0,1,0
S5_p003_t008_s328444916,2026-10-03T00:30:00Z,S5,3,1,0,0,0d753df8f201a049ed977123a99e6f85f67dd0c24ba093516cd33e1e6856393c,12000,16,1,180000,0.9777928709375362,1,0.9777928709375362,1.0000000000009506,1,1,171601,nan,0.02211551075116023,nan,-27.452724912954338,0.03056786002342602,nan,nan,0.0,0.0,600.0,118.45512389880116,72.73431350549737,0,1,0
S5_p003_t009_s2116983884,2026-10-03T00:30:15Z,S5,3,1,0,0,984253b879449d9619e016b5ebea25d1313b5cbe7a4e0828a4c120950d15a739,12000,16,1,180000,0.9777928683565464,1,0.9777928683565464,1.0000000000009506,1,1,171601,nan,0.022115441648210724,nan,-27.45272637854179,0.030567419829295513,nan,nan,0.0,0.0,600.0,118.45514198860805,72.72579903337912,0,1,0
S5_p003_t010_s1100042289,2026-10-03T00:30:45Z,S5,3,1,0,0,07ae911d68758ee9e1e45fcf7094b9e42f20204cd60b34ffe9fb42d76869db74,12000,16,1,180000,0.9778407964305578,1,0.9778407964305578,1.0000000000009506,1,1,171593,nan,0.02312995198323892,nan,-27.74961030897172,0.002557713956205532,nan,nan,0.0,0.0,600.0,46.44683169733768,72.730537031397,0,1,0
S5_p003_t011_s635744766,2026-10-03T00:31:00Z,S5,3,1,0,0,f4831dc6dfd2a58486d1de02d26b93bd76355c44ef8c749efebff8e552aa7bf0,12000,16,1,180000,0.9778408023354268,1,0.9778408023354268,1.0000000000009506,1,1,171593,nan,0.0231301144972171,nan,-27.74961354692976,0.0025544778870655723,nan,nan,0.0,0.0,600.0,46.446627003923915,72.75550194250222,0,1,0
S5_p003_t012_s961338442,2026-10-03T00:31:15Z,S5,3,1,0,0,38a5d6edcd7a413df1b89cb93b84147b3fc964b8ed20dfdeca655b8a9377c580,12000,16,1,180000,0.9778408017944749,1,0.9778408017944749,1.0000000000009506,1,1,171593,nan,0.02313003494989569,nan,-27.74961477155367,0.002552572123281108,nan,nan,0.0,0.0,600.0,46.44647728275267,72.73675025859362,0,1,0
S5_p003_t013_s1294474057,2026-10-03T00:31:30Z,S5,3,1,0,0,a7af86b358eb4ff600f301398df8c7fea88d5be49f877810494ada149f2b4095,12000,16,1,180000,0.9778408012019709,1,0.9778408012019709,1.0000000000009506,1,1,171593,nan,0.023130094944980775,nan,-27.749609736445283,0.0025542281033367068,nan,nan,0.0,0.0,600.0,46.44627946377064,72.75053852353837,0,1,0
S5_p003_t014_s1681705495,2026-10-03T00:31:45Z,S5,3,1,0,0,821bee6ddbe5ef9de107654f163cec659d4316c3b672f97588d6889af1648541,12000,16,1,180000,0.9778408011648303,1,0.9778408011648303,1.0000000000009506,1,1,171593,nan,0.023130084195135334,nan,-27.749610320415016,0.002556787290109902,nan,nan,0.0,0.0,600.0,46.44671904302331,72.77436992726523,0,1,0
S5_p003_t015_s710608608,2026-10-03T00:32:00Z,S5,3,1,0,0,9ff1492f4445310ee4a7f1ebd304fc288c2b30f8eb2d398d9f31bc33b00d469a,12000,16,1,180000,0.9548485264320672,1,0.9548485264320672,1.0000000000009506,1,1,145206,nan,0.02322296514191341,nan,-27.793574142121436,5.850921649552548e-05,nan,nan,0.0,0.0,600.0,24.977931871884522,72.70757559934177,0,1,0
S5_p003_t016_s384136078,2026-10-03T00:32:15Z,S5,3,1,0,0,e5a1e1ee4c011d9027a5b7e91a2c23af93c376a60facaf5fdbe5d8a81832b54b,12000,16,1,180000,0.9778425083518275,1,0.9778425083518275,1.0000000000009506,1,1,171594,nan,0.02314281908392187,nan,-27.762819134551112,0.0023157774274742693,nan,nan,0.0,0.0,600.0,46.51079424719412,72.68835183410177,0,1,0
S5_p003_t017_s414741158,2026-10-03T00:32:30Z,S5,3,1,0,0,db731a02f020f4f3cba10309e54c045cd30a9569c5b6ac915a96a50b8eb98f35,12000,16,1,180000,0.9778425019367747,1,0.9778425019367747,1.0000000000009506,1,1,171594,nan,0.023142718840812867,nan,-27.762820697144967,0.002314887799460276,nan,nan,0.0,0.0,600.0,46.51028374211406,72.67580795067501,0,1,0
S5_p003_t018_s1550145401,2026-10-03T00:32:45Z,S5,3,1,0,0,06c6f6bba989780761d41c8537178c0ba911970ba5e3bf33c094a1324bf679be,12000,16,1,180000,0.9778425061188959,1,0.9778425061188959,1.0000000000009506,1,1,171594,nan,0.023142899930306347,nan,-27.76282510709903,0.0023159275915807524,nan,nan,0.0,0.0,600.0,46.50658632150555,72.7237824435697,0,1,0
S5_p003_t019_s247667753,2026-10-03T00:33:00Z,S5,3,1,0,0,4f400920ebadd3f0d483232df083eaac14f872bd9ea6cff7721cff33bcc07826,12000,16,1,180000,0.9778425065912771,1,0.9778425065912771,1.0000000000009506,1,1,171594,nan,0.023142795929205547,nan,-27.762821384918865,0.0023173717188650187,nan,nan,0.0,0.0,600.0,46.51434186716622,72.67581616312674,0,1,0
S5_p003_t020_s1583609065,2026-10-03T00:33:15Z,S5,3,1,0,0,09307c2645672ae6cf75a5d36212540573dfb810341daf0ee33ca38bff65b285,12000,16,1,180000,0.9778425098635318,1,0.9778425098635318,1.0000000000009506,1,1,171594,nan,0.023143002273194442,nan,-27.762818378522116,0.0023108313429450805,nan,nan,0.0,0.0,600.0,46.514457116583934,72.70764542933834,0,1,0
S5_p003_t021_s796570551,2026-10-03T00:33:30Z,S5,3,1,0,0,a66382608d052ed53afefcca29e26f523d73d15b26147ab219ae531b71ecefc6,12000,16,1,180000,0.9778425065796126,1,0.9778425065796126,1.0000000000009506,1,1,171594,nan,0.023142828183709246,nan,-27.7628207202593,0.0023152473856906616,nan,nan,0.0,0.0,600.0,46.51450340814891,72.660775128549,0,1,0
S5_p003_t022_s1559731172,2026-10-03T00:33:45Z,S5,3,1,0,0,7b31602f2506e57672fa5761fe562c358414be13acbd9ec14a2a8451fc140680,12000,16,1,180000,0.977842504998904,1,0.977842504998904,1.0000000000009506,1,1,171594,nan,0.023142716090448035,nan,-27.762822693690055,0.002315822926554925,nan,nan,0.0,0.0,600.0,46.513764692262804,72.69321513091587,0,1,0
S5_p003_t023_s844389843,2026-10-03T00:34:00Z,S5,3,1,0,0,84381ccd41ee706e31c1772e21bcbb9d2aba78918209819378452693500d766e,12000,16,1,180000,0.9778425077916022,1,0.9778425077916022,1.0000000000009506,1,1,171594,nan,0.023142804638185,nan,-27.762818446959034,0.002316746139412096,nan,nan,0.0,0.0,600.0,46.51120469831833,72.67258498799202,0,1,0
S5_p003_t024_s1173993624,2026-10-03T00:34:15Z,S5,3,1,0,0,047e0f2124a4878d1c6cdb0a473d5530bae9cc0e10bc89fcd3164635374fb9bb,12000,16,1,180000,0.977842501946877,1,0.977842501946877,1.0000000000009506,1,1,171594,nan,0.02314273431667341,nan,-27.762819643916007,0.0023143706284223767,nan,nan,0.0,0.0,600.0,46.51253783213697,72.69319002558902,0,1,0
S5_p003_t025_s412349045,2026-10-03T00:34:30Z,S5,3,1,0,0,07b7896710120310bcc366e923cfb4eaa20f7d5ca908fe27d2ae1174c6a86846,12000,16,1,180000,0.9778425056708976,1,0.9778425056708976,1.0000000000009506,1,1,171594,nan,0.023142922658136857,nan,-27.762822867079862,0.0023157471015179537,nan,nan,0.0,0.0,600.0,46.50791651635363,72.687696416232,0,1,0
S5_p003_t026_s1487682954,2026-10-03T00:34:45Z,S5,3,1,0,0,e28b4ed916fbf9d77a8d8afcd17961bb9d6e0ae039cb18573e0a3ad966c5b9fa,12000,16,1,180000,0.9778425103596614,1,0.9778425103596614,1.0000000000009506,1,1,171594,nan,0.023142765771374536,nan,-27.7628209591099,0.0023166425099931222,nan,nan,0.0,0.0,600.0,46.51347016391665,72.71809543616003,0,1,0
S5_p003_t027_s1191930151,2026-10-03T00:35:00Z,S5,3,1,0,0,9f7d60d3cf041b8592da8bd00d811c4584a91b90a236fc63d0d323f4be0d9bf2,12000,16,1,180000,0.9778425073941049,1,0.9778425073941049,1.0000000000009506,1,1,171594,nan,0.023142968907237473,nan,-27.762820328667146,0.0023124260321301894,nan,nan,0.0,0.0,600.0,46.512275475289776,72.68764542265919,0,1,0
S5_p003_t028_s66415985,2026-10-03T00:35:15Z,S5,3,1,0,0,add765c1aefc1fd239606baad697825593c8646b8fccd8d2c2656d549721f601,12000,16,1,180000,0.9355234908541239,1,0.9355234908541239,1.0000000000009506,1,1,135624,nan,-0.16529923225815302,nan,-13.454749588391422,1.188374775228855,nan,nan,2.916666666666667,0.0,600.0,37.50264766908048,95.72317383529418,0,1,0
S5_p003_t029_s1759722470,2026-10-03T00:35:30Z,S5,3,1,0,0,6f9e1eb2437a19fb24295b4d49ce247b45827c25ca3d46a3710909d666aa921b,12000,16,1,180000,0.9988796688628359,1,0.9988796688628359,1.0000000000009506,1,1,171595,nan,0.02409110742416281,nan,-28.36911806083546,0.002139921233253855,nan,nan,0.08333333333333333,0.0,600.0,49.05784825693668,72.03830881483843,0,1,0
S7_p000_t000_s1928618341,2026-10-03T00:36:00Z,S7,0,2,0,0,24a4da9ed5ee38fd8db63457cd25e588f5835ba7713285e59a524dd0bcc0abd3,12000,16,1,180000,0.996596102734201,1,0.5152352806621969,0.5173745417804761,0,1,172800,0.0,-0.059542653392542284,-302.9166641157869,-29.83419814863278,0.053966744399880695,-6.270411914962314e-05,-7.787726190144895e-06,0.08333333333333333,0.0,600.0,83.95417740679478,6.025181789067422,0,1,0
S7_p000_t001_s1519748887,2026-10-03T00:36:15Z,S7,0,2,0,0,46bc968d882a35ceb20fe38a2891140d0349b187d71afbce8ca06cd029729863,12000,16,1,180000,0.9966369709305555,1,0.5177951121154263,0.519610581061896,0,1,172800,0.0,-0.061973985620814534,-302.916664153252,-29.816944821586773,0.04469756803321824,-8.879946550573226e-05,-1.1028716016880935e-05,0.08333333333333333,0.0,600.0,67.68161691615316,6.032523653045381,0,1,0
S7_p000_t002_s1888808097,2026-10-03T00:36:30Z,S7,0,2,0,0,00ca42eae2721cbc9e31fc84814cb89965de669b33c99ad43fe4104e20b7d1e1,12000,16,1,180000,0.9965185429788163,1,0.5177511390229038,0.519610581061896,0,1,172800,0.0,-0.06070826597074988,-302.91666508993995,-29.675997289767547,0.0539350789061664,5.336926890336013e-05,6.628356459259521e-06,0.08333333333333333,0.0,600.0,113.43495388942065,5.46809859915756,0,1,0
S7_p000_t003_s1567484507,2026-10-03T00:36:45Z,S7,0,2,0,0,03854cdbde5b6fa62b4c7c22bcf5fa88b11718f37a42bcd5533335aa4d1d2049,12000,16,1,180000,0.9966283324480895,1,0.5176806534844699,0.5195043430058967,0,1,172800,0.0,-0.05986473993491867,-302.9166646658456,-29.897617352549474,0.043384417114441104,1.2301051682045675e-05,1.5277660168067086e-06,0.08333333333333333,0.0,600.0,53.31218169554978,6.2575392973022215,0,1,0
S7_p000_t004_s1587104087,2026-10-03T00:37:00Z,S7,0,2,0,0,571d570a30f542315c3765d98042ca9f352c8e3e61dd53755d880b167012d11c,12000,16,1,180000,0.9965340026409499,1,0.5176235033622955,0.5194035063955749,0,1,172800,0.0,-0.060045762003087436,-302.91666237262933,-29.340042492401842,0.046985021669511504,0.000131544054181315,1.6337508441210957e-05,0.08333333333333333,0.0,600.0,131.8267326272658,5.641752616046556,0,1,0
S7_p001_t000_s1163046826,2026-10-03T00:37:15Z,S7,1,2,0,0,2d55280d72f4678ce1d3500b10f2075e760cad8cdf97572700a56046c3809241,12000,16,1,180000,0.9947589748518033,1,0.25348746441993286,0.2551217701044732,0,1,172800,0.0,-0.03733509524046907,-302.9166665708538,-28.16407189357357,0.029048820792745324,9.872545289032212e-05,1.2261503798072226e-05,0.08333333333333333,0.0,600.0,44.995531737193296,6.224700168413864,0,0,0
S7_p001_t001_s641673168,2026-10-03T00:37:30Z,S7,1,2,0,0,d25953d25531f6f680ac919f28c740ddb3980f2bfe3e9bcf81afb06fb0e61925,12000,16,1,180000,0.9947365841550632,1,0.2535334750641071,0.2551217701044732,0,1,172800,0.0,-0.03765943670155794,-302.9166667955954,-28.057065892052606,0.018291793985842384,0.00011018897607924293,1.3685250451089814e-05,0.08333333333333333,0.0,600.0,55.272051122890836,5.584458713645723,0,0,0
S7_p001_t002_s1425528308,2026-10-03T00:37:45Z,S7,1,2,0,0,3b133e3ec0f90c291997d548baaa137c78a05dc2b7e3cbbb5b06a9db8f1f32aa,12000,16,1,180000,0.9943014478624621,1,0.25367997213328125,0.25459545097861797,0,1,172800,0.0,-0.040893476480601834,-302.9166646645711,-27.739918227882825,0.03576584738835331,6.080279059064213e-05,7.5515849857765716e-06,0.08333333333333333,0.0,600.0,92.76637363947148,6.3979974961628825,0,0,0
S7_p001_t003_s961284984,2026-10-03T00:38:00Z,S7,1,2,0,0,9164a16385524a50d20b460ccee3937e00d6efc54fc129ca59aea5d88fa09e83,12000,16,1,180000,0.9949547007309872,1,0.25338878818335203,0.2545954509786179,0,1,172800,0.0,-0.037910150930340475,-302.91666710979854,-27.857115526358,0.02098977511405427,-2.8743270780803385e-05,-3.569856744434219e-06,0.08333333333333333,0.0,600.0,92.04718021714098,5.892942354592403,0,0,0
S7_p001_t004_s990723452,2026-10-03T00:38:15Z,S7,1,2,0,0,e5e17defcac5e67e4d484318a4235abe59d56ccdb98137c0add73eee5c4fbc59,12000,16,1,180000,0.9949496842119796,1,0.25301761506318654,0.2538033491403863,0,1,172800,0.0,-0.03877685771986497,-302.9166673683163,-28.15636950543785,0.026617874098562318,0.00014138988464706872,1.7560340893396642e-05,0.08333333333333333,0.0,600.0,40.96139278039679,6.1768612638564,0,0,0
S7_p002_t000_s98455044,2026-10-03T00:38:30Z,S7,2,3,0,0,d256a35cd42c40c64e485662e6c94b7d54a015c23ee8bd5a03ea6c6bf138ca35,12000,16,1,180000,0.9973220218070535,1,0.6192384151887329,0.6209508036808066,0,1,172800,0.0,-0.06902374593414222,-302.9166669407453,-30.59095038896327,0.06490637164526321,-2.133783623605709e-05,-2.6501165848458186e-06,0.08333333333333333,0.0,600.0,80.47803289035285,5.683323375814372,0,1,0
S7_p002_t001_s1384128433,2026-10-03T00:38:45Z,S7,2,3,0,0,8895d72b7aa5358c1bc4ffcfa23c4240b1fdfb6547fd617f2679d2569fa00b66,12000,16,1,180000,0.7741053149431575,1,0.4738268518985923,0.6209508036808066,0,1,172800,0.0,-2.269201980967937,-282.33214001112475,-1.8060007083597633,21.90507908702315,1988.5305659735398,246.9715192327817,7.166666666666667,0.0,600.0,20.579369270426678,33.83892974194949,0,1,0
S7_p002_t002_s1361330484,2026-10-03T00:39:00Z,S7,2,3,0,0,3dcc4af463034c5bb03b92ae6d9c68c6c1bef8f1053bb21b4489977dd885c593,12000,16,1,180000,0.9970090176676366,1,0.6176297113778464,0.6197701897798836,0,1,172800,0.0,-0.06887383647667707,-282.3333308011388,-30.615854716231116,0.05093461844991673,8.85001658978198e-05,1.0991543604177423e-05,0.08333333333333333,0.0,600.0,96.65423690140959,5.753745927653635,0,1,0
S7_p002_t003_s1078092554,2026-10-03T00:39:15Z,S7,2,3,0,0,d9d2643cf557ff30c128f4096f60c964036afd9bc3c8e650bc90bdae134e4f32,12000,16,1,180000,0.9971394041454481,1,0.618288844105472,0.6200506262983498,0,1,172800,0.0,-0.06832313599156306,-282.33333211806956,-30.880869654334976,0.05304728540291629,-4.0887457730674e-05,-5.07814047523425e-06,0.08333333333333333,0.0,600.0,52.22011852833133,5.934022467473481,0,1,0
S7_p002_t004_s924921264,2026-10-03T00:39:30Z,S7,2,3,0,0,9a84265414be82ae257d46a8aae592aa726a82aa6d7516a06629fc6479daa135,12000,16,1,180000,0.9970149490455268,1,0.6183889185838423,0.6200506262983498,0,1,172800,0.0,-0.06875880845481532,-282.33333206700024,-30.75402058226065,0.049324137956543765,0.00015293965011930154,1.899479866551701e-05,0.08333333333333333,0.0,600.0,87.52127502693567,5.462016335961202,0,1,0
S7_p003_t000_s763598906,2026-10-03T00:39:45Z,S7,3,2,0,0,38384d967f893a1c9145a7797e2e12f96aa2c79b6bd9edf3602eac7887eb8369,12000,16,1,180000,0.9963771216800675,1,0.5203095670423858,0.5209269121406312,0,1,172800,0.0,-0.061464077599768234,-282.3333307630073,-29.709939879876607,0.047997134313674285,9.325045193597599e-05,1.1581519629544346e-05,0.08333333333333333,0.0,600.0,99.37435328338307,6.0405254295721145,0,1,0
S7_p003_t001_s1480126732,2026-10-03T00:40:00Z,S7,3,2,0,0,3ea7a6322248ebd58714ca5abeef0b1cb15333cb047a035c16515c6c317ee034,12000,16,1,180000,0.9963641134541512,1,0.5203446633052351,0.5209269121406312,0,1,172800,0.0,-0.06104507179444034,-282.33333236622093,-30.04519515095236,0.0521394177727532,-1.4204053533184004e-05,-1.7641150407143869e-06,0.08333333333333333,0.0,600.0,47.349129232762685,5.847998784482712,0,1,0
S7_p003_t002_s348040279,2026-10-03T00:40:15Z,S7,3,2,0,0,a1708992ec2e5de1958740b21e9fb482b46d009475b655fe23872e2a450fcb21,12000,16,1,180000,0.9963404963022824,1,0.5201863252666805,0.5206966482409549,0,1,172800,0.0,-0.06165083822382571,-282.3333326283682,-29.970089811251356,0.052341940128199156,1.8498361966263665e-05,2.2974595594860148e-06,0.08333333333333333,0.0,600.0,40.42398657679058,5.949630307174781,0,1,0
S7_p003_t003_s750677479,2026-10-03T00:40:30Z,S7,3,2,0,0,7fe50dcda0348f90b5e2cb72f4d81655f07a32b01a7c6944e53fbea8d81484d9,12000,16,1,180000,0.9962358900968586,1,0.5180690760533797,0.5184811033296005,0,1,172800,0.0,-0.063040161303088,-282.3333312361671,-29.520296460316576,0.05184254865185707,0.00016007648282735415,1.988117901419173e-05,0.08333333333333333,0.0,600.0,92.19160100496288,5.603188299912722,0,1,0
S7_p003_t004_s258894362,2026-10-03T00:40:45Z,S7,3,2,0,0,8043ebb84d7e61ab692a759e9a658b1a0b4cc4689e9aaa503a058dfc65a0c8d3,12000,16,1,180000,0.9963826523936163,1,0.5180480975108734,0.5184811033296005,0,1,172800,0.0,-0.062037526282431435,-282.3333320406655,-29.8477881040425,0.03209155319660564,8.005609291458085e-05,9.942806627805112e-06,0.08333333333333333,0.0,600.0,82.68835190540013,5.91656025056632,0,1,0
S7_p004_t000_s139254338,2026-10-03T00:41:15Z,S7,4,2,0,0,6e6920d44a12c1dfe2ad540e2e0502457a91a56c1a25073e62ff568e96d124d4,12000,16,1,180000,0.9968606682580539,1,0.5234747584407177,0.5248937613908201,0,1,172800,0.0,-0.060667989590001484,-302.9999987997592,-29.79836609017699,0.04402757295819099,-0.00021150752286897288,-2.6268811325280694e-05,0.08333333333333333,0.0,600.0,83.02479624019655,6.105488838178026,0,1,0
S7_p004_t001_s1221387494,2026-10-03T00:41:30Z,S7,4,2,0,0,d57c38597def0dc58f0f05ac89ec13515cc3d2d5c27981b6f1e2e82e4e139268,12000,16,1,180000,0.9966576740004864,1,0.5238319598310791,0.5248937613908201,0,1,172800,0.0,-0.06155769627674081,-302.9999983921928,-29.889572160278938,0.047287981111935405,-0.00030301825624430464,-3.7634261389030144e-05,0.08333333333333333,0.0,600.0,90.9173909967058,5.572378088974743,0,1,0
S7_p004_t002_s1203773898,2026-10-03T00:41:45Z,S7,4,2,0,0,aa3b0eae663ad5cfc83f96d6a8b95f367225b50fce84968bf7138ac771c2f805,12000,16,1,180000,0.9966395778446175,1,0.5241249846262053,0.5252303196234194,0,1,172800,0.0,-0.061716869352785995,-302.99999821197827,-29.633191532875056,0.043714433208455306,-5.374546305962254e-05,-6.675079021079e-06,0.08333333333333333,0.0,600.0,93.73863385390361,6.1767223971661265,0,1,0
S7_p004_t003_s43333996,2026-10-03T00:42:00Z,S7,4,2,0,0,f45eb0d3085665c90f4aec8f5a392ad40b74f94a6b764a1aad066bc35779a5e9,12000,16,1,180000,0.9966409825132377,1,0.52409770043119,0.5252303196234194,0,1,172800,0.0,-0.060759264538699675,-302.99999904263007,-29.91415891495006,0.04123331356099883,-9.992627617806771e-05,-1.2410643648763653e-05,0.08333333333333333,0.0,600.0,81.0424973373728,5.85165594857583,0,1,0
S7_p004_t004_s1033654550,2026-10-03T00:42:15Z,S7,4,2,0,0,267080291aef281fb2753f1842332deddaf8c59ab0380bba936af2a0db706e97,12000,16,1,180000,0.9965583899677872,1,0.5230111717874409,0.523848509483097,0,1,172800,0.0,-0.061418496358424085,-302.99999902621914,-30.032402036100642,0.0565184554287602,7.360919115008235e-05,9.142114322457928e-06,0.08333333333333333,0.0,600.0,45.57308171927108,5.753515919766812,0,1,0
S7_p005_t000_s600798252,2026-10-03T00:42:30Z,S7,5,2,0,0,e3cdccf5a886e941c87b685a5e90bb5729394620af9efbdfe9c97769be2ff675,12000,16,1,180000,0.9966142880429559,1,0.5132838892244499,0.5145159131504455,0,1,172800,0.0,-0.05841478509392653,-302.999999370985,-29.913132322387316,0.04749989661923235,0.00015405860658134564,1.9133770820189966e-05,0.08333333333333333,0.0,600.0,58.56557078893453,5.92102940487049,0,1,0
S7_p005_t001_s1358512429,2026-10-03T00:42:45Z,S7,5,2,0,0,96bed838e4f0962df5bcc1f1c71d109070614913d65c650b98506662d1c7319b,12000,16,1,180000,0.9965795734385519,1,0.5132165466574744,0.5145159131504456,0,1,172800,0.0,-0.0572656160147708,-303.00000048941064,-29.962489072177938,0.047227527039946725,4.287220191750647e-05,5.324641733750468e-06,0.08333333333333333,0.0,600.0,34.28232741132178,5.915862553157996,0,1,0
S7_p005_t002_s475029750,2026-10-03T00:43:00Z,S7,5,2,0,0,a15054bee971995c10a4fe6f389fdc59407f19996686a7d36854fd2e85bde6de,12000,16,1,180000,0.9967366513871335,1,0.5139462144885686,0.515820579951814,0,1,172800,0.0,-0.05852405917527746,-302.99999972947444,-29.942882082370957,0.05287965618487007,7.519108567320096e-05,9.338582458440214e-06,0.08333333333333333,0.0,600.0,44.506083608889405,6.731981552122458,0,1,0
S7_p005_t003_s686156291,2026-10-03T00:43:15Z,S7,5,2,0,0,2ad2cac81cb698b2a1249499de7e659916842038c845399bb9840e3443a18255,12000,16,1,180000,0.9965358606009176,1,0.5140687832042182,0.515820579951814,0,1,172800,0.0,-0.058738026976579386,-302.99999993091905,-29.960316931787695,0.040200733613374555,0.00011320539824857009,1.4059884051675908e-05,0.08333333333333333,0.0,600.0,35.55952359320985,6.614659414921364,0,1,0
S7_p005_t004_s1322737522,2026-10-03T00:43:30Z,S7,5,2,0,0,826c2160214ffd943dd4af5de7ea50e2866094de9994eb831cca9f742d6d934f,12000,16,1,180000,0.9965434765129731,1,0.513831841488318,0.5155979631963823,0,1,172800,0.0,-0.05642531739671373,-303.0000002350056,-29.887096782221704,0.04923935216160891,-3.270976040988002e-05,-4.06248682338628e-06,0.08333333333333333,0.0,600.0,51.14105399536728,5.956327903974536,0,1,0
S7_p006_t000_s1641734052,2026-10-03T00:43:45Z,S7,6,2,0,0,8aaf95361713700841f6344a7695fe68cf848eb54f194e2f70c14f9a67c0ec96,12000,16,1,180000,0.9967717459283101,1,0.5305783486646668,0.531623992137858,0,1,172800,0.0,-0.054743384842877926,-303.0000012079539,-29.87862922595736,0.04044068360302691,-0.00017130046161188,-2.1275174731272273e-05,0.08333333333333333,0.0,600.0,97.91258314310906,5.775677625101924,0,1,0
S7_p006_t001_s67837340,2026-10-03T00:44:00Z,S7,6,2,0,0,031353588e0fa18b72a061823ad19efaf4306fa76ae23aad46eb1aa1639e99b7,12000,16,1,180000,0.9967684457593968,1,0.5305173692356894,0.531623992137858,0,1,172800,0.0,-0.053754159189076584,-303.0000017248191,-29.972912417697554,0.04194065375445307,-0.00018310112570947025,-2.2740793610864785e-05,0.08333333333333333,0.0,600.0,82.37883204223927,5.465606564972363,0,1,0
S7_p006_t002_s1202997263,2026-10-03T00:44:15Z,S7,6,2,0,0,f66b67c72e6a7f75159194de303e4137fe3de0a03772bb1f9fa1303fc5540641,12000,16,1,180000,0.9967012003311162,1,0.529219508240417,0.5302036272884406,0,1,172800,0.0,-0.05453093523185586,-303.0000000085432,-29.792603693131724,0.04563743111014303,-0.00013426632843215058,-1.6675609458616236e-05,0.08333333333333333,0.0,600.0,103.61226405224876,5.0610232598918214,0,1,0
S7_p006_t003_s902359725,2026-10-03T00:44:30Z,S7,6,2,0,0,78873e9cf5815e0c6486f338a4db7f045f1448759494574cef8256a14abb9136,12000,16,1,180000,0.9965779648098776,1,0.5290967805355006,0.5299111188707443,0,1,172800,0.0,-0.05405167036054453,-303.00000052576615,-30.082673953680615,0.047677296862605634,-2.599967944694825e-05,-3.229108187952079e-06,0.08333333333333333,0.0,600.0,47.86125579114897,5.563442289757839,0,1,0
S7_p006_t004_s291698731,2026-10-03T00:44:45Z,S7,6,2,0,0,5440e7ffc2e8f36057347fe52a9be40a53f651262ba1e38da83b3c86215633fc,12000,16,1,180000,0.996570585454959,1,0.5290158780223189,0.5298739916717151,0,1,172800,0.0,-0.05483759436664553,-303.00000044474353,-29.9870345443213,0.045653037723102995,8.846332051712148e-05,1.0986967481585452e-05,0.08333333333333333,0.0,600.0,54.53729039546927,5.932814003295368,0,1,0
S7_p007_t000_s526185734,2026-10-03T00:45:00Z,S7,7,2,0,0,c70f5a2a1125e884be28a0f604be6f78ecf112fb27d5d6fa4d7d5d88c7e9268f,12000,16,1,180000,0.9966118228615056,1,0.5212101804045853,0.5220729717626843,0,1,172800,0.0,-0.043593566474277444,-302.9999983934049,-29.806103868976678,0.02831702972464828,-0.00012915159057459965,-1.6040369246184127e-05,0.08333333333333333,0.0,600.0,78.69344389647335,5.840214410304636,0,1,0
S7_p007_t001_s318655740,2026-10-03T00:45:15Z,S7,7,2,0,0,9cce21e75a18aec1c2681cccf121d938b1adfa12c9ebd50ac73e135fe05d3a7c,12000,16,1,180000,0.9965934065990217,1,0.5212273386155905,0.5220729717626843,0,1,172800,0.0,-0.04316122987239522,-302.9999983898846,-29.79357681968381,0.030907194583917767,-0.00018522630560898124,-2.3004736704024253e-05,0.08333333333333333,0.0,600.0,80.2405782863939,5.774477800310047,0,1,0
S7_p007_t002_s1737849473,2026-10-03T00:45:30Z,S7,7,2,0,0,062d0a313396a5c15c62ada61bbc33193609323ff1b11c478cc6aeab2792e4ed,12000,16,1,180000,0.5265467791383008,1,0.29324920438453644,0.5196156555619112,0,1,172800,0.0,-5.579752920212126,-302.9962098117497,4.114950468531278,41.25224879954437,833.3468759891581,103.50001530410145,7.5,0.0,600.0,7.203479388628237,19.51333520004259,0,1,0
S7_p007_t003_s438300082,2026-10-03T00:45:45Z,S7,7,2,0,0,35da712b646343c9deb64c1aa2b88d2f3829f9d8b20ec01430132bd394797af5,12000,16,1,180000,0.8467915155780027,1,0.5080191836741148,0.5232371159668855,0,1,172800,0.0,-0.0449079180770871,-294.37500054714775,-29.976584442018428,0.03201733677847858,-0.000504780496297266,-6.269272807912785e-05,0.08333333333333333,0.0,600.0,42.154843610060595,5.7539647044550835,0,1,0
S7_p007_t004_s994742111,2026-10-03T00:46:00Z,S7,7,2,0,0,2b21383e3823ae5340a240dc64837e2164a7bde2152f4619c5abd07f8e67428d,12000,16,1,180000,0.8469590610146844,1,0.5079268839450186,0.5232371159668855,0,1,172800,0.0,-0.04429213690971068,-294.3749986425264,-29.96201783563725,0.022197900986485785,-0.0003279234634844735,-4.0727438317844644e-05,0.08333333333333333,0.0,600.0,54.67928223850194,5.361683585071204,0,1,0
S7_p008_t000_s434073307,2026-10-03T00:46:30Z,S7,8,2,0,0,31a196e7659628bb1809f4af4ead5bfca2e11f4c13ee49d7928afcc0ee0992a1,12000,16,1,180000,0.8478702250465517,1,0.508464325545495,0.5191450223152942,0,1,172800,0.0,-0.060067472427881165,-305.0416664100534,-29.849148420130632,0.042306331872872346,-0.0001823428094757141,-2.264661225126474e-05,0.08333333333333333,0.0,600.0,78.64037918925412,5.947244073583646,0,1,0
S7_p008_t001_s1584181983,2026-10-03T00:46:45Z,S7,8,2,0,0,995300a356588019a480ed9b9d088d341ab30679821e7b8842b0611a5fea0cd0,12000,16,1,180000,0.8474196486118623,1,0.5085735558182792,0.5191450223152942,0,1,172800,0.0,-0.059959456011996,-305.0416657298829,-29.929493539868485,0.03803664045077954,-0.00018961780778454693,-2.3550152491225163e-05,0.08333333333333333,0.0,600.0,53.73016755923789,5.71431778489878,0,1,0
S7_p008_t002_s69311790,2026-10-03T00:47:00Z,S7,8,2,0,0,80c88d48d3fd158469bb88db49e031484d9c8b1f518d7b81fff9de1bba98d27d,12000,16,1,180000,0.8478698616919109,1,0.5096555298415242,0.5175979408315418,0,1,172800,0.0,-0.05948268842099549,-305.0416637321414,-29.877281889727193,0.05343958423997394,-0.00016320020073711493,-2.02691385311482e-05,0.08333333333333333,0.0,600.0,86.2153818940854,5.893090256426099,0,1,0
S7_p008_t003_s449200011,2026-10-03T00:47:15Z,S7,8,2,0,0,5665a204f9c0eb11e00bc17258cd8ef1a2ce0ab8a990309d76c499f76cd8cec1,12000,16,1,180000,0.8487404635804459,1,0.5095713047510246,0.5213817679223924,0,1,172800,0.0,-0.058445978122272126,-305.04166816480813,-29.83989798038442,0.03893490036613739,-0.00013698946679009585,-1.7013817796396324e-05,0.08333333333333333,0.0,600.0,69.82870322759908,5.7343765026301,0,1,0
S7_p008_t004_s63363653,2026-10-03T00:47:30Z,S7,8,2,0,0,3cc0a6ae2ebab8c5beba67ded008f2d8fef71c77ab4d3920fe53e1a74a1e377e,12000,16,1,180000,0.8485167843003144,1,0.5087442308452623,0.5213817679223924,0,1,172800,0.0,-0.059138919317399286,-305.04166814553963,-29.972212413371647,0.03352840536202711,-0.00014044081310737787,-1.7442468106310116e-05,0.08333333333333333,0.0,600.0,52.98566754515013,5.976038634512194,0,1,0
S7_p009_t000_s244638474,2026-10-03T00:47:45Z,S7,9,2,0,0,9c9d6b8703dd7e287da01181c024ecff1cfd552381e102017b7ed9f76f645c02,12000,16,1,180000,0.8473589125502824,1,0.5084414110025661,0.5185299109364768,0,1,172800,0.0,-0.058438118902643985,-305.04166491748947,-29.895565396501045,0.030565384065836386,-0.00024036681833660608,-2.9853078103769803e-05,0.08333333333333333,0.0,600.0,59.86338031387011,5.823854707074578,0,1,0
S7_p009_t001_s1024747382,2026-10-03T00:48:00Z,S7,9,2,0,0,e0323762110f9d2c2d67040d5c64d97ff656a76341d97ea3ddd8a2a71e1c4790,12000,16,1,180000,0.8483528339126492,1,0.5118237538826846,0.5193471255338729,0,1,172800,0.0,-0.059413659719046226,-305.04166416276894,-29.91421104247882,0.044394036079823826,-0.0008460791149084832,-0.0001050813339134038,0.08333333333333333,0.0,600.0,65.87208264223749,6.050977673957955,0,1,0
S7_p009_t002_s1710014650,2026-10-03T00:48:15Z,S7,9,2,0,0,3513cb610fdadc68ea3c71b057c02735503f483b8c41be8cbd4cbbdb9faee067,12000,16,1,180000,0.8478353115015291,1,0.5118171322579983,0.5193471255338729,0,1,172800,0.0,-0.059136762856805566,-305.0416650622598,-29.693664088105418,0.045222833670718485,0.00017047203553517332,2.1172285869397456e-05,0.08333333333333333,0.0,600.0,116.38372184353352,5.7917955017131195,0,1,0
S7_p009_t003_s884232894,2026-10-03T00:48:30Z,S7,9,2,0,0,b929c83acdbde2f7bab3060628f0c616251e5477869efe6526a14f5a6db5775f,12000,16,1,180000,0.8476852236259435,1,0.5096778301562803,0.5185942515513206,0,1,172800,0.0,-0.05947554469699481,-305.0416621693512,-29.677960726800492,0.04189432503581998,-0.0004864490351546506,-6.041599726813729e-05,0.08333333333333333,0.0,600.0,71.23671180184888,5.832354615286045,0,1,0
S7_p009_t004_s381684354,2026-10-03T00:48:45Z,S7,9,2,0,0,3960fbbb2ef2dadea031c126638b8e3188f7a908811b8bf2ac87c83cb9340795,12000,16,1,180000,0.8471228694308688,1,0.5067081092779504,0.5157235389015721,0,1,172800,0.0,-0.05736011190043705,-305.04166279881673,-29.877253135579714,0.03696366972148647,-0.0004381944711556041,-5.442287692858372e-05,0.08333333333333333,0.0,600.0,51.63285723110111,5.752877339346092,0,1,0
S7_p010_t000_s1725325771,2026-10-03T00:49:00Z,S7,10,2,0,0,0e5a55be869cf5efbc92e27fb70f2940e499e862c0927b848a6d526e2e4b0b93,12000,16,1,180000,0.6590979255327507,1,0.4404422953630223,0.5242532269908602,0,1,172800,0.0,-3.528445696579615,-293.92591061506636,0.874029762782284,32.37598607960478,1073.244870663342,133.29486644664576,3.1666666666666665,0.0,600.0,8.99727947155965,25.074381939605605,0,1,0
S7_p010_t001_s225898935,2026-10-03T00:49:15Z,S7,10,2,0,0,1447e85fab261d0015eb7944f5ff60e376816672d2ab763ba1b2950facb1c0f6,12000,16,1,180000,0.9582313434637979,1,0.5254753840843632,0.5272178306604747,0,1,172800,0.0,-0.06969773135915198,-293.9338817373452,-24.752572702587415,0.01810479372232466,0.00017480411570106467,2.171032156184083e-05,0.08333333333333333,0.0,600.0,22.593212921356827,14.764640360451986,0,1,0
S7_p010_t002_s121109330,2026-10-03T00:49:30Z,S7,10,2,0,0,b8b2eecffb26d83ce69a0bb5304875ab1617dd2f7f1b31c27a36579abbadf344,12000,16,1,180000,0.9581961843338568,1,0.5290941720485238,0.5282837824331416,0,1,172800,0.0,-0.06958993168118435,-293.93391388561577,-24.81477746556437,0.02107443409107325,0.002558239044358737,0.0003177281728312664,0.08333333333333333,0.0,600.0,22.176238668571777,14.920900416325477,0,1,0
S7_p010_t003_s1579862089,2026-10-03T00:49:45Z,S7,10,2,0,0,a2c8a2e2ae595c00dac5c751e6e41086229bd6d7b10466b5f8a6b1e53b923ba3,12000,16,1,180000,0.9582328186322132,1,0.5260072108392686,0.5282837824331416,0,1,172800,0.0,-0.07019327594466125,-293.93389459961935,-24.720919604361576,0.01376491870470232,0.005993576371428967,0.0007443901981787349,0.08333333333333333,0.0,600.0,41.03415881491074,14.94337054550805,0,1,0
S7_p010_t004_s535444324,2026-10-03T00:50:00Z,S7,10,2,0,0,991cd983009ebc403a494d68b794f4cb05210564f78445f55bebd3e82e12b324,12000,16,1,180000,0.9581638978832633,1,0.5266815464693823,0.5279076612815669,0,1,172800,0.0,-0.07052491327066904,-293.9338958454664,-24.72940287279618,0.012751854786126723,0.005843918819800514,0.0007258030295815843,0.08333333333333333,0.0,600.0,42.3948854074611,14.905826620992242,0,1,0
S7_p011_t000_s204855309,2026-10-03T00:50:15Z,S7,11,2,0,0,56dfff678701bfea967debb82cbb5ab6575a8ee45cd4eae87d8ab68b03a74552,12000,16,1,180000,0.9544733905138558,1,0.4455458203784529,0.45231929108613933,0,1,172800,0.0,-0.06621238209895737,-293.9336040666579,-23.858844606757348,0.037055542101836716,0.04839236734488974,0.0060102352395006164,0.08333333333333333,0.0,600.0,19.253243681405756,13.413116398441087,0,0,0
S7_p011_t001_s469311326,2026-10-03T00:50:30Z,S7,11,2,0,0,85e62dc4fe46a205b54b4dbb80fcd609bc0fc3b2b1ca76306659129a1946f95e,12000,16,1,180000,0.9542204951038139,1,0.4480709094710485,0.45231929108613933,0,1,172800,0.0,-0.06813732800483599,-293.9335875537872,-23.76707484118218,0.03472555687453833,0.04601538546560605,0.00571501884405734,0.08333333333333333,0.0,600.0,34.391618484733804,13.382115614352317,0,0,0
S7_p011_t002_s1591257218,2026-10-03T00:50:45Z,S7,11,2,0,0,46c082973370b994267f8178b027ada767988a8a929ecbd589a9e5f71922f19f,12000,16,1,180000,0.9541299544405232,1,0.4469041506776817,0.4518750769272966,0,1,172800,0.0,-0.06950013778360599,-293.93359713489673,-23.61060741455969,0.03944690035016363,0.04909162971155347,0.006097082226915518,0.08333333333333333,0.0,600.0,66.32848862584875,13.505031590147583,0,0,0
S7_p011_t003_s912460123,2026-10-03T00:51:00Z,S7,11,2,0,0,20baa16ad9e8493747127c4361b809e66b455c0686d2398b769714a152041fe2,12000,16,1,180000,0.9539527068062973,1,0.44699113188499817,0.45187507692729667,0,1,172800,0.0,-0.06883507271680898,-293.9336022304954,-23.716619036855878,0.02914256256534243,0.05069153697576565,0.006295787509316142,0.08333333333333333,0.0,600.0,47.50471117571169,13.27762766181922,0,0,0
S7_p011_t004_s1430561939,2026-10-03T00:51:15Z,S7,11,2,0,0,a729735fa4104c4c628fc0f5765b959a8b6df0517fceb9bbe48bc6979238a4d5,12000,16,1,180000,0.9542474818028112,1,0.4464326496880356,0.4515977985426414,0,1,172800,0.0,-0.0671002184087691,-293.9336008015604,-23.765062121230383,0.03811470738815218,0.05190314801100273,0.006446267176670517,0.08333333333333333,0.0,600.0,43.49584997753189,13.379477924528487,0,0,0
S7_p012_t000_s516013663,2026-10-03T00:51:45Z,S7,12,2,0,0,4765bdc40502032b30864d4471fa87291dbda797c97884bb7e1d8092b95b42fd,12000,16,1,180000,0.9524787656130457,1,0.4057915893736471,0.40891764220161214,0,1,172800,0.0,-0.06717324653799744,-293.9334814058693,-23.40880543302084,0.0370935238532269,0.04549300086300281,0.005650139721183223,0.08333333333333333,0.0,600.0,39.519669571328656,12.73946205592651,0,0,0
S7_p012_t001_s603633460,2026-10-03T00:52:00Z,S7,12,2,0,0,984a6440a3873bb6695a44610bf48c9efbdd710cec35e516f3589b47d2ae1361,12000,16,1,180000,0.9522987497563107,1,0.40486645359919593,0.40980042810956596,0,1,172800,0.0,-0.06690531277837851,-293.9334521418374,-23.358174463781904,0.0327740674252374,0.044139608451337374,0.0054820510904391995,0.08333333333333333,0.0,600.0,27.669439480795063,12.891621279345806,0,0,0
S7_p012_t002_s71905326,2026-10-03T00:52:15Z,S7,12,2,0,0,0cd7649dd280c32a2db790a447faf63c0d90594434df1b4080d2cf9e25407fda,12000,16,1,180000,0.812657031588667,1,0.3850873672316154,0.41032089237967717,0,1,172800,0.0,-1.4293731183696674,-293.934916207673,-4.272942093569746,35.526364488339574,944.160938384327,117.26290022545663,5.666666666666667,0.0,600.0,28.813347237871643,31.236342687350948,0,0,0
S7_p012_t003_s1310018168,2026-10-03T00:52:30Z,S7,12,2,0,0,ab9386d1406445c323eb1945f35794b7ac8d307b987e8aa1672ad1ddad6bb48e,12000,16,1,180000,0.9955998164281953,1,0.4103467869938319,0.4115563588735712,0,1,172800,0.0,-0.05365917496871791,-284.16666655036653,-29.095604814698834,0.03866472054248791,-8.31935596472098e-06,-1.0332473721064162e-06,0.08333333333333333,0.0,600.0,51.295456232393704,6.072148081951535,0,0,0
S7_p012_t004_s1348406889,2026-10-03T00:52:45Z,S7,12,2,0,0,dea4d7b0c34a1f74e942c85a9405bb3ea94ef16595970e3cf561d52053b8d2a6,12000,16,1,180000,0.9953868586710164,1,0.410419770124604,0.4115563588735712,0,1,172800,0.0,-0.05365054117663193,-284.16666744293013,-29.088308927172854,0.0383122793857722,-0.0003738612318324354,-4.6432817271124804e-05,0.08333333333333333,0.0,600.0,51.22839304081219,6.02902909358361,0,0,0
S7_p013_t000_s1579884569,2026-10-03T00:53:00Z,S7,13,2,0,0,785ca696bd46e425663350dde1ded533ee2ca3fbc9ec0f02ecee58e0a1f03b7b,12000,16,1,180000,0.9952018777875858,1,0.37447223768019094,0.3758831749902286,0,1,172800,0.0,-0.051835061722545074,-284.1666656102643,-28.8342102089927,0.053961055187503354,3.872198334496752e-05,4.809192887478275e-06,0.08333333333333333,0.0,600.0,58.96978584846716,5.935112782261578,0,0,0
S7_p013_t001_s1427301707,2026-10-03T00:53:15Z,S7,13,2,0,0,38ca1ad2d9f51ecbcbecb3ea5463c904a8354fb7cc4009c10aa003bd51b6ffd8,12000,16,1,180000,0.9950848480460089,1,0.37485961712512283,0.3761492632807654,0,1,172800,0.0,-0.05327745573998313,-284.16666550820264,-28.658816545341036,0.043860915928860614,-0.0003403856821268887,-4.227522094879532e-05,0.08333333333333333,0.0,600.0,90.4604556931407,5.995312322216329,0,0,0
S7_p013_t002_s773490239,2026-10-03T00:53:30Z,S7,13,2,0,0,2c8414072ece892b766d508489eb7abdc480b7550b68251c1027fbecd50daaaa,12000,16,1,180000,0.9949009697743333,1,0.3747734671319687,0.37614926328076553,0,1,172800,0.0,-0.050803913484860144,-284.1666673275383,-28.40808936905754,0.03030666896416539,-5.0328724964377745e-05,-6.250726983125787e-06,0.08333333333333333,0.0,600.0,110.18173844648709,5.756512491939084,0,0,0
S7_p013_t003_s811508310,2026-10-03T00:53:45Z,S7,13,2,0,0,5c91185a25532365954538424c7dad5ff855f4ccdbc6d682680d0fd22e87b93e,12000,16,1,180000,0.9951938111703322,1,0.3748917620664049,0.37662107669554673,0,1,172800,0.0,-0.0510992184746863,-284.1666656293843,-28.766866356959273,0.042536314774278446,2.0421340802107357e-06,2.5362896849401295e-07,0.08333333333333333,0.0,600.0,51.75362084169809,5.880128392743523,0,0,0
S7_p013_t004_s1152378489,2026-10-03T00:54:00Z,S7,13,2,0,0,97fa871626a2e993306716589d8cf077583c058d75631d1e90841351a917dc56,12000,16,1,180000,0.9954034315718788,1,0.416224632677303,0.418668082892591,0,1,172800,0.0,-0.05167287042289087,-284.16666551538765,-28.776198927815315,0.02241782468280947,-0.0001573908965139723,-1.9547634565242333e-05,0.08333333333333333,0.0,600.0,59.37890547926366,5.7469487444707825,0,0,0
S7_p014_t000_s169517745,2026-10-03T00:54:15Z,S7,14,2,0,0,14a99513125ab3df9bb489ce390f65e00cf13f6e7b8f137fb4efd224a37e1942,12000,16,1,180000,0.9964292444550606,1,0.5339919126620296,0.5355012409278291,0,1,172800,0.0,-0.06493648377498043,-284.166663937441,-29.7903022303592,0.057258603967407604,0.0001521784925842017,1.890026442197268e-05,0.08333333333333333,0.0,600.0,106.20626382749201,5.8136965272396255,0,1,0
S7_p014_t001_s1958578526,2026-10-03T00:54:30Z,S7,14,2,0,0,bf5b6bf7b128c039412669e9b3d624f6290140ac8db4fff1f7b611a7205b1db9,12000,16,1,180000,0.9964123630182493,1,0.5339295418262044,0.5355012409278291,0,1,172800,0.0,-0.06359419213032451,-284.16666432959516,-29.74201323814785,0.05510770850113794,-0.00015147163466112173,-1.8812474081641994e-05,0.08333333333333333,0.0,600.0,107.12994732920018,5.9375405611717715,0,1,0
S7_p014_t002_s300372675,2026-10-03T00:54:45Z,S7,14,2,0,0,371922b3a73153e1a6d7924b66c56f83ebc922a482990a0fa77ea94cfab0a0bd,12000,16,1,180000,0.9964798036326327,1,0.5322055763720716,0.5333600952674142,0,1,172800,0.0,-0.06505763837581623,-284.1666641591297,-29.921805471387337,0.050511026344430235,0.0001372813812113971,1.70500729836931e-05,0.08333333333333333,0.0,600.0,63.39203524577076,6.149152492149116,0,1,0
S7_p014_t003_s1706399720,2026-10-03T00:55:00Z,S7,14,2,0,0,cb062776cce00f4e15598985754d4434b5e7f4cbed7329c89f61b26878e0f7fb,12000,16,1,180000,0.9965098005254941,1,0.5321994051693462,0.5339815998564005,0,1,172800,0.0,-0.06565043937147962,-284.1666654669668,-29.871709648291702,0.05512814889286514,-0.00013943381343810057,-1.7317400761385215e-05,0.08333333333333333,0.0,600.0,102.15563253596697,5.375966164802376,0,1,0
S7_p014_t004_s1200012924,2026-10-03T00:55:15Z,S7,14,2,0,0,d5d53e823fc33e70d309baa2476647ced5789ef29ffd6fde6f839eabf958bfbc,12000,16,1,180000,0.9964276551024378,1,0.532126076804143,0.5339815998564005,0,1,172800,0.0,-0.06430860598583679,-284.1666637067289,-29.737537987258094,0.04922742560085572,-0.00041849267161144096,-5.1975952828797745e-05,0.08333333333333333,0.0,600.0,96.24267676610164,5.883251810394826,0,1,0
S7_p015_t000_s1755520088,2026-10-03T00:55:30Z,S7,15,2,0,0,4d1abed1c1cdcf10ef024e46b6a55148382ef23111c9e3dd6445c5f9ec7cf289,12000,16,1,180000,0.9962472139367115,1,0.5185113751971613,0.520557629727911,0,1,172800,0.0,-0.05983187166069065,-284.16666414180384,-29.85926051338079,0.04279789984838825,-0.0001777383524967304,-2.2074747903388925e-05,0.08333333333333333,0.0,600.0,76.85070831740481,6.078284438770641,0,1,0
S7_p015_t001_s1047827504,2026-10-03T00:55:45Z,S7,15,2,0,0,1c233a1f5762abc0fbdaf8656aa1ee223e293aa992242c42eae46490400f7b86,12000,16,1,180000,0.7988818498543144,1,0.49379087169340374,0.520557629727911,0,1,172800,0.0,-1.9804932572008551,-284.1654550601985,-2.544680293276023,38.709316365206135,827.6755072773158,102.79564265282806,6.666666666666667,0.0,600.0,15.325207257928371,25.18548747580411,0,1,0
S7_p015_t002_s1284285689,2026-10-03T00:56:00Z,S7,15,2,0,0,37c61ef599098339565ab8944f933d45118ba35cf79d21dadd95419a9df32154,12000,16,1,180000,0.9569103809636701,1,0.5129552267580882,0.5186439775608325,0,1,172800,0.0,-0.07023249617574377,-263.350500065535,-24.55209535870346,0.03149244856945203,0.05381181625183579,0.006683319954845501,0.08333333333333333,0.0,600.0,37.5861832940354,14.935989618161278,0,1,0
S7_p015_t003_s734715196,2026-10-03T00:56:15Z,S7,15,2,0,0,b3e6d3a0d2451fd532c3d05ec22aae35f1d7b60b81bf22114f6aca38fbc74e58,12000,16,1,180000,0.9571856634254272,1,0.5149002950064886,0.519670351524659,0,1,172800,0.0,-0.07115925178018839,-263.35051865973526,-24.630369351839107,0.04007089153912924,0.055798536351387505,0.006930066617769626,0.08333333333333333,0.0,600.0,31.33196086683684,15.34720409824384,0,1,0
S7_p015_t004_s1450783488,2026-10-03T00:56:30Z,S7,15,2,0,0,338a76126908129fd17dca15c4f717fd1373e7d5ac94d44f2ae522b8dfbda9ee,12000,16,1,180000,0.957001160041467,1,0.516461986440108,0.519670351524659,0,1,172800,0.0,-0.07322831095932517,-263.3505057385779,-24.56009210198686,0.03775615192367565,0.055896838681050276,0.006942275570509082,0.08333333333333333,0.0,600.0,34.63283494564856,15.131263962779924,0,1,0
S7_p016_t000_s313172177,2026-10-03T00:57:00Z,S7,16,2,0,0,a9f06c85b20469c60fee90644fae6326c8e41e28e36f1244af77b71f0c5ea51d,12000,16,1,180000,0.9579124853296341,1,0.5139779572966741,0.5191460956900235,0,1,172800,0.0,-0.0709471338135975,-294.68386320866074,-24.61727697338199,0.044381386075203415,0.0646542566815279,0.0080299293713324,0.08333333333333333,0.0,600.0,38.31104354235881,14.08636426689564,0,1,0
S7_p016_t001_s95670008,2026-10-03T00:57:15Z,S7,16,2,0,0,6ad8116510f9c9fe31b778e67912d2abf77ab4319f39bc797ff4c5e3bbf3a37d,12000,16,1,180000,0.9576700844544049,1,0.5142713115831518,0.5211593739572735,0,1,172800,0.0,-0.0703915151650557,-294.6838526578783,-24.577185053843714,0.03913750412817708,0.06315709833964377,0.007843985299587075,0.08333333333333333,0.0,600.0,45.0298268634793,14.607235404498791,0,1,0
S7_p016_t002_s762227068,2026-10-03T00:57:30Z,S7,16,2,0,0,c388453b632a2ba76c442c692baf7e8d077dcaeae41823b506bd3be34f96ebb1,12000,16,1,180000,0.957805112866306,1,0.5154853334606475,0.5211593739572736,0,1,172800,0.0,-0.07068848970695694,-294.68386273778617,-24.592396182580607,0.04514831831740393,0.06020953398431022,0.007477903701783362,0.08333333333333333,0.0,600.0,57.07310404199276,14.070594312050027,0,1,0
S7_p016_t003_s804352794,2026-10-03T00:57:45Z,S7,16,2,0,0,ca352d5c11669773dd0ef6da8b3aea75fffeeac2062f8bd1b187ac88129dde10,12000,16,1,180000,0.9578437237067662,1,0.5175196881048122,0.5214470255829986,0,1,172800,0.0,-0.07026630303175636,-294.6838644798572,-24.612697475809643,0.028215358195711176,0.06429683061313997,0.007985537768490758,0.08333333333333333,0.0,600.0,39.73164721539575,14.464608071953771,0,1,0
S7_p016_t004_s1354763437,2026-10-03T00:58:00Z,S7,16,2,0,0,ae08e0e92c726d4abd2c19efa79a3a9c6f8fb9af58b951b0f90eb532bc570dd9,12000,16,1,180000,0.9577593785866624,1,0.51578001837607,0.5214470255829986,0,1,172800,0.0,-0.07093234242139963,-294.68386267898313,-24.641746956327722,0.042045539590296256,0.05793901262369365,0.007195909489837504,0.08333333333333333,0.0,600.0,31.761452719067623,14.237402937703369,0,1,0
S7_p017_t000_s1440417717,2026-10-03T00:58:15Z,S7,17,2,0,0,73edc4c3d0eee502d3a114e31b5a6c94fdf5272dbfb92ee7443baee7273e49cf,12000,16,1,180000,0.957438289373461,1,0.5103464305113927,0.5129358880074271,0,1,172800,0.0,-0.07036323212209823,-294.68383331567384,-24.524393132473325,0.03220221910546138,0.05325305623295777,0.006613923078020889,0.08333333333333333,0.0,600.0,38.11195751935414,15.077549084433425,0,1,0
S7_p017_t001_s1958295760,2026-10-03T00:58:30Z,S7,17,2,0,0,0b9fc8485f70bec72f246a0764a92963b9852166548ab9e46814bf7ab93a6cfa,12000,16,1,180000,0.9573849657852368,1,0.5117395863338499,0.5153969240471419,0,1,172800,0.0,-0.06944487013717038,-294.683838172572,-24.56196164455834,0.051110014247562764,0.051773738422210884,0.006430194764561747,0.08333333333333333,0.0,600.0,32.68896701001716,15.20484995702591,0,1,0
S7_p017_t002_s1141094124,2026-10-03T00:58:45Z,S7,17,2,0,0,9f599e91332509e9ae9f8a2b3b499f7ae43b9162b5198ab2dd06347fd94180bc,12000,16,1,180000,0.9576896698812258,1,0.5107330184159358,0.5167923516845173,0,1,172800,0.0,-0.06845776335976345,-294.68386498552115,-24.650189371115303,0.04362959447847647,0.05084322430401035,0.006314626772109477,0.08333333333333333,0.0,600.0,29.174856769141076,15.342331840276938,0,1,0
S7_p017_t003_s678609270,2026-10-03T00:59:00Z,S7,17,2,0,0,4081a1fc436daa86b131813d9f6b3362ee160a44171cd39d27e81ae2e7feafa0,12000,16,1,180000,0.957506226484189,1,0.5105035131101346,0.5167923516845172,0,1,172800,0.0,-0.06844639307321548,-294.6838399843922,-24.521322674408033,0.03854775270055976,0.0502707890614888,0.0062435314598587865,0.08333333333333333,0.0,600.0,41.91520528597066,15.252098328536437,0,1,0
S7_p017_t004_s2097649527,2026-10-03T00:59:15Z,S7,17,2,0,0,5a8ca1c0310527ad82ed6e16f86dc664d277792d570625e2426fa8d37ae1420d,12000,16,1,180000,0.9573571744647396,1,0.5097480770677636,0.516102839019976,0,1,172800,0.0,-0.0699516945184754,-294.68383181245065,-24.447751905142056,0.04323633717715747,0.05254595889362489,0.006526103002670425,0.08333333333333333,0.0,600.0,49.464419868468376,15.327223530772788,0,1,0
S7_p018_t000_s54616312,2026-10-03T00:59:30Z,S7,18,2,0,0,7541115c2f21ee6eddd44186b22b4ad4a8c454700d87829700c45c36809e3fd5,12000,16,1,180000,0.9576672448586635,1,0.5149225337151252,0.5214536280039387,0,1,172800,0.0,-0.06740477364260788,-294.6838657927201,-24.56284761137022,0.027622318420874037,0.055719275138154126,0.006920222533608467,0.08333333333333333,0.0,600.0,43.38162520586606,14.679568019417623,0,1,0
S7_p018_t001_s952590612,2026-10-03T00:59:45Z,S7,18,2,0,0,cf399ad457652b4f05f8518f5425f438f66d0e6b3edcf022c165f3eed21a7d01,12000,16,1,180000,0.957856604720056,1,0.5162312820455566,0.5214536280039387,0,1,172800,0.0,-0.06747686520035975,-294.68387069379366,-24.717693224147723,0.03387660812802591,0.053944521702587234,0.006699801706417929,0.08333333333333333,0.0,600.0,7.922957411932188,14.768359071878711,0,1,0
S7_p018_t002_s42992291,2026-10-03T01:00:00Z,S7,18,2,0,0,c0618a33668e62328523358c395d7da1de78b7650105b179a759f282da3d0d94,12000,16,1,180000,0.957559246572223,1,0.5180264409162253,0.518290137308101,0,1,172800,0.0,-0.06765433879833029,-294.68385456060486,-24.560669779056497,0.03875560314438731,0.053191152621169975,0.0066062347732440685,0.08333333333333333,0.0,600.0,50.12934747556827,14.784080091516818,0,1,0
S7_p018_t003_s1754123281,2026-10-03T01:00:15Z,S7,18,2,0,0,d91630a853e74aad02d505cadaff852a1124e2611befd0e1cd7089b295fb2022,12000,16,1,180000,0.9575002543384492,1,0.5145806816367136,0.5199347640260285,0,1,172800,0.0,-0.0668269605956091,-294.6838448576418,-24.55459735731322,0.036788356837669,0.05318979905596618,0.0066060666631528875,0.08333333333333333,0.0,600.0,37.045033015916985,14.625896030061806,0,1,0
S7_p018_t004_s2136748643,2026-10-03T01:00:30Z,S7,18,2,0,0,d9b48d60b8e40b7e706d5586a5ea8309c56f8d2cc03be6c9071ad8de46d61b04,12000,16,1,180000,0.957527674423041,1,0.5144869244384589,0.5199347640260283,0,1,172800,0.0,-0.06693212688129271,-294.68386499740035,-24.60802684963522,0.0399186863359304,0.05341895686361091,0.006634527604546747,0.08333333333333333,0.0,600.0,38.74787588374409,14.764380566355129,0,1,0
S7_p019_t000_s2055416690,2026-10-03T01:00:45Z,S7,19,2,0,0,fedffb86624db1bd690f6245c3207a9514804da4039acaaaf3d251a787421770,12000,16,1,180000,0.9576807463252286,1,0.5194165928783233,0.5215612309893869,0,1,172800,0.0,-0.07054410363097938,-294.6838458400883,-24.606507766366157,0.03084337219072425,0.06463214248899142,0.008027182832847757,0.08333333333333333,0.0,600.0,36.34533553877169,14.678956384211475,0,1,0
S7_p019_t001_s2007325368,2026-10-03T01:01:00Z,S7,19,2,0,0,6f51fd091a36718beb1f8b187b077d32b6b5a499f4d45cf48e4146afeb1f468e,12000,16,1,180000,0.9576526919483607,1,0.518373929387408,0.5215612309893868,0,1,172800,0.0,-0.07092799271280667,-294.6838802013317,-24.719842364609175,0.0458184333574181,0.06637127694984425,0.008243179854616756,0.08333333333333333,0.0,600.0,19.112831863635105,14.738902698890135,0,1,0
S7_p019_t002_s1837273558,2026-10-03T01:01:15Z,S7,19,2,0,0,52a96bd7ce03239c7d28efb1478ffdf198ee7d6135c583846503ba4e6b596b73,12000,16,1,180000,0.9577441504007723,1,0.5161436348783783,0.5203377358061028,0,1,172800,0.0,-0.07089429832520301,-294.683845883065,-24.586784174519572,0.033636062574667565,0.058076333072798525,0.007212964414975431,0.08333333333333333,0.0,600.0,36.9288974842127,14.491573165416582,0,1,0
S7_p019_t003_s1703565559,2026-10-03T01:01:30Z,S7,19,2,0,0,6b4ffba13b809d7468ae02f46eabe3ee8a0306e33fbd68ef65675a581f2f8382,12000,16,1,180000,0.9578415734378588,1,0.5151266780933683,0.5203377358061028,0,1,172800,0.0,-0.07080823985101695,-294.6838661845983,-24.655619449777898,0.0372844124290138,0.066079410746452,0.008206930655887845,0.08333333333333333,0.0,600.0,35.89140245887428,14.698174714726486,0,1,0
S7_p019_t004_s989415578,2026-10-03T01:01:45Z,S7,19,2,0,0,2103187609c834d032606b2a64ac375ad280dd5a90925a382fb17de79b0507aa,12000,16,1,180000,0.957672657273978,1,0.5139107346233746,0.5200752091190527,0,1,172800,0.0,-0.06932201470346609,-294.68384777414576,-24.57873597108277,0.036855744491571585,0.06148468686490948,0.007636275139248028,0.08333333333333333,0.0,600.0,46.622752301728916,14.53797569929022,0,1,0
S7_p020_t000_s11753295,2026-10-03T01:02:15Z,S7,20,2,0,0,eeec6a22e8072b03ba2ccd06568002211de8a09bff9907c1722227b7ba8798f2,12000,16,1,180000,0.9578720656478493,1,0.5228575161711785,0.5254288041486718,0,1,172800,0.0,-0.07049699111037407,-294.68386585065673,-24.65183118511986,0.039318186848932096,0.04694304391485142,0.0058302321681367175,0.08333333333333333,0.0,600.0,41.91008734751649,14.386252151367568,0,1,0
S7_p020_t001_s127051996,2026-10-03T01:02:30Z,S7,20,2,0,0,c28d4a65d6cbcd683eba59d5a8ab5de595dea277c954dc38e01233628e0c5fdf,12000,16,1,180000,0.9579213339130432,1,0.5237815620521102,0.5256669929855555,0,1,172800,0.0,-0.06925585818784336,-294.683879916464,-24.693289450891527,0.04846233852209622,0.06264822084791355,0.007780783732869168,0.08333333333333333,0.0,600.0,31.96661196136066,14.306701509040314,0,1,0
S7_p020_t002_s1814410164,2026-10-03T01:02:45Z,S7,20,2,0,0,d36dd6a592992aa4706ae9169d5a41eefb494ef923ba6aaf9cbf972ed4ccd464,12000,16,1,180000,0.9746424470315445,1,0.5143968141329424,0.5271756313819506,0,1,172800,0.0,-0.2543550182779356,-284.00049306720456,-13.36307358769599,7.094679031836254,0.1554635561780448,0.01930826275020081,5.583333333333333,0.0,600.0,147.81695985528756,32.224515409342295,0,1,0
S7_p020_t003_s622957244,2026-10-03T01:03:00Z,S7,20,2,0,0,91fc551fe231d7bac6ee0a8c6948b5e991f8ab7de33667dda70e0b96942211b2,12000,16,1,180000,0.9963003313774211,1,0.5274117361429732,0.5282992499915897,0,1,172800,0.0,-0.05911024205882889,-284.000000359998,-30.035384076620236,0.052054711670809155,3.386347155279353e-05,4.20577543991385e-06,0.08333333333333333,0.0,600.0,69.70658725523863,5.489584783918827,0,1,0
S7_p020_t004_s1019946476,2026-10-03T01:03:15Z,S7,20,2,0,0,0b156dbcf6c655c44640cf3b02bf95153cc20af943262f4daa97576a547141fc,12000,16,1,180000,0.9963000145314681,1,0.5274049747342798,0.5282992499915897,0,1,172800,0.0,-0.05885143216510398,-283.99999989206174,-30.121072471354474,0.04870441608276734,-2.444624919785813e-06,-3.036175257875584e-07,0.08333333333333333,0.0,600.0,43.84823542002192,6.019509236418869,0,1,0
S8_p000_t000_s1451638557,2026-10-03T01:03:45Z,S8,0,12,0,0,d9555d4321291cf88064dfdc344de137152f4525a0b27b2d84f9d50f671e243a,12000,16,1,180000,0.9981609421295035,1,0.7794736981738352,0.7813339612689649,0,1,172800,0.0,-0.0911809541632222,-304.6666645134277,-29.284976341467896,0.10394643266739305,-0.00021210983847766364,-2.634361771924887e-05,0.08333333333333333,0.0,600.0,113.96703860259113,15.65643036036342,0,1,0
S8_p000_t001_s686175255,2026-10-03T01:04:00Z,S8,0,12,0,0,fc506ac8eb92daefc768eaefcfe463bcce6784bcc49e8e6d0a6caeb494bfe0a8,12000,16,1,180000,0.9981923964766003,1,0.7798047918297795,0.782031835052609,0,1,172800,0.0,-0.08914184235327138,-304.66666504420454,-29.270131390968746,0.08917913702858538,-0.00014955782780964145,-1.857478309830185e-05,0.08333333333333333,0.0,600.0,103.18696519201531,15.21888892850219,0,1,0
S8_p000_t002_s147853078,2026-10-03T01:04:15Z,S8,0,12,0,0,1e0e505f5026fca88cebd002e4cd27a9208ffeff5b89a1f9520ef662ab843763,12000,16,1,180000,0.9981070482780521,1,0.7800591559262926,0.782031835052609,0,1,172800,0.0,-0.09095882977786493,-304.6666658445968,-29.391441321926678,0.0859658342691457,-1.956700981946401e-06,-2.430183485557791e-07,0.08333333333333333,0.0,600.0,99.3365629489656,15.37628936102294,0,1,0
S8_p000_t003_s1651849846,2026-10-03T01:04:30Z,S8,0,12,0,0,cde9203391b6dae66544f45f3ebb2e1a8f358f69cf049a2868b1948b832fd1c2,12000,16,1,180000,0.9981713880073184,1,0.7794469568365622,0.7812855341615296,0,1,172800,0.0,-0.08992845051239148,-304.66666475554604,-29.45844596794011,0.10609790994518448,-0.00012822277429139523,-1.5925012121442705e-05,0.08333333333333333,0.0,600.0,80.55609390515367,15.341635743187085,0,1,0
S8_p000_t004_s285589846,2026-10-03T01:04:45Z,S8,0,12,0,0,9cb5c83dfb4a28f85382f7e47e47eb593e427f81d3afbb97921a11a38e4bf9d6,12000,16,1,180000,0.9981111728177217,1,0.7788346264402336,0.7807268557375117,0,1,172800,0.0,-0.09012480723150379,-304.66666485619436,-29.30837372172909,0.10229581888928305,-4.1359472577871036e-05,-5.136763775226427e-06,0.08333333333333333,0.0,600.0,88.91633523542913,15.177292042224487,0,1,0
