slot,cycle_utc,scenario,part,n_truth_rows,oversize,after_oversize,wav_sha256,fs,bits,channels,n_samples,rho_peak,rho_sign,rho_neighbour_max,ref_vs_neighbour_ref_rho,lag_ambiguous,g_sign,n_support,lag_lost,g_db,tau_ms,resid_db,step_db_max,drift_ppm,drift_dlag_samples,zero_run_ms,head_zero_ms,tail_zero_ms,click_max,tile_excess_db,clip_n,nondiscriminating,ref_mismatch
S1_p000_t000_s913544046,2026-10-02T23:16:00Z,S1,0,1,0,0,50c212634eb335ff421856dc7ee683ab8f459ce1b1910437e9c24b4588148e3a,12000,16,1,180000,0.7911869861487977,1,0.0361296517997361,0.02956592747315697,0,1,172830,0.0,-2.8521369996561443,-397.472136122371,-7.612869704392199,0.19669665827513294,0.001874226600938068,0.00023283142218133435,0.08333333333333333,0.0,74.75,4.82453140599533,5.224268158659676,0,0,0
S1_p000_t001_s68344610,2026-10-02T23:16:15Z,S1,0,1,0,0,9acdde7600b4a3eb6dbd3636855a0ba76c17de29bdc59c0a6ce374e32516c211,12000,16,1,180000,0.7926597436925455,1,0.04065256983707584,0.030887026653478054,0,1,173727,0.0,-2.8272214663098088,-322.7221138661589,-7.638923347793285,0.17115461729467432,0.0017476176236431438,0.00021867065515834838,0.08333333333333333,0.0,0.0,5.006915674038353,5.418222081075913,0,0,0
S1_p000_t002_s205210819,2026-10-02T23:16:30Z,S1,0,1,0,0,44d6f8f558f94dde3313e087517f9c97ae48510ebe42610d7082428dfb9bd371,12000,16,1,180000,0.7915671419168236,1,0.05526194066190129,0.04584283300923298,0,1,173616,0.0,-2.8489102831582818,-331.97212975813693,-7.599168581715583,0.1154568759804406,0.002934590686839065,0.0003668649201244989,0.08333333333333333,0.0,3.0,4.879492386501429,5.618792887258216,0,0,0
S1_p001_t000_s1915168523,2026-10-02T23:16:45Z,S1,1,1,0,0,cb3fa7f35a4c736a7238f3b636cfb3169d42c99c2f52014df69db3f9f1d24e94,12000,16,1,180000,0.7572198281310801,1,0.08343242330376159,0.06898944693947938,0,1,173652,0.0,-3.144164276512807,-328.97219815110054,-5.36597862880818,8.828238591862359,0.01196300404188253,0.0014959736554374103,9.416666666666666,0.0,0.0,12.781913342029352,8.394468831004142,0,0,0
S1_p001_t001_s1105300121,2026-10-02T23:17:00Z,S1,1,1,0,0,21d6246ddc1be03f2e6e75c4e3a58ca96a9943fc3dc7761b03715742dbdebdfb,12000,16,1,180000,0.9285072317922013,1,0.08471957735619852,0.06898944693947938,0,1,173750,0.0,-2.625094081510906,-320.8389505351115,-8.434112782952209,0.3077957260015295,0.020168997042333964,0.002524109641854011,0.08333333333333333,0.0,0.0,5.145951822614629,9.014660763504963,0,0,0
S1_p001_t002_s1345625016,2026-10-02T23:17:15Z,S1,1,1,0,0,28559f2f153f55a0d4059a30c4a837446412609a422fa338b215885562496e77,12000,16,1,180000,0.9284784454769107,1,0.10493571497133619,0.08369050839214716,0,1,173683,0.0,-2.6412116316844108,-326.42225171250175,-8.435837504884379,0.24756674598546952,0.016066109704631508,0.0020095650679650134,0.08333333333333333,0.0,4.75,4.887199272691051,8.119463665540428,0,0,0
S1_p002_t000_s1491760006,2026-10-02T23:17:30Z,S1,2,1,0,0,d1c7592754fe376ff4ec40ba33b77f31ebd5ab4723cb217e85250313751eaade,12000,16,1,180000,0.9310856398054025,1,0.1293349642642214,0.10617227651817505,0,1,173740,0.0,-2.4917072249130108,-321.6725189490019,-8.638532776933848,0.42629340309493124,0.030832060279409056,0.0038582623592446907,0.08333333333333333,0.0,0.0,4.681820805743403,10.072074370506233,0,0,0
S1_p002_t001_s546635023,2026-10-02T23:17:45Z,S1,2,1,0,0,7fe22975c654c61a370374583272c89e699e2145a44d8484345cc531a1469d8c,12000,16,1,180000,0.9308103796219187,1,0.1320490788592069,0.10617227651817505,0,1,173665,0.0,-2.496641188113338,-327.92251517013693,-8.615917871086365,0.4065700136211612,0.02929475281383818,0.0036636896711570444,0.08333333333333333,0.0,4.333333333333333,4.597898073867546,10.432666473378758,0,0,0
S1_p002_t002_s714902369,2026-10-02T23:18:00Z,S1,2,1,0,0,4e0fae6349e4d50287743fb5018e1aa864bac83d0a44bb9bd161dccacc75db92,12000,16,1,180000,0.9307034230556784,1,0.18002638355569506,0.14670016776381692,0,1,173717,0.0,-2.5146582755019997,-323.5891548535983,-8.608424281366915,0.361426949001986,0.02628806781891438,0.0032890316051634727,0.08333333333333333,0.0,6.583333333333333,5.026068483357176,10.469506459704991,0,0,0
S1_p003_t000_s474144144,2026-10-02T23:18:15Z,S1,3,1,0,0,76fe44fde7ff9f534cc94974bbbe6631a19e33cb0d10cf98e4b68f4ef0062239,12000,16,1,180000,0.9358803534056325,1,0.24902579757567997,0.205272445875899,0,1,173796,0.0,-2.2151304283082,-317.00643747532195,-9.037842896121793,0.6908616740511468,0.05531051903082939,0.006924545119545655,0.08333333333333333,0.0,0.0,5.191547439680789,13.267974573484967,0,0,0
S1_p003_t001_s1226819330,2026-10-02T23:18:30Z,S1,3,1,0,0,d6418a6f5df8eefef2e7121567934fcf3d519dc0da1b6b49babf65bb6704acd2,12000,16,1,180000,0.9365378324854509,1,0.24914137899394334,0.2067914222664561,0,1,173678,0.0,-2.2009097095472145,-326.8397728479237,-9.089243753913221,0.6102111301219568,0.05770074698513522,0.007216978629912774,0.08333333333333333,0.0,5.666666666666667,4.812954595436709,13.332064933417119,0,0,0
S1_p003_t002_s1182452760,2026-10-02T23:18:45Z,S1,3,1,0,0,51873f4bc95c57434b358f556125688d1b2c92189dbde97013e71d0474a1fa9c,12000,16,1,180000,0.9363795763744586,1,0.3109496851808537,0.2618170648542017,0,1,173746,0.0,-2.2011997429278147,-321.1731023198566,-9.072069832477172,0.7020027663126095,0.05578602379694474,0.006981286162044853,0.08333333333333333,0.0,0.0,5.119671655787358,13.365629484194768,0,0,0
S1_p004_t000_s184630235,2026-10-02T23:19:00Z,S1,4,1,0,0,9aa759c3c7528f344e97a2098c9f7b12df1adbd272e83c1f6feaf358dcc5b45c,12000,16,1,180000,0.9437494491349164,1,0.3772354670357308,0.3240614133098152,0,1,173741,0.0,-1.8563338213839609,-321.5905650299501,-9.755856886578066,1.0554392133892136,0.09001959123537061,0.011264961627603043,0.08333333333333333,0.0,2.5,4.980129855777294,15.844369148797146,0,0,0
S1_p004_t001_s792672454,2026-10-02T23:19:15Z,S1,4,1,0,0,82c323eeecdd26ce61812a4f1487c366159df4a044bea36c521ecad5f9a5ad5f,12000,16,1,180000,0.943445661575977,1,0.37874913923775677,0.3244084884058915,0,1,173771,0.0,-1.8700689346801442,-319.0905399235883,-9.72867415363465,0.9557318119499075,0.08672941455398163,0.010855834090307326,0.08333333333333333,0.0,0.0,5.481808911628716,15.79254115559641,0,0,0
S1_p004_t002_s2116022063,2026-10-02T23:19:30Z,S1,4,1,0,0,a5a45b47197fe4e2cd915e76fda95883b23f4be5b775df1787e192d0c6a31c9e,12000,16,1,180000,0.9436310081006737,1,0.4662350680176095,0.40085981705685186,0,1,173722,0.0,-1.8612493129915189,-323.17390334194596,-9.746216317088486,0.9230610154335919,0.0851277433413051,0.010651183246864093,0.08333333333333333,0.0,0.0,4.664241903676967,16.02351693418856,0,0,0
S1_p005_t000_s528655056,2026-10-02T23:19:45Z,S1,5,1,0,0,5b151160ab26c7ea2ff5b504667edd86c51b551d0e94580a4d341553748a0687,12000,16,1,180000,0.9542938762517894,1,0.5509050752463303,0.49594440376218796,0,1,173622,0.0,-1.4037600039946443,-331.50852440202834,-10.937994763589016,1.5250591219053788,0.13321182407896673,0.01665414224635242,0.08333333333333333,0.0,11.833333333333332,4.4964776820103864,18.858266824880005,0,0,0
S1_p005_t001_s108725431,2026-10-02T23:20:00Z,S1,5,1,0,0,2209930d4d4c2babcb508bc146952d393efdef75b6804f58d6c5c8a99ef2e973,12000,16,1,180000,0.9544566013354806,1,0.5521001632246016,0.49594440376218807,0,1,173764,0.0,-1.4003429184095417,-319.67517298146834,-10.95849577757231,1.410732382182246,0.11367066591655173,0.014227247887447447,0.08333333333333333,0.0,0.0,4.6184274505956555,18.95048931460685,0,0,0
S1_p005_t002_s2006277236,2026-10-02T23:20:15Z,S1,5,1,0,0,7a9a0b5bb2ab005198d970f316a4e1638b2572f7675631bc4e5eeb2cd52ecfd7,12000,16,1,180000,0.5489012708868051,1,0.4522503172092741,0.575200827769748,0,1,173718,0.0,-5.809449256144509,-323.526548572839,2.9646506114521776,58.087697107038935,933.4740704629049,116.79254180003682,9.166666666666666,0.0,1.8333333333333333,6.801771930451609,24.820661625376633,0,1,0
S1_p006_t000_s147152921,2026-10-02T23:20:30Z,S1,6,1,0,0,8f8fc3ebe58cf3af0f0c1622443b482e47c5fc8ca49c76d229e65e33d09420b4,12000,16,1,180000,0.9042726360933925,1,0.6994738973023055,0.6695122953158428,0,1,173857,0.0,-0.9676682476418718,-311.9465583759623,-12.395025700930075,1.9314169908343695,0.19510201387036424,0.024437502747332474,0.08333333333333333,0.0,0.08333333333333333,4.8120932820625875,21.824235776525796,0,1,0
S1_p006_t001_s1953053430,2026-10-02T23:20:45Z,S1,6,1,0,0,ad4b51b3d89c3ac826fa07c095192c7fdd65ec12212bf0fa2c6eb3e3b7c0d11f,12000,16,1,180000,0.9039770067407423,1,0.7009310224850098,0.6695122953158428,0,1,173858,0.0,-0.9771291727786714,-311.86319228631385,-12.3168364938459,1.9849348273496532,0.21132716213077157,0.026469995019851922,0.08333333333333333,0.0,338.41666666666663,5.51278705380558,21.812691638481464,0,1,0
S1_p006_t002_s147567551,2026-10-02T23:21:15Z,S1,6,1,0,0,dcea138df47033d237a72f8a21d8f14e35af59d4668b64ba9cda4b3c6c89853c,12000,16,1,180000,0.9040994287111747,1,0.7584798254738514,0.7239516056757861,0,1,173586,0.0,-0.973964129628051,-334.5298692297717,-12.345283447660604,1.9861893276613518,0.20174655413512785,0.02521509132202482,0.08333333333333333,0.0,0.0,4.805659371419476,21.554504605923658,0,1,0
S1_p007_t000_s1402667823,2026-10-02T23:21:30Z,S1,7,1,0,0,7fb3b70d6dee0d3941afba00ab2d867cc33ad964bfe30d7ef16dd7b53facbd19,12000,16,1,180000,0.9183523206427037,1,0.8062195613633496,0.7888016545704567,0,1,173514,0.0,-0.6620030845519917,-340.53165595228654,-14.36516766029962,2.2508117862890047,0.17256539313351515,0.021555488387093646,0.08333333333333333,0.0,12.166666666666666,4.742544977033208,23.223918057125076,0,1,0
S1_p007_t001_s1425587327,2026-10-02T23:21:45Z,S1,7,1,0,0,95d75a922d75a76bea111976cb86c4c50454ecce52e4121044122ce794617a78,12000,16,1,180000,0.9182144593776389,1,0.8046017808072974,0.7888016545704567,0,1,173660,0.0,-0.6620642886199943,-328.3650306147495,-14.349377973240854,2.413132299387576,0.18514498783855182,0.023153861889113614,0.08333333333333333,0.0,0.0,4.508452995161895,23.198772823364422,0,1,0
S1_p007_t002_s718289455,2026-10-02T23:22:00Z,S1,7,1,0,0,ff3e42a1cb58e50a60a14015bd46500ab5ddd63cffdb9a06093a5572b55bb294,12000,16,1,180000,0.9180738708079847,1,0.855347819733957,0.8385280478656059,0,1,173601,0.0,-0.6672213342077277,-333.281635722397,-14.320183955230787,2.2803770171357116,0.1711657193423794,0.021395543752078083,0.08333333333333333,0.0,7.0,5.27573829463708,23.334177055228334,0,1,0
S1_p008_t000_s1206520285,2026-10-02T23:22:15Z,S1,8,1,0,0,72b9595adbc5a6e49093db45d6e2309189e1fcf1bb177a6f1b6ef919e88a486c,12000,16,1,180000,0.9302946089053634,1,0.8908093013385506,0.8922877015429264,0,1,173685,1.0,-0.4051709174686887,-326.28335522006273,-17.312415454656083,2.604257866756871,0.11973894160645945,0.014977306032960769,0.08333333333333333,0.0,0.0,4.647505407671034,24.625382168859787,0,1,0
S1_p008_t001_s1462033172,2026-10-02T23:22:30Z,S1,8,1,0,0,b02ca3f2aa22405313d5c8e556a74fc34f065bd0fa18c7f3a72128b3b0bef7e5,12000,16,1,180000,0.930162732781835,1,0.8911240095755502,0.8922877015429264,0,1,173624,1.0,-0.40884877236561223,-331.366657880606,-17.251351263532232,2.5567802608803247,0.11185200016810962,0.0139839607650174,0.08333333333333333,0.0,0.0,4.539086564223159,24.81722459385192,0,1,0
S1_p008_t002_s1537966073,2026-10-02T23:22:45Z,S1,8,1,0,0,4d4a1439448f6921b641172d11afca7b01002c52e4bf5cb0cb8d9a321ab559ad,12000,16,1,180000,0.9302769183830367,1,0.9117401142129647,0.9131794267773907,0,1,173612,1.0,-0.4056685246776055,-332.3666886316775,-17.29856873146124,2.6004593636920212,0.11955487281936641,0.014945554651148996,0.08333333333333333,0.0,0.0,4.863760175669257,24.83590053619736,0,1,0
S1_p009_t000_s758409719,2026-10-02T23:23:00Z,S1,9,1,0,0,ad39dbbd83e006393f0fd90091467f134bb7bd20ea87db78e758f4baf736fb83,12000,16,1,180000,0.9350781703171337,1,0.9244877666977273,0.9343002500583387,1,1,173589,nan,-0.30426819505906216,nan,-19.458000861366756,2.631605524099238,nan,nan,0.08333333333333333,0.0,6.75,4.42632693818553,25.16343780912127,0,1,0
S1_p009_t001_s1723470335,2026-10-02T23:23:15Z,S1,9,1,0,0,9e9e345c7086ecceba788866cdb0cfc350b0c708fd389c0964ef50f1402f1619,12000,16,1,180000,0.9350356095258873,1,0.9248941471157384,0.9343002500583387,1,1,173670,nan,-0.3049925143545224,nan,-19.43768332623084,2.6897401518851694,nan,nan,0.08333333333333333,0.0,1.5,4.995959837665094,25.080739699270516,0,1,0
S1_p009_t002_s1581091521,2026-10-02T23:23:30Z,S1,9,1,0,0,0bb4ffc935e6ae13f5d4f7e1d7cb207abffeb7a37a5e457df0cd762f70f4e28a,12000,16,1,180000,0.935003336745423,1,0.9248290525634237,0.9342265314570748,1,1,173688,nan,-0.30595401703531583,nan,-19.412284495958232,2.7952526908560777,nan,nan,0.08333333333333333,0.0,360.75,4.510435883635166,25.227076447930624,0,1,0
S1b_p000_t000_s670279447,2026-10-02T23:24:00Z,S1b,0,1,0,0,1d00d06e4230da3d639d88f1d53ba9655a50dad39bb19691908e0c8ba43cc39d,12000,16,1,180000,0.9252680935933686,1,0.05511150517126943,0.04314353477945923,0,1,173622,0.0,-2.8161858432890083,-331.5053058372365,-8.200713691243726,0.13451696343132666,-0.0038402282588323724,-0.0004801053369192232,0.08333333333333333,0.0,3.416666666666667,5.259395484733161,2.086056652999871,0,0,0
S1b_p000_t001_s755619207,2026-10-02T23:24:15Z,S1b,0,1,0,0,d29c391735ac028cfbb739c1f1957e7cc5216578f0c3b3344cd555fd88bee5d5,12000,16,1,180000,0.9251500521818995,1,0.011387337634957051,0.011555912219765227,0,1,173663,0.0,-2.8176012748938355,-328.0886299110886,-8.189554597298551,0.11137534149904703,-0.0016741520213947988,-0.00020937112594765495,0.08333333333333333,0.0,0.0,4.653028129311639,2.289229556759848,0,0,0
S1b_p000_t002_s405040029,2026-10-02T23:24:30Z,S1b,0,1,0,0,06fa5daea4f1dd813f2d97ea86c696c5c530d198baaf4c5fe474d04ebb424680,12000,16,1,180000,0.925111316662848,1,0.011868823294799815,0.011555912219765223,0,1,173596,0.0,-2.8359933245960027,-333.67192476767013,-8.178524623186657,0.12434937505676709,0.002170228171210729,0.00027126550003231387,0.08333333333333333,0.0,7.083333333333333,4.9849561646003595,2.206075913280759,0,0,0
S1b_p001_t000_s421145395,2026-10-02T23:24:45Z,S1b,1,1,0,0,73e146557b7e80250d3ecdf5e456cb60c3b84e551dcf0bee815aabc99f21d761,12000,16,1,180000,0.9257335354587855,1,0.012390285892376488,0.011333582432054332,0,1,173681,0.0,-2.8098452298978875,-326.58861846571017,-8.226905675037234,0.09873333313012042,-0.0030698938692772983,-0.00038397925527533516,0.08333333333333333,0.0,0.0,4.492377059689914,2.1197700610245804,0,0,0
S1b_p001_t001_s617056408,2026-10-02T23:25:00Z,S1b,1,1,0,0,394d222e5408a64bbc0c2eff66a88e984608ed9e0f1f51eb589060ffea1ef00a,12000,16,1,180000,0.9246770506618432,1,0.012550832878297368,0.011305349550454044,0,1,173618,0.0,-2.8330921241455154,-331.8386201998079,-8.151676008994485,0.14939896334612884,0.0005902226635451028,7.378727650575456e-05,0.08333333333333333,0.0,0.0,4.375581078439059,2.1594479245198013,0,0,0
S1b_p001_t002_s1338794941,2026-10-02T23:25:15Z,S1b,1,1,0,0,62690c4100337a599fa12b6eed7101231b3db1e02d42830054c00692cadb0f71,12000,16,1,180000,0.9253149199027163,1,0.013012991074069521,0.012603220098951503,0,1,173593,0.0,-2.818089766816496,-333.92195586788273,-8.201103500150047,0.15654402946036036,0.0013015401638905892,0.00016268080662484863,0.08333333333333333,0.0,3.0,4.948889604000505,2.2570580424783424,0,0,0
S1b_p002_t000_s265536591,2026-10-02T23:25:30Z,S1b,2,1,0,0,c79e54b7f1870861ef04be0c6d19514a14035038bf382948a6f02b6c8e632f5a,12000,16,1,180000,0.9256199642716313,1,0.014523923870882693,0.0126032200989515,0,1,173629,0.0,-2.8016941495238505,-330.9219963225587,-8.222799914528155,0.15355091711492788,0.007285100633983328,0.0009108342769650335,0.08333333333333333,0.0,0.0,4.616427521410635,2.419351454293121,0,0,0
S1b_p002_t001_s984384874,2026-10-02T23:25:45Z,S1b,2,1,0,0,49a5df2eda5c08bc613780dc20ee57e63eb45eae8580d34ee6ec1c7191ff0677,12000,16,1,180000,0.9260530999377433,1,0.013506299107931864,0.01298530339325719,0,1,173620,0.0,-2.779030109457734,-331.67200786138466,-8.25221014291173,0.11161907662691926,0.0022808178790436123,0.0002851432896022743,0.08333333333333333,0.0,0.0,4.8005526300036845,2.6143059849700934,0,0,0
S1b_p002_t002_s1445559193,2026-10-02T23:26:00Z,S1b,2,1,0,0,dbd027d0a15217661f4fe335785aeadb2361a3c18dde8f5867afa064e9c84803,12000,16,1,180000,0.9257479741314174,1,0.01740559140800293,0.015758898130045152,0,1,173587,0.0,-2.8036090263205105,-334.42196396421605,-8.229940713465064,0.1491922161303057,0.002038284068516155,0.0002547549343034916,0.08333333333333333,0.0,0.0,4.91407110104234,3.0738451895512817,0,0,0
S1b_p003_t000_s799072493,2026-10-02T23:26:15Z,S1b,3,1,0,0,a7bb0babb065b886fe8d7e0e1b94a74bfbe46ee0c85b2665de687ad75f97e794,12000,16,1,180000,0.9262297747070912,1,0.023011766468438083,0.018272154502737295,0,1,173458,0.0,-2.7692668319756013,-345.1720235086911,-8.26477076827218,0.12772954068371592,-0.0070804312809146135,-0.000884034328009875,0.08333333333333333,0.0,17.083333333333332,4.411311949637311,3.9482080494988354,0,0,0
S1b_p003_t001_s1267271188,2026-10-02T23:26:30Z,S1b,3,1,0,0,0ffd399e482685626903b6b4be37a8e98cf023ff80bae0c1888e6d0581e72f14,12000,16,1,180000,0.9261461471541607,1,0.023821614125092826,0.020243011075190154,0,1,173663,0.0,-2.7854146012986876,-328.08866938856283,-8.257962887600637,0.1786716233585461,0.010700822772029338,0.0013382555966927612,0.08333333333333333,0.0,0.0,4.876446369610287,4.165517837639314,0,0,0
S1b_p003_t002_s60044557,2026-10-02T23:26:45Z,S1b,3,1,0,0,6f92406864e74914aeb6811b7abf4590dc17aa4afb2466ddd25ebf2e2eb6857b,12000,16,1,180000,0.9258357203204565,1,0.02396697906414879,0.020243011075190158,0,1,173531,0.0,-2.779483193080962,-339.08868183916394,-8.242123692681956,0.1270928185141422,0.0033689460460294366,0.0004208790605844115,0.08333333333333333,0.0,377.0,4.791185877863145,4.14271691334257,0,0,0
S2_p000_t000_s1289144792,2026-10-02T23:27:15Z,S2,0,1,0,0,177fa6c972c609915c02b26e4419bc95e92c785987c422317b799e2bce2c57f4,12000,16,1,180000,0.8497540990317863,1,0.3427213208586035,0.3034330082516182,0,1,173891,0.0,-2.232350090700355,-309.10601604648946,-6.855363219297783,22.180966678520665,0.04450167968009013,0.0055755709454388125,10.333333333333334,0.0,0.0,15.517921738151724,24.702216449413193,0,0,0
S2_p000_t001_s68113513,2026-10-02T23:27:30Z,S2,0,1,0,0,2f6f5f80153e62d14779afe11bb076b27cec048ecf818bfac3dd9b1ece81be26,12000,16,1,180000,0.8803700010357876,1,0.3626120702022054,0.30742776009651607,0,1,173836,0.0,-1.919731496116008,-313.6893249734555,-8.988405775084296,1.0907959490777825,0.014804969107719257,0.0018540855012361135,0.08333333333333333,0.0,1.75,5.024074442288589,15.250538326499772,0,0,0
S2_p000_t002_s492170927,2026-10-02T23:27:45Z,S2,0,1,0,0,583938a0fbbd92e70d2ea37b365f60b5f971fcc2b5b1b3035998ca56544f29f0,12000,16,1,180000,0.880596828118997,1,0.3627605270890113,0.30742776009651607,0,1,173857,0.0,-1.922955088248837,-311.9392663663651,-8.985856704870267,1.0259018706378211,0.01062414570120684,0.0013307273698046629,0.08333333333333333,0.0,0.0,4.792266629291302,15.280385308135592,0,0,0
S2_p001_t000_s2106742562,2026-10-02T23:28:00Z,S2,1,1,0,0,5f1869a321dbf8fc8e445c59951241241c454435ca897d9869f74a97b81ed40c,12000,16,1,180000,0.8778844768076164,1,0.36023000805693445,0.30578272388914524,0,1,173838,0.0,-1.926925380203255,-313.52316532221323,-8.986708496215089,1.172579471942391,0.036082717021819345,0.004518855148944567,0.08333333333333333,0.0,6.75,4.983355656342098,15.553372629520133,0,0,0
S2_p001_t001_s1155555599,2026-10-02T23:28:15Z,S2,1,1,0,0,95cac2a90e10cf0f5b76fb731ce6fa1950f801882757222a0f120e6a19cf0020,12000,16,1,180000,0.8781238607815545,1,0.3599094395995753,0.30634906820550983,0,1,173919,0.0,-1.9222390925239938,-306.7731703261864,-9.007681738192076,1.0060541002735959,0.044043782110906544,0.005519434642792476,0.08333333333333333,0.0,0.0,4.727166025112133,15.273991922243056,0,0,0
S2_p001_t002_s1218472882,2026-10-02T23:28:30Z,S2,1,1,0,0,20793abae32cf0d5c73301cd16a8d942be8b0c552151af68b9ec77a63b0c7987,12000,16,1,180000,0.8778399030226934,1,0.35980914987430396,0.30634906820550983,0,1,173768,0.0,-1.9221319317149046,-319.3565431703604,-9.018387744585638,1.0591169969329932,0.04386099203225086,0.005489904928708711,0.08333333333333333,0.0,11.583333333333332,4.739876958578006,15.461661724903582,0,0,0
S2_p002_t000_s1410889249,2026-10-02T23:28:45Z,S2,2,1,0,0,2a596d6faecd5c10659af284970c21446c2b9bdd8e761dc7ab4ce4439f10ffcd,12000,16,1,180000,0.873421506543762,1,0.3537693398037333,0.3033898382135205,0,1,173907,0.0,-1.9351687055820246,-307.7739126383258,-8.981922429364909,1.0899706322776839,0.0685090986449837,0.008584532605709683,0.08333333333333333,0.0,0.0,5.2738284461914855,15.824954815791177,0,0,0
S2_p002_t001_s1295536992,2026-10-02T23:29:00Z,S2,2,1,0,0,745673d4384642177f50e6a9c12e21cfa189eea97c49bd84694ebdc764729d3a,12000,16,1,180000,0.8732604146717684,1,0.35601986409947195,0.3043322498678894,0,1,173821,0.0,-1.9420835657305646,-314.94051673243,-8.977662479737617,0.9747455426545728,0.0823134861268691,0.010307212419320422,0.08333333333333333,0.0,10.0,4.894950446710755,15.61868671754027,0,0,0
S2_p002_t002_s1338324977,2026-10-02T23:29:15Z,S2,2,1,0,0,522aae1c8055e419210fa9bcbc7d4c26348a347353eaef58872507f3eecb327a,12000,16,1,180000,0.8739991517955259,1,0.35628912506085886,0.3043322498678894,0,1,173941,0.0,-1.9244178296619405,-304.9405739590505,-9.012266452434277,0.9415028696263473,0.08115118323994354,0.010171408156111283,0.08333333333333333,0.0,0.0,4.906111714733765,15.82036127221944,0,0,0
S2_p003_t000_s1727962604,2026-10-02T23:29:30Z,S2,3,1,0,0,573d15e3898125dd10abfb56a1d7024c8c48fecce8e77fbd8e32bf3c5d0ae79f,12000,16,1,180000,0.8689814833415774,1,0.3591598165206759,0.3051709554492243,0,1,173936,0.0,-1.9359839560358185,-305.35796851198694,-9.023875771196503,0.9721027055110221,0.10447660016462292,0.013094470205032849,0.08333333333333333,0.0,0.0,4.659745950594379,15.734671143309235,0,0,0
S2_p003_t001_s505940398,2026-10-02T23:29:45Z,S2,3,1,0,0,0d0624a9a6bcf11a80dc70003574fb89d3029ebeb1948f7f30f596b4dedcd3f8,12000,16,1,180000,0.8693667894599979,1,0.3604953528865595,0.30689079226417026,0,1,173748,0.0,-1.9285753205300702,-321.02464142087774,-9.039588815612486,0.9774433449508256,0.09507467585430357,0.011898215384462674,0.08333333333333333,0.0,14.583333333333334,4.630947963419448,15.948927092944874,0,0,0
S2_p003_t002_s1702346768,2026-10-02T23:30:00Z,S2,3,1,0,0,ad1ce2514c3bcc68b123c9478e369e3afc74a56d72a80cf12b31cd2845e8a10b,12000,16,1,180000,0.8684992171308815,1,0.3620009167140986,0.30689079226417026,0,1,173923,0.0,-1.9484601298923667,-306.4412389892259,-9.003789653181792,0.924104439498304,0.11340334604732863,0.014211820729997271,0.08333333333333333,0.0,0.0,4.70198589794856,16.05606563499201,0,0,0
S2_p004_t000_s1635038415,2026-10-02T23:30:15Z,S2,4,1,0,0,a221cecc966e0ca4bc7959fef95b5b5f356ef5e6cd131f53af2a7729d2671161,12000,16,1,180000,0.8632772204091597,1,0.3577229670784724,0.3040231133054214,0,1,173873,0.0,-1.9668455652513797,-310.6085043696742,-9.02882450184331,1.0144740012525764,0.1267626706487221,0.015879686514836067,0.08333333333333333,0.0,3.1666666666666665,4.735190688368348,15.858615318080977,0,0,0
S2_p004_t001_s1183238402,2026-10-02T23:30:30Z,S2,4,1,0,0,970d47dacb81dd484d6a814188fd0e8f3b5e8d502ef0a3097f6ce9b950bb610c,12000,16,1,180000,0.5707350164756931,1,0.24780146101242348,0.3069543546700123,0,1,173911,0.0,-5.352224400208384,-307.4460866185382,1.6214098683656215,47.88394932547231,873.0478505348816,109.40075310267548,8.5,0.0,0.0,7.771586257510637,24.836107947638947,0,0,0
S2_p004_t002_s333126784,2026-10-02T23:30:45Z,S2,4,1,0,0,81a138a089d227767b7dbd6e2b0d40257507d1b05a27d990f709080ae84699e7,12000,16,1,180000,0.9360547263933513,1,0.36125655289114145,0.3069543546700123,0,1,173965,0.0,-1.9260752577752789,-302.90895770069017,-9.49915321406969,0.9863072913895266,0.027055830141458147,0.0033918000340236176,0.08333333333333333,0.0,0.0,4.715146302948724,15.660924950502151,0,0,0
S2_p005_t000_s356586922,2026-10-02T23:31:00Z,S2,5,1,0,0,5dfc4c3950b5c82ebba692b3ced404f0584a1f05be05eaa801ae1459e2069a82,12000,16,1,180000,0.9362841951552154,1,0.35234009722455045,0.3024432576008823,0,1,173924,0.0,-1.9540962408321199,-306.3255206429658,-9.572788552029557,0.9329111021728227,0.019231242441693372,0.0024100977652778965,0.08333333333333333,0.0,8.916666666666666,4.652644211908184,15.037577379810656,0,0,0
S2_p005_t001_s1328624968,2026-10-02T23:31:15Z,S2,5,1,0,0,0adeb14b01e6ae40d6c63450d93bce986a6b40ba5663277999bd8f4cea2c00c5,12000,16,1,180000,0.9361866926486822,1,0.35517871576196935,0.3024432576008823,0,1,174031,0.0,-1.9569370398895627,-297.4088511830638,-9.56687244681865,0.8939278597275588,0.01937293150678636,0.0024299274259647063,0.08333333333333333,0.0,0.0,4.724452355674945,15.098723399946705,0,0,0
S2_p005_t002_s843406380,2026-10-02T23:31:30Z,S2,5,1,0,0,606b55b943a03061f4e416f10ee412567683f1b85d15f509d1519fc1f433efa2,12000,16,1,180000,0.936742369161192,1,0.3543111349855095,0.30237624104345756,0,1,173849,0.0,-1.9424899416558328,-312.5755234913122,-9.608273025724802,0.872017972858926,0.0188030037682893,0.0023550198129669297,0.08333333333333333,0.0,8.833333333333334,4.611794163222378,15.058555677992928,0,0,0
S2_p006_t000_s1939969654,2026-10-02T23:31:45Z,S2,6,1,0,0,fbdde45ddd5c6c810882e66b244385ea6ab7cf697cd6ef71452e494726fd8d95,12000,16,1,180000,0.935810717364552,1,0.3500224642601611,0.3007940954549315,0,1,173955,0.0,-2.0151232096266187,-303.74191387352704,-9.646779095194994,0.8387407892631549,0.010189844847830795,0.0012773276212101337,0.08333333333333333,0.0,4.75,4.8699195174292695,14.060554768409027,0,0,0
S2_p006_t001_s441937503,2026-10-02T23:32:00Z,S2,6,1,0,0,b3f96e79254e562bd1a93e7b4b2f6337ec0e5eb68b70f2702c93b12b34bff8de,12000,16,1,180000,0.9360889570952428,1,0.351940177422602,0.30158918785722183,0,1,174012,0.0,-2.0052538192538103,-298.99190265443576,-9.67537271802176,0.8005497918296958,0.011981032957045638,0.0015025413431430934,0.08333333333333333,0.0,329.5833333333333,5.0884964286564225,13.870968090952537,0,0,0
S2_p006_t002_s781512667,2026-10-02T23:32:30Z,S2,6,1,0,0,cb2d58fcbd5614508f68f522f2bef8f76d7c6c2208d47bb8b3d9c645a5e091f5,12000,16,1,180000,0.9360744041015205,1,0.3497725166740874,0.30158918785722183,0,1,173581,0.0,-2.010213722155646,-334.9085787493077,-9.668960308701887,1.0197073556933116,0.010489845156125211,0.0013110103577673726,0.08333333333333333,0.0,0.0,4.627068058406026,14.060392758986474,0,0,0
S2_p007_t000_s1531496940,2026-10-02T23:32:45Z,S2,7,1,0,0,974b6a3a0191fedea45f20f984da85d69ddc427eef1db47eae41ca1de85b4dd5,12000,16,1,180000,0.9357192820087994,1,0.34394063260390667,0.30472990527153115,0,1,173581,0.0,-2.075741880303777,-334.90819168782275,-9.797586964731352,0.77306304866371,-0.008443887488843975,-0.001055308614468231,0.08333333333333333,0.0,0.4166666666666667,4.833321994996553,12.710041640174037,0,0,0
S2_p007_t001_s326924126,2026-10-02T23:33:00Z,S2,7,1,0,0,e692e56d51d2964ec1f5c6c9c7bb5bf76586c8cd396d8935aee82ff3ca5d0932,12000,16,1,180000,0.9349300372737107,1,0.3450535219145532,0.30472990527153115,0,1,173586,0.0,-2.1008143173432607,-334.4915264274138,-9.736905652089199,0.794044919663116,-0.0026381258059699556,-0.0003297235157333489,0.08333333333333333,0.0,1.0,4.631025617093667,12.696494909509644,0,0,0
S2_p007_t002_s199391290,2026-10-02T23:33:15Z,S2,7,1,0,0,92c05030e268ce43490a44e7841f129b11e45565c69dfec4e36f3d6aea189ece,12000,16,1,180000,0.935017143783847,1,0.3430513431288586,0.30419482446468915,0,1,173598,0.0,-2.099602033243212,-333.49152371270674,-9.742240619525287,0.7899563219315413,-0.010167485543747332,-0.0012708950230262417,0.08333333333333333,0.0,5.0,4.756304857587428,12.672583009524427,0,0,0
S2_p008_t000_s2105928740,2026-10-02T23:33:30Z,S2,8,1,0,0,7ac1c960b1f18a6b6e5c7fa5e712d7ec08493bf8f5fc6132a318ed15430c2f8f,12000,16,1,180000,0.9341128840156357,1,0.3401392988910127,0.30489149280800537,0,1,173658,0.0,-2.2029856372896974,-328.4910821394199,-9.878941735530514,0.6916368990186138,-0.023032214423408512,-0.002880316606933775,0.08333333333333333,0.0,0.08333333333333333,5.002997835793215,11.121285203507359,0,0,0
S2_p008_t001_s2122849215,2026-10-02T23:33:45Z,S2,8,1,0,0,29d2aa5320aeb8fbd1b2193b27d984566d3fde13042bbea187983fdeebf66a9e,12000,16,1,180000,0.933928846946255,1,0.34143397707874196,0.3048914928080054,0,1,173659,0.0,-2.2049302481454487,-328.4077721221717,-9.85013531025836,0.7624676914061103,-0.02221535070147766,-0.0027781851126746915,0.08333333333333333,0.0,0.0,5.131664986192915,11.05513385838468,0,0,0
S2_p008_t002_s1792617518,2026-10-02T23:34:00Z,S2,8,1,0,0,959d4e42be980c50166756ead8966af450c83d7220682be14c15a54b4d99ea0e,12000,16,1,180000,0.7378157111711536,1,0.30450644511021635,0.3047006888356329,0,1,173736,0.0,-3.004511513045163,-321.9689763227003,-4.879896257283351,19.39973928039478,-0.945423031370844,-0.1183045656075592,9.083333333333334,0.0,0.0,18.025867337082804,26.659796606295348,0,0,0
S2_p009_t000_s1083440476,2026-10-02T23:34:15Z,S2,9,1,0,0,ea011cf953f414ef659bcfd68cc51a43556c30caea18be467179df1569777644,12000,16,1,180000,0.8031625396405336,1,0.32563490177713694,0.3026875971946869,0,1,173620,0.0,-2.414826366904607,-331.63724606143603,-9.388750365742421,0.5739461781764649,-0.042418023236852814,-0.005303016429024865,0.08333333333333333,0.0,10.0,4.5794482667715215,9.13620296829207,0,0,0
S2_p009_t001_s406326303,2026-10-02T23:34:30Z,S2,9,1,0,0,7b448bab935429d485aa71a2f9a693f1d6007ae3f84e4914ad299bcc7085f6dd,12000,16,1,180000,0.8029226129064062,1,0.33018257674107676,0.30294233744614524,0,1,173740,0.0,-2.4156630417512988,-321.63719639395697,-9.38440486110296,0.5529341681419675,-0.05438844246210129,-0.006806060912822431,0.08333333333333333,0.0,0.0,5.391644200884485,9.136428266151754,0,0,0
S2_p009_t002_s2144757372,2026-10-02T23:34:45Z,S2,9,1,0,0,9b809ed4610660b9c12a5407746d288c19349a1ccfa6a0b03745b0b1d7054765,12000,16,1,180000,0.8021533554059649,1,0.3302715052013635,0.30294233744614524,0,1,173671,0.0,-2.4275765248561627,-327.3872064992993,-9.362146498321188,0.4495822630892679,-0.05642811102276025,-0.007057407417505601,0.08333333333333333,0.0,355.9166666666667,4.647440966554769,9.3795844452618,0,0,0
S3_p000_t000_s1030001410,2026-10-02T23:35:15Z,S3,0,1,0,0,7a9f2af16959af66fdff7905847b7d80fab7466c6aac3016ab4d1f4b6884f92f,12000,16,1,180000,0.8463307584881733,1,0.3491297197612344,0.3045154003390014,0,1,173643,0.0,-1.9758176336781728,-329.7226187572087,-9.061233762647753,0.9921729958953425,0.028052129714669635,0.0035076663516520057,0.08333333333333333,0.0,0.0,4.912262032976188,15.288233634346266,0,0,0
S3_p000_t001_s59102629,2026-10-02T23:35:30Z,S3,0,1,0,0,8abd53627a78d306d019b1593a5236e57bdd955fec9941a249219eebe02ed877,12000,16,1,180000,0.8451706266133604,1,0.35182594589462624,0.306005539118961,0,1,173640,0.0,-1.989063775313122,-329.9725553898382,-9.051910998270854,0.9504105456614913,0.04482848121492606,0.005605263634151925,0.08333333333333333,0.0,0.0,5.83162520387252,15.30726472441941,0,0,0
S3_p000_t002_s917633151,2026-10-02T23:35:45Z,S3,0,1,0,0,b12004a2ff84b32ae68a2eec69396099f3d7a515be033ab7094369e749dfa489,12000,16,1,180000,0.8454235114684353,1,0.35468107157377576,0.3124925690856233,0,1,173531,0.0,-1.9891038394751768,-339.0559378776494,-9.046276117134415,1.0687577764565397,0.03497276261332128,0.004369112260519614,0.08333333333333333,0.0,5.166666666666667,4.764668264840464,15.66718879604772,0,0,0
S3_p001_t000_s1727488921,2026-10-02T23:36:00Z,S3,1,1,0,0,ea890ffb0960fa03bcdd03f00de60742a2ffda9211cf6d14fb0c263974a84adb,12000,16,1,180000,0.846678893409521,1,0.3539588061791108,0.31249256908562334,0,1,173593,0.0,-1.9717341229318337,-333.88928613243235,-9.078665452177445,0.9906792106556755,0.022608065348151914,0.002825804695930856,0.08333333333333333,0.0,0.3333333333333333,4.500362319096701,15.312054121884186,0,0,0
S3_p001_t001_s1935099702,2026-10-02T23:36:15Z,S3,1,1,0,0,e702ee63e6747fbf1e2e01bce64970efa3b8a967c71742e7c21f6468f1c3da14,12000,16,1,180000,0.846384032161722,1,0.3558735823480353,0.3036466965444167,0,1,173597,0.0,-1.9723363006638173,-333.55591541461706,-9.092879969534915,0.9273206570944392,0.025239102389115996,0.003154761603127554,0.08333333333333333,0.0,0.0,4.722236579466606,15.222631432257437,0,0,0
S3_p001_t002_s1247340308,2026-10-02T23:36:30Z,S3,1,1,0,0,a3612a91f106fc84655abf4247d81f142b01df87faee0ede1a934f25b06db5f8,12000,16,1,180000,0.846253393545513,1,0.3635540191345869,0.31098793742537856,0,1,173437,0.0,-1.9789955392292295,-346.88927962049945,-9.062044675656207,0.9574578328198791,0.013189787668015672,0.0016465471435367363,0.08333333333333333,0.0,9.75,4.955636180596582,15.274447910687385,0,0,0
S3_p002_t000_s2123842217,2026-10-02T23:36:45Z,S3,2,1,0,0,b8662dfbe5537ff6105374aacf4500b0b15675ea5a8b794e373a9d71a33b7b7c,12000,16,1,180000,0.8464120253050129,1,0.3577991335562062,0.3109879374253786,0,1,173554,0.0,-1.9738431677309425,-337.1392905019135,-9.069072346899453,1.0740526678453224,0.008664525068968938,0.0010826497364178067,0.08333333333333333,0.0,1.25,4.556152823440662,15.145649586292606,0,0,0
S3_p002_t001_s741456992,2026-10-02T23:37:00Z,S3,2,1,0,0,a27b4651557ebb3152634e8336e5c4a5cda6cd98f3e6eb8074ea234039685539,12000,16,1,180000,0.8464858014314113,1,0.35498278751166884,0.3089446546828953,0,1,173569,0.0,-1.9709911697604028,-335.88923820409275,-9.092382213319294,0.9099873740632274,0.01796016715973932,0.0022444282094511436,0.08333333333333333,0.0,0.0,4.737072853510585,15.178169511800368,0,0,0
S3_p002_t002_s859851708,2026-10-02T23:37:15Z,S3,2,1,0,0,b0cfd2bdca830ab92f6bcd5d1f71dbe76a83d2c4d70802d1c412487ff5ce3469,12000,16,1,180000,0.6284225101907982,1,0.3405944000173994,0.30962191609163897,0,1,173639,0.0,-5.345279325759552,-330.0717740473028,1.5933767243409858,10.813884745272702,821.8875281168521,102.76635085314683,7.916666666666667,0.0,9.083333333333334,7.657370794370704,15.263851750866351,0,0,0
S3_p003_t000_s1497291008,2026-10-02T23:37:30Z,S3,3,1,0,0,1bbc0faab0cd1f12497bc6001c922930be9cb68181c21f6db0d136dcdb8366d1,12000,16,1,180000,0.9365795357014045,1,0.36196893903640953,0.30962191609163897,0,1,173748,0.0,-1.9246868284809442,-320.9922748977036,-9.557121647022424,0.9955240477935684,0.01537229429680563,0.0019237811420680373,0.08333333333333333,0.0,0.0,4.517482063601432,15.29298602129396,0,0,0
S3_p003_t001_s2122590732,2026-10-02T23:37:45Z,S3,3,1,0,0,97abe6ca2acc541b2c9a4e6476867ab30b05db13444cbda62219af8c0e65853b,12000,16,1,180000,0.9366812898196654,1,0.362713297255434,0.3081507351143619,0,1,173621,0.0,-1.922380271076257,-331.5756088588726,-9.564963515786033,0.890149384641356,0.0069842656896405425,0.000873165912253171,0.08333333333333333,0.0,0.0,4.90509832587782,15.261473619084446,0,0,0
S3_p003_t002_s1592902622,2026-10-02T23:38:00Z,S3,3,1,0,0,b28232fdda726b2e19731ba1773c562e76f493141a5a26e783a7622114639a65,12000,16,1,180000,0.9367801667288166,1,0.3639013008197716,0.30907468233478935,0,1,173588,0.0,-1.9207925937165473,-334.32558464632166,-9.582052078534167,0.9772592862948025,0.0067708496629426415,0.000846261415972549,0.08333333333333333,0.0,8.5,4.8566546118832665,15.491868767915385,0,0,0
S3_p004_t000_s1269981715,2026-10-02T23:38:15Z,S3,4,1,0,0,b5b548ff8261b7fee9ef1265f998c7b350e8880b7521e37b88a34a516a2c4eca,12000,16,1,180000,0.9366126595066728,1,0.3597821166608161,0.30907468233478935,0,1,173690,0.0,-1.9265855502242695,-325.82560380002843,-9.5619567438859,0.949552215884758,0.007638313098592133,0.0009554613088766928,0.08333333333333333,0.0,0.0,4.520611136645517,15.317282505837426,0,0,0
S3_p004_t001_s1736958637,2026-10-02T23:38:30Z,S3,4,1,0,0,a14e99c416906213de96fa5294014a6ba9d3472c9f4db9372e839378752f4f3e,12000,16,1,180000,0.937209651399688,1,0.3604767742073146,0.30587392297740335,0,1,173674,0.0,-1.9102028496200671,-327.15893449651475,-9.61247647359623,0.9756679549871679,0.0013200940845614763,0.00016510680734427297,0.08333333333333333,0.0,3.5833333333333335,5.120857307558212,15.195621840505014,0,0,0
S3_p004_t002_s204596110,2026-10-02T23:38:45Z,S3,4,1,0,0,04db84ab6b7b74f4b9e043c404b5a46c1eaa5acc855382979cdc62a43e264635,12000,16,1,180000,0.9366687686841687,1,0.36787395706882586,0.3098034291956534,0,1,173717,0.0,-1.9243958101938476,-323.57560984474065,-9.563011912621185,1.060584971962667,0.001586941976471937,0.0001985502453862864,0.08333333333333333,0.0,0.0,4.659222793621719,15.353192636380031,0,0,0
S3_p005_t000_s1505505932,2026-10-02T23:39:00Z,S3,5,1,0,0,ba7cac5a28ba608377eac737e66589888b07f7fd99d6ca4422b2cf8d7518062d,12000,16,1,180000,0.9367399346201214,1,0.3635097344043272,0.3098034291956534,0,1,173642,0.0,-1.9197842112755068,-329.8256006202997,-9.57303845788142,0.9180425000885685,-0.007229795011900708,-0.0009040135682880646,0.08333333333333333,0.0,1.4166666666666667,4.52560101849002,15.331144844504541,0,0,0
S3_p005_t001_s574426862,2026-10-02T23:39:15Z,S3,5,1,0,0,be1b7a422fdc5d6fec4c9c09d5af67be1600ce42a84fc51ba24af2007b210aec,12000,16,1,180000,0.9367973999525707,1,0.3639050138824383,0.30714933256120186,0,1,173659,0.0,-1.9177939281903384,-328.40895059100274,-9.574614526840806,1.041013794072523,-0.009416958192474255,-0.001177656540676253,0.08333333333333333,0.0,0.0,4.712246314925692,15.200796896791415,0,0,0
S3_p005_t002_s2081296688,2026-10-02T23:39:30Z,S3,5,1,0,0,27be5b065b8f66c4827ee042e085378827e373ae6c17ab3f6bca55b8d95d294b,12000,16,1,180000,0.9363933741670005,1,0.36271223026075405,0.3081398667041193,0,1,173611,0.0,-1.9315894551157133,-332.40895248816076,-9.537540758738356,0.9267049711140213,-0.010966472474130504,-0.0013709077575185802,0.08333333333333333,0.0,0.0,5.052447082705318,15.350815895330097,0,0,0
S3_p006_t000_s1872296474,2026-10-02T23:39:45Z,S3,6,1,0,0,0bdd6da1a0b913a31d9aed761a2c9d9ffe9c3bbbfdde4a31ace6eddec9c8f225,12000,16,1,180000,0.9369157832525266,1,0.36126498815610814,0.30846932747155437,0,1,173512,0.0,-1.914573105133982,-340.6589256143119,-9.586374153532677,0.9586032995965068,-0.016379033538428855,-0.0020459050792851485,0.08333333333333333,0.0,14.833333333333334,4.616112030218672,15.666901704772782,0,0,0
S3_p006_t001_s1187247710,2026-10-02T23:40:00Z,S3,6,1,0,0,3f8646835a67d249723a7b4415672e4b1677b265a4784d80e70d53474e79c343,12000,16,1,180000,0.9370799672677649,1,0.3635279929814569,0.30846932747155437,0,1,173690,0.0,-1.9106804808834255,-325.8256083482362,-9.598336954297347,0.9830494242725172,-0.012596201493865145,-0.001575633652464603,0.08333333333333333,0.0,346.41666666666663,4.528381769756004,15.300432409357605,0,0,0
S3_p006_t002_s1223745501,2026-10-02T23:40:30Z,S3,6,1,0,0,f244bf00f945ae17cdb396343de9e054f9a99c8113318760c396c56566d46e48,12000,16,1,180000,0.9368593832692503,1,0.3636041278810295,0.3102179815871073,0,1,173748,0.0,-1.9184262279364173,-320.9922525575894,-9.583480063270668,1.0142263485324774,-0.01352603330443669,-0.001692728963917034,0.08333333333333333,0.0,0.0,4.706386402558195,15.207140466897389,0,0,0
S3_p007_t000_s626911129,2026-10-02T23:40:45Z,S3,7,1,0,0,d435d9e19714f7ecc87555f56890a3176c90ede2d183c76a38bdebe38f63b8bd,12000,16,1,180000,0.5178005057496314,1,0.2747947578495098,0.31021798158710734,0,1,173972,0.0,-6.102734323586664,-302.3008423190222,2.807656515060999,62.852377041887635,1836.4253197238825,230.23264233378313,9.583333333333332,0.0,0.0,7.069352523470488,21.90715246322751,0,0,0
S3_p007_t001_s1969339727,2026-10-02T23:41:00Z,S3,7,1,0,0,8a1ebbe2be02bb513111bf667db30a01dffddea40f06d7796a0e1c42009f44a8,12000,16,1,180000,0.8465241816248437,1,0.357394292946875,0.30784199682578184,0,1,173876,0.0,-1.9724792685953196,-310.3059643554764,-9.070560376641895,1.097790808293441,-0.012415144753985783,-0.001555294843910815,0.08333333333333333,0.0,6.0,4.550494272075933,15.601988576441785,0,0,0
S3_p007_t002_s115451501,2026-10-02T23:41:15Z,S3,7,1,0,0,23797b1b46aad2ee453c2a61d72763b2e45546a5cdf84e99c5de288c0038271b,12000,16,1,180000,0.8453171616774388,1,0.35667761577819024,0.3072873981760882,0,1,173948,0.0,-1.9772589228347943,-304.3059282632154,-9.069937212599482,1.0623748113815266,-0.03340953812023457,-0.004187751965218922,0.08333333333333333,0.0,0.0,4.515208550174781,15.304870140706493,0,0,0
S3_p008_t000_s1467476825,2026-10-02T23:41:30Z,S3,8,1,1,0,c0c4d261f5ed3e54cec21874e5613514647d980ef18df03948eeda425d26a1e9,12000,16,1,180000,0.8459093320879659,1,0.3542910986451082,0.3072873981760882,0,1,173298,0.0,-1.9831320056663877,-358.47259598590006,-9.044341566441918,1.0054843082847122,-0.03671327840606959,-0.004577998964123253,0.08333333333333333,0.0,355.75,5.10415371883952,15.466240045680061,0,0,0
S3_p008_t001_s154111274,2026-10-02T23:42:00Z,S3,8,1,1,1,7ef8ad9d48bbca1e4e1dc8cc0c357d09d2de77413e23e75854b9b70f64cb26cf,12000,16,1,180000,0.8459114623337368,1,0.3547799762441804,0.3061175376827872,0,1,173669,0.0,-1.9840675416226505,-327.5559371952422,-9.06032027727353,1.0706769758220487,-0.02874840235323999,-0.0035954764371126657,0.08333333333333333,0.0,306.83333333333337,4.7780862481793465,15.319937210699896,0,0,0
S3_p008_t002_s1142253482,2026-10-02T23:42:30Z,S3,8,1,1,1,a4c6f4b8af831c248d311c2281f8586afe4cdb5e5036fd5bd55bcf34d4457370,12000,16,1,180000,0.8450301264302694,1,0.35938589484853595,0.30521026727056877,0,1,173741,0.0,-1.997159171079888,-321.5559237756673,-9.028088232979815,0.9941993969527606,-0.03456984048258343,-0.004326035268150008,0.08333333333333333,0.0,314.0833333333333,5.001654055581375,15.504763470585164,0,0,0
S3_p009_t000_s395916349,2026-10-02T23:43:00Z,S3,9,1,1,1,6523fa399a399ebf4bc03ef2bd484684f175dab39ad58b8d96d433ea904bed40,12000,16,1,180000,0.9371150883455452,1,0.35786353014919825,0.30497503258529995,0,1,173798,0.0,-1.9204790401348113,-316.82557170310486,-9.598714091552822,1.0263818994026532,-0.02584241182681945,-0.0032353665910704876,0.08333333333333333,0.0,6.166666666666667,4.911307168084559,15.464369813378356,0,0,0
S3_p009_t001_s1232141577,2026-10-02T23:43:30Z,S3,9,1,1,1,da5cb0f1a53bb799c1bac7c833b9d280e3661202b7c0932d938133ab97abd526,12000,16,1,180000,0.84549773873562,1,0.3533169692673325,0.30413342599477605,0,1,173728,0.0,-1.992688210283617,-322.639262336721,-9.029696589664919,1.004279541295552,-0.0298876017734059,-0.0037397160594991874,0.08333333333333333,0.0,2.5833333333333335,5.089021627509786,15.443219174977695,0,0,0
S3_p009_t002_s1753739609,2026-10-02T23:44:00Z,S3,9,1,1,1,1a606238b522a0d21a5d9dca1792354c72003ced2e0b5c9429843e4e4836a793,12000,16,1,180000,0.791428087192211,1,0.3667755474257957,0.3666786886862039,0,1,173660,0.0,-2.375839226804549,-328.3051705891661,-6.414242469378958,0.6171094181050175,0.23453073464298338,0.029329944612982217,10.916666666666666,0.0,2.75,16.504739206337764,15.620664362603176,0,0,0
S4_p000_t000_s1380025803,2026-10-02T23:44:45Z,S4,0,1,0,1,1f4e92bbf2ff61d61262517a1358d9b5969778f62eb606afd5fd55ab2251bc75,12000,16,1,180000,0.9730910487600102,1,0.3967581947069242,0.3666786886862039,0,1,173834,0.0,-1.1117197130810363,-313.8414366092796,-13.766367931643815,0.597352748058727,0.09671165671436065,0.012111394193652814,0.08333333333333333,0.0,0.0,4.692361930607876,15.674783147086817,0,0,0
S4_p000_t001_s1028796488,2026-10-02T23:45:00Z,S4,0,1,0,0,ea2c2e3c72bf495c89d9e98fa94dcaef7f73dd3cf2b128ed2d63f419e4c37e35,12000,16,1,180000,0.973229042842207,1,0.3844294147607481,0.3544964581009171,0,1,173732,0.0,-1.1028211115099775,-322.341462736209,-13.800046316379204,0.5831767743478091,0.10384376100082582,0.012993969814033335,0.08333333333333333,0.0,5.25,4.702479118736135,15.645106326967248,0,0,0
S4_p000_t002_s1457782904,2026-10-02T23:45:15Z,S4,0,1,0,0,6b59c9e3c8eb19357ca8f432c324eec828d9bb725dbf08272c7a31c5534049ca,12000,16,1,180000,0.973203925153655,1,0.3830714532424774,0.3544964581009172,0,1,173795,0.0,-1.1044692078182887,-317.0914592152634,-13.79365006043583,0.6309247600106198,0.10615214153085388,0.01328950505467219,0.08333333333333333,0.0,0.0,4.6170013328694575,15.671498009825523,0,0,0
S4_p001_t000_s1710814298,2026-10-02T23:45:30Z,S4,1,5,0,0,ce57726d3da1518757f6099dffacd6ca763fc413ebc3d432226a847c1b9374f9,12000,16,1,180000,0.9779232425426319,1,0.5388443613617664,0.528638013864102,0,1,173698,0.0,-1.217683426638895,-325.1739700283136,-15.137924889678745,0.4826682956034546,0.04019449081706635,0.005028170023251732,0.08333333333333333,0.0,3.0,5.2299054557849285,10.896037380264405,0,1,0
S4_p001_t001_s1662193313,2026-10-02T23:45:45Z,S4,1,5,0,0,cdc22bb78e2f524650eaec06b7cb780e4048433048e5ea4d3b7eae95f746225b,12000,16,1,180000,0.9780290083175452,1,0.5390432833353973,0.528638013864102,0,1,173734,0.0,-1.2125753581494996,-322.17397270201036,-15.160878462851368,0.5013810991113856,0.04040925179017272,0.005056490495007893,0.08333333333333333,0.0,1.75,4.996693176117696,10.617021440762196,0,1,0
S4_p001_t002_s196226190,2026-10-02T23:46:00Z,S4,1,5,0,0,cd185a55f44e188fed603731b758a20c119f758b688977e128098e515f37ecd2,12000,16,1,180000,0.9780250735544571,1,0.5379162318348878,0.5280675375406659,0,1,173755,0.0,-1.2151394475420605,-320.42396869422373,-15.165270390885834,0.4542992142067399,0.03893936997061735,0.0048733789699326735,0.08333333333333333,0.0,0.0,4.741343951470285,10.570432294602906,0,1,0
S4_p002_t000_s139150452,2026-10-02T23:46:15Z,S4,2,10,0,0,538da829dab114943ffcb4054b3007bda078e402166326567a79e612099efc00,12000,16,1,180000,0.9835764916330699,1,0.7826855533284526,0.7797841592258578,0,1,173741,0.0,-0.9878408189585163,-321.5914072856922,-17.942508758997327,0.6889542527753107,0.029601594696126228,0.00370431395867854,0.08333333333333333,0.0,0.0,5.140864592892018,11.320465947570968,0,1,0
S4_p002_t001_s1124369827,2026-10-02T23:46:30Z,S4,2,10,0,0,48b7d6cc4ec7539ca81f77b46ec2c63add114f2727793295ebd86dc0bc2539ec,12000,16,1,180000,0.9836452912103155,1,0.7829438359250865,0.7812619387918875,0,1,173725,0.0,-0.9857823295000002,-322.9247385163162,-17.97494658590123,0.6663050862497621,0.02989387513235271,0.0037404113381853676,0.08333333333333333,0.0,6.75,5.2387582877753625,11.140510712815102,0,1,0
S4_p002_t002_s820497043,2026-10-02T23:46:45Z,S4,2,10,0,0,941002af180372451d6897a38c01c5f19d48eb6d4a7c83c54c32cd4f291bc902,12000,16,1,180000,0.9836410240249408,1,0.7840645078854207,0.7812619387918875,0,1,173806,0.0,-0.9867708826492955,-316.17473938895273,-17.97596884857628,0.6918930586519378,0.032283716023697354,0.004042050381031004,0.08333333333333333,0.0,1.6666666666666667,4.877725877916387,11.125420900354918,0,1,0
S4_p003_t000_s11459573,2026-10-02T23:47:00Z,S4,3,20,0,0,57ce5af4562b9c63116388f6277277f9cc1119de71761c27642c481365dbed67,12000,16,1,180000,0.9842193418276891,1,0.8171660121634025,0.8138162646274643,0,1,173826,0.0,-0.8179091896361677,-314.508580728551,-17.856116638167926,0.8292079340352578,0.03817973695187408,0.00478101938006148,0.08333333333333333,0.0,0.0,5.525171061784649,17.471701182726108,0,1,0
S4_p003_t001_s1313953807,2026-10-02T23:47:15Z,S4,3,20,0,0,bf43e54ac8ad74154acb9a73f5cd7834dff15c4bc8873ae43b52c9eb4546217f,12000,16,1,180000,0.9842209953802906,1,0.8168894630198982,0.8138162646274643,0,1,173723,0.0,-0.8171901461543934,-323.091917466402,-17.855446496564863,0.863313739683274,0.04135416246731431,0.005174274162072834,0.08333333333333333,0.0,8.583333333333334,5.378831469682221,17.689209795116884,0,1,0
S4_p003_t002_s205499031,2026-10-02T23:47:30Z,S4,3,20,0,0,cd86e1fb3568f1a85c566c159c0b15b6aa1c81d9ae2ef872ca22a74fda4fb91b,12000,16,1,180000,0.9842341506769687,1,0.8161096641444152,0.8123339203276186,0,1,173826,0.0,-0.8180310494122627,-314.50857634889024,-17.862014044721413,0.870916076542081,0.035928597491878544,0.004499122692322999,0.08333333333333333,0.0,0.0,5.063111000291899,17.601091076313033,0,1,0
S4_p004_t000_s984663940,2026-10-02T23:47:45Z,S4,4,30,0,0,97a7d9ae666f3f3b481be07b0f47e44554bca834c6d70aa0fe8dc76018cbe5b2,12000,16,1,180000,0.9860180506393167,1,0.8691671275359557,0.8676097313431396,0,1,173760,0.0,-0.6672385263899082,-320.0091684754213,-18.900213514849163,1.0196344659856706,0.03935204092196272,0.00492522273771101,0.08333333333333333,0.0,0.0,5.758544411323934,16.849772254506558,0,1,0
S4_p004_t001_s484615558,2026-10-02T23:48:00Z,S4,4,30,0,0,b96daed558be09eb360f8e5b1978eb1483fca0d4210d45750bab99d968a7caee,12000,16,1,180000,0.9860584191731969,1,0.8697269400088691,0.8682260144608435,0,1,173706,0.0,-0.6624862883463484,-324.5091944980274,-18.925547398848526,1.0105673840043217,0.04044166920796672,0.005059414584593469,0.08333333333333333,0.0,5.416666666666667,5.716908112328965,16.94163498429948,0,1,0
S4_p004_t002_s330630277,2026-10-02T23:48:15Z,S4,4,30,0,0,f8c22238e451e8a111e5057c7c1e3603a45f31a7c40a78ff130cd99640bef65e,12000,16,1,180000,0.9860415091150816,1,0.8693710421572297,0.8682260144608435,0,1,173771,0.0,-0.663964519925268,-319.09251779249644,-18.923668237730073,1.0134306583738197,0.0405318113121488,0.005073326290130353,0.08333333333333333,0.0,353.75,5.644737113803399,16.932734374655873,0,1,0
S5_p000_t000_s1561858501,2026-10-02T23:48:45Z,S5,0,1,0,0,6747f0c21fd12fe462cd4c4b1a1b76e87c76b02d90111167e302de89e273d4e4,12000,16,1,180000,0.9250453162761324,1,0.014234743220242381,0.011612053422064868,0,1,173843,0.0,-2.83108339643864,-313.0886054907126,-8.179637425777441,0.12241201602601505,0.0037624569812529473,0.0004712138747891004,0.08333333333333333,0.0,0.0,4.892665534138816,2.021698195295355,0,0,0
S5_p000_t001_s960283802,2026-10-02T23:49:00Z,S5,0,1,0,0,1244a6002fccd7b3d6e016488a0aa1db58c8734f52b4a8c1c77130f4b4da60fb,12000,16,1,180000,0.9253807497432162,1,0.011313164391157472,0.01140580408767393,0,1,173772,0.0,-2.828911326047762,-319.0052645943955,-8.199198495303282,0.1380982791242241,-0.0024277522053856183,-0.0003038817435481178,0.08333333333333333,0.0,3.5833333333333335,4.845850565745295,2.235484351051382,0,0,0
S5_p000_t002_s892021093,2026-10-02T23:49:15Z,S5,0,1,0,0,62036aafeacefa6d61135b1d88b61046f92a1abc6f313964c0c04857a1762cb9,12000,16,1,180000,0.9249203997045576,1,0.01138295032568636,0.010657549785587497,0,1,173815,0.0,-2.839301777577851,-315.42193087298557,-8.170854165973946,0.15670057826730915,-0.003730086022992397,-0.00046705526119694696,0.08333333333333333,0.0,0.0,5.127183209431162,2.6467939774578864,0,0,0
S5_p000_t003_s1972790602,2026-10-02T23:49:30Z,S5,0,1,0,0,3cd4ed198e3b67a135a79fe11bb93a1c43f43092c70bb39deff5d80a30dbb8f7,12000,16,1,180000,0.924866958224137,1,0.013165223477849729,0.01270485432429288,0,1,173733,0.0,-2.8286727273166794,-322.2552789973494,-8.168095508215828,0.16007784765478167,-0.0009262219767685021,-0.00011589908217501943,0.08333333333333333,0.0,6.333333333333333,5.292649330950176,2.14964442703853,0,0,0
S5_p000_t004_s522357441,2026-10-02T23:49:45Z,S5,0,1,0,0,52b68ee4149c7e362ac7def46841bcb10a82d318b68cd9a2278fe930c8bddac7,12000,16,1,180000,0.9248670817074653,1,0.01199267185507302,0.012704854324292879,0,1,173809,0.0,-2.8358727799301575,-315.92193678716404,-8.166332735958118,0.17149658537101198,-0.0008992271387696135,-0.00011258953236392699,0.08333333333333333,0.0,0.0,4.9265013721905,2.2226288006121324,0,0,0
S5_p000_t005_s434100809,2026-10-02T23:50:00Z,S5,0,1,0,0,f4b7800f7e58807718de35ed2751dff8e8b35b419d4ee75c77f35b09298fc285,12000,16,1,180000,0.9254183175865663,1,0.011069382067633079,0.011252553894009865,0,1,173790,0.0,-2.8238175699407524,-317.50527360719326,-8.204477650563538,0.15900309969623394,-0.003285408279873998,-0.00041129369174086605,0.08333333333333333,0.0,3.0,5.089877532645869,2.2459547490492886,0,0,0
S5_p000_t006_s1987541040,2026-10-02T23:50:15Z,S5,0,1,0,0,515721801810bcaca57332417ef265b50bfba3f45e513d127f23da5e052af2aa,12000,16,1,180000,0.924634535432046,1,0.011117544532563637,0.011252553894009865,0,1,173826,0.0,-2.8426857145636992,-314.50526361634365,-8.15163506777454,0.13838995091859185,0.00013011739289963542,1.6293820408463944e-05,0.08333333333333333,0.0,0.0,5.228424072649874,2.122987328902858,0,0,0
S5_p000_t007_s1550731733,2026-10-02T23:50:30Z,S5,0,1,0,0,1737e60aeff81787a3383a4f0960fce77ff20f1d4f06517eb8588d3f03db02c6,12000,16,1,180000,0.9253581185020693,1,0.012386501673493117,0.01264019616052306,0,1,173770,0.0,-2.8279763994250935,-319.17193541504093,-8.203203789159147,0.1649649915300378,0.00011412081102999667,1.4284273675002623e-05,0.08333333333333333,0.0,0.0,4.7605602185809195,2.2289688990720475,0,0,0
S5_p000_t008_s978267978,2026-10-02T23:50:45Z,S5,0,1,0,0,0e0ac247705152ad3eca8af35e6ac063b8f9e286a2e0656abb134665fa4c6a4c,12000,16,1,180000,0.847158490016589,1,0.01212103036160571,0.012640196160523061,0,1,173748,0.0,-3.549684718868896,-321.0052690444542,-4.442557841470194,30.19477523776065,-0.002128560572189352,-0.00026638084136720863,8.5,0.0,0.0,14.553524895813991,12.399291267804326,0,0,0
S5_p000_t009_s1361001477,2026-10-02T23:51:00Z,S5,0,1,0,0,5b399a63bb951b70fe127fd5a46e716e089a19ee530e1f392cb3a9d94b995642,12000,16,1,180000,0.6821480364937831,1,0.01183292425535147,0.011420613674509299,0,1,173840,0.0,-5.4339100456730725,-313.3388351866597,0.39433005601657545,46.24261571037684,191.64489897600956,24.001223857957484,1.5,0.0,6.25,9.930845634613139,11.010324405379574,0,0,0
S5_p000_t010_s1672796167,2026-10-02T23:51:15Z,S5,0,1,0,0,d38252ea6540c9793d0258b59541b51a00d39350e63e9de807a8050f0bb574d7,12000,16,1,180000,0.9246399492753683,1,0.011613988308765661,0.0114206136745093,0,1,173939,0.0,-2.847062522955161,-305.08859190635485,-8.15210017945361,0.12032131688697217,-0.00016760999685836692,-2.1007734176237136e-05,0.08333333333333333,0.0,0.0,4.646706999398022,2.443323720789437,0,0,0
S5_p000_t011_s363339928,2026-10-02T23:51:30Z,S5,0,1,0,0,ee9731c5a598a4b7756e0614ff0c907e3f88101518593ccef57b996b6a13eb99,12000,16,1,180000,0.9249206913050515,1,0.01265932193203298,0.011843584048481388,0,1,173910,0.0,-2.845108338960221,-307.50525635788955,-8.16946473601082,0.14422875558140852,0.0010290934147336901,0.00012895363761344925,0.08333333333333333,0.0,2.8333333333333335,4.807093173797907,2.4196997828091162,0,0,0
S5_p000_t012_s920581965,2026-10-02T23:51:45Z,S5,0,1,0,0,585aec66999cf529e816639c566c4c1f956fef00cec48f4849d75d0931bc7158,12000,16,1,180000,0.9249369533714557,1,0.012808143832646475,0.011843584048481388,0,1,173944,0.0,-2.84173963255998,-304.67192165836605,-8.16841436677774,0.20013531447624655,0.004055631795951716,0.0005083410005681799,0.08333333333333333,0.0,0.0,4.839633680984493,2.2061723231638615,0,0,0
S5_p000_t013_s1985403058,2026-10-02T23:52:00Z,S5,0,1,0,0,245a0717ba5d7df67ce497e1990209de97c7d963cdb9c2fac0f5f9a77196c1a7,12000,16,1,180000,0.9252457794786653,1,0.011675920819900286,0.011125160529121431,0,1,173942,0.0,-2.82991100990062,-304.83860877683946,-8.190892961189567,0.11294482754688127,-0.0027245099712037172,-0.0003414900797906739,0.08333333333333333,0.0,0.0,5.295457577465934,2.4507884744495345,0,0,0
S5_p000_t014_s1613680917,2026-10-02T23:52:15Z,S5,0,1,0,0,053389e58c51b72618fc883e71514fe454426778519fc2879b770b9481b27faf,12000,16,1,180000,0.9256866799839029,1,0.011436403285638115,0.011461729475122348,0,1,173886,0.0,-2.8272454200195014,-309.50526346693005,-8.222146332285346,0.20076142431430158,0.004674365348102799,0.0005856231882717111,0.08333333333333333,0.0,1.1666666666666667,4.875687507370524,2.52219244678628,0,0,0
S5_p000_t015_s1930000429,2026-10-02T23:52:30Z,S5,0,1,0,0,e19530c80226ae8c7e70a76a60488c91144d57b710338eb3deec476d3d8ce23f,12000,16,1,180000,0.9253422341151438,1,0.012699344995382037,0.011797850443511636,0,1,173900,0.0,-2.8275550043146374,-308.33860393581625,-8.202719413882107,0.1521641731910357,0.002270014194171316,0.0002844282385012775,0.08333333333333333,0.0,2.8333333333333335,5.061135253285168,2.164022580647967,0,0,0
S5_p000_t016_s216305983,2026-10-02T23:52:45Z,S5,0,1,0,0,663044f72c914380d78e76ba1b1ada61853f5052d51c053543911bd7ba6dbf97,12000,16,1,180000,0.9248647404798663,1,0.011738446275275113,0.01194803245568392,0,1,173934,0.0,-2.8452905426089603,-305.5052634941591,-8.16743270891735,0.12853569490607644,-0.003273856926333136,-0.0004103190362911846,0.08333333333333333,0.0,0.0,4.76994528912011,1.8279658360820057,0,0,0
S5_p000_t017_s312112809,2026-10-02T23:53:00Z,S5,0,1,0,0,af86b7c271c9d13c2b613c2ad5b2b8d697d454c3ec7f87ab037ab865c493268d,12000,16,1,180000,0.9252314368399615,1,0.011706720835502102,0.013242238465470636,0,1,173865,0.0,-2.831270367473073,-311.25525734192826,-8.19047694886471,0.1202273712785179,-0.0025789536154823887,-0.00032304746673617046,0.08333333333333333,0.0,8.25,4.975374717569141,2.0922408154286205,0,0,0
S5_p000_t018_s1052303369,2026-10-02T23:53:15Z,S5,0,1,0,0,351210390c6f3bca28bd5fdfcf27c8e7e3be4a5b063697b50e3c8fac71773eb3,12000,16,1,180000,0.9256255244158857,1,0.012061932442168976,0.013242238465470636,0,1,173964,0.0,-2.821013515107555,-303.0052736196697,-8.219846703842684,0.12047601912773068,-0.0025112336641019296,-0.0003148132745991461,0.08333333333333333,0.0,0.0,4.875198191666132,2.1096773265607665,0,0,0
S5_p000_t019_s217579570,2026-10-02T23:53:30Z,S5,0,1,0,0,ea16f46a791f001ad24a1688e24b1c56fa71767eccc39dd3544059bea39fe674,12000,16,1,180000,0.9252802558776567,1,0.012300734314018166,0.011825340334323904,0,1,173854,0.0,-2.8271663457555283,-312.1719267388956,-8.197577079084663,0.09998222954542606,-0.0001186617088241239,-1.4862616353639169e-05,0.08333333333333333,0.0,338.75,4.7831606893773175,2.3726936586483416,0,0,0
S5_p000_t020_s99964177,2026-10-02T23:54:00Z,S5,0,1,0,0,bc641875e0e166f13d1e9dcc24a5d11c0a7a9e21b31c0fc74f685f54c4f1d9fc,12000,16,1,180000,0.9248374113886557,1,0.012099709311196534,0.011430700011323071,0,1,173622,0.0,-2.8422126140441026,-331.50526858857484,-8.165255021432271,0.16564083363095217,-1.0662028504256725e-05,-1.3329668036021758e-06,0.08333333333333333,0.0,6.416666666666667,4.7087058598249305,2.4180976904019658,0,0,0
S5_p000_t021_s490683040,2026-10-02T23:54:15Z,S5,0,1,0,0,4d176c84eb5f1e53481270e07eccb6150ff1b6d36afc56822e58ac6321811af6,12000,16,1,180000,0.640874704372399,1,0.011734718656998022,0.01184653938728869,0,1,173699,0.0,-5.962228238650931,-325.08871497154723,1.366054429186366,60.921595380105664,1146.287987558293,143.3971883795798,11.333333333333334,0.0,0.0,10.274080279074589,8.928300644928607,0,0,0
S5_p000_t022_s1940961689,2026-10-02T23:54:30Z,S5,0,1,0,0,13b2a9edb2daf342491b8f03bded38c63962e93a82d55f7ed61eb8d944f2aa90,12000,16,1,180000,0.7860296263839897,1,0.011719892870886739,0.01222168085676451,0,1,173760,0.0,-2.936580231476751,-319.9720606117183,-7.493568026577412,0.1737821682838471,-0.010403584374620621,-0.0013020918131587678,0.08333333333333333,0.0,0.0,4.526374178463368,2.0328392127228816,0,0,0
S5_p000_t023_s1454648504,2026-10-02T23:54:45Z,S5,0,1,0,0,cb8152f933c463717b605518dbaa2fb379508e39708daa114bf1739ce4f967bd,12000,16,1,180000,0.7859445800401734,1,0.012838578473495997,0.012221680856764509,0,1,173742,0.0,-2.9382152131982324,-321.47208852299326,-7.4964428014085405,0.12133171682828908,0.017369117285861276,0.00217357133715268,0.08333333333333333,0.0,0.0,5.0316708923314,2.4105023532328733,0,0,0
S5_p000_t024_s558398644,2026-10-02T23:55:00Z,S5,0,1,0,0,239f712139666132b30aae83fa347bf2d0041306e613983b8de331450720a075,12000,16,1,180000,0.7866349609483074,1,0.011265794848026879,0.011320390480114302,0,1,173741,0.0,-2.9255646647206603,-321.55539558770516,-7.499879066142312,0.14461777721044278,-0.008454301973963525,-0.0010579628947198216,0.08333333333333333,0.0,5.666666666666667,5.532652933409774,2.6431908035137877,0,0,0
S5_p000_t025_s1286326493,2026-10-02T23:55:15Z,S5,0,1,0,0,558e6e22bd80bfd00c3fe196e3d5ffb03eb7a44f603091ea6d43ff1e50059c08,12000,16,1,180000,0.786188982951642,1,0.01261583213137618,0.011438325274920134,0,1,173809,0.0,-2.9314392727813656,-315.8887257166995,-7.511089726866997,0.14271544996807675,0.006692734949617904,0.0008379772648368089,0.08333333333333333,0.0,0.0,4.489964466228432,2.204903564114668,0,0,0
S5_p000_t026_s905618129,2026-10-02T23:55:30Z,S5,0,1,0,0,5d42f9bec59d227ef9dffc43863ac09fd38e29f2b681cd7174b36dd426afe7a1,12000,16,1,180000,0.786944893183273,1,0.012591448204218016,0.013039589560558134,0,1,173742,0.0,-2.9227222939512947,-321.47209451895714,-7.520741799981052,0.13475672140301953,-0.013722501913011548,-0.0017172338893942651,0.08333333333333333,0.0,4.25,4.610498185710602,2.4755333819654384,0,0,0
S5_p000_t027_s649442228,2026-10-02T23:55:45Z,S5,0,1,0,0,458df36f33bba72d47f04c3cc910535867a6c90dec6acd79d0cc0c5e5f15140e,12000,16,1,180000,0.7872094476872447,1,0.011930084073324312,0.01321816363286422,0,1,173793,0.0,-2.915149937290868,-317.22203624188353,-7.525577619441936,0.11821245902089594,-7.426339789035967e-05,-9.297109045292018e-06,0.08333333333333333,0.0,0.5,4.859892319188546,2.867949593597591,0,0,0
S5_p000_t028_s1033628820,2026-10-02T23:56:00Z,S5,0,1,0,0,24102f915c0e52b7de282bd81b1c04b57f0b588efc6f48cb960ec324265178de,12000,16,1,180000,0.7869532457441663,1,0.013360843090637477,0.01321816363286422,0,1,173799,0.0,-2.915832692666203,-316.72202672090134,-7.543980733433861,0.1244187389746505,-0.012372222653896677,-0.001548965159599902,0.08333333333333333,0.0,1.5833333333333333,5.217357751623737,2.2184150179419166,0,0,0
S5_p000_t029_s815515411,2026-10-02T23:56:15Z,S5,0,1,0,0,b2f38d8a43face65ca3aea958dd23c9d0384ef6ba9951bda1a119b84001ea2a2,12000,16,1,180000,0.7851270838415317,1,0.012155613897435346,0.010522630375740043,0,1,173818,0.0,-2.945653455149688,-315.1387224196199,-7.487669460233621,0.1601824116538822,0.01259786129292506,0.0015774537996549043,0.08333333333333333,0.0,0.0,5.637420179125627,2.4856654058793075,0,0,0
S5_p000_t030_s1593614182,2026-10-02T23:56:30Z,S5,0,1,0,0,b971b2dae5bbed8128888ad4329a9ab19aa0a6a12646ea323dce76f65fb6cc91,12000,16,1,180000,0.786745581061801,1,0.011831828202786509,0.011381903972451344,0,1,173808,0.0,-2.9200512722207934,-315.9720787005166,-7.520704053702351,0.138532036367421,0.006082819593141187,0.0007616055099788355,0.08333333333333333,0.0,0.0,4.697083449771005,2.194227100978576,0,0,0
S5_p000_t031_s1722507941,2026-10-02T23:56:45Z,S5,0,1,0,0,cf011ef5e8e29944ba0fff95259d1bf1be345f34ee4560dd7732a7385ab2b7d1,12000,16,1,180000,0.7862364059047129,1,0.01259067083589008,0.011381903972451344,0,1,173625,0.0,-2.9320921128321498,-331.2220778365784,-7.510174157602045,0.19145651928329024,-0.0005169347958593169,-6.462873898271937e-05,0.08333333333333333,0.0,17.5,4.5966631974739744,3.1513726928093093,0,0,0
S5_p000_t032_s1695726775,2026-10-02T23:57:00Z,S5,0,1,0,0,992afdaeaf1a4edb9f9274d9732ff73840b99af5da381294f457151321ef234b,12000,16,1,180000,0.7856503611182308,1,0.012358581632089015,0.011266541992162515,0,1,173835,0.0,-2.9459626834578168,-313.72208658349274,-7.467076464262396,0.13193142034047545,0.0007248289862011356,9.077250842892681e-05,0.08333333333333333,0.0,0.0,4.845297927509207,2.211207355493329,0,0,0
S5_p000_t033_s51254525,2026-10-02T23:57:15Z,S5,0,1,0,0,ff94371915d6d6f7e5f53aca62fe92517c513f8982dddfe5bbaac5a153843ae1,12000,16,1,180000,0.7861933237561736,1,0.011236119326360542,0.011266541992162515,0,1,173792,0.0,-2.9285776455899244,-317.3053780214601,-7.510350135379845,0.15315034661699123,0.0015461235608505712,0.000193559208582883,0.08333333333333333,0.0,2.916666666666667,4.866917043601464,2.260034044484352,0,0,0
S5_p000_t034_s1745018624,2026-10-02T23:57:30Z,S5,0,1,0,0,6bc902f1e34652e8a88b5073baac5537af583af7d2f904b6fa2878fc3a047881,12000,16,1,180000,0.7843570928025597,1,0.012445734896617116,0.01173937934108169,0,1,173827,0.0,-2.9567127748306623,-314.38870130664264,-7.46831550105364,0.13903330786945794,0.010721844284097802,0.0013426429504761472,0.08333333333333333,0.0,0.0,5.348184618142172,2.152888799359665,0,0,0
S5_p000_t035_s977203227,2026-10-02T23:57:45Z,S5,0,1,0,0,b902408d61ba966cf61488916702dbe1e75b1d7a11293c09ccc24bcce52bc056,12000,16,1,180000,0.58426641023391,1,0.011297139367336126,0.011906754434669618,0,1,173861,0.0,-6.848344797413458,-311.5885951168651,2.7976064800555007,46.68951875295774,1026.6846478936038,128.6014923105049,10.166666666666666,0.0,2.25,7.946209253651276,7.708229865668471,0,0,0
S5_p000_t036_s2083372684,2026-10-02T23:58:00Z,S5,0,1,0,0,8f8f83a3461ba3c92a38faca4ac60337eb697abe9f1d41de6e337e367645c6a1,12000,16,1,180000,0.9252018540726996,1,0.011433847188752946,0.011941561547457529,0,1,173888,0.0,-2.8318716900481937,-309.3385857097007,-8.189719720780854,0.16148196671992607,0.0034194678630055006,0.00042841145068450714,0.08333333333333333,0.0,4.333333333333333,4.910767555863758,2.0889505874927075,0,0,0
S5_p000_t037_s1544718727,2026-10-02T23:58:15Z,S5,0,1,0,0,7bd46a626a15cfd1cef4bb595d9db52a3eeb9ae13a5be445779e8caaf5d720ac,12000,16,1,180000,0.9247000613669849,1,0.012393391646208732,0.011941561547457529,0,1,173940,0.0,-2.851370631854464,-305.0052482118093,-8.154573715673164,0.1921060081887429,-0.0049010609948841564,-0.0006142891829767905,0.08333333333333333,0.0,0.0,4.6897773093374875,1.7341329211576018,0,0,0
S5_p000_t038_s894361021,2026-10-02T23:58:30Z,S5,0,1,0,0,531894b3a989025c77550781c62f22f2136210bc65d0cba0ab89e67c561ddf5c,12000,16,1,180000,0.9248849636705029,1,0.011548087971410697,0.01152536370534649,0,1,173860,0.0,-2.8443355263533916,-311.671917809527,-8.166892137850205,0.11055109775819061,-0.00211924796859841,-0.0002654527620506997,0.08333333333333333,0.0,2.0,4.894367540411112,2.1413798122890406,0,0,0
S5_p000_t039_s819664372,2026-10-02T23:58:45Z,S5,0,1,0,0,e88d948440bb05998b8b8eab7bae554b30e8f6d74b1c173b5d9e8477923f1b04,12000,16,1,180000,0.9254860102296126,1,0.011758396475459933,0.011299748597758093,0,1,173884,0.0,-2.8229109546083535,-309.67193763866635,-8.212554631263231,0.1723019636676312,0.00037247542728533286,4.666446648116107e-05,0.08333333333333333,0.0,338.91666666666663,5.276334445877572,2.3713798237717665,0,0,0
S5_p000_t040_s857399851,2026-10-02T23:59:15Z,S5,0,1,0,0,a2288710afcd699c299c2914c2f74adc993389d0a279280011ad97ed4a1f3293,12000,16,1,180000,0.9259327801482097,1,0.012066945343596248,0.011434955377139051,0,1,173733,0.0,-2.809518862134821,-322.255269486599,-8.239549806446028,0.16224395536678818,0.0013469835528353122,0.00016854939894983545,0.08333333333333333,0.0,0.0,4.994549350201269,2.0547045654448644,0,0,0
S5_p000_t041_s1795049623,2026-10-02T23:59:30Z,S5,0,1,0,0,700b27d14431e5c1343309da3a2cbff80ae7fa72a6952b981fc459476ad03c71,12000,16,1,180000,0.9251741725166939,1,0.012444618147348117,0.011434955377139051,0,1,173729,0.0,-2.8281742848693563,-322.58860150209756,-8.187281063110492,0.1368095562424797,-0.0057138833900110455,-0.0007149610869419121,0.08333333333333333,0.0,0.0,4.845773479526078,2.5914527706069657,0,0,0
S5_p000_t042_s190457367,2026-10-02T23:59:45Z,S5,0,1,0,0,4f18ac145045ff44cfb0b2d72fe72019e05afcf6bf5e62a19f849b3055d3bbcb,12000,16,1,180000,0.9250829191690709,1,0.013478872644251681,0.01107464873018137,0,1,173651,0.0,-2.842092182878323,-329.08857943090214,-8.181791924803802,0.15190154910425444,-0.0008298786989858509,-0.00010377550142948166,0.08333333333333333,0.0,7.75,4.725268223411947,2.1703207969458465,0,0,0
S5_p000_t043_s1463994837,2026-10-03T00:00:00Z,S5,0,1,0,0,a2d538df5ea38d1ea56206ebd42310fd2e29b4b29f94d6416969c440c731aeaa,12000,16,1,180000,0.9253693418288416,1,0.011666057384336558,0.011512522855102006,0,1,173744,0.0,-2.821718730335239,-321.33861370531906,-8.198722245537656,0.12024389070048734,0.001857743629643263,0.00023248175330081722,0.08333333333333333,0.0,4.583333333333333,4.71873966973842,2.185120450758211,0,0,0
S5_p000_t044_s1305633241,2026-10-03T00:00:15Z,S5,0,1,0,0,153ee90ec617d81e2b23499747a7e01fd127f5fda04f1ca3f218d689d451c825,12000,16,1,180000,0.9253006187299884,1,0.011508555836011397,0.011678784634285913,0,1,173799,0.0,-2.839332591031039,-316.75524487266074,-8.19269008525056,0.1597583920504918,-0.0008871166114055201,-0.0001110643383981369,0.08333333333333333,0.0,2.416666666666667,5.475602687947347,2.325009096082246,0,0,0
S5_p000_t045_s641567673,2026-10-03T00:00:30Z,S5,0,1,0,0,7a97ee32d41e9377989e84a48d503c73c835330a741985dd3dc58ca9201b654f,12000,16,1,180000,0.9254795895190757,1,0.012389417460077597,0.011678784634285915,0,1,173828,0.0,-2.8321161164400093,-314.33859345747015,-8.209432285826178,0.1830313032714562,-0.00242053939340164,-0.00030311446607811376,0.08333333333333333,0.0,0.0,4.966173982588769,2.410081859783876,0,0,0
S5_p000_t046_s342352341,2026-10-03T00:00:45Z,S5,0,1,0,0,707420d289ca8b6ee6dcdf746b2180c2c0263942228a473dc0c0b32dff66e554,12000,16,1,180000,0.9245788384311362,1,0.01244034810726154,0.011684347577656472,0,1,173718,0.0,-2.8540588160690428,-323.5052420262812,-8.145886228479824,0.10248598430895475,0.0011754154262618795,0.00014706327647218131,0.08333333333333333,0.0,3.833333333333333,5.002056418667716,2.1360340340797404,0,0,0
S5_p000_t047_s1976295519,2026-10-03T00:01:00Z,S5,0,1,0,0,9aa8384b513693996d3b4517445faeea78e6ebf29b550e7c0647b30283099908,12000,16,1,180000,0.9251549722100763,1,0.013069628314623409,0.012438424080307056,0,1,173764,0.0,-2.835279067432412,-319.67193687408326,-8.187749100577086,0.09656525367332192,0.006839153970584456,0.0008560021892662917,0.08333333333333333,0.0,3.0833333333333335,4.918698017806194,1.970132988671987,0,0,0
S5_p000_t048_s26274461,2026-10-03T00:01:15Z,S5,0,1,0,0,591aa113e63ee679fa1ada505ec301a125195a93e67b941c0083c4dee9d9d21c,12000,16,1,180000,0.6969213994653344,1,0.010992950888062547,0.012438424080307056,0,1,173918,0.0,-3.9857297543295402,-306.80540015179275,-3.0178004303242343,37.070756969658596,-0.009856829192968349,-0.0012352184071460215,9.25,0.0,0.3333333333333333,14.069160220187957,11.706606334867038,0,0,0
S5_p000_t049_s1345419483,2026-10-03T00:01:30Z,S5,0,1,0,0,3f1ce7feafae3ed9c415d037ed99f6f896ab98f098b75bb6cc87c0ee971158dd,12000,16,1,180000,0.7871173618914019,1,0.011635191915257581,0.013085355031554318,0,1,173922,0.0,-2.9103260547275793,-306.47203453400834,-7.557080448606258,0.1677513976152066,-0.008575684792256849,-0.0010747048181656282,0.08333333333333333,0.0,3.0,4.982270634330885,2.2478628468640522,0,0,0
S5_p000_t050_s99021969,2026-10-03T00:01:45Z,S5,0,1,0,0,b8dc82bdf26562e67a9cf747cae7ffc3aa8b134e74113ea657908e4c46cdcfc2,12000,16,1,180000,0.7864644966204981,1,0.01107511722531142,0.013085355031554316,0,1,173958,0.0,-2.9259802877826657,-303.4720314248134,-7.523691321325481,0.15221168258397247,0.015413595242851123,0.0019321866452628456,0.08333333333333333,0.0,0.0,5.166283236621632,2.6054350963889705,0,0,0
S5_p000_t051_s1479934108,2026-10-03T00:02:00Z,S5,0,1,0,0,182e744c7c3cd5641b3f522c131a52cc905f1480093bb3499a9ef384586b415f,12000,16,1,180000,0.7861182534850785,1,0.011864573200296909,0.011074855641030328,0,1,173913,0.0,-2.934472782919813,-307.22205265002174,-7.496386506270049,0.1555993729162324,0.007129900840218188,0.0008934550041885814,0.08333333333333333,0.0,0.0,5.097824237751066,2.7168369783062296,0,0,0
S5_p000_t052_s394618325,2026-10-03T00:02:15Z,S5,0,1,0,0,d37d485d582dc38e601484382c728f8cfcf6989216138cc82af893a50f8350d6,12000,16,1,180000,0.785590644122219,1,0.012229480869430832,0.01454022921144404,0,1,173859,0.0,-2.9457977826048483,-311.7220862454475,-7.470022014419905,0.1648217556792798,0.0014653139453848975,0.00018354082885707612,0.08333333333333333,0.0,2.0833333333333335,4.774999132762056,2.39379305263923,0,0,0
S5_p000_t053_s628411764,2026-10-03T00:02:30Z,S5,0,1,0,0,f3c58cf3295e2029e54bd88fc72bcbe12ee8ce2055617e00f9875f7c6efe31c1,12000,16,1,180000,0.787063996157959,1,0.011947620562991538,0.014540229211444043,0,1,173884,0.0,-2.917630616859092,-309.63873567138097,-7.525257803680555,0.14076670616840914,-0.0020419553850633664,-0.0002558202545515087,0.08333333333333333,0.0,0.0,5.020644175824029,2.0511735477084034,0,0,0
S5_p000_t054_s100976213,2026-10-03T00:02:45Z,S5,0,1,0,0,4af6b9c47a901fd0e952f5fd9a5dfb9b08db5841f2fa72774a166e4338df81e8,12000,16,1,180000,0.7866932047432199,1,0.011826070886395708,0.012025786238237553,0,1,173876,0.0,-2.924063645873083,-310.305377239094,-7.502687650550124,0.14494556046748255,0.008210889639264675,0.001028610988669243,0.08333333333333333,0.0,3.5,4.7725208064896245,2.1410347330970843,0,0,0
S5_p000_t055_s419571874,2026-10-03T00:03:00Z,S5,0,1,0,0,0c6c60a25c830b989c2178002a790fc8da920f7032f5751a9f29cd4923edcec2,12000,16,1,180000,0.7839946567338039,1,0.011890609244846119,0.010819566177967187,0,1,173918,0.0,-2.9634352318548007,-306.8053723006542,-7.455419218225867,0.1804049898579754,0.002666315226147337,0.0003341319588798797,0.08333333333333333,0.0,0.9166666666666666,4.785117212866586,1.938079106406777,0,0,0
S5_p000_t056_s1428634269,2026-10-03T00:03:15Z,S5,0,1,0,0,987ac42243a240013a5a14b6a9dfe67714c2a6c6923a0d900256b48b17040ecd,12000,16,1,180000,0.7868951119691306,1,0.0111177910456174,0.011368428910441425,0,1,173929,0.0,-2.9158967706216927,-305.88873412258664,-7.540722157776335,0.14657052240871032,0.0017209449247569204,0.00021568086458501057,0.08333333333333333,0.0,0.0,4.557854353434661,2.065824427281244,0,0,0
S5_p000_t057_s329242616,2026-10-03T00:03:30Z,S5,0,1,0,0,a724272f60fc2b41cdcd974a490ab59a3dcd15aebf8a2449172ac64b5d5320eb,12000,16,1,180000,0.7867957486801949,1,0.01116700968380797,0.01152206920284912,0,1,173908,0.0,-2.9244462399127373,-307.6387154510121,-7.500295439780064,0.12745318783508136,-0.0006848036640806206,-8.581000793128624e-05,0.08333333333333333,0.0,3.3333333333333335,5.062474455356798,2.1058387394981133,0,0,0
S5_p000_t058_s2110013045,2026-10-03T00:03:45Z,S5,0,1,0,0,03460b78727f9f260b28577f0ba3404789a0233d62721f87c881c4e38d4d7b6e,12000,16,1,180000,0.7858224012517957,1,0.011766732977905448,0.01152206920284912,0,1,173948,0.0,-2.9388528622580097,-304.3054317975493,-7.497552392802715,0.14388392148112242,0.022672060363240033,0.0028418520782906853,0.08333333333333333,0.0,0.0,5.943164917279041,2.5769163408644307,0,0,0
S5_p000_t059_s156085977,2026-10-03T00:04:00Z,S5,0,1,0,0,e17ba87f30b2089b29b1e703f3adf2c4ddff88c86b9db22f2ab7d79cb1c60ba4,12000,16,1,180000,0.7861752820977478,1,0.012929271664063982,0.011479244942781833,0,1,173898,0.0,-2.9309441224926176,-308.4720404058571,-7.5090507226182055,0.1369510696297471,0.002264650924428266,0.00028375170222716406,0.08333333333333333,0.0,340.58333333333337,4.771349703228972,2.185582025114773,0,0,0
S5_p001_t000_s1885087324,2026-10-03T00:04:30Z,S5,1,1,0,0,143fb92fcf8a0f261967e7153a3d8443ad3efb5fdaca5729ca285bedc74e7617,12000,16,1,180000,0.5297881223537768,1,0.012660222684989545,0.011612135066804708,0,1,173764,0.0,-6.330095293875386,-319.63890956410916,1.962735754856231,47.29790979506369,830.9134820746175,103.99879324342328,8.166666666666666,0.0,0.0,8.472916190690599,8.013963403456895,0,0,0
S5_p001_t001_s1655700015,2026-10-03T00:04:45Z,S5,1,1,0,0,c0471b5bd895a6918167f34f191e181087fbe7bd26ea99c61f31db705bcf8212,12000,16,1,180000,0.7873433612130121,1,0.012722897274095422,0.011758077236549454,0,1,173823,0.0,-2.911655910381863,-314.72206563573366,-7.556612521500767,0.20243706005867157,-0.0006032641256861138,-7.554133708254085e-05,0.08333333333333333,0.0,8.166666666666666,4.547848047730508,2.202592981236351,0,0,0
S5_p001_t002_s1021903553,2026-10-03T00:05:00Z,S5,1,1,0,0,892aa8f492a74466f7709bce5b9ad016e9c550028752ba9aeb1c30159024c629,12000,16,1,180000,0.7853350527100531,1,0.011538474506711882,0.011758077236549456,0,1,173921,0.0,-2.9508591895701795,-306.55544594115656,-7.475122342628233,0.13045078237809152,0.0037307234622803863,0.0004675305335695157,0.08333333333333333,0.0,0.0,4.945214934390112,2.1598368135261143,0,0,0
S5_p001_t003_s1644975509,2026-10-03T00:05:15Z,S5,1,1,0,0,ad44148dcd07dcc2f856ed09e2308a4d9100f302dc5a932cc52a0cfea3d4513c,12000,16,1,180000,0.7874677951730156,1,0.011777391257877702,0.011663593173974689,0,1,173892,0.0,-2.9078026821272958,-308.9720065413373,-7.551490444872822,0.13114235371511454,-0.007852740926406376,-0.0009838699106694548,0.08333333333333333,0.0,0.0,4.781978322980208,2.3232661485707267,0,0,0
S5_p001_t004_s1168327485,2026-10-03T00:05:30Z,S5,1,1,0,0,5bd7ab39a8b3c6c2397f42ec1fad8fa99c3f8f1715988c89e28946ea8499a858,12000,16,1,180000,0.7871399299196881,1,0.011964280670750616,0.01066601118346451,0,1,173819,0.0,-2.914722238873659,-315.05536384815366,-7.53807430510097,0.18624311103684865,0.012969115255062896,0.0016239537048932107,0.08333333333333333,0.0,5.833333333333334,5.207407306734367,2.4381515484049125,0,0,0
S5_p001_t005_s821699653,2026-10-03T00:05:45Z,S5,1,1,0,0,ee9573fa1653dc883d04cf52a904566160d0150376b44329c757905351894f12,12000,16,1,180000,0.7862698919368626,1,0.010960521739158284,0.012058580066831297,0,1,173889,0.0,-2.9301747849008546,-309.2220866749146,-7.504337220449995,0.1467577528442147,-0.006776514925539269,-0.0008490092254760384,0.08333333333333333,0.0,0.0,5.039017988160216,2.2225286386117107,0,0,0
S5_p001_t006_s1390326187,2026-10-03T00:06:00Z,S5,1,1,0,0,b07b8928803e57335a6d2d342a352feaae6ed5b93a3049141a8985f0029189ec,12000,16,1,180000,0.7875323275127902,1,0.011851224765538826,0.012058580066831297,0,1,173878,0.0,-2.9119884192357217,-310.1387511563632,-7.533305154273869,0.09628053257363772,-0.006964852303195968,-0.000872528837135178,0.08333333333333333,0.0,2.5833333333333335,4.916575106642037,2.688034216805859,0,0,0
S5_p001_t007_s62755090,2026-10-03T00:06:15Z,S5,1,1,0,0,53f46b69abb82465be7f3c3f919f2d370b4092c361bce2ed323e1de6d2de81ea,12000,16,1,180000,0.7856194668414671,1,0.012034526661617568,0.011815804920647007,0,1,173909,0.0,-2.9332805293319226,-307.5553774376258,-7.52359397097408,0.15443253517827027,0.0037389665201075692,0.0004685186777351191,0.08333333333333333,0.0,0.0,5.016931196653739,2.1858042152631243,0,0,0
S5_p001_t008_s1060521833,2026-10-03T00:06:30Z,S5,1,1,0,0,58eee6a6e9f4160a105adfe2b6b7ff452bff0f0fe3d6b8431609f5002e94c5bb,12000,16,1,180000,0.7869048471855085,1,0.012399971373345108,0.01181528906755367,0,1,173904,0.0,-2.917773579820739,-307.9720546607083,-7.532248363705874,0.11306593096023337,0.017778671074607507,0.00222770304299047,0.08333333333333333,0.0,0.0,5.2524455957862255,2.393057291003326,0,0,0
S5_p001_t009_s589950212,2026-10-03T00:06:45Z,S5,1,1,0,0,ce50996ca585e0159a14d292cbc8025ef9ead645af615f21de46401dc1daff8d,12000,16,1,180000,0.7872821699655476,1,0.01286885091879803,0.012572497355329351,0,1,173876,0.0,-2.9152545803296603,-310.30544413770866,-7.53195553569509,0.11859773213621677,0.002374186398220843,0.0002974238268507179,0.08333333333333333,0.0,0.0,5.1122963362554055,2.2652637151698243,0,0,0
S5_p001_t010_s1305069655,2026-10-03T00:07:00Z,S5,1,1,0,0,283570e659b510cd54780557dee335e1e48c47776d7fd22ad534a90500a23701,12000,16,1,180000,0.7863788026929751,1,0.011291135331040867,0.01257249735532935,0,1,173798,0.0,-2.9330632124041585,-316.80542775453193,-7.498734355436296,0.10747840899077125,-0.00038523597322149037,-4.823000290343771e-05,0.08333333333333333,0.0,9.5,4.599029678980157,2.442403150777808,0,0,0
S5_p001_t011_s28593644,2026-10-03T00:07:15Z,S5,1,1,0,0,74245cd7e524e86579e2279a4afddc32d2d84a379bc231ba11051a5ea56dd3f6,12000,16,1,180000,0.7861345332498609,1,0.011278876053694662,0.011370134432934819,0,1,173912,0.0,-2.937242860564221,-307.30544534055116,-7.5051161162560645,0.12741774427043107,0.0034437764196828384,0.00043153962315045646,0.08333333333333333,0.0,0.3333333333333333,5.573219286659188,2.308007329808998,0,0,0
S5_p001_t012_s1865301797,2026-10-03T00:07:30Z,S5,1,1,0,0,0a23243be41e47fdaa31b5c55806c1d17d6a0adce1b561153e413451ab450c8f,12000,16,1,180000,0.7856688711203421,1,0.01240632487759759,0.011697493707701075,0,1,173916,0.0,-2.939612789276543,-306.9720458736853,-7.492164115648482,0.13837343208182273,-0.006868655478308251,-0.0008607386926087202,0.08333333333333333,0.0,0.0,4.630566098557825,2.9445322176660977,0,0,0
S5_p001_t013_s2060094721,2026-10-03T00:07:45Z,S5,1,1,0,0,24380e5ad0c2772cbb7eeebaafa2f1978e067325af9667dd0d4ec5e44a6e1371,12000,16,1,180000,0.7859873515724624,1,0.012298048389711304,0.011697493707701073,0,1,173847,0.0,-2.9357983334567823,-312.7220706030227,-7.498894028870757,0.1445740987023558,-0.006062956985496977,-0.0007593550476485689,0.08333333333333333,0.0,1.8333333333333333,4.994261061644989,2.1671524228398344,0,0,0
S5_p001_t014_s1948411728,2026-10-03T00:08:00Z,S5,1,1,0,0,c155fdf9c09505b2d2a9ba017c7feb8b8ec52543bf4fbef8a2da30604a447413,12000,16,1,180000,0.7457579981139392,1,0.011599474869335758,0.010943740424339411,0,1,173973,0.0,-3.801222440239416,-302.2724547696913,-3.5416679049945854,48.0563319159969,0.03750289181591106,0.004701775049852586,8.0,0.0,2.5,11.874673861311448,11.61158739793122,0,0,0
S5_p001_t015_s391197292,2026-10-03T00:08:15Z,S5,1,1,0,0,9a2a547f0faf3d2a7dacda3744d334b6aa47a40b0892dfb3703276311683d55b,12000,16,1,180000,0.8236056875986246,1,0.011422030226674741,0.010943740424339411,0,1,174003,0.0,-2.9485639505447048,-299.77236288228596,-7.401420997499464,0.11229082283134154,0.0056355910198171676,0.0007067087494760926,0.08333333333333333,0.0,0.0,5.054786687637471,1.8836971869396293,0,0,0
S5_p001_t016_s1222798800,2026-10-03T00:08:30Z,S5,1,1,0,0,127c60d3bf1153f2cf0bfeecadf648ea0f5dd556a2687523b5446849e5315baa,12000,16,1,180000,0.824925395171053,1,0.012147690548031435,0.01155165604757784,0,1,173951,0.0,-2.9220129879095245,-304.1057066019288,-7.457284196848849,0.1476706270089951,-0.00801261170310311,-0.0010043728643722716,0.08333333333333333,0.0,1.3333333333333333,4.927876985649921,2.109695924125596,0,0,0
S5_p001_t017_s1741812164,2026-10-03T00:08:45Z,S5,1,1,0,0,b3e043418dba38bb8900754a0d8f0bea6af3cf9768339534637c291403d17b7c,12000,16,1,180000,0.8239145377082336,1,0.012115403117713924,0.011551656047577838,0,1,173967,0.0,-2.9503550723612104,-302.77231887270193,-7.411543672581166,0.17308787500350056,-0.0023808155307685993,-0.0002984709390148055,0.08333333333333333,0.0,0.0,4.794718952658902,2.2681769975905306,0,0,0
S5_p001_t018_s761716013,2026-10-03T00:09:00Z,S5,1,1,0,0,af62410e7b1866030c31f1c004b91b4a3ae8b2fbbd83e50af8058206ec3fb861,12000,16,1,180000,0.8238061144242758,1,0.012576561629602473,0.011175487216593947,0,1,173967,0.0,-2.9336142186159213,-302.7724285092718,-7.435868605348855,0.12924255672016408,-0.012671799786101265,-0.001588600180184585,0.08333333333333333,0.0,0.0,4.986990289458417,2.8587123926209945,0,0,0
S5_p001_t019_s1418527271,2026-10-03T00:09:15Z,S5,1,1,0,0,60d1900a78e938420578f47ff2aeed92f24488ff43c0e0b8854ec7a9edccf633,12000,16,1,180000,0.8247823956645096,1,0.010844582721494973,0.011217996666343173,0,1,173957,0.0,-2.9239720873053305,-303.6056972468268,-7.4482483065263185,0.13415701909367783,-0.005297930483065327,-0.000664122075704654,0.08333333333333333,0.0,338.8333333333333,5.0900428112095515,2.2420933015014244,0,0,0
S5_p001_t020_s783127692,2026-10-03T00:09:45Z,S5,1,1,0,0,b57dc5f0fcbb95098440cae6476f7a3752ba733f6125af57ba6b976d3426ec3a,12000,16,1,180000,0.8237881941746112,1,0.012329318527780601,0.01130698512478443,0,1,173424,0.0,-2.944175289266935,-348.0223651258705,-7.41452842049072,0.15874708696060835,-0.0070823008488513015,-0.0008840269565553172,0.08333333333333333,0.0,16.416666666666668,4.793940112493721,2.105036301458575,0,0,0
S5_p001_t021_s1964437265,2026-10-03T00:10:00Z,S5,1,1,0,0,297df7b48bb2475137834ba834f7c2e08e5982d17d1f337abcccd7e2198aee47,12000,16,1,180000,0.8243355420922611,1,0.012545264078516945,0.01130698512478443,0,1,173621,0.0,-2.9351303442588934,-331.6056922751195,-7.429001519800684,0.12242781802907354,0.007966457611162787,0.0009959585640899604,0.08333333333333333,0.0,0.0,5.144373963821352,1.8473883105502402,0,0,0
S5_p001_t022_s957459067,2026-10-03T00:10:15Z,S5,1,1,0,0,bce0326f78c11fb693d7d0fb3c12828c357a7c2590e29844823d23fba97fee55,12000,16,1,180000,0.8235528108631858,1,0.011663833994918344,0.011415151531325126,0,1,173599,0.0,-2.95038878728331,-333.43900779299173,-7.39438925700747,0.13997147470092725,-0.005681899146602799,-0.0007102203476279101,0.08333333333333333,0.0,0.0,4.54065531403956,2.189907456186113,0,0,0
S5_p001_t023_s8860321,2026-10-03T00:10:30Z,S5,1,1,0,0,e12f0aedaa772db555127c65554a7737f6345e931a2506f327f5f4d5a877a8c5,12000,16,1,180000,0.8233491906447162,1,0.012312689148785914,0.011415151531325125,0,1,173573,0.0,-2.955697138926743,-335.6056474153198,-7.416333022975582,0.14130759532529086,0.019721903470078756,0.0024646659985592123,0.08333333333333333,0.0,4.916666666666666,4.8548180625820985,2.1882131597521304,0,0,0
S5_p001_t024_s1947352502,2026-10-03T00:10:45Z,S5,1,1,0,0,100766b75eff2cce04266aa4a507d17bf43792539d7cee5ff3cdf1da83c5de26,12000,16,1,180000,0.8226564054211034,1,0.011435412959817757,0.011692016999606968,0,1,173632,0.0,-2.968508242697797,-330.6889980646629,-7.377047981567227,0.10939624864580691,-0.0020345596628598174,-0.00025438099464736297,0.08333333333333333,0.0,0.0,4.635495487728055,1.7961015309227937,0,0,0
S5_p001_t025_s530962326,2026-10-03T00:11:00Z,S5,1,1,0,0,287f8f9ef99f50cd7180e239742b6920ee678746d0927025a2bdc521e92ab960,12000,16,1,180000,0.8230394223684717,1,0.012905959301980657,0.011754246126400688,0,1,173532,0.0,-2.96483179039949,-339.0223010439883,-7.388917171517048,0.11085183370538133,-0.0008203301613580843,-0.00010248384705846547,0.08333333333333333,0.0,7.25,4.664786616569878,2.047623282508148,0,0,0
S5_p001_t026_s1487894653,2026-10-03T00:11:15Z,S5,1,1,0,0,44f126feba4c53e47ad274dc9a45224937243b6839e083ba97653079a3c3b3ef,12000,16,1,180000,0.7707543632030344,1,0.012210571120804866,0.011754246126400688,0,1,173619,0.0,-3.4752153061587516,-331.77238570487253,-4.741083848515086,12.54970275666658,0.015433510830782548,0.0019294512235319417,10.583333333333334,0.0,0.0,12.059625266483382,7.631408684625816,0,0,0
S5_p001_t027_s336917293,2026-10-03T00:11:30Z,S5,1,1,0,0,03dd1d943f0a36fbba0919d92411ea643a5932b6243a8b69e620139ef66ec016,12000,16,1,180000,0.8244115682427391,1,0.01167564526160231,0.011497097383666202,0,1,173713,0.0,-2.9260471681546463,-323.93907307931477,-7.456491017922167,0.14350385061008658,-0.0051423356968292675,-0.0006433627613660065,0.08333333333333333,0.0,0.75,4.904866077797871,2.0912758478626157,0,0,0
S5_p001_t028_s362942692,2026-10-03T00:11:45Z,S5,1,1,0,0,72fa914f2a78dcd0d5f2a6ed16ee3ead862d3c45b40fd0ac2563e87c963c1b79,12000,16,1,180000,0.8242585054748375,1,0.011943968126286142,0.013794725883134002,0,1,173722,0.0,-2.937044897483172,-323.18902240512216,-7.412992759580006,0.14328797653232744,-0.006251313810449095,-0.0007821643839633907,0.08333333333333333,0.0,0.0,4.746881063957616,2.1825093931525847,0,0,0
S5_p001_t029_s125804357,2026-10-03T00:12:00Z,S5,1,1,0,0,0995eef20ac74327cb066baf32f89e7eb1bd23ccd046a4f9990ca50093381655,12000,16,1,180000,0.8230277352161639,1,0.012485381140000083,0.013794725883134002,0,1,173652,0.0,-2.9558116328344726,-329.0223529209682,-7.402648651739614,0.13716109602969767,0.0024762022683037775,0.0003096490936513874,0.08333333333333333,0.0,8.916666666666666,4.806782175746693,2.3277012654014864,0,0,0
S5_p001_t030_s1238284527,2026-10-03T00:12:15Z,S5,1,1,0,0,a4c2912135a16eef3c6880aa91e1091156e3d70645be46fdd31e97a5f4ea432a,12000,16,1,180000,0.8246946278505836,1,0.012129327682914297,0.012303348513055432,0,1,173759,0.0,-2.919517291412464,-320.10574048519874,-7.452103966787248,0.10508451092580506,0.008817441226511019,0.0011035644915864395,0.08333333333333333,0.0,0.0,4.535915929524714,2.264992540427561,0,0,0
S5_p001_t031_s185959128,2026-10-03T00:12:30Z,S5,1,1,0,0,38fcdcdf4a8937564796f4cdf5934b3c3f341aa334896480c9928bbc7062dd2f,12000,16,1,180000,0.824311802507423,1,0.011727011528772067,0.01166365529434014,0,1,173744,0.0,-2.923637494569005,-321.3557451007673,-7.452062382805838,0.17994864423271978,-0.0004164534537347001,-5.211581810726784e-05,0.08333333333333333,0.0,0.0,4.814281503891628,2.2308204005500505,0,0,0
S5_p001_t032_s1290207230,2026-10-03T00:12:45Z,S5,1,1,0,0,84fdfa39f3731eb13ef4dfa50805dada465559172bb84f186c33d93e8bdda841,12000,16,1,180000,0.8238988691794966,1,0.011450073335588467,0.01182170195224339,0,1,173680,0.0,-2.9378655098459667,-326.68906351965416,-7.414968728383454,0.11805634723976496,0.002215280781788806,0.0002770828896245803,0.08333333333333333,0.0,0.0,4.971757095775977,1.8051737517826747,0,0,0
S5_p001_t033_s1071658190,2026-10-03T00:13:00Z,S5,1,1,0,0,41141aed9fd0e1112c9e5b686accdc61ebee7874a0b6e2cf4289a3cd24f721c1,12000,16,1,180000,0.8235637038708437,1,0.011773604575285996,0.011821701952243394,0,1,173662,0.0,-2.9550821321095038,-328.1889665113504,-7.389072314968139,0.1654850149194652,-0.002511646310744898,-0.00031410648762175697,0.08333333333333333,0.0,7.833333333333333,5.136437085618419,2.2325206706481633,0,0,0
S5_p001_t034_s264284341,2026-10-03T00:13:15Z,S5,1,1,0,0,926854d78c163583f70d76b9ad071d268167da2cada9a01d7e8282d00b5dce5f,12000,16,1,180000,0.8241628413262411,1,0.01137982537424099,0.011609161800808964,0,1,173756,0.0,-2.932609342994075,-320.3557337138033,-7.4146674853699,0.15215705714850497,0.01502426301383892,0.0018803466132339963,0.08333333333333333,0.0,0.0,4.828456961779639,2.219203346701608,0,0,0
S5_p001_t035_s1262033904,2026-10-03T00:13:30Z,S5,1,1,0,0,50db4f12a7a88e2d7bd629745ffdd5ee90e7c153d8ea5b8dec9fc8e87e986b4b,12000,16,1,180000,0.8245592194898503,1,0.011883482986744678,0.011250382661086605,0,1,173730,0.0,-2.9297425418601386,-322.52235246063117,-7.452305482778643,0.13270134293786695,0.00010804872722299948,1.3519921139959479e-05,0.08333333333333333,0.0,0.0,5.242112371997315,2.250933213819551,0,0,0
S5_p001_t036_s1103695776,2026-10-03T00:13:45Z,S5,1,1,0,0,1067d501495451431d879e4c7c7d5c4a856b552f77647e7370764d48952e9b50,12000,16,1,180000,0.8239430356606822,1,0.013433029331397462,0.012791163267020645,0,1,173652,0.0,-2.9505745912682624,-329.0222834338104,-7.407761751163625,0.1547291453356142,-0.0060968880355036946,-0.000762415848839737,0.08333333333333333,0.0,2.6666666666666665,4.8008675700356624,2.4192912237031754,0,0,0
S5_p001_t037_s1633845900,2026-10-03T00:14:00Z,S5,1,1,0,0,2181a717d992f5ee9207e7847c9c856988ffe9760fa8088fc4e6b67511f277ac,12000,16,1,180000,0.8235439314798274,1,0.013099266604792523,0.012791163267020641,0,1,173684,0.0,-2.9498371205784824,-326.35567047590183,-7.394967681469227,0.1075533269615393,-0.008332862191545972,-0.0010422910686429532,0.08333333333333333,0.0,0.08333333333333333,5.5170891597940015,1.9107625167031717,0,0,0
S5_p001_t038_s1316886713,2026-10-03T00:14:15Z,S5,1,1,0,0,a9cc448f481656a1e4d8af8ed00721e79864fcfaddd8102d413f6fbe54dbe074,12000,16,1,180000,0.8237004782341057,1,0.011389319963336137,0.01057359964982943,0,1,173685,0.0,-2.9418543204475274,-326.2723952808543,-7.422527722363848,0.13714257416551012,-0.006925342225970133,-0.0008662425816510222,0.08333333333333333,0.0,1.4166666666666667,4.555582116700419,2.049952044194751,0,0,0
S5_p001_t039_s1570360091,2026-10-03T00:14:30Z,S5,1,1,0,0,242c8162082328aa1133f993a2e490bef7c425f8f3bad9fcf38370ebe3df66b3,12000,16,1,180000,0.8250419258403568,1,0.011285141167441398,0.011196171779032286,0,1,173702,0.0,-2.9147525507235947,-324.85573358923284,-7.454564826050757,0.1530767406750787,0.015411784351381996,0.0019280142223578878,0.08333333333333333,0.0,363.4166666666667,4.940969263387914,2.403770725378666,0,0,0
S5_p001_t040_s255641872,2026-10-03T00:15:00Z,S5,1,1,0,0,c401d8e1736980442afd19e775a3f2dc939dea65956439411b986f04c374d9df,12000,16,1,180000,0.925321949068229,1,0.012097204980112948,0.011607060582618213,0,1,173835,0.0,-2.837555688728654,-313.75525381929344,-8.196103306092734,0.1022787981243749,0.0028507486967848973,0.00035700781154446304,0.08333333333333333,0.0,0.4166666666666667,5.888672264320162,2.1832874266841964,0,0,0
S5_p001_t041_s1560381157,2026-10-03T00:15:15Z,S5,1,1,0,0,b245346e3e07a8a518695cf307cc8f352bc3930c986c8f7e69c3cd5b2df7d671,12000,16,1,180000,0.9255774553825887,1,0.013592304139050437,0.01253363199207295,0,1,173840,0.0,-2.828779071083074,-313.33859191557167,-8.21858505541122,0.13293224217034766,0.0007997936807548744,0.00010016456099037896,0.08333333333333333,0.0,0.6666666666666666,5.261520289239693,2.0004801551225864,0,0,0
S5_p001_t042_s520177207,2026-10-03T00:15:30Z,S5,1,1,0,0,6c3f8a2cd46ad345f5462d82f6b5f9a5a3b1d5fdaee4ef93c20c81443318a98c,12000,16,1,180000,0.9251633300629072,1,0.013269176179831529,0.012533631992072952,0,1,173848,0.0,-2.83092724051078,-312.6719328909585,-8.185302213828828,0.1839071059567643,-0.004189619215171939,-0.0005247330482234247,0.08333333333333333,0.0,0.0,5.191522124855917,2.149056295670987,0,0,0
S5_p001_t043_s1065234686,2026-10-03T00:15:45Z,S5,1,1,0,0,fe07b2f92a36d18e53a61c03724d784e16f05fb2ea42e7dd0e0be1a609a0cc2f,12000,16,1,180000,0.9250614333745546,1,0.011994543831899879,0.011682577969342321,0,1,173797,0.0,-2.829493360206494,-316.92194155455155,-8.180578250191964,0.15663617576946828,0.0008416851683232227,0.00010537477464822587,0.08333333333333333,0.0,3.0833333333333335,4.7532047436132006,1.883263003893242,0,0,0
S5_p001_t044_s1775278461,2026-10-03T00:16:00Z,S5,1,1,0,0,5ec7a1ed397c296dceb141cfe241d236d54e4f22f8c4ed518f45ef7926b0d7d8,12000,16,1,180000,0.9248881667059066,1,0.012702721749877997,0.011823933187721984,0,1,173834,0.0,-2.8394849479481725,-313.83858907351106,-8.16676607478149,0.1139237188574465,9.34946093827968e-05,1.1708516922226408e-05,0.08333333333333333,0.0,2.5833333333333335,5.738672432331173,2.371748237184889,0,0,0
S5_p001_t045_s1025061940,2026-10-03T00:16:15Z,S5,1,1,0,0,5195cae051b8a414e78a0ae3e96011e1c39bb7861f3fa6f04bf023d5f6bbe921,12000,16,1,180000,0.9255943344796752,1,0.011868660695242629,0.01213097723177856,0,1,173865,0.0,-2.817744409972303,-311.25526241527524,-8.213620753371208,0.12089308765780843,0.00023308483283993712,2.919690541602904e-05,0.08333333333333333,0.0,0.0,4.646748477686294,2.269441663148945,0,0,0
S5_p001_t046_s1355283976,2026-10-03T00:16:30Z,S5,1,1,0,0,8963c7fb8eb02b99f053066c28855dfb023a3b26ce62f4e04fa989824f35c122,12000,16,1,180000,0.9249084295171772,1,0.011739624075841774,0.01213097723177856,0,1,173828,0.0,-2.837979950459197,-314.338610562183,-8.170214656176022,0.14928917757636112,-0.0002282882541235018,-2.8587624910869636e-05,0.08333333333333333,0.0,1.4166666666666667,5.620839739411991,2.998702846326127,0,0,0
S5_p001_t047_s8670849,2026-10-03T00:16:45Z,S5,1,1,0,0,0c8c6e86b743c7fea704a743fa889f741263e0bfe60bb634c6926b891739cf9d,12000,16,1,180000,0.9253557166507611,1,0.011693252752172796,0.01188729198616384,0,1,173845,0.0,-2.8260182383180634,-312.92191612648884,-8.197300568127236,0.10014507045015601,-0.0026331007767596733,-0.0003297774405837117,0.08333333333333333,0.0,1.3333333333333333,5.381070704512808,2.2731982371514876,0,0,0
S5_p001_t048_s683044550,2026-10-03T00:17:00Z,S5,1,1,0,0,faf6d27db37dcce6c028a2a991a19125da9e3c5b50e396c4a8bb39333da9a17a,12000,16,1,180000,0.9255015161422082,1,0.011415389420390448,0.011887291986163843,0,1,173861,0.0,-2.825564051513081,-311.5885910023723,-8.20959647354235,0.1503995174602514,-0.01242020898260883,-0.0015557429569525993,0.08333333333333333,0.0,0.0,4.9256475990646695,1.9402385146995567,0,0,0
S5_p001_t049_s1419673414,2026-10-03T00:17:15Z,S5,1,1,0,0,d4bd98b01797ff915a787ade6098810914d3f98f20d10f3635512285c826daec,12000,16,1,180000,0.9250679563215859,1,0.011864409424411488,0.012476187310916514,0,1,173836,0.0,-2.8459891399720942,-313.6719113499712,-8.175270096819652,0.11816618926200195,0.0029237478297138545,0.0003661526357063849,0.08333333333333333,0.0,0.0,4.813391554465385,2.2550885357033925,0,0,0
S5_p001_t050_s1860529943,2026-10-03T00:17:30Z,S5,1,1,0,0,fff153c15cdbfbf95a6ad302b3a251d953d33c7ce6aa1ed1e26eb2eff2d4d773,12000,16,1,180000,0.9253930523210921,1,0.01177779855170913,0.012476187310916514,0,1,173816,0.0,-2.8284427786622017,-315.3386027044095,-8.200575939195181,0.12988008159102715,0.0011008163483328963,0.00013783761824015528,0.08333333333333333,0.0,0.0,4.966014233605141,2.2095533552695428,0,0,0
S5_p001_t051_s978485698,2026-10-03T00:17:45Z,S5,1,1,0,0,8aae9f287021752be52ae0cb87d2bbdd6ea2505ee3a8c7dbdf40a0536588889e,12000,16,1,180000,0.9254822040909227,1,0.011218764002499562,0.011215183543938707,0,1,173645,0.0,-2.814866803063688,-329.58862038716507,-8.209516683800368,0.12624567687050375,-0.002337735824315862,-0.00029231750067992834,0.08333333333333333,0.0,13.666666666666668,4.97622634171092,2.594522948264168,0,0,0
S5_p001_t052_s800179956,2026-10-03T00:18:00Z,S5,1,1,0,0,3ef8f7a54c71296b05f93d913a58181d7e3d26f40d1fe73d9764bd8da05f7ad0,12000,16,1,180000,0.9251578142165837,1,0.011125476050818655,0.0112288047081808,0,1,173809,0.0,-2.8362484556490357,-315.92191882912874,-8.187565317646893,0.11550933664400452,0.008218795237099355,0.0010290506952514988,0.08333333333333333,0.0,0.0,5.115353822051249,1.898449843997871,0,0,0
S5_p001_t053_s230175689,2026-10-03T00:18:15Z,S5,1,1,0,0,082089f375633dbf51b2cb1e877db39e25071e20d1b0a8747102da1b54c40e08,12000,16,1,180000,0.6891750366857209,1,0.011410163462968565,0.011278256551537354,0,1,173917,0.0,-5.284460445110324,-306.9083078247598,0.11246863995618471,42.53294127163265,887.0675057086779,111.16286447788298,8.666666666666666,0.0,0.0,9.839649356113066,10.363775037731703,0,0,0
S5_p001_t054_s1158910655,2026-10-03T00:18:30Z,S5,1,1,0,0,559b6bad6fc07382dcf45f3977ee0fb33c70dadfdb866e1abfd0262ce70eb8c1,12000,16,1,180000,0.9109953398096741,1,0.012161065895627932,0.011760632094508684,0,1,173854,0.0,-2.860571105003226,-312.15837045979123,-8.074153754374512,0.17734636837807866,0.003313315833076119,0.0004149994347244501,0.08333333333333333,0.0,1.5,5.1397521453043895,2.1566589932813516,0,0,0
S5_p001_t055_s55591962,2026-10-03T00:18:45Z,S5,1,1,0,0,ebf82d89445700d7b1a746fc1830c73f969eec74e49033e6b65d029aedf179d6,12000,16,1,180000,0.9116164140170023,1,0.011381076557068482,0.011988525367485186,0,1,173872,0.0,-2.833807715588546,-310.65836576669426,-8.109959635107515,0.10363176403658775,0.003222435349838894,0.0004036744762743183,0.08333333333333333,0.0,0.0,4.462317868862448,2.5298964296337774,0,0,0
S5_p001_t056_s1696699799,2026-10-03T00:19:00Z,S5,1,1,0,0,2a59ae7b6837e6958746c95adb185de3c8c5658d3da15b7326fa53373a97112b,12000,16,1,180000,0.9115411409223259,1,0.011500195614188281,0.012946098866177964,0,1,173851,0.0,-2.842717358785519,-312.40835432681524,-8.112285974129449,0.11585443668285983,-0.0027386603176485945,-0.00034301446612516884,0.08333333333333333,0.0,7.583333333333333,4.642699341947048,2.589643120981277,0,0,0
S5_p001_t057_s639385521,2026-10-03T00:19:15Z,S5,1,1,0,0,44b84ab5e8e74b205498cdc9737474dce6826d62ecb145a4f89dd7519e42fcdf,12000,16,1,180000,0.9112879411677542,1,0.011530774634355949,0.012946098866177966,0,1,173942,0.0,-2.848145859434311,-304.82502143124236,-8.092386070577088,0.2017194970773649,-0.00296953888420113,-0.0003722020037457696,0.08333333333333333,0.0,0.0,4.866124810476441,2.6980325296435472,0,0,0
S5_p001_t058_s455409832,2026-10-03T00:19:30Z,S5,1,1,0,0,e68580c42af883109704031d1dca69605133802cb4687cabe37a1230d1fe5378,12000,16,1,180000,0.9116406403788742,1,0.012411263077522983,0.011877803507190515,0,1,173879,0.0,-2.8343839833730073,-310.07505254897416,-8.104747440000299,0.23238961685803497,0.0020921640617341734,0.000262100037161872,0.08333333333333333,0.0,3.25,4.735854982792033,2.1209512681938887,0,0,0
S5_p001_t059_s1555299053,2026-10-03T00:19:45Z,S5,1,1,0,0,402e385443b41f599b6123b324f52e3da4bba13fd511252e367a575dc2dd7e38,12000,16,1,180000,0.9111175843987072,1,0.011747276123657174,0.01113855425576945,0,1,173918,0.0,-2.849857224216224,-306.82501851149755,-8.087244234017927,0.21343652162971904,0.004074584153284779,0.0005106105877530354,0.08333333333333333,0.0,327.4166666666667,4.7247703373415995,2.7162757805046693,0,0,0
S5_p002_t000_s1138448492,2026-10-03T00:20:15Z,S5,2,1,0,0,ac206d109e0caf5a6e8b9d952b5827dd24dbea3b97d95e213f8add9bb7083307,12000,16,1,180000,0.9899905226080665,1,0.9899905226080665,0.9999999999995622,1,1,173743,nan,-0.1418408212382219,nan,-43.806425955249146,8.616485351846829e-08,nan,nan,0.0,0.0,0.0,0.9482934155770185,175.86097230844456,0,1,0
S5_p002_t001_s1850764392,2026-10-03T00:20:30Z,S5,2,1,0,0,9e304e6ec7d6e7cc091743b20dcc1357ad7b485e712ba75ca69f990f7a4bb0d3,12000,16,1,180000,0.9899905226211232,1,0.9899905226211232,0.9999999999995622,1,1,173719,nan,-0.14184082125858172,nan,-43.80642573919342,8.617620558129194e-08,nan,nan,0.0,0.0,1.0833333333333333,0.9483090176858041,175.86100395531562,0,1,0
S5_p002_t002_s321598820,2026-10-03T00:20:45Z,S5,2,1,0,0,7753c07db8b47c076447f30784475524aead5da16f15b417e78b34dfb8332cd0,12000,16,1,180000,0.989990409704608,1,0.989990409704608,0.9999999999995622,1,1,173732,nan,-0.14184064828484905,nan,-43.80846199338087,9.494208925234177e-10,nan,nan,0.0,0.0,0.0,0.9860373781696514,175.6989937370595,0,1,0
S5_p002_t003_s121880670,2026-10-03T00:21:00Z,S5,2,1,0,0,af902eaa00bb6f2605b6624b03e63d97ccd863ea7630c94424896a9ead9a0771,12000,16,1,180000,0.9899905226603162,1,0.9899905226603162,0.9999999999995622,1,1,173647,nan,-0.14184082131878978,nan,-43.80642511397474,8.621027527034718e-08,nan,nan,0.0,0.0,3.0833333333333335,0.9483546996497051,175.86096323096973,0,1,0
S5_p002_t004_s476275882,2026-10-03T00:21:15Z,S5,2,1,0,0,1e360bdb69768c163f8116e0a4e39ad0900e65cda5145069829041b85d00391f,12000,16,1,180000,0.9899904096996859,1,0.9899904096996859,0.9999999999995622,1,1,173684,nan,-0.1418406482797657,nan,-43.808462132689826,9.327688858327798e-10,nan,nan,0.0,0.0,0.0,0.9860429129682006,175.69898479921417,0,1,0
S5_p002_t005_s1101140010,2026-10-03T00:21:30Z,S5,2,1,0,0,b3bd561cc27e0779979e70d894fd1b44c54549c89f7db2b4dba30d619dd335f9,12000,16,1,180000,0.987634213927129,-1,0.987634213927129,0.9999999999995622,1,-1,140874,nan,-0.14184107886771022,nan,-43.80992059318194,4.894174080495309e-07,nan,nan,0.0,0.0,4.916666666666666,0.9508747856976769,176.53709113178877,0,1,0
S5_p002_t006_s993856876,2026-10-03T00:21:45Z,S5,2,1,0,0,8f4644689cdcb072686dd9fec97647872e42cc0a0a4c200eb2b4555071a54223,12000,16,1,180000,0.9686407696762118,1,0.9686407696762118,0.9999999999995622,1,1,173958,nan,-0.14196841974052718,nan,-42.041774698290475,1.7057108099500007e-07,nan,nan,0.0,0.0,0.0,0.9505185502078414,176.2380621841005,0,1,0
S5_p002_t007_s494561765,2026-10-03T00:22:00Z,S5,2,1,0,0,0c76e8e8a50ab89f73114bff2e6816224fe2a15d1238c5700ab304472b39e891,12000,16,1,180000,0.9686403399119964,1,0.9686403399119964,0.9999999999995622,1,1,173936,nan,-0.14196874023233702,nan,-42.03919847307639,3.864173948260529e-09,nan,nan,0.0,0.0,5.833333333333334,1.0135052178173256,175.9474457897462,0,1,0
S5_p002_t008_s569656867,2026-10-03T00:22:15Z,S5,2,1,0,0,24a735f052b2be311f965f50b3ac7e947502b8b752176735d6ca267b18b100d9,12000,16,1,180000,0.9686407696308014,1,0.9686407696308014,0.9999999999995622,1,1,174006,nan,-0.14196841987537878,nan,-42.041773320605564,1.7064385589734787e-07,nan,nan,0.0,0.0,0.0,0.9504756445047758,176.23817957283893,0,1,0
S5_p002_t009_s1938674575,2026-10-03T00:22:30Z,S5,2,1,0,0,0623519cc5a585d86e665fc4e73d7b5efa099f0207ff4bdb053ef956ca01ac52,12000,16,1,180000,0.9686407697557405,1,0.9686407697557405,0.9999999999995622,1,1,173874,nan,-0.14196841882879052,nan,-42.04177716558636,1.6467215090509996e-07,nan,nan,0.0,0.0,8.333333333333334,1.079114144550094,176.23795011663574,0,1,0
S5_p002_t010_s1527196527,2026-10-03T00:22:45Z,S5,2,1,0,0,103a046b6ed56a4e00ae442977ab14cff20dac5917abdb7cfb67f53c259798e0,12000,16,1,180000,0.9686407696610724,1,0.9686407696610724,0.9999999999995622,1,1,173974,nan,-0.14196841978545155,nan,-42.04177423932052,1.7059479380786833e-07,nan,nan,0.0,0.0,0.0,0.9505043720657543,176.23807273083747,0,1,0
S5_p002_t011_s1240012615,2026-10-03T00:23:00Z,S5,2,1,0,0,a5754e9f6fe92619365f69c55c54ba0a2d8fcf98871f2c48d8cbf684c1f027ba,12000,16,1,180000,0.9686404276717997,1,0.9686404276717997,0.9999999999995622,1,1,173945,nan,-0.1419680451021887,nan,-42.04478835087514,3.5554899357941647e-07,nan,nan,0.0,0.0,3.6666666666666665,0.9538343370271768,176.58420419337335,0,1,0
S5_p002_t012_s1128565587,2026-10-03T00:23:15Z,S5,2,1,0,0,fc9b45add8fe1c8ee80f04596a78c405bf707a9b490fa8f470f5efe0df759bac,12000,16,1,180000,0.9686404277162127,1,0.9686404277162127,0.9999999999995622,1,1,173989,nan,-0.14196804446973887,nan,-42.04478631654523,3.483050396103791e-07,nan,nan,0.0,0.0,0.0,0.9504877407080448,176.58401311484135,0,1,0
S5_p002_t013_s1398407335,2026-10-03T00:23:30Z,S5,2,1,0,0,b620a12a139a5aea39b0f9e48a8317cbda3202ec3a9e8b7d22a5ce9057ae1938,12000,16,1,180000,0.9686403398394162,1,0.9686403398394162,0.9999999999995622,1,1,173888,nan,-0.14196874019359879,nan,-42.03919914123433,3.793535032711706e-09,nan,nan,0.0,0.0,5.666666666666667,1.0135130730836965,175.9474497744226,0,1,0
S5_p002_t014_s1843803682,2026-10-03T00:23:45Z,S5,2,1,0,0,01339fa88acd1f23e0562e5e14005cccdb14ebe5498c7d64f26cb3f0de0d5997,12000,16,1,180000,0.9686403399422259,1,0.9686403399422259,0.9999999999995622,1,1,173956,nan,-0.14196874075020713,nan,-42.03919828238874,4.661203137734127e-09,nan,nan,0.0,0.0,0.0,0.9505195268178305,175.9474267681897,0,1,0
S5_p002_t015_s1476197660,2026-10-03T00:24:00Z,S5,2,1,0,0,68cfd5975e465a1f40f9b7b0d1bfc194ef678d7ffecbfa6f56bff7746391474f,12000,16,1,180000,0.9686407696837828,1,0.9686407696837828,0.9999999999995622,1,1,173950,nan,-0.1419684197180527,nan,-42.04177492796851,1.7055935380844903e-07,nan,nan,0.0,0.0,0.0,0.9505255935616312,176.2380056634637,0,1,0
S5_p002_t016_s1921035023,2026-10-03T00:24:15Z,S5,2,1,0,0,1283e88fb57557d74fa446dfb1125debfe9e74f8cc1e1db7a4e7c455fa9776ac,12000,16,1,180000,0.9686407697443742,1,0.9686407697443742,0.9999999999995622,1,1,173886,nan,-0.14196841953879033,nan,-42.04177675870806,1.7046925283417028e-07,nan,nan,0.0,0.0,0.0,0.9505808688695536,176.23817096898537,0,1,0
S5_p002_t017_s1351552590,2026-10-03T00:24:30Z,S5,2,1,0,0,269276de480c006886c3f490aaaa488b2abc6e157b564b7e5298422350ae2502,12000,16,1,180000,0.968640681988304,1,0.968640681988304,0.9999999999995622,1,1,173875,nan,-0.14196911653568833,nan,-42.0361868519399,1.8495288553692705e-07,nan,nan,0.0,0.0,5.5,0.950586389768099,175.66285110459796,0,1,0
S5_p002_t018_s1167112926,2026-10-03T00:24:45Z,S5,2,1,0,0,c550a7ee0dcf2ef5af5d97395b34e41cc3cfb754fd914854e6bacce41524cb17,12000,16,1,180000,0.9686404276677608,1,0.9686404276677608,0.9999999999995622,1,1,173941,nan,-0.14196804424209195,nan,-42.04478851780601,3.4839554656838225e-07,nan,nan,0.0,0.0,0.0,0.9505303194399272,176.58401017252095,0,1,0
S5_p002_t019_s1353429191,2026-10-03T00:25:00Z,S5,2,1,0,0,04952977ed43ba21cc850128e9a2631ea7a6f959c145ab86238422c065b9a2a1,12000,16,1,180000,0.9664131992553538,1,0.9664131992553538,0.9999999999995622,1,1,164890,nan,-0.1419681823121415,nan,-42.045428848298656,1.733340759641768e-07,nan,nan,0.0,0.0,324.1666666666667,1.0815693066517,176.23802093845006,0,1,0
S5_p002_t020_s1002632261,2026-10-03T00:25:30Z,S5,2,1,0,0,0499ff6e30f55b59b4d493b7f238c4417f7cb56201b99b82f93d57837af37a88,12000,16,1,180000,0.9686403395668859,1,0.9686403395668859,0.9999999999995622,1,1,173708,nan,-0.14196874051842462,nan,-42.03920172473313,4.248805603468696e-09,nan,nan,0.0,0.0,5.083333333333333,0.9507245866619547,175.9474610164687,0,1,0
S5_p002_t021_s1152143633,2026-10-03T00:25:45Z,S5,2,1,0,0,83fb09140a323ad0f0b07a41f43a2eaaeacd438faaa4a83ce86dabf61cc7d7a7,12000,16,1,180000,0.9686404274939225,1,0.9686404274939225,0.9999999999995622,1,1,173769,nan,-0.1419680442276504,nan,-42.04479642920144,3.554173754111023e-07,nan,nan,0.0,0.0,0.0,0.9538343369916458,176.58400059607882,0,1,0
S5_p002_t022_s1274144205,2026-10-03T00:26:00Z,S5,2,1,0,0,5070a77b2456b01b6d8a45c355c6357796398e391db4c47fdcc2ba363e0500ba,12000,16,1,180000,0.9686407699036393,1,0.9686407699036393,0.9999999999995622,1,1,173718,nan,-0.14196841906838437,nan,-42.04178157374217,1.702576967417535e-07,nan,nan,0.0,0.0,0.0,0.9507174531903301,176.23805908487097,0,1,0
S5_p002_t023_s236274386,2026-10-03T00:26:15Z,S5,2,1,0,0,229362558efe7d7ee5f04907226613af1b1ce893b7f76bff1ccc095bc2b16d01,12000,16,1,180000,0.9686407699150271,1,0.9686407699150271,0.9999999999995622,1,1,173706,nan,-0.1419684183870285,nan,-42.04178197811996,1.6481855510384895e-07,nan,nan,0.0,0.0,7.0,1.0792629517564587,176.23813499623577,0,1,0
S5_p002_t024_s1250788590,2026-10-03T00:26:30Z,S5,2,1,0,0,3be53da31d2f669f55a299f0dc00dcf0b7476284d23281216579ec1f3745ed65,12000,16,1,180000,0.9686407698353453,1,0.9686407698353453,0.9999999999995622,1,1,173790,nan,-0.14196841927001044,nan,-42.04177950772619,1.7034436663883673e-07,nan,nan,0.0,0.0,0.0,0.9506603645688959,176.23811549416726,0,1,0
S5_p002_t025_s1053143358,2026-10-03T00:26:45Z,S5,2,1,0,0,683a35b0d48129c5baa0f702953b396a2f12cf0b53b9163f9195a7396384d662,12000,16,1,180000,0.9686406820738459,1,0.9686406820738459,0.9999999999995622,1,1,173683,nan,-0.14196911677982457,nan,-42.036186208819366,1.8515359486557453e-07,nan,nan,0.0,0.0,3.75,0.9507411269897145,175.66297487098143,0,1,0
S5_p002_t026_s1195050127,2026-10-03T00:27:00Z,S5,2,1,0,0,028f9f5dff01286955c346837c5f50508b6c46a8556867e14847036b41f32608,12000,16,1,180000,0.9686403395971952,1,0.9686403395971952,0.9999999999995622,1,1,173728,nan,-0.14196874006413346,nan,-42.0392013660129,3.5748024195310003e-09,nan,nan,0.0,0.0,0.16666666666666666,1.0135378708504303,175.94746480397237,0,1,0
S5_p002_t027_s1857563192,2026-10-03T00:27:15Z,S5,2,1,0,0,21c67ead0e6a5892d0a4f0c8af666d43adfbf7fe8edde3c242d1b4451a786a89,12000,16,1,180000,0.9686407698922529,1,0.9686407698922529,0.9999999999995622,1,1,173730,nan,-0.14196841845028987,nan,-42.04178128981016,1.6479819236467884e-07,nan,nan,0.0,0.0,1.0,1.0792424779948422,176.2379861775713,0,1,0
S5_p002_t028_s926067461,2026-10-03T00:27:30Z,S5,2,1,0,0,f8dfbd38a8377539015dcf3edf4a75e3e08424a022a1a7abfdee2bca2d95ea67,12000,16,1,180000,0.9686407698808684,1,0.9686407698808684,0.9999999999995622,1,1,173742,nan,-0.14196841913558228,nan,-42.041780885125284,1.70285146323627e-07,nan,nan,0.0,0.0,3.75,0.9506986560698095,176.23812796139413,0,1,0
S5_p002_t029_s2039212308,2026-10-03T00:27:45Z,S5,2,1,0,0,7c2a314b122d465215a50ad5a212ccedf473c270059bf79ad7ac2186040aa045,12000,16,1,180000,0.9686406820274875,1,0.9686406820274875,0.9999999999995622,1,1,173787,nan,-0.14196911664774597,nan,-42.03618655304418,1.850449016618257e-07,nan,nan,0.0,0.0,0.0,0.950659212884344,175.66296393139595,0,1,0
S5_p003_t000_s1714205886,2026-10-03T00:28:00Z,S5,3,1,0,0,0bce5bd4f0856133b5dd0c28eadb3af40b582ca15c6c9ad8333180acf9b1364c,12000,16,1,180000,0.9598024692702085,1,0.9598024692702085,1.0000000000009506,1,1,173707,nan,-0.25762382562328734,nan,-26.778446863895297,9.442343118584721e-06,nan,nan,0.0,0.0,0.0,2.580239392614424,89.61983155572187,0,1,0
S5_p003_t001_s1934708211,2026-10-03T00:28:15Z,S5,3,1,0,0,a9353da2a0f3bd23a736472569ed89ebb07c387e4b9afd80e6cad5386b356b3d,12000,16,1,180000,0.9598011927567083,1,0.9598011927567083,1.0000000000009506,1,1,173697,nan,-0.25761306924990907,nan,-26.779749798191993,2.08512298983201e-06,nan,nan,0.0,0.0,7.916666666666667,2.5776797894678696,89.61740709862926,0,1,0
S5_p003_t002_s1951162110,2026-10-03T00:28:30Z,S5,3,1,0,0,373bc0a038b58deefa409953f13872f96cb52f24a0e2899073cc34c3cb9c8def,12000,16,1,180000,0.9598027608430619,1,0.9598027608430619,1.0000000000009506,1,1,173792,nan,-0.25762366262093644,nan,-26.779261566855467,1.0612649324412346e-05,nan,nan,0.0,0.0,0.0,2.579285889023423,89.61890770007722,0,1,0
S5_p003_t003_s1445156187,2026-10-03T00:28:45Z,S5,3,1,0,0,3b9edd707057ff148abf903796c5064675b5527e6bf7c3b524c9b690a375b60e,12000,16,1,180000,0.9598023888366582,1,0.9598023888366582,1.0000000000009506,1,1,173738,nan,-0.2576238428266659,nan,-26.77841915582309,9.401902583863684e-06,nan,nan,0.0,0.0,2.75,2.586411596703891,89.61985971020339,0,1,0
S5_p003_t004_s332708724,2026-10-03T00:29:00Z,S5,3,1,0,0,a33402bda4f82c463f37b6c6fd527942ce1f5ce3d6bb107ec08ef8b5d1e6318a,12000,16,1,180000,0.9598023497340705,1,0.9598023497340705,1.0000000000009506,1,1,173771,nan,-0.2576243597544242,nan,-26.77841306990489,9.989075092501596e-06,nan,nan,0.0,0.0,1.75,2.538123968623695,89.619756290518,0,1,0
S5_p003_t005_s1838982444,2026-10-03T00:29:15Z,S5,3,1,0,0,373bc0a038b58deefa409953f13872f96cb52f24a0e2899073cc34c3cb9c8def,12000,16,1,180000,0.9598027608430619,1,0.9598027608430619,1.0000000000009506,1,1,173792,nan,-0.25762366262093644,nan,-26.779261566855467,1.0612649324412346e-05,nan,nan,0.0,0.0,0.0,2.579285889023423,89.61890770007722,0,1,0
S5_p003_t006_s1432963864,2026-10-03T00:29:30Z,S5,3,1,0,0,322de65e06c90a4a17fffe57ba43a3c6702870a9a3880711bc83367633b4a46f,12000,16,1,180000,0.9598020939771926,1,0.9598020939771926,1.0000000000009506,1,1,173783,nan,-0.257627218752524,nan,-26.778378293368775,1.3007929543783704e-05,nan,nan,0.0,0.0,0.0,2.4379894664861204,89.61961014090129,0,1,0
S5_p003_t007_s1060432322,2026-10-03T00:29:45Z,S5,3,1,0,0,62df0f1481eaffc94d12df72899395b3c3b9fdc28f7b18f535b677891602b185,12000,16,1,180000,0.9598021459260768,1,0.9598021459260768,1.0000000000009506,1,1,173749,nan,-0.25762641864256536,nan,-26.778322425225443,1.1998553724776964e-05,nan,nan,0.0,0.0,0.0,2.437641012609023,89.61972428552686,0,1,0
S5_p003_t008_s328444916,2026-10-03T00:30:00Z,S5,3,1,0,0,30957a1a5b5f9d9e353e652003042eb6ad7beed50e91123b9f5ff1ecaaf454ff,12000,16,1,180000,0.9598022825228509,1,0.9598022825228509,1.0000000000009506,1,1,173713,nan,-0.25762482382199225,nan,-26.778388128904833,1.0423485066052342e-05,nan,nan,0.0,0.0,2.6666666666666665,2.4376396885117044,89.61974789893519,0,1,0
S5_p003_t009_s2116983884,2026-10-03T00:30:15Z,S5,3,1,0,0,7eb50727396a6c8369bc5b6d004fada86be388c4df51bf193a14dd3bf3cf0bed,12000,16,1,180000,0.9597519000284154,1,0.9597519000284154,1.0000000000009506,1,1,173715,nan,-0.25762496790781114,nan,-26.77846917430882,1.0776024556888656e-05,nan,nan,0.0,0.0,347.1666666666667,2.437987846000706,89.61957099420316,0,1,0
S5_p003_t010_s1100042289,2026-10-03T00:30:45Z,S5,3,1,0,0,cf71d54b743a5dd9366ad5340f3b7f5a4f3c587b2e4debe6399ef80f615c8cc0,12000,16,1,180000,0.959802413869416,1,0.959802413869416,1.0000000000009506,1,1,173586,nan,-0.2576223809258592,nan,-26.77856317621689,8.233803035718053e-06,nan,nan,0.0,0.0,0.0,2.586214904615994,89.61968531059115,0,1,0
S5_p003_t011_s635744766,2026-10-03T00:31:00Z,S5,3,1,0,0,4451e245b0f5b75001ea22b8a7c41a259141a98731fd8682da25a3af93489ef0,12000,16,1,180000,0.9598023776441844,1,0.9598023776441844,1.0000000000009506,1,1,173555,nan,-0.2576222356229111,nan,-26.778459848229538,7.886353196020843e-06,nan,nan,0.0,0.0,6.0,2.53830169871279,89.6198462156316,0,1,0
S5_p003_t012_s961338442,2026-10-03T00:31:15Z,S5,3,1,0,0,dd31fd8112645667f56caa023f3c349282e53592f1fb72e60a1ac43325c1a24a,12000,16,1,180000,0.9598021572994193,1,0.9598021572994193,1.0000000000009506,1,1,173627,nan,-0.25762545639381207,nan,-26.778357613934162,1.1073265921999494e-05,nan,nan,0.0,0.0,2.6666666666666665,2.4376809049594996,89.61969953503542,0,1,0
S5_p003_t013_s1294474057,2026-10-03T00:31:30Z,S5,3,1,0,0,ef25eabac72fed17b53250d81526c620454fadd48278b4bb32a9e975e3a95bcc,12000,16,1,180000,0.9598021458579509,1,0.9598021458579509,1.0000000000009506,1,1,173659,nan,-0.2576264248519746,nan,-26.778322404133537,1.2004769703534555e-05,nan,nan,0.0,0.0,0.0,2.4376408210521765,89.61972087524256,0,1,0
S5_p003_t014_s1681705495,2026-10-03T00:31:45Z,S5,3,1,0,0,71040cc03b82d46c9d94bd04222663e395e26c21ad2355cde3699febf9e05e8f,12000,16,1,180000,0.9598011923836093,1,0.9598011923836093,1.0000000000009506,1,1,173637,nan,-0.25761306881009843,nan,-26.779750274623243,2.0852761654986796e-06,nan,nan,0.0,0.0,0.0,2.577678916450263,89.6174046981585,0,1,0
S5_p003_t015_s710608608,2026-10-03T00:32:00Z,S5,3,1,0,0,2f864bc58474c79f34b50eaaf8d40c41707baa0fbad63734c5a42e8fc9244e5c,12000,16,1,180000,0.9568774516889546,1,0.9568774516889546,1.0000000000009506,1,1,152600,nan,-0.3261926786465541,nan,-20.943029519704353,1.8701951298731279,nan,nan,1.4166666666666667,0.0,1.3333333333333333,66.62524298076957,89.05969856742325,0,1,0
S5_p003_t016_s384136078,2026-10-03T00:32:15Z,S5,3,1,0,0,2e556b6aa7fa855ec0bc6cf68be4951c2100b6de869e8718495ebf21b7cf1199,12000,16,1,180000,0.9598023195820289,1,0.9598023195820289,1.0000000000009506,1,1,173770,nan,-0.2576239621327393,nan,-26.778405545078897,9.575589628219024e-06,nan,nan,0.0,0.0,0.0,2.4868356472928292,89.61978726312276,0,1,0
S5_p003_t017_s414741158,2026-10-03T00:32:30Z,S5,3,1,0,0,0eaf844685711ec04d39236ac0f8dd1860c8400ace8af8736893126fa798213e,12000,16,1,180000,0.959802377541542,1,0.959802377541542,1.0000000000009506,1,1,173735,nan,-0.2576222275607209,nan,-26.778459747658335,7.878189006517732e-06,nan,nan,0.0,0.0,0.0,2.538197243033705,89.6198510038549,0,1,0
S5_p003_t018_s1550145401,2026-10-03T00:32:45Z,S5,3,1,0,0,bf0cebe29e6c1d647e0de90d8e7b34d4fbfe512788267aaad8db19dcd727e0a6,12000,16,1,180000,0.9598019535066263,1,0.9598019535066263,1.0000000000009506,1,1,173694,nan,-0.2576284851063359,nan,-26.77825949505715,1.4109474562757685e-05,nan,nan,0.0,0.0,0.0,2.437753725667718,89.61973369761212,0,1,0
S5_p003_t019_s247667753,2026-10-03T00:33:00Z,S5,3,1,0,0,30ee19a775a3ffb12accadd0b6e35ff162840e949afe7a9ae77cdc505ad297d6,12000,16,1,180000,0.9598025350961309,1,0.9598025350961309,1.0000000000009506,1,1,173673,nan,-0.25762275134278584,nan,-26.778612529007475,8.33026720847323e-06,nan,nan,0.0,0.0,8.666666666666666,2.5802546016043197,89.61992219701223,0,1,0
S5_p003_t020_s1583609065,2026-10-03T00:33:15Z,S5,3,1,0,0,d361c1d1d4c7ed41a6e042e6e494afb7aff4539b4236a0358df3c00a8e610bc3,12000,16,1,180000,0.9598021574031176,1,0.9598021574031176,1.0000000000009506,1,1,173777,nan,-0.2576254468765967,nan,-26.77835761806626,1.1063774508217825e-05,nan,nan,0.0,0.0,0.0,2.4376811890202075,89.61970473798864,0,1,0
S5_p003_t021_s796570551,2026-10-03T00:33:30Z,S5,3,1,0,0,74d7d08508312c48cf20481f4232907f2b26f36cc67cae9b27ba78d1fe9eb706,12000,16,1,180000,0.9598020646236657,1,0.9598020646236657,1.0000000000009506,1,1,173691,nan,-0.25762652333341246,nan,-26.778301877768612,1.212585296264868e-05,nan,nan,0.0,0.0,0.3333333333333333,2.4376799451736657,89.61971838138285,0,1,0
S5_p003_t022_s1559731172,2026-10-03T00:33:45Z,S5,3,1,0,0,654d356c9b2a5cf272bab615d60d3ca43765c3e5919e029b88d65691723d0fe2,12000,16,1,180000,0.9598019426789776,1,0.9598019426789776,1.0000000000009506,1,1,173695,nan,-0.2576285150884409,nan,-26.778257203991373,1.413582600806073e-05,nan,nan,0.0,0.0,0.0,2.4377484362327273,89.61975701813645,0,1,0
S5_p003_t023_s844389843,2026-10-03T00:34:00Z,S5,3,1,0,0,6e518e61946d0970a93f3459c45eee61d3714c2e62a65f19661402428258c90a,12000,16,1,180000,0.9598020646236657,1,0.9598020646236657,1.0000000000009506,1,1,173691,nan,-0.25762652333341246,nan,-26.778301877768612,1.212585296264868e-05,nan,nan,0.0,0.0,0.0,2.4376799451736657,89.61971838138285,0,1,0
S5_p003_t024_s1173993624,2026-10-03T00:34:15Z,S5,3,1,0,0,df94d5c1035622cb1603e90b0202cf395d2511c4c005a187a6f89205e21e5bba,12000,16,1,180000,0.9598021458579511,1,0.9598021458579511,1.0000000000009506,1,1,173659,nan,-0.2576264248519746,nan,-26.778322404133537,1.2004769703534555e-05,nan,nan,0.0,0.0,7.0,2.4376408210521765,89.61972087524256,0,1,0
S5_p003_t025_s412349045,2026-10-03T00:34:30Z,S5,3,1,0,0,994c78cbf8ca7bd067c67f624758cb9be2b38b1ae9eac78d5af7152b09f2cda7,12000,16,1,180000,0.9598022825220835,1,0.9598022825220835,1.0000000000009506,1,1,173743,nan,-0.25762482202704406,nan,-26.77838812464113,1.0421704294801716e-05,nan,nan,0.0,0.0,0.0,2.4376397526252367,89.61974919075377,0,1,0
S5_p003_t026_s1487682954,2026-10-03T00:34:45Z,S5,3,1,0,0,aabe1ad71f96ac9710efe9147d0e8406abb153a13ab0967cfa8787c1206157fb,12000,16,1,180000,0.9598022350604947,1,0.9598022350604947,1.0000000000009506,1,1,173716,nan,-0.2576256006038311,nan,-26.77834521495237,1.1173609725064257e-05,nan,nan,0.0,0.0,3.5833333333333335,2.4376135501047553,89.619735822314,0,1,0
S5_p003_t027_s1191930151,2026-10-03T00:35:00Z,S5,3,1,0,0,34a835919ec54dbb768b91433cecc951a84d1732b186f45611f61cf8a55c7ccb,12000,16,1,180000,0.959802554491172,1,0.959802554491172,1.0000000000009506,1,1,173759,nan,-0.2576147043474473,nan,-26.77819460879581,4.917905482645685e-08,nan,nan,0.0,0.0,0.0,2.5804036889551893,89.62022078257925,0,1,0
S5_p003_t028_s66415985,2026-10-03T00:35:15Z,S5,3,1,0,0,a476de24b1b2168f8f7b6044eaa8aa313a7193be4b8f0af3c6e21ad3309d43fe,12000,16,1,180000,0.9211584295305411,1,0.9211584295305411,1.0000000000009506,1,1,138003,nan,-0.7348702433592856,nan,-9.77381880621344,1.9217845340873496,nan,nan,9.416666666666666,0.0,1.75,13.620402690537858,92.4829583839886,0,1,0
S5_p003_t029_s1759722470,2026-10-03T00:35:30Z,S5,3,1,0,0,913d86332f9570a28f121790401f15f35cee26f40685c1dff45f088870c78b64,12000,16,1,180000,0.9956809368691193,1,0.9956809368691193,1.0000000000009506,1,1,173787,nan,-0.2571148692477663,nan,-27.088794829068632,5.625901564997692e-06,nan,nan,0.0,0.0,351.91666666666663,2.1046562714916393,85.64116862931934,0,1,0
S7_p000_t000_s1928618341,2026-10-03T00:36:00Z,S7,0,2,0,0,2691d352a8b265579ffeef27d85563a7d53cb7bd0bea9d974b7e01dc3ed78071,12000,16,1,180000,0.9754619845463545,1,0.549743629338673,0.5173745417804761,0,1,173694,0.0,-0.8573630358174129,-325.4919548776082,-14.731085258333941,0.8429395427059596,0.07559171519661582,0.009455918837375066,0.08333333333333333,0.0,2.75,4.571660448524485,17.185811157108073,0,1,0
S7_p000_t001_s1519748887,2026-10-03T00:36:15Z,S7,0,2,0,0,7728387cee4722c80cd900c595de90429cac603af2239ca3abd352ddd78d1a18,12000,16,1,180000,0.9753771711197223,1,0.5526246091448109,0.519610581061896,0,1,173727,0.0,-0.8601883855220771,-322.7419517160154,-14.715271086301371,0.9476023439274855,0.0783206660207861,0.009799873335850862,0.08333333333333333,0.0,1.9166666666666665,4.852637193576826,17.172489577897807,0,1,0
S7_p000_t002_s1888808097,2026-10-03T00:36:30Z,S7,0,2,0,0,fb23b12edbdfe1459bc58143744239796abef9a01aba14dff618ae76c986ad35,12000,16,1,180000,0.9755660906294754,1,0.5524707040565475,0.519610581061896,0,1,173750,0.0,-0.8547090096007239,-320.82528741609957,-14.758177852361529,0.8899640119232416,0.07280306124643564,0.009111157508868928,0.08333333333333333,0.0,0.0,4.81306729420462,17.386144221862004,0,1,0
S7_p000_t003_s1567484507,2026-10-03T00:36:45Z,S7,0,2,0,0,f441f31415e10927f4f7dd31963af5ef8c3458cb6f96280757f32b1f2d486423,12000,16,1,180000,0.9754925112522981,1,0.5530207197196997,0.5195043430058967,0,1,173746,0.0,-0.8552247286199257,-321.1586389270482,-14.723773500451848,0.868537981697378,0.07628241584415787,0.009546286648401292,0.08333333333333333,0.0,0.75,4.853845855091184,17.248777873323778,0,1,0
S7_p000_t004_s1587104087,2026-10-03T00:37:00Z,S7,0,2,0,0,a00d3b54db9709911bb826c977fb30392b1d5f3e8f01c97616c56e3fefecb15d,12000,16,1,180000,0.9752550721518817,1,0.554038422286555,0.5194035063955749,0,1,173755,0.0,-0.8638977998331331,-320.4086101169056,-14.694063766056749,0.8630995046161469,0.07315938251821184,0.009156116200301767,0.08333333333333333,0.0,0.0,5.266973017995215,17.19314387778766,0,1,0
S7_p001_t000_s1163046826,2026-10-03T00:37:15Z,S7,1,2,0,0,e0ceafa0492e91c8a7e93cdd891b08a4ac4a8a3ac5d95ccb159b59a83182b17e,12000,16,1,180000,0.9638181361363847,1,0.2824656050416647,0.2551217701044732,0,1,173748,0.0,-1.2557214644011112,-320.9910496543204,-13.137295402946513,0.5424334980109682,0.041032365321975864,0.005135036390583991,0.08333333333333333,0.0,0.0,5.105392771169324,14.673037732605927,0,0,0
S7_p001_t001_s641673168,2026-10-03T00:37:30Z,S7,1,2,0,0,dcb956e0b9d17956903fee4a30ef52bdfe73bda349b98ad749aa17267a74d18e,12000,16,1,180000,0.9631861760096485,1,0.281380397255605,0.2551217701044732,0,1,173697,0.0,-1.2766668512395731,-325.24102732428463,-13.062381326658139,0.40550184023800445,0.04093195546888719,0.005120382969380444,0.08333333333333333,0.0,0.0,6.227522435961437,14.268626825153348,0,0,0
S7_p001_t002_s1425528308,2026-10-03T00:37:45Z,S7,1,2,0,0,09c12241ecfb223f9c748851125cb4256c8b19072432d3bba4ce70b76f22a565,12000,16,1,180000,0.9636077283497388,1,0.2795798977831962,0.25459545097861797,0,1,173682,0.0,-1.261979058464515,-326.4910434605851,-13.111151300610702,0.4972865523574109,0.04101819776165105,0.005130556176027312,0.08333333333333333,0.0,1.25,5.276055009781066,14.662934317113638,0,0,0
S7_p001_t003_s961284984,2026-10-03T00:38:00Z,S7,1,2,0,0,639c652323d59ee22e90b6560a834972f53d5a51c2cf9f19d49392d89c943dcc,12000,16,1,180000,0.9633373952590606,1,0.2809949650013209,0.2545954509786179,0,1,173697,0.0,-1.2719456315690516,-325.2410296114491,-13.081757100876143,0.4544916278527592,0.03982549617189449,0.0049819704436231405,0.08333333333333333,0.0,2.8333333333333335,4.711968455882926,14.617776894357872,0,0,0
S7_p001_t004_s990723452,2026-10-03T00:38:15Z,S7,1,2,0,0,8d8f059c01957c1df7ba18c8865207908f9d0d59462721faf3ae223e79e8491c,12000,16,1,180000,0.9634262966426228,1,0.2814399937217674,0.2538033491403863,0,1,173731,0.0,-1.2700749974413594,-322.40769696241114,-13.093837272609349,0.4812599307129026,0.039603897003408904,0.004955596028139553,0.08333333333333333,0.0,0.0,4.770981203910278,14.259301255955311,0,0,0
S7_p002_t000_s98455044,2026-10-03T00:38:30Z,S7,2,3,0,0,4ddcac43a0e56659e7709004b0e778aa57b14dc6ac8d08de5cb1ab2586adeda4,12000,16,1,180000,0.9801352497776502,1,0.6520150607685158,0.6209508036808066,0,1,173655,0.0,-0.7050622112806313,-328.74238474626327,-15.64303907732702,1.0847260606956293,0.0765424025749424,0.00957185706920427,0.08333333333333333,0.0,1.9166666666666665,5.211687408724675,17.90767358057737,0,1,0
S7_p002_t001_s1384128433,2026-10-03T00:38:45Z,S7,2,3,0,0,459a6ef3c6bb6521a05612bbf66d9b7fbb961b680e56e1ea64f3484fdfe06e9a,12000,16,1,180000,0.7602149613087638,1,0.4981717613505552,0.6209508036808066,0,1,173925,0.0,-2.9019272754902308,-306.2408008269079,-1.5424082003530393,27.950013281255693,1970.717943708298,246.97628485935502,11.416666666666668,0.0,1.5833333333333333,16.66551616467053,32.87721326445918,0,1,0
S7_p002_t002_s1361330484,2026-10-03T00:39:00Z,S7,2,3,0,0,46a82b7526fb717d1df6ece042dce5185c0fbecacd2f2bc9f22f1cb62b3b3118,12000,16,1,180000,0.9800929245271961,1,0.6510659840913168,0.6197701897798836,0,1,173944,0.0,-0.7076242139187204,-304.6590314596439,-15.64237236756863,1.0062734620686833,0.07914155872706928,0.009919761253968318,0.08333333333333333,0.0,0.5833333333333334,5.034161204113265,17.88749519890611,0,1,0
S7_p002_t003_s1078092554,2026-10-03T00:39:15Z,S7,2,3,0,0,c53360960fe625b3e99c26f04783a37d40217cb259521c7666c9ad45d266555f,12000,16,1,180000,0.980115144465235,1,0.6521518389552561,0.6200506262983498,0,1,173951,0.0,-0.706338776324844,-304.07570892841375,-15.639693935241574,1.0030303667248286,0.07324053312977452,0.009180627587284107,0.08333333333333333,0.0,0.0,5.0476526340019525,18.018486696358202,0,1,0
S7_p002_t004_s924921264,2026-10-03T00:39:30Z,S7,2,3,0,0,5522503ec3188952a9d8785a95c348add0a4d8a88b555237487e34d70f81a733,12000,16,1,180000,0.9799837044566856,1,0.6503034479802777,0.6200506262983498,0,1,173892,0.0,-0.7102666648812866,-308.9923691811546,-15.607106275059422,1.0171999194943107,0.07701604821518408,0.009649340680880414,0.08333333333333333,0.0,1.1666666666666667,5.032938560915812,17.923563239994248,0,1,0
S7_p003_t000_s763598906,2026-10-03T00:39:45Z,S7,3,2,0,0,fa6d46257d03a7af34b4498b7b3295b0b2e4b9f43c58927c209cdbf849a9875d,12000,16,1,180000,0.9754408216954328,1,0.5547448746798502,0.5209269121406312,0,1,173906,0.0,-0.8577546275648728,-307.825298169914,-14.717109668753672,0.8950134360714248,0.0666103882503432,0.008346548089321004,0.08333333333333333,0.0,0.5,4.529268884003741,18.050424409649835,0,1,0
S7_p003_t001_s1480126732,2026-10-03T00:40:00Z,S7,3,2,0,0,70a9cb5d960e97e9361f8bf4f2df022aa6fe24d994aeed67eb5efda6e36b9472,12000,16,1,180000,0.9754815910548316,1,0.5551584917478362,0.5209269121406312,0,1,173912,0.0,-0.8559600027938001,-307.3252996463689,-14.73096055259182,0.9454828867208143,0.07070126737142166,0.008859575814312848,0.08333333333333333,0.0,0.0,5.159396646698159,18.302262715973654,0,1,0
S7_p003_t002_s348040279,2026-10-03T00:40:15Z,S7,3,2,0,0,2ca45814d43fdf48d9614c52bbc33b20c66b18c89363cfa1ae7ad6b0628d8626,12000,16,1,180000,0.975274056009681,1,0.5550999509377283,0.5206966482409549,0,1,173907,0.0,-0.8627729724533505,-307.74195331123576,-14.68777284312253,0.8851242115054836,0.06840032609082437,0.008570902860810747,0.08333333333333333,0.0,6.833333333333334,5.09065328846876,18.06939647735256,0,1,0
S7_p003_t003_s750677479,2026-10-03T00:40:30Z,S7,3,2,0,0,79916ba71ba80bc20ddab1f41363b86fd192a695797089240143fb27aad799a0,12000,16,1,180000,0.9752187204030162,1,0.5533674186446622,0.5184811033296005,0,1,173989,0.0,-0.8644629918454145,-300.908612419192,-14.679699490505902,0.8794966670838895,0.06408996166882269,0.008036048023768672,0.08333333333333333,0.0,0.0,4.821560272384135,18.081629160174867,0,1,0
S7_p003_t004_s258894362,2026-10-03T00:40:45Z,S7,3,2,0,0,0a775979aab53ce75942a58604857d4dc9c983aa7344c6e6d95883d8402d46cd,12000,16,1,180000,0.9755449445380645,1,0.5529335513743032,0.5184811033296005,0,1,173905,0.0,-0.8531920419916106,-307.9086358006086,-14.75036169131072,0.9038946006958339,0.06668831036569321,0.008356245353752456,0.08333333333333333,0.0,339.8333333333333,4.797362432834061,18.175405334099935,0,1,0
S7_p004_t000_s139254338,2026-10-03T00:41:15Z,S7,4,2,0,0,ab3d91a9b92847f24cdcd97edc3789bf82626021a02e4f17cebd232912247e0f,12000,16,1,180000,0.9757224588105866,1,0.5583708656892613,0.5248937613908201,0,1,173674,0.0,-0.8475171114623576,-327.1586611553885,-14.762995738473489,0.8551206737751154,0.06875037938813554,0.008598747450832889,0.08333333333333333,0.0,4.25,4.843874837888472,17.31817658720507,0,1,0
S7_p004_t001_s1221387494,2026-10-03T00:41:30Z,S7,4,2,0,0,24ab26116773b10cabd80c3143b61d94c285edbdfd017bb0618a3814b3a00936,12000,16,1,180000,0.9755649038746544,1,0.5586439257418523,0.5248937613908201,0,1,173725,0.0,-0.8534146810983617,-322.908642894073,-14.740296156960342,0.8650808938939065,0.06995702262896164,0.008753232542403566,0.08333333333333333,0.0,1.9166666666666665,4.918822863885912,17.508661247764245,0,1,0
S7_p004_t002_s1203773898,2026-10-03T00:41:45Z,S7,4,2,0,0,357b6a54a5c99c471c6d72505ceb005c4378b49bddab4132382a58e4fdc3f7ad,12000,16,1,180000,0.9758332146048102,1,0.559409301782314,0.5252303196234194,0,1,173748,0.0,-0.8443579590231334,-320.99199323408783,-14.791975737921687,0.917306848259492,0.0686321493263775,0.008589038959598838,0.08333333333333333,0.0,0.0,4.923723253353542,17.450561232800403,0,1,0
S7_p004_t003_s43333996,2026-10-03T00:42:00Z,S7,4,2,0,0,464805ca417a5df671738729c2410603e32e6c275639a6926d08def5c9cce1d4,12000,16,1,180000,0.9755876495589327,1,0.5586388258696199,0.5252303196234194,0,1,173726,0.0,-0.8529258588612671,-322.8253036509553,-14.75182350087491,0.8311315892317027,0.06829528164540441,0.00854537882059958,0.08333333333333333,0.0,0.0,4.830313457310086,17.254245740149877,0,1,0
S7_p004_t004_s1033654550,2026-10-03T00:42:15Z,S7,4,2,0,0,98acf66d4e7ccf1261ca99c482c3811b79d28f16dd409e863ee2a62615d18db1,12000,16,1,180000,0.9759625993500638,1,0.5593208639012479,0.523848509483097,0,1,173645,0.0,-0.8423920808308217,-329.575309860326,-14.834325950833875,0.8938487664436148,0.0711461450221388,0.008896327412003302,0.08333333333333333,0.0,7.75,4.509825389069201,17.361323503198992,0,1,0
S7_p005_t000_s600798252,2026-10-03T00:42:30Z,S7,5,2,0,0,337e56a1027e7bb9eba652839f562499ef8e1381663051719a03dd8eea266ca0,12000,16,1,180000,0.9751839904462216,1,0.5481737574691761,0.5145159131504455,0,1,173738,0.0,-0.866680977329522,-321.8252704424406,-14.682316767203716,0.8386876003213578,0.07183432994408653,0.008989060711883212,0.08333333333333333,0.0,0.0,5.135337291531132,18.119933455828487,0,1,0
S7_p005_t001_s1358512429,2026-10-03T00:42:45Z,S7,5,2,0,0,7f97945061f58e341b417e81e90fe738e63ed4d815f26dc2b585901aa2760c8b,12000,16,1,180000,0.9749921734264985,1,0.5487733558426859,0.5145159131504456,0,1,173724,0.0,-0.8722288899132384,-322.9919310506854,-14.644128755837647,0.8440463374239897,0.06743339830954138,0.008437401663286437,0.08333333333333333,0.0,0.0,5.219469279482935,18.180381729948113,0,1,0
S7_p005_t002_s475029750,2026-10-03T00:43:00Z,S7,5,2,0,0,a3d624e162b614e097864ccb9c5baa17cc2af1fce0ce7c32922707d499485af7,12000,16,1,180000,0.9749367213569422,1,0.548978532996323,0.515820579951814,0,1,173688,0.0,-0.8736495581502411,-325.9919345016169,-14.626490090580111,0.8575228856189343,0.07319155789205738,0.009155239210485888,0.08333333333333333,0.0,0.9166666666666666,5.163545762393824,18.356752217044395,0,1,0
S7_p005_t003_s686156291,2026-10-03T00:43:15Z,S7,5,2,0,0,4a9ce7f35f10c000e566546eaa9c4ff449ec63cdfdbcf10f61719bb6c292a32f,12000,16,1,180000,0.9751742362942565,1,0.5492703111697724,0.515820579951814,0,1,173699,0.0,-0.8662986864500644,-325.07527487819607,-14.676892799969789,0.8984252696891791,0.0729574053620584,0.00912675253857742,0.08333333333333333,0.0,0.0,4.616789329923,18.276647082958004,0,1,0
S7_p005_t004_s1322737522,2026-10-03T00:43:30Z,S7,5,2,0,0,4840f38401f2c0d628066bc43b47743fadf6249e836782c4f37b379fdaf79eb8,12000,16,1,180000,0.9753284751187804,1,0.5472629721440411,0.5155979631963823,0,1,173691,0.0,-0.8618522002818325,-325.74194121152385,-14.708350594657166,0.8474424372300808,0.07195777334449956,0.009001125909890106,0.08333333333333333,0.0,4.666666666666667,4.980759380690891,18.153053946478078,0,1,0
S7_p006_t000_s1641734052,2026-10-03T00:43:45Z,S7,6,2,0,0,54dd3b3fa16edba54e40a9dfa3890b2c0d2dc15071dd94f5609f550e9a9da029,12000,16,1,180000,0.975907049744513,1,0.5650949833953045,0.531623992137858,0,1,173747,0.0,-0.8436197170035077,-321.0753348251831,-14.810633700855325,0.9290155388024189,0.06385327513140952,0.007990918116320245,0.08333333333333333,0.0,0.0,5.524689723064006,17.985575908862035,0,1,0
S7_p006_t001_s67837340,2026-10-03T00:44:00Z,S7,6,2,0,0,6acbc4ae90d52a50dd245685e694912fb63f33128d349d3e0f191b2456a6397b,12000,16,1,180000,0.9760047712528073,1,0.5651811844496546,0.531623992137858,0,1,173704,0.0,-0.8416335652381908,-324.6586568000457,-14.838270037091913,0.8417834977451478,0.06706313175017024,0.008389731908209797,0.08333333333333333,0.0,1.25,5.079610406842513,18.034131884847227,0,1,0
S7_p006_t002_s1202997263,2026-10-03T00:44:15Z,S7,6,2,0,0,71c48267b6a7e40357988f0eb02ecd52a59093c44e7b235bf02016b7c07d92a2,12000,16,1,180000,0.9760981077732086,1,0.5648549383319094,0.5302036272884406,0,1,173719,0.0,-0.8369557024641149,-323.4086816530859,-14.842076393187366,0.9007312239655886,0.06725400933546458,0.00841461988602532,0.08333333333333333,0.0,0.0,4.842437550900077,18.00800643617061,0,1,0
S7_p006_t003_s902359725,2026-10-03T00:44:30Z,S7,6,2,0,0,93c6d496159e7aaf61504089359d90de19697e3aed7466fc46201f488df66503,12000,16,1,180000,0.975917731423732,1,0.5654622416730687,0.5299111188707443,0,1,173670,0.0,-0.8437048845909706,-327.49199190199096,-14.815186625068256,0.9306156922550436,0.06497365953689675,0.008126125650960603,0.08333333333333333,0.0,2.5833333333333335,5.093827934912758,17.67162070809777,0,1,0
S7_p006_t004_s291698731,2026-10-03T00:44:45Z,S7,6,2,0,0,72770d4a318f571f4d61285de501721492ee7a442b02756d5b77b3cdc8714fc0,12000,16,1,180000,0.975977052423095,1,0.5630558818288607,0.5298739916717151,0,1,173701,0.0,-0.8415448500284985,-324.90866284595114,-14.830984705052677,0.8517694420461626,0.06850776741994015,0.008570253196467092,0.08333333333333333,0.0,2.5,4.979501499621589,17.876585173751668,0,1,0
S7_p007_t000_s526185734,2026-10-03T00:45:00Z,S7,7,2,0,0,b799ff586768a64ea5509e61bf88b80e17fcb47a048fdf4f96a762a1155b28cb,12000,16,1,180000,0.9758602230308758,1,0.5549945908357988,0.5220729717626843,0,1,173731,0.0,-0.8485671881560547,-322.40863308565594,-14.826326733878412,0.8904078081290754,0.06809387644787358,0.008520518666045973,0.08333333333333333,0.0,1.5833333333333333,4.521899742127143,17.16753405829994,0,1,0
S7_p007_t001_s318655740,2026-10-03T00:45:15Z,S7,7,2,0,0,8633c537fa9b7ba1766f4bfeb114b36e75791cdc2cff97f9516ab41bf96004fd,12000,16,1,180000,0.9753581674243911,1,0.5552017610773969,0.5220729717626843,0,1,173750,0.0,-0.8634678657997632,-320.8252776772849,-14.72160562564865,0.8383637364315527,0.06873804637052133,0.008602429027178005,0.08333333333333333,0.0,0.0,4.8199999929750605,16.924327059868943,0,1,0
S7_p007_t002_s1737849473,2026-10-03T00:45:30Z,S7,7,2,0,0,a427b750b046a25a0a08998ef7af9420edc114f2481cf8949d45dd5c448d0145,12000,16,1,180000,0.5130261190161678,1,0.3104727340465799,0.5196156555619112,0,1,173684,0.0,-6.349590700111069,-326.32040041538613,4.2457328406006365,55.60940897785762,828.0662806082435,103.5761865110403,8.166666666666666,0.0,4.583333333333333,7.595089240024356,19.50117011944368,0,1,0
S7_p007_t003_s438300082,2026-10-03T00:45:45Z,S7,7,2,0,0,be8bb03e306acf09970c16f064c35f2777fd51c07cd6704c9689e70b6b7ec719,12000,16,1,180000,0.9154588312417137,1,0.5444712499383664,0.5232371159668855,0,1,173843,0.0,-0.8587571730475332,-313.11213181157717,-14.826117109388692,0.7991795082200557,0.1898600983878381,0.02377826858219123,0.08333333333333333,0.0,0.0,4.692991122256062,18.512266005178045,0,1,0
S7_p007_t004_s994742111,2026-10-03T00:46:00Z,S7,7,2,0,0,49ba5b6156ef35d81f0c7f49d0bf2485d4fc474ed559b5f35d6784e1104cd0ce,12000,16,1,180000,0.915454238809391,1,0.5445878096803612,0.5232371159668855,0,1,173770,0.0,-0.8583482413063561,-319.19547911743575,-14.80589286810265,0.8697333180058098,0.18490308801841185,0.023143949721088575,0.08333333333333333,0.0,343.75,4.909791194028207,18.54347260671873,0,1,0
S7_p008_t000_s434073307,2026-10-03T00:46:30Z,S7,8,2,0,0,826ddc2617664cb062d49a41c306c6f1ef1f56745ed7f873e25578e3fa95b6ba,12000,16,1,180000,0.9160899361209967,1,0.5470241094809758,0.5191450223152942,0,1,173692,0.0,-0.8526157407196158,-325.6954750338973,-14.827910025628173,0.9055593736170992,0.17242038354022132,0.021568065777046286,0.08333333333333333,0.0,0.0,4.750069763177868,18.883856704005048,0,1,0
S7_p008_t001_s1584181983,2026-10-03T00:46:45Z,S7,8,2,0,0,ae0686e532d872964add4f802473c1a6fb8274996cceb5d1fa53e50234618adf,12000,16,1,180000,0.9158371790095025,1,0.5456321514411175,0.5191450223152942,0,1,173631,0.0,-0.8583643036965739,-330.77878486305235,-14.78011405368214,0.8815187385985013,0.18354348191071523,0.022948257999814814,0.08333333333333333,0.0,1.25,4.966139753957394,19.325429323429024,0,1,0
S7_p008_t002_s69311790,2026-10-03T00:47:00Z,S7,8,2,0,0,17fc29018eb510d02935b059802f629d91e0476b1f9733053c1d7883c02bae0c,12000,16,1,180000,0.9160993908644633,1,0.5457945096242569,0.5175979408315418,0,1,173646,0.0,-0.8548148256166539,-329.5287858065337,-14.812870116867693,0.7865191557952024,0.154353010159714,0.019300917802411277,0.08333333333333333,0.0,4.666666666666667,4.672468065815943,19.081863404587878,0,1,0
S7_p008_t003_s449200011,2026-10-03T00:47:15Z,S7,8,2,0,0,d34c2919f41623c9fe8f3e39aaaa7ac7545e0fbb706920c8af1c86bac6cd7f16,12000,16,1,180000,0.9164218707319108,1,0.547669106388071,0.5213817679223924,0,1,173702,0.0,-0.8461573946237283,-324.8621777992794,-14.857420494280646,0.7659538474427608,0.1608305522805792,0.020119902090300457,0.08333333333333333,0.0,0.0,4.383945199198608,18.982192027378748,0,1,0
S7_p008_t004_s63363653,2026-10-03T00:47:30Z,S7,8,2,0,0,553b2b038f6b81dee34915fe46ede5ffa340abcfeb2f5c291dc81e462881ca76,12000,16,1,180000,0.9162855271199498,1,0.5463134400989778,0.5213817679223924,0,1,173634,0.0,-0.8487174270306387,-330.5288322155532,-14.844595042620675,0.8185949800245014,0.15283750385711872,0.01910957878226327,0.08333333333333333,0.0,0.08333333333333333,4.668368402445358,18.982171917489815,0,1,0
S7_p009_t000_s244638474,2026-10-03T00:47:45Z,S7,9,2,0,0,778ddf9c279b2d6983bb1ecd67a90f4b7e265bf2a28d3e9ce3fbc283e183fbe6,12000,16,1,180000,0.9158388352164296,1,0.5458636605898616,0.5185299109364768,0,1,173635,0.0,-0.8591804793469876,-330.445425361638,-14.799107779053164,0.8137077578384044,0.09786929606592543,0.012236891695010854,0.08333333333333333,0.0,0.0,4.483255454560707,19.164840197485056,0,1,0
S7_p009_t001_s1024747382,2026-10-03T00:48:00Z,S7,9,2,0,0,0bb3e155537d91f9eeacb431fc8b464b40f8a95ec5a7f2b26771bd49433d8ed7,12000,16,1,180000,0.9162586132431015,1,0.5494885348549875,0.5193471255338729,0,1,173616,0.0,-0.8506959239156276,-332.02881008803945,-14.83140870710038,0.8298973108683068,0.10042014339258805,0.012553923806081002,0.08333333333333333,0.0,7.416666666666667,5.174025975449647,18.993735895534954,0,1,0
S7_p009_t002_s1710014650,2026-10-03T00:48:15Z,S7,9,2,0,0,992540705a03fde4b578f384a9d6624fcfd6a557dfd2eac705d5609d5a674379,12000,16,1,180000,0.9160607736924471,1,0.5479875380026101,0.5193471255338729,0,1,173705,0.0,-0.8530991356513853,-324.6121413450231,-14.82407045671965,0.7865935188750327,0.10720395802975019,0.013411536761395837,0.08333333333333333,0.0,0.0,4.565237606134483,19.002047156480316,0,1,0
S7_p009_t003_s884232894,2026-10-03T00:48:30Z,S7,9,2,0,0,503a5b7fd625632a1233f01f49e2c5b7a446c279960e35727c9aefe1f4bcbede,12000,16,1,180000,0.9159309669862857,1,0.5466220334283864,0.5185942515513206,0,1,173687,0.0,-0.8562099714615189,-326.11212364239327,-14.79813491320861,0.9060619207234221,0.10949452138845829,0.013696122207875305,0.08333333333333333,0.0,0.0,4.61886323495281,18.99173232526814,0,1,0
S7_p009_t004_s381684354,2026-10-03T00:48:45Z,S7,9,2,0,0,f8ba4a3e06804d98e91bcac4a678e7512a8727fa47bd714038a5a80e5484c230,12000,16,1,180000,0.9156998054482374,1,0.5446576331259849,0.5157235389015721,0,1,173646,0.0,-0.8635521410840326,-329.5287441511894,-14.74795402136757,0.8497402981571582,0.09820224459376622,0.012279601472982904,0.08333333333333333,0.0,3.416666666666667,4.6922501054116115,18.764124902222903,0,1,0
S7_p010_t000_s1725325771,2026-10-03T00:49:00Z,S7,10,2,0,0,6451210d03b118153e7bfcaef57f64f96e37ceeaafd05b5ffa7dca17111639eb,12000,16,1,180000,0.6749860319697488,1,0.4683538884219912,0.5242532269908602,0,1,173820,0.0,-4.1292553579309486,-315.00040199280613,0.7876172555594491,39.01026927307734,1064.0195535268513,133.23440045352527,8.416666666666666,0.0,0.5,9.271782539897497,24.70533989881372,0,1,0
S7_p010_t001_s225898935,2026-10-03T00:49:15Z,S7,10,2,0,0,bf6a74884649563d206d4f66ff44892bd5ba616d271267e83e5fc180ddf34d7b,12000,16,1,180000,0.9771413614331195,1,0.5619585666892956,0.5272178306604747,0,1,173826,0.0,-0.8387795228560022,-314.50937694238263,-14.943006194642006,0.2544124192577976,0.011561456524812056,0.001447771831863065,0.08333333333333333,0.0,0.0,4.646952343107858,18.95852045436124,0,1,0
S7_p010_t002_s121109330,2026-10-03T00:49:30Z,S7,10,2,0,0,a4b43b621d77aa05b6d6e7a5b3c637868cf233abe6d50b998911fecc3db73ddb,12000,16,1,180000,0.9773470772489289,1,0.5649327577458061,0.5282837824331416,0,1,173753,0.0,-0.8317983398640265,-320.59274511929107,-15.00949732872305,0.25281985935472895,0.01870777474109124,0.0023412967166223098,0.08333333333333333,0.0,0.8333333333333334,4.786034280774497,18.96302308758876,0,1,0
S7_p010_t003_s1579862089,2026-10-03T00:49:45Z,S7,10,2,0,0,d7b1bb1a56bd2ab97916761cb572331403767d197c754934451e0cfeb7a45ff1,12000,16,1,180000,0.9772428759267842,1,0.5635477295012447,0.5282837824331416,0,1,173763,0.0,-0.8363001072245707,-319.75938857595975,-14.974608784769202,0.2687251418852576,0.018860818498295205,0.0023606389040651266,0.08333333333333333,0.0,5.75,5.102642020044771,19.034998930633847,0,1,0
S7_p010_t004_s535444324,2026-10-03T00:50:00Z,S7,10,2,0,0,3d864fe11aea46b6f36ee793961d57d79926d5b66dae77b36a127a26679a4aa6,12000,16,1,180000,0.9772602340324222,1,0.5635792015391196,0.5279076612815669,0,1,173832,0.0,-0.835807045953625,-314.0093866061883,-14.977933726964494,0.2755327282418911,0.02069731951997178,0.002591925323486066,0.08333333333333333,0.0,0.3333333333333333,5.575371837542104,18.861838866258285,0,1,0
S7_p011_t000_s204855309,2026-10-03T00:50:15Z,S7,11,2,0,0,b4fe8a3404fef3c458ac563382ce7c0978200b28de88474377704244de01e0d5,12000,16,1,180000,0.9752511035055231,1,0.48452868706678587,0.45231929108613933,0,1,173836,0.0,-0.9588652988437153,-313.67546132693496,-14.356505827169812,0.7499245820619593,0.11832537400077488,0.014818359887613042,0.08333333333333333,0.0,0.0,4.988878027794013,17.490918118002178,0,0,0
S7_p011_t001_s469311326,2026-10-03T00:50:30Z,S7,11,2,0,0,203ea99e0785431ffbd31c522448cb544702411ac8f899bb0100e05a48432b9f,12000,16,1,180000,0.9751029125332177,1,0.4849642655619722,0.45231929108613933,0,1,173755,0.0,-0.9661556807966388,-320.425434948563,-14.321542936516316,0.7261426580642694,0.11401989564719792,0.01426993199993376,0.08333333333333333,0.0,2.416666666666667,5.107156801078942,17.397973388373874,0,0,0
S7_p011_t002_s1591257218,2026-10-03T00:50:45Z,S7,11,2,0,0,647f7ffad77b87bb85b98371fc1ecedec2fe8b846f5f237b58bca74e07c4cedd,12000,16,1,180000,0.9752114401496181,1,0.4823093311837642,0.4518750769272966,0,1,173784,0.0,-0.9604765916527501,-318.0087915062662,-14.348698533895316,0.7101731270696408,0.11602459784053692,0.014524191206874093,0.08333333333333333,0.0,0.0,4.779476125814287,17.6807518632584,0,0,0
S7_p011_t003_s912460123,2026-10-03T00:51:00Z,S7,11,2,0,0,d9362ffd495a635d33efba3dafef79634a187263e6a488b7365466351d458153,12000,16,1,180000,0.9752407882963915,1,0.48385513698319965,0.45187507692729667,0,1,173775,0.0,-0.9621590234789347,-318.75877865938673,-14.3552019242661,0.7670443905876502,0.12074625372823115,0.015114170817923878,0.08333333333333333,0.0,0.0,4.898674911220348,17.44005248794403,0,0,0
S7_p011_t004_s1430561939,2026-10-03T00:51:15Z,S7,11,2,0,0,8786399411ad0b119b9a4f3c83c1b8b8963e1b30a66c601d481520a424289be9,12000,16,1,180000,0.9751495843750746,1,0.484252511050371,0.4515977985426414,0,1,173734,0.0,-0.9618009470223252,-322.1754501372428,-14.350978188322065,0.7662398890270887,0.12302705608389967,0.015394621581890533,0.08333333333333333,0.0,360.0833333333333,4.511670536374727,17.53206204037553,0,0,0
S7_p012_t000_s516013663,2026-10-03T00:51:45Z,S7,12,2,0,0,fe8dd8c890de5df6ef375f7444f3f227fa8e2c01655ce79fde028dd3c6f09ac9,12000,16,1,180000,0.9744055795223419,1,0.4422934088480526,0.40891764220161214,0,1,173838,0.0,-1.0179475418011097,-313.5085161129082,-14.11599017153118,0.7175532992318641,0.1099054021458354,0.013764112943135842,0.08333333333333333,0.0,0.0,4.6714263121066955,16.8110523505613,0,0,0
S7_p012_t001_s603633460,2026-10-03T00:52:00Z,S7,12,2,0,0,1c43fb31f252d4b1f77198cd9edce7dbf0066376d13a7de597f5a47142dd973a,12000,16,1,180000,0.9741734764147322,1,0.4417825426849984,0.40980042810956596,0,1,173759,0.0,-1.0300688467115389,-320.09180423353,-14.055698541418195,0.6768776684451466,0.10617309296581633,0.013288305796322675,0.08333333333333333,0.0,3.0833333333333335,4.812440086308536,16.679666253918892,0,0,0
S7_p012_t002_s71905326,2026-10-03T00:52:15Z,S7,12,2,0,0,5b90291fcb2bc559b9b0a66a1e169aec514b314796b132bd94cdd24b95a14247,12000,16,1,180000,0.8314532818994919,1,0.42072818672132173,0.41032089237967717,0,1,173796,0.0,-2.344978353616746,-317.0104663313996,-3.8622950863771117,52.28246063021161,936.8335702692887,117.28594199629333,9.083333333333334,0.0,4.166666666666667,18.239480664469948,28.890829342626404,0,0,0
S7_p012_t003_s1310018168,2026-10-03T00:52:30Z,S7,12,2,0,0,dee08165a7fdf9b64dfe74451f8226c42181b5f2da7d13c5e9a9199e7d71b046,12000,16,1,180000,0.9704757619218689,1,0.4453913881576627,0.4115563588735712,0,1,173963,0.0,-1.0232878945462516,-303.0748924390458,-13.946495330429787,0.7065252817115696,0.05649262252248969,0.00708197165204183,0.08333333333333333,0.0,0.0,5.173705550838855,15.941772232602053,0,0,0
S7_p012_t004_s1348406889,2026-10-03T00:52:45Z,S7,12,2,0,0,68c11107f13e468511dab59386a39e4f7584a22839363d2e815e1e3a13f07399,12000,16,1,180000,0.9705906451180837,1,0.4463170828125831,0.4115563588735712,0,1,173961,0.0,-1.0186862342776157,-303.24157038536396,-13.960912877262182,0.7286085056559481,0.056413335902874846,0.007071919375448488,0.08333333333333333,0.0,0.0,4.731436599349311,15.822985542406688,0,0,0
S7_p013_t000_s1579884569,2026-10-03T00:53:00Z,S7,13,2,0,0,d4fa7d61f7a66d680db5addf1c017c3c909fa70174505bca57b94fcebe2c6194,12000,16,1,180000,0.9688868481593117,1,0.4086566753869312,0.3758831749902286,0,1,173879,0.0,-1.0769530894726822,-310.07476383086816,-13.733229289242852,0.6700058723292164,0.0532494328787835,0.00667092920275536,0.08333333333333333,0.0,2.5833333333333335,4.827858135233105,15.498830483654814,0,0,0
S7_p013_t001_s1427301707,2026-10-03T00:53:15Z,S7,13,2,0,0,82edcd48af555f62fe426d0b7c07cf988339d848d34b8aa5940f107e26da6732,12000,16,1,180000,0.9689256624999002,1,0.409382218832022,0.3761492632807654,0,1,173910,0.0,-1.076166345290927,-307.4914340871886,-13.737667692694197,0.6781205708572342,0.0562276748855906,0.007045777484563587,0.08333333333333333,0.0,1.9166666666666665,5.191855800877571,15.384231737286111,0,0,0
S7_p013_t002_s773490239,2026-10-03T00:53:30Z,S7,13,2,0,0,feeca17f02eff0b284faccfe5b53e15102eaa39a9ec4ef75237b07558791f195,12000,16,1,180000,0.9686704987329324,1,0.4094927215906301,0.37614926328076553,0,1,173933,0.0,-1.0826131048405523,-305.57475898054446,-13.700698119416943,0.661900858860678,0.05689475442355658,0.00713067646665877,0.08333333333333333,0.0,0.0,4.8758938570427155,15.360669081588359,0,0,0
S7_p013_t003_s811508310,2026-10-03T00:53:45Z,S7,13,2,0,0,a85f757543cd0d12df758c9883326e59325c54424030be82bf6888b36c1c12d2,12000,16,1,180000,0.9687478504548508,1,0.40649734790979763,0.37662107669554673,0,1,173864,0.0,-1.0824687151926604,-311.3247537282932,-13.715618073097781,0.5960447601044959,0.05462412243115417,0.006842326823971234,0.08333333333333333,0.0,0.75,4.6729085162510255,15.398398613405831,0,0,0
S7_p013_t004_s1152378489,2026-10-03T00:54:00Z,S7,13,2,0,0,3043696c995eb36e59dcff84b3e9432eb5b3ffa86b69968aa795f3ceefc86dc9,12000,16,1,180000,0.9685152794926966,1,0.4529524194294887,0.418668082892591,0,1,173873,0.0,-1.088795717604218,-310.5747456745764,-13.685981415567412,0.6353391486675021,0.05733323673933958,0.007182191899573809,0.08333333333333333,0.0,0.0,4.737269671918677,15.444711922032422,0,0,0
S7_p014_t000_s169517745,2026-10-03T00:54:15Z,S7,14,2,0,0,c18e0a3a8d3830db5c3c68544fb9c1e9ca83812677de5fbcdeb83d63a33d3a2d,12000,16,1,180000,0.9761903154989804,1,0.568661432617911,0.5355012409278291,0,1,173866,0.0,-0.8325555492948105,-311.15868752707803,-14.858665228059385,0.8835834113412724,0.06786766298584429,0.008501374936258799,0.08333333333333333,0.0,0.0,4.75347141112017,17.114724710454787,0,1,0
S7_p014_t001_s1958578526,2026-10-03T00:54:30Z,S7,14,2,0,0,2b4470d6860c77ef52ae5e15e2f200c0df54cd44eef8b66152891ec949b86738,12000,16,1,180000,0.9761452056061325,1,0.5692124236018407,0.5355012409278291,0,1,173855,0.0,-0.8336721201865216,-312.0753582413484,-14.842821606570627,0.8911141195846778,0.0731332698212785,0.009160161444924597,0.08333333333333333,0.0,8.416666666666666,5.006003107886732,17.199123518951954,0,1,0
S7_p014_t002_s300372675,2026-10-03T00:54:45Z,S7,14,2,0,0,c02f017787787a0b2654626ccbf9c5ac61e85d13287e83856ed746c4eadccb40,12000,16,1,180000,0.9760122693954992,1,0.5679962111280752,0.5333600952674142,0,1,173956,0.0,-0.8379820583427589,-303.6586901824461,-14.809519068396597,0.8612167707859796,0.06598318091181742,0.00827125566001996,0.08333333333333333,0.0,0.0,5.145906526032038,17.29782926061683,0,1,0
S7_p014_t003_s1706399720,2026-10-03T00:55:00Z,S7,14,2,0,0,d85c18548cd41795fc9d353525cfc852f87899836217c1d07485681cc7aba66f,12000,16,1,180000,0.9760947224322103,1,0.5682856691486657,0.5339815998564005,0,1,173883,0.0,-0.8374674380578764,-309.7419987150673,-14.849359623281117,0.9019559441470217,0.07414444130501,0.009288889751132956,0.08333333333333333,0.0,0.0,4.837051076891044,17.185703130701008,0,1,0
S7_p014_t004_s1200012924,2026-10-03T00:55:15Z,S7,14,2,0,0,1ffb954ea36ddd2ab0ff55e9dfbd2acc94ea8cff4f999b69df3060e26f0e8659,12000,16,1,180000,0.9760345801191869,1,0.5670963049710456,0.5339815998564005,0,1,173880,0.0,-0.837428661087781,-309.99201489843654,-14.82441149765796,0.8706771706821214,0.07006195761638967,0.008777221926266066,0.08333333333333333,0.0,5.416666666666667,5.256050864673016,17.381605448700984,0,1,0
S7_p015_t000_s1755520088,2026-10-03T00:55:30Z,S7,15,2,0,0,184a953bb8c2a4552d3b73e70ee82708d72dd236df41bfc0b09f88dc055da958,12000,16,1,180000,0.9753422939068782,1,0.5541988734685603,0.520557629727911,0,1,173945,0.0,-0.8603597596617895,-304.57529171645484,-14.703907652820593,0.8763054533175273,0.06599477902832183,0.008271983587746945,0.08333333333333333,0.0,0.0,4.933447037359789,18.07664543349907,0,1,0
S7_p015_t001_s1047827504,2026-10-03T00:55:45Z,S7,15,2,0,0,af75f8f638169e7277d33b1c60c1c2eb805ace113c6eaa04265f3d4121ecb794,12000,16,1,180000,0.7911915314345882,1,0.5295853661130806,0.520557629727911,0,1,173933,0.0,-2.64687700591936,-305.5741367068198,-2.502857704658915,38.07189960406807,820.2003053898857,102.79652447481976,11.583333333333332,0.0,1.5,12.450387603408739,24.432741561217604,0,1,0
S7_p015_t002_s1284285689,2026-10-03T00:56:00Z,S7,15,2,0,0,243eeab5cecd49b43e32bf3c544b3800bb925448a71a9aee169ce01de7ad98b1,12000,16,1,180000,0.9768005894169824,1,0.5497399857573455,0.5186439775608325,0,1,174201,0.0,-0.8611682326604833,-283.25926550762597,-14.831013085339942,0.8785939640681233,0.11652091812350264,0.014634910795393807,0.08333333333333333,0.0,0.0,5.4247828375820895,19.037578939130682,0,1,0
S7_p015_t003_s734715196,2026-10-03T00:56:15Z,S7,15,2,0,0,2ed61e6ae8d093818afbfab48c85544ffcd95422676f9d8943cd84431605ecc9,12000,16,1,180000,0.9769500251059547,1,0.5528648138170922,0.519670351524659,0,1,174168,0.0,-0.8525337159611778,-286.00930722876245,-14.87903027250648,0.866291234984775,0.1222014955104614,0.015344352985266596,0.08333333333333333,0.0,0.0,4.76040591631031,19.2353977999188,0,1,0
S7_p015_t004_s1450783488,2026-10-03T00:56:30Z,S7,15,2,0,0,02aeb5ede9ecac467524b2f2fdd50673d897e48945ff35f1fce5a5a8e8525ba9,12000,16,1,180000,0.9767872591207385,1,0.5530503503276509,0.519670351524659,0,1,174145,0.0,-0.8563549303852346,-287.92596949631115,-14.842773034984289,0.8088001530844674,0.11879902109685667,0.014914385505562677,0.08333333333333333,0.0,317.75,4.8227448383018965,19.277893242933178,0,1,0
S7_p016_t000_s313172177,2026-10-03T00:57:00Z,S7,16,2,0,0,77de9e44f2959a1406b88b6c148680782743e701a5feba6be8adca7fb16e0b5b,12000,16,1,180000,0.9770562446641099,1,0.5509349750182609,0.5191460956900235,0,1,173741,0.0,-0.8477191813719833,-321.5926604619017,-14.909311982039767,0.9223306314461728,0.14597149449824118,0.018266726850015402,0.08333333333333333,0.0,0.0,4.95534170026939,18.315530629854464,0,1,0
S7_p016_t001_s95670008,2026-10-03T00:57:15Z,S7,16,2,0,0,fb32725dd770412175c0f6569382488cd1dfa7321fb621783fa9d01e75bdc977,12000,16,1,180000,0.9769392560436752,1,0.551984026374092,0.5211593739572735,0,1,173740,0.0,-0.8529847381051513,-321.67597732870735,-14.875743147856952,0.8570263231858897,0.14095682359413517,0.017639054990922887,0.08333333333333333,0.0,0.0,4.95538859265398,18.432070436294072,0,1,0
S7_p016_t002_s762227068,2026-10-03T00:57:30Z,S7,16,2,0,0,00707e05b8ba8bb663e6e8830a04cd8578259d6125716efa2a92a885deb429c5,12000,16,1,180000,0.9770550842809196,1,0.5535461276116285,0.5211593739572736,0,1,173735,0.0,-0.8478816606349195,-322.0926534379736,-14.906869310916626,0.8254864485730579,0.14129888837843027,0.017681153799458116,0.08333333333333333,0.0,0.0,4.867812381304811,18.165423485068246,0,1,0
S7_p016_t003_s804352794,2026-10-03T00:57:45Z,S7,16,2,0,0,24548fb72267013ba3db7a957e3fe4c18dc865a5e5f2353cca7fe6bf3b8dd191,12000,16,1,180000,0.9770806530000755,1,0.5540455039989804,0.5214470255829986,0,1,173719,0.0,-0.850356546521686,-323.42596982171807,-14.911435240220863,0.9087128614005542,0.15472465974154131,0.019358685252882424,0.08333333333333333,0.0,1.5,4.926799793249825,18.58867885954198,0,1,0
S7_p016_t004_s1354763437,2026-10-03T00:58:00Z,S7,16,2,0,0,7ffe4b64a077808269e7e224b4a71d9cbd3c761d7d37cf193f92df776cc560f1,12000,16,1,180000,0.9770174012698066,1,0.5523210620571952,0.5214470255829986,0,1,173737,0.0,-0.8491811727392751,-321.92598956400735,-14.899340898829323,0.8855686864252409,0.1403361295172568,0.01756096156714193,0.08333333333333333,0.0,0.0,4.913652517708157,18.251625593891866,0,1,0
S7_p017_t000_s1440417717,2026-10-03T00:58:15Z,S7,17,2,0,0,0f35e96cc54e0cb163430589254afd9ab8369b9f257be7b16d1d8560fa285547,12000,16,1,180000,0.9768037797054983,1,0.5458226886641718,0.5129358880074271,0,1,173721,0.0,-0.8593334114184616,-323.259281862187,-14.831620616108125,0.8152616232320902,0.12688575865702248,0.015875819237407995,0.08333333333333333,0.0,0.0,4.6713658759199665,19.337988854536988,0,1,0
S7_p017_t001_s1958295760,2026-10-03T00:58:30Z,S7,17,2,0,0,c6a837f618afb91b25125f23bdac539e287c62806a4a1ab283291bee1b2e6170,12000,16,1,180000,0.97683391834012,1,0.5488091250049278,0.5153969240471419,0,1,173718,0.0,-0.8616196514145719,-323.5092621380888,-14.84074322616638,0.7685702365965896,0.1259042615845577,0.01575263759241352,0.08333333333333333,0.0,2.8333333333333335,5.265732722163718,19.31132198310754,0,1,0
S7_p017_t002_s1141094124,2026-10-03T00:58:45Z,S7,17,2,0,0,643944e56b1762767a9cc171614149c2e1718913c1e9b7141a4f045da043ccd1,12000,16,1,180000,0.97707505089315,1,0.5476005259416421,0.5167923516845173,0,1,173752,0.0,-0.8516847927993431,-320.6759605704192,-14.911717497868224,0.8837207724950786,0.12266147087193116,0.015351083079622185,0.08333333333333333,0.0,4.416666666666667,4.8239542394666906,19.440211053705,0,1,0
S7_p017_t003_s678609270,2026-10-03T00:59:00Z,S7,17,2,0,0,8719ac26a2c6ba4ea4877e3534879d2ef15a97c9fd9ec629af9331eaccecaf83,12000,16,1,180000,0.9768337159987364,1,0.5481139970380358,0.5167923516845172,0,1,173805,0.0,-0.8583579234925192,-316.25927987664,-14.845577239249865,0.8767931176980126,0.12352588470637496,0.015465811342892266,0.08333333333333333,0.0,0.25,4.745125160430435,19.440327343477403,0,1,0
S7_p017_t004_s2097649527,2026-10-03T00:59:15Z,S7,17,2,0,0,d3ff1992a38578da177e6cb62e390679c0dd69519d65d455f36b447f2bba30ff,12000,16,1,180000,0.9768240734869605,1,0.5466307796833797,0.516102839019976,0,1,173808,0.0,-0.8627738023519859,-316.0092471728197,-14.835646694396136,0.8278366180495854,0.12777732887315787,0.015998488238892605,0.08333333333333333,0.0,0.0,4.8211911393185325,19.427994947106004,0,1,0
S7_p018_t000_s54616312,2026-10-03T00:59:30Z,S7,18,2,0,0,f0f37769f61ae63d285d5483f2bb6d34def00a4369142b55dd1eb17af77880d4,12000,16,1,180000,0.977023387718925,1,0.5523073160504322,0.5214536280039387,0,1,173778,0.0,-0.8512165637440592,-318.5093132639765,-14.905445708843018,0.8121647230420364,0.13110188700261524,0.016410809807439364,0.08333333333333333,0.0,0.0,4.789380676865516,18.896299485687138,0,1,0
S7_p018_t001_s952590612,2026-10-03T00:59:45Z,S7,18,2,0,0,68fadc80bc3ec2df123f88f170174c82a9aefe3b683ed2eae19977c16508ecdf,12000,16,1,180000,0.9770668902307743,1,0.5528894629149722,0.5214536280039387,0,1,173715,0.0,-0.8461694055812374,-323.7593432498864,-14.918454849643194,0.8083297897231627,0.1254553958328844,0.015696100938839663,0.08333333333333333,0.0,8.166666666666666,5.148563945950609,18.662075296329576,0,1,0
S7_p018_t002_s42992291,2026-10-03T01:00:00Z,S7,18,2,0,0,f838232589af3c9de2466519072355eec9602c47a1b10486104c54f140faa2d8,12000,16,1,180000,0.9769473653326467,1,0.5536240002686674,0.518290137308101,0,1,173813,0.0,-0.8573544191695794,-315.59261644110666,-14.877178051956532,0.8519590355847491,0.12499474945745376,0.01565071757431724,0.08333333333333333,0.0,0.0,5.0754997512296125,18.98940336131482,0,1,0
S7_p018_t003_s1754123281,2026-10-03T01:00:15Z,S7,18,2,0,0,ac559e4f38022cc0d1fa032c69b92ef7a2bc2fdabbc70496461ee946b10f2124,12000,16,1,180000,0.97689360594065,1,0.5506633793267053,0.5199347640260285,0,1,173754,0.0,-0.8550777007704182,-320.509299559874,-14.863717677925266,0.8864115107677096,0.12223579831261717,0.015298054630420665,0.08333333333333333,0.0,0.0,4.837827764001099,18.930787096815806,0,1,0
S7_p018_t004_s2136748643,2026-10-03T01:00:30Z,S7,18,2,0,0,84e1e7d2473682e0b8694a8b85c2cbaa9b3e4e425ace54c3f8462a7e6bff6a71,12000,16,1,180000,0.9769892500294468,1,0.5528918431244101,0.5199347640260283,0,1,173712,0.0,-0.8543531666012341,-324.00929666996,-14.900008417890762,0.8289580049629552,0.12078678223864094,0.015111634325876366,0.08333333333333333,0.0,1.3333333333333333,4.969013620764701,18.935781749076547,0,1,0
S7_p019_t000_s2055416690,2026-10-03T01:00:45Z,S7,19,2,0,0,f9293259fdb7df9a360842748eb5d3d16e90cb501d8984500cffbbec97b1d186,12000,16,1,180000,0.976864040259462,1,0.5562046858331778,0.5215612309893869,0,1,173728,0.0,-0.8538390030595226,-322.6759844401331,-14.860036788445539,0.8436053738537901,0.1397537107471805,0.017486822810951708,0.08333333333333333,0.0,0.0,4.982511388305935,18.66183516772028,0,1,0
S7_p019_t001_s2007325368,2026-10-03T01:01:00Z,S7,19,2,0,0,902137d406df2d9f0896f7ec8d73b3c477437a9faca807f8538a1e2b7535df60,12000,16,1,180000,0.9771668036631714,1,0.554299660828911,0.5215612309893868,0,1,173719,0.0,-0.8447231058420236,-323.4259968513046,-14.946818568777456,0.7990223886777006,0.14040270739210378,0.01756676554077785,0.08333333333333333,0.0,6.416666666666667,4.747541547638365,18.761408070435024,0,1,0
S7_p019_t002_s1837273558,2026-10-03T01:01:15Z,S7,19,2,0,0,e26783a323ea22a3e9d3f41b2f4230f39550c7958ebfa13d529dd95ca1ceb0c8,12000,16,1,180000,0.9769233627108752,1,0.5526539560414266,0.5203377358061028,0,1,173796,0.0,-0.8517467297075372,-317.0093186030026,-14.871405497389985,0.8380085359745582,0.12836296099900452,0.01607027253930937,0.08333333333333333,0.0,0.0,4.773369584836259,18.641121507913823,0,1,0
S7_p019_t003_s1703565559,2026-10-03T01:01:30Z,S7,19,2,0,0,6301cb9e5ec9bdf62595e77073f48d2a006d018c0436f24253baed4d2e372a71,12000,16,1,180000,0.9770626652662598,1,0.5534765414222726,0.5203377358061028,0,1,173720,0.0,-0.8479906991246657,-323.34266053503234,-14.91342682373318,0.8795560255050539,0.14024958833198548,0.01754774799292136,0.08333333333333333,0.0,0.5833333333333334,4.689832437998224,18.93349011027036,0,1,0
S7_p019_t004_s989415578,2026-10-03T01:01:45Z,S7,19,2,0,0,7d463f0cf90eca2631a1b8dfd51f8f23a9eb4f4aca134253c8ebd426d30dda69,12000,16,1,180000,0.9769199945393223,1,0.5507643704831229,0.5200752091190527,0,1,173727,0.0,-0.8526536158735937,-322.7593101372925,-14.874222559160517,0.7927821249601125,0.13422520341201372,0.016794928576928214,0.08333333333333333,0.0,345.3333333333333,4.824941318390852,18.653948421182815,0,1,0
S7_p020_t000_s11753295,2026-10-03T01:02:15Z,S7,20,2,0,0,b4071f6593c43fa4a2deb283d333232e4cf9cc54d520701ca26ce3757da80d9c,12000,16,1,180000,0.977016901164558,1,0.5588695545395331,0.5254288041486718,0,1,173803,0.0,-0.8473705149858718,-316.42600927313896,-14.904631169588312,0.8773301757780994,0.1115793408257439,0.013969845050723961,0.08333333333333333,0.0,0.0,5.220389563428665,18.344009901532033,0,1,0
S7_p020_t001_s127051996,2026-10-03T01:02:30Z,S7,20,2,0,0,9c402c5b025fbc54035537b95ca74e06bad7767fe43517b173125ceecfea03b9,12000,16,1,180000,0.977105506713729,1,0.5606365581536832,0.5256669929855555,0,1,173743,0.0,-0.8415081797763795,-321.4260423920526,-14.932857130397663,0.8844958062135978,0.13335983261774204,0.016688782813616854,0.08333333333333333,0.0,2.6666666666666665,5.214705543994634,18.41411649809302,0,1,0
S7_p020_t002_s1814410164,2026-10-03T01:02:45Z,S7,20,2,0,0,7fba06825fa079ffdb69bcdb31137c8fae3e332491fca57020346c601d278453,12000,16,1,180000,0.9557681786788339,1,0.5487721475393201,0.5271756313819506,0,1,173903,0.0,-1.0412492796817632,-308.0758892224312,-11.037614011895876,6.365668338832827,0.2035136003246573,0.025500457634279883,10.083333333333332,0.0,0.0,30.034372479293552,22.39600962469028,0,1,0
S7_p020_t003_s622957244,2026-10-03T01:03:00Z,S7,20,2,0,0,555550eefab97bfbaf06b9ebe2b50f962b4051a37d0d226c9420be81a80efd7d,12000,16,1,180000,0.9759267567969482,1,0.5621314792606665,0.5282992499915897,0,1,173878,0.0,-0.8414189759171896,-310.158670017403,-14.805382094021526,0.8759714199703998,0.06826729330751115,0.008552253436391766,0.08333333333333333,0.0,3.833333333333333,4.8811194717867386,17.26509465996733,0,1,0
S7_p020_t004_s1019946476,2026-10-03T01:03:15Z,S7,20,2,0,0,a2e19efa5e1738e027ef7f221bc3c579e10584a8c38a6ba8f476103f9dc08bfc,12000,16,1,180000,0.9758251435197295,1,0.5616205365367252,0.5282992499915897,0,1,173924,0.0,-0.8435404090657795,-306.3253265963249,-14.804152760845193,0.8895846835308081,0.061970759574059925,0.007766299531340337,0.08333333333333333,0.0,344.8333333333333,5.388295148410764,17.527286719988982,0,1,0
S8_p000_t000_s1451638557,2026-10-03T01:03:45Z,S8,0,12,0,0,7ed4047d5aedcbd018141cfa8e102a76239be4128ca7cbd78940373f5da8aa9d,12000,16,1,180000,0.9832474452984812,1,0.7928478334930762,0.7813339612689649,0,1,173610,0.0,-0.678888807289499,-332.49138787348056,-17.46688127741441,1.0045325341675353,0.015807211070212396,0.001976027841465111,0.08333333333333333,0.0,0.6666666666666666,4.844634275746726,16.954832589530433,0,1,0
S8_p000_t001_s686175255,2026-10-03T01:04:00Z,S8,0,12,0,0,e207e0d2c453324ec41da4868bc24f0a928fa8e2f73badb6f8af8a90cf8b12c7,12000,16,1,180000,0.9831960246091261,1,0.7935537637696752,0.782031835052609,0,1,173618,0.0,-0.681831919986289,-331.8247006239126,-17.467910752741684,0.9815186573643055,0.016853103392857064,0.0021069075737614185,0.08333333333333333,0.0,0.6666666666666666,4.786117894322332,16.821177615631775,0,1,0
S8_p000_t002_s147853078,2026-10-03T01:04:15Z,S8,0,12,0,0,d6b91a2408f2f389b672b4c73773b1c779692daa8a0bdcf8b2cdd47c9d242b6c,12000,16,1,180000,0.9833301596474124,1,0.7930010512393764,0.782031835052609,0,1,173626,0.0,-0.6769358215105568,-331.15804807665216,-17.501989836228674,0.990315027299633,0.0161078926352927,0.0020138731688348344,0.08333333333333333,0.0,4.25,4.537181638869134,16.802994154287322,0,1,0
S8_p000_t003_s1651849846,2026-10-03T01:04:30Z,S8,0,12,0,0,0e1840814f4e33951f37314cef373626145f9f91dfa6c243351be7cc809c74b4,12000,16,1,180000,0.9831632228645343,1,0.7931345842070894,0.7812855341615296,0,1,173677,0.0,-0.6823520485934087,-326.9080372958779,-17.451671908982796,1.020791745945296,0.01714312615520026,0.0021441765038616722,0.08333333333333333,0.0,0.0,4.754245038616309,16.700297406279585,0,1,0
S8_p000_t004_s285589846,2026-10-03T01:04:45Z,S8,0,12,0,0,34c4ec91d134b9771784e82d1825239e0c60b29dcb7d3c609a6eaf5d8cf9f8b0,12000,16,1,180000,0.9832530771910074,1,0.7922387700413981,0.7807268557375117,0,1,173602,0.0,-0.6775150103090287,-333.1580570010101,-17.468108908105368,1.0152160227407587,0.019285890190076316,0.0024107362737595395,0.08333333333333333,0.0,367.0833333333333,5.526192393831224,16.618531149072048,0,1,0
