# readback start subtractionEnabled=True threadsConfigured=8 cores=16 nhard=24 kMinScorePass2=10 osdCorrThreshold=0.10 shim=20260061 osdSignFixSet=1 osdSignFixRead=1 label=STRONG-MISS-20261009_1752
# all 433 cycles have a WAV in both arms
2026-10-10T10:33:04.3281351Z [Information] Sub-feas residual pass: residualDecodes=2 elapsedMs=6203 deadlineAbandoned=False containedException=False fittedSignals=19
# warm-up cycle decoded and discarded
2026-10-10T10:33:11.3853905Z [Information] Sub-feas residual pass: residualDecodes=2 elapsedMs=6465 deadlineAbandoned=False containedException=False fittedSignals=19
2026-10-10T10:33:18.7405117Z [Information] Sub-feas residual pass: residualDecodes=1 elapsedMs=6825 deadlineAbandoned=False containedException=False fittedSignals=20
2026-10-10T10:33:27.8533615Z [Information] Sub-feas residual pass: residualDecodes=3 elapsedMs=8484 deadlineAbandoned=False containedException=False fittedSignals=22
2026-10-10T10:33:35.4793089Z [Information] Sub-feas residual pass: residualDecodes=2 elapsedMs=6942 deadlineAbandoned=False containedException=False fittedSignals=19
2026-10-10T10:33:42.7547764Z [Information] Sub-feas residual pass: residualDecodes=3 elapsedMs=6598 deadlineAbandoned=False containedException=False fittedSignals=18
2026-10-10T10:33:49.9304572Z [Information] Sub-feas residual pass: residualDecodes=3 elapsedMs=6524 deadlineAbandoned=False containedException=False fittedSignals=19
2026-10-10T10:33:55.5573847Z [Information] Sub-feas residual pass: residualDecodes=4 elapsedMs=4980 deadlineAbandoned=False containedException=False fittedSignals=17
2026-10-10T10:34:01.2140495Z [Information] Sub-feas residual pass: residualDecodes=4 elapsedMs=5020 deadlineAbandoned=False containedException=False fittedSignals=17
2026-10-10T10:34:08.9143524Z [Information] Sub-feas residual pass: residualDecodes=4 elapsedMs=6995 deadlineAbandoned=False containedException=False fittedSignals=19
2026-10-10T10:34:16.4308419Z [Information] Sub-feas residual pass: residualDecodes=4 elapsedMs=6855 deadlineAbandoned=False containedException=False fittedSignals=19
2026-10-10T10:34:21.9566676Z [Information] Sub-feas residual pass: residualDecodes=5 elapsedMs=4862 deadlineAbandoned=False containedException=False fittedSignals=14
2026-10-10T10:34:27.5657655Z [Information] Sub-feas residual pass: residualDecodes=5 elapsedMs=4921 deadlineAbandoned=False containedException=False fittedSignals=14
2026-10-10T10:34:34.7135565Z [Information] Sub-feas residual pass: residualDecodes=3 elapsedMs=6523 deadlineAbandoned=False containedException=False fittedSignals=19
2026-10-10T10:34:40.4926348Z [Information] Sub-feas residual pass: residualDecodes=2 elapsedMs=5087 deadlineAbandoned=False containedException=False fittedSignals=18
2026-10-10T10:34:46.0601527Z [Information] Sub-feas residual pass: residualDecodes=4 elapsedMs=4893 deadlineAbandoned=False containedException=False fittedSignals=13
2026-10-10T10:34:51.6441110Z [Information] Sub-feas residual pass: residualDecodes=3 elapsedMs=4848 deadlineAbandoned=False containedException=False fittedSignals=13
2026-10-10T10:34:58.7493363Z [Information] Sub-feas residual pass: residualDecodes=0 elapsedMs=6462 deadlineAbandoned=False containedException=False fittedSignals=18
2026-10-10T10:35:06.1164064Z [Information] Sub-feas residual pass: residualDecodes=2 elapsedMs=6730 deadlineAbandoned=False containedException=False fittedSignals=18
2026-10-10T10:35:14.9940488Z [Information] Sub-feas residual pass: residualDecodes=5 elapsedMs=8128 deadlineAbandoned=False containedException=False fittedSignals=22
2026-10-10T10:35:22.1426069Z [Information] Sub-feas residual pass: residualDecodes=5 elapsedMs=6574 deadlineAbandoned=False containedException=False fittedSignals=22
2026-10-10T10:35:27.6896878Z [Information] Sub-feas residual pass: residualDecodes=4 elapsedMs=4990 deadlineAbandoned=False containedException=False fittedSignals=18
2026-10-10T10:35:33.2072939Z [Information] Sub-feas residual pass: residualDecodes=4 elapsedMs=4960 deadlineAbandoned=False containedException=False fittedSignals=18
2026-10-10T10:35:38.8532159Z [Information] Sub-feas residual pass: residualDecodes=5 elapsedMs=5077 deadlineAbandoned=False containedException=False fittedSignals=18
2026-10-10T10:35:43.2037371Z [Information] Sub-feas residual pass: residualDecodes=4 elapsedMs=3762 deadlineAbandoned=False containedException=False fittedSignals=16
2026-10-10T10:35:49.9588623Z [Information] Sub-feas residual pass: residualDecodes=6 elapsedMs=6289 deadlineAbandoned=False containedException=False fittedSignals=22
2026-10-10T10:35:56.8221769Z [Information] Sub-feas residual pass: residualDecodes=5 elapsedMs=6366 deadlineAbandoned=False containedException=False fittedSignals=23
2026-10-10T10:36:03.3207477Z [Information] Sub-feas residual pass: residualDecodes=6 elapsedMs=5990 deadlineAbandoned=False containedException=False fittedSignals=22
2026-10-10T10:36:10.0290758Z [Information] Sub-feas residual pass: residualDecodes=7 elapsedMs=6221 deadlineAbandoned=False containedException=False fittedSignals=23
2026-10-10T10:36:16.8820589Z [Information] Sub-feas residual pass: residualDecodes=6 elapsedMs=6381 deadlineAbandoned=False containedException=False fittedSignals=21
2026-10-10T10:36:25.0582774Z [Information] Sub-feas residual pass: residualDecodes=5 elapsedMs=7686 deadlineAbandoned=False containedException=False fittedSignals=22
2026-10-10T10:36:33.9453345Z [Information] Sub-feas residual pass: residualDecodes=4 elapsedMs=8356 deadlineAbandoned=False containedException=False fittedSignals=23
2026-10-10T10:36:42.8478966Z [Information] Sub-feas residual pass: residualDecodes=3 elapsedMs=8383 deadlineAbandoned=False containedException=False fittedSignals=23
2026-10-10T10:36:49.3934248Z [Information] Sub-feas residual pass: residualDecodes=2 elapsedMs=5993 deadlineAbandoned=False containedException=False fittedSignals=19
2026-10-10T10:36:55.9518017Z [Information] Sub-feas residual pass: residualDecodes=2 elapsedMs=6041 deadlineAbandoned=False containedException=False fittedSignals=19
2026-10-10T10:37:01.2686492Z [Information] Sub-feas residual pass: residualDecodes=3 elapsedMs=4802 deadlineAbandoned=False containedException=False fittedSignals=17
2026-10-10T10:37:07.9789032Z [Information] Sub-feas residual pass: residualDecodes=3 elapsedMs=6184 deadlineAbandoned=False containedException=False fittedSignals=18
2026-10-10T10:37:12.0014818Z [Information] Sub-feas residual pass: residualDecodes=0 elapsedMs=3510 deadlineAbandoned=False containedException=False fittedSignals=15
2026-10-10T10:37:15.9952842Z [Information] Sub-feas residual pass: residualDecodes=0 elapsedMs=3503 deadlineAbandoned=False containedException=False fittedSignals=15
2026-10-10T10:37:22.6432021Z [Information] Sub-feas residual pass: residualDecodes=3 elapsedMs=6093 deadlineAbandoned=False containedException=False fittedSignals=18
2026-10-10T10:37:27.9855505Z [Information] Sub-feas residual pass: residualDecodes=3 elapsedMs=4811 deadlineAbandoned=False containedException=False fittedSignals=17
2026-10-10T10:37:34.7388059Z [Information] Sub-feas residual pass: residualDecodes=2 elapsedMs=6190 deadlineAbandoned=False containedException=False fittedSignals=18
2026-10-10T10:37:41.4758085Z [Information] Sub-feas residual pass: residualDecodes=3 elapsedMs=6186 deadlineAbandoned=False containedException=False fittedSignals=18
2026-10-10T10:37:47.0091227Z [Information] Sub-feas residual pass: residualDecodes=3 elapsedMs=5083 deadlineAbandoned=False containedException=False fittedSignals=23
2026-10-10T10:37:52.5171495Z [Information] Sub-feas residual pass: residualDecodes=3 elapsedMs=5058 deadlineAbandoned=False containedException=False fittedSignals=23
2026-10-10T10:37:59.2299842Z [Information] Sub-feas residual pass: residualDecodes=3 elapsedMs=6231 deadlineAbandoned=False containedException=False fittedSignals=20
2026-10-10T10:38:06.9918481Z [Information] Sub-feas residual pass: residualDecodes=3 elapsedMs=7260 deadlineAbandoned=False containedException=False fittedSignals=20
2026-10-10T10:38:13.9738335Z [Information] Sub-feas residual pass: residualDecodes=4 elapsedMs=6471 deadlineAbandoned=False containedException=False fittedSignals=20
2026-10-10T10:38:20.9251843Z [Information] Sub-feas residual pass: residualDecodes=4 elapsedMs=6437 deadlineAbandoned=False containedException=False fittedSignals=20
2026-10-10T10:38:26.0580448Z [Information] Sub-feas residual pass: residualDecodes=3 elapsedMs=4541 deadlineAbandoned=False containedException=False fittedSignals=13
2026-10-10T10:38:31.1980451Z [Information] Sub-feas residual pass: residualDecodes=3 elapsedMs=4545 deadlineAbandoned=False containedException=False fittedSignals=13
2026-10-10T10:38:38.0825249Z [Information] Sub-feas residual pass: residualDecodes=3 elapsedMs=6344 deadlineAbandoned=False containedException=False fittedSignals=20
2026-10-10T10:38:44.9893746Z [Information] Sub-feas residual pass: residualDecodes=3 elapsedMs=6384 deadlineAbandoned=False containedException=False fittedSignals=20
2026-10-10T10:38:51.3116933Z [Information] Sub-feas residual pass: residualDecodes=4 elapsedMs=5817 deadlineAbandoned=False containedException=False fittedSignals=19
2026-10-10T10:38:58.2421643Z [Information] Sub-feas residual pass: residualDecodes=3 elapsedMs=6417 deadlineAbandoned=False containedException=False fittedSignals=21
2026-10-10T10:39:03.6186300Z [Information] Sub-feas residual pass: residualDecodes=5 elapsedMs=4797 deadlineAbandoned=False containedException=False fittedSignals=16
2026-10-10T10:39:08.8889183Z [Information] Sub-feas residual pass: residualDecodes=5 elapsedMs=4680 deadlineAbandoned=False containedException=False fittedSignals=14
2026-10-10T10:39:14.1744413Z [Information] Sub-feas residual pass: residualDecodes=2 elapsedMs=4709 deadlineAbandoned=False containedException=False fittedSignals=15
2026-10-10T10:39:19.3248733Z [Information] Sub-feas residual pass: residualDecodes=2 elapsedMs=4578 deadlineAbandoned=False containedException=False fittedSignals=16
2026-10-10T10:39:26.1689489Z [Information] Sub-feas residual pass: residualDecodes=2 elapsedMs=6285 deadlineAbandoned=False containedException=False fittedSignals=19
2026-10-10T10:39:32.6557140Z [Information] Sub-feas residual pass: residualDecodes=2 elapsedMs=5945 deadlineAbandoned=False containedException=False fittedSignals=18
2026-10-10T10:39:41.0078107Z [Information] Sub-feas residual pass: residualDecodes=5 elapsedMs=7773 deadlineAbandoned=False containedException=False fittedSignals=20
2026-10-10T10:39:46.4903748Z [Information] Sub-feas residual pass: residualDecodes=3 elapsedMs=4909 deadlineAbandoned=False containedException=False fittedSignals=17
2026-10-10T10:39:53.6199985Z [Information] Sub-feas residual pass: residualDecodes=5 elapsedMs=6574 deadlineAbandoned=False containedException=False fittedSignals=20
2026-10-10T10:40:00.7126270Z [Information] Sub-feas residual pass: residualDecodes=4 elapsedMs=6552 deadlineAbandoned=False containedException=False fittedSignals=21
2026-10-10T10:40:08.9141544Z [Information] Sub-feas residual pass: residualDecodes=4 elapsedMs=7664 deadlineAbandoned=False containedException=False fittedSignals=19
2026-10-10T10:40:17.0249570Z [Information] Sub-feas residual pass: residualDecodes=5 elapsedMs=7613 deadlineAbandoned=False containedException=False fittedSignals=19
2026-10-10T10:40:22.4359125Z [Information] Sub-feas residual pass: residualDecodes=5 elapsedMs=4822 deadlineAbandoned=False containedException=False fittedSignals=16
2026-10-10T10:40:27.8974382Z [Information] Sub-feas residual pass: residualDecodes=6 elapsedMs=4889 deadlineAbandoned=False containedException=False fittedSignals=16
2026-10-10T10:40:34.3409218Z [Information] Sub-feas residual pass: residualDecodes=4 elapsedMs=5917 deadlineAbandoned=False containedException=False fittedSignals=18
2026-10-10T10:40:39.6064685Z [Information] Sub-feas residual pass: residualDecodes=4 elapsedMs=4752 deadlineAbandoned=False containedException=False fittedSignals=18
2026-10-10T10:40:47.8560606Z [Information] Sub-feas residual pass: residualDecodes=3 elapsedMs=7788 deadlineAbandoned=False containedException=False fittedSignals=19
2026-10-10T10:40:56.0499322Z [Information] Sub-feas residual pass: residualDecodes=3 elapsedMs=7736 deadlineAbandoned=False containedException=False fittedSignals=19
2026-10-10T10:41:01.3182464Z [Information] Sub-feas residual pass: residualDecodes=1 elapsedMs=4688 deadlineAbandoned=False containedException=False fittedSignals=13
2026-10-10T10:41:06.6329146Z [Information] Sub-feas residual pass: residualDecodes=1 elapsedMs=4739 deadlineAbandoned=False containedException=False fittedSignals=14
2026-10-10T10:41:13.2802120Z [Information] Sub-feas residual pass: residualDecodes=5 elapsedMs=6086 deadlineAbandoned=False containedException=False fittedSignals=19
2026-10-10T10:41:18.7152846Z [Information] Sub-feas residual pass: residualDecodes=5 elapsedMs=4864 deadlineAbandoned=False containedException=False fittedSignals=18
2026-10-10T10:41:25.1791857Z [Information] Sub-feas residual pass: residualDecodes=3 elapsedMs=5931 deadlineAbandoned=False containedException=False fittedSignals=17
2026-10-10T10:41:30.3877134Z [Information] Sub-feas residual pass: residualDecodes=3 elapsedMs=4673 deadlineAbandoned=False containedException=False fittedSignals=15
2026-10-10T10:41:36.8056181Z [Information] Sub-feas residual pass: residualDecodes=4 elapsedMs=5887 deadlineAbandoned=False containedException=False fittedSignals=18
2026-10-10T10:41:42.0057453Z [Information] Sub-feas residual pass: residualDecodes=1 elapsedMs=4661 deadlineAbandoned=False containedException=False fittedSignals=16
2026-10-10T10:41:50.7211823Z [Information] Sub-feas residual pass: residualDecodes=7 elapsedMs=8165 deadlineAbandoned=False containedException=False fittedSignals=22
2026-10-10T10:41:59.4066957Z [Information] Sub-feas residual pass: residualDecodes=6 elapsedMs=8134 deadlineAbandoned=False containedException=False fittedSignals=22
2026-10-10T10:42:08.2937126Z [Information] Sub-feas residual pass: residualDecodes=2 elapsedMs=8336 deadlineAbandoned=False containedException=False fittedSignals=20
2026-10-10T10:42:16.9915766Z [Information] Sub-feas residual pass: residualDecodes=3 elapsedMs=8140 deadlineAbandoned=False containedException=False fittedSignals=20
2026-10-10T10:42:22.0595314Z [Information] Sub-feas residual pass: residualDecodes=4 elapsedMs=4525 deadlineAbandoned=False containedException=False fittedSignals=15
2026-10-10T10:42:27.1742356Z [Information] Sub-feas residual pass: residualDecodes=4 elapsedMs=4555 deadlineAbandoned=False containedException=False fittedSignals=15
2026-10-10T10:42:32.3379388Z [Information] Sub-feas residual pass: residualDecodes=4 elapsedMs=4618 deadlineAbandoned=False containedException=False fittedSignals=15
2026-10-10T10:42:37.7298623Z [Information] Sub-feas residual pass: residualDecodes=4 elapsedMs=4819 deadlineAbandoned=False containedException=False fittedSignals=16
2026-10-10T10:42:44.8254671Z [Information] Sub-feas residual pass: residualDecodes=2 elapsedMs=6579 deadlineAbandoned=False containedException=False fittedSignals=23
2026-10-10T10:42:51.9787608Z [Information] Sub-feas residual pass: residualDecodes=2 elapsedMs=6625 deadlineAbandoned=False containedException=False fittedSignals=23
2026-10-10T10:42:57.3467291Z [Information] Sub-feas residual pass: residualDecodes=4 elapsedMs=4829 deadlineAbandoned=False containedException=False fittedSignals=16
2026-10-10T10:43:02.5878108Z [Information] Sub-feas residual pass: residualDecodes=5 elapsedMs=4691 deadlineAbandoned=False containedException=False fittedSignals=15
2026-10-10T10:43:07.8489041Z [Information] Sub-feas residual pass: residualDecodes=4 elapsedMs=4781 deadlineAbandoned=False containedException=False fittedSignals=17
2026-10-10T10:43:13.1685549Z [Information] Sub-feas residual pass: residualDecodes=4 elapsedMs=4792 deadlineAbandoned=False containedException=False fittedSignals=17
2026-10-10T10:43:19.6393569Z [Information] Sub-feas residual pass: residualDecodes=0 elapsedMs=5913 deadlineAbandoned=False containedException=False fittedSignals=18
2026-10-10T10:43:26.2891814Z [Information] Sub-feas residual pass: residualDecodes=0 elapsedMs=6101 deadlineAbandoned=False containedException=False fittedSignals=18
2026-10-10T10:43:31.4839094Z [Information] Sub-feas residual pass: residualDecodes=2 elapsedMs=4597 deadlineAbandoned=False containedException=False fittedSignals=15
2026-10-10T10:43:36.5410248Z [Information] Sub-feas residual pass: residualDecodes=3 elapsedMs=4468 deadlineAbandoned=False containedException=False fittedSignals=14
2026-10-10T10:43:41.6313696Z [Information] Sub-feas residual pass: residualDecodes=0 elapsedMs=4554 deadlineAbandoned=False containedException=False fittedSignals=13
2026-10-10T10:43:46.7340809Z [Information] Sub-feas residual pass: residualDecodes=0 elapsedMs=4556 deadlineAbandoned=False containedException=False fittedSignals=15
2026-10-10T10:43:52.0108023Z [Information] Sub-feas residual pass: residualDecodes=2 elapsedMs=4659 deadlineAbandoned=False containedException=False fittedSignals=14
2026-10-10T10:43:57.1742096Z [Information] Sub-feas residual pass: residualDecodes=2 elapsedMs=4606 deadlineAbandoned=False containedException=False fittedSignals=15
2026-10-10T10:44:02.0582015Z [Information] Sub-feas residual pass: residualDecodes=2 elapsedMs=4372 deadlineAbandoned=False containedException=False fittedSignals=11
2026-10-10T10:44:07.1043206Z [Information] Sub-feas residual pass: residualDecodes=1 elapsedMs=4524 deadlineAbandoned=False containedException=False fittedSignals=12
2026-10-10T10:44:11.9883505Z [Information] Sub-feas residual pass: residualDecodes=1 elapsedMs=4347 deadlineAbandoned=False containedException=False fittedSignals=12
2026-10-10T10:44:16.8015266Z [Information] Sub-feas residual pass: residualDecodes=1 elapsedMs=4277 deadlineAbandoned=False containedException=False fittedSignals=12
2026-10-10T10:44:24.4468290Z [Information] Sub-feas residual pass: residualDecodes=4 elapsedMs=7129 deadlineAbandoned=False containedException=False fittedSignals=18
2026-10-10T10:44:32.1004877Z [Information] Sub-feas residual pass: residualDecodes=4 elapsedMs=7142 deadlineAbandoned=False containedException=False fittedSignals=18
2026-10-10T10:44:38.5865924Z [Information] Sub-feas residual pass: residualDecodes=3 elapsedMs=5946 deadlineAbandoned=False containedException=False fittedSignals=18
2026-10-10T10:44:45.1473566Z [Information] Sub-feas residual pass: residualDecodes=3 elapsedMs=6037 deadlineAbandoned=False containedException=False fittedSignals=18
2026-10-10T10:44:52.2418967Z [Information] Sub-feas residual pass: residualDecodes=5 elapsedMs=6496 deadlineAbandoned=False containedException=False fittedSignals=19
2026-10-10T10:44:59.3557111Z [Information] Sub-feas residual pass: residualDecodes=5 elapsedMs=6532 deadlineAbandoned=False containedException=False fittedSignals=19
2026-10-10T10:45:05.9656877Z [Information] Sub-feas residual pass: residualDecodes=1 elapsedMs=6100 deadlineAbandoned=False containedException=False fittedSignals=18
2026-10-10T10:45:12.5678069Z [Information] Sub-feas residual pass: residualDecodes=1 elapsedMs=6080 deadlineAbandoned=False containedException=False fittedSignals=18
2026-10-10T10:45:18.9858869Z [Information] Sub-feas residual pass: residualDecodes=7 elapsedMs=5876 deadlineAbandoned=False containedException=False fittedSignals=18
2026-10-10T10:45:25.4905411Z [Information] Sub-feas residual pass: residualDecodes=6 elapsedMs=5967 deadlineAbandoned=False containedException=False fittedSignals=19
2026-10-10T10:45:30.7071274Z [Information] Sub-feas residual pass: residualDecodes=1 elapsedMs=4718 deadlineAbandoned=False containedException=False fittedSignals=17
2026-10-10T10:45:35.9655269Z [Information] Sub-feas residual pass: residualDecodes=1 elapsedMs=4762 deadlineAbandoned=False containedException=False fittedSignals=17
2026-10-10T10:45:42.9894923Z [Information] Sub-feas residual pass: residualDecodes=5 elapsedMs=6516 deadlineAbandoned=False containedException=False fittedSignals=19
2026-10-10T10:45:50.7413631Z [Information] Sub-feas residual pass: residualDecodes=5 elapsedMs=7239 deadlineAbandoned=False containedException=False fittedSignals=19
2026-10-10T10:45:57.2577975Z [Information] Sub-feas residual pass: residualDecodes=6 elapsedMs=5955 deadlineAbandoned=False containedException=False fittedSignals=18
2026-10-10T10:46:02.3443004Z [Information] Sub-feas residual pass: residualDecodes=6 elapsedMs=4525 deadlineAbandoned=False containedException=False fittedSignals=15
2026-10-10T10:46:07.7510132Z [Information] Sub-feas residual pass: residualDecodes=2 elapsedMs=4821 deadlineAbandoned=False containedException=False fittedSignals=17
2026-10-10T10:46:12.9941806Z [Information] Sub-feas residual pass: residualDecodes=2 elapsedMs=4665 deadlineAbandoned=False containedException=False fittedSignals=17
2026-10-10T10:46:21.0886454Z [Information] Sub-feas residual pass: residualDecodes=3 elapsedMs=7564 deadlineAbandoned=False containedException=False fittedSignals=21
2026-10-10T10:46:29.3257294Z [Information] Sub-feas residual pass: residualDecodes=2 elapsedMs=7645 deadlineAbandoned=False containedException=False fittedSignals=21
2026-10-10T10:46:35.9878400Z [Information] Sub-feas residual pass: residualDecodes=4 elapsedMs=6119 deadlineAbandoned=False containedException=False fittedSignals=18
2026-10-10T10:46:41.2583407Z [Information] Sub-feas residual pass: residualDecodes=3 elapsedMs=4746 deadlineAbandoned=False containedException=False fittedSignals=17
2026-10-10T10:46:45.9847609Z [Information] Sub-feas residual pass: residualDecodes=0 elapsedMs=4148 deadlineAbandoned=False containedException=False fittedSignals=11
2026-10-10T10:46:50.7159540Z [Information] Sub-feas residual pass: residualDecodes=0 elapsedMs=4154 deadlineAbandoned=False containedException=False fittedSignals=11
2026-10-10T10:46:57.1511675Z [Information] Sub-feas residual pass: residualDecodes=3 elapsedMs=5900 deadlineAbandoned=False containedException=False fittedSignals=18
2026-10-10T10:47:02.4246036Z [Information] Sub-feas residual pass: residualDecodes=3 elapsedMs=4725 deadlineAbandoned=False containedException=False fittedSignals=17
2026-10-10T10:47:10.4095333Z [Information] Sub-feas residual pass: residualDecodes=4 elapsedMs=7469 deadlineAbandoned=False containedException=False fittedSignals=21
2026-10-10T10:47:19.0062888Z [Information] Sub-feas residual pass: residualDecodes=5 elapsedMs=8068 deadlineAbandoned=False containedException=False fittedSignals=22
2026-10-10T10:47:24.2455592Z [Information] Sub-feas residual pass: residualDecodes=3 elapsedMs=4724 deadlineAbandoned=False containedException=False fittedSignals=17
2026-10-10T10:47:29.5966368Z [Information] Sub-feas residual pass: residualDecodes=3 elapsedMs=4814 deadlineAbandoned=False containedException=False fittedSignals=17
2026-10-10T10:47:34.6719700Z [Information] Sub-feas residual pass: residualDecodes=4 elapsedMs=4523 deadlineAbandoned=False containedException=False fittedSignals=14
2026-10-10T10:47:39.8074826Z [Information] Sub-feas residual pass: residualDecodes=5 elapsedMs=4555 deadlineAbandoned=False containedException=False fittedSignals=14
2026-10-10T10:47:48.1553994Z [Information] Sub-feas residual pass: residualDecodes=3 elapsedMs=7795 deadlineAbandoned=False containedException=False fittedSignals=20
2026-10-10T10:47:55.2058436Z [Information] Sub-feas residual pass: residualDecodes=4 elapsedMs=6491 deadlineAbandoned=False containedException=False fittedSignals=19
2026-10-10T10:48:00.4031387Z [Information] Sub-feas residual pass: residualDecodes=5 elapsedMs=4626 deadlineAbandoned=False containedException=False fittedSignals=16
2026-10-10T10:48:06.7378955Z [Information] Sub-feas residual pass: residualDecodes=4 elapsedMs=5774 deadlineAbandoned=False containedException=False fittedSignals=17
2026-10-10T10:48:11.9513883Z [Information] Sub-feas residual pass: residualDecodes=3 elapsedMs=4661 deadlineAbandoned=False containedException=False fittedSignals=15
2026-10-10T10:48:17.1651411Z [Information] Sub-feas residual pass: residualDecodes=3 elapsedMs=4683 deadlineAbandoned=False containedException=False fittedSignals=16
2026-10-10T10:48:24.7133719Z [Information] Sub-feas residual pass: residualDecodes=6 elapsedMs=6966 deadlineAbandoned=False containedException=False fittedSignals=20
2026-10-10T10:48:31.5250668Z [Information] Sub-feas residual pass: residualDecodes=4 elapsedMs=6250 deadlineAbandoned=False containedException=False fittedSignals=19
2026-10-10T10:48:36.6801998Z [Information] Sub-feas residual pass: residualDecodes=3 elapsedMs=4587 deadlineAbandoned=False containedException=False fittedSignals=16
2026-10-10T10:48:41.9568292Z [Information] Sub-feas residual pass: residualDecodes=3 elapsedMs=4669 deadlineAbandoned=False containedException=False fittedSignals=17
2026-10-10T10:48:48.9963402Z [Information] Sub-feas residual pass: residualDecodes=1 elapsedMs=6542 deadlineAbandoned=False containedException=False fittedSignals=24
2026-10-10T10:48:56.1149777Z [Information] Sub-feas residual pass: residualDecodes=3 elapsedMs=6620 deadlineAbandoned=False containedException=False fittedSignals=24
2026-10-10T10:49:03.2998053Z [Information] Sub-feas residual pass: residualDecodes=3 elapsedMs=6646 deadlineAbandoned=False containedException=False fittedSignals=24
2026-10-10T10:49:10.4347012Z [Information] Sub-feas residual pass: residualDecodes=3 elapsedMs=6608 deadlineAbandoned=False containedException=False fittedSignals=24
2026-10-10T10:49:17.7307099Z [Information] Sub-feas residual pass: residualDecodes=1 elapsedMs=6768 deadlineAbandoned=False containedException=False fittedSignals=25
2026-10-10T10:49:26.4364050Z [Information] Sub-feas residual pass: residualDecodes=1 elapsedMs=8169 deadlineAbandoned=False containedException=False fittedSignals=23
2026-10-10T10:49:31.7517439Z [Information] Sub-feas residual pass: residualDecodes=2 elapsedMs=4768 deadlineAbandoned=False containedException=False fittedSignals=17
2026-10-10T10:49:37.0517975Z [Information] Sub-feas residual pass: residualDecodes=3 elapsedMs=4743 deadlineAbandoned=False containedException=False fittedSignals=17
2026-10-10T10:49:43.6760548Z [Information] Sub-feas residual pass: residualDecodes=4 elapsedMs=6095 deadlineAbandoned=False containedException=False fittedSignals=19
2026-10-10T10:49:50.7775769Z [Information] Sub-feas residual pass: residualDecodes=4 elapsedMs=6539 deadlineAbandoned=False containedException=False fittedSignals=20
2026-10-10T10:49:58.5120856Z [Information] Sub-feas residual pass: residualDecodes=3 elapsedMs=7191 deadlineAbandoned=False containedException=False fittedSignals=18
2026-10-10T10:50:06.6215277Z [Information] Sub-feas residual pass: residualDecodes=3 elapsedMs=7564 deadlineAbandoned=False containedException=False fittedSignals=19
2026-10-10T10:50:13.9087969Z [Information] Sub-feas residual pass: residualDecodes=2 elapsedMs=6797 deadlineAbandoned=False containedException=False fittedSignals=24
2026-10-10T10:50:21.2429316Z [Information] Sub-feas residual pass: residualDecodes=3 elapsedMs=6860 deadlineAbandoned=False containedException=False fittedSignals=25
2026-10-10T10:50:28.3850308Z [Information] Sub-feas residual pass: residualDecodes=4 elapsedMs=6644 deadlineAbandoned=False containedException=False fittedSignals=24
2026-10-10T10:50:35.5669121Z [Information] Sub-feas residual pass: residualDecodes=4 elapsedMs=6692 deadlineAbandoned=False containedException=False fittedSignals=24
2026-10-10T10:50:42.4063237Z [Information] Sub-feas residual pass: residualDecodes=7 elapsedMs=6370 deadlineAbandoned=False containedException=False fittedSignals=22
2026-10-10T10:50:49.0232772Z [Information] Sub-feas residual pass: residualDecodes=6 elapsedMs=6164 deadlineAbandoned=False containedException=False fittedSignals=22
2026-10-10T10:50:55.7822901Z [Information] Sub-feas residual pass: residualDecodes=6 elapsedMs=6241 deadlineAbandoned=False containedException=False fittedSignals=20
2026-10-10T10:51:02.5908295Z [Information] Sub-feas residual pass: residualDecodes=6 elapsedMs=6278 deadlineAbandoned=False containedException=False fittedSignals=20
2026-10-10T10:51:08.5124850Z [Information] Sub-feas residual pass: residualDecodes=5 elapsedMs=5435 deadlineAbandoned=False containedException=False fittedSignals=25
2026-10-10T10:51:14.5178981Z [Information] Sub-feas residual pass: residualDecodes=5 elapsedMs=5539 deadlineAbandoned=False containedException=False fittedSignals=25
2026-10-10T10:51:20.0536146Z [Information] Sub-feas residual pass: residualDecodes=3 elapsedMs=4939 deadlineAbandoned=False containedException=False fittedSignals=17
2026-10-10T10:51:26.8847390Z [Information] Sub-feas residual pass: residualDecodes=2 elapsedMs=6288 deadlineAbandoned=False containedException=False fittedSignals=20
2026-10-10T10:51:32.5981327Z [Information] Sub-feas residual pass: residualDecodes=6 elapsedMs=5056 deadlineAbandoned=False containedException=False fittedSignals=17
2026-10-10T10:51:38.0689613Z [Information] Sub-feas residual pass: residualDecodes=3 elapsedMs=4847 deadlineAbandoned=False containedException=False fittedSignals=14
2026-10-10T10:51:46.8939577Z [Information] Sub-feas residual pass: residualDecodes=3 elapsedMs=8174 deadlineAbandoned=False containedException=False fittedSignals=21
2026-10-10T10:51:55.5087078Z [Information] Sub-feas residual pass: residualDecodes=2 elapsedMs=8089 deadlineAbandoned=False containedException=False fittedSignals=22
2026-10-10T10:52:04.2520159Z [Information] Sub-feas residual pass: residualDecodes=6 elapsedMs=8229 deadlineAbandoned=False containedException=False fittedSignals=20
2026-10-10T10:52:13.2210080Z [Information] Sub-feas residual pass: residualDecodes=7 elapsedMs=8398 deadlineAbandoned=False containedException=False fittedSignals=20
2026-10-10T10:52:19.4191323Z [Information] Sub-feas residual pass: residualDecodes=5 elapsedMs=5546 deadlineAbandoned=False containedException=False fittedSignals=17
2026-10-10T10:52:24.8495951Z [Information] Sub-feas residual pass: residualDecodes=7 elapsedMs=4778 deadlineAbandoned=False containedException=False fittedSignals=17
2026-10-10T10:52:30.6760708Z [Information] Sub-feas residual pass: residualDecodes=9 elapsedMs=5164 deadlineAbandoned=False containedException=False fittedSignals=14
2026-10-10T10:52:36.1030664Z [Information] Sub-feas residual pass: residualDecodes=8 elapsedMs=4693 deadlineAbandoned=False containedException=False fittedSignals=14
2026-10-10T10:52:44.9665362Z [Information] Sub-feas residual pass: residualDecodes=8 elapsedMs=8293 deadlineAbandoned=False containedException=False fittedSignals=20
2026-10-10T10:52:52.8150568Z [Information] Sub-feas residual pass: residualDecodes=9 elapsedMs=7269 deadlineAbandoned=False containedException=False fittedSignals=18
2026-10-10T10:53:00.9145998Z [Information] Sub-feas residual pass: residualDecodes=3 elapsedMs=7579 deadlineAbandoned=False containedException=False fittedSignals=21
2026-10-10T10:53:09.0002725Z [Information] Sub-feas residual pass: residualDecodes=3 elapsedMs=7574 deadlineAbandoned=False containedException=False fittedSignals=21
2026-10-10T10:53:17.6113687Z [Information] Sub-feas residual pass: residualDecodes=3 elapsedMs=8073 deadlineAbandoned=False containedException=False fittedSignals=22
2026-10-10T10:53:26.1674909Z [Information] Sub-feas residual pass: residualDecodes=3 elapsedMs=8023 deadlineAbandoned=False containedException=False fittedSignals=22
2026-10-10T10:53:32.7007127Z [Information] Sub-feas residual pass: residualDecodes=6 elapsedMs=5957 deadlineAbandoned=False containedException=False fittedSignals=18
2026-10-10T10:53:39.1323525Z [Information] Sub-feas residual pass: residualDecodes=7 elapsedMs=5871 deadlineAbandoned=False containedException=False fittedSignals=18
2026-10-10T10:53:47.1747667Z [Information] Sub-feas residual pass: residualDecodes=2 elapsedMs=7511 deadlineAbandoned=False containedException=False fittedSignals=20
2026-10-10T10:53:55.1200214Z [Information] Sub-feas residual pass: residualDecodes=2 elapsedMs=7428 deadlineAbandoned=False containedException=False fittedSignals=21
2026-10-10T10:54:03.3239332Z [Information] Sub-feas residual pass: residualDecodes=5 elapsedMs=7666 deadlineAbandoned=False containedException=False fittedSignals=19
2026-10-10T10:54:11.5356175Z [Information] Sub-feas residual pass: residualDecodes=4 elapsedMs=7670 deadlineAbandoned=False containedException=False fittedSignals=19
2026-10-10T10:54:16.4119735Z [Information] Sub-feas residual pass: residualDecodes=2 elapsedMs=4284 deadlineAbandoned=False containedException=False fittedSignals=12
2026-10-10T10:54:21.3311231Z [Information] Sub-feas residual pass: residualDecodes=2 elapsedMs=4329 deadlineAbandoned=False containedException=False fittedSignals=12
2026-10-10T10:54:28.9201141Z [Information] Sub-feas residual pass: residualDecodes=4 elapsedMs=7049 deadlineAbandoned=False containedException=False fittedSignals=18
2026-10-10T10:54:34.2182725Z [Information] Sub-feas residual pass: residualDecodes=5 elapsedMs=4747 deadlineAbandoned=False containedException=False fittedSignals=17
2026-10-10T10:54:39.6176237Z [Information] Sub-feas residual pass: residualDecodes=4 elapsedMs=4884 deadlineAbandoned=False containedException=False fittedSignals=18
2026-10-10T10:54:45.0890702Z [Information] Sub-feas residual pass: residualDecodes=3 elapsedMs=4935 deadlineAbandoned=False containedException=False fittedSignals=19
2026-10-10T10:54:49.2447007Z [Information] Sub-feas residual pass: residualDecodes=3 elapsedMs=3640 deadlineAbandoned=False containedException=False fittedSignals=15
2026-10-10T10:54:53.3635894Z [Information] Sub-feas residual pass: residualDecodes=3 elapsedMs=3593 deadlineAbandoned=False containedException=False fittedSignals=15
2026-10-10T10:54:57.2563542Z [Information] Sub-feas residual pass: residualDecodes=4 elapsedMs=3345 deadlineAbandoned=False containedException=False fittedSignals=13
2026-10-10T10:55:01.1679174Z [Information] Sub-feas residual pass: residualDecodes=5 elapsedMs=3372 deadlineAbandoned=False containedException=False fittedSignals=13
2026-10-10T10:55:06.2480554Z [Information] Sub-feas residual pass: residualDecodes=4 elapsedMs=4509 deadlineAbandoned=False containedException=False fittedSignals=14
2026-10-10T10:55:11.3537320Z [Information] Sub-feas residual pass: residualDecodes=3 elapsedMs=4564 deadlineAbandoned=False containedException=False fittedSignals=16
2026-10-10T10:55:16.2087851Z [Information] Sub-feas residual pass: residualDecodes=4 elapsedMs=4378 deadlineAbandoned=False containedException=False fittedSignals=15
2026-10-10T10:55:21.0156203Z [Information] Sub-feas residual pass: residualDecodes=4 elapsedMs=4355 deadlineAbandoned=False containedException=False fittedSignals=15
2026-10-10T10:55:26.0071010Z [Information] Sub-feas residual pass: residualDecodes=2 elapsedMs=4456 deadlineAbandoned=False containedException=False fittedSignals=14
2026-10-10T10:55:30.9862036Z [Information] Sub-feas residual pass: residualDecodes=2 elapsedMs=4435 deadlineAbandoned=False containedException=False fittedSignals=15
2026-10-10T10:55:35.9016412Z [Information] Sub-feas residual pass: residualDecodes=6 elapsedMs=4337 deadlineAbandoned=False containedException=False fittedSignals=13
2026-10-10T10:55:40.8688581Z [Information] Sub-feas residual pass: residualDecodes=5 elapsedMs=4374 deadlineAbandoned=False containedException=False fittedSignals=13
2026-10-10T10:55:46.0205507Z [Information] Sub-feas residual pass: residualDecodes=4 elapsedMs=4569 deadlineAbandoned=False containedException=False fittedSignals=16
2026-10-10T10:55:51.1828314Z [Information] Sub-feas residual pass: residualDecodes=4 elapsedMs=4594 deadlineAbandoned=False containedException=False fittedSignals=16
2026-10-10T10:55:56.1286779Z [Information] Sub-feas residual pass: residualDecodes=6 elapsedMs=4380 deadlineAbandoned=False containedException=False fittedSignals=13
2026-10-10T10:56:01.0482399Z [Information] Sub-feas residual pass: residualDecodes=5 elapsedMs=4337 deadlineAbandoned=False containedException=False fittedSignals=11
2026-10-10T10:56:05.7679914Z [Information] Sub-feas residual pass: residualDecodes=1 elapsedMs=4239 deadlineAbandoned=False containedException=False fittedSignals=12
2026-10-10T10:56:10.5489848Z [Information] Sub-feas residual pass: residualDecodes=1 elapsedMs=4270 deadlineAbandoned=False containedException=False fittedSignals=12
2026-10-10T10:56:15.4535713Z [Information] Sub-feas residual pass: residualDecodes=0 elapsedMs=4299 deadlineAbandoned=False containedException=False fittedSignals=13
2026-10-10T10:56:20.4346476Z [Information] Sub-feas residual pass: residualDecodes=0 elapsedMs=4404 deadlineAbandoned=False containedException=False fittedSignals=12
2026-10-10T10:56:25.0550095Z [Information] Sub-feas residual pass: residualDecodes=2 elapsedMs=4137 deadlineAbandoned=False containedException=False fittedSignals=12
2026-10-10T10:56:29.7935353Z [Information] Sub-feas residual pass: residualDecodes=3 elapsedMs=4235 deadlineAbandoned=False containedException=False fittedSignals=12
2026-10-10T10:56:33.7476091Z [Information] Sub-feas residual pass: residualDecodes=6 elapsedMs=3452 deadlineAbandoned=False containedException=False fittedSignals=12
2026-10-10T10:56:37.5625639Z [Information] Sub-feas residual pass: residualDecodes=6 elapsedMs=3334 deadlineAbandoned=False containedException=False fittedSignals=13
2026-10-10T10:56:41.4954243Z [Information] Sub-feas residual pass: residualDecodes=0 elapsedMs=3514 deadlineAbandoned=False containedException=False fittedSignals=16
2026-10-10T10:56:45.4514477Z [Information] Sub-feas residual pass: residualDecodes=0 elapsedMs=3486 deadlineAbandoned=False containedException=False fittedSignals=16
2026-10-10T10:56:49.6545057Z [Information] Sub-feas residual pass: residualDecodes=0 elapsedMs=3692 deadlineAbandoned=False containedException=False fittedSignals=16
2026-10-10T10:56:53.8160241Z [Information] Sub-feas residual pass: residualDecodes=0 elapsedMs=3655 deadlineAbandoned=False containedException=False fittedSignals=16
2026-10-10T10:56:57.7361368Z [Information] Sub-feas residual pass: residualDecodes=2 elapsedMs=3360 deadlineAbandoned=False containedException=False fittedSignals=12
2026-10-10T10:57:01.7544582Z [Information] Sub-feas residual pass: residualDecodes=2 elapsedMs=3450 deadlineAbandoned=False containedException=False fittedSignals=13
2026-10-10T10:57:05.6250605Z [Information] Sub-feas residual pass: residualDecodes=4 elapsedMs=3307 deadlineAbandoned=False containedException=False fittedSignals=13
2026-10-10T10:57:09.4585472Z [Information] Sub-feas residual pass: residualDecodes=4 elapsedMs=3263 deadlineAbandoned=False containedException=False fittedSignals=12
2026-10-10T10:57:13.3040548Z [Information] Sub-feas residual pass: residualDecodes=3 elapsedMs=3316 deadlineAbandoned=False containedException=False fittedSignals=14
2026-10-10T10:57:17.2031218Z [Information] Sub-feas residual pass: residualDecodes=3 elapsedMs=3378 deadlineAbandoned=False containedException=False fittedSignals=14
2026-10-10T10:57:21.0673946Z [Information] Sub-feas residual pass: residualDecodes=4 elapsedMs=3353 deadlineAbandoned=False containedException=False fittedSignals=14
2026-10-10T10:57:25.6913506Z [Information] Sub-feas residual pass: residualDecodes=4 elapsedMs=4110 deadlineAbandoned=False containedException=False fittedSignals=14
2026-10-10T10:57:30.4986250Z [Information] Sub-feas residual pass: residualDecodes=3 elapsedMs=4328 deadlineAbandoned=False containedException=False fittedSignals=14
2026-10-10T10:57:35.3206212Z [Information] Sub-feas residual pass: residualDecodes=3 elapsedMs=4367 deadlineAbandoned=False containedException=False fittedSignals=15
2026-10-10T10:57:38.2870809Z [Information] Sub-feas residual pass: residualDecodes=3 elapsedMs=2492 deadlineAbandoned=False containedException=False fittedSignals=8
2026-10-10T10:57:41.2802202Z [Information] Sub-feas residual pass: residualDecodes=3 elapsedMs=2459 deadlineAbandoned=False containedException=False fittedSignals=8
2026-10-10T10:57:46.1607780Z [Information] Sub-feas residual pass: residualDecodes=2 elapsedMs=4352 deadlineAbandoned=False containedException=False fittedSignals=12
2026-10-10T10:57:51.0390315Z [Information] Sub-feas residual pass: residualDecodes=2 elapsedMs=4379 deadlineAbandoned=False containedException=False fittedSignals=12
2026-10-10T10:57:55.8489619Z [Information] Sub-feas residual pass: residualDecodes=3 elapsedMs=4295 deadlineAbandoned=False containedException=False fittedSignals=11
2026-10-10T10:58:00.6025364Z [Information] Sub-feas residual pass: residualDecodes=2 elapsedMs=4247 deadlineAbandoned=False containedException=False fittedSignals=12
2026-10-10T10:58:05.4019805Z [Information] Sub-feas residual pass: residualDecodes=0 elapsedMs=4292 deadlineAbandoned=False containedException=False fittedSignals=13
2026-10-10T10:58:10.2375664Z [Information] Sub-feas residual pass: residualDecodes=0 elapsedMs=4330 deadlineAbandoned=False containedException=False fittedSignals=13
2026-10-10T10:58:15.0863361Z [Information] Sub-feas residual pass: residualDecodes=1 elapsedMs=4358 deadlineAbandoned=False containedException=False fittedSignals=11
2026-10-10T10:58:19.9065642Z [Information] Sub-feas residual pass: residualDecodes=2 elapsedMs=4295 deadlineAbandoned=False containedException=False fittedSignals=11
2026-10-10T10:58:24.7699971Z [Information] Sub-feas residual pass: residualDecodes=2 elapsedMs=4401 deadlineAbandoned=False containedException=False fittedSignals=15
2026-10-10T10:58:29.5588078Z [Information] Sub-feas residual pass: residualDecodes=2 elapsedMs=4356 deadlineAbandoned=False containedException=False fittedSignals=15
2026-10-10T10:58:34.5785064Z [Information] Sub-feas residual pass: residualDecodes=1 elapsedMs=4528 deadlineAbandoned=False containedException=False fittedSignals=16
2026-10-10T10:58:39.6162833Z [Information] Sub-feas residual pass: residualDecodes=0 elapsedMs=4540 deadlineAbandoned=False containedException=False fittedSignals=16
2026-10-10T10:58:44.4799265Z [Information] Sub-feas residual pass: residualDecodes=1 elapsedMs=4314 deadlineAbandoned=False containedException=False fittedSignals=12
2026-10-10T10:58:49.2924804Z [Information] Sub-feas residual pass: residualDecodes=1 elapsedMs=4271 deadlineAbandoned=False containedException=False fittedSignals=12
2026-10-10T10:58:53.7807700Z [Information] Sub-feas residual pass: residualDecodes=2 elapsedMs=4090 deadlineAbandoned=False containedException=False fittedSignals=10
2026-10-10T10:58:58.2404692Z [Information] Sub-feas residual pass: residualDecodes=2 elapsedMs=4070 deadlineAbandoned=False containedException=False fittedSignals=10
2026-10-10T10:59:01.0113253Z [Information] Sub-feas residual pass: residualDecodes=2 elapsedMs=2360 deadlineAbandoned=False containedException=False fittedSignals=7
2026-10-10T10:59:03.6376611Z [Information] Sub-feas residual pass: residualDecodes=3 elapsedMs=2279 deadlineAbandoned=False containedException=False fittedSignals=7
2026-10-10T10:59:08.2870935Z [Information] Sub-feas residual pass: residualDecodes=1 elapsedMs=4179 deadlineAbandoned=False containedException=False fittedSignals=11
2026-10-10T10:59:12.3716116Z [Information] Sub-feas residual pass: residualDecodes=1 elapsedMs=3632 deadlineAbandoned=False containedException=False fittedSignals=9
2026-10-10T10:59:17.2729244Z [Information] Sub-feas residual pass: residualDecodes=5 elapsedMs=4440 deadlineAbandoned=False containedException=False fittedSignals=16
2026-10-10T10:59:22.2175377Z [Information] Sub-feas residual pass: residualDecodes=5 elapsedMs=4481 deadlineAbandoned=False containedException=False fittedSignals=15
2026-10-10T10:59:26.8635549Z [Information] Sub-feas residual pass: residualDecodes=1 elapsedMs=4222 deadlineAbandoned=False containedException=False fittedSignals=14
2026-10-10T10:59:31.5686012Z [Information] Sub-feas residual pass: residualDecodes=1 elapsedMs=4247 deadlineAbandoned=False containedException=False fittedSignals=14
2026-10-10T10:59:36.4023209Z [Information] Sub-feas residual pass: residualDecodes=5 elapsedMs=4306 deadlineAbandoned=False containedException=False fittedSignals=12
2026-10-10T10:59:41.1948969Z [Information] Sub-feas residual pass: residualDecodes=5 elapsedMs=4306 deadlineAbandoned=False containedException=False fittedSignals=12
2026-10-10T10:59:45.9509044Z [Information] Sub-feas residual pass: residualDecodes=4 elapsedMs=4211 deadlineAbandoned=False containedException=False fittedSignals=13
2026-10-10T10:59:50.6759863Z [Information] Sub-feas residual pass: residualDecodes=4 elapsedMs=4217 deadlineAbandoned=False containedException=False fittedSignals=13
2026-10-10T10:59:55.6698885Z [Information] Sub-feas residual pass: residualDecodes=2 elapsedMs=4485 deadlineAbandoned=False containedException=False fittedSignals=15
2026-10-10T11:00:00.5950135Z [Information] Sub-feas residual pass: residualDecodes=1 elapsedMs=4425 deadlineAbandoned=False containedException=False fittedSignals=15
2026-10-10T11:00:04.7516536Z [Information] Sub-feas residual pass: residualDecodes=2 elapsedMs=3562 deadlineAbandoned=False containedException=False fittedSignals=13
2026-10-10T11:00:09.5294339Z [Information] Sub-feas residual pass: residualDecodes=2 elapsedMs=4183 deadlineAbandoned=False containedException=False fittedSignals=13
2026-10-10T11:00:14.3093444Z [Information] Sub-feas residual pass: residualDecodes=3 elapsedMs=4265 deadlineAbandoned=False containedException=False fittedSignals=13
2026-10-10T11:00:19.0385052Z [Information] Sub-feas residual pass: residualDecodes=3 elapsedMs=4198 deadlineAbandoned=False containedException=False fittedSignals=13
2026-10-10T11:00:24.0714997Z [Information] Sub-feas residual pass: residualDecodes=1 elapsedMs=4510 deadlineAbandoned=False containedException=False fittedSignals=14
2026-10-10T11:00:28.9870342Z [Information] Sub-feas residual pass: residualDecodes=2 elapsedMs=4471 deadlineAbandoned=False containedException=False fittedSignals=15
2026-10-10T11:00:33.7012897Z [Information] Sub-feas residual pass: residualDecodes=3 elapsedMs=4251 deadlineAbandoned=False containedException=False fittedSignals=13
2026-10-10T11:00:39.8293438Z [Information] Sub-feas residual pass: residualDecodes=1 elapsedMs=5712 deadlineAbandoned=False containedException=False fittedSignals=17
2026-10-10T11:00:44.8745147Z [Information] Sub-feas residual pass: residualDecodes=3 elapsedMs=4510 deadlineAbandoned=False containedException=False fittedSignals=16
2026-10-10T11:00:49.7755781Z [Information] Sub-feas residual pass: residualDecodes=2 elapsedMs=4405 deadlineAbandoned=False containedException=False fittedSignals=15
2026-10-10T11:00:54.6758246Z [Information] Sub-feas residual pass: residualDecodes=2 elapsedMs=4387 deadlineAbandoned=False containedException=False fittedSignals=12
2026-10-10T11:00:59.4326796Z [Information] Sub-feas residual pass: residualDecodes=2 elapsedMs=4304 deadlineAbandoned=False containedException=False fittedSignals=13
2026-10-10T11:01:04.1845190Z [Information] Sub-feas residual pass: residualDecodes=2 elapsedMs=4351 deadlineAbandoned=False containedException=False fittedSignals=14
2026-10-10T11:01:08.9333339Z [Information] Sub-feas residual pass: residualDecodes=2 elapsedMs=4337 deadlineAbandoned=False containedException=False fittedSignals=15
2026-10-10T11:01:13.6662145Z [Information] Sub-feas residual pass: residualDecodes=5 elapsedMs=4265 deadlineAbandoned=False containedException=False fittedSignals=13
2026-10-10T11:01:18.2965852Z [Information] Sub-feas residual pass: residualDecodes=5 elapsedMs=4138 deadlineAbandoned=False containedException=False fittedSignals=12
2026-10-10T11:01:22.9710094Z [Information] Sub-feas residual pass: residualDecodes=3 elapsedMs=4213 deadlineAbandoned=False containedException=False fittedSignals=12
2026-10-10T11:01:27.4891494Z [Information] Sub-feas residual pass: residualDecodes=4 elapsedMs=4073 deadlineAbandoned=False containedException=False fittedSignals=11
2026-10-10T11:01:32.1536707Z [Information] Sub-feas residual pass: residualDecodes=2 elapsedMs=4257 deadlineAbandoned=False containedException=False fittedSignals=15
2026-10-10T11:01:36.7603010Z [Information] Sub-feas residual pass: residualDecodes=3 elapsedMs=4255 deadlineAbandoned=False containedException=False fittedSignals=15
2026-10-10T11:01:41.5459996Z [Information] Sub-feas residual pass: residualDecodes=1 elapsedMs=4375 deadlineAbandoned=False containedException=False fittedSignals=16
2026-10-10T11:01:46.2164969Z [Information] Sub-feas residual pass: residualDecodes=1 elapsedMs=4309 deadlineAbandoned=False containedException=False fittedSignals=16
2026-10-10T11:01:51.1199310Z [Information] Sub-feas residual pass: residualDecodes=2 elapsedMs=4402 deadlineAbandoned=False containedException=False fittedSignals=14
2026-10-10T11:01:56.0053074Z [Information] Sub-feas residual pass: residualDecodes=2 elapsedMs=4393 deadlineAbandoned=False containedException=False fittedSignals=14
2026-10-10T11:02:00.8863169Z [Information] Sub-feas residual pass: residualDecodes=4 elapsedMs=4428 deadlineAbandoned=False containedException=False fittedSignals=14
2026-10-10T11:02:05.7802389Z [Information] Sub-feas residual pass: residualDecodes=2 elapsedMs=4442 deadlineAbandoned=False containedException=False fittedSignals=15
2026-10-10T11:02:10.4409142Z [Information] Sub-feas residual pass: residualDecodes=2 elapsedMs=4228 deadlineAbandoned=False containedException=False fittedSignals=12
2026-10-10T11:02:15.0358434Z [Information] Sub-feas residual pass: residualDecodes=2 elapsedMs=4190 deadlineAbandoned=False containedException=False fittedSignals=13
2026-10-10T11:02:19.9935965Z [Information] Sub-feas residual pass: residualDecodes=4 elapsedMs=4448 deadlineAbandoned=False containedException=False fittedSignals=12
2026-10-10T11:02:24.7735094Z [Information] Sub-feas residual pass: residualDecodes=4 elapsedMs=4292 deadlineAbandoned=False containedException=False fittedSignals=13
2026-10-10T11:02:29.5054982Z [Information] Sub-feas residual pass: residualDecodes=1 elapsedMs=4284 deadlineAbandoned=False containedException=False fittedSignals=12
2026-10-10T11:02:34.3220254Z [Information] Sub-feas residual pass: residualDecodes=1 elapsedMs=4330 deadlineAbandoned=False containedException=False fittedSignals=12
2026-10-10T11:02:38.8657387Z [Information] Sub-feas residual pass: residualDecodes=0 elapsedMs=4097 deadlineAbandoned=False containedException=False fittedSignals=12
2026-10-10T11:02:43.4439728Z [Information] Sub-feas residual pass: residualDecodes=0 elapsedMs=4143 deadlineAbandoned=False containedException=False fittedSignals=12
2026-10-10T11:02:48.5166753Z [Information] Sub-feas residual pass: residualDecodes=3 elapsedMs=4511 deadlineAbandoned=False containedException=False fittedSignals=16
2026-10-10T11:02:54.6091085Z [Information] Sub-feas residual pass: residualDecodes=1 elapsedMs=5570 deadlineAbandoned=False containedException=False fittedSignals=17
2026-10-10T11:02:59.6483065Z [Information] Sub-feas residual pass: residualDecodes=3 elapsedMs=4449 deadlineAbandoned=False containedException=False fittedSignals=13
2026-10-10T11:03:04.7230810Z [Information] Sub-feas residual pass: residualDecodes=3 elapsedMs=4497 deadlineAbandoned=False containedException=False fittedSignals=15
2026-10-10T11:03:09.4452023Z [Information] Sub-feas residual pass: residualDecodes=4 elapsedMs=4291 deadlineAbandoned=False containedException=False fittedSignals=13
2026-10-10T11:03:13.9340969Z [Information] Sub-feas residual pass: residualDecodes=3 elapsedMs=4062 deadlineAbandoned=False containedException=False fittedSignals=12
2026-10-10T11:03:18.9121763Z [Information] Sub-feas residual pass: residualDecodes=3 elapsedMs=4407 deadlineAbandoned=False containedException=False fittedSignals=15
2026-10-10T11:03:23.9222470Z [Information] Sub-feas residual pass: residualDecodes=2 elapsedMs=4425 deadlineAbandoned=False containedException=False fittedSignals=15
2026-10-10T11:03:28.6117582Z [Information] Sub-feas residual pass: residualDecodes=3 elapsedMs=4259 deadlineAbandoned=False containedException=False fittedSignals=14
2026-10-10T11:03:33.3743896Z [Information] Sub-feas residual pass: residualDecodes=3 elapsedMs=4308 deadlineAbandoned=False containedException=False fittedSignals=14
2026-10-10T11:03:38.1675929Z [Information] Sub-feas residual pass: residualDecodes=2 elapsedMs=4250 deadlineAbandoned=False containedException=False fittedSignals=12
2026-10-10T11:03:42.9536453Z [Information] Sub-feas residual pass: residualDecodes=2 elapsedMs=4262 deadlineAbandoned=False containedException=False fittedSignals=12
2026-10-10T11:03:47.7607545Z [Information] Sub-feas residual pass: residualDecodes=1 elapsedMs=4342 deadlineAbandoned=False containedException=False fittedSignals=13
2026-10-10T11:03:52.5185252Z [Information] Sub-feas residual pass: residualDecodes=1 elapsedMs=4319 deadlineAbandoned=False containedException=False fittedSignals=12
2026-10-10T11:03:57.3054051Z [Information] Sub-feas residual pass: residualDecodes=3 elapsedMs=4343 deadlineAbandoned=False containedException=False fittedSignals=15
2026-10-10T11:04:02.0593150Z [Information] Sub-feas residual pass: residualDecodes=4 elapsedMs=4312 deadlineAbandoned=False containedException=False fittedSignals=15
2026-10-10T11:04:06.7761295Z [Information] Sub-feas residual pass: residualDecodes=2 elapsedMs=4229 deadlineAbandoned=False containedException=False fittedSignals=10
2026-10-10T11:04:11.5325649Z [Information] Sub-feas residual pass: residualDecodes=2 elapsedMs=4269 deadlineAbandoned=False containedException=False fittedSignals=10
2026-10-10T11:04:16.2635980Z [Information] Sub-feas residual pass: residualDecodes=3 elapsedMs=4301 deadlineAbandoned=False containedException=False fittedSignals=14
2026-10-10T11:04:21.1377259Z [Information] Sub-feas residual pass: residualDecodes=2 elapsedMs=4440 deadlineAbandoned=False containedException=False fittedSignals=15
2026-10-10T11:04:25.7886122Z [Information] Sub-feas residual pass: residualDecodes=2 elapsedMs=4212 deadlineAbandoned=False containedException=False fittedSignals=12
2026-10-10T11:04:30.3801622Z [Information] Sub-feas residual pass: residualDecodes=1 elapsedMs=4126 deadlineAbandoned=False containedException=False fittedSignals=11
2026-10-10T11:04:35.4419206Z [Information] Sub-feas residual pass: residualDecodes=4 elapsedMs=4539 deadlineAbandoned=False containedException=False fittedSignals=17
2026-10-10T11:04:40.5110336Z [Information] Sub-feas residual pass: residualDecodes=4 elapsedMs=4522 deadlineAbandoned=False containedException=False fittedSignals=17
2026-10-10T11:04:46.9105785Z [Information] Sub-feas residual pass: residualDecodes=3 elapsedMs=5851 deadlineAbandoned=False containedException=False fittedSignals=18
2026-10-10T11:04:53.3077711Z [Information] Sub-feas residual pass: residualDecodes=3 elapsedMs=5834 deadlineAbandoned=False containedException=False fittedSignals=18
2026-10-10T11:05:01.3513030Z [Information] Sub-feas residual pass: residualDecodes=2 elapsedMs=7535 deadlineAbandoned=False containedException=False fittedSignals=20
2026-10-10T11:05:07.6672236Z [Information] Sub-feas residual pass: residualDecodes=2 elapsedMs=5771 deadlineAbandoned=False containedException=False fittedSignals=18
2026-10-10T11:05:12.6783477Z [Information] Sub-feas residual pass: residualDecodes=1 elapsedMs=4555 deadlineAbandoned=False containedException=False fittedSignals=16
2026-10-10T11:05:17.6568292Z [Information] Sub-feas residual pass: residualDecodes=1 elapsedMs=4522 deadlineAbandoned=False containedException=False fittedSignals=16
2026-10-10T11:05:22.3374735Z [Information] Sub-feas residual pass: residualDecodes=0 elapsedMs=4245 deadlineAbandoned=False containedException=False fittedSignals=14
2026-10-10T11:05:27.0258007Z [Information] Sub-feas residual pass: residualDecodes=0 elapsedMs=4246 deadlineAbandoned=False containedException=False fittedSignals=15
2026-10-10T11:05:31.4654392Z [Information] Sub-feas residual pass: residualDecodes=2 elapsedMs=4073 deadlineAbandoned=False containedException=False fittedSignals=11
2026-10-10T11:05:35.4029899Z [Information] Sub-feas residual pass: residualDecodes=2 elapsedMs=3542 deadlineAbandoned=False containedException=False fittedSignals=10
2026-10-10T11:05:39.2766983Z [Information] Sub-feas residual pass: residualDecodes=2 elapsedMs=3534 deadlineAbandoned=False containedException=False fittedSignals=10
2026-10-10T11:05:43.6618891Z [Information] Sub-feas residual pass: residualDecodes=1 elapsedMs=4041 deadlineAbandoned=False containedException=False fittedSignals=12
2026-10-10T11:05:47.6116212Z [Information] Sub-feas residual pass: residualDecodes=1 elapsedMs=3605 deadlineAbandoned=False containedException=False fittedSignals=10
2026-10-10T11:05:51.4453952Z [Information] Sub-feas residual pass: residualDecodes=1 elapsedMs=3553 deadlineAbandoned=False containedException=False fittedSignals=10
2026-10-10T11:05:54.0189418Z [Information] Sub-feas residual pass: residualDecodes=0 elapsedMs=2309 deadlineAbandoned=False containedException=False fittedSignals=8
2026-10-10T11:05:56.5583673Z [Information] Sub-feas residual pass: residualDecodes=0 elapsedMs=2317 deadlineAbandoned=False containedException=False fittedSignals=8
2026-10-10T11:06:00.4891792Z [Information] Sub-feas residual pass: residualDecodes=1 elapsedMs=3562 deadlineAbandoned=False containedException=False fittedSignals=9
2026-10-10T11:06:04.8684780Z [Information] Sub-feas residual pass: residualDecodes=1 elapsedMs=4094 deadlineAbandoned=False containedException=False fittedSignals=10
2026-10-10T11:06:09.8551954Z [Information] Sub-feas residual pass: residualDecodes=5 elapsedMs=4429 deadlineAbandoned=False containedException=False fittedSignals=15
2026-10-10T11:06:14.8768093Z [Information] Sub-feas residual pass: residualDecodes=3 elapsedMs=4422 deadlineAbandoned=False containedException=False fittedSignals=15
2026-10-10T11:06:19.2920870Z [Information] Sub-feas residual pass: residualDecodes=3 elapsedMs=4119 deadlineAbandoned=False containedException=False fittedSignals=12
2026-10-10T11:06:23.7863475Z [Information] Sub-feas residual pass: residualDecodes=3 elapsedMs=4174 deadlineAbandoned=False containedException=False fittedSignals=12
2026-10-10T11:06:28.5288782Z [Information] Sub-feas residual pass: residualDecodes=3 elapsedMs=4318 deadlineAbandoned=False containedException=False fittedSignals=16
2026-10-10T11:06:33.2389247Z [Information] Sub-feas residual pass: residualDecodes=3 elapsedMs=4283 deadlineAbandoned=False containedException=False fittedSignals=16
2026-10-10T11:06:40.6226160Z [Information] Sub-feas residual pass: residualDecodes=4 elapsedMs=6955 deadlineAbandoned=False containedException=False fittedSignals=18
2026-10-10T11:06:47.9548457Z [Information] Sub-feas residual pass: residualDecodes=3 elapsedMs=6892 deadlineAbandoned=False containedException=False fittedSignals=18
2026-10-10T11:06:52.8508766Z [Information] Sub-feas residual pass: residualDecodes=2 elapsedMs=4436 deadlineAbandoned=False containedException=False fittedSignals=16
2026-10-10T11:06:58.9537378Z [Information] Sub-feas residual pass: residualDecodes=2 elapsedMs=5652 deadlineAbandoned=False containedException=False fittedSignals=17
2026-10-10T11:07:03.6861951Z [Information] Sub-feas residual pass: residualDecodes=1 elapsedMs=4298 deadlineAbandoned=False containedException=False fittedSignals=15
2026-10-10T11:07:08.5046608Z [Information] Sub-feas residual pass: residualDecodes=1 elapsedMs=4353 deadlineAbandoned=False containedException=False fittedSignals=15
2026-10-10T11:07:15.1800197Z [Information] Sub-feas residual pass: residualDecodes=0 elapsedMs=6266 deadlineAbandoned=False containedException=False fittedSignals=19
2026-10-10T11:07:21.2681957Z [Information] Sub-feas residual pass: residualDecodes=1 elapsedMs=5655 deadlineAbandoned=False containedException=False fittedSignals=18
2026-10-10T11:07:25.3961106Z [Information] Sub-feas residual pass: residualDecodes=3 elapsedMs=3672 deadlineAbandoned=False containedException=False fittedSignals=10
2026-10-10T11:07:30.0926569Z [Information] Sub-feas residual pass: residualDecodes=3 elapsedMs=4245 deadlineAbandoned=False containedException=False fittedSignals=11
2026-10-10T11:07:34.7891912Z [Information] Sub-feas residual pass: residualDecodes=3 elapsedMs=4219 deadlineAbandoned=False containedException=False fittedSignals=11
2026-10-10T11:07:39.4536094Z [Information] Sub-feas residual pass: residualDecodes=5 elapsedMs=4170 deadlineAbandoned=False containedException=False fittedSignals=11
2026-10-10T11:07:44.3018223Z [Information] Sub-feas residual pass: residualDecodes=3 elapsedMs=4308 deadlineAbandoned=False containedException=False fittedSignals=15
2026-10-10T11:07:49.0757750Z [Information] Sub-feas residual pass: residualDecodes=3 elapsedMs=4281 deadlineAbandoned=False containedException=False fittedSignals=14
2026-10-10T11:07:53.9352843Z [Information] Sub-feas residual pass: residualDecodes=5 elapsedMs=4331 deadlineAbandoned=False containedException=False fittedSignals=13
2026-10-10T11:07:58.8056734Z [Information] Sub-feas residual pass: residualDecodes=4 elapsedMs=4376 deadlineAbandoned=False containedException=False fittedSignals=13
2026-10-10T11:08:06.1464517Z [Information] Sub-feas residual pass: residualDecodes=0 elapsedMs=6875 deadlineAbandoned=False containedException=False fittedSignals=18
2026-10-10T11:08:13.4597826Z [Information] Sub-feas residual pass: residualDecodes=0 elapsedMs=6872 deadlineAbandoned=False containedException=False fittedSignals=18
2026-10-10T11:08:18.2653330Z [Information] Sub-feas residual pass: residualDecodes=1 elapsedMs=4216 deadlineAbandoned=False containedException=False fittedSignals=11
2026-10-10T11:08:23.2858544Z [Information] Sub-feas residual pass: residualDecodes=1 elapsedMs=4419 deadlineAbandoned=False containedException=False fittedSignals=12
2026-10-10T11:08:28.3358002Z [Information] Sub-feas residual pass: residualDecodes=4 elapsedMs=4462 deadlineAbandoned=False containedException=False fittedSignals=13
2026-10-10T11:08:33.3933798Z [Information] Sub-feas residual pass: residualDecodes=4 elapsedMs=4443 deadlineAbandoned=False containedException=False fittedSignals=13
2026-10-10T11:08:38.2401463Z [Information] Sub-feas residual pass: residualDecodes=3 elapsedMs=4366 deadlineAbandoned=False containedException=False fittedSignals=15
2026-10-10T11:08:42.8396249Z [Information] Sub-feas residual pass: residualDecodes=2 elapsedMs=4140 deadlineAbandoned=False containedException=False fittedSignals=13
2026-10-10T11:08:47.6171876Z [Information] Sub-feas residual pass: residualDecodes=3 elapsedMs=4266 deadlineAbandoned=False containedException=False fittedSignals=11
2026-10-10T11:08:52.6265085Z [Information] Sub-feas residual pass: residualDecodes=4 elapsedMs=4442 deadlineAbandoned=False containedException=False fittedSignals=12
2026-10-10T11:08:58.8009276Z [Information] Sub-feas residual pass: residualDecodes=4 elapsedMs=5615 deadlineAbandoned=False containedException=False fittedSignals=18
2026-10-10T11:09:05.0523310Z [Information] Sub-feas residual pass: residualDecodes=4 elapsedMs=5730 deadlineAbandoned=False containedException=False fittedSignals=18
2026-10-10T11:09:10.0407305Z [Information] Sub-feas residual pass: residualDecodes=4 elapsedMs=4452 deadlineAbandoned=False containedException=False fittedSignals=17
2026-10-10T11:09:16.2429221Z [Information] Sub-feas residual pass: residualDecodes=4 elapsedMs=5683 deadlineAbandoned=False containedException=False fittedSignals=18
2026-10-10T11:09:21.0826644Z [Information] Sub-feas residual pass: residualDecodes=0 elapsedMs=4371 deadlineAbandoned=False containedException=False fittedSignals=12
2026-10-10T11:09:25.9627960Z [Information] Sub-feas residual pass: residualDecodes=0 elapsedMs=4391 deadlineAbandoned=False containedException=False fittedSignals=12
2026-10-10T11:09:30.6298002Z [Information] Sub-feas residual pass: residualDecodes=2 elapsedMs=4217 deadlineAbandoned=False containedException=False fittedSignals=11
2026-10-10T11:09:35.2457214Z [Information] Sub-feas residual pass: residualDecodes=2 elapsedMs=4176 deadlineAbandoned=False containedException=False fittedSignals=11
2026-10-10T11:09:40.0710769Z [Information] Sub-feas residual pass: residualDecodes=5 elapsedMs=4294 deadlineAbandoned=False containedException=False fittedSignals=12
2026-10-10T11:09:45.0045954Z [Information] Sub-feas residual pass: residualDecodes=4 elapsedMs=4427 deadlineAbandoned=False containedException=False fittedSignals=14
2026-10-10T11:09:50.7971396Z [Information] Sub-feas residual pass: residualDecodes=3 elapsedMs=5292 deadlineAbandoned=False containedException=False fittedSignals=17
2026-10-10T11:09:56.4558443Z [Information] Sub-feas residual pass: residualDecodes=4 elapsedMs=5200 deadlineAbandoned=False containedException=False fittedSignals=17
2026-10-10T11:10:01.4181595Z [Information] Sub-feas residual pass: residualDecodes=5 elapsedMs=4370 deadlineAbandoned=False containedException=False fittedSignals=15
2026-10-10T11:10:06.2898342Z [Information] Sub-feas residual pass: residualDecodes=2 elapsedMs=4281 deadlineAbandoned=False containedException=False fittedSignals=13
2026-10-10T11:10:11.4368383Z [Information] Sub-feas residual pass: residualDecodes=4 elapsedMs=4567 deadlineAbandoned=False containedException=False fittedSignals=17
2026-10-10T11:10:16.5565527Z [Information] Sub-feas residual pass: residualDecodes=4 elapsedMs=4540 deadlineAbandoned=False containedException=False fittedSignals=17
2026-10-10T11:10:21.2688067Z [Information] Sub-feas residual pass: residualDecodes=5 elapsedMs=4240 deadlineAbandoned=False containedException=False fittedSignals=13
2026-10-10T11:10:26.1558584Z [Information] Sub-feas residual pass: residualDecodes=4 elapsedMs=4375 deadlineAbandoned=False containedException=False fittedSignals=14
2026-10-10T11:10:31.0713312Z [Information] Sub-feas residual pass: residualDecodes=3 elapsedMs=4417 deadlineAbandoned=False containedException=False fittedSignals=14
2026-10-10T11:10:35.9767594Z [Information] Sub-feas residual pass: residualDecodes=3 elapsedMs=4401 deadlineAbandoned=False containedException=False fittedSignals=14
2026-10-10T11:10:40.5972261Z [Information] Sub-feas residual pass: residualDecodes=1 elapsedMs=4164 deadlineAbandoned=False containedException=False fittedSignals=12
2026-10-10T11:10:45.1641045Z [Information] Sub-feas residual pass: residualDecodes=1 elapsedMs=4083 deadlineAbandoned=False containedException=False fittedSignals=12
2026-10-10T11:10:49.9980975Z [Information] Sub-feas residual pass: residualDecodes=2 elapsedMs=4389 deadlineAbandoned=False containedException=False fittedSignals=13
2026-10-10T11:10:54.7652713Z [Information] Sub-feas residual pass: residualDecodes=1 elapsedMs=4324 deadlineAbandoned=False containedException=False fittedSignals=14
2026-10-10T11:10:59.8139124Z [Information] Sub-feas residual pass: residualDecodes=3 elapsedMs=4459 deadlineAbandoned=False containedException=False fittedSignals=13
2026-10-10T11:11:04.7534648Z [Information] Sub-feas residual pass: residualDecodes=2 elapsedMs=4376 deadlineAbandoned=False containedException=False fittedSignals=14
2026-10-10T11:11:09.6003901Z [Information] Sub-feas residual pass: residualDecodes=3 elapsedMs=4301 deadlineAbandoned=False containedException=False fittedSignals=12
2026-10-10T11:11:14.3509856Z [Information] Sub-feas residual pass: residualDecodes=3 elapsedMs=4215 deadlineAbandoned=False containedException=False fittedSignals=12
2026-10-10T11:11:18.9452172Z [Information] Sub-feas residual pass: residualDecodes=2 elapsedMs=4123 deadlineAbandoned=False containedException=False fittedSignals=11
2026-10-10T11:11:23.5329862Z [Information] Sub-feas residual pass: residualDecodes=2 elapsedMs=4133 deadlineAbandoned=False containedException=False fittedSignals=11
2026-10-10T11:11:26.4620631Z [Information] Sub-feas residual pass: residualDecodes=1 elapsedMs=2397 deadlineAbandoned=False containedException=False fittedSignals=7
2026-10-10T11:11:29.3875701Z [Information] Sub-feas residual pass: residualDecodes=1 elapsedMs=2392 deadlineAbandoned=False containedException=False fittedSignals=7
2026-10-10T11:11:32.4218856Z [Information] Sub-feas residual pass: residualDecodes=0 elapsedMs=2451 deadlineAbandoned=False containedException=False fittedSignals=8
2026-10-10T11:11:35.4896587Z [Information] Sub-feas residual pass: residualDecodes=0 elapsedMs=2447 deadlineAbandoned=False containedException=False fittedSignals=8
2026-10-10T11:11:39.9226722Z [Information] Sub-feas residual pass: residualDecodes=1 elapsedMs=3942 deadlineAbandoned=False containedException=False fittedSignals=10
2026-10-10T11:11:43.6226013Z [Information] Sub-feas residual pass: residualDecodes=3 elapsedMs=3237 deadlineAbandoned=False containedException=False fittedSignals=9
2026-10-10T11:11:47.2030871Z [Information] Sub-feas residual pass: residualDecodes=2 elapsedMs=3136 deadlineAbandoned=False containedException=False fittedSignals=10
2026-10-10T11:11:49.9910760Z [Information] Sub-feas residual pass: residualDecodes=3 elapsedMs=2329 deadlineAbandoned=False containedException=False fittedSignals=9
2026-10-10T11:11:54.5479705Z [Information] Sub-feas residual pass: residualDecodes=3 elapsedMs=4129 deadlineAbandoned=False containedException=False fittedSignals=10
2026-10-10T11:11:59.1587971Z [Information] Sub-feas residual pass: residualDecodes=3 elapsedMs=4191 deadlineAbandoned=False containedException=False fittedSignals=10
2026-10-10T11:12:03.9100083Z [Information] Sub-feas residual pass: residualDecodes=3 elapsedMs=4234 deadlineAbandoned=False containedException=False fittedSignals=13
2026-10-10T11:12:08.6873758Z [Information] Sub-feas residual pass: residualDecodes=3 elapsedMs=4271 deadlineAbandoned=False containedException=False fittedSignals=13
2026-10-10T11:12:13.3816976Z [Information] Sub-feas residual pass: residualDecodes=2 elapsedMs=4160 deadlineAbandoned=False containedException=False fittedSignals=11
2026-10-10T11:12:18.0185472Z [Information] Sub-feas residual pass: residualDecodes=2 elapsedMs=4108 deadlineAbandoned=False containedException=False fittedSignals=12
2026-10-10T11:12:22.0797630Z [Information] Sub-feas residual pass: residualDecodes=1 elapsedMs=3614 deadlineAbandoned=False containedException=False fittedSignals=9
2026-10-10T11:12:24.8659558Z [Information] Sub-feas residual pass: residualDecodes=2 elapsedMs=2317 deadlineAbandoned=False containedException=False fittedSignals=7
2026-10-10T11:12:28.6826162Z [Information] Sub-feas residual pass: residualDecodes=1 elapsedMs=3540 deadlineAbandoned=False containedException=False fittedSignals=9
2026-10-10T11:12:31.2899224Z [Information] Sub-feas residual pass: residualDecodes=1 elapsedMs=2293 deadlineAbandoned=False containedException=False fittedSignals=8
2026-10-10T11:12:35.7197991Z [Information] Sub-feas residual pass: residualDecodes=2 elapsedMs=4033 deadlineAbandoned=False containedException=False fittedSignals=11
2026-10-10T11:12:40.2332029Z [Information] Sub-feas residual pass: residualDecodes=2 elapsedMs=4042 deadlineAbandoned=False containedException=False fittedSignals=11
2026-10-10T11:12:44.8897043Z [Information] Sub-feas residual pass: residualDecodes=2 elapsedMs=4125 deadlineAbandoned=False containedException=False fittedSignals=11
2026-10-10T11:12:49.6148072Z [Information] Sub-feas residual pass: residualDecodes=2 elapsedMs=4179 deadlineAbandoned=False containedException=False fittedSignals=10
2026-10-10T11:12:53.9530027Z [Information] Sub-feas residual pass: residualDecodes=1 elapsedMs=3751 deadlineAbandoned=False containedException=False fittedSignals=9
2026-10-10T11:12:58.2768429Z [Information] Sub-feas residual pass: residualDecodes=1 elapsedMs=3808 deadlineAbandoned=False containedException=False fittedSignals=9
2026-10-10T11:13:01.1995439Z [Information] Sub-feas residual pass: residualDecodes=2 elapsedMs=2490 deadlineAbandoned=False containedException=False fittedSignals=9
2026-10-10T11:13:05.4956878Z [Information] Sub-feas residual pass: residualDecodes=2 elapsedMs=3793 deadlineAbandoned=False containedException=False fittedSignals=10
2026-10-10T11:13:08.1864370Z [Information] Sub-feas residual pass: residualDecodes=0 elapsedMs=2270 deadlineAbandoned=False containedException=False fittedSignals=6
2026-10-10T11:13:10.9497498Z [Information] Sub-feas residual pass: residualDecodes=1 elapsedMs=2336 deadlineAbandoned=False containedException=False fittedSignals=6
2026-10-10T11:13:14.9529349Z [Information] Sub-feas residual pass: residualDecodes=1 elapsedMs=3606 deadlineAbandoned=False containedException=False fittedSignals=9
2026-10-10T11:13:17.7553825Z [Information] Sub-feas residual pass: residualDecodes=1 elapsedMs=2390 deadlineAbandoned=False containedException=False fittedSignals=8
2026-10-10T11:13:22.5114528Z [Information] Sub-feas residual pass: residualDecodes=1 elapsedMs=4299 deadlineAbandoned=False containedException=False fittedSignals=13
2026-10-10T11:13:27.0893640Z [Information] Sub-feas residual pass: residualDecodes=1 elapsedMs=4136 deadlineAbandoned=False containedException=False fittedSignals=12
2026-10-10T11:13:29.9571711Z [Information] Sub-feas residual pass: residualDecodes=1 elapsedMs=2404 deadlineAbandoned=False containedException=False fittedSignals=8
2026-10-10T11:13:32.7751149Z [Information] Sub-feas residual pass: residualDecodes=1 elapsedMs=2391 deadlineAbandoned=False containedException=False fittedSignals=8
2026-10-10T11:13:37.3296826Z [Information] Sub-feas residual pass: residualDecodes=2 elapsedMs=4174 deadlineAbandoned=False containedException=False fittedSignals=10
2026-10-10T11:13:41.3724605Z [Information] Sub-feas residual pass: residualDecodes=2 elapsedMs=3652 deadlineAbandoned=False containedException=False fittedSignals=9
2026-10-10T11:13:44.0609998Z [Information] Sub-feas residual pass: residualDecodes=1 elapsedMs=2372 deadlineAbandoned=False containedException=False fittedSignals=9
2026-10-10T11:13:46.6718197Z [Information] Sub-feas residual pass: residualDecodes=1 elapsedMs=2317 deadlineAbandoned=False containedException=False fittedSignals=9
2026-10-10T11:13:51.3440333Z [Information] Sub-feas residual pass: residualDecodes=0 elapsedMs=4241 deadlineAbandoned=False containedException=False fittedSignals=10
2026-10-10T11:13:55.5068917Z [Information] Sub-feas residual pass: residualDecodes=0 elapsedMs=3721 deadlineAbandoned=False containedException=False fittedSignals=9
2026-10-10T11:13:58.1491821Z [Information] Sub-feas residual pass: residualDecodes=1 elapsedMs=2247 deadlineAbandoned=False containedException=False fittedSignals=6
2026-10-10T11:14:00.8531299Z [Information] Sub-feas residual pass: residualDecodes=1 elapsedMs=2274 deadlineAbandoned=False containedException=False fittedSignals=7
2026-10-10T11:14:03.4803417Z [Information] Sub-feas residual pass: residualDecodes=2 elapsedMs=2229 deadlineAbandoned=False containedException=False fittedSignals=6
2026-10-10T11:14:06.1097581Z [Information] Sub-feas residual pass: residualDecodes=2 elapsedMs=2224 deadlineAbandoned=False containedException=False fittedSignals=6
2026-10-10T11:14:08.7391015Z [Information] Sub-feas residual pass: residualDecodes=1 elapsedMs=2328 deadlineAbandoned=False containedException=False fittedSignals=8
2026-10-10T11:14:11.3275943Z [Information] Sub-feas residual pass: residualDecodes=3 elapsedMs=2316 deadlineAbandoned=False containedException=False fittedSignals=8
2026-10-10T11:14:13.9292239Z [Information] Sub-feas residual pass: residualDecodes=1 elapsedMs=2317 deadlineAbandoned=False containedException=False fittedSignals=8
2026-10-10T11:14:16.5748134Z [Information] Sub-feas residual pass: residualDecodes=1 elapsedMs=2333 deadlineAbandoned=False containedException=False fittedSignals=8
2026-10-10T11:14:19.3393714Z [Information] Sub-feas residual pass: residualDecodes=0 elapsedMs=2370 deadlineAbandoned=False containedException=False fittedSignals=6
2026-10-10T11:14:21.9089713Z [Information] Sub-feas residual pass: residualDecodes=1 elapsedMs=2218 deadlineAbandoned=False containedException=False fittedSignals=5
2026-10-10T11:14:24.6387498Z [Information] Sub-feas residual pass: residualDecodes=3 elapsedMs=2358 deadlineAbandoned=False containedException=False fittedSignals=8
2026-10-10T11:14:27.3359943Z [Information] Sub-feas residual pass: residualDecodes=3 elapsedMs=2349 deadlineAbandoned=False containedException=False fittedSignals=8
2026-10-10T11:14:31.9879573Z [Information] Sub-feas residual pass: residualDecodes=1 elapsedMs=4204 deadlineAbandoned=False containedException=False fittedSignals=11
2026-10-10T11:14:36.6439700Z [Information] Sub-feas residual pass: residualDecodes=1 elapsedMs=4210 deadlineAbandoned=False containedException=False fittedSignals=11
2026-10-10T11:14:39.5908157Z [Information] Sub-feas residual pass: residualDecodes=1 elapsedMs=2345 deadlineAbandoned=False containedException=False fittedSignals=7
2026-10-10T11:14:42.5777721Z [Information] Sub-feas residual pass: residualDecodes=1 elapsedMs=2435 deadlineAbandoned=False containedException=False fittedSignals=9
2026-10-10T11:14:46.8038319Z [Information] Sub-feas residual pass: residualDecodes=1 elapsedMs=3668 deadlineAbandoned=False containedException=False fittedSignals=9
2026-10-10T11:14:51.0326722Z [Information] Sub-feas residual pass: residualDecodes=1 elapsedMs=3676 deadlineAbandoned=False containedException=False fittedSignals=9
2026-10-10T11:14:55.5970857Z [Information] Sub-feas residual pass: residualDecodes=3 elapsedMs=4084 deadlineAbandoned=False containedException=False fittedSignals=11
2026-10-10T11:15:00.1708617Z [Information] Sub-feas residual pass: residualDecodes=3 elapsedMs=4117 deadlineAbandoned=False containedException=False fittedSignals=11
2026-10-10T11:15:04.6583433Z [Information] Sub-feas residual pass: residualDecodes=0 elapsedMs=4120 deadlineAbandoned=False containedException=False fittedSignals=11
2026-10-10T11:15:09.1574915Z [Information] Sub-feas residual pass: residualDecodes=1 elapsedMs=4035 deadlineAbandoned=False containedException=False fittedSignals=11
2026-10-10T11:15:12.0497138Z [Information] Sub-feas residual pass: residualDecodes=1 elapsedMs=2366 deadlineAbandoned=False containedException=False fittedSignals=8
2026-10-10T11:15:14.9008991Z [Information] Sub-feas residual pass: residualDecodes=1 elapsedMs=2311 deadlineAbandoned=False containedException=False fittedSignals=8
2026-10-10T11:15:19.0346692Z [Information] Sub-feas residual pass: residualDecodes=2 elapsedMs=3678 deadlineAbandoned=False containedException=False fittedSignals=9
2026-10-10T11:15:21.9475247Z [Information] Sub-feas residual pass: residualDecodes=2 elapsedMs=2449 deadlineAbandoned=False containedException=False fittedSignals=8
2026-10-10T11:15:26.1950778Z [Information] Sub-feas residual pass: residualDecodes=1 elapsedMs=3771 deadlineAbandoned=False containedException=False fittedSignals=9
2026-10-10T11:15:30.4269001Z [Information] Sub-feas residual pass: residualDecodes=1 elapsedMs=3752 deadlineAbandoned=False containedException=False fittedSignals=9
2026-10-10T11:15:33.4451097Z [Information] Sub-feas residual pass: residualDecodes=2 elapsedMs=2505 deadlineAbandoned=False containedException=False fittedSignals=8
2026-10-10T11:15:36.4103609Z [Information] Sub-feas residual pass: residualDecodes=2 elapsedMs=2483 deadlineAbandoned=False containedException=False fittedSignals=8
2026-10-10T11:15:40.5921232Z [Information] Sub-feas residual pass: residualDecodes=1 elapsedMs=3668 deadlineAbandoned=False containedException=False fittedSignals=9
2026-10-10T11:15:44.7581307Z [Information] Sub-feas residual pass: residualDecodes=1 elapsedMs=3670 deadlineAbandoned=False containedException=False fittedSignals=9
2026-10-10T11:15:47.4443307Z [Information] Sub-feas residual pass: residualDecodes=0 elapsedMs=2343 deadlineAbandoned=False containedException=False fittedSignals=8
2026-10-10T11:15:50.1171336Z [Information] Sub-feas residual pass: residualDecodes=0 elapsedMs=2336 deadlineAbandoned=False containedException=False fittedSignals=8
2026-10-10T11:15:54.8054650Z [Information] Sub-feas residual pass: residualDecodes=1 elapsedMs=4273 deadlineAbandoned=False containedException=False fittedSignals=13
2026-10-10T11:15:58.9394446Z [Information] Sub-feas residual pass: residualDecodes=1 elapsedMs=3734 deadlineAbandoned=False containedException=False fittedSignals=10
2026-10-10T11:16:03.7180165Z [Information] Sub-feas residual pass: residualDecodes=0 elapsedMs=4311 deadlineAbandoned=False containedException=False fittedSignals=12
2026-10-10T11:16:08.3395242Z [Information] Sub-feas residual pass: residualDecodes=1 elapsedMs=4123 deadlineAbandoned=False containedException=False fittedSignals=11
2026-10-10T11:16:12.9326215Z [Information] Sub-feas residual pass: residualDecodes=1 elapsedMs=4228 deadlineAbandoned=False containedException=False fittedSignals=13
2026-10-10T11:16:17.4767505Z [Information] Sub-feas residual pass: residualDecodes=1 elapsedMs=4114 deadlineAbandoned=False containedException=False fittedSignals=12
2026-10-10T11:16:22.1162474Z [Information] Sub-feas residual pass: residualDecodes=1 elapsedMs=4289 deadlineAbandoned=False containedException=False fittedSignals=13
2026-10-10T11:16:26.7454988Z [Information] Sub-feas residual pass: residualDecodes=1 elapsedMs=4261 deadlineAbandoned=False containedException=False fittedSignals=13
2026-10-10T11:16:31.5696762Z [Information] Sub-feas residual pass: residualDecodes=3 elapsedMs=4302 deadlineAbandoned=False containedException=False fittedSignals=10
2026-10-10T11:16:36.1030561Z [Information] Sub-feas residual pass: residualDecodes=4 elapsedMs=4000 deadlineAbandoned=False containedException=False fittedSignals=10
2026-10-10T11:16:41.1629757Z [Information] Sub-feas residual pass: residualDecodes=2 elapsedMs=4528 deadlineAbandoned=False containedException=False fittedSignals=15
2026-10-10T11:16:46.2170291Z [Information] Sub-feas residual pass: residualDecodes=3 elapsedMs=4546 deadlineAbandoned=False containedException=False fittedSignals=15
2026-10-10T11:16:50.7110472Z [Information] Sub-feas residual pass: residualDecodes=0 elapsedMs=4147 deadlineAbandoned=False containedException=False fittedSignals=10
2026-10-10T11:16:55.3158785Z [Information] Sub-feas residual pass: residualDecodes=0 elapsedMs=4196 deadlineAbandoned=False containedException=False fittedSignals=10
2026-10-10T11:17:00.1810563Z [Information] Sub-feas residual pass: residualDecodes=1 elapsedMs=4365 deadlineAbandoned=False containedException=False fittedSignals=13
2026-10-10T11:17:04.9819699Z [Information] Sub-feas residual pass: residualDecodes=1 elapsedMs=4295 deadlineAbandoned=False containedException=False fittedSignals=13
2026-10-10T11:17:11.6917126Z [Information] Sub-feas residual pass: residualDecodes=1 elapsedMs=6167 deadlineAbandoned=False containedException=False fittedSignals=18
2026-10-10T11:17:18.4103436Z [Information] Sub-feas residual pass: residualDecodes=1 elapsedMs=6183 deadlineAbandoned=False containedException=False fittedSignals=18
2026-10-10T11:17:23.2718816Z [Information] Sub-feas residual pass: residualDecodes=1 elapsedMs=4347 deadlineAbandoned=False containedException=False fittedSignals=12
2026-10-10T11:17:28.1807847Z [Information] Sub-feas residual pass: residualDecodes=1 elapsedMs=4390 deadlineAbandoned=False containedException=False fittedSignals=12
2026-10-10T11:17:34.5808530Z [Information] Sub-feas residual pass: residualDecodes=2 elapsedMs=5899 deadlineAbandoned=False containedException=False fittedSignals=18
2026-10-10T11:17:39.6502655Z [Information] Sub-feas residual pass: residualDecodes=1 elapsedMs=4569 deadlineAbandoned=False containedException=False fittedSignals=17
2026-10-10T11:17:44.8520815Z [Information] Sub-feas residual pass: residualDecodes=2 elapsedMs=4620 deadlineAbandoned=False containedException=False fittedSignals=16
2026-10-10T11:17:50.1287525Z [Information] Sub-feas residual pass: residualDecodes=2 elapsedMs=4702 deadlineAbandoned=False containedException=False fittedSignals=17
2026-10-10T11:17:55.3384101Z [Information] Sub-feas residual pass: residualDecodes=1 elapsedMs=4639 deadlineAbandoned=False containedException=False fittedSignals=15
2026-10-10T11:18:00.5483333Z [Information] Sub-feas residual pass: residualDecodes=1 elapsedMs=4678 deadlineAbandoned=False containedException=False fittedSignals=15
2026-10-10T11:18:05.3941843Z [Information] Sub-feas residual pass: residualDecodes=1 elapsedMs=4287 deadlineAbandoned=False containedException=False fittedSignals=11
2026-10-10T11:18:10.1695943Z [Information] Sub-feas residual pass: residualDecodes=2 elapsedMs=4221 deadlineAbandoned=False containedException=False fittedSignals=11
2026-10-10T11:18:15.3054646Z [Information] Sub-feas residual pass: residualDecodes=2 elapsedMs=4637 deadlineAbandoned=False containedException=False fittedSignals=16
2026-10-10T11:18:20.4338596Z [Information] Sub-feas residual pass: residualDecodes=3 elapsedMs=4630 deadlineAbandoned=False containedException=False fittedSignals=16
2026-10-10T11:18:25.5520160Z [Information] Sub-feas residual pass: residualDecodes=4 elapsedMs=4587 deadlineAbandoned=False containedException=False fittedSignals=15
2026-10-10T11:18:30.7553243Z [Information] Sub-feas residual pass: residualDecodes=5 elapsedMs=4630 deadlineAbandoned=False containedException=False fittedSignals=15
2026-10-10T11:18:39.4814953Z [Information] Sub-feas residual pass: residualDecodes=4 elapsedMs=8207 deadlineAbandoned=False containedException=False fittedSignals=21
2026-10-10T11:18:48.0929482Z [Information] Sub-feas residual pass: residualDecodes=5 elapsedMs=8099 deadlineAbandoned=False containedException=False fittedSignals=21
2026-10-10T11:18:56.8668037Z [Information] Sub-feas residual pass: residualDecodes=3 elapsedMs=8290 deadlineAbandoned=False containedException=False fittedSignals=21
2026-10-10T11:19:05.5016470Z [Information] Sub-feas residual pass: residualDecodes=6 elapsedMs=8157 deadlineAbandoned=False containedException=False fittedSignals=20
2026-10-10T11:19:10.6471537Z [Information] Sub-feas residual pass: residualDecodes=1 elapsedMs=4611 deadlineAbandoned=False containedException=False fittedSignals=14
2026-10-10T11:19:15.7173508Z [Information] Sub-feas residual pass: residualDecodes=3 elapsedMs=4528 deadlineAbandoned=False containedException=False fittedSignals=12
2026-10-10T11:19:20.9219460Z [Information] Sub-feas residual pass: residualDecodes=2 elapsedMs=4692 deadlineAbandoned=False containedException=False fittedSignals=15
2026-10-10T11:19:26.1819838Z [Information] Sub-feas residual pass: residualDecodes=2 elapsedMs=4747 deadlineAbandoned=False containedException=False fittedSignals=15
2026-10-10T11:19:31.5234638Z [Information] Sub-feas residual pass: residualDecodes=3 elapsedMs=4792 deadlineAbandoned=False containedException=False fittedSignals=15
2026-10-10T11:19:36.8621187Z [Information] Sub-feas residual pass: residualDecodes=3 elapsedMs=4781 deadlineAbandoned=False containedException=False fittedSignals=14
2026-10-10T11:19:42.0681686Z [Information] Sub-feas residual pass: residualDecodes=3 elapsedMs=4632 deadlineAbandoned=False containedException=False fittedSignals=14
2026-10-10T11:19:47.2656392Z [Information] Sub-feas residual pass: residualDecodes=3 elapsedMs=4630 deadlineAbandoned=False containedException=False fittedSignals=14
2026-10-10T11:19:52.1950457Z [Information] Sub-feas residual pass: residualDecodes=2 elapsedMs=4419 deadlineAbandoned=False containedException=False fittedSignals=13
2026-10-10T11:19:57.2319517Z [Information] Sub-feas residual pass: residualDecodes=3 elapsedMs=4512 deadlineAbandoned=False containedException=False fittedSignals=14
2026-10-10T11:20:02.2555384Z [Information] Sub-feas residual pass: residualDecodes=0 elapsedMs=4515 deadlineAbandoned=False containedException=False fittedSignals=14
2026-10-10T11:20:07.2739172Z [Information] Sub-feas residual pass: residualDecodes=0 elapsedMs=4506 deadlineAbandoned=False containedException=False fittedSignals=14
2026-10-10T11:20:12.0347325Z [Information] Sub-feas residual pass: residualDecodes=1 elapsedMs=4156 deadlineAbandoned=False containedException=False fittedSignals=11
2026-10-10T11:20:16.8393538Z [Information] Sub-feas residual pass: residualDecodes=1 elapsedMs=4220 deadlineAbandoned=False containedException=False fittedSignals=11
2026-10-10T11:20:21.9632194Z [Information] Sub-feas residual pass: residualDecodes=3 elapsedMs=4571 deadlineAbandoned=False containedException=False fittedSignals=16
2026-10-10T11:20:27.1072923Z [Information] Sub-feas residual pass: residualDecodes=3 elapsedMs=4574 deadlineAbandoned=False containedException=False fittedSignals=16
2026-10-10T11:20:32.0614988Z [Information] Sub-feas residual pass: residualDecodes=1 elapsedMs=4437 deadlineAbandoned=False containedException=False fittedSignals=13
2026-10-10T11:20:37.0666657Z [Information] Sub-feas residual pass: residualDecodes=1 elapsedMs=4494 deadlineAbandoned=False containedException=False fittedSignals=13
2026-10-10T11:20:42.2192739Z [Information] Sub-feas residual pass: residualDecodes=2 elapsedMs=4580 deadlineAbandoned=False containedException=False fittedSignals=13
2026-10-10T11:20:47.3020558Z [Information] Sub-feas residual pass: residualDecodes=2 elapsedMs=4541 deadlineAbandoned=False containedException=False fittedSignals=14
2026-10-10T11:20:53.7245749Z [Information] Sub-feas residual pass: residualDecodes=1 elapsedMs=5856 deadlineAbandoned=False containedException=False fittedSignals=17
2026-10-10T11:20:59.0335619Z [Information] Sub-feas residual pass: residualDecodes=2 elapsedMs=4750 deadlineAbandoned=False containedException=False fittedSignals=16
2026-10-10T11:21:04.2106178Z [Information] Sub-feas residual pass: residualDecodes=2 elapsedMs=4604 deadlineAbandoned=False containedException=False fittedSignals=14
2026-10-10T11:21:09.3906401Z [Information] Sub-feas residual pass: residualDecodes=2 elapsedMs=4617 deadlineAbandoned=False containedException=False fittedSignals=14
2026-10-10T11:21:14.7696191Z [Information] Sub-feas residual pass: residualDecodes=4 elapsedMs=4835 deadlineAbandoned=False containedException=False fittedSignals=16
2026-10-10T11:21:19.9726333Z [Information] Sub-feas residual pass: residualDecodes=3 elapsedMs=4644 deadlineAbandoned=False containedException=False fittedSignals=15
2026-10-10T11:21:25.0723562Z [Information] Sub-feas residual pass: residualDecodes=1 elapsedMs=4548 deadlineAbandoned=False containedException=False fittedSignals=16
2026-10-10T11:21:30.0973401Z [Information] Sub-feas residual pass: residualDecodes=1 elapsedMs=4508 deadlineAbandoned=False containedException=False fittedSignals=15
2026-10-10T11:21:35.0093305Z [Information] Sub-feas residual pass: residualDecodes=1 elapsedMs=4356 deadlineAbandoned=False containedException=False fittedSignals=13
2026-10-10T11:21:39.9468117Z [Information] Sub-feas residual pass: residualDecodes=1 elapsedMs=4429 deadlineAbandoned=False containedException=False fittedSignals=15
2026-10-10T11:21:46.4380585Z [Information] Sub-feas residual pass: residualDecodes=1 elapsedMs=5935 deadlineAbandoned=False containedException=False fittedSignals=18
2026-10-10T11:21:53.2507695Z [Information] Sub-feas residual pass: residualDecodes=1 elapsedMs=6308 deadlineAbandoned=False containedException=False fittedSignals=19
2026-10-10T11:21:59.1839294Z [Information] Sub-feas residual pass: residualDecodes=2 elapsedMs=5464 deadlineAbandoned=False containedException=False fittedSignals=17
2026-10-10T11:22:05.0756530Z [Information] Sub-feas residual pass: residualDecodes=2 elapsedMs=5394 deadlineAbandoned=False containedException=False fittedSignals=17
2026-10-10T11:22:10.0987560Z [Information] Sub-feas residual pass: residualDecodes=1 elapsedMs=4470 deadlineAbandoned=False containedException=False fittedSignals=12
2026-10-10T11:22:15.0343452Z [Information] Sub-feas residual pass: residualDecodes=2 elapsedMs=4383 deadlineAbandoned=False containedException=False fittedSignals=13
2026-10-10T11:22:21.4267357Z [Information] Sub-feas residual pass: residualDecodes=2 elapsedMs=5861 deadlineAbandoned=False containedException=False fittedSignals=18
2026-10-10T11:22:27.9368929Z [Information] Sub-feas residual pass: residualDecodes=3 elapsedMs=5981 deadlineAbandoned=False containedException=False fittedSignals=18
2026-10-10T11:22:33.0211303Z [Information] Sub-feas residual pass: residualDecodes=0 elapsedMs=4555 deadlineAbandoned=False containedException=False fittedSignals=15
2026-10-10T11:22:37.8544093Z [Information] Sub-feas residual pass: residualDecodes=1 elapsedMs=4310 deadlineAbandoned=False containedException=False fittedSignals=13
2026-10-10T11:22:42.9375886Z [Information] Sub-feas residual pass: residualDecodes=1 elapsedMs=4532 deadlineAbandoned=False containedException=False fittedSignals=15
2026-10-10T11:22:47.9720761Z [Information] Sub-feas residual pass: residualDecodes=1 elapsedMs=4514 deadlineAbandoned=False containedException=False fittedSignals=15
2026-10-10T11:22:53.0715743Z [Information] Sub-feas residual pass: residualDecodes=2 elapsedMs=4518 deadlineAbandoned=False containedException=False fittedSignals=16
2026-10-10T11:22:58.0732164Z [Information] Sub-feas residual pass: residualDecodes=3 elapsedMs=4459 deadlineAbandoned=False containedException=False fittedSignals=15
2026-10-10T11:23:03.0184892Z [Information] Sub-feas residual pass: residualDecodes=1 elapsedMs=4409 deadlineAbandoned=False containedException=False fittedSignals=13
2026-10-10T11:23:08.0903484Z [Information] Sub-feas residual pass: residualDecodes=1 elapsedMs=4542 deadlineAbandoned=False containedException=False fittedSignals=13
2026-10-10T11:23:13.2153711Z [Information] Sub-feas residual pass: residualDecodes=2 elapsedMs=4579 deadlineAbandoned=False containedException=False fittedSignals=15
2026-10-10T11:23:18.2035240Z [Information] Sub-feas residual pass: residualDecodes=3 elapsedMs=4451 deadlineAbandoned=False containedException=False fittedSignals=14
2026-10-10T11:23:23.3864032Z [Information] Sub-feas residual pass: residualDecodes=1 elapsedMs=4625 deadlineAbandoned=False containedException=False fittedSignals=16
2026-10-10T11:23:28.5783785Z [Information] Sub-feas residual pass: residualDecodes=1 elapsedMs=4635 deadlineAbandoned=False containedException=False fittedSignals=16
2026-10-10T11:23:36.1143942Z [Information] Sub-feas residual pass: residualDecodes=1 elapsedMs=7117 deadlineAbandoned=False containedException=False fittedSignals=19
2026-10-10T11:23:43.6116835Z [Information] Sub-feas residual pass: residualDecodes=1 elapsedMs=7092 deadlineAbandoned=False containedException=False fittedSignals=19
2026-10-10T11:23:48.6463734Z [Information] Sub-feas residual pass: residualDecodes=1 elapsedMs=4485 deadlineAbandoned=False containedException=False fittedSignals=14
2026-10-10T11:23:53.6399728Z [Information] Sub-feas residual pass: residualDecodes=1 elapsedMs=4455 deadlineAbandoned=False containedException=False fittedSignals=15
2026-10-10T11:23:58.7158474Z [Information] Sub-feas residual pass: residualDecodes=0 elapsedMs=4595 deadlineAbandoned=False containedException=False fittedSignals=16
2026-10-10T11:24:03.7622070Z [Information] Sub-feas residual pass: residualDecodes=0 elapsedMs=4559 deadlineAbandoned=False containedException=False fittedSignals=16
2026-10-10T11:24:08.5219172Z [Information] Sub-feas residual pass: residualDecodes=0 elapsedMs=4280 deadlineAbandoned=False containedException=False fittedSignals=14
2026-10-10T11:24:13.3472283Z [Information] Sub-feas residual pass: residualDecodes=0 elapsedMs=4340 deadlineAbandoned=False containedException=False fittedSignals=14
2026-10-10T11:24:18.3504358Z [Information] Sub-feas residual pass: residualDecodes=1 elapsedMs=4476 deadlineAbandoned=False containedException=False fittedSignals=14
2026-10-10T11:24:23.3223878Z [Information] Sub-feas residual pass: residualDecodes=1 elapsedMs=4448 deadlineAbandoned=False containedException=False fittedSignals=15
2026-10-10T11:24:28.4499916Z [Information] Sub-feas residual pass: residualDecodes=3 elapsedMs=4626 deadlineAbandoned=False containedException=False fittedSignals=16
2026-10-10T11:24:33.5840274Z [Information] Sub-feas residual pass: residualDecodes=3 elapsedMs=4628 deadlineAbandoned=False containedException=False fittedSignals=16
2026-10-10T11:24:38.7926966Z [Information] Sub-feas residual pass: residualDecodes=3 elapsedMs=4638 deadlineAbandoned=False containedException=False fittedSignals=14
2026-10-10T11:24:44.1476261Z [Information] Sub-feas residual pass: residualDecodes=2 elapsedMs=4788 deadlineAbandoned=False containedException=False fittedSignals=16
2026-10-10T11:24:49.4584786Z [Information] Sub-feas residual pass: residualDecodes=0 elapsedMs=4752 deadlineAbandoned=False containedException=False fittedSignals=14
2026-10-10T11:24:54.6806073Z [Information] Sub-feas residual pass: residualDecodes=0 elapsedMs=4688 deadlineAbandoned=False containedException=False fittedSignals=14
2026-10-10T11:24:59.8799661Z [Information] Sub-feas residual pass: residualDecodes=2 elapsedMs=4707 deadlineAbandoned=False containedException=False fittedSignals=17
2026-10-10T11:25:05.0377290Z [Information] Sub-feas residual pass: residualDecodes=0 elapsedMs=4622 deadlineAbandoned=False containedException=False fittedSignals=15
2026-10-10T11:25:10.9402361Z [Information] Sub-feas residual pass: residualDecodes=3 elapsedMs=5398 deadlineAbandoned=False containedException=False fittedSignals=18
2026-10-10T11:25:17.6157493Z [Information] Sub-feas residual pass: residualDecodes=3 elapsedMs=6175 deadlineAbandoned=False containedException=False fittedSignals=19
2026-10-10T11:25:22.9004207Z [Information] Sub-feas residual pass: residualDecodes=3 elapsedMs=4794 deadlineAbandoned=False containedException=False fittedSignals=15
2026-10-10T11:25:28.2396938Z [Information] Sub-feas residual pass: residualDecodes=4 elapsedMs=4849 deadlineAbandoned=False containedException=False fittedSignals=16
2026-10-10T11:25:33.3319406Z [Information] Sub-feas residual pass: residualDecodes=1 elapsedMs=4576 deadlineAbandoned=False containedException=False fittedSignals=14
2026-10-10T11:25:38.3839583Z [Information] Sub-feas residual pass: residualDecodes=1 elapsedMs=4570 deadlineAbandoned=False containedException=False fittedSignals=14
2026-10-10T11:25:43.5528325Z [Information] Sub-feas residual pass: residualDecodes=2 elapsedMs=4691 deadlineAbandoned=False containedException=False fittedSignals=16
2026-10-10T11:25:48.7495192Z [Information] Sub-feas residual pass: residualDecodes=3 elapsedMs=4710 deadlineAbandoned=False containedException=False fittedSignals=16
2026-10-10T11:25:54.1583845Z [Information] Sub-feas residual pass: residualDecodes=3 elapsedMs=4867 deadlineAbandoned=False containedException=False fittedSignals=17
2026-10-10T11:26:00.8814033Z [Information] Sub-feas residual pass: residualDecodes=3 elapsedMs=6190 deadlineAbandoned=False containedException=False fittedSignals=18
2026-10-10T11:26:06.0587517Z [Information] Sub-feas residual pass: residualDecodes=3 elapsedMs=4607 deadlineAbandoned=False containedException=False fittedSignals=15
2026-10-10T11:26:11.2475514Z [Information] Sub-feas residual pass: residualDecodes=3 elapsedMs=4606 deadlineAbandoned=False containedException=False fittedSignals=15
2026-10-10T11:26:17.8719662Z [Information] Sub-feas residual pass: residualDecodes=1 elapsedMs=6086 deadlineAbandoned=False containedException=False fittedSignals=18
2026-10-10T11:26:24.5147558Z [Information] Sub-feas residual pass: residualDecodes=2 elapsedMs=6110 deadlineAbandoned=False containedException=False fittedSignals=18
2026-10-10T11:26:29.7367141Z [Information] Sub-feas residual pass: residualDecodes=5 elapsedMs=4693 deadlineAbandoned=False containedException=False fittedSignals=16
2026-10-10T11:26:34.9379003Z [Information] Sub-feas residual pass: residualDecodes=5 elapsedMs=4673 deadlineAbandoned=False containedException=False fittedSignals=16
2026-10-10T11:26:40.1590476Z [Information] Sub-feas residual pass: residualDecodes=4 elapsedMs=4691 deadlineAbandoned=False containedException=False fittedSignals=14
2026-10-10T11:26:45.4368117Z [Information] Sub-feas residual pass: residualDecodes=4 elapsedMs=4742 deadlineAbandoned=False containedException=False fittedSignals=14
2026-10-10T11:26:49.7880060Z [Information] Sub-feas residual pass: residualDecodes=5 elapsedMs=3828 deadlineAbandoned=False containedException=False fittedSignals=9
2026-10-10T11:26:54.1495426Z [Information] Sub-feas residual pass: residualDecodes=4 elapsedMs=3781 deadlineAbandoned=False containedException=False fittedSignals=9
2026-10-10T11:26:59.4100697Z [Information] Sub-feas residual pass: residualDecodes=3 elapsedMs=4705 deadlineAbandoned=False containedException=False fittedSignals=17
2026-10-10T11:27:07.1818329Z [Information] Sub-feas residual pass: residualDecodes=3 elapsedMs=7252 deadlineAbandoned=False containedException=False fittedSignals=20
2026-10-10T11:27:13.5775501Z [Information] Sub-feas residual pass: residualDecodes=0 elapsedMs=5918 deadlineAbandoned=False containedException=False fittedSignals=19
2026-10-10T11:27:20.0032298Z [Information] Sub-feas residual pass: residualDecodes=1 elapsedMs=5955 deadlineAbandoned=False containedException=False fittedSignals=18
2026-10-10T11:27:28.2417266Z [Information] Sub-feas residual pass: residualDecodes=1 elapsedMs=7723 deadlineAbandoned=False containedException=False fittedSignals=19
2026-10-10T11:27:36.7984933Z [Information] Sub-feas residual pass: residualDecodes=1 elapsedMs=8046 deadlineAbandoned=False containedException=False fittedSignals=20
2026-10-10T11:27:42.0687286Z [Information] Sub-feas residual pass: residualDecodes=4 elapsedMs=4708 deadlineAbandoned=False containedException=False fittedSignals=16
2026-10-10T11:27:47.2870208Z [Information] Sub-feas residual pass: residualDecodes=4 elapsedMs=4657 deadlineAbandoned=False containedException=False fittedSignals=16
2026-10-10T11:27:52.4084971Z [Information] Sub-feas residual pass: residualDecodes=5 elapsedMs=4597 deadlineAbandoned=False containedException=False fittedSignals=16
2026-10-10T11:27:57.5108870Z [Information] Sub-feas residual pass: residualDecodes=5 elapsedMs=4578 deadlineAbandoned=False containedException=False fittedSignals=16
2026-10-10T11:28:02.7634352Z [Information] Sub-feas residual pass: residualDecodes=7 elapsedMs=4671 deadlineAbandoned=False containedException=False fittedSignals=14
2026-10-10T11:28:08.0620713Z [Information] Sub-feas residual pass: residualDecodes=4 elapsedMs=4731 deadlineAbandoned=False containedException=False fittedSignals=16
2026-10-10T11:28:13.1221722Z [Information] Sub-feas residual pass: residualDecodes=3 elapsedMs=4468 deadlineAbandoned=False containedException=False fittedSignals=12
2026-10-10T11:28:18.2682008Z [Information] Sub-feas residual pass: residualDecodes=3 elapsedMs=4570 deadlineAbandoned=False containedException=False fittedSignals=12
2026-10-10T11:28:24.7975413Z [Information] Sub-feas residual pass: residualDecodes=2 elapsedMs=5953 deadlineAbandoned=False containedException=False fittedSignals=17
2026-10-10T11:28:33.0934716Z [Information] Sub-feas residual pass: residualDecodes=3 elapsedMs=7732 deadlineAbandoned=False containedException=False fittedSignals=19
2026-10-10T11:28:38.3763332Z [Information] Sub-feas residual pass: residualDecodes=2 elapsedMs=4722 deadlineAbandoned=False containedException=False fittedSignals=15
2026-10-10T11:28:43.6104617Z [Information] Sub-feas residual pass: residualDecodes=2 elapsedMs=4658 deadlineAbandoned=False containedException=False fittedSignals=15
2026-10-10T11:28:50.6252739Z [Information] Sub-feas residual pass: residualDecodes=3 elapsedMs=6488 deadlineAbandoned=False containedException=False fittedSignals=19
2026-10-10T11:28:57.6439035Z [Information] Sub-feas residual pass: residualDecodes=2 elapsedMs=6518 deadlineAbandoned=False containedException=False fittedSignals=19
2026-10-10T11:29:06.2919559Z [Information] Sub-feas residual pass: residualDecodes=4 elapsedMs=8139 deadlineAbandoned=False containedException=False fittedSignals=21
2026-10-10T11:29:14.9633970Z [Information] Sub-feas residual pass: residualDecodes=3 elapsedMs=8144 deadlineAbandoned=False containedException=False fittedSignals=21
2026-10-10T11:29:20.0760298Z [Information] Sub-feas residual pass: residualDecodes=4 elapsedMs=4548 deadlineAbandoned=False containedException=False fittedSignals=14
2026-10-10T11:29:25.2728268Z [Information] Sub-feas residual pass: residualDecodes=4 elapsedMs=4659 deadlineAbandoned=False containedException=False fittedSignals=15
2026-10-10T11:29:33.3623154Z [Information] Sub-feas residual pass: residualDecodes=3 elapsedMs=7632 deadlineAbandoned=False containedException=False fittedSignals=20
2026-10-10T11:29:41.6144606Z [Information] Sub-feas residual pass: residualDecodes=3 elapsedMs=7774 deadlineAbandoned=False containedException=False fittedSignals=20
2026-10-10T11:29:46.7858403Z [Information] Sub-feas residual pass: residualDecodes=3 elapsedMs=4662 deadlineAbandoned=False containedException=False fittedSignals=16
2026-10-10T11:29:51.9228417Z [Information] Sub-feas residual pass: residualDecodes=3 elapsedMs=4597 deadlineAbandoned=False containedException=False fittedSignals=16
2026-10-10T11:29:57.1231117Z [Information] Sub-feas residual pass: residualDecodes=2 elapsedMs=4718 deadlineAbandoned=False containedException=False fittedSignals=17
2026-10-10T11:30:02.2907820Z [Information] Sub-feas residual pass: residualDecodes=2 elapsedMs=4618 deadlineAbandoned=False containedException=False fittedSignals=14
2026-10-10T11:30:10.4019051Z [Information] Sub-feas residual pass: residualDecodes=4 elapsedMs=7603 deadlineAbandoned=False containedException=False fittedSignals=21
2026-10-10T11:30:19.1322576Z [Information] Sub-feas residual pass: residualDecodes=5 elapsedMs=8272 deadlineAbandoned=False containedException=False fittedSignals=22
2026-10-10T11:30:24.1937704Z [Information] Sub-feas residual pass: residualDecodes=5 elapsedMs=4428 deadlineAbandoned=False containedException=False fittedSignals=12
2026-10-10T11:30:29.3682923Z [Information] Sub-feas residual pass: residualDecodes=4 elapsedMs=4587 deadlineAbandoned=False containedException=False fittedSignals=13
2026-10-10T11:30:34.6723454Z [Information] Sub-feas residual pass: residualDecodes=2 elapsedMs=4728 deadlineAbandoned=False containedException=False fittedSignals=16
2026-10-10T11:30:39.9843556Z [Information] Sub-feas residual pass: residualDecodes=2 elapsedMs=4784 deadlineAbandoned=False containedException=False fittedSignals=18
2026-10-10T11:30:48.3511190Z [Information] Sub-feas residual pass: residualDecodes=3 elapsedMs=7867 deadlineAbandoned=False containedException=False fittedSignals=20
2026-10-10T11:30:55.4452000Z [Information] Sub-feas residual pass: residualDecodes=3 elapsedMs=6558 deadlineAbandoned=False containedException=False fittedSignals=19
2026-10-10T11:31:02.6336328Z [Information] Sub-feas residual pass: residualDecodes=1 elapsedMs=6733 deadlineAbandoned=False containedException=False fittedSignals=19
2026-10-10T11:31:09.7222684Z [Information] Sub-feas residual pass: residualDecodes=1 elapsedMs=6631 deadlineAbandoned=False containedException=False fittedSignals=19
2026-10-10T11:31:16.6809764Z [Information] Sub-feas residual pass: residualDecodes=5 elapsedMs=6433 deadlineAbandoned=False containedException=False fittedSignals=19
2026-10-10T11:31:23.7214660Z [Information] Sub-feas residual pass: residualDecodes=5 elapsedMs=6476 deadlineAbandoned=False containedException=False fittedSignals=19
2026-10-10T11:31:30.1815131Z [Information] Sub-feas residual pass: residualDecodes=1 elapsedMs=6018 deadlineAbandoned=False containedException=False fittedSignals=18
2026-10-10T11:31:38.4438552Z [Information] Sub-feas residual pass: residualDecodes=1 elapsedMs=7787 deadlineAbandoned=False containedException=False fittedSignals=21
2026-10-10T11:31:44.8672793Z [Information] Sub-feas residual pass: residualDecodes=1 elapsedMs=5905 deadlineAbandoned=False containedException=False fittedSignals=17
2026-10-10T11:31:51.1686471Z [Information] Sub-feas residual pass: residualDecodes=2 elapsedMs=5773 deadlineAbandoned=False containedException=False fittedSignals=17
2026-10-10T11:31:58.2249415Z [Information] Sub-feas residual pass: residualDecodes=1 elapsedMs=6583 deadlineAbandoned=False containedException=False fittedSignals=20
2026-10-10T11:32:04.8276773Z [Information] Sub-feas residual pass: residualDecodes=1 elapsedMs=6075 deadlineAbandoned=False containedException=False fittedSignals=19
2026-10-10T11:32:11.4101578Z [Information] Sub-feas residual pass: residualDecodes=2 elapsedMs=6086 deadlineAbandoned=False containedException=False fittedSignals=19
2026-10-10T11:32:18.5115869Z [Information] Sub-feas residual pass: residualDecodes=1 elapsedMs=6595 deadlineAbandoned=False containedException=False fittedSignals=20
2026-10-10T11:32:25.0064272Z [Information] Sub-feas residual pass: residualDecodes=2 elapsedMs=5981 deadlineAbandoned=False containedException=False fittedSignals=18
2026-10-10T11:32:31.5021456Z [Information] Sub-feas residual pass: residualDecodes=3 elapsedMs=6001 deadlineAbandoned=False containedException=False fittedSignals=18
2026-10-10T11:32:37.5809692Z [Information] Sub-feas residual pass: residualDecodes=3 elapsedMs=5520 deadlineAbandoned=False containedException=False fittedSignals=18
2026-10-10T11:32:44.6270478Z [Information] Sub-feas residual pass: residualDecodes=1 elapsedMs=6509 deadlineAbandoned=False containedException=False fittedSignals=20
2026-10-10T11:32:51.2913960Z [Information] Sub-feas residual pass: residualDecodes=3 elapsedMs=6228 deadlineAbandoned=False containedException=False fittedSignals=19
2026-10-10T11:32:59.3722905Z [Information] Sub-feas residual pass: residualDecodes=2 elapsedMs=7623 deadlineAbandoned=False containedException=False fittedSignals=20
2026-10-10T11:33:07.5114032Z [Information] Sub-feas residual pass: residualDecodes=0 elapsedMs=7648 deadlineAbandoned=False containedException=False fittedSignals=21
2026-10-10T11:33:15.6093837Z [Information] Sub-feas residual pass: residualDecodes=0 elapsedMs=7574 deadlineAbandoned=False containedException=False fittedSignals=21
2026-10-10T11:33:22.7330139Z [Information] Sub-feas residual pass: residualDecodes=0 elapsedMs=6628 deadlineAbandoned=False containedException=False fittedSignals=21
2026-10-10T11:33:29.2451562Z [Information] Sub-feas residual pass: residualDecodes=1 elapsedMs=5993 deadlineAbandoned=False containedException=False fittedSignals=19
2026-10-10T11:33:34.4210284Z [Information] Sub-feas residual pass: residualDecodes=4 elapsedMs=4670 deadlineAbandoned=False containedException=False fittedSignals=17
2026-10-10T11:33:40.8993290Z [Information] Sub-feas residual pass: residualDecodes=4 elapsedMs=5971 deadlineAbandoned=False containedException=False fittedSignals=18
2026-10-10T11:33:45.9746542Z [Information] Sub-feas residual pass: residualDecodes=3 elapsedMs=4525 deadlineAbandoned=False containedException=False fittedSignals=13
2026-10-10T11:33:51.0396794Z [Information] Sub-feas residual pass: residualDecodes=3 elapsedMs=4494 deadlineAbandoned=False containedException=False fittedSignals=13
2026-10-10T11:33:56.1673172Z [Information] Sub-feas residual pass: residualDecodes=6 elapsedMs=4638 deadlineAbandoned=False containedException=False fittedSignals=16
2026-10-10T11:34:01.2767664Z [Information] Sub-feas residual pass: residualDecodes=6 elapsedMs=4615 deadlineAbandoned=False containedException=False fittedSignals=16
2026-10-10T11:34:06.4016681Z [Information] Sub-feas residual pass: residualDecodes=3 elapsedMs=4565 deadlineAbandoned=False containedException=False fittedSignals=15
2026-10-10T11:34:11.4444374Z [Information] Sub-feas residual pass: residualDecodes=4 elapsedMs=4510 deadlineAbandoned=False containedException=False fittedSignals=15
2026-10-10T11:34:17.8464116Z [Information] Sub-feas residual pass: residualDecodes=3 elapsedMs=5859 deadlineAbandoned=False containedException=False fittedSignals=19
2026-10-10T11:34:24.2815335Z [Information] Sub-feas residual pass: residualDecodes=1 elapsedMs=5906 deadlineAbandoned=False containedException=False fittedSignals=19
2026-10-10T11:34:29.4820132Z [Information] Sub-feas residual pass: residualDecodes=3 elapsedMs=4722 deadlineAbandoned=False containedException=False fittedSignals=17
2026-10-10T11:34:34.7126343Z [Information] Sub-feas residual pass: residualDecodes=3 elapsedMs=4742 deadlineAbandoned=False containedException=False fittedSignals=17
2026-10-10T11:34:41.8599521Z [Information] Sub-feas residual pass: residualDecodes=3 elapsedMs=6580 deadlineAbandoned=False containedException=False fittedSignals=18
2026-10-10T11:34:47.7847161Z [Information] Sub-feas residual pass: residualDecodes=1 elapsedMs=5355 deadlineAbandoned=False containedException=False fittedSignals=17
2026-10-10T11:34:55.9666939Z [Information] Sub-feas residual pass: residualDecodes=5 elapsedMs=7695 deadlineAbandoned=False containedException=False fittedSignals=20
2026-10-10T11:35:04.1435108Z [Information] Sub-feas residual pass: residualDecodes=4 elapsedMs=7692 deadlineAbandoned=False containedException=False fittedSignals=20
2026-10-10T11:35:09.3345096Z [Information] Sub-feas residual pass: residualDecodes=4 elapsedMs=4685 deadlineAbandoned=False containedException=False fittedSignals=17
2026-10-10T11:35:14.4588432Z [Information] Sub-feas residual pass: residualDecodes=3 elapsedMs=4633 deadlineAbandoned=False containedException=False fittedSignals=15
2026-10-10T11:35:23.0929538Z [Information] Sub-feas residual pass: residualDecodes=1 elapsedMs=8157 deadlineAbandoned=False containedException=False fittedSignals=22
2026-10-10T11:35:31.7793766Z [Information] Sub-feas residual pass: residualDecodes=1 elapsedMs=8236 deadlineAbandoned=False containedException=False fittedSignals=22
2026-10-10T11:35:38.8694166Z [Information] Sub-feas residual pass: residualDecodes=0 elapsedMs=6548 deadlineAbandoned=False containedException=False fittedSignals=21
2026-10-10T11:35:47.1841479Z [Information] Sub-feas residual pass: residualDecodes=0 elapsedMs=7794 deadlineAbandoned=False containedException=False fittedSignals=21
2026-10-10T11:35:52.2576548Z [Information] Sub-feas residual pass: residualDecodes=1 elapsedMs=4487 deadlineAbandoned=False containedException=False fittedSignals=13
2026-10-10T11:35:57.3059495Z [Information] Sub-feas residual pass: residualDecodes=1 elapsedMs=4449 deadlineAbandoned=False containedException=False fittedSignals=13
2026-10-10T11:36:02.4183971Z [Information] Sub-feas residual pass: residualDecodes=5 elapsedMs=4567 deadlineAbandoned=False containedException=False fittedSignals=14
2026-10-10T11:36:07.5374540Z [Information] Sub-feas residual pass: residualDecodes=5 elapsedMs=4582 deadlineAbandoned=False containedException=False fittedSignals=14
2026-10-10T11:36:12.8370899Z [Information] Sub-feas residual pass: residualDecodes=4 elapsedMs=4710 deadlineAbandoned=False containedException=False fittedSignals=17
2026-10-10T11:36:18.0852791Z [Information] Sub-feas residual pass: residualDecodes=4 elapsedMs=4621 deadlineAbandoned=False containedException=False fittedSignals=15
2026-10-10T11:36:23.1938395Z [Information] Sub-feas residual pass: residualDecodes=3 elapsedMs=4518 deadlineAbandoned=False containedException=False fittedSignals=12
2026-10-10T11:36:28.2617141Z [Information] Sub-feas residual pass: residualDecodes=3 elapsedMs=4474 deadlineAbandoned=False containedException=False fittedSignals=12
2026-10-10T11:36:34.7764071Z [Information] Sub-feas residual pass: residualDecodes=2 elapsedMs=5978 deadlineAbandoned=False containedException=False fittedSignals=18
2026-10-10T11:36:41.3026995Z [Information] Sub-feas residual pass: residualDecodes=2 elapsedMs=5989 deadlineAbandoned=False containedException=False fittedSignals=18
2026-10-10T11:36:46.4539924Z [Information] Sub-feas residual pass: residualDecodes=4 elapsedMs=4650 deadlineAbandoned=False containedException=False fittedSignals=15
2026-10-10T11:36:51.6864559Z [Information] Sub-feas residual pass: residualDecodes=4 elapsedMs=4707 deadlineAbandoned=False containedException=False fittedSignals=16
2026-10-10T11:36:58.2438377Z [Information] Sub-feas residual pass: residualDecodes=3 elapsedMs=6007 deadlineAbandoned=False containedException=False fittedSignals=18
2026-10-10T11:37:04.7952358Z [Information] Sub-feas residual pass: residualDecodes=4 elapsedMs=6007 deadlineAbandoned=False containedException=False fittedSignals=18
2026-10-10T11:37:09.9149372Z [Information] Sub-feas residual pass: residualDecodes=2 elapsedMs=4580 deadlineAbandoned=False containedException=False fittedSignals=16
2026-10-10T11:37:14.9886053Z [Information] Sub-feas residual pass: residualDecodes=1 elapsedMs=4512 deadlineAbandoned=False containedException=False fittedSignals=15
2026-10-10T11:37:21.4678403Z [Information] Sub-feas residual pass: residualDecodes=3 elapsedMs=5924 deadlineAbandoned=False containedException=False fittedSignals=17
2026-10-10T11:37:27.9080025Z [Information] Sub-feas residual pass: residualDecodes=3 elapsedMs=5891 deadlineAbandoned=False containedException=False fittedSignals=17
2026-10-10T11:37:32.8756067Z [Information] Sub-feas residual pass: residualDecodes=1 elapsedMs=4411 deadlineAbandoned=False containedException=False fittedSignals=13
2026-10-10T11:37:37.8863588Z [Information] Sub-feas residual pass: residualDecodes=1 elapsedMs=4452 deadlineAbandoned=False containedException=False fittedSignals=13
2026-10-10T11:37:43.2405629Z [Information] Sub-feas residual pass: residualDecodes=2 elapsedMs=4808 deadlineAbandoned=False containedException=False fittedSignals=16
2026-10-10T11:37:48.5839695Z [Information] Sub-feas residual pass: residualDecodes=2 elapsedMs=4796 deadlineAbandoned=False containedException=False fittedSignals=16
2026-10-10T11:37:53.6821902Z [Information] Sub-feas residual pass: residualDecodes=3 elapsedMs=4585 deadlineAbandoned=False containedException=False fittedSignals=15
2026-10-10T11:37:58.7672491Z [Information] Sub-feas residual pass: residualDecodes=4 elapsedMs=4598 deadlineAbandoned=False containedException=False fittedSignals=15
2026-10-10T11:38:07.6305625Z [Information] Sub-feas residual pass: residualDecodes=3 elapsedMs=8401 deadlineAbandoned=False containedException=False fittedSignals=22
2026-10-10T11:38:16.2892467Z [Information] Sub-feas residual pass: residualDecodes=3 elapsedMs=8203 deadlineAbandoned=False containedException=False fittedSignals=22
2026-10-10T11:38:21.2725555Z [Information] Sub-feas residual pass: residualDecodes=2 elapsedMs=4462 deadlineAbandoned=False containedException=False fittedSignals=12
2026-10-10T11:38:26.1796909Z [Information] Sub-feas residual pass: residualDecodes=2 elapsedMs=4412 deadlineAbandoned=False containedException=False fittedSignals=12
2026-10-10T11:38:34.4825496Z [Information] Sub-feas residual pass: residualDecodes=2 elapsedMs=7777 deadlineAbandoned=False containedException=False fittedSignals=19
2026-10-10T11:38:42.6479196Z [Information] Sub-feas residual pass: residualDecodes=2 elapsedMs=7641 deadlineAbandoned=False containedException=False fittedSignals=21
2026-10-10T11:38:52.4112233Z [Information] Sub-feas residual pass: residualDecodes=3 elapsedMs=9272 deadlineAbandoned=False containedException=False fittedSignals=26
2026-10-10T11:39:02.2349558Z [Information] Sub-feas residual pass: residualDecodes=3 elapsedMs=9323 deadlineAbandoned=False containedException=False fittedSignals=26
2026-10-10T11:39:11.0673068Z [Information] Sub-feas residual pass: residualDecodes=3 elapsedMs=8326 deadlineAbandoned=False containedException=False fittedSignals=20
2026-10-10T11:39:19.9498064Z [Information] Sub-feas residual pass: residualDecodes=3 elapsedMs=8398 deadlineAbandoned=False containedException=False fittedSignals=20
2026-10-10T11:39:25.0567576Z [Information] Sub-feas residual pass: residualDecodes=2 elapsedMs=4547 deadlineAbandoned=False containedException=False fittedSignals=14
2026-10-10T11:39:30.0266882Z [Information] Sub-feas residual pass: residualDecodes=1 elapsedMs=4443 deadlineAbandoned=False containedException=False fittedSignals=13
2026-10-10T11:39:35.2589730Z [Information] Sub-feas residual pass: residualDecodes=5 elapsedMs=4677 deadlineAbandoned=False containedException=False fittedSignals=14
2026-10-10T11:39:40.5335736Z [Information] Sub-feas residual pass: residualDecodes=4 elapsedMs=4729 deadlineAbandoned=False containedException=False fittedSignals=14
2026-10-10T11:39:49.3346625Z [Information] Sub-feas residual pass: residualDecodes=3 elapsedMs=8283 deadlineAbandoned=False containedException=False fittedSignals=21
2026-10-10T11:39:57.9881543Z [Information] Sub-feas residual pass: residualDecodes=2 elapsedMs=8163 deadlineAbandoned=False containedException=False fittedSignals=21
2026-10-10T11:40:06.8484823Z [Information] Sub-feas residual pass: residualDecodes=6 elapsedMs=8341 deadlineAbandoned=False containedException=False fittedSignals=20
2026-10-10T11:40:15.6767521Z [Information] Sub-feas residual pass: residualDecodes=5 elapsedMs=8311 deadlineAbandoned=False containedException=False fittedSignals=20
2026-10-10T11:40:20.8492120Z [Information] Sub-feas residual pass: residualDecodes=1 elapsedMs=4674 deadlineAbandoned=False containedException=False fittedSignals=16
2026-10-10T11:40:28.3817402Z [Information] Sub-feas residual pass: residualDecodes=1 elapsedMs=7044 deadlineAbandoned=False containedException=False fittedSignals=18
2026-10-10T11:40:33.6189634Z [Information] Sub-feas residual pass: residualDecodes=3 elapsedMs=4697 deadlineAbandoned=False containedException=False fittedSignals=15
2026-10-10T11:40:38.7589837Z [Information] Sub-feas residual pass: residualDecodes=2 elapsedMs=4610 deadlineAbandoned=False containedException=False fittedSignals=13
2026-10-10T11:40:43.8868420Z [Information] Sub-feas residual pass: residualDecodes=2 elapsedMs=4588 deadlineAbandoned=False containedException=False fittedSignals=14
2026-10-10T11:40:48.8719833Z [Information] Sub-feas residual pass: residualDecodes=2 elapsedMs=4447 deadlineAbandoned=False containedException=False fittedSignals=13
2026-10-10T11:40:56.6243799Z [Information] Sub-feas residual pass: residualDecodes=4 elapsedMs=7229 deadlineAbandoned=False containedException=False fittedSignals=18
2026-10-10T11:41:01.9714322Z [Information] Sub-feas residual pass: residualDecodes=5 elapsedMs=4813 deadlineAbandoned=False containedException=False fittedSignals=16
2026-10-10T11:41:07.3263670Z [Information] Sub-feas residual pass: residualDecodes=4 elapsedMs=4799 deadlineAbandoned=False containedException=False fittedSignals=16
2026-10-10T11:41:12.5931977Z [Information] Sub-feas residual pass: residualDecodes=3 elapsedMs=4717 deadlineAbandoned=False containedException=False fittedSignals=15
2026-10-10T11:41:17.7744798Z [Information] Sub-feas residual pass: residualDecodes=2 elapsedMs=4664 deadlineAbandoned=False containedException=False fittedSignals=15
2026-10-10T11:41:22.6856740Z [Information] Sub-feas residual pass: residualDecodes=3 elapsedMs=4466 deadlineAbandoned=False containedException=False fittedSignals=13
2026-10-10T11:41:27.7416235Z [Information] Sub-feas residual pass: residualDecodes=5 elapsedMs=4579 deadlineAbandoned=False containedException=False fittedSignals=14
2026-10-10T11:41:32.7789335Z [Information] Sub-feas residual pass: residualDecodes=5 elapsedMs=4592 deadlineAbandoned=False containedException=False fittedSignals=14
2026-10-10T11:41:37.8887414Z [Information] Sub-feas residual pass: residualDecodes=2 elapsedMs=4653 deadlineAbandoned=False containedException=False fittedSignals=16
2026-10-10T11:41:43.0009921Z [Information] Sub-feas residual pass: residualDecodes=3 elapsedMs=4647 deadlineAbandoned=False containedException=False fittedSignals=16
2026-10-10T11:41:48.1942867Z [Information] Sub-feas residual pass: residualDecodes=3 elapsedMs=4679 deadlineAbandoned=False containedException=False fittedSignals=15
2026-10-10T11:41:53.3715945Z [Information] Sub-feas residual pass: residualDecodes=3 elapsedMs=4672 deadlineAbandoned=False containedException=False fittedSignals=15
2026-10-10T11:41:58.4361563Z [Information] Sub-feas residual pass: residualDecodes=1 elapsedMs=4514 deadlineAbandoned=False containedException=False fittedSignals=14
2026-10-10T11:42:03.5607075Z [Information] Sub-feas residual pass: residualDecodes=1 elapsedMs=4571 deadlineAbandoned=False containedException=False fittedSignals=14
2026-10-10T11:42:09.9947409Z [Information] Sub-feas residual pass: residualDecodes=4 elapsedMs=5920 deadlineAbandoned=False containedException=False fittedSignals=18
2026-10-10T11:42:16.4658299Z [Information] Sub-feas residual pass: residualDecodes=4 elapsedMs=5962 deadlineAbandoned=False containedException=False fittedSignals=19
2026-10-10T11:42:21.4806102Z [Information] Sub-feas residual pass: residualDecodes=4 elapsedMs=4474 deadlineAbandoned=False containedException=False fittedSignals=14
2026-10-10T11:42:26.5367660Z [Information] Sub-feas residual pass: residualDecodes=4 elapsedMs=4511 deadlineAbandoned=False containedException=False fittedSignals=14
2026-10-10T11:42:32.9189368Z [Information] Sub-feas residual pass: residualDecodes=2 elapsedMs=5859 deadlineAbandoned=False containedException=False fittedSignals=17
2026-10-10T11:42:39.3803789Z [Information] Sub-feas residual pass: residualDecodes=2 elapsedMs=5956 deadlineAbandoned=False containedException=False fittedSignals=17
2026-10-10T11:42:45.8227532Z [Information] Sub-feas residual pass: residualDecodes=5 elapsedMs=5909 deadlineAbandoned=False containedException=False fittedSignals=17
2026-10-10T11:42:52.2236903Z [Information] Sub-feas residual pass: residualDecodes=5 elapsedMs=5891 deadlineAbandoned=False containedException=False fittedSignals=17
2026-10-10T11:43:01.1037893Z [Information] Sub-feas residual pass: residualDecodes=3 elapsedMs=8383 deadlineAbandoned=False containedException=False fittedSignals=20
2026-10-10T11:43:09.9384342Z [Information] Sub-feas residual pass: residualDecodes=3 elapsedMs=8321 deadlineAbandoned=False containedException=False fittedSignals=20
2026-10-10T11:43:18.1274255Z [Information] Sub-feas residual pass: residualDecodes=4 elapsedMs=7675 deadlineAbandoned=False containedException=False fittedSignals=19
2026-10-10T11:43:25.8078864Z [Information] Sub-feas residual pass: residualDecodes=5 elapsedMs=7163 deadlineAbandoned=False containedException=False fittedSignals=18
2026-10-10T11:43:29.2042014Z [Information] Sub-feas residual pass: residualDecodes=3 elapsedMs=2800 deadlineAbandoned=False containedException=False fittedSignals=8
2026-10-10T11:43:32.6099526Z [Information] Sub-feas residual pass: residualDecodes=3 elapsedMs=2797 deadlineAbandoned=False containedException=False fittedSignals=8
2026-10-10T11:43:41.3919738Z [Information] Sub-feas residual pass: residualDecodes=4 elapsedMs=8263 deadlineAbandoned=False containedException=False fittedSignals=20
2026-10-10T11:43:50.1996380Z [Information] Sub-feas residual pass: residualDecodes=4 elapsedMs=8286 deadlineAbandoned=False containedException=False fittedSignals=20
2026-10-10T11:43:55.4301746Z [Information] Sub-feas residual pass: residualDecodes=5 elapsedMs=4631 deadlineAbandoned=False containedException=False fittedSignals=12
2026-10-10T11:44:00.7290402Z [Information] Sub-feas residual pass: residualDecodes=5 elapsedMs=4687 deadlineAbandoned=False containedException=False fittedSignals=14
2026-10-10T11:44:08.4142770Z [Information] Sub-feas residual pass: residualDecodes=8 elapsedMs=7179 deadlineAbandoned=False containedException=False fittedSignals=18
2026-10-10T11:44:16.0769547Z [Information] Sub-feas residual pass: residualDecodes=8 elapsedMs=7167 deadlineAbandoned=False containedException=False fittedSignals=18
2026-10-10T11:44:24.3212871Z [Information] Sub-feas residual pass: residualDecodes=2 elapsedMs=7706 deadlineAbandoned=False containedException=False fittedSignals=19
2026-10-10T11:44:32.0273998Z [Information] Sub-feas residual pass: residualDecodes=2 elapsedMs=7204 deadlineAbandoned=False containedException=False fittedSignals=18
2026-10-10T11:44:38.5117548Z [Information] Sub-feas residual pass: residualDecodes=3 elapsedMs=5933 deadlineAbandoned=False containedException=False fittedSignals=17
2026-10-10T11:44:43.7511083Z [Information] Sub-feas residual pass: residualDecodes=3 elapsedMs=4694 deadlineAbandoned=False containedException=False fittedSignals=16
2026-10-10T11:44:48.7922483Z [Information] Sub-feas residual pass: residualDecodes=5 elapsedMs=4532 deadlineAbandoned=False containedException=False fittedSignals=17
2026-10-10T11:44:53.8578170Z [Information] Sub-feas residual pass: residualDecodes=4 elapsedMs=4539 deadlineAbandoned=False containedException=False fittedSignals=16
2026-10-10T11:44:58.9619041Z [Information] Sub-feas residual pass: residualDecodes=3 elapsedMs=4517 deadlineAbandoned=False containedException=False fittedSignals=14
2026-10-10T11:45:04.1784356Z [Information] Sub-feas residual pass: residualDecodes=3 elapsedMs=4657 deadlineAbandoned=False containedException=False fittedSignals=16
2026-10-10T11:45:09.3647212Z [Information] Sub-feas residual pass: residualDecodes=1 elapsedMs=4600 deadlineAbandoned=False containedException=False fittedSignals=16
2026-10-10T11:45:14.6551718Z [Information] Sub-feas residual pass: residualDecodes=1 elapsedMs=4704 deadlineAbandoned=False containedException=False fittedSignals=17
2026-10-10T11:45:22.3320738Z [Information] Sub-feas residual pass: residualDecodes=2 elapsedMs=7142 deadlineAbandoned=False containedException=False fittedSignals=18
2026-10-10T11:45:30.0242726Z [Information] Sub-feas residual pass: residualDecodes=2 elapsedMs=7147 deadlineAbandoned=False containedException=False fittedSignals=18
2026-10-10T11:45:35.3654403Z [Information] Sub-feas residual pass: residualDecodes=5 elapsedMs=4793 deadlineAbandoned=False containedException=False fittedSignals=17
2026-10-10T11:45:43.7490512Z [Information] Sub-feas residual pass: residualDecodes=3 elapsedMs=7830 deadlineAbandoned=False containedException=False fittedSignals=20
2026-10-10T11:45:48.9207365Z [Information] Sub-feas residual pass: residualDecodes=3 elapsedMs=4676 deadlineAbandoned=False containedException=False fittedSignals=15
2026-10-10T11:45:54.0386555Z [Information] Sub-feas residual pass: residualDecodes=2 elapsedMs=4599 deadlineAbandoned=False containedException=False fittedSignals=16
2026-10-10T11:45:59.0653821Z [Information] Sub-feas residual pass: residualDecodes=2 elapsedMs=4563 deadlineAbandoned=False containedException=False fittedSignals=16
2026-10-10T11:46:03.9546260Z [Information] Sub-feas residual pass: residualDecodes=3 elapsedMs=4414 deadlineAbandoned=False containedException=False fittedSignals=15
2026-10-10T11:46:09.1398625Z [Information] Sub-feas residual pass: residualDecodes=2 elapsedMs=4633 deadlineAbandoned=False containedException=False fittedSignals=16
2026-10-10T11:46:15.5133973Z [Information] Sub-feas residual pass: residualDecodes=1 elapsedMs=5818 deadlineAbandoned=False containedException=False fittedSignals=17
2026-10-10T11:46:21.9201389Z [Information] Sub-feas residual pass: residualDecodes=6 elapsedMs=5878 deadlineAbandoned=False containedException=False fittedSignals=17
2026-10-10T11:46:27.1621697Z [Information] Sub-feas residual pass: residualDecodes=6 elapsedMs=4717 deadlineAbandoned=False containedException=False fittedSignals=16
2026-10-10T11:46:32.1924195Z [Information] Sub-feas residual pass: residualDecodes=1 elapsedMs=4550 deadlineAbandoned=False containedException=False fittedSignals=14
2026-10-10T11:46:37.1697817Z [Information] Sub-feas residual pass: residualDecodes=1 elapsedMs=4516 deadlineAbandoned=False containedException=False fittedSignals=14
2026-10-10T11:46:45.5942536Z [Information] Sub-feas residual pass: residualDecodes=5 elapsedMs=7952 deadlineAbandoned=False containedException=False fittedSignals=22
2026-10-10T11:46:54.0605719Z [Information] Sub-feas residual pass: residualDecodes=5 elapsedMs=7993 deadlineAbandoned=False containedException=False fittedSignals=22
2026-10-10T11:46:59.0544698Z [Information] Sub-feas residual pass: residualDecodes=2 elapsedMs=4514 deadlineAbandoned=False containedException=False fittedSignals=14
2026-10-10T11:47:03.9968234Z [Information] Sub-feas residual pass: residualDecodes=1 elapsedMs=4466 deadlineAbandoned=False containedException=False fittedSignals=15
2026-10-10T11:47:08.9091566Z [Information] Sub-feas residual pass: residualDecodes=2 elapsedMs=4411 deadlineAbandoned=False containedException=False fittedSignals=13
2026-10-10T11:47:14.0141433Z [Information] Sub-feas residual pass: residualDecodes=1 elapsedMs=4565 deadlineAbandoned=False containedException=False fittedSignals=14
2026-10-10T11:47:18.8618170Z [Information] Sub-feas residual pass: residualDecodes=4 elapsedMs=4319 deadlineAbandoned=False containedException=False fittedSignals=11
2026-10-10T11:47:23.7986277Z [Information] Sub-feas residual pass: residualDecodes=4 elapsedMs=4388 deadlineAbandoned=False containedException=False fittedSignals=11
2026-10-10T11:47:28.8616988Z [Information] Sub-feas residual pass: residualDecodes=2 elapsedMs=4502 deadlineAbandoned=False containedException=False fittedSignals=13
2026-10-10T11:47:34.1335591Z [Information] Sub-feas residual pass: residualDecodes=2 elapsedMs=4713 deadlineAbandoned=False containedException=False fittedSignals=14
2026-10-10T11:47:39.0512402Z [Information] Sub-feas residual pass: residualDecodes=3 elapsedMs=4399 deadlineAbandoned=False containedException=False fittedSignals=12
2026-10-10T11:47:43.9206834Z [Information] Sub-feas residual pass: residualDecodes=2 elapsedMs=4339 deadlineAbandoned=False containedException=False fittedSignals=13
2026-10-10T11:47:48.9772547Z [Information] Sub-feas residual pass: residualDecodes=1 elapsedMs=4525 deadlineAbandoned=False containedException=False fittedSignals=15
2026-10-10T11:47:54.0708977Z [Information] Sub-feas residual pass: residualDecodes=1 elapsedMs=4598 deadlineAbandoned=False containedException=False fittedSignals=16
2026-10-10T11:47:59.0378494Z [Information] Sub-feas residual pass: residualDecodes=2 elapsedMs=4459 deadlineAbandoned=False containedException=False fittedSignals=12
2026-10-10T11:48:04.0499673Z [Information] Sub-feas residual pass: residualDecodes=2 elapsedMs=4482 deadlineAbandoned=False containedException=False fittedSignals=13
2026-10-10T11:48:08.7500535Z [Information] Sub-feas residual pass: residualDecodes=4 elapsedMs=4277 deadlineAbandoned=False containedException=False fittedSignals=14
2026-10-10T11:48:13.6636784Z [Information] Sub-feas residual pass: residualDecodes=2 elapsedMs=4464 deadlineAbandoned=False containedException=False fittedSignals=14
2026-10-10T11:48:18.8378987Z [Information] Sub-feas residual pass: residualDecodes=3 elapsedMs=4644 deadlineAbandoned=False containedException=False fittedSignals=12
2026-10-10T11:48:23.9260752Z [Information] Sub-feas residual pass: residualDecodes=3 elapsedMs=4549 deadlineAbandoned=False containedException=False fittedSignals=13
2026-10-10T11:48:30.6759123Z [Information] Sub-feas residual pass: residualDecodes=2 elapsedMs=6271 deadlineAbandoned=False containedException=False fittedSignals=21
2026-10-10T11:48:38.7079737Z [Information] Sub-feas residual pass: residualDecodes=2 elapsedMs=7547 deadlineAbandoned=False containedException=False fittedSignals=22
2026-10-10T11:48:43.7339738Z [Information] Sub-feas residual pass: residualDecodes=4 elapsedMs=4519 deadlineAbandoned=False containedException=False fittedSignals=14
2026-10-10T11:48:48.6949743Z [Information] Sub-feas residual pass: residualDecodes=4 elapsedMs=4431 deadlineAbandoned=False containedException=False fittedSignals=14
2026-10-10T11:48:53.6772019Z [Information] Sub-feas residual pass: residualDecodes=3 elapsedMs=4461 deadlineAbandoned=False containedException=False fittedSignals=13
2026-10-10T11:48:58.7213739Z [Information] Sub-feas residual pass: residualDecodes=3 elapsedMs=4528 deadlineAbandoned=False containedException=False fittedSignals=13
2026-10-10T11:49:03.7912744Z [Information] Sub-feas residual pass: residualDecodes=3 elapsedMs=4518 deadlineAbandoned=False containedException=False fittedSignals=16
2026-10-10T11:49:08.8743813Z [Information] Sub-feas residual pass: residualDecodes=3 elapsedMs=4542 deadlineAbandoned=False containedException=False fittedSignals=15
2026-10-10T11:49:13.8977267Z [Information] Sub-feas residual pass: residualDecodes=3 elapsedMs=4456 deadlineAbandoned=False containedException=False fittedSignals=12
2026-10-10T11:49:18.9419213Z [Information] Sub-feas residual pass: residualDecodes=3 elapsedMs=4474 deadlineAbandoned=False containedException=False fittedSignals=12
2026-10-10T11:49:24.1629399Z [Information] Sub-feas residual pass: residualDecodes=3 elapsedMs=4668 deadlineAbandoned=False containedException=False fittedSignals=17
2026-10-10T11:49:30.6114106Z [Information] Sub-feas residual pass: residualDecodes=2 elapsedMs=5914 deadlineAbandoned=False containedException=False fittedSignals=18
2026-10-10T11:49:39.1726773Z [Information] Sub-feas residual pass: residualDecodes=4 elapsedMs=8061 deadlineAbandoned=False containedException=False fittedSignals=20
2026-10-10T11:49:47.8453429Z [Information] Sub-feas residual pass: residualDecodes=3 elapsedMs=8165 deadlineAbandoned=False containedException=False fittedSignals=20
2026-10-10T11:49:52.9173559Z [Information] Sub-feas residual pass: residualDecodes=2 elapsedMs=4554 deadlineAbandoned=False containedException=False fittedSignals=15
2026-10-10T11:49:57.9751605Z [Information] Sub-feas residual pass: residualDecodes=2 elapsedMs=4562 deadlineAbandoned=False containedException=False fittedSignals=15
2026-10-10T11:50:03.1192764Z [Information] Sub-feas residual pass: residualDecodes=3 elapsedMs=4549 deadlineAbandoned=False containedException=False fittedSignals=12
2026-10-10T11:50:08.1790424Z [Information] Sub-feas residual pass: residualDecodes=2 elapsedMs=4490 deadlineAbandoned=False containedException=False fittedSignals=13
2026-10-10T11:50:13.5408434Z [Information] Sub-feas residual pass: residualDecodes=3 elapsedMs=4773 deadlineAbandoned=False containedException=False fittedSignals=16
2026-10-10T11:50:20.0337722Z [Information] Sub-feas residual pass: residualDecodes=3 elapsedMs=5937 deadlineAbandoned=False containedException=False fittedSignals=17
2026-10-10T11:50:26.4369052Z [Information] Sub-feas residual pass: residualDecodes=3 elapsedMs=5898 deadlineAbandoned=False containedException=False fittedSignals=17
2026-10-10T11:50:32.6674822Z [Information] Sub-feas residual pass: residualDecodes=3 elapsedMs=5737 deadlineAbandoned=False containedException=False fittedSignals=17
2026-10-10T11:50:40.9116524Z [Information] Sub-feas residual pass: residualDecodes=4 elapsedMs=7706 deadlineAbandoned=False containedException=False fittedSignals=19
2026-10-10T11:50:48.6206116Z [Information] Sub-feas residual pass: residualDecodes=4 elapsedMs=7195 deadlineAbandoned=False containedException=False fittedSignals=18
2026-10-10T11:50:53.7710102Z [Information] Sub-feas residual pass: residualDecodes=0 elapsedMs=4599 deadlineAbandoned=False containedException=False fittedSignals=16
2026-10-10T11:50:58.9451202Z [Information] Sub-feas residual pass: residualDecodes=0 elapsedMs=4623 deadlineAbandoned=False containedException=False fittedSignals=15
2026-10-10T11:51:04.0447601Z [Information] Sub-feas residual pass: residualDecodes=3 elapsedMs=4539 deadlineAbandoned=False containedException=False fittedSignals=13
2026-10-10T11:51:09.2294388Z [Information] Sub-feas residual pass: residualDecodes=3 elapsedMs=4601 deadlineAbandoned=False containedException=False fittedSignals=12
2026-10-10T11:51:14.3122372Z [Information] Sub-feas residual pass: residualDecodes=1 elapsedMs=4540 deadlineAbandoned=False containedException=False fittedSignals=13
2026-10-10T11:51:19.3871422Z [Information] Sub-feas residual pass: residualDecodes=0 elapsedMs=4518 deadlineAbandoned=False containedException=False fittedSignals=13
2026-10-10T11:51:24.4825012Z [Information] Sub-feas residual pass: residualDecodes=0 elapsedMs=4555 deadlineAbandoned=False containedException=False fittedSignals=16
2026-10-10T11:51:29.5957399Z [Information] Sub-feas residual pass: residualDecodes=0 elapsedMs=4567 deadlineAbandoned=False containedException=False fittedSignals=16
2026-10-10T11:51:37.7637016Z [Information] Sub-feas residual pass: residualDecodes=1 elapsedMs=7653 deadlineAbandoned=False containedException=False fittedSignals=19
2026-10-10T11:51:45.8366006Z [Information] Sub-feas residual pass: residualDecodes=1 elapsedMs=7557 deadlineAbandoned=False containedException=False fittedSignals=19
2026-10-10T11:51:54.0265978Z [Information] Sub-feas residual pass: residualDecodes=1 elapsedMs=7677 deadlineAbandoned=False containedException=False fittedSignals=19
2026-10-10T11:52:01.6039395Z [Information] Sub-feas residual pass: residualDecodes=2 elapsedMs=7085 deadlineAbandoned=False containedException=False fittedSignals=18
2026-10-10T11:52:09.8077352Z [Information] Sub-feas residual pass: residualDecodes=3 elapsedMs=7697 deadlineAbandoned=False containedException=False fittedSignals=19
2026-10-10T11:52:17.9253070Z [Information] Sub-feas residual pass: residualDecodes=3 elapsedMs=7610 deadlineAbandoned=False containedException=False fittedSignals=19
2026-10-10T11:52:26.6387868Z [Information] Sub-feas residual pass: residualDecodes=1 elapsedMs=8236 deadlineAbandoned=False containedException=False fittedSignals=20
2026-10-10T11:52:35.4417850Z [Information] Sub-feas residual pass: residualDecodes=1 elapsedMs=8340 deadlineAbandoned=False containedException=False fittedSignals=20
2026-10-10T11:52:40.5046520Z [Information] Sub-feas residual pass: residualDecodes=3 elapsedMs=4569 deadlineAbandoned=False containedException=False fittedSignals=15
2026-10-10T11:52:45.5369727Z [Information] Sub-feas residual pass: residualDecodes=3 elapsedMs=4523 deadlineAbandoned=False containedException=False fittedSignals=15
2026-10-10T11:52:53.8424196Z [Information] Sub-feas residual pass: residualDecodes=4 elapsedMs=7764 deadlineAbandoned=False containedException=False fittedSignals=19
2026-10-10T11:53:01.5973964Z [Information] Sub-feas residual pass: residualDecodes=4 elapsedMs=7219 deadlineAbandoned=False containedException=False fittedSignals=18
2026-10-10T11:53:06.7887340Z [Information] Sub-feas residual pass: residualDecodes=2 elapsedMs=4668 deadlineAbandoned=False containedException=False fittedSignals=16
2026-10-10T11:53:12.0057495Z [Information] Sub-feas residual pass: residualDecodes=1 elapsedMs=4678 deadlineAbandoned=False containedException=False fittedSignals=16
2026-10-10T11:53:19.6615367Z [Information] Sub-feas residual pass: residualDecodes=2 elapsedMs=7105 deadlineAbandoned=False containedException=False fittedSignals=18
2026-10-10T11:53:27.7000605Z [Information] Sub-feas residual pass: residualDecodes=2 elapsedMs=7501 deadlineAbandoned=False containedException=False fittedSignals=19
2026-10-10T11:53:32.7929759Z [Information] Sub-feas residual pass: residualDecodes=0 elapsedMs=4518 deadlineAbandoned=False containedException=False fittedSignals=15
2026-10-10T11:53:37.9008363Z [Information] Sub-feas residual pass: residualDecodes=0 elapsedMs=4540 deadlineAbandoned=False containedException=False fittedSignals=15
2026-10-10T11:53:43.0540886Z [Information] Sub-feas residual pass: residualDecodes=4 elapsedMs=4661 deadlineAbandoned=False containedException=False fittedSignals=16
2026-10-10T11:53:48.3917678Z [Information] Sub-feas residual pass: residualDecodes=4 elapsedMs=4824 deadlineAbandoned=False containedException=False fittedSignals=16
# readback end subtractionEnabled=True threadsConfigured=8 cores=16 nhard=24 kMinScorePass2=10 osdCorrThreshold=0.10 shim=20260061 osdSignFixSet=1 osdSignFixRead=1 label=STRONG-MISS-20261009_1752
