cycle_stem,epoch,utc,lag_s,lag_subsample_s,peak_corr,label_offset_s
260803_171315,0,2026-08-03T17:13:15Z,,,,+0.00000
260803_171330,0,2026-08-03T17:13:30Z,,,,+0.00000
260803_171345,0,2026-08-03T17:13:45Z,,,,+0.00000
260803_171400,0,2026-08-03T17:14:00Z,,,,+0.00000
260803_171415,0,2026-08-03T17:14:15Z,,,,+0.00000
260803_171430,0,2026-08-03T17:14:30Z,,,,+0.00000
260803_171445,0,2026-08-03T17:14:45Z,,,,+0.00000
260803_171500,0,2026-08-03T17:15:00Z,,,,+0.00000
260803_171515,0,2026-08-03T17:15:15Z,,,,+0.00000
260803_171530,0,2026-08-03T17:15:30Z,,,,+0.00000
260803_171545,0,2026-08-03T17:15:45Z,-0.03517,-0.03516,0.9881,+0.00000
260803_171600,0,2026-08-03T17:16:00Z,,,,+0.00000
260803_171615,0,2026-08-03T17:16:15Z,,,,+0.00000
260803_171630,0,2026-08-03T17:16:30Z,,,,+0.00000
260803_171645,0,2026-08-03T17:16:45Z,,,,+0.00000
260803_171700,0,2026-08-03T17:17:00Z,,,,+0.00000
260803_171715,0,2026-08-03T17:17:15Z,,,,+0.00000
260803_171730,0,2026-08-03T17:17:30Z,,,,+0.00000
260803_171745,0,2026-08-03T17:17:45Z,,,,+0.00000
260803_171800,0,2026-08-03T17:18:00Z,,,,+0.00000
260803_171815,0,2026-08-03T17:18:15Z,-0.02308,-0.02308,0.9887,+0.00000
260803_171830,0,2026-08-03T17:18:30Z,,,,+0.00000
260803_171845,0,2026-08-03T17:18:45Z,,,,+0.00000
260803_171900,0,2026-08-03T17:19:00Z,,,,+0.00000
260803_171915,0,2026-08-03T17:19:15Z,,,,+0.00000
260803_171930,0,2026-08-03T17:19:30Z,,,,+0.00000
260803_171945,0,2026-08-03T17:19:45Z,,,,+0.00000
260803_172000,0,2026-08-03T17:20:00Z,,,,+0.00000
260803_172015,0,2026-08-03T17:20:15Z,,,,+0.00000
260803_172030,0,2026-08-03T17:20:30Z,,,,+0.00000
260803_172045,0,2026-08-03T17:20:45Z,-0.02150,-0.02149,0.9913,+0.00000
260803_172100,0,2026-08-03T17:21:00Z,,,,+0.00000
260803_172115,0,2026-08-03T17:21:15Z,,,,+0.00000
260803_172130,0,2026-08-03T17:21:30Z,,,,+0.00000
260803_172145,0,2026-08-03T17:21:45Z,,,,+0.00000
260803_172200,0,2026-08-03T17:22:00Z,,,,+0.00000
260803_172215,0,2026-08-03T17:22:15Z,,,,+0.00000
260803_172230,0,2026-08-03T17:22:30Z,,,,+0.00000
260803_172245,0,2026-08-03T17:22:45Z,,,,+0.00000
260803_172300,0,2026-08-03T17:23:00Z,,,,+0.00000
260803_172315,0,2026-08-03T17:23:15Z,-0.01558,-0.01558,0.9917,+0.00000
260803_172330,0,2026-08-03T17:23:30Z,,,,+0.00000
260803_172345,0,2026-08-03T17:23:45Z,,,,+0.00000
260803_172400,0,2026-08-03T17:24:00Z,,,,+0.00000
260803_172415,0,2026-08-03T17:24:15Z,,,,+0.00000
260803_172430,0,2026-08-03T17:24:30Z,,,,+0.00000
260803_172445,0,2026-08-03T17:24:45Z,,,,+0.00000
260803_172500,0,2026-08-03T17:25:00Z,,,,+0.00000
260803_172515,0,2026-08-03T17:25:15Z,,,,+0.00000
260803_172530,0,2026-08-03T17:25:30Z,,,,+0.00000
260803_172545,0,2026-08-03T17:25:45Z,-0.00217,-0.00216,0.9904,+0.00000
260803_172600,0,2026-08-03T17:26:00Z,,,,+0.00000
260803_172615,0,2026-08-03T17:26:15Z,,,,+0.00000
260803_172630,0,2026-08-03T17:26:30Z,,,,+0.00000
260803_172645,0,2026-08-03T17:26:45Z,,,,+0.00000
260803_172700,0,2026-08-03T17:27:00Z,,,,+0.00000
260803_172715,0,2026-08-03T17:27:15Z,,,,+0.00000
260803_172730,0,2026-08-03T17:27:30Z,,,,+0.00000
260803_172745,0,2026-08-03T17:27:45Z,,,,+0.00000
260803_172800,0,2026-08-03T17:28:00Z,,,,+0.00000
260803_172815,0,2026-08-03T17:28:15Z,+0.00408,+0.00409,0.9916,+0.00000
260803_172830,0,2026-08-03T17:28:30Z,,,,+0.00000
260803_172845,0,2026-08-03T17:28:45Z,,,,+0.00000
260803_172900,0,2026-08-03T17:29:00Z,,,,+0.00000
260803_172915,0,2026-08-03T17:29:15Z,,,,+0.00000
260803_172930,0,2026-08-03T17:29:30Z,,,,+0.00000
260803_172945,0,2026-08-03T17:29:45Z,,,,+0.00000
260803_173000,0,2026-08-03T17:30:00Z,,,,+0.00000
260803_173015,0,2026-08-03T17:30:15Z,,,,+0.00000
260803_173030,0,2026-08-03T17:30:30Z,,,,+0.00000
260803_173045,0,2026-08-03T17:30:45Z,-0.03150,-0.03149,0.9831,+0.00000
260803_173100,0,2026-08-03T17:31:00Z,,,,+0.00000
260803_173115,0,2026-08-03T17:31:15Z,,,,+0.00000
260803_173130,0,2026-08-03T17:31:30Z,,,,+0.00000
260803_173145,0,2026-08-03T17:31:45Z,,,,+0.00000
260803_173200,0,2026-08-03T17:32:00Z,,,,+0.00000
260803_173215,0,2026-08-03T17:32:15Z,,,,+0.00000
260803_173230,0,2026-08-03T17:32:30Z,,,,+0.00000
260803_173245,0,2026-08-03T17:32:45Z,,,,+0.00000
260803_173300,0,2026-08-03T17:33:00Z,,,,+0.00000
260803_173315,0,2026-08-03T17:33:15Z,-0.02450,-0.02450,0.9892,+0.00000
260803_173330,0,2026-08-03T17:33:30Z,,,,+0.00000
260803_173345,0,2026-08-03T17:33:45Z,,,,+0.00000
260803_173400,0,2026-08-03T17:34:00Z,,,,+0.00000
260803_173415,0,2026-08-03T17:34:15Z,,,,+0.00000
260803_173430,0,2026-08-03T17:34:30Z,,,,+0.00000
260803_173445,0,2026-08-03T17:34:45Z,,,,+0.00000
260803_173500,0,2026-08-03T17:35:00Z,,,,+0.00000
260803_173515,0,2026-08-03T17:35:15Z,,,,+0.00000
260803_173530,0,2026-08-03T17:35:30Z,,,,+0.00000
260803_173545,0,2026-08-03T17:35:45Z,-0.01850,-0.01849,0.9976,+0.00000
260803_173600,0,2026-08-03T17:36:00Z,,,,+0.00000
260803_173615,0,2026-08-03T17:36:15Z,,,,+0.00000
260803_173630,0,2026-08-03T17:36:30Z,,,,+0.00000
260803_173645,0,2026-08-03T17:36:45Z,,,,+0.00000
260803_173700,0,2026-08-03T17:37:00Z,,,,+0.00000
260803_173715,0,2026-08-03T17:37:15Z,,,,+0.00000
260803_173730,0,2026-08-03T17:37:30Z,,,,+0.00000
260803_173745,0,2026-08-03T17:37:45Z,,,,+0.00000
260803_173800,0,2026-08-03T17:38:00Z,,,,+0.00000
260803_173815,0,2026-08-03T17:38:15Z,-0.00633,-0.00633,0.9719,+0.00000
260803_173830,0,2026-08-03T17:38:30Z,,,,+0.00000
260803_173845,0,2026-08-03T17:38:45Z,,,,+0.00000
260803_173900,0,2026-08-03T17:39:00Z,,,,+0.00000
260803_173915,0,2026-08-03T17:39:15Z,,,,+0.00000
260803_173930,0,2026-08-03T17:39:30Z,,,,+0.00000
260803_173945,0,2026-08-03T17:39:45Z,,,,+0.00000
260803_174000,0,2026-08-03T17:40:00Z,,,,+0.00000
260803_174015,0,2026-08-03T17:40:15Z,,,,+0.00000
260803_174030,0,2026-08-03T17:40:30Z,,,,+0.00000
260803_174045,0,2026-08-03T17:40:45Z,+0.00050,+0.00050,0.9830,+0.00000
260803_174100,0,2026-08-03T17:41:00Z,,,,+0.00000
260803_174115,0,2026-08-03T17:41:15Z,,,,+0.00000
260803_174130,0,2026-08-03T17:41:30Z,,,,+0.00000
260803_174145,0,2026-08-03T17:41:45Z,,,,+0.00000
260803_174200,0,2026-08-03T17:42:00Z,,,,+0.00000
260803_174215,0,2026-08-03T17:42:15Z,,,,+0.00000
260803_174230,0,2026-08-03T17:42:30Z,,,,+0.00000
260803_174245,0,2026-08-03T17:42:45Z,,,,+0.00000
260803_174300,0,2026-08-03T17:43:00Z,,,,+0.00000
260803_174315,0,2026-08-03T17:43:15Z,-0.03308,-0.03308,0.9590,+0.00000
260803_174330,0,2026-08-03T17:43:30Z,,,,+0.00000
260803_174345,0,2026-08-03T17:43:45Z,,,,+0.00000
260803_174400,0,2026-08-03T17:44:00Z,,,,+0.00000
260803_174415,0,2026-08-03T17:44:15Z,,,,+0.00000
260803_174430,0,2026-08-03T17:44:30Z,,,,+0.00000
260803_174445,0,2026-08-03T17:44:45Z,,,,+0.00000
260803_174500,0,2026-08-03T17:45:00Z,,,,+0.00000
260803_174515,0,2026-08-03T17:45:15Z,,,,+0.00000
260803_174530,0,2026-08-03T17:45:30Z,,,,+0.00000
260803_174545,0,2026-08-03T17:45:45Z,-0.02175,-0.02174,0.9776,+0.00000
260803_174600,0,2026-08-03T17:46:00Z,,,,+0.00000
260803_174615,0,2026-08-03T17:46:15Z,,,,+0.00000
260803_174630,0,2026-08-03T17:46:30Z,,,,+0.00000
260803_174645,0,2026-08-03T17:46:45Z,,,,+0.00000
260803_174700,0,2026-08-03T17:47:00Z,,,,+0.00000
260803_174715,0,2026-08-03T17:47:15Z,,,,+0.00000
260803_174730,0,2026-08-03T17:47:30Z,,,,+0.00000
260803_174745,0,2026-08-03T17:47:45Z,,,,+0.00000
260803_174800,0,2026-08-03T17:48:00Z,,,,+0.00000
260803_174815,0,2026-08-03T17:48:15Z,-0.00883,-0.00883,0.9902,+0.00000
260803_174830,0,2026-08-03T17:48:30Z,,,,+0.00000
260803_174845,0,2026-08-03T17:48:45Z,,,,+0.00000
260803_174900,0,2026-08-03T17:49:00Z,,,,+0.00000
260803_174915,0,2026-08-03T17:49:15Z,,,,+0.00000
260803_174930,0,2026-08-03T17:49:30Z,,,,+0.00000
260803_174945,0,2026-08-03T17:49:45Z,,,,+0.00000
260803_175000,0,2026-08-03T17:50:00Z,,,,+0.00000
260803_175015,0,2026-08-03T17:50:15Z,,,,+0.00000
260803_175030,0,2026-08-03T17:50:30Z,,,,+0.00000
260803_175045,0,2026-08-03T17:50:45Z,-0.00650,-0.00650,0.9949,+0.00000
260803_175100,0,2026-08-03T17:51:00Z,,,,+0.00000
260803_175115,0,2026-08-03T17:51:15Z,,,,+0.00000
260803_175130,0,2026-08-03T17:51:30Z,,,,+0.00000
260803_175145,0,2026-08-03T17:51:45Z,,,,+0.00000
260803_175200,0,2026-08-03T17:52:00Z,,,,+0.00000
260803_175215,0,2026-08-03T17:52:15Z,,,,+0.00000
260803_175230,0,2026-08-03T17:52:30Z,,,,+0.00000
260803_175245,0,2026-08-03T17:52:45Z,,,,+0.00000
260803_175300,0,2026-08-03T17:53:00Z,,,,+0.00000
260803_175315,0,2026-08-03T17:53:15Z,-0.03767,-0.03766,0.9956,+0.00000
260803_175330,0,2026-08-03T17:53:30Z,,,,+0.00000
260803_175345,0,2026-08-03T17:53:45Z,,,,+0.00000
260803_175400,0,2026-08-03T17:54:00Z,,,,+0.00000
260803_175415,0,2026-08-03T17:54:15Z,,,,+0.00000
260803_175430,0,2026-08-03T17:54:30Z,,,,+0.00000
260803_175445,0,2026-08-03T17:54:45Z,,,,+0.00000
260803_175500,0,2026-08-03T17:55:00Z,,,,+0.00000
260803_175515,0,2026-08-03T17:55:15Z,,,,+0.00000
260803_175530,0,2026-08-03T17:55:30Z,,,,+0.00000
260803_175545,0,2026-08-03T17:55:45Z,-0.02500,-0.02500,0.9937,+0.00000
260803_175600,0,2026-08-03T17:56:00Z,,,,+0.00000
260803_175615,0,2026-08-03T17:56:15Z,,,,+0.00000
260803_175630,0,2026-08-03T17:56:30Z,,,,+0.00000
260803_175645,0,2026-08-03T17:56:45Z,,,,+0.00000
260803_175700,0,2026-08-03T17:57:00Z,,,,+0.00000
260803_175715,0,2026-08-03T17:57:15Z,,,,+0.00000
260803_175730,0,2026-08-03T17:57:30Z,,,,+0.00000
260803_175745,0,2026-08-03T17:57:45Z,,,,+0.00000
260803_175800,0,2026-08-03T17:58:00Z,,,,+0.00000
260803_175815,0,2026-08-03T17:58:15Z,-0.02342,-0.02341,0.9944,+0.00000
260803_175830,0,2026-08-03T17:58:30Z,,,,+0.00000
260803_175845,0,2026-08-03T17:58:45Z,,,,+0.00000
260803_175900,0,2026-08-03T17:59:00Z,,,,+0.00000
260803_175915,0,2026-08-03T17:59:15Z,,,,+0.00000
260803_175930,0,2026-08-03T17:59:30Z,,,,+0.00000
260803_175945,0,2026-08-03T17:59:45Z,,,,+0.00000
260803_180000,0,2026-08-03T18:00:00Z,,,,+0.00000
260803_180015,0,2026-08-03T18:00:15Z,,,,+0.00000
260803_180030,0,2026-08-03T18:00:30Z,,,,+0.00000
260803_180045,0,2026-08-03T18:00:45Z,-0.01833,-0.01833,0.9928,+0.00000
260803_180100,0,2026-08-03T18:01:00Z,,,,+0.00000
260803_180115,0,2026-08-03T18:01:15Z,,,,+0.00000
260803_180130,0,2026-08-03T18:01:30Z,,,,+0.00000
260803_180145,0,2026-08-03T18:01:45Z,,,,+0.00000
260803_180200,0,2026-08-03T18:02:00Z,,,,+0.00000
260803_180215,0,2026-08-03T18:02:15Z,,,,+0.00000
260803_180230,0,2026-08-03T18:02:30Z,,,,+0.00000
260803_180245,0,2026-08-03T18:02:45Z,,,,+0.00000
260803_180300,0,2026-08-03T18:03:00Z,,,,+0.00000
260803_180315,0,2026-08-03T18:03:15Z,-0.01058,-0.01058,0.9925,+0.00000
260803_180330,0,2026-08-03T18:03:30Z,,,,+0.00000
260803_180345,0,2026-08-03T18:03:45Z,,,,+0.00000
260803_180400,0,2026-08-03T18:04:00Z,,,,+0.00000
260803_180415,0,2026-08-03T18:04:15Z,,,,+0.00000
260803_180430,0,2026-08-03T18:04:30Z,,,,+0.00000
260803_180445,0,2026-08-03T18:04:45Z,,,,+0.00000
260803_180500,0,2026-08-03T18:05:00Z,,,,+0.00000
260803_180515,0,2026-08-03T18:05:15Z,,,,+0.00000
260803_180530,0,2026-08-03T18:05:30Z,,,,+0.00000
260803_180545,0,2026-08-03T18:05:45Z,+0.00375,+0.00376,0.9956,+0.00000
260803_180600,0,2026-08-03T18:06:00Z,,,,+0.00000
260803_180615,0,2026-08-03T18:06:15Z,,,,+0.00000
260803_180630,0,2026-08-03T18:06:30Z,,,,+0.00000
260803_180645,0,2026-08-03T18:06:45Z,,,,+0.00000
260803_180700,0,2026-08-03T18:07:00Z,,,,+0.00000
260803_180715,0,2026-08-03T18:07:15Z,,,,+0.00000
260803_180730,0,2026-08-03T18:07:30Z,,,,+0.00000
260803_180745,0,2026-08-03T18:07:45Z,,,,+0.00000
260803_180800,0,2026-08-03T18:08:00Z,,,,+0.00000
260803_180815,0,2026-08-03T18:08:15Z,-0.03342,-0.03341,0.9928,+0.00000
260803_180830,0,2026-08-03T18:08:30Z,,,,+0.00000
260803_180845,0,2026-08-03T18:08:45Z,,,,+0.00000
260803_180900,0,2026-08-03T18:09:00Z,,,,+0.00000
260803_180915,0,2026-08-03T18:09:15Z,,,,+0.00000
260803_180930,0,2026-08-03T18:09:30Z,,,,+0.00000
260803_180945,0,2026-08-03T18:09:45Z,,,,+0.00000
260803_181000,0,2026-08-03T18:10:00Z,,,,+0.00000
260803_181015,0,2026-08-03T18:10:15Z,,,,+0.00000
260803_181030,0,2026-08-03T18:10:30Z,,,,+0.00000
260803_181045,0,2026-08-03T18:10:45Z,-0.02458,-0.02458,0.9798,+0.00000
260803_181100,0,2026-08-03T18:11:00Z,,,,+0.00000
260803_181115,0,2026-08-03T18:11:15Z,,,,+0.00000
260803_181130,0,2026-08-03T18:11:30Z,,,,+0.00000
260803_181145,0,2026-08-03T18:11:45Z,,,,+0.00000
260803_181200,0,2026-08-03T18:12:00Z,,,,+0.00000
260803_181215,0,2026-08-03T18:12:15Z,,,,+0.00000
260803_181230,0,2026-08-03T18:12:30Z,,,,+0.00000
260803_181245,0,2026-08-03T18:12:45Z,,,,+0.00000
260803_181300,0,2026-08-03T18:13:00Z,,,,+0.00000
260803_181315,0,2026-08-03T18:13:15Z,-0.01750,-0.01749,0.9950,+0.00000
260803_181330,0,2026-08-03T18:13:30Z,,,,+0.00000
260803_181345,0,2026-08-03T18:13:45Z,,,,+0.00000
260803_181400,0,2026-08-03T18:14:00Z,,,,+0.00000
260803_181415,0,2026-08-03T18:14:15Z,,,,+0.00000
260803_181430,0,2026-08-03T18:14:30Z,,,,+0.00000
260803_181445,0,2026-08-03T18:14:45Z,,,,+0.00000
260803_181500,0,2026-08-03T18:15:00Z,,,,+0.00000
260803_181515,0,2026-08-03T18:15:15Z,,,,+0.00000
260803_181530,0,2026-08-03T18:15:30Z,,,,+0.00000
260803_181545,0,2026-08-03T18:15:45Z,-0.01083,-0.01083,0.9946,+0.00000
260803_181600,0,2026-08-03T18:16:00Z,,,,+0.00000
260803_181615,0,2026-08-03T18:16:15Z,,,,+0.00000
260803_181630,0,2026-08-03T18:16:30Z,,,,+0.00000
260803_181645,0,2026-08-03T18:16:45Z,,,,+0.00000
260803_181700,0,2026-08-03T18:17:00Z,,,,+0.00000
260803_181715,0,2026-08-03T18:17:15Z,,,,+0.00000
260803_181730,0,2026-08-03T18:17:30Z,,,,+0.00000
260803_181745,0,2026-08-03T18:17:45Z,,,,+0.00000
260803_181800,0,2026-08-03T18:18:00Z,,,,+0.00000
260803_181815,0,2026-08-03T18:18:15Z,-0.00858,-0.00858,0.9951,+0.00000
260803_181830,0,2026-08-03T18:18:30Z,,,,+0.00000
260803_181845,0,2026-08-03T18:18:45Z,,,,+0.00000
260803_181900,0,2026-08-03T18:19:00Z,,,,+0.00000
260803_181915,0,2026-08-03T18:19:15Z,,,,+0.00000
260803_181930,0,2026-08-03T18:19:30Z,,,,+0.00000
260803_181945,0,2026-08-03T18:19:45Z,,,,+0.00000
260803_182000,0,2026-08-03T18:20:00Z,,,,+0.00000
260803_182015,0,2026-08-03T18:20:15Z,,,,+0.00000
260803_182030,0,2026-08-03T18:20:30Z,,,,+0.00000
260803_182045,0,2026-08-03T18:20:45Z,+0.00283,+0.00284,0.9940,+0.00000
260803_182100,0,2026-08-03T18:21:00Z,,,,+0.00000
260803_182115,0,2026-08-03T18:21:15Z,,,,+0.00000
260803_182130,0,2026-08-03T18:21:30Z,,,,+0.00000
260803_182145,0,2026-08-03T18:21:45Z,,,,+0.00000
260803_182200,0,2026-08-03T18:22:00Z,,,,+0.00000
260803_182215,0,2026-08-03T18:22:15Z,,,,+0.00000
260803_182230,0,2026-08-03T18:22:30Z,,,,+0.00000
260803_182245,0,2026-08-03T18:22:45Z,,,,+0.00000
260803_182300,0,2026-08-03T18:23:00Z,,,,+0.00000
260803_182315,0,2026-08-03T18:23:15Z,-0.02892,-0.02891,0.9932,+0.00000
260803_182330,0,2026-08-03T18:23:30Z,,,,+0.00000
260803_182345,0,2026-08-03T18:23:45Z,,,,+0.00000
260803_182400,0,2026-08-03T18:24:00Z,,,,+0.00000
260803_182415,0,2026-08-03T18:24:15Z,,,,+0.00000
260803_182430,0,2026-08-03T18:24:30Z,,,,+0.00000
260803_182445,0,2026-08-03T18:24:45Z,,,,+0.00000
260803_182500,0,2026-08-03T18:25:00Z,,,,+0.00000
260803_182515,0,2026-08-03T18:25:15Z,,,,+0.00000
260803_182530,0,2026-08-03T18:25:30Z,,,,+0.00000
260803_182545,0,2026-08-03T18:25:45Z,-0.01867,-0.01866,0.9944,+0.00000
260803_182600,0,2026-08-03T18:26:00Z,,,,+0.00000
260803_182615,0,2026-08-03T18:26:15Z,,,,+0.00000
260803_182630,0,2026-08-03T18:26:30Z,,,,+0.00000
260803_182645,0,2026-08-03T18:26:45Z,,,,+0.00000
260803_182700,0,2026-08-03T18:27:00Z,,,,+0.00000
260803_182715,0,2026-08-03T18:27:15Z,,,,+0.00000
260803_182730,0,2026-08-03T18:27:30Z,,,,+0.00000
260803_182745,0,2026-08-03T18:27:45Z,,,,+0.00000
260803_182800,0,2026-08-03T18:28:00Z,,,,+0.00000
260803_182815,0,2026-08-03T18:28:15Z,-0.02092,-0.02091,0.9948,+0.00000
260803_182830,0,2026-08-03T18:28:30Z,,,,+0.00000
260803_182845,0,2026-08-03T18:28:45Z,,,,+0.00000
260803_182900,0,2026-08-03T18:29:00Z,,,,+0.00000
260803_182915,0,2026-08-03T18:29:15Z,,,,+0.00000
260803_182930,0,2026-08-03T18:29:30Z,,,,+0.00000
260803_182945,0,2026-08-03T18:29:45Z,,,,+0.00000
260803_183000,0,2026-08-03T18:30:00Z,,,,+0.00000
260803_183015,0,2026-08-03T18:30:15Z,,,,+0.00000
260803_183030,0,2026-08-03T18:30:30Z,,,,+0.00000
260803_183045,0,2026-08-03T18:30:45Z,-0.00475,-0.00475,0.9944,+0.00000
260803_183100,0,2026-08-03T18:31:00Z,,,,+0.00000
260803_183115,0,2026-08-03T18:31:15Z,,,,+0.00000
260803_183130,0,2026-08-03T18:31:30Z,,,,+0.00000
260803_183145,0,2026-08-03T18:31:45Z,,,,+0.00000
260803_183200,0,2026-08-03T18:32:00Z,,,,+0.00000
260803_183215,0,2026-08-03T18:32:15Z,,,,+0.00000
260803_183230,0,2026-08-03T18:32:30Z,,,,+0.00000
260803_183245,0,2026-08-03T18:32:45Z,,,,+0.00000
260803_183300,0,2026-08-03T18:33:00Z,,,,+0.00000
260803_183315,0,2026-08-03T18:33:15Z,+0.00208,+0.00209,0.9883,+0.00000
260803_183330,0,2026-08-03T18:33:30Z,,,,+0.00000
260803_183345,0,2026-08-03T18:33:45Z,,,,+0.00000
260803_183400,0,2026-08-03T18:34:00Z,,,,+0.00000
260803_183415,0,2026-08-03T18:34:15Z,,,,+0.00000
260803_183430,0,2026-08-03T18:34:30Z,,,,+0.00000
260803_183445,0,2026-08-03T18:34:45Z,,,,+0.00000
260803_183500,0,2026-08-03T18:35:00Z,,,,+0.00000
260803_183515,0,2026-08-03T18:35:15Z,,,,+0.00000
260803_183530,0,2026-08-03T18:35:30Z,,,,+0.00000
260803_183545,0,2026-08-03T18:35:45Z,-0.03158,-0.03158,0.9907,+0.00000
260803_183600,0,2026-08-03T18:36:00Z,,,,+0.00000
260803_183615,0,2026-08-03T18:36:15Z,,,,+0.00000
260803_183630,0,2026-08-03T18:36:30Z,,,,+0.00000
260803_183645,0,2026-08-03T18:36:45Z,,,,+0.00000
260803_183700,0,2026-08-03T18:37:00Z,,,,+0.00000
260803_183715,0,2026-08-03T18:37:15Z,,,,+0.00000
260803_183730,0,2026-08-03T18:37:30Z,,,,+0.00000
260803_183745,0,2026-08-03T18:37:45Z,,,,+0.00000
260803_183800,0,2026-08-03T18:38:00Z,,,,+0.00000
260803_183815,0,2026-08-03T18:38:15Z,-0.01033,-0.01033,0.9890,+0.00000
260803_183830,0,2026-08-03T18:38:30Z,,,,+0.00000
260803_183845,0,2026-08-03T18:38:45Z,,,,+0.00000
260803_183900,0,2026-08-03T18:39:00Z,,,,+0.00000
260803_183915,0,2026-08-03T18:39:15Z,,,,+0.00000
260803_183930,0,2026-08-03T18:39:30Z,,,,+0.00000
260803_183945,0,2026-08-03T18:39:45Z,,,,+0.00000
260803_184000,0,2026-08-03T18:40:00Z,,,,+0.00000
260803_184015,0,2026-08-03T18:40:15Z,,,,+0.00000
260803_184030,0,2026-08-03T18:40:30Z,,,,+0.00000
260803_184045,0,2026-08-03T18:40:45Z,+0.00158,+0.00159,0.9987,+0.00000
260803_184100,0,2026-08-03T18:41:00Z,,,,+0.00000
260803_184115,0,2026-08-03T18:41:15Z,,,,+0.00000
260803_184130,0,2026-08-03T18:41:30Z,,,,+0.00000
260803_184145,0,2026-08-03T18:41:45Z,,,,+0.00000
260803_184200,0,2026-08-03T18:42:00Z,,,,+0.00000
260803_184215,0,2026-08-03T18:42:15Z,,,,+0.00000
260803_184230,0,2026-08-03T18:42:30Z,,,,+0.00000
260803_184245,0,2026-08-03T18:42:45Z,,,,+0.00000
260803_184300,0,2026-08-03T18:43:00Z,,,,+0.00000
260803_184315,0,2026-08-03T18:43:15Z,-0.02875,-0.02875,0.9939,+0.00000
260803_184330,0,2026-08-03T18:43:30Z,,,,+0.00000
260803_184345,0,2026-08-03T18:43:45Z,,,,+0.00000
260803_184400,0,2026-08-03T18:44:00Z,,,,+0.00000
260803_184415,0,2026-08-03T18:44:15Z,,,,+0.00000
260803_184430,0,2026-08-03T18:44:30Z,,,,+0.00000
260803_184445,0,2026-08-03T18:44:45Z,,,,+0.00000
260803_184500,0,2026-08-03T18:45:00Z,,,,+0.00000
260803_184515,0,2026-08-03T18:45:15Z,,,,+0.00000
260803_184530,0,2026-08-03T18:45:30Z,,,,+0.00000
260803_184545,0,2026-08-03T18:45:45Z,-0.02300,-0.02299,0.9769,+0.00000
260803_184600,0,2026-08-03T18:46:00Z,,,,+0.00000
260803_184615,0,2026-08-03T18:46:15Z,,,,+0.00000
260803_184630,0,2026-08-03T18:46:30Z,,,,+0.00000
260803_184645,0,2026-08-03T18:46:45Z,,,,+0.00000
260803_184700,0,2026-08-03T18:47:00Z,,,,+0.00000
260803_184715,0,2026-08-03T18:47:15Z,,,,+0.00000
260803_184730,0,2026-08-03T18:47:30Z,,,,+0.00000
260803_184745,0,2026-08-03T18:47:45Z,,,,+0.00000
260803_184800,0,2026-08-03T18:48:00Z,,,,+0.00000
260803_184815,0,2026-08-03T18:48:15Z,-0.02283,-0.02283,0.9958,+0.00000
260803_184830,0,2026-08-03T18:48:30Z,,,,+0.00000
260803_184845,0,2026-08-03T18:48:45Z,,,,+0.00000
260803_184900,0,2026-08-03T18:49:00Z,,,,+0.00000
260803_184915,0,2026-08-03T18:49:15Z,,,,+0.00000
260803_184930,0,2026-08-03T18:49:30Z,,,,+0.00000
260803_184945,0,2026-08-03T18:49:45Z,,,,+0.00000
260803_185000,0,2026-08-03T18:50:00Z,,,,+0.00000
260803_185015,0,2026-08-03T18:50:15Z,,,,+0.00000
260803_185030,0,2026-08-03T18:50:30Z,,,,+0.00000
260803_185045,0,2026-08-03T18:50:45Z,-0.00917,-0.00916,0.9987,+0.00000
260803_185100,0,2026-08-03T18:51:00Z,,,,+0.00000
260803_185115,0,2026-08-03T18:51:15Z,,,,+0.00000
260803_185130,0,2026-08-03T18:51:30Z,,,,+0.00000
260803_185145,0,2026-08-03T18:51:45Z,,,,+0.00000
260803_185200,0,2026-08-03T18:52:00Z,,,,+0.00000
260803_185215,0,2026-08-03T18:52:15Z,,,,+0.00000
260803_185230,0,2026-08-03T18:52:30Z,,,,+0.00000
260803_185245,0,2026-08-03T18:52:45Z,,,,+0.00000
260803_185300,0,2026-08-03T18:53:00Z,,,,+0.00000
260803_185315,0,2026-08-03T18:53:15Z,-0.00167,-0.00166,0.9910,+0.00000
260803_185330,0,2026-08-03T18:53:30Z,,,,+0.00000
260803_185345,0,2026-08-03T18:53:45Z,,,,+0.00000
260803_185400,0,2026-08-03T18:54:00Z,,,,+0.00000
260803_185415,0,2026-08-03T18:54:15Z,,,,+0.00000
260803_185430,0,2026-08-03T18:54:30Z,,,,+0.00000
260803_185445,0,2026-08-03T18:54:45Z,,,,+0.00000
260803_185500,0,2026-08-03T18:55:00Z,,,,+0.00000
260803_185515,0,2026-08-03T18:55:15Z,,,,+0.00000
260803_185530,0,2026-08-03T18:55:30Z,,,,+0.00000
260803_185545,0,2026-08-03T18:55:45Z,+0.00717,+0.00717,0.9907,+0.00000
260803_185600,0,2026-08-03T18:56:00Z,,,,+0.00000
260803_185615,0,2026-08-03T18:56:15Z,,,,+0.00000
260803_185630,0,2026-08-03T18:56:30Z,,,,+0.00000
260803_185645,0,2026-08-03T18:56:45Z,,,,+0.00000
260803_185700,0,2026-08-03T18:57:00Z,,,,+0.00000
260803_185715,0,2026-08-03T18:57:15Z,,,,+0.00000
260803_185730,0,2026-08-03T18:57:30Z,,,,+0.00000
260803_185745,0,2026-08-03T18:57:45Z,,,,+0.00000
260803_185900,0,2026-08-03T18:59:00Z,,,,+0.00000
260803_185915,1,2026-08-03T18:59:15Z,-0.09533,-0.09533,0.9958,+0.00000
260803_185930,1,2026-08-03T18:59:30Z,,,,+0.00000
260803_185945,1,2026-08-03T18:59:45Z,,,,+0.00000
260803_190000,1,2026-08-03T19:00:00Z,,,,+0.00000
260803_190015,1,2026-08-03T19:00:15Z,,,,+0.00000
260803_190030,1,2026-08-03T19:00:30Z,,,,+0.00000
260803_190045,1,2026-08-03T19:00:45Z,,,,+0.00000
260803_190100,1,2026-08-03T19:01:00Z,,,,+0.00000
260803_190115,1,2026-08-03T19:01:15Z,,,,+0.00000
260803_190130,1,2026-08-03T19:01:30Z,,,,+0.00000
260803_190145,1,2026-08-03T19:01:45Z,-0.01908,-0.01908,0.9971,+0.00000
260803_190200,1,2026-08-03T19:02:00Z,,,,+0.00000
260803_190215,1,2026-08-03T19:02:15Z,,,,+0.00000
260803_190230,1,2026-08-03T19:02:30Z,,,,+0.00000
260803_190245,1,2026-08-03T19:02:45Z,,,,+0.00000
260803_190300,1,2026-08-03T19:03:00Z,,,,+0.00000
260803_190315,1,2026-08-03T19:03:15Z,,,,+0.00000
260803_190330,1,2026-08-03T19:03:30Z,,,,+0.00000
260803_190345,1,2026-08-03T19:03:45Z,,,,+0.00000
260803_190400,1,2026-08-03T19:04:00Z,,,,+0.00000
260803_190415,1,2026-08-03T19:04:15Z,-0.00875,-0.00874,0.9980,+0.00000
260803_190430,1,2026-08-03T19:04:30Z,,,,+0.00000
260803_190445,1,2026-08-03T19:04:45Z,,,,+0.00000
260803_190500,1,2026-08-03T19:05:00Z,,,,+0.00000
260803_190515,1,2026-08-03T19:05:15Z,,,,+0.00000
260803_190530,1,2026-08-03T19:05:30Z,,,,+0.00000
260803_190545,1,2026-08-03T19:05:45Z,,,,+0.00000
260803_190600,1,2026-08-03T19:06:00Z,,,,+0.00000
260803_190615,1,2026-08-03T19:06:15Z,,,,+0.00000
260803_190630,1,2026-08-03T19:06:30Z,,,,+0.00000
260803_190645,1,2026-08-03T19:06:45Z,-0.00800,-0.00799,0.9962,+0.00000
260803_190700,1,2026-08-03T19:07:00Z,,,,+0.00000
260803_190715,1,2026-08-03T19:07:15Z,,,,+0.00000
260803_190730,1,2026-08-03T19:07:30Z,,,,+0.00000
260803_190745,1,2026-08-03T19:07:45Z,,,,+0.00000
260803_190800,1,2026-08-03T19:08:00Z,,,,+0.00000
260803_190815,1,2026-08-03T19:08:15Z,,,,+0.00000
260803_190830,1,2026-08-03T19:08:30Z,,,,+0.00000
260803_190845,1,2026-08-03T19:08:45Z,,,,+0.00000
260803_190900,1,2026-08-03T19:09:00Z,,,,+0.00000
260803_190915,1,2026-08-03T19:09:15Z,-0.00142,-0.00141,0.9917,+0.00000
260803_190930,1,2026-08-03T19:09:30Z,,,,+0.00000
260803_190945,1,2026-08-03T19:09:45Z,,,,+0.00000
260803_191000,1,2026-08-03T19:10:00Z,,,,+0.00000
260803_191015,1,2026-08-03T19:10:15Z,,,,+0.00000
260803_191030,1,2026-08-03T19:10:30Z,,,,+0.00000
260803_191045,1,2026-08-03T19:10:45Z,,,,+0.00000
260803_191100,1,2026-08-03T19:11:00Z,,,,+0.00000
260803_191115,1,2026-08-03T19:11:15Z,,,,+0.00000
260803_191130,1,2026-08-03T19:11:30Z,,,,+0.00000
260803_191145,1,2026-08-03T19:11:45Z,-0.03367,-0.03366,0.9948,+0.00000
260803_191200,1,2026-08-03T19:12:00Z,,,,+0.00000
260803_191215,1,2026-08-03T19:12:15Z,,,,+0.00000
260803_191230,1,2026-08-03T19:12:30Z,,,,+0.00000
260803_191245,1,2026-08-03T19:12:45Z,,,,+0.00000
260803_191300,1,2026-08-03T19:13:00Z,,,,+0.00000
260803_191315,1,2026-08-03T19:13:15Z,,,,+0.00000
260803_191330,1,2026-08-03T19:13:30Z,,,,+0.00000
260803_191345,1,2026-08-03T19:13:45Z,,,,+0.00000
260803_191400,1,2026-08-03T19:14:00Z,,,,+0.00000
260803_191415,1,2026-08-03T19:14:15Z,-0.02925,-0.02924,0.9877,+0.00000
260803_191430,1,2026-08-03T19:14:30Z,,,,+0.00000
260803_191445,1,2026-08-03T19:14:45Z,,,,+0.00000
260803_191500,1,2026-08-03T19:15:00Z,,,,+0.00000
260803_191515,1,2026-08-03T19:15:15Z,,,,+0.00000
260803_191530,1,2026-08-03T19:15:30Z,,,,+0.00000
260803_191545,1,2026-08-03T19:15:45Z,,,,+0.00000
260803_191600,1,2026-08-03T19:16:00Z,,,,+0.00000
260803_191615,1,2026-08-03T19:16:15Z,,,,+0.00000
260803_191630,1,2026-08-03T19:16:30Z,,,,+0.00000
260803_191645,1,2026-08-03T19:16:45Z,-0.01958,-0.01958,0.9899,+0.00000
260803_191700,1,2026-08-03T19:17:00Z,,,,+0.00000
260803_191715,1,2026-08-03T19:17:15Z,,,,+0.00000
260803_191730,1,2026-08-03T19:17:30Z,,,,+0.00000
260803_191745,1,2026-08-03T19:17:45Z,,,,+0.00000
260803_191800,1,2026-08-03T19:18:00Z,,,,+0.00000
260803_191815,1,2026-08-03T19:18:15Z,,,,+0.00000
260803_191830,1,2026-08-03T19:18:30Z,,,,+0.00000
260803_191845,1,2026-08-03T19:18:45Z,,,,+0.00000
260803_191900,1,2026-08-03T19:19:00Z,,,,+0.00000
260803_191915,1,2026-08-03T19:19:15Z,-0.00875,-0.00875,0.9989,+0.00000
260803_191930,1,2026-08-03T19:19:30Z,,,,+0.00000
260803_191945,1,2026-08-03T19:19:45Z,,,,+0.00000
260803_192000,1,2026-08-03T19:20:00Z,,,,+0.00000
260803_192015,1,2026-08-03T19:20:15Z,,,,+0.00000
260803_192030,1,2026-08-03T19:20:30Z,,,,+0.00000
260803_192045,1,2026-08-03T19:20:45Z,,,,+0.00000
260803_192100,1,2026-08-03T19:21:00Z,,,,+0.00000
260803_192115,1,2026-08-03T19:21:15Z,,,,+0.00000
260803_192130,1,2026-08-03T19:21:30Z,,,,+0.00000
260803_192145,1,2026-08-03T19:21:45Z,+0.00058,+0.00059,0.9929,+0.00000
260803_192200,1,2026-08-03T19:22:00Z,,,,+0.00000
260803_192215,1,2026-08-03T19:22:15Z,,,,+0.00000
260803_192230,1,2026-08-03T19:22:30Z,,,,+0.00000
260803_192245,1,2026-08-03T19:22:45Z,,,,+0.00000
260803_192300,1,2026-08-03T19:23:00Z,,,,+0.00000
260803_192315,1,2026-08-03T19:23:15Z,,,,+0.00000
260803_192330,1,2026-08-03T19:23:30Z,,,,+0.00000
260803_192345,1,2026-08-03T19:23:45Z,,,,+0.00000
260803_192400,1,2026-08-03T19:24:00Z,,,,+0.00000
260803_192415,1,2026-08-03T19:24:15Z,+0.00050,+0.00050,0.9956,+0.00000
260803_192430,1,2026-08-03T19:24:30Z,,,,+0.00000
260803_192445,1,2026-08-03T19:24:45Z,,,,+0.00000
260803_192500,1,2026-08-03T19:25:00Z,,,,+0.00000
260803_192515,1,2026-08-03T19:25:15Z,,,,+0.00000
260803_192530,1,2026-08-03T19:25:30Z,,,,+0.00000
260803_192545,1,2026-08-03T19:25:45Z,,,,+0.00000
260803_192600,1,2026-08-03T19:26:00Z,,,,+0.00000
260803_192615,1,2026-08-03T19:26:15Z,,,,+0.00000
260803_192630,1,2026-08-03T19:26:30Z,,,,+0.00000
260803_192645,1,2026-08-03T19:26:45Z,-0.02558,-0.02558,0.9880,+0.00000
260803_192700,1,2026-08-03T19:27:00Z,,,,+0.00000
260803_192715,1,2026-08-03T19:27:15Z,,,,+0.00000
260803_192730,1,2026-08-03T19:27:30Z,,,,+0.00000
260803_192745,1,2026-08-03T19:27:45Z,,,,+0.00000
260803_192800,1,2026-08-03T19:28:00Z,,,,+0.00000
260803_192815,1,2026-08-03T19:28:15Z,,,,+0.00000
260803_192830,1,2026-08-03T19:28:30Z,,,,+0.00000
260803_192845,1,2026-08-03T19:28:45Z,,,,+0.00000
260803_192900,1,2026-08-03T19:29:00Z,,,,+0.00000
260803_192915,1,2026-08-03T19:29:15Z,-0.02517,-0.02516,0.9985,+0.00000
260803_192930,1,2026-08-03T19:29:30Z,,,,+0.00000
260803_192945,1,2026-08-03T19:29:45Z,,,,+0.00000
260803_193000,1,2026-08-03T19:30:00Z,,,,+0.00000
260803_193015,1,2026-08-03T19:30:15Z,,,,+0.00000
260803_193030,1,2026-08-03T19:30:30Z,,,,+0.00000
260803_193045,1,2026-08-03T19:30:45Z,,,,+0.00000
260803_193100,1,2026-08-03T19:31:00Z,,,,+0.00000
260803_193115,1,2026-08-03T19:31:15Z,,,,+0.00000
260803_193130,1,2026-08-03T19:31:30Z,,,,+0.00000
260803_193145,1,2026-08-03T19:31:45Z,-0.01775,-0.01775,0.9963,+0.00000
260803_193200,1,2026-08-03T19:32:00Z,,,,+0.00000
260803_193215,1,2026-08-03T19:32:15Z,,,,+0.00000
260803_193230,1,2026-08-03T19:32:30Z,,,,+0.00000
260803_193245,1,2026-08-03T19:32:45Z,,,,+0.00000
260803_193300,1,2026-08-03T19:33:00Z,,,,+0.00000
260803_193315,1,2026-08-03T19:33:15Z,,,,+0.00000
260803_193330,1,2026-08-03T19:33:30Z,,,,+0.00000
260803_193345,1,2026-08-03T19:33:45Z,,,,+0.00000
260803_193400,1,2026-08-03T19:34:00Z,,,,+0.00000
260803_193415,1,2026-08-03T19:34:15Z,-0.00433,-0.00433,0.9988,+0.00000
260803_193430,1,2026-08-03T19:34:30Z,,,,+0.00000
260803_193445,1,2026-08-03T19:34:45Z,,,,+0.00000
260803_193500,1,2026-08-03T19:35:00Z,,,,+0.00000
260803_193515,1,2026-08-03T19:35:15Z,,,,+0.00000
260803_193530,1,2026-08-03T19:35:30Z,,,,+0.00000
260803_193545,1,2026-08-03T19:35:45Z,,,,+0.00000
260803_193600,1,2026-08-03T19:36:00Z,,,,+0.00000
260803_193615,1,2026-08-03T19:36:15Z,,,,+0.00000
260803_193630,1,2026-08-03T19:36:30Z,,,,+0.00000
260803_193645,1,2026-08-03T19:36:45Z,-0.00383,-0.00383,0.9976,+0.00000
260803_193700,1,2026-08-03T19:37:00Z,,,,+0.00000
260803_193715,1,2026-08-03T19:37:15Z,,,,+0.00000
260803_193730,1,2026-08-03T19:37:30Z,,,,+0.00000
260803_193745,1,2026-08-03T19:37:45Z,,,,+0.00000
260803_193800,1,2026-08-03T19:38:00Z,,,,+0.00000
260803_193815,1,2026-08-03T19:38:15Z,,,,+0.00000
260803_193830,1,2026-08-03T19:38:30Z,,,,+0.00000
260803_193845,1,2026-08-03T19:38:45Z,,,,+0.00000
260803_193900,1,2026-08-03T19:39:00Z,,,,+0.00000
260803_193915,1,2026-08-03T19:39:15Z,-0.03117,-0.03116,0.9909,+0.00000
260803_193930,1,2026-08-03T19:39:30Z,,,,+0.00000
260803_193945,1,2026-08-03T19:39:45Z,,,,+0.00000
260803_194000,1,2026-08-03T19:40:00Z,,,,+0.00000
260803_194015,1,2026-08-03T19:40:15Z,,,,+0.00000
260803_194030,1,2026-08-03T19:40:30Z,,,,+0.00000
260803_194045,1,2026-08-03T19:40:45Z,,,,+0.00000
260803_194100,1,2026-08-03T19:41:00Z,,,,+0.00000
260803_194115,1,2026-08-03T19:41:15Z,,,,+0.00000
260803_194130,1,2026-08-03T19:41:30Z,,,,+0.00000
260803_194145,1,2026-08-03T19:41:45Z,-0.02317,-0.02316,0.9939,+0.00000
260803_194200,1,2026-08-03T19:42:00Z,,,,+0.00000
260803_194215,1,2026-08-03T19:42:15Z,,,,+0.00000
260803_194230,1,2026-08-03T19:42:30Z,,,,+0.00000
260803_194245,1,2026-08-03T19:42:45Z,,,,+0.00000
260803_194300,1,2026-08-03T19:43:00Z,,,,+0.00000
260803_194315,1,2026-08-03T19:43:15Z,,,,+0.00000
260803_194330,1,2026-08-03T19:43:30Z,,,,+0.00000
260803_194345,1,2026-08-03T19:43:45Z,,,,+0.00000
260803_194400,1,2026-08-03T19:44:00Z,,,,+0.00000
260803_194415,1,2026-08-03T19:44:15Z,-0.02150,-0.02150,0.9958,+0.00000
260803_194430,1,2026-08-03T19:44:30Z,,,,+0.00000
260803_194445,1,2026-08-03T19:44:45Z,,,,+0.00000
260803_194500,1,2026-08-03T19:45:00Z,,,,+0.00000
260803_194515,1,2026-08-03T19:45:15Z,,,,+0.00000
260803_194530,1,2026-08-03T19:45:30Z,,,,+0.00000
260803_194545,1,2026-08-03T19:45:45Z,,,,+0.00000
260803_194600,1,2026-08-03T19:46:00Z,,,,+0.00000
260803_194615,1,2026-08-03T19:46:15Z,,,,+0.00000
260803_194630,1,2026-08-03T19:46:30Z,,,,+0.00000
260803_194645,1,2026-08-03T19:46:45Z,-0.01608,-0.01608,0.9928,+0.00000
260803_194700,1,2026-08-03T19:47:00Z,,,,+0.00000
260803_194715,1,2026-08-03T19:47:15Z,,,,+0.00000
260803_194730,1,2026-08-03T19:47:30Z,,,,+0.00000
260803_194745,1,2026-08-03T19:47:45Z,,,,+0.00000
260803_194800,1,2026-08-03T19:48:00Z,,,,+0.00000
260803_194815,1,2026-08-03T19:48:15Z,,,,+0.00000
260803_194830,1,2026-08-03T19:48:30Z,,,,+0.00000
260803_194845,1,2026-08-03T19:48:45Z,,,,+0.00000
260803_194900,1,2026-08-03T19:49:00Z,,,,+0.00000
260803_194915,1,2026-08-03T19:49:15Z,-0.00708,-0.00708,0.9992,+0.00000
260803_194930,1,2026-08-03T19:49:30Z,,,,+0.00000
260803_194945,1,2026-08-03T19:49:45Z,,,,+0.00000
260803_195000,1,2026-08-03T19:50:00Z,,,,+0.00000
260803_195015,1,2026-08-03T19:50:15Z,,,,+0.00000
260803_195030,1,2026-08-03T19:50:30Z,,,,+0.00000
260803_195045,1,2026-08-03T19:50:45Z,,,,+0.00000
260803_195100,1,2026-08-03T19:51:00Z,,,,+0.00000
260803_195115,1,2026-08-03T19:51:15Z,,,,+0.00000
260803_195130,1,2026-08-03T19:51:30Z,,,,+0.00000
260803_195145,1,2026-08-03T19:51:45Z,-0.00092,-0.00091,0.9960,+0.00000
260803_195200,1,2026-08-03T19:52:00Z,,,,+0.00000
260803_195215,1,2026-08-03T19:52:15Z,,,,+0.00000
260803_195230,1,2026-08-03T19:52:30Z,,,,+0.00000
260803_195245,1,2026-08-03T19:52:45Z,,,,+0.00000
260803_195300,1,2026-08-03T19:53:00Z,,,,+0.00000
260803_195315,1,2026-08-03T19:53:15Z,,,,+0.00000
260803_195330,1,2026-08-03T19:53:30Z,,,,+0.00000
260803_195345,1,2026-08-03T19:53:45Z,,,,+0.00000
260803_195400,1,2026-08-03T19:54:00Z,,,,+0.00000
260803_195415,1,2026-08-03T19:54:15Z,-0.03383,-0.03383,0.9955,+0.00000
260803_195430,1,2026-08-03T19:54:30Z,,,,+0.00000
260803_195445,1,2026-08-03T19:54:45Z,,,,+0.00000
260803_195500,1,2026-08-03T19:55:00Z,,,,+0.00000
260803_195515,1,2026-08-03T19:55:15Z,,,,+0.00000
260803_195530,1,2026-08-03T19:55:30Z,,,,+0.00000
260803_195545,1,2026-08-03T19:55:45Z,,,,+0.00000
260803_195600,1,2026-08-03T19:56:00Z,,,,+0.00000
260803_195615,1,2026-08-03T19:56:15Z,,,,+0.00000
260803_195630,1,2026-08-03T19:56:30Z,,,,+0.00000
260803_195645,1,2026-08-03T19:56:45Z,-0.02583,-0.02583,0.9991,+0.00000
260803_195700,1,2026-08-03T19:57:00Z,,,,+0.00000
260803_195715,1,2026-08-03T19:57:15Z,,,,+0.00000
260803_195730,1,2026-08-03T19:57:30Z,,,,+0.00000
260803_195745,1,2026-08-03T19:57:45Z,,,,+0.00000
260803_195800,1,2026-08-03T19:58:00Z,,,,+0.00000
260803_195815,1,2026-08-03T19:58:15Z,,,,+0.00000
260803_195830,1,2026-08-03T19:58:30Z,,,,+0.00000
260803_195845,1,2026-08-03T19:58:45Z,,,,+0.00000
260803_195900,1,2026-08-03T19:59:00Z,,,,+0.00000
260803_195915,1,2026-08-03T19:59:15Z,-0.01725,-0.01724,0.9975,+0.00000
260803_195930,1,2026-08-03T19:59:30Z,,,,+0.00000
260803_195945,1,2026-08-03T19:59:45Z,,,,+0.00000
260803_200000,1,2026-08-03T20:00:00Z,,,,+0.00000
260803_200015,1,2026-08-03T20:00:15Z,,,,+0.00000
260803_200030,1,2026-08-03T20:00:30Z,,,,+0.00000
260803_200045,1,2026-08-03T20:00:45Z,,,,+0.00000
260803_200100,1,2026-08-03T20:01:00Z,,,,+0.00000
260803_200115,1,2026-08-03T20:01:15Z,,,,+0.00000
260803_200130,1,2026-08-03T20:01:30Z,,,,+0.00000
260803_200145,1,2026-08-03T20:01:45Z,-0.00900,-0.00900,0.9772,+0.00000
260803_200200,1,2026-08-03T20:02:00Z,,,,+0.00000
260803_200215,1,2026-08-03T20:02:15Z,,,,+0.00000
260803_200230,1,2026-08-03T20:02:30Z,,,,+0.00000
260803_200245,1,2026-08-03T20:02:45Z,,,,+0.00000
260803_200300,1,2026-08-03T20:03:00Z,,,,+0.00000
260803_200315,1,2026-08-03T20:03:15Z,,,,+0.00000
260803_200330,1,2026-08-03T20:03:30Z,,,,+0.00000
260803_200345,1,2026-08-03T20:03:45Z,,,,+0.00000
260803_200400,1,2026-08-03T20:04:00Z,,,,+0.00000
260803_200415,1,2026-08-03T20:04:15Z,+0.00008,+0.00009,0.9984,+0.00000
260803_200430,1,2026-08-03T20:04:30Z,,,,+0.00000
260803_200445,1,2026-08-03T20:04:45Z,,,,+0.00000
260803_200500,1,2026-08-03T20:05:00Z,,,,+0.00000
260803_200515,1,2026-08-03T20:05:15Z,,,,+0.00000
260803_200530,1,2026-08-03T20:05:30Z,,,,+0.00000
260803_200545,1,2026-08-03T20:05:45Z,,,,+0.00000
260803_200600,1,2026-08-03T20:06:00Z,,,,+0.00000
260803_200615,1,2026-08-03T20:06:15Z,,,,+0.00000
260803_200630,1,2026-08-03T20:06:30Z,,,,+0.00000
260803_200645,1,2026-08-03T20:06:45Z,-0.03750,-0.03749,0.9914,+0.00000
260803_200700,1,2026-08-03T20:07:00Z,,,,+0.00000
260803_200715,1,2026-08-03T20:07:15Z,,,,+0.00000
260803_200730,1,2026-08-03T20:07:30Z,,,,+0.00000
260803_200745,1,2026-08-03T20:07:45Z,,,,+0.00000
260803_200800,1,2026-08-03T20:08:00Z,,,,+0.00000
260803_200815,1,2026-08-03T20:08:15Z,,,,+0.00000
260803_200830,1,2026-08-03T20:08:30Z,,,,+0.00000
260803_200845,1,2026-08-03T20:08:45Z,,,,+0.00000
260803_200900,1,2026-08-03T20:09:00Z,,,,+0.00000
260803_200915,1,2026-08-03T20:09:15Z,-0.02917,-0.02916,0.9937,+0.00000
260803_200930,1,2026-08-03T20:09:30Z,,,,+0.00000
260803_200945,1,2026-08-03T20:09:45Z,,,,+0.00000
260803_201000,1,2026-08-03T20:10:00Z,,,,+0.00000
260803_201015,1,2026-08-03T20:10:15Z,,,,+0.00000
260803_201030,1,2026-08-03T20:10:30Z,,,,+0.00000
260803_201045,1,2026-08-03T20:10:45Z,,,,+0.00000
260803_201100,1,2026-08-03T20:11:00Z,,,,+0.00000
260803_201115,1,2026-08-03T20:11:15Z,,,,+0.00000
260803_201130,1,2026-08-03T20:11:30Z,,,,+0.00000
260803_201145,1,2026-08-03T20:11:45Z,-0.01900,-0.01899,0.9918,+0.00000
260803_201200,1,2026-08-03T20:12:00Z,,,,+0.00000
260803_201215,1,2026-08-03T20:12:15Z,,,,+0.00000
260803_201230,1,2026-08-03T20:12:30Z,,,,+0.00000
260803_201245,1,2026-08-03T20:12:45Z,,,,+0.00000
260803_201300,1,2026-08-03T20:13:00Z,,,,+0.00000
260803_201315,1,2026-08-03T20:13:15Z,,,,+0.00000
260803_201330,1,2026-08-03T20:13:30Z,,,,+0.00000
260803_201345,1,2026-08-03T20:13:45Z,,,,+0.00000
260803_201400,1,2026-08-03T20:14:00Z,,,,+0.00000
260803_201415,1,2026-08-03T20:14:15Z,-0.01092,-0.01091,0.9890,+0.00000
260803_201430,1,2026-08-03T20:14:30Z,,,,+0.00000
260803_201445,1,2026-08-03T20:14:45Z,,,,+0.00000
260803_201500,1,2026-08-03T20:15:00Z,,,,+0.00000
260803_201515,1,2026-08-03T20:15:15Z,,,,+0.00000
260803_201530,1,2026-08-03T20:15:30Z,,,,+0.00000
260803_201545,1,2026-08-03T20:15:45Z,,,,+0.00000
260803_201600,1,2026-08-03T20:16:00Z,,,,+0.00000
260803_201615,1,2026-08-03T20:16:15Z,,,,+0.00000
260803_201630,1,2026-08-03T20:16:30Z,,,,+0.00000
260803_201645,1,2026-08-03T20:16:45Z,-0.00008,-0.00008,0.9981,+0.00000
260803_201700,1,2026-08-03T20:17:00Z,,,,+0.00000
260803_201715,1,2026-08-03T20:17:15Z,,,,+0.00000
260803_201730,1,2026-08-03T20:17:30Z,,,,+0.00000
260803_201745,1,2026-08-03T20:17:45Z,,,,+0.00000
260803_201800,1,2026-08-03T20:18:00Z,,,,+0.00000
260803_201815,1,2026-08-03T20:18:15Z,,,,+0.00000
260803_201830,1,2026-08-03T20:18:30Z,,,,+0.00000
260803_201845,1,2026-08-03T20:18:45Z,,,,+0.00000
260803_201900,1,2026-08-03T20:19:00Z,,,,+0.00000
260803_201915,1,2026-08-03T20:19:15Z,+0.00700,+0.00701,0.9899,+0.00000
260803_201930,1,2026-08-03T20:19:30Z,,,,+0.00000
260803_201945,1,2026-08-03T20:19:45Z,,,,+0.00000
260803_202000,1,2026-08-03T20:20:00Z,,,,+0.00000
260803_202015,1,2026-08-03T20:20:15Z,,,,+0.00000
260803_202030,1,2026-08-03T20:20:30Z,,,,+0.00000
260803_202045,1,2026-08-03T20:20:45Z,,,,+0.00000
260803_202100,1,2026-08-03T20:21:00Z,,,,+0.00000
260803_202115,1,2026-08-03T20:21:15Z,,,,+0.00000
260803_202130,1,2026-08-03T20:21:30Z,,,,+0.00000
260803_202145,1,2026-08-03T20:21:45Z,-0.02642,-0.02641,0.9939,+0.00000
260803_202200,1,2026-08-03T20:22:00Z,,,,+0.00000
260803_202215,1,2026-08-03T20:22:15Z,,,,+0.00000
260803_202230,1,2026-08-03T20:22:30Z,,,,+0.00000
260803_202245,1,2026-08-03T20:22:45Z,,,,+0.00000
260803_202300,1,2026-08-03T20:23:00Z,,,,+0.00000
260803_202315,1,2026-08-03T20:23:15Z,,,,+0.00000
260803_202330,1,2026-08-03T20:23:30Z,,,,+0.00000
260803_202345,1,2026-08-03T20:23:45Z,,,,+0.00000
260803_202400,1,2026-08-03T20:24:00Z,,,,+0.00000
260803_202415,1,2026-08-03T20:24:15Z,-0.02283,-0.02283,0.9984,+0.00000
260803_202430,1,2026-08-03T20:24:30Z,,,,+0.00000
260803_202445,1,2026-08-03T20:24:45Z,,,,+0.00000
260803_202500,1,2026-08-03T20:25:00Z,,,,+0.00000
260803_202515,1,2026-08-03T20:25:15Z,,,,+0.00000
260803_202530,1,2026-08-03T20:25:30Z,,,,+0.00000
260803_202545,1,2026-08-03T20:25:45Z,,,,+0.00000
260803_202600,1,2026-08-03T20:26:00Z,,,,+0.00000
260803_202615,1,2026-08-03T20:26:15Z,,,,+0.00000
260803_202630,1,2026-08-03T20:26:30Z,,,,+0.00000
260803_202645,1,2026-08-03T20:26:45Z,-0.01408,-0.01408,0.9950,+0.00000
260803_202700,1,2026-08-03T20:27:00Z,,,,+0.00000
260803_202715,1,2026-08-03T20:27:15Z,,,,+0.00000
260803_202730,1,2026-08-03T20:27:30Z,,,,+0.00000
260803_202745,1,2026-08-03T20:27:45Z,,,,+0.00000
260803_202800,1,2026-08-03T20:28:00Z,,,,+0.00000
260803_202815,1,2026-08-03T20:28:15Z,,,,+0.00000
260803_202830,1,2026-08-03T20:28:30Z,,,,+0.00000
260803_202845,1,2026-08-03T20:28:45Z,,,,+0.00000
260803_202900,1,2026-08-03T20:29:00Z,,,,+0.00000
260803_202915,1,2026-08-03T20:29:15Z,-0.00792,-0.00791,0.9979,+0.00000
260803_202930,1,2026-08-03T20:29:30Z,,,,+0.00000
260803_202945,1,2026-08-03T20:29:45Z,,,,+0.00000
260803_203000,1,2026-08-03T20:30:00Z,,,,+0.00000
260803_203015,1,2026-08-03T20:30:15Z,,,,+0.00000
260803_203030,1,2026-08-03T20:30:30Z,,,,+0.00000
260803_203045,1,2026-08-03T20:30:45Z,,,,+0.00000
260803_203100,1,2026-08-03T20:31:00Z,,,,+0.00000
260803_203115,1,2026-08-03T20:31:15Z,,,,+0.00000
260803_203130,1,2026-08-03T20:31:30Z,,,,+0.00000
260803_203145,1,2026-08-03T20:31:45Z,+0.00367,+0.00367,0.9935,+0.00000
260803_203200,1,2026-08-03T20:32:00Z,,,,+0.00000
260803_203215,1,2026-08-03T20:32:15Z,,,,+0.00000
260803_203230,1,2026-08-03T20:32:30Z,,,,+0.00000
260803_203245,1,2026-08-03T20:32:45Z,,,,+0.00000
260803_203300,1,2026-08-03T20:33:00Z,,,,+0.00000
260803_203315,1,2026-08-03T20:33:15Z,,,,+0.00000
260803_203330,1,2026-08-03T20:33:30Z,,,,+0.00000
260803_203345,1,2026-08-03T20:33:45Z,,,,+0.00000
260803_203400,1,2026-08-03T20:34:00Z,,,,+0.00000
260803_203415,1,2026-08-03T20:34:15Z,-0.03875,-0.03874,0.9962,+0.00000
260803_203430,1,2026-08-03T20:34:30Z,,,,+0.00000
260803_203445,1,2026-08-03T20:34:45Z,,,,+0.00000
260803_203500,1,2026-08-03T20:35:00Z,,,,+0.00000
260803_203515,1,2026-08-03T20:35:15Z,,,,+0.00000
260803_203530,1,2026-08-03T20:35:30Z,,,,+0.00000
260803_203545,1,2026-08-03T20:35:45Z,,,,+0.00000
260803_203600,1,2026-08-03T20:36:00Z,,,,+0.00000
260803_203615,1,2026-08-03T20:36:15Z,,,,+0.00000
260803_203630,1,2026-08-03T20:36:30Z,,,,+0.00000
260803_203645,1,2026-08-03T20:36:45Z,-0.02692,-0.02691,0.9968,+0.00000
260803_203700,1,2026-08-03T20:37:00Z,,,,+0.00000
260803_203715,1,2026-08-03T20:37:15Z,,,,+0.00000
260803_203730,1,2026-08-03T20:37:30Z,,,,+0.00000
260803_203745,1,2026-08-03T20:37:45Z,,,,+0.00000
260803_203800,1,2026-08-03T20:38:00Z,,,,+0.00000
260803_203815,1,2026-08-03T20:38:15Z,,,,+0.00000
260803_203830,1,2026-08-03T20:38:30Z,,,,+0.00000
260803_203845,1,2026-08-03T20:38:45Z,,,,+0.00000
260803_203900,1,2026-08-03T20:39:00Z,,,,+0.00000
260803_203915,1,2026-08-03T20:39:15Z,-0.02450,-0.02449,0.9942,+0.00000
260803_203930,1,2026-08-03T20:39:30Z,,,,+0.00000
260803_203945,1,2026-08-03T20:39:45Z,,,,+0.00000
260803_204000,1,2026-08-03T20:40:00Z,,,,+0.00000
260803_204015,1,2026-08-03T20:40:15Z,,,,+0.00000
260803_204030,1,2026-08-03T20:40:30Z,,,,+0.00000
260803_204045,1,2026-08-03T20:40:45Z,,,,+0.00000
260803_204100,1,2026-08-03T20:41:00Z,,,,+0.00000
260803_204115,1,2026-08-03T20:41:15Z,,,,+0.00000
260803_204130,1,2026-08-03T20:41:30Z,,,,+0.00000
260803_204145,1,2026-08-03T20:41:45Z,-0.00925,-0.00924,0.9966,+0.00000
260803_204200,1,2026-08-03T20:42:00Z,,,,+0.00000
260803_204215,1,2026-08-03T20:42:15Z,,,,+0.00000
260803_204230,1,2026-08-03T20:42:30Z,,,,+0.00000
260803_204245,1,2026-08-03T20:42:45Z,,,,+0.00000
260803_204300,1,2026-08-03T20:43:00Z,,,,+0.00000
260803_204315,1,2026-08-03T20:43:15Z,,,,+0.00000
260803_204330,1,2026-08-03T20:43:30Z,,,,+0.00000
260803_204345,1,2026-08-03T20:43:45Z,,,,+0.00000
260803_204400,1,2026-08-03T20:44:00Z,,,,+0.00000
260803_204415,1,2026-08-03T20:44:15Z,-0.00225,-0.00224,0.9959,+0.00000
260803_204430,1,2026-08-03T20:44:30Z,,,,+0.00000
260803_204445,1,2026-08-03T20:44:45Z,,,,+0.00000
260803_204500,1,2026-08-03T20:45:00Z,,,,+0.00000
260803_204515,1,2026-08-03T20:45:15Z,,,,+0.00000
260803_204530,1,2026-08-03T20:45:30Z,,,,+0.00000
260803_204545,1,2026-08-03T20:45:45Z,,,,+0.00000
260803_204600,1,2026-08-03T20:46:00Z,,,,+0.00000
260803_204615,1,2026-08-03T20:46:15Z,,,,+0.00000
260803_204630,1,2026-08-03T20:46:30Z,,,,+0.00000
260803_204645,1,2026-08-03T20:46:45Z,-0.00033,-0.00032,0.9851,+0.00000
260803_204700,1,2026-08-03T20:47:00Z,,,,+0.00000
260803_204715,1,2026-08-03T20:47:15Z,,,,+0.00000
260803_204730,1,2026-08-03T20:47:30Z,,,,+0.00000
260803_204745,1,2026-08-03T20:47:45Z,,,,+0.00000
260803_204800,1,2026-08-03T20:48:00Z,,,,+0.00000
260803_204815,1,2026-08-03T20:48:15Z,,,,+0.00000
260803_204830,1,2026-08-03T20:48:30Z,,,,+0.00000
260803_204845,1,2026-08-03T20:48:45Z,,,,+0.00000
260803_204900,1,2026-08-03T20:49:00Z,,,,+0.00000
260803_204915,1,2026-08-03T20:49:15Z,-0.03150,-0.03149,0.9946,+0.00000
260803_204930,1,2026-08-03T20:49:30Z,,,,+0.00000
260803_204945,1,2026-08-03T20:49:45Z,,,,+0.00000
260803_205000,1,2026-08-03T20:50:00Z,,,,+0.00000
260803_205015,1,2026-08-03T20:50:15Z,,,,+0.00000
260803_205030,1,2026-08-03T20:50:30Z,,,,+0.00000
260803_205045,1,2026-08-03T20:50:45Z,,,,+0.00000
260803_205100,1,2026-08-03T20:51:00Z,,,,+0.00000
260803_205115,1,2026-08-03T20:51:15Z,,,,+0.00000
260803_205130,1,2026-08-03T20:51:30Z,,,,+0.00000
260803_205145,1,2026-08-03T20:51:45Z,-0.02400,-0.02399,0.9831,+0.00000
260803_205200,1,2026-08-03T20:52:00Z,,,,+0.00000
260803_205215,1,2026-08-03T20:52:15Z,,,,+0.00000
260803_205230,1,2026-08-03T20:52:30Z,,,,+0.00000
260803_205245,1,2026-08-03T20:52:45Z,,,,+0.00000
260803_205300,1,2026-08-03T20:53:00Z,,,,+0.00000
260803_205315,1,2026-08-03T20:53:15Z,,,,+0.00000
260803_205330,1,2026-08-03T20:53:30Z,,,,+0.00000
260803_205345,1,2026-08-03T20:53:45Z,,,,+0.00000
260803_205400,1,2026-08-03T20:54:00Z,,,,+0.00000
260803_205415,1,2026-08-03T20:54:15Z,-0.01408,-0.01408,0.9919,+0.00000
260803_205430,1,2026-08-03T20:54:30Z,,,,+0.00000
260803_205445,1,2026-08-03T20:54:45Z,,,,+0.00000
260803_205500,1,2026-08-03T20:55:00Z,,,,+0.00000
260803_205515,1,2026-08-03T20:55:15Z,,,,+0.00000
260803_205530,1,2026-08-03T20:55:30Z,,,,+0.00000
260803_205545,1,2026-08-03T20:55:45Z,,,,+0.00000
260803_205600,1,2026-08-03T20:56:00Z,,,,+0.00000
260803_205615,1,2026-08-03T20:56:15Z,,,,+0.00000
260803_205630,1,2026-08-03T20:56:30Z,,,,+0.00000
260803_205645,1,2026-08-03T20:56:45Z,-0.01125,-0.01124,0.9880,+0.00000
260803_205700,1,2026-08-03T20:57:00Z,,,,+0.00000
260803_205715,1,2026-08-03T20:57:15Z,,,,+0.00000
260803_205730,1,2026-08-03T20:57:30Z,,,,+0.00000
260803_205745,1,2026-08-03T20:57:45Z,,,,+0.00000
260803_205800,1,2026-08-03T20:58:00Z,,,,+0.00000
260803_205815,1,2026-08-03T20:58:15Z,,,,+0.00000
260803_205830,1,2026-08-03T20:58:30Z,,,,+0.00000
260803_205845,1,2026-08-03T20:58:45Z,,,,+0.00000
260803_205900,1,2026-08-03T20:59:00Z,,,,+0.00000
260803_205915,1,2026-08-03T20:59:15Z,-0.00233,-0.00233,0.9909,+0.00000
260803_205930,1,2026-08-03T20:59:30Z,,,,+0.00000
260803_205945,1,2026-08-03T20:59:45Z,,,,+0.00000
260803_210000,1,2026-08-03T21:00:00Z,,,,+0.00000
260803_210015,1,2026-08-03T21:00:15Z,,,,+0.00000
260803_210030,1,2026-08-03T21:00:30Z,,,,+0.00000
260803_210045,1,2026-08-03T21:00:45Z,,,,+0.00000
260803_210100,1,2026-08-03T21:01:00Z,,,,+0.00000
260803_210115,1,2026-08-03T21:01:15Z,,,,+0.00000
260803_210130,1,2026-08-03T21:01:30Z,,,,+0.00000
260803_210145,1,2026-08-03T21:01:45Z,-0.03742,-0.03741,0.9915,+0.00000
260803_210200,1,2026-08-03T21:02:00Z,,,,+0.00000
260803_210215,1,2026-08-03T21:02:15Z,,,,+0.00000
260803_210230,1,2026-08-03T21:02:30Z,,,,+0.00000
260803_210245,1,2026-08-03T21:02:45Z,,,,+0.00000
260803_210300,1,2026-08-03T21:03:00Z,,,,+0.00000
260803_210315,1,2026-08-03T21:03:15Z,,,,+0.00000
260803_210330,1,2026-08-03T21:03:30Z,,,,+0.00000
260803_210345,1,2026-08-03T21:03:45Z,,,,+0.00000
260803_210400,1,2026-08-03T21:04:00Z,,,,+0.00000
260803_210415,1,2026-08-03T21:04:15Z,-0.02800,-0.02800,0.9969,+0.00000
260803_210430,1,2026-08-03T21:04:30Z,,,,+0.00000
260803_210445,1,2026-08-03T21:04:45Z,,,,+0.00000
260803_210500,1,2026-08-03T21:05:00Z,,,,+0.00000
260803_210515,1,2026-08-03T21:05:15Z,,,,+0.00000
260803_210530,1,2026-08-03T21:05:30Z,,,,+0.00000
260803_210545,1,2026-08-03T21:05:45Z,,,,+0.00000
260803_210600,1,2026-08-03T21:06:00Z,,,,+0.00000
260803_210615,1,2026-08-03T21:06:15Z,,,,+0.00000
260803_210630,1,2026-08-03T21:06:30Z,,,,+0.00000
260803_210645,1,2026-08-03T21:06:45Z,-0.01850,-0.01849,0.9954,+0.00000
260803_210700,1,2026-08-03T21:07:00Z,,,,+0.00000
260803_210715,1,2026-08-03T21:07:15Z,,,,+0.00000
260803_210730,1,2026-08-03T21:07:30Z,,,,+0.00000
260803_210745,1,2026-08-03T21:07:45Z,,,,+0.00000
260803_210800,1,2026-08-03T21:08:00Z,,,,+0.00000
260803_210815,1,2026-08-03T21:08:15Z,,,,+0.00000
260803_210830,1,2026-08-03T21:08:30Z,,,,+0.00000
260803_210845,1,2026-08-03T21:08:45Z,,,,+0.00000
260803_210900,1,2026-08-03T21:09:00Z,,,,+0.00000
260803_210915,1,2026-08-03T21:09:15Z,-0.01442,-0.01441,0.9887,+0.00000
260803_210930,1,2026-08-03T21:09:30Z,,,,+0.00000
260803_210945,1,2026-08-03T21:09:45Z,,,,+0.00000
260803_211000,1,2026-08-03T21:10:00Z,,,,+0.00000
260803_211015,1,2026-08-03T21:10:15Z,,,,+0.00000
260803_211030,1,2026-08-03T21:10:30Z,,,,+0.00000
260803_211045,1,2026-08-03T21:10:45Z,,,,+0.00000
260803_211100,1,2026-08-03T21:11:00Z,,,,+0.00000
260803_211115,1,2026-08-03T21:11:15Z,,,,+0.00000
260803_211130,1,2026-08-03T21:11:30Z,,,,+0.00000
260803_211145,1,2026-08-03T21:11:45Z,-0.00483,-0.00483,0.9981,+0.00000
260803_211200,1,2026-08-03T21:12:00Z,,,,+0.00000
260803_211215,1,2026-08-03T21:12:15Z,,,,+0.00000
260803_211230,1,2026-08-03T21:12:30Z,,,,+0.00000
260803_211245,1,2026-08-03T21:12:45Z,,,,+0.00000
260803_211300,1,2026-08-03T21:13:00Z,,,,+0.00000
260803_211315,1,2026-08-03T21:13:15Z,,,,+0.00000
260803_211330,1,2026-08-03T21:13:30Z,,,,+0.00000
260803_211345,1,2026-08-03T21:13:45Z,,,,+0.00000
260803_211400,1,2026-08-03T21:14:00Z,,,,+0.00000
260803_211415,1,2026-08-03T21:14:15Z,-0.00225,-0.00224,0.9927,+0.00000
260803_211430,1,2026-08-03T21:14:30Z,,,,+0.00000
260803_211445,1,2026-08-03T21:14:45Z,,,,+0.00000
260803_211500,1,2026-08-03T21:15:00Z,,,,+0.00000
260803_211515,1,2026-08-03T21:15:15Z,,,,+0.00000
260803_211530,1,2026-08-03T21:15:30Z,,,,+0.00000
260803_211545,1,2026-08-03T21:15:45Z,,,,+0.00000
260803_211600,1,2026-08-03T21:16:00Z,,,,+0.00000
260803_211615,1,2026-08-03T21:16:15Z,,,,+0.00000
260803_211630,1,2026-08-03T21:16:30Z,,,,+0.00000
260803_211645,1,2026-08-03T21:16:45Z,-0.03533,-0.03533,0.9863,+0.00000
260803_211700,1,2026-08-03T21:17:00Z,,,,+0.00000
260803_211715,1,2026-08-03T21:17:15Z,,,,+0.00000
260803_211730,1,2026-08-03T21:17:30Z,,,,+0.00000
260803_211745,1,2026-08-03T21:17:45Z,,,,+0.00000
260803_211800,1,2026-08-03T21:18:00Z,,,,+0.00000
260803_211815,1,2026-08-03T21:18:15Z,,,,+0.00000
260803_211830,1,2026-08-03T21:18:30Z,,,,+0.00000
260803_211845,1,2026-08-03T21:18:45Z,,,,+0.00000
260803_211900,1,2026-08-03T21:19:00Z,,,,+0.00000
260803_211915,1,2026-08-03T21:19:15Z,-0.02950,-0.02949,0.9878,+0.00000
260803_211930,1,2026-08-03T21:19:30Z,,,,+0.00000
260803_211945,1,2026-08-03T21:19:45Z,,,,+0.00000
260803_212000,1,2026-08-03T21:20:00Z,,,,+0.00000
260803_212015,1,2026-08-03T21:20:15Z,,,,+0.00000
260803_212030,1,2026-08-03T21:20:30Z,,,,+0.00000
260803_212045,1,2026-08-03T21:20:45Z,,,,+0.00000
260803_212100,1,2026-08-03T21:21:00Z,,,,+0.00000
260803_212115,1,2026-08-03T21:21:15Z,,,,+0.00000
260803_212130,1,2026-08-03T21:21:30Z,,,,+0.00000
260803_212145,1,2026-08-03T21:21:45Z,-0.02075,-0.02074,0.9880,+0.00000
260803_212200,1,2026-08-03T21:22:00Z,,,,+0.00000
260803_212215,1,2026-08-03T21:22:15Z,,,,+0.00000
260803_212230,1,2026-08-03T21:22:30Z,,,,+0.00000
260803_212245,1,2026-08-03T21:22:45Z,,,,+0.00000
260803_212300,1,2026-08-03T21:23:00Z,,,,+0.00000
260803_212315,1,2026-08-03T21:23:15Z,,,,+0.00000
260803_212330,1,2026-08-03T21:23:30Z,,,,+0.00000
260803_212345,1,2026-08-03T21:23:45Z,,,,+0.00000
260803_212400,1,2026-08-03T21:24:00Z,,,,+0.00000
260803_212415,1,2026-08-03T21:24:15Z,-0.01558,-0.01558,0.9215,+0.00000
260803_212430,1,2026-08-03T21:24:30Z,,,,+0.00000
260803_212445,1,2026-08-03T21:24:45Z,,,,+0.00000
260803_212500,1,2026-08-03T21:25:00Z,,,,+0.00000
260803_212515,1,2026-08-03T21:25:15Z,,,,+0.00000
260803_212530,1,2026-08-03T21:25:30Z,,,,+0.00000
260803_212545,1,2026-08-03T21:25:45Z,,,,+0.00000
260803_212600,1,2026-08-03T21:26:00Z,,,,+0.00000
260803_212615,1,2026-08-03T21:26:15Z,,,,+0.00000
260803_212630,1,2026-08-03T21:26:30Z,,,,+0.00000
260803_212645,1,2026-08-03T21:26:45Z,-0.00517,-0.00516,0.9284,+0.00000
260803_212700,1,2026-08-03T21:27:00Z,,,,+0.00000
260803_212715,1,2026-08-03T21:27:15Z,,,,+0.00000
260803_212730,1,2026-08-03T21:27:30Z,,,,+0.00000
260803_212745,1,2026-08-03T21:27:45Z,,,,+0.00000
260803_212800,1,2026-08-03T21:28:00Z,,,,+0.00000
260803_212815,1,2026-08-03T21:28:15Z,,,,+0.00000
260803_212830,1,2026-08-03T21:28:30Z,,,,+0.00000
260803_212845,1,2026-08-03T21:28:45Z,,,,+0.00000
260803_212900,1,2026-08-03T21:29:00Z,,,,+0.00000
260803_212915,1,2026-08-03T21:29:15Z,+0.00050,+0.00051,0.9412,+0.00000
260803_212930,1,2026-08-03T21:29:30Z,,,,+0.00000
260803_212945,1,2026-08-03T21:29:45Z,,,,+0.00000
260803_213000,1,2026-08-03T21:30:00Z,,,,+0.00000
260803_213015,1,2026-08-03T21:30:15Z,,,,+0.00000
260803_213030,1,2026-08-03T21:30:30Z,,,,+0.00000
260803_213045,1,2026-08-03T21:30:45Z,,,,+0.00000
260803_213100,1,2026-08-03T21:31:00Z,,,,+0.00000
260803_213115,1,2026-08-03T21:31:15Z,,,,+0.00000
260803_213130,1,2026-08-03T21:31:30Z,,,,+0.00000
260803_213145,1,2026-08-03T21:31:45Z,-0.03092,-0.03091,0.9799,+0.00000
260803_213200,1,2026-08-03T21:32:00Z,,,,+0.00000
260803_213215,1,2026-08-03T21:32:15Z,,,,+0.00000
260803_213230,1,2026-08-03T21:32:30Z,,,,+0.00000
260803_213245,1,2026-08-03T21:32:45Z,,,,+0.00000
260803_213300,1,2026-08-03T21:33:00Z,,,,+0.00000
260803_213315,1,2026-08-03T21:33:15Z,,,,+0.00000
260803_213330,1,2026-08-03T21:33:30Z,,,,+0.00000
260803_213345,1,2026-08-03T21:33:45Z,,,,+0.00000
260803_213400,1,2026-08-03T21:34:00Z,,,,+0.00000
260803_213415,1,2026-08-03T21:34:15Z,-0.02658,-0.02658,0.9967,+0.00000
260803_213430,1,2026-08-03T21:34:30Z,,,,+0.00000
260803_213445,1,2026-08-03T21:34:45Z,,,,+0.00000
260803_213500,1,2026-08-03T21:35:00Z,,,,+0.00000
260803_213515,1,2026-08-03T21:35:15Z,,,,+0.00000
260803_213530,1,2026-08-03T21:35:30Z,,,,+0.00000
260803_213545,1,2026-08-03T21:35:45Z,,,,+0.00000
260803_213600,1,2026-08-03T21:36:00Z,,,,+0.00000
260803_213615,1,2026-08-03T21:36:15Z,,,,+0.00000
260803_213630,1,2026-08-03T21:36:30Z,,,,+0.00000
260803_213645,1,2026-08-03T21:36:45Z,-0.01992,-0.01991,0.9971,+0.00000
260803_213700,1,2026-08-03T21:37:00Z,,,,+0.00000
260803_213715,1,2026-08-03T21:37:15Z,,,,+0.00000
260803_213730,1,2026-08-03T21:37:30Z,,,,+0.00000
260803_213745,1,2026-08-03T21:37:45Z,,,,+0.00000
260803_213800,1,2026-08-03T21:38:00Z,,,,+0.00000
260803_213815,1,2026-08-03T21:38:15Z,,,,+0.00000
260803_213830,1,2026-08-03T21:38:30Z,,,,+0.00000
260803_213845,1,2026-08-03T21:38:45Z,,,,+0.00000
260803_213900,1,2026-08-03T21:39:00Z,,,,+0.00000
260803_213915,1,2026-08-03T21:39:15Z,-0.00525,-0.00524,0.9928,+0.00000
260803_213930,1,2026-08-03T21:39:30Z,,,,+0.00000
260803_213945,1,2026-08-03T21:39:45Z,,,,+0.00000
260803_214000,1,2026-08-03T21:40:00Z,,,,+0.00000
260803_214015,1,2026-08-03T21:40:15Z,,,,+0.00000
260803_214030,1,2026-08-03T21:40:30Z,,,,+0.00000
260803_214045,1,2026-08-03T21:40:45Z,,,,+0.00000
260803_214100,1,2026-08-03T21:41:00Z,,,,+0.00000
260803_214115,1,2026-08-03T21:41:15Z,,,,+0.00000
260803_214130,1,2026-08-03T21:41:30Z,,,,+0.00000
260803_214145,1,2026-08-03T21:41:45Z,-0.00308,-0.00308,0.9958,+0.00000
260803_214200,1,2026-08-03T21:42:00Z,,,,+0.00000
260803_214215,1,2026-08-03T21:42:15Z,,,,+0.00000
260803_214230,1,2026-08-03T21:42:30Z,,,,+0.00000
260803_214245,1,2026-08-03T21:42:45Z,,,,+0.00000
260803_214300,1,2026-08-03T21:43:00Z,,,,+0.00000
260803_214315,1,2026-08-03T21:43:15Z,,,,+0.00000
260803_214330,1,2026-08-03T21:43:30Z,,,,+0.00000
260803_214345,1,2026-08-03T21:43:45Z,,,,+0.00000
260803_214400,1,2026-08-03T21:44:00Z,,,,+0.00000
260803_214415,1,2026-08-03T21:44:15Z,-0.03033,-0.03033,0.9886,+0.00000
260803_214430,1,2026-08-03T21:44:30Z,,,,+0.00000
260803_214445,1,2026-08-03T21:44:45Z,,,,+0.00000
260803_214500,1,2026-08-03T21:45:00Z,,,,+0.00000
260803_214515,1,2026-08-03T21:45:15Z,,,,+0.00000
260803_214530,1,2026-08-03T21:45:30Z,,,,+0.00000
260803_214545,1,2026-08-03T21:45:45Z,,,,+0.00000
260803_214600,1,2026-08-03T21:46:00Z,,,,+0.00000
260803_214615,1,2026-08-03T21:46:15Z,,,,+0.00000
260803_214630,1,2026-08-03T21:46:30Z,,,,+0.00000
260803_214645,1,2026-08-03T21:46:45Z,-0.02317,-0.02316,0.9917,+0.00000
260803_214700,1,2026-08-03T21:47:00Z,,,,+0.00000
260803_214715,1,2026-08-03T21:47:15Z,,,,+0.00000
260803_214730,1,2026-08-03T21:47:30Z,,,,+0.00000
260803_214745,1,2026-08-03T21:47:45Z,,,,+0.00000
260803_214800,1,2026-08-03T21:48:00Z,,,,+0.00000
260803_214815,1,2026-08-03T21:48:15Z,,,,+0.00000
260803_214830,1,2026-08-03T21:48:30Z,,,,+0.00000
260803_214845,1,2026-08-03T21:48:45Z,,,,+0.00000
260803_214900,1,2026-08-03T21:49:00Z,,,,+0.00000
260803_214915,1,2026-08-03T21:49:15Z,-0.02208,-0.02208,0.9967,+0.00000
260803_214930,1,2026-08-03T21:49:30Z,,,,+0.00000
260803_214945,1,2026-08-03T21:49:45Z,,,,+0.00000
260803_215000,1,2026-08-03T21:50:00Z,,,,+0.00000
260803_215015,1,2026-08-03T21:50:15Z,,,,+0.00000
260803_215030,1,2026-08-03T21:50:30Z,,,,+0.00000
260803_215045,1,2026-08-03T21:50:45Z,,,,+0.00000
260803_215100,1,2026-08-03T21:51:00Z,,,,+0.00000
260803_215115,1,2026-08-03T21:51:15Z,,,,+0.00000
260803_215130,1,2026-08-03T21:51:30Z,,,,+0.00000
260803_215145,1,2026-08-03T21:51:45Z,-0.01633,-0.01633,0.9907,+0.00000
260803_215200,1,2026-08-03T21:52:00Z,,,,+0.00000
260803_215215,1,2026-08-03T21:52:15Z,,,,+0.00000
260803_215230,1,2026-08-03T21:52:30Z,,,,+0.00000
260803_215245,1,2026-08-03T21:52:45Z,,,,+0.00000
260803_215300,1,2026-08-03T21:53:00Z,,,,+0.00000
260803_215315,1,2026-08-03T21:53:15Z,,,,+0.00000
260803_215330,1,2026-08-03T21:53:30Z,,,,+0.00000
260803_215345,1,2026-08-03T21:53:45Z,,,,+0.00000
260803_215400,1,2026-08-03T21:54:00Z,,,,+0.00000
260803_215415,1,2026-08-03T21:54:15Z,-0.00667,-0.00666,0.9950,+0.00000
260803_215430,1,2026-08-03T21:54:30Z,,,,+0.00000
260803_215445,1,2026-08-03T21:54:45Z,,,,+0.00000
260803_215500,1,2026-08-03T21:55:00Z,,,,+0.00000
260803_215515,1,2026-08-03T21:55:15Z,,,,+0.00000
260803_215530,1,2026-08-03T21:55:30Z,,,,+0.00000
260803_215545,1,2026-08-03T21:55:45Z,,,,+0.00000
260803_215600,1,2026-08-03T21:56:00Z,,,,+0.00000
260803_215615,1,2026-08-03T21:56:15Z,,,,+0.00000
260803_215630,1,2026-08-03T21:56:30Z,,,,+0.00000
260803_215645,1,2026-08-03T21:56:45Z,+0.00225,+0.00225,0.9982,+0.00000
260803_215700,1,2026-08-03T21:57:00Z,,,,+0.00000
260803_215715,1,2026-08-03T21:57:15Z,,,,+0.00000
260803_215730,1,2026-08-03T21:57:30Z,,,,+0.00000
260803_215745,1,2026-08-03T21:57:45Z,,,,+0.00000
260803_215800,1,2026-08-03T21:58:00Z,,,,+0.00000
260803_215815,1,2026-08-03T21:58:15Z,,,,+0.00000
260803_215830,1,2026-08-03T21:58:30Z,,,,+0.00000
260803_215845,1,2026-08-03T21:58:45Z,,,,+0.00000
260803_215900,1,2026-08-03T21:59:00Z,,,,+0.00000
260803_215915,1,2026-08-03T21:59:15Z,-0.02642,-0.02641,0.9984,+0.00000
260803_215930,1,2026-08-03T21:59:30Z,,,,+0.00000
260803_215945,1,2026-08-03T21:59:45Z,,,,+0.00000
260803_220000,1,2026-08-03T22:00:00Z,,,,+0.00000
260803_220015,1,2026-08-03T22:00:15Z,,,,+0.00000
260803_220030,1,2026-08-03T22:00:30Z,,,,+0.00000
260803_220045,1,2026-08-03T22:00:45Z,,,,+0.00000
260803_220100,1,2026-08-03T22:01:00Z,,,,+0.00000
260803_220115,1,2026-08-03T22:01:15Z,,,,+0.00000
260803_220130,1,2026-08-03T22:01:30Z,,,,+0.00000
260803_220145,1,2026-08-03T22:01:45Z,-0.02475,-0.02475,0.9967,+0.00000
260803_220200,1,2026-08-03T22:02:00Z,,,,+0.00000
260803_220215,1,2026-08-03T22:02:15Z,,,,+0.00000
260803_220230,1,2026-08-03T22:02:30Z,,,,+0.00000
260803_220245,1,2026-08-03T22:02:45Z,,,,+0.00000
260803_220300,1,2026-08-03T22:03:00Z,,,,+0.00000
260803_220315,1,2026-08-03T22:03:15Z,,,,+0.00000
260803_220330,1,2026-08-03T22:03:30Z,,,,+0.00000
260803_220345,1,2026-08-03T22:03:45Z,,,,+0.00000
260803_220400,1,2026-08-03T22:04:00Z,,,,+0.00000
260803_220415,1,2026-08-03T22:04:15Z,-0.01300,-0.01300,0.9987,+0.00000
260803_220430,1,2026-08-03T22:04:30Z,,,,+0.00000
260803_220445,1,2026-08-03T22:04:45Z,,,,+0.00000
260803_220500,1,2026-08-03T22:05:00Z,,,,+0.00000
260803_220515,1,2026-08-03T22:05:15Z,,,,+0.00000
260803_220530,1,2026-08-03T22:05:30Z,,,,+0.00000
260803_220545,1,2026-08-03T22:05:45Z,,,,+0.00000
260803_220600,1,2026-08-03T22:06:00Z,,,,+0.00000
260803_220615,1,2026-08-03T22:06:15Z,,,,+0.00000
260803_220630,1,2026-08-03T22:06:30Z,,,,+0.00000
260803_220645,1,2026-08-03T22:06:45Z,-0.00642,-0.00641,0.9988,+0.00000
260803_220700,1,2026-08-03T22:07:00Z,,,,+0.00000
260803_220715,1,2026-08-03T22:07:15Z,,,,+0.00000
260803_220730,1,2026-08-03T22:07:30Z,,,,+0.00000
260803_220745,1,2026-08-03T22:07:45Z,,,,+0.00000
260803_220800,1,2026-08-03T22:08:00Z,,,,+0.00000
260803_220815,1,2026-08-03T22:08:15Z,,,,+0.00000
260803_220830,1,2026-08-03T22:08:30Z,,,,+0.00000
260803_220845,1,2026-08-03T22:08:45Z,,,,+0.00000
260803_220900,1,2026-08-03T22:09:00Z,,,,+0.00000
260803_220915,1,2026-08-03T22:09:15Z,-0.00025,-0.00024,0.9909,+0.00000
260803_220930,1,2026-08-03T22:09:30Z,,,,+0.00000
260803_220945,1,2026-08-03T22:09:45Z,,,,+0.00000
260803_221000,1,2026-08-03T22:10:00Z,,,,+0.00000
260803_221015,1,2026-08-03T22:10:15Z,,,,+0.00000
260803_221030,1,2026-08-03T22:10:30Z,,,,+0.00000
260803_221045,1,2026-08-03T22:10:45Z,,,,+0.00000
260803_221100,1,2026-08-03T22:11:00Z,,,,+0.00000
260803_221115,1,2026-08-03T22:11:15Z,,,,+0.00000
260803_221130,1,2026-08-03T22:11:30Z,,,,+0.00000
260803_221145,1,2026-08-03T22:11:45Z,-0.03333,-0.03333,0.9989,+0.00000
260803_221200,1,2026-08-03T22:12:00Z,,,,+0.00000
260803_221215,1,2026-08-03T22:12:15Z,,,,+0.00000
260803_221230,1,2026-08-03T22:12:30Z,,,,+0.00000
260803_221245,1,2026-08-03T22:12:45Z,,,,+0.00000
260803_221300,1,2026-08-03T22:13:00Z,,,,+0.00000
260803_221315,1,2026-08-03T22:13:15Z,,,,+0.00000
260803_221330,1,2026-08-03T22:13:30Z,,,,+0.00000
260803_221345,1,2026-08-03T22:13:45Z,,,,+0.00000
260803_221400,1,2026-08-03T22:14:00Z,,,,+0.00000
260803_221415,1,2026-08-03T22:14:15Z,-0.03142,-0.03141,0.9958,+0.00000
260803_221430,1,2026-08-03T22:14:30Z,,,,+0.00000
260803_221445,1,2026-08-03T22:14:45Z,,,,+0.00000
260803_221500,1,2026-08-03T22:15:00Z,,,,+0.00000
260803_221515,1,2026-08-03T22:15:15Z,,,,+0.00000
260803_221530,1,2026-08-03T22:15:30Z,,,,+0.00000
260803_221545,1,2026-08-03T22:15:45Z,,,,+0.00000
260803_221600,1,2026-08-03T22:16:00Z,,,,+0.00000
260803_221615,1,2026-08-03T22:16:15Z,,,,+0.00000
260803_221630,1,2026-08-03T22:16:30Z,,,,+0.00000
260803_221645,1,2026-08-03T22:16:45Z,-0.02292,-0.02291,0.9799,+0.00000
260803_221700,1,2026-08-03T22:17:00Z,,,,+0.00000
260803_221715,1,2026-08-03T22:17:15Z,,,,+0.00000
260803_221730,1,2026-08-03T22:17:30Z,,,,+0.00000
260803_221745,1,2026-08-03T22:17:45Z,,,,+0.00000
260803_221800,1,2026-08-03T22:18:00Z,,,,+0.00000
260803_221815,1,2026-08-03T22:18:15Z,,,,+0.00000
260803_221830,1,2026-08-03T22:18:30Z,,,,+0.00000
260803_221845,1,2026-08-03T22:18:45Z,,,,+0.00000
260803_221900,1,2026-08-03T22:19:00Z,,,,+0.00000
260803_221915,1,2026-08-03T22:19:15Z,-0.01175,-0.01174,0.9943,+0.00000
260803_221930,1,2026-08-03T22:19:30Z,,,,+0.00000
260803_221945,1,2026-08-03T22:19:45Z,,,,+0.00000
260803_222000,1,2026-08-03T22:20:00Z,,,,+0.00000
260803_222015,1,2026-08-03T22:20:15Z,,,,+0.00000
260803_222030,1,2026-08-03T22:20:30Z,,,,+0.00000
260803_222045,1,2026-08-03T22:20:45Z,,,,+0.00000
260803_222100,1,2026-08-03T22:21:00Z,,,,+0.00000
260803_222115,1,2026-08-03T22:21:15Z,,,,+0.00000
260803_222130,1,2026-08-03T22:21:30Z,,,,+0.00000
260803_222145,1,2026-08-03T22:21:45Z,-0.00442,-0.00441,0.9815,+0.00000
260803_222200,1,2026-08-03T22:22:00Z,,,,+0.00000
260803_222215,1,2026-08-03T22:22:15Z,,,,+0.00000
260803_222230,1,2026-08-03T22:22:30Z,,,,+0.00000
260803_222245,1,2026-08-03T22:22:45Z,,,,+0.00000
260803_222300,1,2026-08-03T22:23:00Z,,,,+0.00000
260803_222315,1,2026-08-03T22:23:15Z,,,,+0.00000
260803_222330,1,2026-08-03T22:23:30Z,,,,+0.00000
260803_222345,1,2026-08-03T22:23:45Z,,,,+0.00000
260803_222400,1,2026-08-03T22:24:00Z,,,,+0.00000
260803_222415,1,2026-08-03T22:24:15Z,-0.00192,-0.00191,0.9955,+0.00000
260803_222430,1,2026-08-03T22:24:30Z,,,,+0.00000
260803_222445,1,2026-08-03T22:24:45Z,,,,+0.00000
260803_222500,1,2026-08-03T22:25:00Z,,,,+0.00000
260803_222515,1,2026-08-03T22:25:15Z,,,,+0.00000
260803_222530,1,2026-08-03T22:25:30Z,,,,+0.00000
260803_222545,1,2026-08-03T22:25:45Z,,,,+0.00000
260803_222600,1,2026-08-03T22:26:00Z,,,,+0.00000
260803_222615,1,2026-08-03T22:26:15Z,,,,+0.00000
260803_222630,1,2026-08-03T22:26:30Z,,,,+0.00000
260803_222645,1,2026-08-03T22:26:45Z,-0.02975,-0.02974,0.9939,+0.00000
260803_222700,1,2026-08-03T22:27:00Z,,,,+0.00000
260803_222715,1,2026-08-03T22:27:15Z,,,,+0.00000
260803_222730,1,2026-08-03T22:27:30Z,,,,+0.00000
260803_222745,1,2026-08-03T22:27:45Z,,,,+0.00000
260803_222800,1,2026-08-03T22:28:00Z,,,,+0.00000
260803_222815,1,2026-08-03T22:28:15Z,,,,+0.00000
260803_222830,1,2026-08-03T22:28:30Z,,,,+0.00000
260803_222845,1,2026-08-03T22:28:45Z,,,,+0.00000
260803_222900,1,2026-08-03T22:29:00Z,,,,+0.00000
260803_222915,1,2026-08-03T22:29:15Z,-0.02300,-0.02300,0.9962,+0.00000
260803_222930,1,2026-08-03T22:29:30Z,,,,+0.00000
260803_222945,1,2026-08-03T22:29:45Z,,,,+0.00000
260803_223000,1,2026-08-03T22:30:00Z,,,,+0.00000
260803_223015,1,2026-08-03T22:30:15Z,,,,+0.00000
260803_223030,1,2026-08-03T22:30:30Z,,,,+0.00000
260803_223045,1,2026-08-03T22:30:45Z,,,,+0.00000
260803_223100,1,2026-08-03T22:31:00Z,,,,+0.00000
260803_223115,1,2026-08-03T22:31:15Z,,,,+0.00000
260803_223130,1,2026-08-03T22:31:30Z,,,,+0.00000
260803_223145,1,2026-08-03T22:31:45Z,-0.01400,-0.01400,0.9979,+0.00000
260803_223200,1,2026-08-03T22:32:00Z,,,,+0.00000
260803_223215,1,2026-08-03T22:32:15Z,,,,+0.00000
260803_223230,1,2026-08-03T22:32:30Z,,,,+0.00000
260803_223245,1,2026-08-03T22:32:45Z,,,,+0.00000
260803_223300,1,2026-08-03T22:33:00Z,,,,+0.00000
260803_223315,1,2026-08-03T22:33:15Z,,,,+0.00000
260803_223330,1,2026-08-03T22:33:30Z,,,,+0.00000
260803_223345,1,2026-08-03T22:33:45Z,,,,+0.00000
260803_223400,1,2026-08-03T22:34:00Z,,,,+0.00000
260803_223415,1,2026-08-03T22:34:15Z,-0.01050,-0.01049,0.9953,+0.00000
260803_223430,1,2026-08-03T22:34:30Z,,,,+0.00000
260803_223445,1,2026-08-03T22:34:45Z,,,,+0.00000
260803_223500,1,2026-08-03T22:35:00Z,,,,+0.00000
260803_223515,1,2026-08-03T22:35:15Z,,,,+0.00000
260803_223530,1,2026-08-03T22:35:30Z,,,,+0.00000
260803_223545,1,2026-08-03T22:35:45Z,,,,+0.00000
260803_223600,1,2026-08-03T22:36:00Z,,,,+0.00000
260803_223615,1,2026-08-03T22:36:15Z,,,,+0.00000
260803_223630,1,2026-08-03T22:36:30Z,,,,+0.00000
260803_223645,1,2026-08-03T22:36:45Z,-0.03300,-0.03299,0.9966,+0.00000
260803_223700,1,2026-08-03T22:37:00Z,,,,+0.00000
260803_223715,1,2026-08-03T22:37:15Z,,,,+0.00000
260803_223730,1,2026-08-03T22:37:30Z,,,,+0.00000
260803_223745,1,2026-08-03T22:37:45Z,,,,+0.00000
260803_223800,1,2026-08-03T22:38:00Z,,,,+0.00000
260803_223815,1,2026-08-03T22:38:15Z,,,,+0.00000
260803_223830,1,2026-08-03T22:38:30Z,,,,+0.00000
260803_223845,1,2026-08-03T22:38:45Z,,,,+0.00000
260803_223900,1,2026-08-03T22:39:00Z,,,,+0.00000
260803_223915,1,2026-08-03T22:39:15Z,-0.02717,-0.02716,0.9957,+0.00000
260803_223930,1,2026-08-03T22:39:30Z,,,,+0.00000
260803_223945,1,2026-08-03T22:39:45Z,,,,+0.00000
260803_224000,1,2026-08-03T22:40:00Z,,,,+0.00000
260803_224015,1,2026-08-03T22:40:15Z,,,,+0.00000
260803_224030,1,2026-08-03T22:40:30Z,,,,+0.00000
260803_224045,1,2026-08-03T22:40:45Z,,,,+0.00000
260803_224100,1,2026-08-03T22:41:00Z,,,,+0.00000
260803_224115,1,2026-08-03T22:41:15Z,,,,+0.00000
260803_224130,1,2026-08-03T22:41:30Z,,,,+0.00000
260803_224145,1,2026-08-03T22:41:45Z,-0.02258,-0.02258,0.9892,+0.00000
260803_224200,1,2026-08-03T22:42:00Z,,,,+0.00000
260803_224215,1,2026-08-03T22:42:15Z,,,,+0.00000
260803_224230,1,2026-08-03T22:42:30Z,,,,+0.00000
260803_224245,1,2026-08-03T22:42:45Z,,,,+0.00000
260803_224300,1,2026-08-03T22:43:00Z,,,,+0.00000
260803_224315,1,2026-08-03T22:43:15Z,,,,+0.00000
260803_224330,1,2026-08-03T22:43:30Z,,,,+0.00000
260803_224345,1,2026-08-03T22:43:45Z,,,,+0.00000
260803_224400,1,2026-08-03T22:44:00Z,,,,+0.00000
260803_224415,1,2026-08-03T22:44:15Z,-0.01292,-0.01291,0.9929,+0.00000
260803_224430,1,2026-08-03T22:44:30Z,,,,+0.00000
260803_224445,1,2026-08-03T22:44:45Z,,,,+0.00000
260803_224500,1,2026-08-03T22:45:00Z,,,,+0.00000
260803_224515,1,2026-08-03T22:45:15Z,,,,+0.00000
260803_224530,1,2026-08-03T22:45:30Z,,,,+0.00000
260803_224545,1,2026-08-03T22:45:45Z,,,,+0.00000
260803_224600,1,2026-08-03T22:46:00Z,,,,+0.00000
260803_224615,1,2026-08-03T22:46:15Z,,,,+0.00000
260803_224630,1,2026-08-03T22:46:30Z,,,,+0.00000
260803_224645,1,2026-08-03T22:46:45Z,-0.00683,-0.00683,0.9900,+0.00000
260803_224700,1,2026-08-03T22:47:00Z,,,,+0.00000
260803_224715,1,2026-08-03T22:47:15Z,,,,+0.00000
260803_224730,1,2026-08-03T22:47:30Z,,,,+0.00000
260803_224745,1,2026-08-03T22:47:45Z,,,,+0.00000
260803_224800,1,2026-08-03T22:48:00Z,,,,+0.00000
260803_224815,1,2026-08-03T22:48:15Z,,,,+0.00000
260803_224830,1,2026-08-03T22:48:30Z,,,,+0.00000
260803_224845,1,2026-08-03T22:48:45Z,,,,+0.00000
260803_224900,1,2026-08-03T22:49:00Z,,,,+0.00000
260803_224915,1,2026-08-03T22:49:15Z,+0.00675,+0.00675,0.9989,+0.00000
260803_224930,1,2026-08-03T22:49:30Z,,,,+0.00000
260803_224945,1,2026-08-03T22:49:45Z,,,,+0.00000
260803_225000,1,2026-08-03T22:50:00Z,,,,+0.00000
260803_225015,1,2026-08-03T22:50:15Z,,,,+0.00000
260803_225030,1,2026-08-03T22:50:30Z,,,,+0.00000
260803_225045,1,2026-08-03T22:50:45Z,,,,+0.00000
260803_225100,1,2026-08-03T22:51:00Z,,,,+0.00000
260803_225115,1,2026-08-03T22:51:15Z,,,,+0.00000
260803_225130,1,2026-08-03T22:51:30Z,,,,+0.00000
260803_225145,1,2026-08-03T22:51:45Z,-0.03392,-0.03391,0.9976,+0.00000
260803_225200,1,2026-08-03T22:52:00Z,,,,+0.00000
260803_225215,1,2026-08-03T22:52:15Z,,,,+0.00000
260803_225230,1,2026-08-03T22:52:30Z,,,,+0.00000
260803_225245,1,2026-08-03T22:52:45Z,,,,+0.00000
260803_225300,1,2026-08-03T22:53:00Z,,,,+0.00000
260803_225315,1,2026-08-03T22:53:15Z,,,,+0.00000
260803_225330,1,2026-08-03T22:53:30Z,,,,+0.00000
260803_225345,1,2026-08-03T22:53:45Z,,,,+0.00000
260803_225400,1,2026-08-03T22:54:00Z,,,,+0.00000
260803_225415,1,2026-08-03T22:54:15Z,-0.01817,-0.01816,0.9990,+0.00000
260803_225430,1,2026-08-03T22:54:30Z,,,,+0.00000
260803_225445,1,2026-08-03T22:54:45Z,,,,+0.00000
260803_225500,1,2026-08-03T22:55:00Z,,,,+0.00000
260803_225515,1,2026-08-03T22:55:15Z,,,,+0.00000
260803_225530,1,2026-08-03T22:55:30Z,,,,+0.00000
260803_225545,1,2026-08-03T22:55:45Z,,,,+0.00000
260803_225600,1,2026-08-03T22:56:00Z,,,,+0.00000
260803_225615,1,2026-08-03T22:56:15Z,,,,+0.00000
260803_225630,1,2026-08-03T22:56:30Z,,,,+0.00000
260803_225645,1,2026-08-03T22:56:45Z,-0.01167,-0.01166,0.9967,+0.00000
260803_225700,1,2026-08-03T22:57:00Z,,,,+0.00000
260803_225715,1,2026-08-03T22:57:15Z,,,,+0.00000
260803_225730,1,2026-08-03T22:57:30Z,,,,+0.00000
260803_225745,1,2026-08-03T22:57:45Z,,,,+0.00000
260803_225800,1,2026-08-03T22:58:00Z,,,,+0.00000
260803_225815,1,2026-08-03T22:58:15Z,,,,+0.00000
260803_225830,1,2026-08-03T22:58:30Z,,,,+0.00000
260803_225845,1,2026-08-03T22:58:45Z,,,,+0.00000
260803_225900,1,2026-08-03T22:59:00Z,,,,+0.00000
260803_225915,1,2026-08-03T22:59:15Z,-0.00600,-0.00600,0.9983,+0.00000
260803_225930,1,2026-08-03T22:59:30Z,,,,+0.00000
260803_225945,1,2026-08-03T22:59:45Z,,,,+0.00000
260803_230000,1,2026-08-03T23:00:00Z,,,,+0.00000
260803_230015,1,2026-08-03T23:00:15Z,,,,+0.00000
260803_230030,1,2026-08-03T23:00:30Z,,,,+0.00000
260803_230045,1,2026-08-03T23:00:45Z,,,,+0.00000
260803_230100,1,2026-08-03T23:01:00Z,,,,+0.00000
260803_230115,1,2026-08-03T23:01:15Z,,,,+0.00000
260803_230130,1,2026-08-03T23:01:30Z,,,,+0.00000
260803_230145,1,2026-08-03T23:01:45Z,+0.00108,+0.00109,0.9998,+0.00000
260803_230200,1,2026-08-03T23:02:00Z,,,,+0.00000
260803_230215,1,2026-08-03T23:02:15Z,,,,+0.00000
260803_230230,1,2026-08-03T23:02:30Z,,,,+0.00000
260803_230245,1,2026-08-03T23:02:45Z,,,,+0.00000
260803_230300,1,2026-08-03T23:03:00Z,,,,+0.00000
260803_230315,1,2026-08-03T23:03:15Z,,,,+0.00000
260803_230330,1,2026-08-03T23:03:30Z,,,,+0.00000
260803_230345,1,2026-08-03T23:03:45Z,,,,+0.00000
260803_230400,1,2026-08-03T23:04:00Z,,,,+0.00000
260803_230415,1,2026-08-03T23:04:15Z,-0.03433,-0.03433,0.9998,+0.00000
260803_230430,1,2026-08-03T23:04:30Z,,,,+0.00000
260803_230445,1,2026-08-03T23:04:45Z,,,,+0.00000
260803_230500,1,2026-08-03T23:05:00Z,,,,+0.00000
260803_230515,1,2026-08-03T23:05:15Z,,,,+0.00000
260803_230530,1,2026-08-03T23:05:30Z,,,,+0.00000
260803_230545,1,2026-08-03T23:05:45Z,,,,+0.00000
260803_230600,1,2026-08-03T23:06:00Z,,,,+0.00000
260803_230615,1,2026-08-03T23:06:15Z,,,,+0.00000
260803_230630,1,2026-08-03T23:06:30Z,,,,+0.00000
260803_230645,1,2026-08-03T23:06:45Z,-0.02267,-0.02266,0.9996,+0.00000
260803_230700,1,2026-08-03T23:07:00Z,,,,+0.00000
260803_230715,1,2026-08-03T23:07:15Z,,,,+0.00000
260803_230730,1,2026-08-03T23:07:30Z,,,,+0.00000
260803_230745,1,2026-08-03T23:07:45Z,,,,+0.00000
260803_230800,1,2026-08-03T23:08:00Z,,,,+0.00000
260803_230815,1,2026-08-03T23:08:15Z,,,,+0.00000
260803_230830,1,2026-08-03T23:08:30Z,,,,+0.00000
260803_230845,1,2026-08-03T23:08:45Z,,,,+0.00000
260803_230900,1,2026-08-03T23:09:00Z,,,,+0.00000
260803_230915,1,2026-08-03T23:09:15Z,-0.02317,-0.02316,0.9992,+0.00000
260803_230930,1,2026-08-03T23:09:30Z,,,,+0.00000
260803_230945,1,2026-08-03T23:09:45Z,,,,+0.00000
260803_231000,1,2026-08-03T23:10:00Z,,,,+0.00000
260803_231015,1,2026-08-03T23:10:15Z,,,,+0.00000
260803_231030,1,2026-08-03T23:10:30Z,,,,+0.00000
260803_231045,1,2026-08-03T23:10:45Z,,,,+0.00000
260803_231100,1,2026-08-03T23:11:00Z,,,,+0.00000
260803_231115,1,2026-08-03T23:11:15Z,,,,+0.00000
260803_231130,1,2026-08-03T23:11:30Z,,,,+0.00000
260803_231145,1,2026-08-03T23:11:45Z,-0.01150,-0.01150,0.9998,+0.00000
260803_231200,1,2026-08-03T23:12:00Z,,,,+0.00000
260803_231215,1,2026-08-03T23:12:15Z,,,,+0.00000
260803_231230,1,2026-08-03T23:12:30Z,,,,+0.00000
260803_231245,1,2026-08-03T23:12:45Z,,,,+0.00000
260803_231300,1,2026-08-03T23:13:00Z,,,,+0.00000
260803_231315,1,2026-08-03T23:13:15Z,,,,+0.00000
260803_231330,1,2026-08-03T23:13:30Z,,,,+0.00000
260803_231345,1,2026-08-03T23:13:45Z,,,,+0.00000
260803_231400,1,2026-08-03T23:14:00Z,,,,+0.00000
260803_231415,1,2026-08-03T23:14:15Z,+0.00017,+0.00017,0.9975,+0.00000
260803_231430,1,2026-08-03T23:14:30Z,,,,+0.00000
260803_231445,1,2026-08-03T23:14:45Z,,,,+0.00000
260803_231500,1,2026-08-03T23:15:00Z,,,,+0.00000
260803_231515,1,2026-08-03T23:15:15Z,,,,+0.00000
260803_231530,1,2026-08-03T23:15:30Z,,,,+0.00000
260803_231545,1,2026-08-03T23:15:45Z,,,,+0.00000
260803_231600,1,2026-08-03T23:16:00Z,,,,+0.00000
260803_231615,1,2026-08-03T23:16:15Z,,,,+0.00000
260803_231630,1,2026-08-03T23:16:30Z,,,,+0.00000
260803_231645,1,2026-08-03T23:16:45Z,-0.00258,-0.00258,0.9985,+0.00000
260803_231700,1,2026-08-03T23:17:00Z,,,,+0.00000
260803_231715,1,2026-08-03T23:17:15Z,,,,+0.00000
260803_231730,1,2026-08-03T23:17:30Z,,,,+0.00000
260803_231745,1,2026-08-03T23:17:45Z,,,,+0.00000
260803_231800,1,2026-08-03T23:18:00Z,,,,+0.00000
260803_231815,1,2026-08-03T23:18:15Z,,,,+0.00000
260803_231830,1,2026-08-03T23:18:30Z,,,,+0.00000
260803_231845,1,2026-08-03T23:18:45Z,,,,+0.00000
260803_231900,1,2026-08-03T23:19:00Z,,,,+0.00000
260803_231915,1,2026-08-03T23:19:15Z,-0.02767,-0.02766,0.9989,+0.00000
260803_231930,1,2026-08-03T23:19:30Z,,,,+0.00000
260803_231945,1,2026-08-03T23:19:45Z,,,,+0.00000
260803_232000,1,2026-08-03T23:20:00Z,,,,+0.00000
260803_232015,1,2026-08-03T23:20:15Z,,,,+0.00000
260803_232030,1,2026-08-03T23:20:30Z,,,,+0.00000
260803_232045,1,2026-08-03T23:20:45Z,,,,+0.00000
260803_232100,1,2026-08-03T23:21:00Z,,,,+0.00000
260803_232115,1,2026-08-03T23:21:15Z,,,,+0.00000
260803_232130,1,2026-08-03T23:21:30Z,,,,+0.00000
260803_232145,1,2026-08-03T23:21:45Z,-0.01975,-0.01975,0.9999,+0.00000
260803_232200,1,2026-08-03T23:22:00Z,,,,+0.00000
260803_232215,1,2026-08-03T23:22:15Z,,,,+0.00000
260803_232230,1,2026-08-03T23:22:30Z,,,,+0.00000
260803_232245,1,2026-08-03T23:22:45Z,,,,+0.00000
260803_232300,1,2026-08-03T23:23:00Z,,,,+0.00000
260803_232315,1,2026-08-03T23:23:15Z,,,,+0.00000
260803_232330,1,2026-08-03T23:23:30Z,,,,+0.00000
260803_232345,1,2026-08-03T23:23:45Z,,,,+0.00000
260803_232400,1,2026-08-03T23:24:00Z,,,,+0.00000
260803_232415,1,2026-08-03T23:24:15Z,-0.02000,-0.02000,0.9998,+0.00000
260803_232430,1,2026-08-03T23:24:30Z,,,,+0.00000
260803_232445,1,2026-08-03T23:24:45Z,,,,+0.00000
260803_232500,1,2026-08-03T23:25:00Z,,,,+0.00000
260803_232515,1,2026-08-03T23:25:15Z,,,,+0.00000
260803_232530,1,2026-08-03T23:25:30Z,,,,+0.00000
260803_232545,1,2026-08-03T23:25:45Z,,,,+0.00000
260803_232600,1,2026-08-03T23:26:00Z,,,,+0.00000
260803_232615,1,2026-08-03T23:26:15Z,,,,+0.00000
260803_232630,1,2026-08-03T23:26:30Z,,,,+0.00000
260803_232645,1,2026-08-03T23:26:45Z,-0.01067,-0.01066,0.9998,+0.00000
260803_232700,1,2026-08-03T23:27:00Z,,,,+0.00000
260803_232715,1,2026-08-03T23:27:15Z,,,,+0.00000
260803_232730,1,2026-08-03T23:27:30Z,,,,+0.00000
260803_232745,1,2026-08-03T23:27:45Z,,,,+0.00000
260803_232800,1,2026-08-03T23:28:00Z,,,,+0.00000
260803_232815,1,2026-08-03T23:28:15Z,,,,+0.00000
260803_232830,1,2026-08-03T23:28:30Z,,,,+0.00000
260803_232845,1,2026-08-03T23:28:45Z,,,,+0.00000
260803_232900,1,2026-08-03T23:29:00Z,,,,+0.00000
260803_232915,1,2026-08-03T23:29:15Z,-0.00142,-0.00141,0.9991,+0.00000
260803_232930,1,2026-08-03T23:29:30Z,,,,+0.00000
260803_232945,1,2026-08-03T23:29:45Z,,,,+0.00000
260803_233000,1,2026-08-03T23:30:00Z,,,,+0.00000
260803_233015,1,2026-08-03T23:30:15Z,,,,+0.00000
260803_233030,1,2026-08-03T23:30:30Z,,,,+0.00000
260803_233045,1,2026-08-03T23:30:45Z,,,,+0.00000
260803_233100,1,2026-08-03T23:31:00Z,,,,+0.00000
260803_233115,1,2026-08-03T23:31:15Z,,,,+0.00000
260803_233130,1,2026-08-03T23:31:30Z,,,,+0.00000
260803_233145,1,2026-08-03T23:31:45Z,-0.03908,-0.03908,0.9991,+0.00000
260803_233200,1,2026-08-03T23:32:00Z,,,,+0.00000
260803_233215,1,2026-08-03T23:32:15Z,,,,+0.00000
260803_233230,1,2026-08-03T23:32:30Z,,,,+0.00000
260803_233245,1,2026-08-03T23:32:45Z,,,,+0.00000
260803_233300,1,2026-08-03T23:33:00Z,,,,+0.00000
260803_233315,1,2026-08-03T23:33:15Z,,,,+0.00000
260803_233330,1,2026-08-03T23:33:30Z,,,,+0.00000
260803_233345,1,2026-08-03T23:33:45Z,,,,+0.00000
260803_233400,1,2026-08-03T23:34:00Z,,,,+0.00000
260803_233415,1,2026-08-03T23:34:15Z,-0.02442,-0.02441,0.9995,+0.00000
260803_233430,1,2026-08-03T23:34:30Z,,,,+0.00000
260803_233445,1,2026-08-03T23:34:45Z,,,,+0.00000
260803_233500,1,2026-08-03T23:35:00Z,,,,+0.00000
260803_233515,1,2026-08-03T23:35:15Z,,,,+0.00000
260803_233530,1,2026-08-03T23:35:30Z,,,,+0.00000
260803_233545,1,2026-08-03T23:35:45Z,,,,+0.00000
260803_233600,1,2026-08-03T23:36:00Z,,,,+0.00000
260803_233615,1,2026-08-03T23:36:15Z,,,,+0.00000
260803_233630,1,2026-08-03T23:36:30Z,,,,+0.00000
260803_233645,1,2026-08-03T23:36:45Z,-0.02033,-0.02033,0.9988,+0.00000
260803_233700,1,2026-08-03T23:37:00Z,,,,+0.00000
260803_233715,1,2026-08-03T23:37:15Z,,,,+0.00000
260803_233730,1,2026-08-03T23:37:30Z,,,,+0.00000
260803_233745,1,2026-08-03T23:37:45Z,,,,+0.00000
260803_233800,1,2026-08-03T23:38:00Z,,,,+0.00000
260803_233815,1,2026-08-03T23:38:15Z,,,,+0.00000
260803_233830,1,2026-08-03T23:38:30Z,,,,+0.00000
260803_233845,1,2026-08-03T23:38:45Z,,,,+0.00000
260803_233900,1,2026-08-03T23:39:00Z,,,,+0.00000
260803_233915,1,2026-08-03T23:39:15Z,-0.01767,-0.01766,0.9994,+0.00000
260803_233930,1,2026-08-03T23:39:30Z,,,,+0.00000
260803_233945,1,2026-08-03T23:39:45Z,,,,+0.00000
260803_234000,1,2026-08-03T23:40:00Z,,,,+0.00000
260803_234015,1,2026-08-03T23:40:15Z,,,,+0.00000
260803_234030,1,2026-08-03T23:40:30Z,,,,+0.00000
260803_234045,1,2026-08-03T23:40:45Z,,,,+0.00000
260803_234100,1,2026-08-03T23:41:00Z,,,,+0.00000
260803_234115,1,2026-08-03T23:41:15Z,,,,+0.00000
260803_234130,1,2026-08-03T23:41:30Z,,,,+0.00000
260803_234145,1,2026-08-03T23:41:45Z,-0.00550,-0.00550,0.9996,+0.00000
260803_234200,1,2026-08-03T23:42:00Z,,,,+0.00000
260803_234215,1,2026-08-03T23:42:15Z,,,,+0.00000
260803_234230,1,2026-08-03T23:42:30Z,,,,+0.00000
260803_234245,1,2026-08-03T23:42:45Z,,,,+0.00000
260803_234300,1,2026-08-03T23:43:00Z,,,,+0.00000
260803_234315,1,2026-08-03T23:43:15Z,,,,+0.00000
260803_234330,1,2026-08-03T23:43:30Z,,,,+0.00000
260803_234345,1,2026-08-03T23:43:45Z,,,,+0.00000
260803_234400,1,2026-08-03T23:44:00Z,,,,+0.00000
260803_234415,1,2026-08-03T23:44:15Z,-0.00008,-0.00008,0.9995,+0.00000
260803_234430,1,2026-08-03T23:44:30Z,,,,+0.00000
260803_234445,1,2026-08-03T23:44:45Z,,,,+0.00000
260803_234500,1,2026-08-03T23:45:00Z,,,,+0.00000
260803_234515,1,2026-08-03T23:45:15Z,,,,+0.00000
260803_234530,1,2026-08-03T23:45:30Z,,,,+0.00000
260803_234545,1,2026-08-03T23:45:45Z,,,,+0.00000
260803_234600,1,2026-08-03T23:46:00Z,,,,+0.00000
260803_234615,1,2026-08-03T23:46:15Z,,,,+0.00000
260803_234630,1,2026-08-03T23:46:30Z,,,,+0.00000
260803_234645,1,2026-08-03T23:46:45Z,-0.02975,-0.02975,0.9993,+0.00000
260803_234700,1,2026-08-03T23:47:00Z,,,,+0.00000
260803_234715,1,2026-08-03T23:47:15Z,,,,+0.00000
260803_234730,1,2026-08-03T23:47:30Z,,,,+0.00000
260803_234745,1,2026-08-03T23:47:45Z,,,,+0.00000
260803_234800,1,2026-08-03T23:48:00Z,,,,+0.00000
260803_234815,1,2026-08-03T23:48:15Z,,,,+0.00000
260803_234830,1,2026-08-03T23:48:30Z,,,,+0.00000
260803_234845,1,2026-08-03T23:48:45Z,,,,+0.00000
260803_234900,1,2026-08-03T23:49:00Z,,,,+0.00000
260803_234915,1,2026-08-03T23:49:15Z,-0.02375,-0.02375,0.9994,+0.00000
260803_234930,1,2026-08-03T23:49:30Z,,,,+0.00000
260803_234945,1,2026-08-03T23:49:45Z,,,,+0.00000
260803_235000,1,2026-08-03T23:50:00Z,,,,+0.00000
260803_235015,1,2026-08-03T23:50:15Z,,,,+0.00000
260803_235030,1,2026-08-03T23:50:30Z,,,,+0.00000
260803_235045,1,2026-08-03T23:50:45Z,,,,+0.00000
260803_235100,1,2026-08-03T23:51:00Z,,,,+0.00000
260803_235115,1,2026-08-03T23:51:15Z,,,,+0.00000
260803_235130,1,2026-08-03T23:51:30Z,,,,+0.00000
260803_235145,1,2026-08-03T23:51:45Z,-0.01808,-0.01808,0.9994,+0.00000
260803_235200,1,2026-08-03T23:52:00Z,,,,+0.00000
260803_235215,1,2026-08-03T23:52:15Z,,,,+0.00000
260803_235230,1,2026-08-03T23:52:30Z,,,,+0.00000
260803_235245,1,2026-08-03T23:52:45Z,,,,+0.00000
260803_235300,1,2026-08-03T23:53:00Z,,,,+0.00000
260803_235315,1,2026-08-03T23:53:15Z,,,,+0.00000
260803_235330,1,2026-08-03T23:53:30Z,,,,+0.00000
260803_235345,1,2026-08-03T23:53:45Z,,,,+0.00000
260803_235400,1,2026-08-03T23:54:00Z,,,,+0.00000
260803_235415,1,2026-08-03T23:54:15Z,-0.00792,-0.00791,0.9994,+0.00000
260803_235430,1,2026-08-03T23:54:30Z,,,,+0.00000
260803_235445,1,2026-08-03T23:54:45Z,,,,+0.00000
260803_235500,1,2026-08-03T23:55:00Z,,,,+0.00000
260803_235515,1,2026-08-03T23:55:15Z,,,,+0.00000
260803_235530,1,2026-08-03T23:55:30Z,,,,+0.00000
260803_235545,1,2026-08-03T23:55:45Z,,,,+0.00000
260803_235600,1,2026-08-03T23:56:00Z,,,,+0.00000
260803_235615,1,2026-08-03T23:56:15Z,,,,+0.00000
260803_235630,1,2026-08-03T23:56:30Z,,,,+0.00000
260803_235645,1,2026-08-03T23:56:45Z,+0.00025,+0.00025,0.9995,+0.00000
260803_235700,1,2026-08-03T23:57:00Z,,,,+0.00000
260803_235715,1,2026-08-03T23:57:15Z,,,,+0.00000
260803_235730,1,2026-08-03T23:57:30Z,,,,+0.00000
260803_235745,1,2026-08-03T23:57:45Z,,,,+0.00000
260803_235800,1,2026-08-03T23:58:00Z,,,,+0.00000
260803_235815,1,2026-08-03T23:58:15Z,,,,+0.00000
260803_235830,1,2026-08-03T23:58:30Z,,,,+0.00000
260803_235845,1,2026-08-03T23:58:45Z,,,,+0.00000
260803_235900,1,2026-08-03T23:59:00Z,,,,+0.00000
260803_235915,1,2026-08-03T23:59:15Z,-0.03083,-0.03083,0.9994,+0.00000
260803_235930,1,2026-08-03T23:59:30Z,,,,+0.00000
260803_235945,1,2026-08-03T23:59:45Z,,,,+0.00000
260804_000000,1,2026-08-04T00:00:00Z,,,,+0.00000
260804_000015,1,2026-08-04T00:00:15Z,,,,+0.00000
260804_000030,1,2026-08-04T00:00:30Z,,,,+0.00000
260804_000045,1,2026-08-04T00:00:45Z,,,,+0.00000
260804_000100,1,2026-08-04T00:01:00Z,,,,+0.00000
260804_000115,1,2026-08-04T00:01:15Z,,,,+0.00000
260804_000130,1,2026-08-04T00:01:30Z,,,,+0.00000
260804_000145,1,2026-08-04T00:01:45Z,-0.02850,-0.02850,0.9989,+0.00000
260804_000200,1,2026-08-04T00:02:00Z,,,,+0.00000
260804_000215,1,2026-08-04T00:02:15Z,,,,+0.00000
260804_000230,1,2026-08-04T00:02:30Z,,,,+0.00000
260804_000245,1,2026-08-04T00:02:45Z,,,,+0.00000
260804_000300,1,2026-08-04T00:03:00Z,,,,+0.00000
260804_000315,1,2026-08-04T00:03:15Z,,,,+0.00000
260804_000330,1,2026-08-04T00:03:30Z,,,,+0.00000
260804_000345,1,2026-08-04T00:03:45Z,,,,+0.00000
260804_000400,1,2026-08-04T00:04:00Z,,,,+0.00000
260804_000415,1,2026-08-04T00:04:15Z,-0.01733,-0.01733,0.9990,+0.00000
260804_000430,1,2026-08-04T00:04:30Z,,,,+0.00000
260804_000445,1,2026-08-04T00:04:45Z,,,,+0.00000
260804_000500,1,2026-08-04T00:05:00Z,,,,+0.00000
260804_000515,1,2026-08-04T00:05:15Z,,,,+0.00000
260804_000530,1,2026-08-04T00:05:30Z,,,,+0.00000
260804_000545,1,2026-08-04T00:05:45Z,,,,+0.00000
260804_000600,1,2026-08-04T00:06:00Z,,,,+0.00000
260804_000615,1,2026-08-04T00:06:15Z,,,,+0.00000
260804_000630,1,2026-08-04T00:06:30Z,,,,+0.00000
260804_000645,1,2026-08-04T00:06:45Z,-0.01417,-0.01416,0.9999,+0.00000
260804_000700,1,2026-08-04T00:07:00Z,,,,+0.00000
260804_000715,1,2026-08-04T00:07:15Z,,,,+0.00000
260804_000730,1,2026-08-04T00:07:30Z,,,,+0.00000
260804_000745,1,2026-08-04T00:07:45Z,,,,+0.00000
260804_000800,1,2026-08-04T00:08:00Z,,,,+0.00000
260804_000815,1,2026-08-04T00:08:15Z,,,,+0.00000
260804_000830,1,2026-08-04T00:08:30Z,,,,+0.00000
260804_000845,1,2026-08-04T00:08:45Z,,,,+0.00000
260804_000900,1,2026-08-04T00:09:00Z,,,,+0.00000
260804_000915,1,2026-08-04T00:09:15Z,-0.01042,-0.01041,0.9993,+0.00000
260804_000930,1,2026-08-04T00:09:30Z,,,,+0.00000
260804_000945,1,2026-08-04T00:09:45Z,,,,+0.00000
260804_001000,1,2026-08-04T00:10:00Z,,,,+0.00000
260804_001015,1,2026-08-04T00:10:15Z,,,,+0.00000
260804_001030,1,2026-08-04T00:10:30Z,,,,+0.00000
260804_001045,1,2026-08-04T00:10:45Z,,,,+0.00000
260804_001100,1,2026-08-04T00:11:00Z,,,,+0.00000
260804_001115,1,2026-08-04T00:11:15Z,,,,+0.00000
260804_001130,1,2026-08-04T00:11:30Z,,,,+0.00000
260804_001145,1,2026-08-04T00:11:45Z,+0.00525,+0.00525,0.9994,+0.00000
260804_001200,1,2026-08-04T00:12:00Z,,,,+0.00000
260804_001215,1,2026-08-04T00:12:15Z,,,,+0.00000
260804_001230,1,2026-08-04T00:12:30Z,,,,+0.00000
260804_001245,1,2026-08-04T00:12:45Z,,,,+0.00000
260804_001300,1,2026-08-04T00:13:00Z,,,,+0.00000
260804_001315,1,2026-08-04T00:13:15Z,,,,+0.00000
260804_001330,1,2026-08-04T00:13:30Z,,,,+0.00000
260804_001345,1,2026-08-04T00:13:45Z,,,,+0.00000
260804_001400,1,2026-08-04T00:14:00Z,,,,+0.00000
260804_001415,1,2026-08-04T00:14:15Z,-0.02958,-0.02958,0.9869,+0.00000
260804_001430,1,2026-08-04T00:14:30Z,,,,+0.00000
260804_001445,1,2026-08-04T00:14:45Z,,,,+0.00000
260804_001500,1,2026-08-04T00:15:00Z,,,,+0.00000
260804_001515,1,2026-08-04T00:15:15Z,,,,+0.00000
260804_001530,1,2026-08-04T00:15:30Z,,,,+0.00000
260804_001545,1,2026-08-04T00:15:45Z,,,,+0.00000
260804_001600,1,2026-08-04T00:16:00Z,,,,+0.00000
260804_001615,1,2026-08-04T00:16:15Z,,,,+0.00000
260804_001630,1,2026-08-04T00:16:30Z,,,,+0.00000
260804_001645,1,2026-08-04T00:16:45Z,-0.02650,-0.02649,0.9777,+0.00000
260804_001700,1,2026-08-04T00:17:00Z,,,,+0.00000
260804_001715,1,2026-08-04T00:17:15Z,,,,+0.00000
260804_001730,1,2026-08-04T00:17:30Z,,,,+0.00000
260804_001745,1,2026-08-04T00:17:45Z,,,,+0.00000
260804_001800,1,2026-08-04T00:18:00Z,,,,+0.00000
260804_001815,1,2026-08-04T00:18:15Z,,,,+0.00000
260804_001830,1,2026-08-04T00:18:30Z,,,,+0.00000
260804_001845,1,2026-08-04T00:18:45Z,,,,+0.00000
260804_001900,1,2026-08-04T00:19:00Z,,,,+0.00000
260804_001915,1,2026-08-04T00:19:15Z,-0.02808,-0.02808,0.9999,+0.00000
260804_001930,1,2026-08-04T00:19:30Z,,,,+0.00000
260804_001945,1,2026-08-04T00:19:45Z,,,,+0.00000
260804_002000,1,2026-08-04T00:20:00Z,,,,+0.00000
260804_002015,1,2026-08-04T00:20:15Z,,,,+0.00000
260804_002030,1,2026-08-04T00:20:30Z,,,,+0.00000
260804_002045,1,2026-08-04T00:20:45Z,,,,+0.00000
260804_002100,1,2026-08-04T00:21:00Z,,,,+0.00000
260804_002115,1,2026-08-04T00:21:15Z,,,,+0.00000
260804_002130,1,2026-08-04T00:21:30Z,,,,+0.00000
260804_002145,1,2026-08-04T00:21:45Z,-0.02017,-0.02016,0.9999,+0.00000
260804_002200,1,2026-08-04T00:22:00Z,,,,+0.00000
260804_002215,1,2026-08-04T00:22:15Z,,,,+0.00000
260804_002230,1,2026-08-04T00:22:30Z,,,,+0.00000
260804_002245,1,2026-08-04T00:22:45Z,,,,+0.00000
260804_002300,1,2026-08-04T00:23:00Z,,,,+0.00000
260804_002315,1,2026-08-04T00:23:15Z,,,,+0.00000
260804_002330,1,2026-08-04T00:23:30Z,,,,+0.00000
260804_002345,1,2026-08-04T00:23:45Z,,,,+0.00000
260804_002400,1,2026-08-04T00:24:00Z,,,,+0.00000
260804_002415,1,2026-08-04T00:24:15Z,-0.01125,-0.01125,0.9990,+0.00000
260804_002430,1,2026-08-04T00:24:30Z,,,,+0.00000
260804_002445,1,2026-08-04T00:24:45Z,,,,+0.00000
260804_002500,1,2026-08-04T00:25:00Z,,,,+0.00000
260804_002515,1,2026-08-04T00:25:15Z,,,,+0.00000
260804_002530,1,2026-08-04T00:25:30Z,,,,+0.00000
260804_002545,1,2026-08-04T00:25:45Z,,,,+0.00000
260804_002600,1,2026-08-04T00:26:00Z,,,,+0.00000
260804_002615,1,2026-08-04T00:26:15Z,,,,+0.00000
260804_002630,1,2026-08-04T00:26:30Z,,,,+0.00000
260804_002645,1,2026-08-04T00:26:45Z,-0.00658,-0.00658,0.9995,+0.00000
260804_002700,1,2026-08-04T00:27:00Z,,,,+0.00000
260804_002715,1,2026-08-04T00:27:15Z,,,,+0.00000
260804_002730,1,2026-08-04T00:27:30Z,,,,+0.00000
260804_002745,1,2026-08-04T00:27:45Z,,,,+0.00000
260804_002800,1,2026-08-04T00:28:00Z,,,,+0.00000
260804_002815,1,2026-08-04T00:28:15Z,,,,+0.00000
260804_002830,1,2026-08-04T00:28:30Z,,,,+0.00000
260804_002845,1,2026-08-04T00:28:45Z,,,,+0.00000
260804_002900,1,2026-08-04T00:29:00Z,,,,+0.00000
260804_002915,1,2026-08-04T00:29:15Z,+0.00458,+0.00459,0.9995,+0.00000
260804_002930,1,2026-08-04T00:29:30Z,,,,+0.00000
260804_002945,1,2026-08-04T00:29:45Z,,,,+0.00000
260804_003000,1,2026-08-04T00:30:00Z,,,,+0.00000
260804_003015,1,2026-08-04T00:30:15Z,,,,+0.00000
260804_003030,1,2026-08-04T00:30:30Z,,,,+0.00000
260804_003045,1,2026-08-04T00:30:45Z,,,,+0.00000
260804_003100,1,2026-08-04T00:31:00Z,,,,+0.00000
260804_003115,1,2026-08-04T00:31:15Z,,,,+0.00000
260804_003130,1,2026-08-04T00:31:30Z,,,,+0.00000
260804_003145,1,2026-08-04T00:31:45Z,-0.02858,-0.02858,0.9994,+0.00000
260804_003200,1,2026-08-04T00:32:00Z,,,,+0.00000
260804_003215,1,2026-08-04T00:32:15Z,,,,+0.00000
260804_003230,1,2026-08-04T00:32:30Z,,,,+0.00000
260804_003245,1,2026-08-04T00:32:45Z,,,,+0.00000
260804_003300,1,2026-08-04T00:33:00Z,,,,+0.00000
260804_003315,1,2026-08-04T00:33:15Z,,,,+0.00000
260804_003330,1,2026-08-04T00:33:30Z,,,,+0.00000
260804_003345,1,2026-08-04T00:33:45Z,,,,+0.00000
260804_003400,1,2026-08-04T00:34:00Z,,,,+0.00000
260804_003415,1,2026-08-04T00:34:15Z,-0.02067,-0.02066,0.9999,+0.00000
260804_003430,1,2026-08-04T00:34:30Z,,,,+0.00000
260804_003445,1,2026-08-04T00:34:45Z,,,,+0.00000
260804_003500,1,2026-08-04T00:35:00Z,,,,+0.00000
260804_003515,1,2026-08-04T00:35:15Z,,,,+0.00000
260804_003530,1,2026-08-04T00:35:30Z,,,,+0.00000
260804_003545,1,2026-08-04T00:35:45Z,,,,+0.00000
260804_003600,1,2026-08-04T00:36:00Z,,,,+0.00000
260804_003615,1,2026-08-04T00:36:15Z,,,,+0.00000
260804_003630,1,2026-08-04T00:36:30Z,,,,+0.00000
260804_003645,1,2026-08-04T00:36:45Z,-0.01608,-0.01608,0.9998,+0.00000
260804_003700,1,2026-08-04T00:37:00Z,,,,+0.00000
260804_003715,1,2026-08-04T00:37:15Z,,,,+0.00000
260804_003730,1,2026-08-04T00:37:30Z,,,,+0.00000
260804_003745,1,2026-08-04T00:37:45Z,,,,+0.00000
260804_003800,1,2026-08-04T00:38:00Z,,,,+0.00000
260804_003815,1,2026-08-04T00:38:15Z,,,,+0.00000
260804_003830,1,2026-08-04T00:38:30Z,,,,+0.00000
260804_003845,1,2026-08-04T00:38:45Z,,,,+0.00000
260804_003900,1,2026-08-04T00:39:00Z,,,,+0.00000
260804_003915,1,2026-08-04T00:39:15Z,-0.01067,-0.01066,0.9999,+0.00000
260804_003930,1,2026-08-04T00:39:30Z,,,,+0.00000
260804_003945,1,2026-08-04T00:39:45Z,,,,+0.00000
260804_004000,1,2026-08-04T00:40:00Z,,,,+0.00000
260804_004015,1,2026-08-04T00:40:15Z,,,,+0.00000
260804_004030,1,2026-08-04T00:40:30Z,,,,+0.00000
260804_004045,1,2026-08-04T00:40:45Z,,,,+0.00000
260804_004100,1,2026-08-04T00:41:00Z,,,,+0.00000
260804_004115,1,2026-08-04T00:41:15Z,,,,+0.00000
260804_004130,1,2026-08-04T00:41:30Z,,,,+0.00000
260804_004145,1,2026-08-04T00:41:45Z,-0.00275,-0.00275,0.9997,+0.00000
260804_004200,1,2026-08-04T00:42:00Z,,,,+0.00000
260804_004215,1,2026-08-04T00:42:15Z,,,,+0.00000
260804_004230,1,2026-08-04T00:42:30Z,,,,+0.00000
260804_004245,1,2026-08-04T00:42:45Z,,,,+0.00000
260804_004300,1,2026-08-04T00:43:00Z,,,,+0.00000
260804_004315,1,2026-08-04T00:43:15Z,,,,+0.00000
260804_004330,1,2026-08-04T00:43:30Z,,,,+0.00000
260804_004345,1,2026-08-04T00:43:45Z,,,,+0.00000
260804_004400,1,2026-08-04T00:44:00Z,,,,+0.00000
260804_004415,1,2026-08-04T00:44:15Z,-0.00042,-0.00041,0.9993,+0.00000
260804_004430,1,2026-08-04T00:44:30Z,,,,+0.00000
260804_004445,1,2026-08-04T00:44:45Z,,,,+0.00000
260804_004500,1,2026-08-04T00:45:00Z,,,,+0.00000
260804_004515,1,2026-08-04T00:45:15Z,,,,+0.00000
260804_004530,1,2026-08-04T00:45:30Z,,,,+0.00000
260804_004545,1,2026-08-04T00:45:45Z,,,,+0.00000
260804_004600,1,2026-08-04T00:46:00Z,,,,+0.00000
260804_004615,1,2026-08-04T00:46:15Z,,,,+0.00000
260804_004630,1,2026-08-04T00:46:30Z,,,,+0.00000
260804_004645,1,2026-08-04T00:46:45Z,-0.03300,-0.03300,0.9999,+0.00000
260804_004700,1,2026-08-04T00:47:00Z,,,,+0.00000
260804_004715,1,2026-08-04T00:47:15Z,,,,+0.00000
260804_004730,1,2026-08-04T00:47:30Z,,,,+0.00000
260804_004745,1,2026-08-04T00:47:45Z,,,,+0.00000
260804_004800,1,2026-08-04T00:48:00Z,,,,+0.00000
260804_004815,1,2026-08-04T00:48:15Z,,,,+0.00000
260804_004830,1,2026-08-04T00:48:30Z,,,,+0.00000
260804_004845,1,2026-08-04T00:48:45Z,,,,+0.00000
260804_004900,1,2026-08-04T00:49:00Z,,,,+0.00000
260804_004915,1,2026-08-04T00:49:15Z,-0.02475,-0.02475,0.9993,+0.00000
260804_004930,1,2026-08-04T00:49:30Z,,,,+0.00000
260804_004945,1,2026-08-04T00:49:45Z,,,,+0.00000
260804_005000,1,2026-08-04T00:50:00Z,,,,+0.00000
260804_005015,1,2026-08-04T00:50:15Z,,,,+0.00000
260804_005030,1,2026-08-04T00:50:30Z,,,,+0.00000
260804_005045,1,2026-08-04T00:50:45Z,,,,+0.00000
260804_005100,1,2026-08-04T00:51:00Z,,,,+0.00000
260804_005115,1,2026-08-04T00:51:15Z,,,,+0.00000
260804_005130,1,2026-08-04T00:51:30Z,,,,+0.00000
260804_005145,1,2026-08-04T00:51:45Z,-0.01008,-0.01008,0.9986,+0.00000
260804_005200,1,2026-08-04T00:52:00Z,,,,+0.00000
260804_005215,1,2026-08-04T00:52:15Z,,,,+0.00000
260804_005230,1,2026-08-04T00:52:30Z,,,,+0.00000
260804_005245,1,2026-08-04T00:52:45Z,,,,+0.00000
260804_005300,1,2026-08-04T00:53:00Z,,,,+0.00000
260804_005315,1,2026-08-04T00:53:15Z,,,,+0.00000
260804_005330,1,2026-08-04T00:53:30Z,,,,+0.00000
260804_005345,1,2026-08-04T00:53:45Z,,,,+0.00000
260804_005400,1,2026-08-04T00:54:00Z,,,,+0.00000
260804_005415,1,2026-08-04T00:54:15Z,-0.00892,-0.00891,0.9972,+0.00000
260804_005430,1,2026-08-04T00:54:30Z,,,,+0.00000
260804_005445,1,2026-08-04T00:54:45Z,,,,+0.00000
260804_005500,1,2026-08-04T00:55:00Z,,,,+0.00000
260804_005515,1,2026-08-04T00:55:15Z,,,,+0.00000
260804_005530,1,2026-08-04T00:55:30Z,,,,+0.00000
260804_005545,1,2026-08-04T00:55:45Z,,,,+0.00000
260804_005600,1,2026-08-04T00:56:00Z,,,,+0.00000
260804_005615,1,2026-08-04T00:56:15Z,,,,+0.00000
260804_005630,1,2026-08-04T00:56:30Z,,,,+0.00000
260804_005645,1,2026-08-04T00:56:45Z,-0.00500,-0.00499,0.9973,+0.00000
260804_005700,1,2026-08-04T00:57:00Z,,,,+0.00000
260804_005715,1,2026-08-04T00:57:15Z,,,,+0.00000
260804_005730,1,2026-08-04T00:57:30Z,,,,+0.00000
260804_005745,1,2026-08-04T00:57:45Z,,,,+0.00000
260804_005800,1,2026-08-04T00:58:00Z,,,,+0.00000
260804_005815,1,2026-08-04T00:58:15Z,,,,+0.00000
260804_005830,1,2026-08-04T00:58:30Z,,,,+0.00000
260804_005845,1,2026-08-04T00:58:45Z,,,,+0.00000
260804_005900,1,2026-08-04T00:59:00Z,,,,+0.00000
260804_005915,1,2026-08-04T00:59:15Z,-0.03642,-0.03641,0.9910,+0.00000
260804_005930,1,2026-08-04T00:59:30Z,,,,+0.00000
260804_005945,1,2026-08-04T00:59:45Z,,,,+0.00000
260804_010000,1,2026-08-04T01:00:00Z,,,,+0.00000
260804_010015,1,2026-08-04T01:00:15Z,,,,+0.00000
260804_010030,1,2026-08-04T01:00:30Z,,,,+0.00000
260804_010045,1,2026-08-04T01:00:45Z,,,,+0.00000
260804_010100,1,2026-08-04T01:01:00Z,,,,+0.00000
260804_010115,1,2026-08-04T01:01:15Z,,,,+0.00000
260804_010130,1,2026-08-04T01:01:30Z,,,,+0.00000
260804_010145,1,2026-08-04T01:01:45Z,-0.02758,-0.02758,0.9899,+0.00000
260804_010200,1,2026-08-04T01:02:00Z,,,,+0.00000
260804_010215,1,2026-08-04T01:02:15Z,,,,+0.00000
260804_010230,1,2026-08-04T01:02:30Z,,,,+0.00000
260804_010245,1,2026-08-04T01:02:45Z,,,,+0.00000
260804_010300,1,2026-08-04T01:03:00Z,,,,+0.00000
260804_010315,1,2026-08-04T01:03:15Z,,,,+0.00000
260804_010330,1,2026-08-04T01:03:30Z,,,,+0.00000
260804_010345,1,2026-08-04T01:03:45Z,,,,+0.00000
260804_010400,1,2026-08-04T01:04:00Z,,,,+0.00000
260804_010415,1,2026-08-04T01:04:15Z,-0.01942,-0.01941,0.9868,+0.00000
260804_010430,1,2026-08-04T01:04:30Z,,,,+0.00000
260804_010445,1,2026-08-04T01:04:45Z,,,,+0.00000
260804_010500,1,2026-08-04T01:05:00Z,,,,+0.00000
260804_010515,1,2026-08-04T01:05:15Z,,,,+0.00000
260804_010530,1,2026-08-04T01:05:30Z,,,,+0.00000
260804_010545,1,2026-08-04T01:05:45Z,,,,+0.00000
260804_010600,1,2026-08-04T01:06:00Z,,,,+0.00000
260804_010615,1,2026-08-04T01:06:15Z,,,,+0.00000
260804_010630,1,2026-08-04T01:06:30Z,,,,+0.00000
260804_010645,1,2026-08-04T01:06:45Z,-0.00842,-0.00841,0.9861,+0.00000
260804_010700,1,2026-08-04T01:07:00Z,,,,+0.00000
260804_010715,1,2026-08-04T01:07:15Z,,,,+0.00000
260804_010730,1,2026-08-04T01:07:30Z,,,,+0.00000
260804_010745,1,2026-08-04T01:07:45Z,,,,+0.00000
260804_010800,1,2026-08-04T01:08:00Z,,,,+0.00000
260804_010815,1,2026-08-04T01:08:15Z,,,,+0.00000
260804_010830,1,2026-08-04T01:08:30Z,,,,+0.00000
260804_010845,1,2026-08-04T01:08:45Z,,,,+0.00000
260804_010900,1,2026-08-04T01:09:00Z,,,,+0.00000
260804_010915,1,2026-08-04T01:09:15Z,-0.03892,-0.03891,0.9882,+0.00000
260804_010930,1,2026-08-04T01:09:30Z,,,,+0.00000
260804_010945,1,2026-08-04T01:09:45Z,,,,+0.00000
260804_011000,1,2026-08-04T01:10:00Z,,,,+0.00000
260804_011015,1,2026-08-04T01:10:15Z,,,,+0.00000
260804_011030,1,2026-08-04T01:10:30Z,,,,+0.00000
260804_011045,1,2026-08-04T01:10:45Z,,,,+0.00000
260804_011100,1,2026-08-04T01:11:00Z,,,,+0.00000
260804_011115,1,2026-08-04T01:11:15Z,,,,+0.00000
260804_011130,1,2026-08-04T01:11:30Z,,,,+0.00000
260804_011145,1,2026-08-04T01:11:45Z,-0.02508,-0.02508,0.9822,+0.00000
260804_011200,1,2026-08-04T01:12:00Z,,,,+0.00000
260804_011215,1,2026-08-04T01:12:15Z,,,,+0.00000
260804_011230,1,2026-08-04T01:12:30Z,,,,+0.00000
260804_011245,1,2026-08-04T01:12:45Z,,,,+0.00000
260804_011300,1,2026-08-04T01:13:00Z,,,,+0.00000
260804_011315,1,2026-08-04T01:13:15Z,,,,+0.00000
260804_011330,1,2026-08-04T01:13:30Z,,,,+0.00000
260804_011345,1,2026-08-04T01:13:45Z,,,,+0.00000
260804_011400,1,2026-08-04T01:14:00Z,,,,+0.00000
260804_011415,1,2026-08-04T01:14:15Z,-0.02008,-0.02008,0.9856,+0.00000
260804_011430,1,2026-08-04T01:14:30Z,,,,+0.00000
260804_011445,1,2026-08-04T01:14:45Z,,,,+0.00000
260804_011500,1,2026-08-04T01:15:00Z,,,,+0.00000
260804_011515,1,2026-08-04T01:15:15Z,,,,+0.00000
260804_011530,1,2026-08-04T01:15:30Z,,,,+0.00000
260804_011545,1,2026-08-04T01:15:45Z,,,,+0.00000
260804_011600,1,2026-08-04T01:16:00Z,,,,+0.00000
260804_011615,1,2026-08-04T01:16:15Z,,,,+0.00000
260804_011630,1,2026-08-04T01:16:30Z,,,,+0.00000
260804_011645,1,2026-08-04T01:16:45Z,-0.01250,-0.01250,0.9995,+0.00000
260804_011700,1,2026-08-04T01:17:00Z,,,,+0.00000
260804_011715,1,2026-08-04T01:17:15Z,,,,+0.00000
260804_011730,1,2026-08-04T01:17:30Z,,,,+0.00000
260804_011745,1,2026-08-04T01:17:45Z,,,,+0.00000
260804_011800,1,2026-08-04T01:18:00Z,,,,+0.00000
260804_011815,1,2026-08-04T01:18:15Z,,,,+0.00000
260804_011830,1,2026-08-04T01:18:30Z,,,,+0.00000
260804_011845,1,2026-08-04T01:18:45Z,,,,+0.00000
260804_011900,1,2026-08-04T01:19:00Z,,,,+0.00000
260804_011915,1,2026-08-04T01:19:15Z,-0.00600,-0.00600,0.9994,+0.00000
260804_011930,1,2026-08-04T01:19:30Z,,,,+0.00000
260804_011945,1,2026-08-04T01:19:45Z,,,,+0.00000
260804_012000,1,2026-08-04T01:20:00Z,,,,+0.00000
260804_012015,1,2026-08-04T01:20:15Z,,,,+0.00000
260804_012030,1,2026-08-04T01:20:30Z,,,,+0.00000
260804_012045,1,2026-08-04T01:20:45Z,,,,+0.00000
260804_012100,1,2026-08-04T01:21:00Z,,,,+0.00000
260804_012115,1,2026-08-04T01:21:15Z,,,,+0.00000
260804_012130,1,2026-08-04T01:21:30Z,,,,+0.00000
260804_012145,1,2026-08-04T01:21:45Z,+0.00292,+0.00292,0.9995,+0.00000
260804_012200,1,2026-08-04T01:22:00Z,,,,+0.00000
260804_012215,1,2026-08-04T01:22:15Z,,,,+0.00000
260804_012230,1,2026-08-04T01:22:30Z,,,,+0.00000
260804_012245,1,2026-08-04T01:22:45Z,,,,+0.00000
260804_012300,1,2026-08-04T01:23:00Z,,,,+0.00000
260804_012315,1,2026-08-04T01:23:15Z,,,,+0.00000
260804_012330,1,2026-08-04T01:23:30Z,,,,+0.00000
260804_012345,1,2026-08-04T01:23:45Z,,,,+0.00000
260804_012400,1,2026-08-04T01:24:00Z,,,,+0.00000
260804_012415,1,2026-08-04T01:24:15Z,-0.03250,-0.03250,0.9994,+0.00000
260804_012430,1,2026-08-04T01:24:30Z,,,,+0.00000
260804_012445,1,2026-08-04T01:24:45Z,,,,+0.00000
260804_012500,1,2026-08-04T01:25:00Z,,,,+0.00000
260804_012515,1,2026-08-04T01:25:15Z,,,,+0.00000
260804_012530,1,2026-08-04T01:25:30Z,,,,+0.00000
260804_012545,1,2026-08-04T01:25:45Z,,,,+0.00000
260804_012600,1,2026-08-04T01:26:00Z,,,,+0.00000
260804_012615,1,2026-08-04T01:26:15Z,,,,+0.00000
260804_012630,1,2026-08-04T01:26:30Z,,,,+0.00000
260804_012645,1,2026-08-04T01:26:45Z,-0.01950,-0.01950,0.9995,+0.00000
260804_012700,1,2026-08-04T01:27:00Z,,,,+0.00000
260804_012715,1,2026-08-04T01:27:15Z,,,,+0.00000
260804_012730,1,2026-08-04T01:27:30Z,,,,+0.00000
260804_012745,1,2026-08-04T01:27:45Z,,,,+0.00000
260804_012800,1,2026-08-04T01:28:00Z,,,,+0.00000
260804_012815,1,2026-08-04T01:28:15Z,,,,+0.00000
260804_012830,1,2026-08-04T01:28:30Z,,,,+0.00000
260804_012845,1,2026-08-04T01:28:45Z,,,,+0.00000
260804_012900,1,2026-08-04T01:29:00Z,,,,+0.00000
260804_012915,1,2026-08-04T01:29:15Z,-0.01267,-0.01266,0.9994,+0.00000
260804_012930,1,2026-08-04T01:29:30Z,,,,+0.00000
260804_012945,1,2026-08-04T01:29:45Z,,,,+0.00000
260804_013000,1,2026-08-04T01:30:00Z,,,,+0.00000
260804_013015,1,2026-08-04T01:30:15Z,,,,+0.00000
260804_013030,1,2026-08-04T01:30:30Z,,,,+0.00000
260804_013045,1,2026-08-04T01:30:45Z,,,,+0.00000
260804_013100,1,2026-08-04T01:31:00Z,,,,+0.00000
260804_013115,1,2026-08-04T01:31:15Z,,,,+0.00000
260804_013130,1,2026-08-04T01:31:30Z,,,,+0.00000
260804_013145,1,2026-08-04T01:31:45Z,-0.00467,-0.00466,0.9996,+0.00000
260804_013200,1,2026-08-04T01:32:00Z,,,,+0.00000
260804_013215,1,2026-08-04T01:32:15Z,,,,+0.00000
260804_013230,1,2026-08-04T01:32:30Z,,,,+0.00000
260804_013245,1,2026-08-04T01:32:45Z,,,,+0.00000
260804_013300,1,2026-08-04T01:33:00Z,,,,+0.00000
260804_013315,1,2026-08-04T01:33:15Z,,,,+0.00000
260804_013330,1,2026-08-04T01:33:30Z,,,,+0.00000
260804_013345,1,2026-08-04T01:33:45Z,,,,+0.00000
260804_013400,1,2026-08-04T01:34:00Z,,,,+0.00000
260804_013415,1,2026-08-04T01:34:15Z,+0.00033,+0.00034,0.9994,+0.00000
260804_013430,1,2026-08-04T01:34:30Z,,,,+0.00000
260804_013445,1,2026-08-04T01:34:45Z,,,,+0.00000
260804_013500,1,2026-08-04T01:35:00Z,,,,+0.00000
260804_013515,1,2026-08-04T01:35:15Z,,,,+0.00000
260804_013530,1,2026-08-04T01:35:30Z,,,,+0.00000
260804_013545,1,2026-08-04T01:35:45Z,,,,+0.00000
260804_013600,1,2026-08-04T01:36:00Z,,,,+0.00000
260804_013615,1,2026-08-04T01:36:15Z,,,,+0.00000
260804_013630,1,2026-08-04T01:36:30Z,,,,+0.00000
260804_013645,1,2026-08-04T01:36:45Z,-0.03625,-0.03625,0.9992,+0.00000
260804_013700,1,2026-08-04T01:37:00Z,,,,+0.00000
260804_013715,1,2026-08-04T01:37:15Z,,,,+0.00000
260804_013730,1,2026-08-04T01:37:30Z,,,,+0.00000
260804_013745,1,2026-08-04T01:37:45Z,,,,+0.00000
260804_013800,1,2026-08-04T01:38:00Z,,,,+0.00000
260804_013815,1,2026-08-04T01:38:15Z,,,,+0.00000
260804_013830,1,2026-08-04T01:38:30Z,,,,+0.00000
260804_013845,1,2026-08-04T01:38:45Z,,,,+0.00000
260804_013900,1,2026-08-04T01:39:00Z,,,,+0.00000
260804_013915,1,2026-08-04T01:39:15Z,-0.02700,-0.02700,0.9995,+0.00000
260804_013930,1,2026-08-04T01:39:30Z,,,,+0.00000
260804_013945,1,2026-08-04T01:39:45Z,,,,+0.00000
260804_014000,1,2026-08-04T01:40:00Z,,,,+0.00000
260804_014015,1,2026-08-04T01:40:15Z,,,,+0.00000
260804_014030,1,2026-08-04T01:40:30Z,,,,+0.00000
260804_014045,1,2026-08-04T01:40:45Z,,,,+0.00000
260804_014100,1,2026-08-04T01:41:00Z,,,,+0.00000
260804_014115,1,2026-08-04T01:41:15Z,,,,+0.00000
260804_014130,1,2026-08-04T01:41:30Z,,,,+0.00000
260804_014145,1,2026-08-04T01:41:45Z,-0.02325,-0.02325,0.9991,+0.00000
260804_014200,1,2026-08-04T01:42:00Z,,,,+0.00000
260804_014215,1,2026-08-04T01:42:15Z,,,,+0.00000
260804_014230,1,2026-08-04T01:42:30Z,,,,+0.00000
260804_014245,1,2026-08-04T01:42:45Z,,,,+0.00000
260804_014300,1,2026-08-04T01:43:00Z,,,,+0.00000
260804_014315,1,2026-08-04T01:43:15Z,,,,+0.00000
260804_014330,1,2026-08-04T01:43:30Z,,,,+0.00000
260804_014345,1,2026-08-04T01:43:45Z,,,,+0.00000
260804_014400,1,2026-08-04T01:44:00Z,,,,+0.00000
260804_014415,1,2026-08-04T01:44:15Z,-0.00958,-0.00958,0.9998,+0.00000
260804_014430,1,2026-08-04T01:44:30Z,,,,+0.00000
260804_014445,1,2026-08-04T01:44:45Z,,,,+0.00000
260804_014500,1,2026-08-04T01:45:00Z,,,,+0.00000
260804_014515,1,2026-08-04T01:45:15Z,,,,+0.00000
260804_014530,1,2026-08-04T01:45:30Z,,,,+0.00000
260804_014545,1,2026-08-04T01:45:45Z,,,,+0.00000
260804_014600,1,2026-08-04T01:46:00Z,,,,+0.00000
260804_014615,1,2026-08-04T01:46:15Z,,,,+0.00000
260804_014630,1,2026-08-04T01:46:30Z,,,,+0.00000
260804_014645,1,2026-08-04T01:46:45Z,-0.00633,-0.00633,0.9996,+0.00000
260804_014700,1,2026-08-04T01:47:00Z,,,,+0.00000
260804_014715,1,2026-08-04T01:47:15Z,,,,+0.00000
260804_014730,1,2026-08-04T01:47:30Z,,,,+0.00000
260804_014745,1,2026-08-04T01:47:45Z,,,,+0.00000
260804_014800,1,2026-08-04T01:48:00Z,,,,+0.00000
260804_014815,1,2026-08-04T01:48:15Z,,,,+0.00000
260804_014830,1,2026-08-04T01:48:30Z,,,,+0.00000
260804_014845,1,2026-08-04T01:48:45Z,,,,+0.00000
260804_014900,1,2026-08-04T01:49:00Z,,,,+0.00000
260804_014915,1,2026-08-04T01:49:15Z,-0.00125,-0.00124,0.9845,+0.00000
260804_014930,1,2026-08-04T01:49:30Z,,,,+0.00000
260804_014945,1,2026-08-04T01:49:45Z,,,,+0.00000
260804_015000,1,2026-08-04T01:50:00Z,,,,+0.00000
260804_015015,1,2026-08-04T01:50:15Z,,,,+0.00000
260804_015030,1,2026-08-04T01:50:30Z,,,,+0.00000
260804_015045,1,2026-08-04T01:50:45Z,,,,+0.00000
260804_015100,1,2026-08-04T01:51:00Z,,,,+0.00000
260804_015115,1,2026-08-04T01:51:15Z,,,,+0.00000
260804_015130,1,2026-08-04T01:51:30Z,,,,+0.00000
260804_015145,1,2026-08-04T01:51:45Z,-0.03108,-0.03108,0.9796,+0.00000
260804_015200,1,2026-08-04T01:52:00Z,,,,+0.00000
260804_015215,1,2026-08-04T01:52:15Z,,,,+0.00000
260804_015230,1,2026-08-04T01:52:30Z,,,,+0.00000
260804_015245,1,2026-08-04T01:52:45Z,,,,+0.00000
260804_015300,1,2026-08-04T01:53:00Z,,,,+0.00000
260804_015315,1,2026-08-04T01:53:15Z,,,,+0.00000
260804_015330,1,2026-08-04T01:53:30Z,,,,+0.00000
260804_015345,1,2026-08-04T01:53:45Z,,,,+0.00000
260804_015400,1,2026-08-04T01:54:00Z,,,,+0.00000
260804_015415,1,2026-08-04T01:54:15Z,-0.02217,-0.02216,0.9850,+0.00000
260804_015430,1,2026-08-04T01:54:30Z,,,,+0.00000
260804_015445,1,2026-08-04T01:54:45Z,,,,+0.00000
260804_015500,1,2026-08-04T01:55:00Z,,,,+0.00000
260804_015515,1,2026-08-04T01:55:15Z,,,,+0.00000
260804_015530,1,2026-08-04T01:55:30Z,,,,+0.00000
260804_015545,1,2026-08-04T01:55:45Z,,,,+0.00000
260804_015600,1,2026-08-04T01:56:00Z,,,,+0.00000
260804_015615,1,2026-08-04T01:56:15Z,,,,+0.00000
260804_015630,1,2026-08-04T01:56:30Z,,,,+0.00000
260804_015645,1,2026-08-04T01:56:45Z,-0.01533,-0.01533,0.9749,+0.00000
260804_015700,1,2026-08-04T01:57:00Z,,,,+0.00000
260804_015715,1,2026-08-04T01:57:15Z,,,,+0.00000
260804_015730,1,2026-08-04T01:57:30Z,,,,+0.00000
260804_015745,1,2026-08-04T01:57:45Z,,,,+0.00000
260804_015800,1,2026-08-04T01:58:00Z,,,,+0.00000
260804_015815,1,2026-08-04T01:58:15Z,,,,+0.00000
260804_015830,1,2026-08-04T01:58:30Z,,,,+0.00000
260804_015845,1,2026-08-04T01:58:45Z,,,,+0.00000
260804_015900,1,2026-08-04T01:59:00Z,,,,+0.00000
260804_015915,1,2026-08-04T01:59:15Z,-0.02567,-0.02566,0.9800,+0.00000
260804_015930,1,2026-08-04T01:59:30Z,,,,+0.00000
260804_015945,1,2026-08-04T01:59:45Z,,,,+0.00000
260804_020000,1,2026-08-04T02:00:00Z,,,,+0.00000
260804_020015,1,2026-08-04T02:00:15Z,,,,+0.00000
260804_020030,1,2026-08-04T02:00:30Z,,,,+0.00000
260804_020045,1,2026-08-04T02:00:45Z,,,,+0.00000
260804_020100,1,2026-08-04T02:01:00Z,,,,+0.00000
260804_020115,1,2026-08-04T02:01:15Z,,,,+0.00000
260804_020130,1,2026-08-04T02:01:30Z,,,,+0.00000
260804_020145,1,2026-08-04T02:01:45Z,-0.01733,-0.01733,0.9745,+0.00000
260804_020200,1,2026-08-04T02:02:00Z,,,,+0.00000
260804_020215,1,2026-08-04T02:02:15Z,,,,+0.00000
260804_020230,1,2026-08-04T02:02:30Z,,,,+0.00000
260804_020245,1,2026-08-04T02:02:45Z,,,,+0.00000
260804_020300,1,2026-08-04T02:03:00Z,,,,+0.00000
260804_020315,1,2026-08-04T02:03:15Z,,,,+0.00000
260804_020330,1,2026-08-04T02:03:30Z,,,,+0.00000
260804_020345,1,2026-08-04T02:03:45Z,,,,+0.00000
260804_020400,1,2026-08-04T02:04:00Z,,,,+0.00000
260804_020415,1,2026-08-04T02:04:15Z,-0.00125,-0.00124,0.9782,+0.00000
260804_020430,1,2026-08-04T02:04:30Z,,,,+0.00000
260804_020445,1,2026-08-04T02:04:45Z,,,,+0.00000
260804_020500,1,2026-08-04T02:05:00Z,,,,+0.00000
260804_020515,1,2026-08-04T02:05:15Z,,,,+0.00000
260804_020530,1,2026-08-04T02:05:30Z,,,,+0.00000
260804_020545,1,2026-08-04T02:05:45Z,,,,+0.00000
260804_020600,1,2026-08-04T02:06:00Z,,,,+0.00000
260804_020615,1,2026-08-04T02:06:15Z,,,,+0.00000
260804_020630,1,2026-08-04T02:06:30Z,,,,+0.00000
260804_020645,1,2026-08-04T02:06:45Z,+0.00583,+0.00584,0.9752,+0.00000
260804_020700,1,2026-08-04T02:07:00Z,,,,+0.00000
260804_020715,1,2026-08-04T02:07:15Z,,,,+0.00000
260804_020730,1,2026-08-04T02:07:30Z,,,,+0.00000
260804_020745,1,2026-08-04T02:07:45Z,,,,+0.00000
260804_020800,1,2026-08-04T02:08:00Z,,,,+0.00000
260804_020815,1,2026-08-04T02:08:15Z,,,,+0.00000
260804_020830,1,2026-08-04T02:08:30Z,,,,+0.00000
260804_020845,1,2026-08-04T02:08:45Z,,,,+0.00000
260804_020900,1,2026-08-04T02:09:00Z,,,,+0.00000
260804_020915,1,2026-08-04T02:09:15Z,-0.03325,-0.03324,0.9826,+0.00000
260804_020930,1,2026-08-04T02:09:30Z,,,,+0.00000
260804_020945,1,2026-08-04T02:09:45Z,,,,+0.00000
260804_021000,1,2026-08-04T02:10:00Z,,,,+0.00000
260804_021015,1,2026-08-04T02:10:15Z,,,,+0.00000
260804_021030,1,2026-08-04T02:10:30Z,,,,+0.00000
260804_021045,1,2026-08-04T02:10:45Z,,,,+0.00000
260804_021100,1,2026-08-04T02:11:00Z,,,,+0.00000
260804_021115,1,2026-08-04T02:11:15Z,,,,+0.00000
260804_021130,1,2026-08-04T02:11:30Z,,,,+0.00000
260804_021145,1,2026-08-04T02:11:45Z,-0.02475,-0.02474,0.9757,+0.00000
260804_021200,1,2026-08-04T02:12:00Z,,,,+0.00000
260804_021215,1,2026-08-04T02:12:15Z,,,,+0.00000
260804_021230,1,2026-08-04T02:12:30Z,,,,+0.00000
260804_021245,1,2026-08-04T02:12:45Z,,,,+0.00000
260804_021300,1,2026-08-04T02:13:00Z,,,,+0.00000
260804_021315,1,2026-08-04T02:13:15Z,,,,+0.00000
260804_021330,1,2026-08-04T02:13:30Z,,,,+0.00000
260804_021345,1,2026-08-04T02:13:45Z,,,,+0.00000
260804_021400,1,2026-08-04T02:14:00Z,,,,+0.00000
260804_021415,1,2026-08-04T02:14:15Z,-0.01783,-0.01783,0.9749,+0.00000
260804_021430,1,2026-08-04T02:14:30Z,,,,+0.00000
260804_021445,1,2026-08-04T02:14:45Z,,,,+0.00000
260804_021500,1,2026-08-04T02:15:00Z,,,,+0.00000
260804_021515,1,2026-08-04T02:15:15Z,,,,+0.00000
260804_021530,1,2026-08-04T02:15:30Z,,,,+0.00000
260804_021545,1,2026-08-04T02:15:45Z,,,,+0.00000
260804_021600,1,2026-08-04T02:16:00Z,,,,+0.00000
260804_021615,1,2026-08-04T02:16:15Z,,,,+0.00000
260804_021630,1,2026-08-04T02:16:30Z,,,,+0.00000
260804_021645,1,2026-08-04T02:16:45Z,-0.01383,-0.01383,0.9736,+0.00000
260804_021700,1,2026-08-04T02:17:00Z,,,,+0.00000
260804_021715,1,2026-08-04T02:17:15Z,,,,+0.00000
260804_021730,1,2026-08-04T02:17:30Z,,,,+0.00000
260804_021745,1,2026-08-04T02:17:45Z,,,,+0.00000
260804_021800,1,2026-08-04T02:18:00Z,,,,+0.00000
260804_021815,1,2026-08-04T02:18:15Z,,,,+0.00000
260804_021830,1,2026-08-04T02:18:30Z,,,,+0.00000
260804_021845,1,2026-08-04T02:18:45Z,,,,+0.00000
260804_021900,1,2026-08-04T02:19:00Z,,,,+0.00000
260804_021915,1,2026-08-04T02:19:15Z,-0.00100,-0.00099,0.9775,+0.00000
260804_021930,1,2026-08-04T02:19:30Z,,,,+0.00000
260804_021945,1,2026-08-04T02:19:45Z,,,,+0.00000
260804_022000,1,2026-08-04T02:20:00Z,,,,+0.00000
260804_022015,1,2026-08-04T02:20:15Z,,,,+0.00000
260804_022030,1,2026-08-04T02:20:30Z,,,,+0.00000
260804_022045,1,2026-08-04T02:20:45Z,,,,+0.00000
260804_022100,1,2026-08-04T02:21:00Z,,,,+0.00000
260804_022115,1,2026-08-04T02:21:15Z,,,,+0.00000
260804_022130,1,2026-08-04T02:21:30Z,,,,+0.00000
260804_022145,1,2026-08-04T02:21:45Z,+0.00042,+0.00042,0.9827,+0.00000
260804_022200,1,2026-08-04T02:22:00Z,,,,+0.00000
260804_022215,1,2026-08-04T02:22:15Z,,,,+0.00000
260804_022230,1,2026-08-04T02:22:30Z,,,,+0.00000
260804_022245,1,2026-08-04T02:22:45Z,,,,+0.00000
260804_022300,1,2026-08-04T02:23:00Z,,,,+0.00000
260804_022315,1,2026-08-04T02:23:15Z,,,,+0.00000
260804_022330,1,2026-08-04T02:23:30Z,,,,+0.00000
260804_022345,1,2026-08-04T02:23:45Z,,,,+0.00000
260804_022400,1,2026-08-04T02:24:00Z,,,,+0.00000
260804_022415,1,2026-08-04T02:24:15Z,-0.03158,-0.03158,0.9788,+0.00000
260804_022430,1,2026-08-04T02:24:30Z,,,,+0.00000
260804_022445,1,2026-08-04T02:24:45Z,,,,+0.00000
260804_022500,1,2026-08-04T02:25:00Z,,,,+0.00000
260804_022515,1,2026-08-04T02:25:15Z,,,,+0.00000
260804_022530,1,2026-08-04T02:25:30Z,,,,+0.00000
260804_022545,1,2026-08-04T02:25:45Z,,,,+0.00000
260804_022600,1,2026-08-04T02:26:00Z,,,,+0.00000
260804_022615,1,2026-08-04T02:26:15Z,,,,+0.00000
260804_022630,1,2026-08-04T02:26:30Z,,,,+0.00000
260804_022645,1,2026-08-04T02:26:45Z,-0.02550,-0.02549,0.9772,+0.00000
260804_022700,1,2026-08-04T02:27:00Z,,,,+0.00000
260804_022715,1,2026-08-04T02:27:15Z,,,,+0.00000
260804_022730,1,2026-08-04T02:27:30Z,,,,+0.00000
260804_022745,1,2026-08-04T02:27:45Z,,,,+0.00000
260804_022800,1,2026-08-04T02:28:00Z,,,,+0.00000
260804_022815,1,2026-08-04T02:28:15Z,,,,+0.00000
260804_022830,1,2026-08-04T02:28:30Z,,,,+0.00000
260804_022845,1,2026-08-04T02:28:45Z,,,,+0.00000
260804_022900,1,2026-08-04T02:29:00Z,,,,+0.00000
260804_022915,1,2026-08-04T02:29:15Z,-0.01492,-0.01491,0.9771,+0.00000
260804_022930,1,2026-08-04T02:29:30Z,,,,+0.00000
260804_022945,1,2026-08-04T02:29:45Z,,,,+0.00000
260804_023000,1,2026-08-04T02:30:00Z,,,,+0.00000
260804_023015,1,2026-08-04T02:30:15Z,,,,+0.00000
260804_023030,1,2026-08-04T02:30:30Z,,,,+0.00000
260804_023045,1,2026-08-04T02:30:45Z,,,,+0.00000
260804_023100,1,2026-08-04T02:31:00Z,,,,+0.00000
260804_023115,1,2026-08-04T02:31:15Z,,,,+0.00000
260804_023130,1,2026-08-04T02:31:30Z,,,,+0.00000
260804_023145,1,2026-08-04T02:31:45Z,-0.00558,-0.00558,0.9708,+0.00000
260804_023200,1,2026-08-04T02:32:00Z,,,,+0.00000
260804_023215,1,2026-08-04T02:32:15Z,,,,+0.00000
260804_023230,1,2026-08-04T02:32:30Z,,,,+0.00000
260804_023245,1,2026-08-04T02:32:45Z,,,,+0.00000
260804_023300,1,2026-08-04T02:33:00Z,,,,+0.00000
260804_023315,1,2026-08-04T02:33:15Z,,,,+0.00000
260804_023330,1,2026-08-04T02:33:30Z,,,,+0.00000
260804_023345,1,2026-08-04T02:33:45Z,,,,+0.00000
260804_023400,1,2026-08-04T02:34:00Z,,,,+0.00000
260804_023415,1,2026-08-04T02:34:15Z,-0.00183,-0.00183,0.9764,+0.00000
260804_023430,1,2026-08-04T02:34:30Z,,,,+0.00000
260804_023445,1,2026-08-04T02:34:45Z,,,,+0.00000
260804_023500,1,2026-08-04T02:35:00Z,,,,+0.00000
260804_023515,1,2026-08-04T02:35:15Z,,,,+0.00000
260804_023530,1,2026-08-04T02:35:30Z,,,,+0.00000
260804_023545,1,2026-08-04T02:35:45Z,,,,+0.00000
260804_023600,1,2026-08-04T02:36:00Z,,,,+0.00000
260804_023615,1,2026-08-04T02:36:15Z,,,,+0.00000
260804_023630,1,2026-08-04T02:36:30Z,,,,+0.00000
260804_023645,1,2026-08-04T02:36:45Z,-0.02908,-0.02908,0.9749,+0.00000
260804_023700,1,2026-08-04T02:37:00Z,,,,+0.00000
260804_023715,1,2026-08-04T02:37:15Z,,,,+0.00000
260804_023730,1,2026-08-04T02:37:30Z,,,,+0.00000
260804_023745,1,2026-08-04T02:37:45Z,,,,+0.00000
260804_023800,1,2026-08-04T02:38:00Z,,,,+0.00000
260804_023815,1,2026-08-04T02:38:15Z,,,,+0.00000
260804_023830,1,2026-08-04T02:38:30Z,,,,+0.00000
260804_023845,1,2026-08-04T02:38:45Z,,,,+0.00000
260804_023900,1,2026-08-04T02:39:00Z,,,,+0.00000
260804_023915,1,2026-08-04T02:39:15Z,-0.02492,-0.02491,0.9788,+0.00000
260804_023930,1,2026-08-04T02:39:30Z,,,,+0.00000
260804_023945,1,2026-08-04T02:39:45Z,,,,+0.00000
260804_024000,1,2026-08-04T02:40:00Z,,,,+0.00000
260804_024015,1,2026-08-04T02:40:15Z,,,,+0.00000
260804_024030,1,2026-08-04T02:40:30Z,,,,+0.00000
260804_024045,1,2026-08-04T02:40:45Z,,,,+0.00000
260804_024100,1,2026-08-04T02:41:00Z,,,,+0.00000
260804_024115,1,2026-08-04T02:41:15Z,,,,+0.00000
260804_024130,1,2026-08-04T02:41:30Z,,,,+0.00000
260804_024145,1,2026-08-04T02:41:45Z,-0.02008,-0.02008,0.9803,+0.00000
260804_024200,1,2026-08-04T02:42:00Z,,,,+0.00000
260804_024215,1,2026-08-04T02:42:15Z,,,,+0.00000
260804_024230,1,2026-08-04T02:42:30Z,,,,+0.00000
260804_024245,1,2026-08-04T02:42:45Z,,,,+0.00000
260804_024300,1,2026-08-04T02:43:00Z,,,,+0.00000
260804_024315,1,2026-08-04T02:43:15Z,,,,+0.00000
260804_024330,1,2026-08-04T02:43:30Z,,,,+0.00000
260804_024345,1,2026-08-04T02:43:45Z,,,,+0.00000
260804_024400,1,2026-08-04T02:44:00Z,,,,+0.00000
260804_024415,1,2026-08-04T02:44:15Z,-0.01200,-0.01199,0.9807,+0.00000
260804_024430,1,2026-08-04T02:44:30Z,,,,+0.00000
260804_024445,1,2026-08-04T02:44:45Z,,,,+0.00000
260804_024500,1,2026-08-04T02:45:00Z,,,,+0.00000
260804_024515,1,2026-08-04T02:45:15Z,,,,+0.00000
260804_024530,1,2026-08-04T02:45:30Z,,,,+0.00000
260804_024545,1,2026-08-04T02:45:45Z,,,,+0.00000
260804_024600,1,2026-08-04T02:46:00Z,,,,+0.00000
260804_024615,1,2026-08-04T02:46:15Z,,,,+0.00000
260804_024630,1,2026-08-04T02:46:30Z,,,,+0.00000
260804_024645,1,2026-08-04T02:46:45Z,-0.00800,-0.00799,0.9748,+0.00000
260804_024700,1,2026-08-04T02:47:00Z,,,,+0.00000
260804_024715,1,2026-08-04T02:47:15Z,,,,+0.00000
260804_024730,1,2026-08-04T02:47:30Z,,,,+0.00000
260804_024745,1,2026-08-04T02:47:45Z,,,,+0.00000
260804_024800,1,2026-08-04T02:48:00Z,,,,+0.00000
260804_024815,1,2026-08-04T02:48:15Z,,,,+0.00000
260804_024830,1,2026-08-04T02:48:30Z,,,,+0.00000
260804_024845,1,2026-08-04T02:48:45Z,,,,+0.00000
260804_024900,1,2026-08-04T02:49:00Z,,,,+0.00000
260804_024915,1,2026-08-04T02:49:15Z,-0.00383,-0.00383,0.9753,+0.00000
260804_024930,1,2026-08-04T02:49:30Z,,,,+0.00000
260804_024945,1,2026-08-04T02:49:45Z,,,,+0.00000
260804_025000,1,2026-08-04T02:50:00Z,,,,+0.00000
260804_025015,1,2026-08-04T02:50:15Z,,,,+0.00000
260804_025030,1,2026-08-04T02:50:30Z,,,,+0.00000
260804_025045,1,2026-08-04T02:50:45Z,,,,+0.00000
260804_025100,1,2026-08-04T02:51:00Z,,,,+0.00000
260804_025115,1,2026-08-04T02:51:15Z,,,,+0.00000
260804_025130,1,2026-08-04T02:51:30Z,,,,+0.00000
260804_025145,1,2026-08-04T02:51:45Z,+0.00333,+0.00334,0.9744,+0.00000
260804_025200,1,2026-08-04T02:52:00Z,,,,+0.00000
260804_025215,1,2026-08-04T02:52:15Z,,,,+0.00000
260804_025230,1,2026-08-04T02:52:30Z,,,,+0.00000
260804_025245,1,2026-08-04T02:52:45Z,,,,+0.00000
260804_025300,1,2026-08-04T02:53:00Z,,,,+0.00000
260804_025315,1,2026-08-04T02:53:15Z,,,,+0.00000
260804_025330,1,2026-08-04T02:53:30Z,,,,+0.00000
260804_025345,1,2026-08-04T02:53:45Z,,,,+0.00000
260804_025400,1,2026-08-04T02:54:00Z,,,,+0.00000
260804_025415,1,2026-08-04T02:54:15Z,-0.03342,-0.03341,0.9853,+0.00000
260804_025430,1,2026-08-04T02:54:30Z,,,,+0.00000
260804_025445,1,2026-08-04T02:54:45Z,,,,+0.00000
260804_025500,1,2026-08-04T02:55:00Z,,,,+0.00000
260804_025515,1,2026-08-04T02:55:15Z,,,,+0.00000
260804_025530,1,2026-08-04T02:55:30Z,,,,+0.00000
260804_025545,1,2026-08-04T02:55:45Z,,,,+0.00000
260804_025600,1,2026-08-04T02:56:00Z,,,,+0.00000
260804_025615,1,2026-08-04T02:56:15Z,,,,+0.00000
260804_025630,1,2026-08-04T02:56:30Z,,,,+0.00000
260804_025645,1,2026-08-04T02:56:45Z,-0.02842,-0.02841,0.9726,+0.00000
260804_025700,1,2026-08-04T02:57:00Z,,,,+0.00000
260804_025715,1,2026-08-04T02:57:15Z,,,,+0.00000
260804_025730,1,2026-08-04T02:57:30Z,,,,+0.00000
260804_025745,1,2026-08-04T02:57:45Z,,,,+0.00000
260804_025800,1,2026-08-04T02:58:00Z,,,,+0.00000
260804_025815,1,2026-08-04T02:58:15Z,,,,+0.00000
260804_025830,1,2026-08-04T02:58:30Z,,,,+0.00000
260804_025845,1,2026-08-04T02:58:45Z,,,,+0.00000
260804_025900,1,2026-08-04T02:59:00Z,,,,+0.00000
260804_025915,1,2026-08-04T02:59:15Z,-0.01792,-0.01791,0.9808,+0.00000
260804_025930,1,2026-08-04T02:59:30Z,,,,+0.00000
260804_025945,1,2026-08-04T02:59:45Z,,,,+0.00000
260804_030000,1,2026-08-04T03:00:00Z,,,,+0.00000
260804_030015,1,2026-08-04T03:00:15Z,,,,+0.00000
260804_030030,1,2026-08-04T03:00:30Z,,,,+0.00000
260804_030045,1,2026-08-04T03:00:45Z,,,,+0.00000
260804_030100,1,2026-08-04T03:01:00Z,,,,+0.00000
260804_030115,1,2026-08-04T03:01:15Z,,,,+0.00000
260804_030130,1,2026-08-04T03:01:30Z,,,,+0.00000
260804_030145,1,2026-08-04T03:01:45Z,-0.01142,-0.01141,0.9854,+0.00000
260804_030200,1,2026-08-04T03:02:00Z,,,,+0.00000
260804_030215,1,2026-08-04T03:02:15Z,,,,+0.00000
260804_030230,1,2026-08-04T03:02:30Z,,,,+0.00000
260804_030245,1,2026-08-04T03:02:45Z,,,,+0.00000
260804_030300,1,2026-08-04T03:03:00Z,,,,+0.00000
260804_030315,1,2026-08-04T03:03:15Z,,,,+0.00000
260804_030330,1,2026-08-04T03:03:30Z,,,,+0.00000
260804_030345,1,2026-08-04T03:03:45Z,,,,+0.00000
260804_030400,1,2026-08-04T03:04:00Z,,,,+0.00000
260804_030415,1,2026-08-04T03:04:15Z,-0.00092,-0.00091,0.9772,+0.00000
260804_030430,1,2026-08-04T03:04:30Z,,,,+0.00000
260804_030445,1,2026-08-04T03:04:45Z,,,,+0.00000
260804_030500,1,2026-08-04T03:05:00Z,,,,+0.00000
260804_030515,1,2026-08-04T03:05:15Z,,,,+0.00000
260804_030530,1,2026-08-04T03:05:30Z,,,,+0.00000
260804_030545,1,2026-08-04T03:05:45Z,,,,+0.00000
260804_030600,1,2026-08-04T03:06:00Z,,,,+0.00000
260804_030615,1,2026-08-04T03:06:15Z,,,,+0.00000
260804_030630,1,2026-08-04T03:06:30Z,,,,+0.00000
260804_030645,1,2026-08-04T03:06:45Z,+0.00508,+0.00509,0.9759,+0.00000
260804_030700,1,2026-08-04T03:07:00Z,,,,+0.00000
260804_030715,1,2026-08-04T03:07:15Z,,,,+0.00000
260804_030730,1,2026-08-04T03:07:30Z,,,,+0.00000
260804_030745,1,2026-08-04T03:07:45Z,,,,+0.00000
260804_030800,1,2026-08-04T03:08:00Z,,,,+0.00000
260804_030815,1,2026-08-04T03:08:15Z,,,,+0.00000
260804_030830,1,2026-08-04T03:08:30Z,,,,+0.00000
260804_030845,1,2026-08-04T03:08:45Z,,,,+0.00000
260804_030900,1,2026-08-04T03:09:00Z,,,,+0.00000
260804_030915,1,2026-08-04T03:09:15Z,-0.03042,-0.03041,0.9813,+0.00000
260804_030930,1,2026-08-04T03:09:30Z,,,,+0.00000
260804_030945,1,2026-08-04T03:09:45Z,,,,+0.00000
260804_031000,1,2026-08-04T03:10:00Z,,,,+0.00000
260804_031015,1,2026-08-04T03:10:15Z,,,,+0.00000
260804_031030,1,2026-08-04T03:10:30Z,,,,+0.00000
260804_031045,1,2026-08-04T03:10:45Z,,,,+0.00000
260804_031100,1,2026-08-04T03:11:00Z,,,,+0.00000
260804_031115,1,2026-08-04T03:11:15Z,,,,+0.00000
260804_031130,1,2026-08-04T03:11:30Z,,,,+0.00000
260804_031145,1,2026-08-04T03:11:45Z,-0.01842,-0.01841,0.9749,+0.00000
260804_031200,1,2026-08-04T03:12:00Z,,,,+0.00000
260804_031215,1,2026-08-04T03:12:15Z,,,,+0.00000
260804_031230,1,2026-08-04T03:12:30Z,,,,+0.00000
260804_031245,1,2026-08-04T03:12:45Z,,,,+0.00000
260804_031300,1,2026-08-04T03:13:00Z,,,,+0.00000
260804_031315,1,2026-08-04T03:13:15Z,,,,+0.00000
260804_031330,1,2026-08-04T03:13:30Z,,,,+0.00000
260804_031345,1,2026-08-04T03:13:45Z,,,,+0.00000
260804_031400,1,2026-08-04T03:14:00Z,,,,+0.00000
260804_031415,1,2026-08-04T03:14:15Z,-0.01817,-0.01816,0.9795,+0.00000
260804_031430,1,2026-08-04T03:14:30Z,,,,+0.00000
260804_031445,1,2026-08-04T03:14:45Z,,,,+0.00000
260804_031500,1,2026-08-04T03:15:00Z,,,,+0.00000
260804_031515,1,2026-08-04T03:15:15Z,,,,+0.00000
260804_031530,1,2026-08-04T03:15:30Z,,,,+0.00000
260804_031545,1,2026-08-04T03:15:45Z,,,,+0.00000
260804_031600,1,2026-08-04T03:16:00Z,,,,+0.00000
260804_031615,1,2026-08-04T03:16:15Z,,,,+0.00000
260804_031630,1,2026-08-04T03:16:30Z,,,,+0.00000
260804_031645,1,2026-08-04T03:16:45Z,-0.00642,-0.00641,0.9788,+0.00000
260804_031700,1,2026-08-04T03:17:00Z,,,,+0.00000
260804_031715,1,2026-08-04T03:17:15Z,,,,+0.00000
260804_031730,1,2026-08-04T03:17:30Z,,,,+0.00000
260804_031745,1,2026-08-04T03:17:45Z,,,,+0.00000
260804_031800,1,2026-08-04T03:18:00Z,,,,+0.00000
260804_031815,1,2026-08-04T03:18:15Z,,,,+0.00000
260804_031830,1,2026-08-04T03:18:30Z,,,,+0.00000
260804_031845,1,2026-08-04T03:18:45Z,,,,+0.00000
260804_031900,1,2026-08-04T03:19:00Z,,,,+0.00000
260804_031915,1,2026-08-04T03:19:15Z,+0.00075,+0.00076,0.9701,+0.00000
260804_031930,1,2026-08-04T03:19:30Z,,,,+0.00000
260804_031945,1,2026-08-04T03:19:45Z,,,,+0.00000
260804_032000,1,2026-08-04T03:20:00Z,,,,+0.00000
260804_032015,1,2026-08-04T03:20:15Z,,,,+0.00000
260804_032030,1,2026-08-04T03:20:30Z,,,,+0.00000
260804_032045,1,2026-08-04T03:20:45Z,,,,+0.00000
260804_032100,1,2026-08-04T03:21:00Z,,,,+0.00000
260804_032115,1,2026-08-04T03:21:15Z,,,,+0.00000
260804_032130,1,2026-08-04T03:21:30Z,,,,+0.00000
260804_032145,1,2026-08-04T03:21:45Z,-0.03767,-0.03766,0.9795,+0.00000
260804_032200,1,2026-08-04T03:22:00Z,,,,+0.00000
260804_032215,1,2026-08-04T03:22:15Z,,,,+0.00000
260804_032230,1,2026-08-04T03:22:30Z,,,,+0.00000
260804_032245,1,2026-08-04T03:22:45Z,,,,+0.00000
260804_032300,1,2026-08-04T03:23:00Z,,,,+0.00000
260804_032315,1,2026-08-04T03:23:15Z,,,,+0.00000
260804_032330,1,2026-08-04T03:23:30Z,,,,+0.00000
260804_032345,1,2026-08-04T03:23:45Z,,,,+0.00000
260804_032400,1,2026-08-04T03:24:00Z,,,,+0.00000
260804_032415,1,2026-08-04T03:24:15Z,-0.02692,-0.02691,0.8934,+0.00000
260804_032430,1,2026-08-04T03:24:30Z,,,,+0.00000
260804_032445,1,2026-08-04T03:24:45Z,,,,+0.00000
260804_032500,1,2026-08-04T03:25:00Z,,,,+0.00000
260804_032515,1,2026-08-04T03:25:15Z,,,,+0.00000
260804_032530,1,2026-08-04T03:25:30Z,,,,+0.00000
260804_032545,1,2026-08-04T03:25:45Z,,,,+0.00000
260804_032600,1,2026-08-04T03:26:00Z,,,,+0.00000
260804_032615,1,2026-08-04T03:26:15Z,,,,+0.00000
260804_032630,1,2026-08-04T03:26:30Z,,,,+0.00000
260804_032645,1,2026-08-04T03:26:45Z,-0.02158,-0.02158,0.9813,+0.00000
260804_032700,1,2026-08-04T03:27:00Z,,,,+0.00000
260804_032715,1,2026-08-04T03:27:15Z,,,,+0.00000
260804_032730,1,2026-08-04T03:27:30Z,,,,+0.00000
260804_032745,1,2026-08-04T03:27:45Z,,,,+0.00000
260804_032800,1,2026-08-04T03:28:00Z,,,,+0.00000
260804_032815,1,2026-08-04T03:28:15Z,,,,+0.00000
260804_032830,1,2026-08-04T03:28:30Z,,,,+0.00000
260804_032845,1,2026-08-04T03:28:45Z,,,,+0.00000
260804_032900,1,2026-08-04T03:29:00Z,,,,+0.00000
260804_032915,1,2026-08-04T03:29:15Z,-0.00858,-0.00858,0.9700,+0.00000
260804_032930,1,2026-08-04T03:29:30Z,,,,+0.00000
260804_032945,1,2026-08-04T03:29:45Z,,,,+0.00000
260804_033000,1,2026-08-04T03:30:00Z,,,,+0.00000
260804_033015,1,2026-08-04T03:30:15Z,,,,+0.00000
260804_033030,1,2026-08-04T03:30:30Z,,,,+0.00000
260804_033045,1,2026-08-04T03:30:45Z,,,,+0.00000
260804_033100,1,2026-08-04T03:31:00Z,,,,+0.00000
260804_033115,1,2026-08-04T03:31:15Z,,,,+0.00000
260804_033130,1,2026-08-04T03:31:30Z,,,,+0.00000
260804_033145,1,2026-08-04T03:31:45Z,-0.00625,-0.00624,0.9788,+0.00000
260804_033200,1,2026-08-04T03:32:00Z,,,,+0.00000
260804_033215,1,2026-08-04T03:32:15Z,,,,+0.00000
260804_033230,1,2026-08-04T03:32:30Z,,,,+0.00000
260804_033245,1,2026-08-04T03:32:45Z,,,,+0.00000
260804_033300,1,2026-08-04T03:33:00Z,,,,+0.00000
260804_033315,1,2026-08-04T03:33:15Z,,,,+0.00000
260804_033330,1,2026-08-04T03:33:30Z,,,,+0.00000
260804_033345,1,2026-08-04T03:33:45Z,,,,+0.00000
260804_033400,1,2026-08-04T03:34:00Z,,,,+0.00000
260804_033415,1,2026-08-04T03:34:15Z,-0.00108,-0.00107,0.9455,+0.00000
260804_033430,1,2026-08-04T03:34:30Z,,,,+0.00000
260804_033445,1,2026-08-04T03:34:45Z,,,,+0.00000
260804_033500,1,2026-08-04T03:35:00Z,,,,+0.00000
260804_033515,1,2026-08-04T03:35:15Z,,,,+0.00000
260804_033530,1,2026-08-04T03:35:30Z,,,,+0.00000
260804_033545,1,2026-08-04T03:35:45Z,,,,+0.00000
260804_033600,1,2026-08-04T03:36:00Z,,,,+0.00000
260804_033615,1,2026-08-04T03:36:15Z,,,,+0.00000
260804_033630,1,2026-08-04T03:36:30Z,,,,+0.00000
260804_033645,1,2026-08-04T03:36:45Z,-0.02575,-0.02574,0.9792,+0.00000
260804_033700,1,2026-08-04T03:37:00Z,,,,+0.00000
260804_033715,1,2026-08-04T03:37:15Z,,,,+0.00000
260804_033730,1,2026-08-04T03:37:30Z,,,,+0.00000
260804_033745,1,2026-08-04T03:37:45Z,,,,+0.00000
260804_033800,1,2026-08-04T03:38:00Z,,,,+0.00000
260804_033815,1,2026-08-04T03:38:15Z,,,,+0.00000
260804_033830,1,2026-08-04T03:38:30Z,,,,+0.00000
260804_033845,1,2026-08-04T03:38:45Z,,,,+0.00000
260804_033900,1,2026-08-04T03:39:00Z,,,,+0.00000
260804_033915,1,2026-08-04T03:39:15Z,-0.02700,-0.02699,0.9764,+0.00000
260804_033930,1,2026-08-04T03:39:30Z,,,,+0.00000
260804_033945,1,2026-08-04T03:39:45Z,,,,+0.00000
260804_034000,1,2026-08-04T03:40:00Z,,,,+0.00000
260804_034015,1,2026-08-04T03:40:15Z,,,,+0.00000
260804_034030,1,2026-08-04T03:40:30Z,,,,+0.00000
260804_034045,1,2026-08-04T03:40:45Z,,,,+0.00000
260804_034100,1,2026-08-04T03:41:00Z,,,,+0.00000
260804_034115,1,2026-08-04T03:41:15Z,,,,+0.00000
260804_034130,1,2026-08-04T03:41:30Z,,,,+0.00000
260804_034145,1,2026-08-04T03:41:45Z,-0.01450,-0.01449,0.9765,+0.00000
260804_034200,1,2026-08-04T03:42:00Z,,,,+0.00000
260804_034215,1,2026-08-04T03:42:15Z,,,,+0.00000
260804_034230,1,2026-08-04T03:42:30Z,,,,+0.00000
260804_034245,1,2026-08-04T03:42:45Z,,,,+0.00000
260804_034300,1,2026-08-04T03:43:00Z,,,,+0.00000
260804_034315,1,2026-08-04T03:43:15Z,,,,+0.00000
260804_034330,1,2026-08-04T03:43:30Z,,,,+0.00000
260804_034345,1,2026-08-04T03:43:45Z,,,,+0.00000
260804_034400,1,2026-08-04T03:44:00Z,,,,+0.00000
260804_034415,1,2026-08-04T03:44:15Z,-0.00850,-0.00849,0.9761,+0.00000
260804_034430,1,2026-08-04T03:44:30Z,,,,+0.00000
260804_034445,1,2026-08-04T03:44:45Z,,,,+0.00000
260804_034500,1,2026-08-04T03:45:00Z,,,,+0.00000
260804_034515,1,2026-08-04T03:45:15Z,,,,+0.00000
260804_034530,1,2026-08-04T03:45:30Z,,,,+0.00000
260804_034545,1,2026-08-04T03:45:45Z,,,,+0.00000
260804_034600,1,2026-08-04T03:46:00Z,,,,+0.00000
260804_034615,1,2026-08-04T03:46:15Z,,,,+0.00000
260804_034630,1,2026-08-04T03:46:30Z,,,,+0.00000
260804_034645,1,2026-08-04T03:46:45Z,+0.00342,+0.00342,0.9790,+0.00000
260804_034700,1,2026-08-04T03:47:00Z,,,,+0.00000
260804_034715,1,2026-08-04T03:47:15Z,,,,+0.00000
260804_034730,1,2026-08-04T03:47:30Z,,,,+0.00000
260804_034745,1,2026-08-04T03:47:45Z,,,,+0.00000
260804_034800,1,2026-08-04T03:48:00Z,,,,+0.00000
260804_034815,1,2026-08-04T03:48:15Z,,,,+0.00000
260804_034830,1,2026-08-04T03:48:30Z,,,,+0.00000
260804_034845,1,2026-08-04T03:48:45Z,,,,+0.00000
260804_034900,1,2026-08-04T03:49:00Z,,,,+0.00000
260804_034915,1,2026-08-04T03:49:15Z,-0.03208,-0.03208,0.9745,+0.00000
260804_034930,1,2026-08-04T03:49:30Z,,,,+0.00000
260804_034945,1,2026-08-04T03:49:45Z,,,,+0.00000
260804_035000,1,2026-08-04T03:50:00Z,,,,+0.00000
260804_035015,1,2026-08-04T03:50:15Z,,,,+0.00000
260804_035030,1,2026-08-04T03:50:30Z,,,,+0.00000
260804_035045,1,2026-08-04T03:50:45Z,,,,+0.00000
260804_035100,1,2026-08-04T03:51:00Z,,,,+0.00000
260804_035115,1,2026-08-04T03:51:15Z,,,,+0.00000
260804_035130,1,2026-08-04T03:51:30Z,,,,+0.00000
260804_035145,1,2026-08-04T03:51:45Z,-0.01508,-0.01508,0.8935,+0.00000
260804_035200,1,2026-08-04T03:52:00Z,,,,+0.00000
260804_035215,1,2026-08-04T03:52:15Z,,,,+0.00000
260804_035230,1,2026-08-04T03:52:30Z,,,,+0.00000
260804_035245,1,2026-08-04T03:52:45Z,,,,+0.00000
260804_035300,1,2026-08-04T03:53:00Z,,,,+0.00000
260804_035315,1,2026-08-04T03:53:15Z,,,,+0.00000
260804_035330,1,2026-08-04T03:53:30Z,,,,+0.00000
260804_035345,1,2026-08-04T03:53:45Z,,,,+0.00000
260804_035400,1,2026-08-04T03:54:00Z,,,,+0.00000
260804_035415,1,2026-08-04T03:54:15Z,-0.01183,-0.01183,0.9828,+0.00000
260804_035430,1,2026-08-04T03:54:30Z,,,,+0.00000
260804_035445,1,2026-08-04T03:54:45Z,,,,+0.00000
260804_035500,1,2026-08-04T03:55:00Z,,,,+0.00000
260804_035515,1,2026-08-04T03:55:15Z,,,,+0.00000
260804_035530,1,2026-08-04T03:55:30Z,,,,+0.00000
260804_035545,1,2026-08-04T03:55:45Z,,,,+0.00000
260804_035600,1,2026-08-04T03:56:00Z,,,,+0.00000
260804_035615,1,2026-08-04T03:56:15Z,,,,+0.00000
260804_035630,1,2026-08-04T03:56:30Z,,,,+0.00000
260804_035645,1,2026-08-04T03:56:45Z,-0.00717,-0.00716,0.9983,+0.00000
260804_035700,1,2026-08-04T03:57:00Z,,,,+0.00000
260804_035715,1,2026-08-04T03:57:15Z,,,,+0.00000
260804_035730,1,2026-08-04T03:57:30Z,,,,+0.00000
260804_035745,1,2026-08-04T03:57:45Z,,,,+0.00000
260804_035800,1,2026-08-04T03:58:00Z,,,,+0.00000
260804_035815,1,2026-08-04T03:58:15Z,,,,+0.00000
260804_035830,1,2026-08-04T03:58:30Z,,,,+0.00000
260804_035845,1,2026-08-04T03:58:45Z,,,,+0.00000
260804_035900,1,2026-08-04T03:59:00Z,,,,+0.00000
260804_035915,1,2026-08-04T03:59:15Z,-0.03300,-0.03299,0.9757,+0.00000
260804_035930,1,2026-08-04T03:59:30Z,,,,+0.00000
260804_035945,1,2026-08-04T03:59:45Z,,,,+0.00000
260804_040000,1,2026-08-04T04:00:00Z,,,,+0.00000
260804_040015,1,2026-08-04T04:00:15Z,,,,+0.00000
260804_040030,1,2026-08-04T04:00:30Z,,,,+0.00000
260804_040045,1,2026-08-04T04:00:45Z,,,,+0.00000
260804_040100,1,2026-08-04T04:01:00Z,,,,+0.00000
260804_040115,1,2026-08-04T04:01:15Z,,,,+0.00000
260804_040130,1,2026-08-04T04:01:30Z,,,,+0.00000
260804_040145,1,2026-08-04T04:01:45Z,-0.02725,-0.02724,0.9880,+0.00000
260804_040200,1,2026-08-04T04:02:00Z,,,,+0.00000
260804_040215,1,2026-08-04T04:02:15Z,,,,+0.00000
260804_040230,1,2026-08-04T04:02:30Z,,,,+0.00000
260804_040245,1,2026-08-04T04:02:45Z,,,,+0.00000
260804_040300,1,2026-08-04T04:03:00Z,,,,+0.00000
260804_040315,1,2026-08-04T04:03:15Z,,,,+0.00000
260804_040330,1,2026-08-04T04:03:30Z,,,,+0.00000
260804_040345,1,2026-08-04T04:03:45Z,,,,+0.00000
260804_040400,1,2026-08-04T04:04:00Z,,,,+0.00000
260804_040415,1,2026-08-04T04:04:15Z,-0.01833,-0.01833,0.9887,+0.00000
260804_040430,1,2026-08-04T04:04:30Z,,,,+0.00000
260804_040445,1,2026-08-04T04:04:45Z,,,,+0.00000
260804_040500,1,2026-08-04T04:05:00Z,,,,+0.00000
260804_040515,1,2026-08-04T04:05:15Z,,,,+0.00000
260804_040530,1,2026-08-04T04:05:30Z,,,,+0.00000
260804_040545,1,2026-08-04T04:05:45Z,,,,+0.00000
260804_040600,1,2026-08-04T04:06:00Z,,,,+0.00000
260804_040615,1,2026-08-04T04:06:15Z,,,,+0.00000
260804_040630,1,2026-08-04T04:06:30Z,,,,+0.00000
260804_040645,1,2026-08-04T04:06:45Z,-0.01750,-0.01750,0.9989,+0.00000
260804_040700,1,2026-08-04T04:07:00Z,,,,+0.00000
260804_040715,1,2026-08-04T04:07:15Z,,,,+0.00000
260804_040730,1,2026-08-04T04:07:30Z,,,,+0.00000
260804_040745,1,2026-08-04T04:07:45Z,,,,+0.00000
260804_040800,1,2026-08-04T04:08:00Z,,,,+0.00000
260804_040815,1,2026-08-04T04:08:15Z,,,,+0.00000
260804_040830,1,2026-08-04T04:08:30Z,,,,+0.00000
260804_040845,1,2026-08-04T04:08:45Z,,,,+0.00000
260804_040900,1,2026-08-04T04:09:00Z,,,,+0.00000
260804_040915,1,2026-08-04T04:09:15Z,-0.00275,-0.00275,0.9986,+0.00000
260804_040930,1,2026-08-04T04:09:30Z,,,,+0.00000
260804_040945,1,2026-08-04T04:09:45Z,,,,+0.00000
260804_041000,1,2026-08-04T04:10:00Z,,,,+0.00000
260804_041015,1,2026-08-04T04:10:15Z,,,,+0.00000
260804_041030,1,2026-08-04T04:10:30Z,,,,+0.00000
260804_041045,1,2026-08-04T04:10:45Z,,,,+0.00000
260804_041100,1,2026-08-04T04:11:00Z,,,,+0.00000
260804_041115,1,2026-08-04T04:11:15Z,,,,+0.00000
260804_041130,1,2026-08-04T04:11:30Z,,,,+0.00000
260804_041145,1,2026-08-04T04:11:45Z,+0.00342,+0.00342,0.9988,+0.00000
260804_041200,1,2026-08-04T04:12:00Z,,,,+0.00000
260804_041215,1,2026-08-04T04:12:15Z,,,,+0.00000
260804_041230,1,2026-08-04T04:12:30Z,,,,+0.00000
260804_041245,1,2026-08-04T04:12:45Z,,,,+0.00000
260804_041300,1,2026-08-04T04:13:00Z,,,,+0.00000
260804_041315,1,2026-08-04T04:13:15Z,,,,+0.00000
260804_041330,1,2026-08-04T04:13:30Z,,,,+0.00000
260804_041345,1,2026-08-04T04:13:45Z,,,,+0.00000
260804_041400,1,2026-08-04T04:14:00Z,,,,+0.00000
260804_041415,1,2026-08-04T04:14:15Z,-0.03117,-0.03116,0.9991,+0.00000
260804_041430,1,2026-08-04T04:14:30Z,,,,+0.00000
260804_041445,1,2026-08-04T04:14:45Z,,,,+0.00000
260804_041500,1,2026-08-04T04:15:00Z,,,,+0.00000
260804_041515,1,2026-08-04T04:15:15Z,,,,+0.00000
260804_041530,1,2026-08-04T04:15:30Z,,,,+0.00000
260804_041545,1,2026-08-04T04:15:45Z,,,,+0.00000
260804_041600,1,2026-08-04T04:16:00Z,,,,+0.00000
260804_041615,1,2026-08-04T04:16:15Z,,,,+0.00000
260804_041630,1,2026-08-04T04:16:30Z,,,,+0.00000
260804_041645,1,2026-08-04T04:16:45Z,-0.02292,-0.02291,0.9908,+0.00000
260804_041700,1,2026-08-04T04:17:00Z,,,,+0.00000
260804_041715,1,2026-08-04T04:17:15Z,,,,+0.00000
260804_041730,1,2026-08-04T04:17:30Z,,,,+0.00000
260804_041745,1,2026-08-04T04:17:45Z,,,,+0.00000
260804_041800,1,2026-08-04T04:18:00Z,,,,+0.00000
260804_041815,1,2026-08-04T04:18:15Z,,,,+0.00000
260804_041830,1,2026-08-04T04:18:30Z,,,,+0.00000
260804_041845,1,2026-08-04T04:18:45Z,,,,+0.00000
260804_041900,1,2026-08-04T04:19:00Z,,,,+0.00000
260804_041915,1,2026-08-04T04:19:15Z,-0.01558,-0.01557,0.9853,+0.00000
260804_041930,1,2026-08-04T04:19:30Z,,,,+0.00000
260804_041945,1,2026-08-04T04:19:45Z,,,,+0.00000
260804_042000,1,2026-08-04T04:20:00Z,,,,+0.00000
260804_042015,1,2026-08-04T04:20:15Z,,,,+0.00000
260804_042030,1,2026-08-04T04:20:30Z,,,,+0.00000
260804_042045,1,2026-08-04T04:20:45Z,,,,+0.00000
260804_042100,1,2026-08-04T04:21:00Z,,,,+0.00000
260804_042115,1,2026-08-04T04:21:15Z,,,,+0.00000
260804_042130,1,2026-08-04T04:21:30Z,,,,+0.00000
260804_042145,1,2026-08-04T04:21:45Z,-0.00967,-0.00966,0.9919,+0.00000
260804_042200,1,2026-08-04T04:22:00Z,,,,+0.00000
260804_042215,1,2026-08-04T04:22:15Z,,,,+0.00000
260804_042230,1,2026-08-04T04:22:30Z,,,,+0.00000
260804_042245,1,2026-08-04T04:22:45Z,,,,+0.00000
260804_042300,1,2026-08-04T04:23:00Z,,,,+0.00000
260804_042315,1,2026-08-04T04:23:15Z,,,,+0.00000
260804_042330,1,2026-08-04T04:23:30Z,,,,+0.00000
260804_042345,1,2026-08-04T04:23:45Z,,,,+0.00000
260804_042400,1,2026-08-04T04:24:00Z,,,,+0.00000
260804_042415,1,2026-08-04T04:24:15Z,-0.00225,-0.00224,0.9892,+0.00000
260804_042430,1,2026-08-04T04:24:30Z,,,,+0.00000
260804_042445,1,2026-08-04T04:24:45Z,,,,+0.00000
260804_042500,1,2026-08-04T04:25:00Z,,,,+0.00000
260804_042515,1,2026-08-04T04:25:15Z,,,,+0.00000
260804_042530,1,2026-08-04T04:25:30Z,,,,+0.00000
260804_042545,1,2026-08-04T04:25:45Z,,,,+0.00000
260804_042600,1,2026-08-04T04:26:00Z,,,,+0.00000
260804_042615,1,2026-08-04T04:26:15Z,,,,+0.00000
260804_042630,1,2026-08-04T04:26:30Z,,,,+0.00000
260804_042645,1,2026-08-04T04:26:45Z,+0.00092,+0.00092,0.9894,+0.00000
260804_042700,1,2026-08-04T04:27:00Z,,,,+0.00000
260804_042715,1,2026-08-04T04:27:15Z,,,,+0.00000
260804_042730,1,2026-08-04T04:27:30Z,,,,+0.00000
260804_042745,1,2026-08-04T04:27:45Z,,,,+0.00000
260804_042800,1,2026-08-04T04:28:00Z,,,,+0.00000
260804_042815,1,2026-08-04T04:28:15Z,,,,+0.00000
260804_042830,1,2026-08-04T04:28:30Z,,,,+0.00000
260804_042845,1,2026-08-04T04:28:45Z,,,,+0.00000
260804_042900,1,2026-08-04T04:29:00Z,,,,+0.00000
260804_042915,1,2026-08-04T04:29:15Z,-0.01133,-0.01133,0.9904,+0.00000
260804_042930,1,2026-08-04T04:29:30Z,,,,+0.00000
260804_042945,1,2026-08-04T04:29:45Z,,,,+0.00000
260804_043000,1,2026-08-04T04:30:00Z,,,,+0.00000
260804_043015,1,2026-08-04T04:30:15Z,,,,+0.00000
260804_043030,1,2026-08-04T04:30:30Z,,,,+0.00000
260804_043045,1,2026-08-04T04:30:45Z,,,,+0.00000
260804_043100,1,2026-08-04T04:31:00Z,,,,+0.00000
260804_043115,1,2026-08-04T04:31:15Z,,,,+0.00000
260804_043130,1,2026-08-04T04:31:30Z,,,,+0.00000
260804_043145,1,2026-08-04T04:31:45Z,-0.00242,-0.00241,0.9956,+0.00000
260804_043200,1,2026-08-04T04:32:00Z,,,,+0.00000
260804_043215,1,2026-08-04T04:32:15Z,,,,+0.00000
260804_043230,1,2026-08-04T04:32:30Z,,,,+0.00000
260804_043245,1,2026-08-04T04:32:45Z,,,,+0.00000
260804_043300,1,2026-08-04T04:33:00Z,,,,+0.00000
260804_043315,1,2026-08-04T04:33:15Z,,,,+0.00000
260804_043330,1,2026-08-04T04:33:30Z,,,,+0.00000
260804_043345,1,2026-08-04T04:33:45Z,,,,+0.00000
260804_043400,1,2026-08-04T04:34:00Z,,,,+0.00000
260804_043415,1,2026-08-04T04:34:15Z,-0.03400,-0.03399,0.9977,+0.00000
260804_043430,1,2026-08-04T04:34:30Z,,,,+0.00000
260804_043445,1,2026-08-04T04:34:45Z,,,,+0.00000
260804_043500,1,2026-08-04T04:35:00Z,,,,+0.00000
260804_043515,1,2026-08-04T04:35:15Z,,,,+0.00000
260804_043530,1,2026-08-04T04:35:30Z,,,,+0.00000
260804_043545,1,2026-08-04T04:35:45Z,,,,+0.00000
260804_043600,1,2026-08-04T04:36:00Z,,,,+0.00000
260804_043615,1,2026-08-04T04:36:15Z,,,,+0.00000
260804_043630,1,2026-08-04T04:36:30Z,,,,+0.00000
260804_043645,1,2026-08-04T04:36:45Z,-0.02642,-0.02641,0.9961,+0.00000
260804_043700,1,2026-08-04T04:37:00Z,,,,+0.00000
260804_043715,1,2026-08-04T04:37:15Z,,,,+0.00000
260804_043730,1,2026-08-04T04:37:30Z,,,,+0.00000
260804_043745,1,2026-08-04T04:37:45Z,,,,+0.00000
260804_043800,1,2026-08-04T04:38:00Z,,,,+0.00000
260804_043815,1,2026-08-04T04:38:15Z,,,,+0.00000
260804_043830,1,2026-08-04T04:38:30Z,,,,+0.00000
260804_043845,1,2026-08-04T04:38:45Z,,,,+0.00000
260804_043900,1,2026-08-04T04:39:00Z,,,,+0.00000
260804_043915,1,2026-08-04T04:39:15Z,-0.02342,-0.02341,0.9968,+0.00000
260804_043930,1,2026-08-04T04:39:30Z,,,,+0.00000
260804_043945,1,2026-08-04T04:39:45Z,,,,+0.00000
260804_044000,1,2026-08-04T04:40:00Z,,,,+0.00000
260804_044015,1,2026-08-04T04:40:15Z,,,,+0.00000
260804_044030,1,2026-08-04T04:40:30Z,,,,+0.00000
260804_044045,1,2026-08-04T04:40:45Z,,,,+0.00000
260804_044100,1,2026-08-04T04:41:00Z,,,,+0.00000
260804_044115,1,2026-08-04T04:41:15Z,,,,+0.00000
260804_044130,1,2026-08-04T04:41:30Z,,,,+0.00000
260804_044145,1,2026-08-04T04:41:45Z,-0.01083,-0.01083,0.9895,+0.00000
260804_044200,1,2026-08-04T04:42:00Z,,,,+0.00000
260804_044215,1,2026-08-04T04:42:15Z,,,,+0.00000
260804_044230,1,2026-08-04T04:42:30Z,,,,+0.00000
260804_044245,1,2026-08-04T04:42:45Z,,,,+0.00000
260804_044300,1,2026-08-04T04:43:00Z,,,,+0.00000
260804_044315,1,2026-08-04T04:43:15Z,,,,+0.00000
260804_044330,1,2026-08-04T04:43:30Z,,,,+0.00000
260804_044345,1,2026-08-04T04:43:45Z,,,,+0.00000
260804_044400,1,2026-08-04T04:44:00Z,,,,+0.00000
260804_044415,1,2026-08-04T04:44:15Z,-0.00692,-0.00691,0.9943,+0.00000
260804_044430,1,2026-08-04T04:44:30Z,,,,+0.00000
260804_044445,1,2026-08-04T04:44:45Z,,,,+0.00000
260804_044500,1,2026-08-04T04:45:00Z,,,,+0.00000
260804_044515,1,2026-08-04T04:45:15Z,,,,+0.00000
260804_044530,1,2026-08-04T04:45:30Z,,,,+0.00000
260804_044545,1,2026-08-04T04:45:45Z,,,,+0.00000
260804_044600,1,2026-08-04T04:46:00Z,,,,+0.00000
260804_044615,1,2026-08-04T04:46:15Z,,,,+0.00000
260804_044630,1,2026-08-04T04:46:30Z,,,,+0.00000
260804_044645,1,2026-08-04T04:46:45Z,+0.00625,+0.00625,0.9997,+0.00000
260804_044700,1,2026-08-04T04:47:00Z,,,,+0.00000
260804_044715,1,2026-08-04T04:47:15Z,,,,+0.00000
260804_044730,1,2026-08-04T04:47:30Z,,,,+0.00000
260804_044745,1,2026-08-04T04:47:45Z,,,,+0.00000
260804_044800,1,2026-08-04T04:48:00Z,,,,+0.00000
260804_044815,1,2026-08-04T04:48:15Z,,,,+0.00000
260804_044830,1,2026-08-04T04:48:30Z,,,,+0.00000
260804_044845,1,2026-08-04T04:48:45Z,,,,+0.00000
260804_044900,1,2026-08-04T04:49:00Z,,,,+0.00000
260804_044915,1,2026-08-04T04:49:15Z,-0.02900,-0.02899,0.9910,+0.00000
260804_044930,1,2026-08-04T04:49:30Z,,,,+0.00000
260804_044945,1,2026-08-04T04:49:45Z,,,,+0.00000
260804_045000,1,2026-08-04T04:50:00Z,,,,+0.00000
260804_045015,1,2026-08-04T04:50:15Z,,,,+0.00000
260804_045030,1,2026-08-04T04:50:30Z,,,,+0.00000
260804_045045,1,2026-08-04T04:50:45Z,,,,+0.00000
260804_045100,1,2026-08-04T04:51:00Z,,,,+0.00000
260804_045115,1,2026-08-04T04:51:15Z,,,,+0.00000
260804_045130,1,2026-08-04T04:51:30Z,,,,+0.00000
260804_045145,1,2026-08-04T04:51:45Z,-0.02267,-0.02266,0.9894,+0.00000
260804_045200,1,2026-08-04T04:52:00Z,,,,+0.00000
260804_045215,1,2026-08-04T04:52:15Z,,,,+0.00000
260804_045230,1,2026-08-04T04:52:30Z,,,,+0.00000
260804_045245,1,2026-08-04T04:52:45Z,,,,+0.00000
260804_045300,1,2026-08-04T04:53:00Z,,,,+0.00000
260804_045315,1,2026-08-04T04:53:15Z,,,,+0.00000
260804_045330,1,2026-08-04T04:53:30Z,,,,+0.00000
260804_045345,1,2026-08-04T04:53:45Z,,,,+0.00000
260804_045400,1,2026-08-04T04:54:00Z,,,,+0.00000
260804_045415,1,2026-08-04T04:54:15Z,-0.01500,-0.01500,0.9992,+0.00000
260804_045430,1,2026-08-04T04:54:30Z,,,,+0.00000
260804_045445,1,2026-08-04T04:54:45Z,,,,+0.00000
260804_045500,1,2026-08-04T04:55:00Z,,,,+0.00000
260804_045515,1,2026-08-04T04:55:15Z,,,,+0.00000
260804_045530,1,2026-08-04T04:55:30Z,,,,+0.00000
260804_045545,1,2026-08-04T04:55:45Z,,,,+0.00000
260804_045600,1,2026-08-04T04:56:00Z,,,,+0.00000
260804_045615,1,2026-08-04T04:56:15Z,,,,+0.00000
260804_045630,1,2026-08-04T04:56:30Z,,,,+0.00000
260804_045645,1,2026-08-04T04:56:45Z,-0.00908,-0.00908,0.9948,+0.00000
260804_045700,1,2026-08-04T04:57:00Z,,,,+0.00000
260804_045715,1,2026-08-04T04:57:15Z,,,,+0.00000
260804_045730,1,2026-08-04T04:57:30Z,,,,+0.00000
260804_045745,1,2026-08-04T04:57:45Z,,,,+0.00000
260804_045800,1,2026-08-04T04:58:00Z,,,,+0.00000
260804_045815,1,2026-08-04T04:58:15Z,,,,+0.00000
260804_045830,1,2026-08-04T04:58:30Z,,,,+0.00000
260804_045845,1,2026-08-04T04:58:45Z,,,,+0.00000
260804_045900,1,2026-08-04T04:59:00Z,,,,+0.00000
260804_045915,1,2026-08-04T04:59:15Z,-0.00792,-0.00791,0.9995,+0.00000
260804_045930,1,2026-08-04T04:59:30Z,,,,+0.00000
260804_045945,1,2026-08-04T04:59:45Z,,,,+0.00000
260804_050000,1,2026-08-04T05:00:00Z,,,,+0.00000
260804_050015,1,2026-08-04T05:00:15Z,,,,+0.00000
260804_050030,1,2026-08-04T05:00:30Z,,,,+0.00000
260804_050045,1,2026-08-04T05:00:45Z,,,,+0.00000
260804_050100,1,2026-08-04T05:01:00Z,,,,+0.00000
260804_050115,1,2026-08-04T05:01:15Z,,,,+0.00000
260804_050130,1,2026-08-04T05:01:30Z,,,,+0.00000
260804_050145,1,2026-08-04T05:01:45Z,+0.00767,+0.00767,0.9989,+0.00000
260804_050200,1,2026-08-04T05:02:00Z,,,,+0.00000
260804_050215,1,2026-08-04T05:02:15Z,,,,+0.00000
260804_050230,1,2026-08-04T05:02:30Z,,,,+0.00000
260804_050245,1,2026-08-04T05:02:45Z,,,,+0.00000
260804_050300,1,2026-08-04T05:03:00Z,,,,+0.00000
260804_050315,1,2026-08-04T05:03:15Z,,,,+0.00000
260804_050330,1,2026-08-04T05:03:30Z,,,,+0.00000
260804_050345,1,2026-08-04T05:03:45Z,,,,+0.00000
260804_050400,1,2026-08-04T05:04:00Z,,,,+0.00000
260804_050415,1,2026-08-04T05:04:15Z,-0.03133,-0.03133,0.9926,+0.00000
260804_050430,1,2026-08-04T05:04:30Z,,,,+0.00000
260804_050445,1,2026-08-04T05:04:45Z,,,,+0.00000
260804_050500,1,2026-08-04T05:05:00Z,,,,+0.00000
260804_050515,1,2026-08-04T05:05:15Z,,,,+0.00000
260804_050530,1,2026-08-04T05:05:30Z,,,,+0.00000
260804_050545,1,2026-08-04T05:05:45Z,,,,+0.00000
260804_050600,1,2026-08-04T05:06:00Z,,,,+0.00000
260804_050615,1,2026-08-04T05:06:15Z,,,,+0.00000
260804_050630,1,2026-08-04T05:06:30Z,,,,+0.00000
260804_050645,1,2026-08-04T05:06:45Z,-0.01983,-0.01983,0.9941,+0.00000
260804_050700,1,2026-08-04T05:07:00Z,,,,+0.00000
260804_050715,1,2026-08-04T05:07:15Z,,,,+0.00000
260804_050730,1,2026-08-04T05:07:30Z,,,,+0.00000
260804_050745,1,2026-08-04T05:07:45Z,,,,+0.00000
260804_050800,1,2026-08-04T05:08:00Z,,,,+0.00000
260804_050815,1,2026-08-04T05:08:15Z,,,,+0.00000
260804_050830,1,2026-08-04T05:08:30Z,,,,+0.00000
260804_050845,1,2026-08-04T05:08:45Z,,,,+0.00000
260804_050900,1,2026-08-04T05:09:00Z,,,,+0.00000
260804_050915,1,2026-08-04T05:09:15Z,-0.01708,-0.01708,0.9974,+0.00000
260804_050930,1,2026-08-04T05:09:30Z,,,,+0.00000
260804_050945,1,2026-08-04T05:09:45Z,,,,+0.00000
260804_051000,1,2026-08-04T05:10:00Z,,,,+0.00000
260804_051015,1,2026-08-04T05:10:15Z,,,,+0.00000
260804_051030,1,2026-08-04T05:10:30Z,,,,+0.00000
260804_051045,1,2026-08-04T05:10:45Z,,,,+0.00000
260804_051100,1,2026-08-04T05:11:00Z,,,,+0.00000
260804_051115,1,2026-08-04T05:11:15Z,,,,+0.00000
260804_051130,1,2026-08-04T05:11:30Z,,,,+0.00000
260804_051145,1,2026-08-04T05:11:45Z,-0.00633,-0.00633,0.9930,+0.00000
260804_051200,1,2026-08-04T05:12:00Z,,,,+0.00000
260804_051215,1,2026-08-04T05:12:15Z,,,,+0.00000
260804_051230,1,2026-08-04T05:12:30Z,,,,+0.00000
260804_051245,1,2026-08-04T05:12:45Z,,,,+0.00000
260804_051300,1,2026-08-04T05:13:00Z,,,,+0.00000
260804_051315,1,2026-08-04T05:13:15Z,,,,+0.00000
260804_051330,1,2026-08-04T05:13:30Z,,,,+0.00000
260804_051345,1,2026-08-04T05:13:45Z,,,,+0.00000
260804_051400,1,2026-08-04T05:14:00Z,,,,+0.00000
260804_051415,1,2026-08-04T05:14:15Z,-0.00008,-0.00008,0.9937,+0.00000
260804_051430,1,2026-08-04T05:14:30Z,,,,+0.00000
260804_051445,1,2026-08-04T05:14:45Z,,,,+0.00000
260804_051500,1,2026-08-04T05:15:00Z,,,,+0.00000
260804_051515,1,2026-08-04T05:15:15Z,,,,+0.00000
260804_051530,1,2026-08-04T05:15:30Z,,,,+0.00000
260804_051545,1,2026-08-04T05:15:45Z,,,,+0.00000
260804_051600,1,2026-08-04T05:16:00Z,,,,+0.00000
260804_051615,1,2026-08-04T05:16:15Z,,,,+0.00000
260804_051630,1,2026-08-04T05:16:30Z,,,,+0.00000
260804_051645,1,2026-08-04T05:16:45Z,-0.03717,-0.03716,0.9954,+0.00000
260804_051700,1,2026-08-04T05:17:00Z,,,,+0.00000
260804_051715,1,2026-08-04T05:17:15Z,,,,+0.00000
260804_051730,1,2026-08-04T05:17:30Z,,,,+0.00000
260804_051745,1,2026-08-04T05:17:45Z,,,,+0.00000
260804_051800,1,2026-08-04T05:18:00Z,,,,+0.00000
260804_051815,1,2026-08-04T05:18:15Z,,,,+0.00000
260804_051830,1,2026-08-04T05:18:30Z,,,,+0.00000
260804_051845,1,2026-08-04T05:18:45Z,,,,+0.00000
260804_051900,1,2026-08-04T05:19:00Z,,,,+0.00000
260804_051915,1,2026-08-04T05:19:15Z,-0.00708,-0.00708,0.9946,+0.00000
260804_051930,1,2026-08-04T05:19:30Z,,,,+0.00000
260804_051945,1,2026-08-04T05:19:45Z,,,,+0.00000
260804_052000,1,2026-08-04T05:20:00Z,,,,+0.00000
260804_052015,1,2026-08-04T05:20:15Z,,,,+0.00000
260804_052030,1,2026-08-04T05:20:30Z,,,,+0.00000
260804_052045,1,2026-08-04T05:20:45Z,,,,+0.00000
260804_052100,1,2026-08-04T05:21:00Z,,,,+0.00000
260804_052115,1,2026-08-04T05:21:15Z,,,,+0.00000
260804_052130,1,2026-08-04T05:21:30Z,,,,+0.00000
260804_052145,1,2026-08-04T05:21:45Z,+0.00225,+0.00226,0.9868,+0.00000
260804_052200,1,2026-08-04T05:22:00Z,,,,+0.00000
260804_052215,1,2026-08-04T05:22:15Z,,,,+0.00000
260804_052230,1,2026-08-04T05:22:30Z,,,,+0.00000
260804_052245,1,2026-08-04T05:22:45Z,,,,+0.00000
260804_052300,1,2026-08-04T05:23:00Z,,,,+0.00000
260804_052315,1,2026-08-04T05:23:15Z,,,,+0.00000
260804_052330,1,2026-08-04T05:23:30Z,,,,+0.00000
260804_052345,1,2026-08-04T05:23:45Z,,,,+0.00000
260804_052400,1,2026-08-04T05:24:00Z,,,,+0.00000
260804_052415,1,2026-08-04T05:24:15Z,-0.03242,-0.03241,0.9904,+0.00000
260804_052430,1,2026-08-04T05:24:30Z,,,,+0.00000
260804_052445,1,2026-08-04T05:24:45Z,,,,+0.00000
260804_052500,1,2026-08-04T05:25:00Z,,,,+0.00000
260804_052515,1,2026-08-04T05:25:15Z,,,,+0.00000
260804_052530,1,2026-08-04T05:25:30Z,,,,+0.00000
260804_052545,1,2026-08-04T05:25:45Z,,,,+0.00000
260804_052600,1,2026-08-04T05:26:00Z,,,,+0.00000
260804_052615,1,2026-08-04T05:26:15Z,,,,+0.00000
260804_052630,1,2026-08-04T05:26:30Z,,,,+0.00000
260804_052645,1,2026-08-04T05:26:45Z,-0.02633,-0.02633,0.9957,+0.00000
260804_052700,1,2026-08-04T05:27:00Z,,,,+0.00000
260804_052715,1,2026-08-04T05:27:15Z,,,,+0.00000
260804_052730,1,2026-08-04T05:27:30Z,,,,+0.00000
260804_052745,1,2026-08-04T05:27:45Z,,,,+0.00000
260804_052800,1,2026-08-04T05:28:00Z,,,,+0.00000
260804_052815,1,2026-08-04T05:28:15Z,,,,+0.00000
260804_052830,1,2026-08-04T05:28:30Z,,,,+0.00000
260804_052845,1,2026-08-04T05:28:45Z,,,,+0.00000
260804_052900,1,2026-08-04T05:29:00Z,,,,+0.00000
260804_052915,1,2026-08-04T05:29:15Z,-0.01417,-0.01416,0.9937,+0.00000
260804_052930,1,2026-08-04T05:29:30Z,,,,+0.00000
260804_052945,1,2026-08-04T05:29:45Z,,,,+0.00000
260804_053000,1,2026-08-04T05:30:00Z,,,,+0.00000
260804_053015,1,2026-08-04T05:30:15Z,,,,+0.00000
260804_053030,1,2026-08-04T05:30:30Z,,,,+0.00000
260804_053045,1,2026-08-04T05:30:45Z,,,,+0.00000
260804_053100,1,2026-08-04T05:31:00Z,,,,+0.00000
260804_053115,1,2026-08-04T05:31:15Z,,,,+0.00000
260804_053130,1,2026-08-04T05:31:30Z,,,,+0.00000
260804_053145,1,2026-08-04T05:31:45Z,-0.01008,-0.01008,0.9966,+0.00000
260804_053200,1,2026-08-04T05:32:00Z,,,,+0.00000
260804_053215,1,2026-08-04T05:32:15Z,,,,+0.00000
260804_053230,1,2026-08-04T05:32:30Z,,,,+0.00000
260804_053245,1,2026-08-04T05:32:45Z,,,,+0.00000
260804_053300,1,2026-08-04T05:33:00Z,,,,+0.00000
260804_053315,1,2026-08-04T05:33:15Z,,,,+0.00000
260804_053330,1,2026-08-04T05:33:30Z,,,,+0.00000
260804_053345,1,2026-08-04T05:33:45Z,,,,+0.00000
260804_053400,1,2026-08-04T05:34:00Z,,,,+0.00000
260804_053415,1,2026-08-04T05:34:15Z,+0.00000,+0.00001,0.9897,+0.00000
260804_053430,1,2026-08-04T05:34:30Z,,,,+0.00000
260804_053445,1,2026-08-04T05:34:45Z,,,,+0.00000
260804_053500,1,2026-08-04T05:35:00Z,,,,+0.00000
260804_053515,1,2026-08-04T05:35:15Z,,,,+0.00000
260804_053530,1,2026-08-04T05:35:30Z,,,,+0.00000
260804_053545,1,2026-08-04T05:35:45Z,,,,+0.00000
260804_053600,1,2026-08-04T05:36:00Z,,,,+0.00000
260804_053615,1,2026-08-04T05:36:15Z,,,,+0.00000
260804_053630,1,2026-08-04T05:36:30Z,,,,+0.00000
260804_053645,1,2026-08-04T05:36:45Z,+0.00417,+0.00417,0.9916,+0.00000
260804_053700,1,2026-08-04T05:37:00Z,,,,+0.00000
260804_053715,1,2026-08-04T05:37:15Z,,,,+0.00000
260804_053730,1,2026-08-04T05:37:30Z,,,,+0.00000
260804_053745,1,2026-08-04T05:37:45Z,,,,+0.00000
260804_053800,1,2026-08-04T05:38:00Z,,,,+0.00000
260804_053815,1,2026-08-04T05:38:15Z,,,,+0.00000
260804_053830,1,2026-08-04T05:38:30Z,,,,+0.00000
260804_053845,1,2026-08-04T05:38:45Z,,,,+0.00000
260804_053900,1,2026-08-04T05:39:00Z,,,,+0.00000
260804_053915,1,2026-08-04T05:39:15Z,-0.02417,-0.02416,0.9923,+0.00000
260804_053930,1,2026-08-04T05:39:30Z,,,,+0.00000
260804_053945,1,2026-08-04T05:39:45Z,,,,+0.00000
260804_054000,1,2026-08-04T05:40:00Z,,,,+0.00000
260804_054015,1,2026-08-04T05:40:15Z,,,,+0.00000
260804_054030,1,2026-08-04T05:40:30Z,,,,+0.00000
260804_054045,1,2026-08-04T05:40:45Z,,,,+0.00000
260804_054100,1,2026-08-04T05:41:00Z,,,,+0.00000
260804_054115,1,2026-08-04T05:41:15Z,,,,+0.00000
260804_054130,1,2026-08-04T05:41:30Z,,,,+0.00000
260804_054145,1,2026-08-04T05:41:45Z,-0.02258,-0.02258,0.9903,+0.00000
260804_054200,1,2026-08-04T05:42:00Z,,,,+0.00000
260804_054215,1,2026-08-04T05:42:15Z,,,,+0.00000
260804_054230,1,2026-08-04T05:42:30Z,,,,+0.00000
260804_054245,1,2026-08-04T05:42:45Z,,,,+0.00000
260804_054300,1,2026-08-04T05:43:00Z,,,,+0.00000
260804_054315,1,2026-08-04T05:43:15Z,,,,+0.00000
260804_054330,1,2026-08-04T05:43:30Z,,,,+0.00000
260804_054345,1,2026-08-04T05:43:45Z,,,,+0.00000
260804_054400,1,2026-08-04T05:44:00Z,,,,+0.00000
260804_054415,1,2026-08-04T05:44:15Z,-0.01317,-0.01316,0.9977,+0.00000
260804_054430,1,2026-08-04T05:44:30Z,,,,+0.00000
260804_054445,1,2026-08-04T05:44:45Z,,,,+0.00000
260804_054500,1,2026-08-04T05:45:00Z,,,,+0.00000
260804_054515,1,2026-08-04T05:45:15Z,,,,+0.00000
260804_054530,1,2026-08-04T05:45:30Z,,,,+0.00000
260804_054545,1,2026-08-04T05:45:45Z,,,,+0.00000
260804_054600,1,2026-08-04T05:46:00Z,,,,+0.00000
260804_054615,1,2026-08-04T05:46:15Z,,,,+0.00000
260804_054630,1,2026-08-04T05:46:30Z,,,,+0.00000
260804_054645,1,2026-08-04T05:46:45Z,-0.00283,-0.00283,0.9943,+0.00000
260804_054700,1,2026-08-04T05:47:00Z,,,,+0.00000
260804_054715,1,2026-08-04T05:47:15Z,,,,+0.00000
260804_054730,1,2026-08-04T05:47:30Z,,,,+0.00000
260804_054745,1,2026-08-04T05:47:45Z,,,,+0.00000
260804_054800,1,2026-08-04T05:48:00Z,,,,+0.00000
260804_054815,1,2026-08-04T05:48:15Z,,,,+0.00000
260804_054830,1,2026-08-04T05:48:30Z,,,,+0.00000
260804_054845,1,2026-08-04T05:48:45Z,,,,+0.00000
260804_054900,1,2026-08-04T05:49:00Z,,,,+0.00000
260804_054915,1,2026-08-04T05:49:15Z,-0.00308,-0.00308,0.9928,+0.00000
260804_054930,1,2026-08-04T05:49:30Z,,,,+0.00000
260804_054945,1,2026-08-04T05:49:45Z,,,,+0.00000
260804_055000,1,2026-08-04T05:50:00Z,,,,+0.00000
260804_055015,1,2026-08-04T05:50:15Z,,,,+0.00000
260804_055030,1,2026-08-04T05:50:30Z,,,,+0.00000
260804_055045,1,2026-08-04T05:50:45Z,,,,+0.00000
260804_055100,1,2026-08-04T05:51:00Z,,,,+0.00000
260804_055115,1,2026-08-04T05:51:15Z,,,,+0.00000
260804_055130,1,2026-08-04T05:51:30Z,,,,+0.00000
260804_055145,1,2026-08-04T05:51:45Z,-0.03108,-0.03108,0.9810,+0.00000
260804_055200,1,2026-08-04T05:52:00Z,,,,+0.00000
260804_055215,1,2026-08-04T05:52:15Z,,,,+0.00000
260804_055230,1,2026-08-04T05:52:30Z,,,,+0.00000
260804_055245,1,2026-08-04T05:52:45Z,,,,+0.00000
260804_055300,1,2026-08-04T05:53:00Z,,,,+0.00000
260804_055315,1,2026-08-04T05:53:15Z,,,,+0.00000
260804_055330,1,2026-08-04T05:53:30Z,,,,+0.00000
260804_055345,1,2026-08-04T05:53:45Z,,,,+0.00000
260804_055400,1,2026-08-04T05:54:00Z,,,,+0.00000
260804_055415,1,2026-08-04T05:54:15Z,-0.01117,-0.01116,0.9920,+0.00000
260804_055430,1,2026-08-04T05:54:30Z,,,,+0.00000
260804_055445,1,2026-08-04T05:54:45Z,,,,+0.00000
260804_055500,1,2026-08-04T05:55:00Z,,,,+0.00000
260804_055515,1,2026-08-04T05:55:15Z,,,,+0.00000
260804_055530,1,2026-08-04T05:55:30Z,,,,+0.00000
260804_055545,1,2026-08-04T05:55:45Z,,,,+0.00000
260804_055600,1,2026-08-04T05:56:00Z,,,,+0.00000
260804_055615,1,2026-08-04T05:56:15Z,,,,+0.00000
260804_055630,1,2026-08-04T05:56:30Z,,,,+0.00000
260804_055645,1,2026-08-04T05:56:45Z,-0.00875,-0.00874,0.9935,+0.00000
260804_055700,1,2026-08-04T05:57:00Z,,,,+0.00000
260804_055715,1,2026-08-04T05:57:15Z,,,,+0.00000
260804_055730,1,2026-08-04T05:57:30Z,,,,+0.00000
260804_055745,1,2026-08-04T05:57:45Z,,,,+0.00000
260804_055800,1,2026-08-04T05:58:00Z,,,,+0.00000
260804_055815,1,2026-08-04T05:58:15Z,,,,+0.00000
260804_055830,1,2026-08-04T05:58:30Z,,,,+0.00000
260804_055845,1,2026-08-04T05:58:45Z,,,,+0.00000
260804_055900,1,2026-08-04T05:59:00Z,,,,+0.00000
260804_055915,1,2026-08-04T05:59:15Z,-0.00542,-0.00541,0.9856,+0.00000
260804_055930,1,2026-08-04T05:59:30Z,,,,+0.00000
260804_055945,1,2026-08-04T05:59:45Z,,,,+0.00000
260804_060000,1,2026-08-04T06:00:00Z,,,,+0.00000
260804_060015,1,2026-08-04T06:00:15Z,,,,+0.00000
260804_060030,1,2026-08-04T06:00:30Z,,,,+0.00000
260804_060045,1,2026-08-04T06:00:45Z,,,,+0.00000
260804_060100,1,2026-08-04T06:01:00Z,,,,+0.00000
260804_060115,1,2026-08-04T06:01:15Z,,,,+0.00000
260804_060130,1,2026-08-04T06:01:30Z,,,,+0.00000
260804_060145,1,2026-08-04T06:01:45Z,-0.03908,-0.03908,0.9828,+0.00000
260804_060200,1,2026-08-04T06:02:00Z,,,,+0.00000
260804_060215,1,2026-08-04T06:02:15Z,,,,+0.00000
260804_060230,1,2026-08-04T06:02:30Z,,,,+0.00000
260804_060245,1,2026-08-04T06:02:45Z,,,,+0.00000
260804_060300,1,2026-08-04T06:03:00Z,,,,+0.00000
260804_060315,1,2026-08-04T06:03:15Z,,,,+0.00000
260804_060330,1,2026-08-04T06:03:30Z,,,,+0.00000
260804_060345,1,2026-08-04T06:03:45Z,,,,+0.00000
260804_060400,1,2026-08-04T06:04:00Z,,,,+0.00000
260804_060415,1,2026-08-04T06:04:15Z,-0.03025,-0.03025,0.9939,+0.00000
260804_060430,1,2026-08-04T06:04:30Z,,,,+0.00000
260804_060445,1,2026-08-04T06:04:45Z,,,,+0.00000
260804_060500,1,2026-08-04T06:05:00Z,,,,+0.00000
260804_060515,1,2026-08-04T06:05:15Z,,,,+0.00000
260804_060530,1,2026-08-04T06:05:30Z,,,,+0.00000
260804_060545,1,2026-08-04T06:05:45Z,,,,+0.00000
260804_060600,1,2026-08-04T06:06:00Z,,,,+0.00000
260804_060615,1,2026-08-04T06:06:15Z,,,,+0.00000
260804_060630,1,2026-08-04T06:06:30Z,,,,+0.00000
260804_060645,1,2026-08-04T06:06:45Z,-0.02408,-0.02408,0.9966,+0.00000
260804_060700,1,2026-08-04T06:07:00Z,,,,+0.00000
260804_060715,1,2026-08-04T06:07:15Z,,,,+0.00000
260804_060730,1,2026-08-04T06:07:30Z,,,,+0.00000
260804_060745,1,2026-08-04T06:07:45Z,,,,+0.00000
260804_060800,1,2026-08-04T06:08:00Z,,,,+0.00000
260804_060815,1,2026-08-04T06:08:15Z,,,,+0.00000
260804_060830,1,2026-08-04T06:08:30Z,,,,+0.00000
260804_060845,1,2026-08-04T06:08:45Z,,,,+0.00000
260804_060900,1,2026-08-04T06:09:00Z,,,,+0.00000
260804_060915,1,2026-08-04T06:09:15Z,-0.00708,-0.00708,0.9942,+0.00000
260804_060930,1,2026-08-04T06:09:30Z,,,,+0.00000
260804_060945,1,2026-08-04T06:09:45Z,,,,+0.00000
260804_061000,1,2026-08-04T06:10:00Z,,,,+0.00000
260804_061015,1,2026-08-04T06:10:15Z,,,,+0.00000
260804_061030,1,2026-08-04T06:10:30Z,,,,+0.00000
260804_061045,1,2026-08-04T06:10:45Z,,,,+0.00000
260804_061100,1,2026-08-04T06:11:00Z,,,,+0.00000
260804_061115,1,2026-08-04T06:11:15Z,,,,+0.00000
260804_061130,1,2026-08-04T06:11:30Z,,,,+0.00000
260804_061145,1,2026-08-04T06:11:45Z,+0.00592,+0.00592,0.9956,+0.00000
260804_061200,1,2026-08-04T06:12:00Z,,,,+0.00000
260804_061215,1,2026-08-04T06:12:15Z,,,,+0.00000
260804_061230,1,2026-08-04T06:12:30Z,,,,+0.00000
260804_061245,1,2026-08-04T06:12:45Z,,,,+0.00000
260804_061300,1,2026-08-04T06:13:00Z,,,,+0.00000
260804_061315,1,2026-08-04T06:13:15Z,,,,+0.00000
260804_061330,1,2026-08-04T06:13:30Z,,,,+0.00000
260804_061345,1,2026-08-04T06:13:45Z,,,,+0.00000
260804_061400,1,2026-08-04T06:14:00Z,,,,+0.00000
260804_061415,1,2026-08-04T06:14:15Z,-0.03183,-0.03183,0.9944,+0.00000
260804_061430,1,2026-08-04T06:14:30Z,,,,+0.00000
260804_061445,1,2026-08-04T06:14:45Z,,,,+0.00000
260804_061500,1,2026-08-04T06:15:00Z,,,,+0.00000
260804_061515,1,2026-08-04T06:15:15Z,,,,+0.00000
260804_061530,1,2026-08-04T06:15:30Z,,,,+0.00000
260804_061545,1,2026-08-04T06:15:45Z,,,,+0.00000
260804_061600,1,2026-08-04T06:16:00Z,,,,+0.00000
260804_061615,1,2026-08-04T06:16:15Z,,,,+0.00000
260804_061630,1,2026-08-04T06:16:30Z,,,,+0.00000
260804_061645,1,2026-08-04T06:16:45Z,-0.02325,-0.02324,0.9900,+0.00000
260804_061700,1,2026-08-04T06:17:00Z,,,,+0.00000
260804_061715,1,2026-08-04T06:17:15Z,,,,+0.00000
260804_061730,1,2026-08-04T06:17:30Z,,,,+0.00000
260804_061745,1,2026-08-04T06:17:45Z,,,,+0.00000
260804_061800,1,2026-08-04T06:18:00Z,,,,+0.00000
260804_061815,1,2026-08-04T06:18:15Z,,,,+0.00000
260804_061830,1,2026-08-04T06:18:30Z,,,,+0.00000
260804_061845,1,2026-08-04T06:18:45Z,,,,+0.00000
260804_061900,1,2026-08-04T06:19:00Z,,,,+0.00000
260804_061915,1,2026-08-04T06:19:15Z,-0.01017,-0.01016,0.9970,+0.00000
260804_061930,1,2026-08-04T06:19:30Z,,,,+0.00000
260804_061945,1,2026-08-04T06:19:45Z,,,,+0.00000
260804_062000,1,2026-08-04T06:20:00Z,,,,+0.00000
260804_062015,1,2026-08-04T06:20:15Z,,,,+0.00000
260804_062030,1,2026-08-04T06:20:30Z,,,,+0.00000
260804_062045,1,2026-08-04T06:20:45Z,,,,+0.00000
260804_062100,1,2026-08-04T06:21:00Z,,,,+0.00000
260804_062115,1,2026-08-04T06:21:15Z,,,,+0.00000
260804_062130,1,2026-08-04T06:21:30Z,,,,+0.00000
260804_062145,1,2026-08-04T06:21:45Z,-0.00308,-0.00308,0.9938,+0.00000
260804_062200,1,2026-08-04T06:22:00Z,,,,+0.00000
260804_062215,1,2026-08-04T06:22:15Z,,,,+0.00000
260804_062230,1,2026-08-04T06:22:30Z,,,,+0.00000
260804_062245,1,2026-08-04T06:22:45Z,,,,+0.00000
260804_062300,1,2026-08-04T06:23:00Z,,,,+0.00000
260804_062315,1,2026-08-04T06:23:15Z,,,,+0.00000
260804_062330,1,2026-08-04T06:23:30Z,,,,+0.00000
260804_062345,1,2026-08-04T06:23:45Z,,,,+0.00000
260804_062400,1,2026-08-04T06:24:00Z,,,,+0.00000
260804_062415,1,2026-08-04T06:24:15Z,-0.00025,-0.00024,0.9935,+0.00000
260804_062430,1,2026-08-04T06:24:30Z,,,,+0.00000
260804_062445,1,2026-08-04T06:24:45Z,,,,+0.00000
260804_062500,1,2026-08-04T06:25:00Z,,,,+0.00000
260804_062515,1,2026-08-04T06:25:15Z,,,,+0.00000
260804_062530,1,2026-08-04T06:25:30Z,,,,+0.00000
260804_062545,1,2026-08-04T06:25:45Z,,,,+0.00000
260804_062600,1,2026-08-04T06:26:00Z,,,,+0.00000
260804_062615,1,2026-08-04T06:26:15Z,,,,+0.00000
260804_062630,1,2026-08-04T06:26:30Z,,,,+0.00000
260804_062645,1,2026-08-04T06:26:45Z,-0.03700,-0.03699,0.9934,+0.00000
260804_062700,1,2026-08-04T06:27:00Z,,,,+0.00000
260804_062715,1,2026-08-04T06:27:15Z,,,,+0.00000
260804_062730,1,2026-08-04T06:27:30Z,,,,+0.00000
260804_062745,1,2026-08-04T06:27:45Z,,,,+0.00000
260804_062800,1,2026-08-04T06:28:00Z,,,,+0.00000
260804_062815,1,2026-08-04T06:28:15Z,,,,+0.00000
260804_062830,1,2026-08-04T06:28:30Z,,,,+0.00000
260804_062845,1,2026-08-04T06:28:45Z,,,,+0.00000
260804_062900,1,2026-08-04T06:29:00Z,,,,+0.00000
260804_062915,1,2026-08-04T06:29:15Z,-0.02883,-0.02883,0.9933,+0.00000
260804_062930,1,2026-08-04T06:29:30Z,,,,+0.00000
260804_062945,1,2026-08-04T06:29:45Z,,,,+0.00000
260804_063000,1,2026-08-04T06:30:00Z,,,,+0.00000
260804_063015,1,2026-08-04T06:30:15Z,,,,+0.00000
260804_063030,1,2026-08-04T06:30:30Z,,,,+0.00000
260804_063045,1,2026-08-04T06:30:45Z,,,,+0.00000
260804_063100,1,2026-08-04T06:31:00Z,,,,+0.00000
260804_063115,1,2026-08-04T06:31:15Z,,,,+0.00000
260804_063130,1,2026-08-04T06:31:30Z,,,,+0.00000
260804_063145,1,2026-08-04T06:31:45Z,-0.01392,-0.01391,0.9910,+0.00000
260804_063200,1,2026-08-04T06:32:00Z,,,,+0.00000
260804_063215,1,2026-08-04T06:32:15Z,,,,+0.00000
260804_063230,1,2026-08-04T06:32:30Z,,,,+0.00000
260804_063245,1,2026-08-04T06:32:45Z,,,,+0.00000
260804_063300,1,2026-08-04T06:33:00Z,,,,+0.00000
260804_063315,1,2026-08-04T06:33:15Z,,,,+0.00000
260804_063330,1,2026-08-04T06:33:30Z,,,,+0.00000
260804_063345,1,2026-08-04T06:33:45Z,,,,+0.00000
260804_063400,1,2026-08-04T06:34:00Z,,,,+0.00000
260804_063415,1,2026-08-04T06:34:15Z,-0.01242,-0.01241,0.9928,+0.00000
260804_063430,1,2026-08-04T06:34:30Z,,,,+0.00000
260804_063445,1,2026-08-04T06:34:45Z,,,,+0.00000
260804_063500,1,2026-08-04T06:35:00Z,,,,+0.00000
260804_063515,1,2026-08-04T06:35:15Z,,,,+0.00000
260804_063530,1,2026-08-04T06:35:30Z,,,,+0.00000
260804_063545,1,2026-08-04T06:35:45Z,,,,+0.00000
260804_063600,1,2026-08-04T06:36:00Z,,,,+0.00000
260804_063615,1,2026-08-04T06:36:15Z,,,,+0.00000
260804_063630,1,2026-08-04T06:36:30Z,,,,+0.00000
260804_063645,1,2026-08-04T06:36:45Z,-0.00083,-0.00083,0.9910,+0.00000
260804_063700,1,2026-08-04T06:37:00Z,,,,+0.00000
260804_063715,1,2026-08-04T06:37:15Z,,,,+0.00000
260804_063730,1,2026-08-04T06:37:30Z,,,,+0.00000
260804_063745,1,2026-08-04T06:37:45Z,,,,+0.00000
260804_063800,1,2026-08-04T06:38:00Z,,,,+0.00000
260804_063815,1,2026-08-04T06:38:15Z,,,,+0.00000
260804_063830,1,2026-08-04T06:38:30Z,,,,+0.00000
260804_063845,1,2026-08-04T06:38:45Z,,,,+0.00000
260804_063900,1,2026-08-04T06:39:00Z,,,,+0.00000
260804_063915,1,2026-08-04T06:39:15Z,+0.00533,+0.00534,0.9944,+0.00000
260804_063930,1,2026-08-04T06:39:30Z,,,,+0.00000
260804_063945,1,2026-08-04T06:39:45Z,,,,+0.00000
260804_064000,1,2026-08-04T06:40:00Z,,,,+0.00000
260804_064015,1,2026-08-04T06:40:15Z,,,,+0.00000
260804_064030,1,2026-08-04T06:40:30Z,,,,+0.00000
260804_064045,1,2026-08-04T06:40:45Z,,,,+0.00000
260804_064100,1,2026-08-04T06:41:00Z,,,,+0.00000
260804_064115,1,2026-08-04T06:41:15Z,,,,+0.00000
260804_064130,1,2026-08-04T06:41:30Z,,,,+0.00000
260804_064145,1,2026-08-04T06:41:45Z,-0.02608,-0.02608,0.9981,+0.00000
260804_064200,1,2026-08-04T06:42:00Z,,,,+0.00000
260804_064215,1,2026-08-04T06:42:15Z,,,,+0.00000
260804_064230,1,2026-08-04T06:42:30Z,,,,+0.00000
260804_064245,1,2026-08-04T06:42:45Z,,,,+0.00000
260804_064300,1,2026-08-04T06:43:00Z,,,,+0.00000
260804_064315,1,2026-08-04T06:43:15Z,,,,+0.00000
260804_064330,1,2026-08-04T06:43:30Z,,,,+0.00000
260804_064345,1,2026-08-04T06:43:45Z,,,,+0.00000
260804_064400,1,2026-08-04T06:44:00Z,,,,+0.00000
260804_064415,1,2026-08-04T06:44:15Z,-0.02358,-0.02357,0.9890,+0.00000
260804_064430,1,2026-08-04T06:44:30Z,,,,+0.00000
260804_064445,1,2026-08-04T06:44:45Z,,,,+0.00000
260804_064500,1,2026-08-04T06:45:00Z,,,,+0.00000
260804_064515,1,2026-08-04T06:45:15Z,,,,+0.00000
260804_064530,1,2026-08-04T06:45:30Z,,,,+0.00000
260804_064545,1,2026-08-04T06:45:45Z,,,,+0.00000
260804_064600,1,2026-08-04T06:46:00Z,,,,+0.00000
260804_064615,1,2026-08-04T06:46:15Z,,,,+0.00000
260804_064630,1,2026-08-04T06:46:30Z,,,,+0.00000
260804_064645,1,2026-08-04T06:46:45Z,-0.01883,-0.01883,0.9862,+0.00000
260804_064700,1,2026-08-04T06:47:00Z,,,,+0.00000
260804_064715,1,2026-08-04T06:47:15Z,,,,+0.00000
260804_064730,1,2026-08-04T06:47:30Z,,,,+0.00000
260804_064745,1,2026-08-04T06:47:45Z,,,,+0.00000
260804_064800,1,2026-08-04T06:48:00Z,,,,+0.00000
260804_064815,1,2026-08-04T06:48:15Z,,,,+0.00000
260804_064830,1,2026-08-04T06:48:30Z,,,,+0.00000
260804_064845,1,2026-08-04T06:48:45Z,,,,+0.00000
260804_064900,1,2026-08-04T06:49:00Z,,,,+0.00000
260804_064915,1,2026-08-04T06:49:15Z,-0.01192,-0.01191,0.9881,+0.00000
260804_064930,1,2026-08-04T06:49:30Z,,,,+0.00000
260804_064945,1,2026-08-04T06:49:45Z,,,,+0.00000
260804_065000,1,2026-08-04T06:50:00Z,,,,+0.00000
260804_065015,1,2026-08-04T06:50:15Z,,,,+0.00000
260804_065030,1,2026-08-04T06:50:30Z,,,,+0.00000
260804_065045,1,2026-08-04T06:50:45Z,,,,+0.00000
260804_065100,1,2026-08-04T06:51:00Z,,,,+0.00000
260804_065115,1,2026-08-04T06:51:15Z,,,,+0.00000
260804_065130,1,2026-08-04T06:51:30Z,,,,+0.00000
260804_065145,1,2026-08-04T06:51:45Z,-0.00358,-0.00358,0.9962,+0.00000
260804_065200,1,2026-08-04T06:52:00Z,,,,+0.00000
260804_065215,1,2026-08-04T06:52:15Z,,,,+0.00000
260804_065230,1,2026-08-04T06:52:30Z,,,,+0.00000
260804_065245,1,2026-08-04T06:52:45Z,,,,+0.00000
260804_065300,1,2026-08-04T06:53:00Z,,,,+0.00000
260804_065315,1,2026-08-04T06:53:15Z,,,,+0.00000
260804_065330,1,2026-08-04T06:53:30Z,,,,+0.00000
260804_065345,1,2026-08-04T06:53:45Z,,,,+0.00000
260804_065400,1,2026-08-04T06:54:00Z,,,,+0.00000
260804_065415,1,2026-08-04T06:54:15Z,-0.03325,-0.03324,0.9829,+0.00000
260804_065430,1,2026-08-04T06:54:30Z,,,,+0.00000
260804_065445,1,2026-08-04T06:54:45Z,,,,+0.00000
260804_065500,1,2026-08-04T06:55:00Z,,,,+0.00000
260804_065515,1,2026-08-04T06:55:15Z,,,,+0.00000
260804_065530,1,2026-08-04T06:55:30Z,,,,+0.00000
260804_065545,1,2026-08-04T06:55:45Z,,,,+0.00000
260804_065600,1,2026-08-04T06:56:00Z,,,,+0.00000
260804_065615,1,2026-08-04T06:56:15Z,,,,+0.00000
260804_065630,1,2026-08-04T06:56:30Z,,,,+0.00000
260804_065645,1,2026-08-04T06:56:45Z,-0.02767,-0.02766,0.9923,+0.00000
260804_065700,1,2026-08-04T06:57:00Z,,,,+0.00000
260804_065715,1,2026-08-04T06:57:15Z,,,,+0.00000
260804_065730,1,2026-08-04T06:57:30Z,,,,+0.00000
260804_065745,1,2026-08-04T06:57:45Z,,,,+0.00000
260804_065800,1,2026-08-04T06:58:00Z,,,,+0.00000
260804_065815,1,2026-08-04T06:58:15Z,,,,+0.00000
260804_065830,1,2026-08-04T06:58:30Z,,,,+0.00000
260804_065845,1,2026-08-04T06:58:45Z,,,,+0.00000
260804_065900,1,2026-08-04T06:59:00Z,,,,+0.00000
260804_065915,1,2026-08-04T06:59:15Z,-0.03308,-0.03308,0.9912,+0.00000
260804_065930,1,2026-08-04T06:59:30Z,,,,+0.00000
260804_065945,1,2026-08-04T06:59:45Z,,,,+0.00000
260804_070000,1,2026-08-04T07:00:00Z,,,,+0.00000
260804_070015,1,2026-08-04T07:00:15Z,,,,+0.00000
260804_070030,1,2026-08-04T07:00:30Z,,,,+0.00000
260804_070045,1,2026-08-04T07:00:45Z,,,,+0.00000
260804_070100,1,2026-08-04T07:01:00Z,,,,+0.00000
260804_070115,1,2026-08-04T07:01:15Z,,,,+0.00000
260804_070130,1,2026-08-04T07:01:30Z,,,,+0.00000
260804_070145,1,2026-08-04T07:01:45Z,-0.01967,-0.01966,0.9852,+0.00000
260804_070200,1,2026-08-04T07:02:00Z,,,,+0.00000
260804_070215,1,2026-08-04T07:02:15Z,,,,+0.00000
260804_070230,1,2026-08-04T07:02:30Z,,,,+0.00000
260804_070245,1,2026-08-04T07:02:45Z,,,,+0.00000
260804_070300,1,2026-08-04T07:03:00Z,,,,+0.00000
260804_070315,1,2026-08-04T07:03:15Z,,,,+0.00000
260804_070330,1,2026-08-04T07:03:30Z,,,,+0.00000
260804_070345,1,2026-08-04T07:03:45Z,,,,+0.00000
260804_070400,1,2026-08-04T07:04:00Z,,,,+0.00000
260804_070415,1,2026-08-04T07:04:15Z,-0.01725,-0.01724,0.9923,+0.00000
260804_070430,1,2026-08-04T07:04:30Z,,,,+0.00000
260804_070445,1,2026-08-04T07:04:45Z,,,,+0.00000
260804_070500,1,2026-08-04T07:05:00Z,,,,+0.00000
260804_070515,1,2026-08-04T07:05:15Z,,,,+0.00000
260804_070530,1,2026-08-04T07:05:30Z,,,,+0.00000
260804_070545,1,2026-08-04T07:05:45Z,,,,+0.00000
260804_070600,1,2026-08-04T07:06:00Z,,,,+0.00000
260804_070615,1,2026-08-04T07:06:15Z,,,,+0.00000
260804_070630,1,2026-08-04T07:06:30Z,,,,+0.00000
260804_070645,1,2026-08-04T07:06:45Z,-0.01083,-0.01083,0.9848,+0.00000
260804_070700,1,2026-08-04T07:07:00Z,,,,+0.00000
260804_070715,1,2026-08-04T07:07:15Z,,,,+0.00000
260804_070730,1,2026-08-04T07:07:30Z,,,,+0.00000
260804_070745,1,2026-08-04T07:07:45Z,,,,+0.00000
260804_070800,1,2026-08-04T07:08:00Z,,,,+0.00000
260804_070815,1,2026-08-04T07:08:15Z,,,,+0.00000
260804_070830,1,2026-08-04T07:08:30Z,,,,+0.00000
260804_070845,1,2026-08-04T07:08:45Z,,,,+0.00000
260804_070900,1,2026-08-04T07:09:00Z,,,,+0.00000
260804_070915,1,2026-08-04T07:09:15Z,-0.00025,-0.00024,0.9915,+0.00000
260804_070930,1,2026-08-04T07:09:30Z,,,,+0.00000
260804_070945,1,2026-08-04T07:09:45Z,,,,+0.00000
260804_071000,1,2026-08-04T07:10:00Z,,,,+0.00000
260804_071015,1,2026-08-04T07:10:15Z,,,,+0.00000
260804_071030,1,2026-08-04T07:10:30Z,,,,+0.00000
260804_071045,1,2026-08-04T07:10:45Z,,,,+0.00000
260804_071100,1,2026-08-04T07:11:00Z,,,,+0.00000
260804_071115,1,2026-08-04T07:11:15Z,,,,+0.00000
260804_071130,1,2026-08-04T07:11:30Z,,,,+0.00000
260804_071145,1,2026-08-04T07:11:45Z,-0.03800,-0.03799,0.9856,+0.00000
260804_071200,1,2026-08-04T07:12:00Z,,,,+0.00000
260804_071215,1,2026-08-04T07:12:15Z,,,,+0.00000
260804_071230,1,2026-08-04T07:12:30Z,,,,+0.00000
260804_071245,1,2026-08-04T07:12:45Z,,,,+0.00000
260804_071300,1,2026-08-04T07:13:00Z,,,,+0.00000
260804_071315,1,2026-08-04T07:13:15Z,,,,+0.00000
260804_071330,1,2026-08-04T07:13:30Z,,,,+0.00000
260804_071345,1,2026-08-04T07:13:45Z,,,,+0.00000
260804_071400,1,2026-08-04T07:14:00Z,,,,+0.00000
260804_071415,1,2026-08-04T07:14:15Z,-0.02417,-0.02416,0.9921,+0.00000
260804_071430,1,2026-08-04T07:14:30Z,,,,+0.00000
260804_071445,1,2026-08-04T07:14:45Z,,,,+0.00000
260804_071500,1,2026-08-04T07:15:00Z,,,,+0.00000
260804_071515,1,2026-08-04T07:15:15Z,,,,+0.00000
260804_071530,1,2026-08-04T07:15:30Z,,,,+0.00000
260804_071545,1,2026-08-04T07:15:45Z,,,,+0.00000
260804_071600,1,2026-08-04T07:16:00Z,,,,+0.00000
260804_071615,1,2026-08-04T07:16:15Z,,,,+0.00000
260804_071630,1,2026-08-04T07:16:30Z,,,,+0.00000
260804_071645,1,2026-08-04T07:16:45Z,-0.02158,-0.02158,0.9920,+0.00000
260804_071700,1,2026-08-04T07:17:00Z,,,,+0.00000
260804_071715,1,2026-08-04T07:17:15Z,,,,+0.00000
260804_071730,1,2026-08-04T07:17:30Z,,,,+0.00000
260804_071745,1,2026-08-04T07:17:45Z,,,,+0.00000
260804_071800,1,2026-08-04T07:18:00Z,,,,+0.00000
260804_071815,1,2026-08-04T07:18:15Z,,,,+0.00000
260804_071830,1,2026-08-04T07:18:30Z,,,,+0.00000
260804_071845,1,2026-08-04T07:18:45Z,,,,+0.00000
260804_071900,1,2026-08-04T07:19:00Z,,,,+0.00000
260804_071915,1,2026-08-04T07:19:15Z,-0.01525,-0.01524,0.9921,+0.00000
260804_071930,1,2026-08-04T07:19:30Z,,,,+0.00000
260804_071945,1,2026-08-04T07:19:45Z,,,,+0.00000
260804_072000,1,2026-08-04T07:20:00Z,,,,+0.00000
260804_072015,1,2026-08-04T07:20:15Z,,,,+0.00000
260804_072030,1,2026-08-04T07:20:30Z,,,,+0.00000
260804_072045,1,2026-08-04T07:20:45Z,,,,+0.00000
260804_072100,1,2026-08-04T07:21:00Z,,,,+0.00000
260804_072115,1,2026-08-04T07:21:15Z,,,,+0.00000
260804_072130,1,2026-08-04T07:21:30Z,,,,+0.00000
260804_072145,1,2026-08-04T07:21:45Z,-0.00642,-0.00641,0.9928,+0.00000
260804_072200,1,2026-08-04T07:22:00Z,,,,+0.00000
260804_072215,1,2026-08-04T07:22:15Z,,,,+0.00000
260804_072230,1,2026-08-04T07:22:30Z,,,,+0.00000
260804_072245,1,2026-08-04T07:22:45Z,,,,+0.00000
260804_072300,1,2026-08-04T07:23:00Z,,,,+0.00000
260804_072315,1,2026-08-04T07:23:15Z,,,,+0.00000
260804_072330,1,2026-08-04T07:23:30Z,,,,+0.00000
260804_072345,1,2026-08-04T07:23:45Z,,,,+0.00000
260804_072400,1,2026-08-04T07:24:00Z,,,,+0.00000
260804_072415,1,2026-08-04T07:24:15Z,+0.00150,+0.00151,0.9942,+0.00000
260804_072430,1,2026-08-04T07:24:30Z,,,,+0.00000
260804_072445,1,2026-08-04T07:24:45Z,,,,+0.00000
260804_072500,1,2026-08-04T07:25:00Z,,,,+0.00000
260804_072515,1,2026-08-04T07:25:15Z,,,,+0.00000
260804_072530,1,2026-08-04T07:25:30Z,,,,+0.00000
260804_072545,1,2026-08-04T07:25:45Z,,,,+0.00000
260804_072600,1,2026-08-04T07:26:00Z,,,,+0.00000
260804_072615,1,2026-08-04T07:26:15Z,,,,+0.00000
260804_072630,1,2026-08-04T07:26:30Z,,,,+0.00000
260804_072645,1,2026-08-04T07:26:45Z,-0.03133,-0.03133,0.9979,+0.00000
260804_072700,1,2026-08-04T07:27:00Z,,,,+0.00000
260804_072715,1,2026-08-04T07:27:15Z,,,,+0.00000
260804_072730,1,2026-08-04T07:27:30Z,,,,+0.00000
260804_072745,1,2026-08-04T07:27:45Z,,,,+0.00000
260804_072800,1,2026-08-04T07:28:00Z,,,,+0.00000
260804_072815,1,2026-08-04T07:28:15Z,,,,+0.00000
260804_072830,1,2026-08-04T07:28:30Z,,,,+0.00000
260804_072845,1,2026-08-04T07:28:45Z,,,,+0.00000
260804_072900,1,2026-08-04T07:29:00Z,,,,+0.00000
260804_072915,1,2026-08-04T07:29:15Z,-0.02408,-0.02408,0.9856,+0.00000
260804_072930,1,2026-08-04T07:29:30Z,,,,+0.00000
260804_072945,1,2026-08-04T07:29:45Z,,,,+0.00000
260804_073000,1,2026-08-04T07:30:00Z,,,,+0.00000
260804_073015,1,2026-08-04T07:30:15Z,,,,+0.00000
260804_073030,1,2026-08-04T07:30:30Z,,,,+0.00000
260804_073045,1,2026-08-04T07:30:45Z,,,,+0.00000
260804_073100,1,2026-08-04T07:31:00Z,,,,+0.00000
260804_073115,1,2026-08-04T07:31:15Z,,,,+0.00000
260804_073130,1,2026-08-04T07:31:30Z,,,,+0.00000
260804_073145,1,2026-08-04T07:31:45Z,-0.01517,-0.01516,0.9901,+0.00000
260804_073200,1,2026-08-04T07:32:00Z,,,,+0.00000
260804_073215,1,2026-08-04T07:32:15Z,,,,+0.00000
260804_073230,1,2026-08-04T07:32:30Z,,,,+0.00000
260804_073245,1,2026-08-04T07:32:45Z,,,,+0.00000
260804_073300,1,2026-08-04T07:33:00Z,,,,+0.00000
260804_073315,1,2026-08-04T07:33:15Z,,,,+0.00000
260804_073330,1,2026-08-04T07:33:30Z,,,,+0.00000
260804_073345,1,2026-08-04T07:33:45Z,,,,+0.00000
260804_073400,1,2026-08-04T07:34:00Z,,,,+0.00000
260804_073415,1,2026-08-04T07:34:15Z,-0.01367,-0.01366,0.9846,+0.00000
260804_073430,1,2026-08-04T07:34:30Z,,,,+0.00000
260804_073445,1,2026-08-04T07:34:45Z,,,,+0.00000
260804_073500,1,2026-08-04T07:35:00Z,,,,+0.00000
260804_073515,1,2026-08-04T07:35:15Z,,,,+0.00000
260804_073530,1,2026-08-04T07:35:30Z,,,,+0.00000
260804_073545,1,2026-08-04T07:35:45Z,,,,+0.00000
260804_073600,1,2026-08-04T07:36:00Z,,,,+0.00000
260804_073615,1,2026-08-04T07:36:15Z,,,,+0.00000
260804_073630,1,2026-08-04T07:36:30Z,,,,+0.00000
260804_073645,1,2026-08-04T07:36:45Z,+0.00225,+0.00226,0.9880,+0.00000
260804_073700,1,2026-08-04T07:37:00Z,,,,+0.00000
260804_073715,1,2026-08-04T07:37:15Z,,,,+0.00000
260804_073730,1,2026-08-04T07:37:30Z,,,,+0.00000
260804_073745,1,2026-08-04T07:37:45Z,,,,+0.00000
260804_073800,1,2026-08-04T07:38:00Z,,,,+0.00000
260804_073815,1,2026-08-04T07:38:15Z,,,,+0.00000
260804_073830,1,2026-08-04T07:38:30Z,,,,+0.00000
260804_073845,1,2026-08-04T07:38:45Z,,,,+0.00000
260804_073900,1,2026-08-04T07:39:00Z,,,,+0.00000
260804_073915,1,2026-08-04T07:39:15Z,-0.03050,-0.03049,0.9897,+0.00000
260804_073930,1,2026-08-04T07:39:30Z,,,,+0.00000
260804_073945,1,2026-08-04T07:39:45Z,,,,+0.00000
260804_074000,1,2026-08-04T07:40:00Z,,,,+0.00000
260804_074015,1,2026-08-04T07:40:15Z,,,,+0.00000
260804_074030,1,2026-08-04T07:40:30Z,,,,+0.00000
260804_074045,1,2026-08-04T07:40:45Z,,,,+0.00000
260804_074100,1,2026-08-04T07:41:00Z,,,,+0.00000
260804_074115,1,2026-08-04T07:41:15Z,,,,+0.00000
260804_074130,1,2026-08-04T07:41:30Z,,,,+0.00000
260804_074145,1,2026-08-04T07:41:45Z,-0.02667,-0.02666,0.9880,+0.00000
260804_074200,1,2026-08-04T07:42:00Z,,,,+0.00000
260804_074215,1,2026-08-04T07:42:15Z,,,,+0.00000
260804_074230,1,2026-08-04T07:42:30Z,,,,+0.00000
260804_074245,1,2026-08-04T07:42:45Z,,,,+0.00000
260804_074300,1,2026-08-04T07:43:00Z,,,,+0.00000
260804_074315,1,2026-08-04T07:43:15Z,,,,+0.00000
260804_074330,1,2026-08-04T07:43:30Z,,,,+0.00000
260804_074345,1,2026-08-04T07:43:45Z,,,,+0.00000
260804_074400,1,2026-08-04T07:44:00Z,,,,+0.00000
260804_074415,1,2026-08-04T07:44:15Z,-0.02375,-0.02374,0.9840,+0.00000
260804_074430,1,2026-08-04T07:44:30Z,,,,+0.00000
260804_074445,1,2026-08-04T07:44:45Z,,,,+0.00000
260804_074500,1,2026-08-04T07:45:00Z,,,,+0.00000
260804_074515,1,2026-08-04T07:45:15Z,,,,+0.00000
260804_074530,1,2026-08-04T07:45:30Z,,,,+0.00000
260804_074545,1,2026-08-04T07:45:45Z,,,,+0.00000
260804_074600,1,2026-08-04T07:46:00Z,,,,+0.00000
260804_074615,1,2026-08-04T07:46:15Z,,,,+0.00000
260804_074630,1,2026-08-04T07:46:30Z,,,,+0.00000
260804_074645,1,2026-08-04T07:46:45Z,-0.01308,-0.01308,0.9978,+0.00000
260804_074700,1,2026-08-04T07:47:00Z,,,,+0.00000
260804_074715,1,2026-08-04T07:47:15Z,,,,+0.00000
260804_074730,1,2026-08-04T07:47:30Z,,,,+0.00000
260804_074745,1,2026-08-04T07:47:45Z,,,,+0.00000
260804_074800,1,2026-08-04T07:48:00Z,,,,+0.00000
260804_074815,1,2026-08-04T07:48:15Z,,,,+0.00000
260804_074830,1,2026-08-04T07:48:30Z,,,,+0.00000
260804_074845,1,2026-08-04T07:48:45Z,,,,+0.00000
260804_074900,1,2026-08-04T07:49:00Z,,,,+0.00000
260804_074915,1,2026-08-04T07:49:15Z,-0.01475,-0.01474,0.9859,+0.00000
260804_074930,1,2026-08-04T07:49:30Z,,,,+0.00000
260804_074945,1,2026-08-04T07:49:45Z,,,,+0.00000
260804_075000,1,2026-08-04T07:50:00Z,,,,+0.00000
260804_075015,1,2026-08-04T07:50:15Z,,,,+0.00000
260804_075030,1,2026-08-04T07:50:30Z,,,,+0.00000
260804_075045,1,2026-08-04T07:50:45Z,,,,+0.00000
260804_075100,1,2026-08-04T07:51:00Z,,,,+0.00000
260804_075115,1,2026-08-04T07:51:15Z,,,,+0.00000
260804_075130,1,2026-08-04T07:51:30Z,,,,+0.00000
260804_075145,1,2026-08-04T07:51:45Z,-0.01342,-0.01341,0.9859,+0.00000
260804_075200,1,2026-08-04T07:52:00Z,,,,+0.00000
260804_075215,1,2026-08-04T07:52:15Z,,,,+0.00000
260804_075230,1,2026-08-04T07:52:30Z,,,,+0.00000
260804_075245,1,2026-08-04T07:52:45Z,,,,+0.00000
260804_075300,1,2026-08-04T07:53:00Z,,,,+0.00000
260804_075315,1,2026-08-04T07:53:15Z,,,,+0.00000
260804_075330,1,2026-08-04T07:53:30Z,,,,+0.00000
260804_075345,1,2026-08-04T07:53:45Z,,,,+0.00000
260804_075400,1,2026-08-04T07:54:00Z,,,,+0.00000
260804_075415,1,2026-08-04T07:54:15Z,-0.00025,-0.00024,0.9833,+0.00000
260804_075430,1,2026-08-04T07:54:30Z,,,,+0.00000
260804_075445,1,2026-08-04T07:54:45Z,,,,+0.00000
260804_075500,1,2026-08-04T07:55:00Z,,,,+0.00000
260804_075515,1,2026-08-04T07:55:15Z,,,,+0.00000
260804_075530,1,2026-08-04T07:55:30Z,,,,+0.00000
260804_075545,1,2026-08-04T07:55:45Z,,,,+0.00000
260804_075600,1,2026-08-04T07:56:00Z,,,,+0.00000
260804_075615,1,2026-08-04T07:56:15Z,,,,+0.00000
260804_075630,1,2026-08-04T07:56:30Z,,,,+0.00000
260804_075645,1,2026-08-04T07:56:45Z,+0.00158,+0.00159,0.9847,+0.00000
260804_075700,1,2026-08-04T07:57:00Z,,,,+0.00000
260804_075715,1,2026-08-04T07:57:15Z,,,,+0.00000
260804_075730,1,2026-08-04T07:57:30Z,,,,+0.00000
260804_075745,1,2026-08-04T07:57:45Z,,,,+0.00000
260804_075800,1,2026-08-04T07:58:00Z,,,,+0.00000
260804_075815,1,2026-08-04T07:58:15Z,,,,+0.00000
260804_075830,1,2026-08-04T07:58:30Z,,,,+0.00000
260804_075845,1,2026-08-04T07:58:45Z,,,,+0.00000
260804_075900,1,2026-08-04T07:59:00Z,,,,+0.00000
260804_075915,1,2026-08-04T07:59:15Z,-0.02617,-0.02616,0.9912,+0.00000
260804_075930,1,2026-08-04T07:59:30Z,,,,+0.00000
260804_075945,1,2026-08-04T07:59:45Z,,,,+0.00000
260804_080000,1,2026-08-04T08:00:00Z,,,,+0.00000
260804_080015,1,2026-08-04T08:00:15Z,,,,+0.00000
260804_080030,1,2026-08-04T08:00:30Z,,,,+0.00000
260804_080045,1,2026-08-04T08:00:45Z,,,,+0.00000
260804_080100,1,2026-08-04T08:01:00Z,,,,+0.00000
260804_080115,1,2026-08-04T08:01:15Z,,,,+0.00000
260804_080130,1,2026-08-04T08:01:30Z,,,,+0.00000
260804_080145,1,2026-08-04T08:01:45Z,-0.01908,-0.01908,0.9843,+0.00000
260804_080200,1,2026-08-04T08:02:00Z,,,,+0.00000
260804_080215,1,2026-08-04T08:02:15Z,,,,+0.00000
260804_080230,1,2026-08-04T08:02:30Z,,,,+0.00000
260804_080245,1,2026-08-04T08:02:45Z,,,,+0.00000
260804_080300,1,2026-08-04T08:03:00Z,,,,+0.00000
260804_080315,1,2026-08-04T08:03:15Z,,,,+0.00000
260804_080330,1,2026-08-04T08:03:30Z,,,,+0.00000
260804_080345,1,2026-08-04T08:03:45Z,,,,+0.00000
260804_080400,1,2026-08-04T08:04:00Z,,,,+0.00000
260804_080415,1,2026-08-04T08:04:15Z,-0.01283,-0.01283,0.9894,+0.00000
260804_080430,1,2026-08-04T08:04:30Z,,,,+0.00000
260804_080445,1,2026-08-04T08:04:45Z,,,,+0.00000
260804_080500,1,2026-08-04T08:05:00Z,,,,+0.00000
260804_080515,1,2026-08-04T08:05:15Z,,,,+0.00000
260804_080530,1,2026-08-04T08:05:30Z,,,,+0.00000
260804_080545,1,2026-08-04T08:05:45Z,,,,+0.00000
260804_080600,1,2026-08-04T08:06:00Z,,,,+0.00000
260804_080615,1,2026-08-04T08:06:15Z,,,,+0.00000
260804_080630,1,2026-08-04T08:06:30Z,,,,+0.00000
260804_080645,1,2026-08-04T08:06:45Z,-0.00858,-0.00858,0.9907,+0.00000
260804_080700,1,2026-08-04T08:07:00Z,,,,+0.00000
260804_080715,1,2026-08-04T08:07:15Z,,,,+0.00000
260804_080730,1,2026-08-04T08:07:30Z,,,,+0.00000
260804_080745,1,2026-08-04T08:07:45Z,,,,+0.00000
260804_080800,1,2026-08-04T08:08:00Z,,,,+0.00000
260804_080815,1,2026-08-04T08:08:15Z,,,,+0.00000
260804_080830,1,2026-08-04T08:08:30Z,,,,+0.00000
260804_080845,1,2026-08-04T08:08:45Z,,,,+0.00000
260804_080900,1,2026-08-04T08:09:00Z,,,,+0.00000
260804_080915,1,2026-08-04T08:09:15Z,+0.00208,+0.00209,0.9853,+0.00000
260804_080930,1,2026-08-04T08:09:30Z,,,,+0.00000
260804_080945,1,2026-08-04T08:09:45Z,,,,+0.00000
260804_081000,1,2026-08-04T08:10:00Z,,,,+0.00000
260804_081015,1,2026-08-04T08:10:15Z,,,,+0.00000
260804_081030,1,2026-08-04T08:10:30Z,,,,+0.00000
260804_081045,1,2026-08-04T08:10:45Z,,,,+0.00000
260804_081100,1,2026-08-04T08:11:00Z,,,,+0.00000
260804_081115,1,2026-08-04T08:11:15Z,,,,+0.00000
260804_081130,1,2026-08-04T08:11:30Z,,,,+0.00000
260804_081145,1,2026-08-04T08:11:45Z,-0.03275,-0.03274,0.9921,+0.00000
260804_081200,1,2026-08-04T08:12:00Z,,,,+0.00000
260804_081215,1,2026-08-04T08:12:15Z,,,,+0.00000
260804_081230,1,2026-08-04T08:12:30Z,,,,+0.00000
260804_081245,1,2026-08-04T08:12:45Z,,,,+0.00000
260804_081300,1,2026-08-04T08:13:00Z,,,,+0.00000
260804_081315,1,2026-08-04T08:13:15Z,,,,+0.00000
260804_081330,1,2026-08-04T08:13:30Z,,,,+0.00000
260804_081345,1,2026-08-04T08:13:45Z,,,,+0.00000
260804_081400,1,2026-08-04T08:14:00Z,,,,+0.00000
260804_081415,1,2026-08-04T08:14:15Z,-0.02008,-0.02008,0.9773,+0.00000
260804_081430,1,2026-08-04T08:14:30Z,,,,+0.00000
260804_081445,1,2026-08-04T08:14:45Z,,,,+0.00000
260804_081500,1,2026-08-04T08:15:00Z,,,,+0.00000
260804_081515,1,2026-08-04T08:15:15Z,,,,+0.00000
260804_081530,1,2026-08-04T08:15:30Z,,,,+0.00000
260804_081545,1,2026-08-04T08:15:45Z,,,,+0.00000
260804_081600,1,2026-08-04T08:16:00Z,,,,+0.00000
260804_081615,1,2026-08-04T08:16:15Z,,,,+0.00000
260804_081630,1,2026-08-04T08:16:30Z,,,,+0.00000
260804_081645,1,2026-08-04T08:16:45Z,-0.00858,-0.00858,0.9786,+0.00000
260804_081700,1,2026-08-04T08:17:00Z,,,,+0.00000
260804_081715,1,2026-08-04T08:17:15Z,,,,+0.00000
260804_081730,1,2026-08-04T08:17:30Z,,,,+0.00000
260804_081745,1,2026-08-04T08:17:45Z,,,,+0.00000
260804_081800,1,2026-08-04T08:18:00Z,,,,+0.00000
260804_081815,1,2026-08-04T08:18:15Z,,,,+0.00000
260804_081830,1,2026-08-04T08:18:30Z,,,,+0.00000
260804_081845,1,2026-08-04T08:18:45Z,,,,+0.00000
260804_081900,1,2026-08-04T08:19:00Z,,,,+0.00000
260804_081915,1,2026-08-04T08:19:15Z,-0.00600,-0.00599,0.9912,+0.00000
260804_081930,1,2026-08-04T08:19:30Z,,,,+0.00000
260804_081945,1,2026-08-04T08:19:45Z,,,,+0.00000
260804_082000,1,2026-08-04T08:20:00Z,,,,+0.00000
260804_082015,1,2026-08-04T08:20:15Z,,,,+0.00000
260804_082030,1,2026-08-04T08:20:30Z,,,,+0.00000
260804_082045,1,2026-08-04T08:20:45Z,,,,+0.00000
260804_082100,1,2026-08-04T08:21:00Z,,,,+0.00000
260804_082115,1,2026-08-04T08:21:15Z,,,,+0.00000
260804_082130,1,2026-08-04T08:21:30Z,,,,+0.00000
260804_082145,1,2026-08-04T08:21:45Z,-0.03767,-0.03766,0.9771,+0.00000
260804_082200,1,2026-08-04T08:22:00Z,,,,+0.00000
260804_082215,1,2026-08-04T08:22:15Z,,,,+0.00000
260804_082230,1,2026-08-04T08:22:30Z,,,,+0.00000
260804_082245,1,2026-08-04T08:22:45Z,,,,+0.00000
260804_082300,1,2026-08-04T08:23:00Z,,,,+0.00000
260804_082315,1,2026-08-04T08:23:15Z,,,,+0.00000
260804_082330,1,2026-08-04T08:23:30Z,,,,+0.00000
260804_082345,1,2026-08-04T08:23:45Z,,,,+0.00000
260804_082400,1,2026-08-04T08:24:00Z,,,,+0.00000
260804_082415,1,2026-08-04T08:24:15Z,-0.02567,-0.02566,0.9896,+0.00000
260804_082430,1,2026-08-04T08:24:30Z,,,,+0.00000
260804_082445,1,2026-08-04T08:24:45Z,,,,+0.00000
260804_082500,1,2026-08-04T08:25:00Z,,,,+0.00000
260804_082515,1,2026-08-04T08:25:15Z,,,,+0.00000
260804_082530,1,2026-08-04T08:25:30Z,,,,+0.00000
260804_082545,1,2026-08-04T08:25:45Z,,,,+0.00000
260804_082600,1,2026-08-04T08:26:00Z,,,,+0.00000
260804_082615,1,2026-08-04T08:26:15Z,,,,+0.00000
260804_082630,1,2026-08-04T08:26:30Z,,,,+0.00000
260804_082645,1,2026-08-04T08:26:45Z,-0.01558,-0.01558,0.9878,+0.00000
260804_082700,1,2026-08-04T08:27:00Z,,,,+0.00000
260804_082715,1,2026-08-04T08:27:15Z,,,,+0.00000
260804_082730,1,2026-08-04T08:27:30Z,,,,+0.00000
260804_082745,1,2026-08-04T08:27:45Z,,,,+0.00000
260804_082800,1,2026-08-04T08:28:00Z,,,,+0.00000
260804_082815,1,2026-08-04T08:28:15Z,,,,+0.00000
260804_082830,1,2026-08-04T08:28:30Z,,,,+0.00000
260804_082845,1,2026-08-04T08:28:45Z,,,,+0.00000
260804_082900,1,2026-08-04T08:29:00Z,,,,+0.00000
260804_082915,1,2026-08-04T08:29:15Z,-0.01750,-0.01749,0.9841,+0.00000
260804_082930,1,2026-08-04T08:29:30Z,,,,+0.00000
260804_082945,1,2026-08-04T08:29:45Z,,,,+0.00000
260804_083000,1,2026-08-04T08:30:00Z,,,,+0.00000
260804_083015,1,2026-08-04T08:30:15Z,,,,+0.00000
260804_083030,1,2026-08-04T08:30:30Z,,,,+0.00000
260804_083045,1,2026-08-04T08:30:45Z,,,,+0.00000
260804_083100,1,2026-08-04T08:31:00Z,,,,+0.00000
260804_083115,1,2026-08-04T08:31:15Z,,,,+0.00000
260804_083130,1,2026-08-04T08:31:30Z,,,,+0.00000
260804_083145,1,2026-08-04T08:31:45Z,-0.00742,-0.00741,0.9954,+0.00000
260804_083200,1,2026-08-04T08:32:00Z,,,,+0.00000
260804_083215,1,2026-08-04T08:32:15Z,,,,+0.00000
260804_083230,1,2026-08-04T08:32:30Z,,,,+0.00000
260804_083245,1,2026-08-04T08:32:45Z,,,,+0.00000
260804_083300,1,2026-08-04T08:33:00Z,,,,+0.00000
260804_083315,1,2026-08-04T08:33:15Z,,,,+0.00000
260804_083330,1,2026-08-04T08:33:30Z,,,,+0.00000
260804_083345,1,2026-08-04T08:33:45Z,,,,+0.00000
260804_083400,1,2026-08-04T08:34:00Z,,,,+0.00000
260804_083415,1,2026-08-04T08:34:15Z,+0.00367,+0.00367,0.9852,+0.00000
260804_083430,1,2026-08-04T08:34:30Z,,,,+0.00000
260804_083445,1,2026-08-04T08:34:45Z,,,,+0.00000
260804_083500,1,2026-08-04T08:35:00Z,,,,+0.00000
260804_083515,1,2026-08-04T08:35:15Z,,,,+0.00000
260804_083530,1,2026-08-04T08:35:30Z,,,,+0.00000
260804_083545,1,2026-08-04T08:35:45Z,,,,+0.00000
260804_083600,1,2026-08-04T08:36:00Z,,,,+0.00000
260804_083615,1,2026-08-04T08:36:15Z,,,,+0.00000
260804_083630,1,2026-08-04T08:36:30Z,,,,+0.00000
260804_083645,1,2026-08-04T08:36:45Z,-0.03033,-0.03033,0.9877,+0.00000
260804_083700,1,2026-08-04T08:37:00Z,,,,+0.00000
260804_083715,1,2026-08-04T08:37:15Z,,,,+0.00000
260804_083730,1,2026-08-04T08:37:30Z,,,,+0.00000
260804_083745,1,2026-08-04T08:37:45Z,,,,+0.00000
260804_083800,1,2026-08-04T08:38:00Z,,,,+0.00000
260804_083815,1,2026-08-04T08:38:15Z,,,,+0.00000
260804_083830,1,2026-08-04T08:38:30Z,,,,+0.00000
260804_083845,1,2026-08-04T08:38:45Z,,,,+0.00000
260804_083900,1,2026-08-04T08:39:00Z,,,,+0.00000
260804_083915,1,2026-08-04T08:39:15Z,-0.02883,-0.02883,0.9910,+0.00000
260804_083930,1,2026-08-04T08:39:30Z,,,,+0.00000
260804_083945,1,2026-08-04T08:39:45Z,,,,+0.00000
260804_084000,1,2026-08-04T08:40:00Z,,,,+0.00000
260804_084015,1,2026-08-04T08:40:15Z,,,,+0.00000
260804_084030,1,2026-08-04T08:40:30Z,,,,+0.00000
260804_084045,1,2026-08-04T08:40:45Z,,,,+0.00000
260804_084100,1,2026-08-04T08:41:00Z,,,,+0.00000
260804_084115,1,2026-08-04T08:41:15Z,,,,+0.00000
260804_084130,1,2026-08-04T08:41:30Z,,,,+0.00000
260804_084145,1,2026-08-04T08:41:45Z,-0.01467,-0.01466,0.9915,+0.00000
260804_084200,1,2026-08-04T08:42:00Z,,,,+0.00000
260804_084215,1,2026-08-04T08:42:15Z,,,,+0.00000
260804_084230,1,2026-08-04T08:42:30Z,,,,+0.00000
260804_084245,1,2026-08-04T08:42:45Z,,,,+0.00000
260804_084300,1,2026-08-04T08:43:00Z,,,,+0.00000
260804_084315,1,2026-08-04T08:43:15Z,,,,+0.00000
260804_084330,1,2026-08-04T08:43:30Z,,,,+0.00000
260804_084345,1,2026-08-04T08:43:45Z,,,,+0.00000
260804_084400,1,2026-08-04T08:44:00Z,,,,+0.00000
260804_084415,1,2026-08-04T08:44:15Z,-0.01417,-0.01416,0.9861,+0.00000
260804_084430,1,2026-08-04T08:44:30Z,,,,+0.00000
260804_084445,1,2026-08-04T08:44:45Z,,,,+0.00000
260804_084500,1,2026-08-04T08:45:00Z,,,,+0.00000
260804_084515,1,2026-08-04T08:45:15Z,,,,+0.00000
260804_084530,1,2026-08-04T08:45:30Z,,,,+0.00000
260804_084545,1,2026-08-04T08:45:45Z,,,,+0.00000
260804_084600,1,2026-08-04T08:46:00Z,,,,+0.00000
260804_084615,1,2026-08-04T08:46:15Z,,,,+0.00000
260804_084630,1,2026-08-04T08:46:30Z,,,,+0.00000
260804_084645,1,2026-08-04T08:46:45Z,-0.00708,-0.00708,0.9738,+0.00000
260804_084700,1,2026-08-04T08:47:00Z,,,,+0.00000
260804_084715,1,2026-08-04T08:47:15Z,,,,+0.00000
260804_084730,1,2026-08-04T08:47:30Z,,,,+0.00000
260804_084745,1,2026-08-04T08:47:45Z,,,,+0.00000
260804_084800,1,2026-08-04T08:48:00Z,,,,+0.00000
260804_084815,1,2026-08-04T08:48:15Z,,,,+0.00000
260804_084830,1,2026-08-04T08:48:30Z,,,,+0.00000
260804_084845,1,2026-08-04T08:48:45Z,,,,+0.00000
260804_084900,1,2026-08-04T08:49:00Z,,,,+0.00000
260804_084915,1,2026-08-04T08:49:15Z,-0.00017,-0.00016,0.9894,+0.00000
260804_084930,1,2026-08-04T08:49:30Z,,,,+0.00000
260804_084945,1,2026-08-04T08:49:45Z,,,,+0.00000
260804_085000,1,2026-08-04T08:50:00Z,,,,+0.00000
260804_085015,1,2026-08-04T08:50:15Z,,,,+0.00000
260804_085030,1,2026-08-04T08:50:30Z,,,,+0.00000
260804_085045,1,2026-08-04T08:50:45Z,,,,+0.00000
260804_085100,1,2026-08-04T08:51:00Z,,,,+0.00000
260804_085115,1,2026-08-04T08:51:15Z,,,,+0.00000
260804_085130,1,2026-08-04T08:51:30Z,,,,+0.00000
260804_085145,1,2026-08-04T08:51:45Z,-0.02492,-0.02491,0.9943,+0.00000
260804_085200,1,2026-08-04T08:52:00Z,,,,+0.00000
260804_085215,1,2026-08-04T08:52:15Z,,,,+0.00000
260804_085230,1,2026-08-04T08:52:30Z,,,,+0.00000
260804_085245,1,2026-08-04T08:52:45Z,,,,+0.00000
260804_085300,1,2026-08-04T08:53:00Z,,,,+0.00000
260804_085315,1,2026-08-04T08:53:15Z,,,,+0.00000
260804_085330,1,2026-08-04T08:53:30Z,,,,+0.00000
260804_085345,1,2026-08-04T08:53:45Z,,,,+0.00000
260804_085400,1,2026-08-04T08:54:00Z,,,,+0.00000
260804_085415,1,2026-08-04T08:54:15Z,-0.01725,-0.01724,0.9961,+0.00000
260804_085430,1,2026-08-04T08:54:30Z,,,,+0.00000
260804_085445,1,2026-08-04T08:54:45Z,,,,+0.00000
260804_085500,1,2026-08-04T08:55:00Z,,,,+0.00000
260804_085515,1,2026-08-04T08:55:15Z,,,,+0.00000
260804_085530,1,2026-08-04T08:55:30Z,,,,+0.00000
260804_085545,1,2026-08-04T08:55:45Z,,,,+0.00000
260804_085600,1,2026-08-04T08:56:00Z,,,,+0.00000
260804_085615,1,2026-08-04T08:56:15Z,,,,+0.00000
260804_085630,1,2026-08-04T08:56:30Z,,,,+0.00000
260804_085645,1,2026-08-04T08:56:45Z,-0.01642,-0.01641,0.9957,+0.00000
260804_085700,1,2026-08-04T08:57:00Z,,,,+0.00000
260804_085715,1,2026-08-04T08:57:15Z,,,,+0.00000
260804_085730,1,2026-08-04T08:57:30Z,,,,+0.00000
260804_085745,1,2026-08-04T08:57:45Z,,,,+0.00000
260804_085800,1,2026-08-04T08:58:00Z,,,,+0.00000
260804_085815,1,2026-08-04T08:58:15Z,,,,+0.00000
260804_085830,1,2026-08-04T08:58:30Z,,,,+0.00000
260804_085845,1,2026-08-04T08:58:45Z,,,,+0.00000
260804_085900,1,2026-08-04T08:59:00Z,,,,+0.00000
260804_085915,1,2026-08-04T08:59:15Z,-0.00858,-0.00858,0.9921,+0.00000
260804_085930,1,2026-08-04T08:59:30Z,,,,+0.00000
260804_085945,1,2026-08-04T08:59:45Z,,,,+0.00000
260804_090000,1,2026-08-04T09:00:00Z,,,,+0.00000
260804_090015,1,2026-08-04T09:00:15Z,,,,+0.00000
260804_090030,1,2026-08-04T09:00:30Z,,,,+0.00000
260804_090045,1,2026-08-04T09:00:45Z,,,,+0.00000
260804_090100,1,2026-08-04T09:01:00Z,,,,+0.00000
260804_090115,1,2026-08-04T09:01:15Z,,,,+0.00000
260804_090130,1,2026-08-04T09:01:30Z,,,,+0.00000
260804_090145,1,2026-08-04T09:01:45Z,-0.00342,-0.00341,0.9980,+0.00000
260804_090200,1,2026-08-04T09:02:00Z,,,,+0.00000
260804_090215,1,2026-08-04T09:02:15Z,,,,+0.00000
260804_090230,1,2026-08-04T09:02:30Z,,,,+0.00000
260804_090245,1,2026-08-04T09:02:45Z,,,,+0.00000
260804_090300,1,2026-08-04T09:03:00Z,,,,+0.00000
260804_090315,1,2026-08-04T09:03:15Z,,,,+0.00000
260804_090330,1,2026-08-04T09:03:30Z,,,,+0.00000
260804_090345,1,2026-08-04T09:03:45Z,,,,+0.00000
260804_090400,1,2026-08-04T09:04:00Z,,,,+0.00000
260804_090415,1,2026-08-04T09:04:15Z,-0.03167,-0.03166,0.9888,+0.00000
260804_090430,1,2026-08-04T09:04:30Z,,,,+0.00000
260804_090445,1,2026-08-04T09:04:45Z,,,,+0.00000
260804_090500,1,2026-08-04T09:05:00Z,,,,+0.00000
260804_090515,1,2026-08-04T09:05:15Z,,,,+0.00000
260804_090530,1,2026-08-04T09:05:30Z,,,,+0.00000
260804_090545,1,2026-08-04T09:05:45Z,,,,+0.00000
260804_090600,1,2026-08-04T09:06:00Z,,,,+0.00000
260804_090615,1,2026-08-04T09:06:15Z,,,,+0.00000
260804_090630,1,2026-08-04T09:06:30Z,,,,+0.00000
260804_090645,1,2026-08-04T09:06:45Z,-0.02742,-0.02741,0.9989,+0.00000
260804_090700,1,2026-08-04T09:07:00Z,,,,+0.00000
260804_090715,1,2026-08-04T09:07:15Z,,,,+0.00000
260804_090730,1,2026-08-04T09:07:30Z,,,,+0.00000
260804_090745,1,2026-08-04T09:07:45Z,,,,+0.00000
260804_090800,1,2026-08-04T09:08:00Z,,,,+0.00000
260804_090815,1,2026-08-04T09:08:15Z,,,,+0.00000
260804_090830,1,2026-08-04T09:08:30Z,,,,+0.00000
260804_090845,1,2026-08-04T09:08:45Z,,,,+0.00000
260804_090900,1,2026-08-04T09:09:00Z,,,,+0.00000
260804_090915,1,2026-08-04T09:09:15Z,-0.01542,-0.01541,0.9932,+0.00000
260804_090930,1,2026-08-04T09:09:30Z,,,,+0.00000
260804_090945,1,2026-08-04T09:09:45Z,,,,+0.00000
260804_091000,1,2026-08-04T09:10:00Z,,,,+0.00000
260804_091015,1,2026-08-04T09:10:15Z,,,,+0.00000
260804_091030,1,2026-08-04T09:10:30Z,,,,+0.00000
260804_091045,1,2026-08-04T09:10:45Z,,,,+0.00000
260804_091100,1,2026-08-04T09:11:00Z,,,,+0.00000
260804_091115,1,2026-08-04T09:11:15Z,,,,+0.00000
260804_091130,1,2026-08-04T09:11:30Z,,,,+0.00000
260804_091145,1,2026-08-04T09:11:45Z,-0.01467,-0.01466,0.9881,+0.00000
260804_091200,1,2026-08-04T09:12:00Z,,,,+0.00000
260804_091215,1,2026-08-04T09:12:15Z,,,,+0.00000
260804_091230,1,2026-08-04T09:12:30Z,,,,+0.00000
260804_091245,1,2026-08-04T09:12:45Z,,,,+0.00000
260804_091300,1,2026-08-04T09:13:00Z,,,,+0.00000
260804_091315,1,2026-08-04T09:13:15Z,,,,+0.00000
260804_091330,1,2026-08-04T09:13:30Z,,,,+0.00000
260804_091345,1,2026-08-04T09:13:45Z,,,,+0.00000
260804_091400,1,2026-08-04T09:14:00Z,,,,+0.00000
260804_091415,1,2026-08-04T09:14:15Z,-0.00208,-0.00207,0.9661,+0.00000
260804_091430,1,2026-08-04T09:14:30Z,,,,+0.00000
260804_091445,1,2026-08-04T09:14:45Z,,,,+0.00000
260804_091500,1,2026-08-04T09:15:00Z,,,,+0.00000
260804_091515,1,2026-08-04T09:15:15Z,,,,+0.00000
260804_091530,1,2026-08-04T09:15:30Z,,,,+0.00000
260804_091545,1,2026-08-04T09:15:45Z,,,,+0.00000
260804_091600,1,2026-08-04T09:16:00Z,,,,+0.00000
260804_091615,1,2026-08-04T09:16:15Z,,,,+0.00000
260804_091630,1,2026-08-04T09:16:30Z,,,,+0.00000
260804_091645,1,2026-08-04T09:16:45Z,+0.00625,+0.00626,0.9506,+0.00000
260804_091700,1,2026-08-04T09:17:00Z,,,,+0.00000
260804_091715,1,2026-08-04T09:17:15Z,,,,+0.00000
260804_091730,1,2026-08-04T09:17:30Z,,,,+0.00000
260804_091745,1,2026-08-04T09:17:45Z,,,,+0.00000
260804_091800,1,2026-08-04T09:18:00Z,,,,+0.00000
260804_091815,1,2026-08-04T09:18:15Z,,,,+0.00000
260804_091830,1,2026-08-04T09:18:30Z,,,,+0.00000
260804_091845,1,2026-08-04T09:18:45Z,,,,+0.00000
260804_091900,1,2026-08-04T09:19:00Z,,,,+0.00000
260804_091915,1,2026-08-04T09:19:15Z,-0.03158,-0.03158,0.9902,+0.00000
260804_091930,1,2026-08-04T09:19:30Z,,,,+0.00000
260804_091945,1,2026-08-04T09:19:45Z,,,,+0.00000
260804_092000,1,2026-08-04T09:20:00Z,,,,+0.00000
260804_092015,1,2026-08-04T09:20:15Z,,,,+0.00000
260804_092030,1,2026-08-04T09:20:30Z,,,,+0.00000
260804_092045,1,2026-08-04T09:20:45Z,,,,+0.00000
260804_092100,1,2026-08-04T09:21:00Z,,,,+0.00000
260804_092115,1,2026-08-04T09:21:15Z,,,,+0.00000
260804_092130,1,2026-08-04T09:21:30Z,,,,+0.00000
260804_092145,1,2026-08-04T09:21:45Z,-0.02500,-0.02500,0.9981,+0.00000
260804_092200,1,2026-08-04T09:22:00Z,,,,+0.00000
260804_092215,1,2026-08-04T09:22:15Z,,,,+0.00000
260804_092230,1,2026-08-04T09:22:30Z,,,,+0.00000
260804_092245,1,2026-08-04T09:22:45Z,,,,+0.00000
260804_092300,1,2026-08-04T09:23:00Z,,,,+0.00000
260804_092315,1,2026-08-04T09:23:15Z,,,,+0.00000
260804_092330,1,2026-08-04T09:23:30Z,,,,+0.00000
260804_092345,1,2026-08-04T09:23:45Z,,,,+0.00000
260804_092400,1,2026-08-04T09:24:00Z,,,,+0.00000
260804_092415,1,2026-08-04T09:24:15Z,-0.01942,-0.01941,0.9981,+0.00000
260804_092430,1,2026-08-04T09:24:30Z,,,,+0.00000
260804_092445,1,2026-08-04T09:24:45Z,,,,+0.00000
260804_092500,1,2026-08-04T09:25:00Z,,,,+0.00000
260804_092515,1,2026-08-04T09:25:15Z,,,,+0.00000
260804_092530,1,2026-08-04T09:25:30Z,,,,+0.00000
260804_092545,1,2026-08-04T09:25:45Z,,,,+0.00000
260804_092600,1,2026-08-04T09:26:00Z,,,,+0.00000
260804_092615,1,2026-08-04T09:26:15Z,,,,+0.00000
260804_092630,1,2026-08-04T09:26:30Z,,,,+0.00000
260804_092645,1,2026-08-04T09:26:45Z,-0.00558,-0.00558,0.9834,+0.00000
260804_092700,1,2026-08-04T09:27:00Z,,,,+0.00000
260804_092715,1,2026-08-04T09:27:15Z,,,,+0.00000
260804_092730,1,2026-08-04T09:27:30Z,,,,+0.00000
260804_092745,1,2026-08-04T09:27:45Z,,,,+0.00000
260804_092800,1,2026-08-04T09:28:00Z,,,,+0.00000
260804_092815,1,2026-08-04T09:28:15Z,,,,+0.00000
260804_092830,1,2026-08-04T09:28:30Z,,,,+0.00000
260804_092845,1,2026-08-04T09:28:45Z,,,,+0.00000
260804_092900,1,2026-08-04T09:29:00Z,,,,+0.00000
260804_092915,1,2026-08-04T09:29:15Z,-0.00083,-0.00083,0.9901,+0.00000
260804_092930,1,2026-08-04T09:29:30Z,,,,+0.00000
260804_092945,1,2026-08-04T09:29:45Z,,,,+0.00000
260804_093000,1,2026-08-04T09:30:00Z,,,,+0.00000
260804_093015,1,2026-08-04T09:30:15Z,,,,+0.00000
260804_093030,1,2026-08-04T09:30:30Z,,,,+0.00000
260804_093045,1,2026-08-04T09:30:45Z,,,,+0.00000
260804_093100,1,2026-08-04T09:31:00Z,,,,+0.00000
260804_093115,1,2026-08-04T09:31:15Z,,,,+0.00000
260804_093130,1,2026-08-04T09:31:30Z,,,,+0.00000
260804_093145,1,2026-08-04T09:31:45Z,-0.02967,-0.02966,0.9952,+0.00000
260804_093200,1,2026-08-04T09:32:00Z,,,,+0.00000
260804_093215,1,2026-08-04T09:32:15Z,,,,+0.00000
260804_093230,1,2026-08-04T09:32:30Z,,,,+0.00000
260804_093245,1,2026-08-04T09:32:45Z,,,,+0.00000
260804_093300,1,2026-08-04T09:33:00Z,,,,+0.00000
260804_093315,1,2026-08-04T09:33:15Z,,,,+0.00000
260804_093330,1,2026-08-04T09:33:30Z,,,,+0.00000
260804_093345,1,2026-08-04T09:33:45Z,,,,+0.00000
260804_093400,1,2026-08-04T09:34:00Z,,,,+0.00000
260804_093415,1,2026-08-04T09:34:15Z,-0.02667,-0.02666,0.9971,+0.00000
260804_093430,1,2026-08-04T09:34:30Z,,,,+0.00000
260804_093445,1,2026-08-04T09:34:45Z,,,,+0.00000
260804_093500,1,2026-08-04T09:35:00Z,,,,+0.00000
260804_093515,1,2026-08-04T09:35:15Z,,,,+0.00000
260804_093530,1,2026-08-04T09:35:30Z,,,,+0.00000
260804_093545,1,2026-08-04T09:35:45Z,,,,+0.00000
260804_093600,1,2026-08-04T09:36:00Z,,,,+0.00000
260804_093615,1,2026-08-04T09:36:15Z,,,,+0.00000
260804_093630,1,2026-08-04T09:36:30Z,,,,+0.00000
260804_093645,1,2026-08-04T09:36:45Z,-0.01675,-0.01674,0.9897,+0.00000
260804_093700,1,2026-08-04T09:37:00Z,,,,+0.00000
260804_093715,1,2026-08-04T09:37:15Z,,,,+0.00000
260804_093730,1,2026-08-04T09:37:30Z,,,,+0.00000
260804_093745,1,2026-08-04T09:37:45Z,,,,+0.00000
260804_093800,1,2026-08-04T09:38:00Z,,,,+0.00000
260804_093815,1,2026-08-04T09:38:15Z,,,,+0.00000
260804_093830,1,2026-08-04T09:38:30Z,,,,+0.00000
260804_093845,1,2026-08-04T09:38:45Z,,,,+0.00000
260804_093900,1,2026-08-04T09:39:00Z,,,,+0.00000
260804_093915,1,2026-08-04T09:39:15Z,-0.01017,-0.01016,0.9918,+0.00000
260804_093930,1,2026-08-04T09:39:30Z,,,,+0.00000
260804_093945,1,2026-08-04T09:39:45Z,,,,+0.00000
260804_094000,1,2026-08-04T09:40:00Z,,,,+0.00000
260804_094015,1,2026-08-04T09:40:15Z,,,,+0.00000
260804_094030,1,2026-08-04T09:40:30Z,,,,+0.00000
260804_094045,1,2026-08-04T09:40:45Z,,,,+0.00000
260804_094100,1,2026-08-04T09:41:00Z,,,,+0.00000
260804_094115,1,2026-08-04T09:41:15Z,,,,+0.00000
260804_094130,1,2026-08-04T09:41:30Z,,,,+0.00000
260804_094145,1,2026-08-04T09:41:45Z,-0.00275,-0.00274,0.9974,+0.00000
260804_094200,1,2026-08-04T09:42:00Z,,,,+0.00000
260804_094215,1,2026-08-04T09:42:15Z,,,,+0.00000
260804_094230,1,2026-08-04T09:42:30Z,,,,+0.00000
260804_094245,1,2026-08-04T09:42:45Z,,,,+0.00000
260804_094300,1,2026-08-04T09:43:00Z,,,,+0.00000
260804_094315,1,2026-08-04T09:43:15Z,,,,+0.00000
260804_094330,1,2026-08-04T09:43:30Z,,,,+0.00000
260804_094345,1,2026-08-04T09:43:45Z,,,,+0.00000
260804_094400,1,2026-08-04T09:44:00Z,,,,+0.00000
260804_094415,1,2026-08-04T09:44:15Z,-0.00133,-0.00133,0.9961,+0.00000
260804_094430,1,2026-08-04T09:44:30Z,,,,+0.00000
260804_094445,1,2026-08-04T09:44:45Z,,,,+0.00000
260804_094500,1,2026-08-04T09:45:00Z,,,,+0.00000
260804_094515,1,2026-08-04T09:45:15Z,,,,+0.00000
260804_094530,1,2026-08-04T09:45:30Z,,,,+0.00000
260804_094545,1,2026-08-04T09:45:45Z,,,,+0.00000
260804_094600,1,2026-08-04T09:46:00Z,,,,+0.00000
260804_094615,1,2026-08-04T09:46:15Z,,,,+0.00000
260804_094630,1,2026-08-04T09:46:30Z,,,,+0.00000
260804_094645,1,2026-08-04T09:46:45Z,-0.03517,-0.03516,0.9877,+0.00000
260804_094700,1,2026-08-04T09:47:00Z,,,,+0.00000
260804_094715,1,2026-08-04T09:47:15Z,,,,+0.00000
260804_094730,1,2026-08-04T09:47:30Z,,,,+0.00000
260804_094745,1,2026-08-04T09:47:45Z,,,,+0.00000
260804_094800,1,2026-08-04T09:48:00Z,,,,+0.00000
260804_094815,1,2026-08-04T09:48:15Z,,,,+0.00000
260804_094830,1,2026-08-04T09:48:30Z,,,,+0.00000
260804_094845,1,2026-08-04T09:48:45Z,,,,+0.00000
260804_094900,1,2026-08-04T09:49:00Z,,,,+0.00000
260804_094915,1,2026-08-04T09:49:15Z,-0.01908,-0.01908,0.9794,+0.00000
260804_094930,1,2026-08-04T09:49:30Z,,,,+0.00000
260804_094945,1,2026-08-04T09:49:45Z,,,,+0.00000
260804_095000,1,2026-08-04T09:50:00Z,,,,+0.00000
260804_095015,1,2026-08-04T09:50:15Z,,,,+0.00000
260804_095030,1,2026-08-04T09:50:30Z,,,,+0.00000
260804_095045,1,2026-08-04T09:50:45Z,,,,+0.00000
260804_095100,1,2026-08-04T09:51:00Z,,,,+0.00000
260804_095115,1,2026-08-04T09:51:15Z,,,,+0.00000
260804_095130,1,2026-08-04T09:51:30Z,,,,+0.00000
260804_095145,1,2026-08-04T09:51:45Z,-0.01800,-0.01799,0.9891,+0.00000
260804_095200,1,2026-08-04T09:52:00Z,,,,+0.00000
260804_095215,1,2026-08-04T09:52:15Z,,,,+0.00000
260804_095230,1,2026-08-04T09:52:30Z,,,,+0.00000
260804_095245,1,2026-08-04T09:52:45Z,,,,+0.00000
260804_095300,1,2026-08-04T09:53:00Z,,,,+0.00000
260804_095315,1,2026-08-04T09:53:15Z,,,,+0.00000
260804_095330,1,2026-08-04T09:53:30Z,,,,+0.00000
260804_095345,1,2026-08-04T09:53:45Z,,,,+0.00000
260804_095400,1,2026-08-04T09:54:00Z,,,,+0.00000
260804_095415,1,2026-08-04T09:54:15Z,-0.00608,-0.00608,0.9905,+0.00000
260804_095430,1,2026-08-04T09:54:30Z,,,,+0.00000
260804_095445,1,2026-08-04T09:54:45Z,,,,+0.00000
260804_095500,1,2026-08-04T09:55:00Z,,,,+0.00000
260804_095515,1,2026-08-04T09:55:15Z,,,,+0.00000
260804_095530,1,2026-08-04T09:55:30Z,,,,+0.00000
260804_095545,1,2026-08-04T09:55:45Z,,,,+0.00000
260804_095600,1,2026-08-04T09:56:00Z,,,,+0.00000
260804_095615,1,2026-08-04T09:56:15Z,,,,+0.00000
260804_095630,1,2026-08-04T09:56:30Z,,,,+0.00000
260804_095645,1,2026-08-04T09:56:45Z,-0.00567,-0.00566,0.9753,+0.00000
260804_095700,1,2026-08-04T09:57:00Z,,,,+0.00000
260804_095715,1,2026-08-04T09:57:15Z,,,,+0.00000
260804_095730,1,2026-08-04T09:57:30Z,,,,+0.00000
260804_095745,1,2026-08-04T09:57:45Z,,,,+0.00000
260804_095800,1,2026-08-04T09:58:00Z,,,,+0.00000
260804_095815,1,2026-08-04T09:58:15Z,,,,+0.00000
260804_095830,1,2026-08-04T09:58:30Z,,,,+0.00000
260804_095845,1,2026-08-04T09:58:45Z,,,,+0.00000
260804_095900,1,2026-08-04T09:59:00Z,,,,+0.00000
260804_095915,1,2026-08-04T09:59:15Z,-0.03967,-0.03966,0.9803,+0.00000
260804_095930,1,2026-08-04T09:59:30Z,,,,+0.00000
260804_095945,1,2026-08-04T09:59:45Z,,,,+0.00000
260804_100000,1,2026-08-04T10:00:00Z,,,,+0.00000
260804_100015,1,2026-08-04T10:00:15Z,,,,+0.00000
260804_100030,1,2026-08-04T10:00:30Z,,,,+0.00000
260804_100045,1,2026-08-04T10:00:45Z,,,,+0.00000
260804_100100,1,2026-08-04T10:01:00Z,,,,+0.00000
260804_100115,1,2026-08-04T10:01:15Z,,,,+0.00000
260804_100130,1,2026-08-04T10:01:30Z,,,,+0.00000
260804_100145,1,2026-08-04T10:01:45Z,-0.02567,-0.02566,0.9735,+0.00000
260804_100200,1,2026-08-04T10:02:00Z,,,,+0.00000
260804_100215,1,2026-08-04T10:02:15Z,,,,+0.00000
260804_100230,1,2026-08-04T10:02:30Z,,,,+0.00000
260804_100245,1,2026-08-04T10:02:45Z,,,,+0.00000
260804_100300,1,2026-08-04T10:03:00Z,,,,+0.00000
260804_100315,1,2026-08-04T10:03:15Z,,,,+0.00000
260804_100330,1,2026-08-04T10:03:30Z,,,,+0.00000
260804_100345,1,2026-08-04T10:03:45Z,,,,+0.00000
260804_100400,1,2026-08-04T10:04:00Z,,,,+0.00000
260804_100415,1,2026-08-04T10:04:15Z,-0.02092,-0.02091,0.9774,+0.00000
260804_100430,1,2026-08-04T10:04:30Z,,,,+0.00000
260804_100445,1,2026-08-04T10:04:45Z,,,,+0.00000
260804_100500,1,2026-08-04T10:05:00Z,,,,+0.00000
260804_100515,1,2026-08-04T10:05:15Z,,,,+0.00000
260804_100530,1,2026-08-04T10:05:30Z,,,,+0.00000
260804_100545,1,2026-08-04T10:05:45Z,,,,+0.00000
260804_100600,1,2026-08-04T10:06:00Z,,,,+0.00000
260804_100615,1,2026-08-04T10:06:15Z,,,,+0.00000
260804_100630,1,2026-08-04T10:06:30Z,,,,+0.00000
260804_100645,1,2026-08-04T10:06:45Z,-0.00917,-0.00916,0.9935,+0.00000
260804_100700,1,2026-08-04T10:07:00Z,,,,+0.00000
260804_100715,1,2026-08-04T10:07:15Z,,,,+0.00000
260804_100730,1,2026-08-04T10:07:30Z,,,,+0.00000
260804_100745,1,2026-08-04T10:07:45Z,,,,+0.00000
260804_100800,1,2026-08-04T10:08:00Z,,,,+0.00000
260804_100815,1,2026-08-04T10:08:15Z,,,,+0.00000
260804_100830,1,2026-08-04T10:08:30Z,,,,+0.00000
260804_100845,1,2026-08-04T10:08:45Z,,,,+0.00000
260804_100900,1,2026-08-04T10:09:00Z,,,,+0.00000
260804_100915,1,2026-08-04T10:09:15Z,-0.00475,-0.00474,0.9810,+0.00000
260804_100930,1,2026-08-04T10:09:30Z,,,,+0.00000
260804_100945,1,2026-08-04T10:09:45Z,,,,+0.00000
260804_101000,1,2026-08-04T10:10:00Z,,,,+0.00000
260804_101015,1,2026-08-04T10:10:15Z,,,,+0.00000
260804_101030,1,2026-08-04T10:10:30Z,,,,+0.00000
260804_101045,1,2026-08-04T10:10:45Z,,,,+0.00000
260804_101100,1,2026-08-04T10:11:00Z,,,,+0.00000
260804_101115,1,2026-08-04T10:11:15Z,,,,+0.00000
260804_101130,1,2026-08-04T10:11:30Z,,,,+0.00000
260804_101145,1,2026-08-04T10:11:45Z,+0.00000,+0.00001,0.9853,+0.00000
260804_101200,1,2026-08-04T10:12:00Z,,,,+0.00000
260804_101215,1,2026-08-04T10:12:15Z,,,,+0.00000
260804_101230,1,2026-08-04T10:12:30Z,,,,+0.00000
260804_101245,1,2026-08-04T10:12:45Z,,,,+0.00000
260804_101300,1,2026-08-04T10:13:00Z,,,,+0.00000
260804_101315,1,2026-08-04T10:13:15Z,,,,+0.00000
260804_101330,1,2026-08-04T10:13:30Z,,,,+0.00000
260804_101345,1,2026-08-04T10:13:45Z,,,,+0.00000
260804_101400,1,2026-08-04T10:14:00Z,,,,+0.00000
260804_101415,1,2026-08-04T10:14:15Z,-0.02975,-0.02974,0.9843,+0.00000
260804_101430,1,2026-08-04T10:14:30Z,,,,+0.00000
260804_101445,1,2026-08-04T10:14:45Z,,,,+0.00000
260804_101500,1,2026-08-04T10:15:00Z,,,,+0.00000
260804_101515,1,2026-08-04T10:15:15Z,,,,+0.00000
260804_101530,1,2026-08-04T10:15:30Z,,,,+0.00000
260804_101545,1,2026-08-04T10:15:45Z,,,,+0.00000
260804_101600,1,2026-08-04T10:16:00Z,,,,+0.00000
260804_101615,1,2026-08-04T10:16:15Z,,,,+0.00000
260804_101630,1,2026-08-04T10:16:30Z,,,,+0.00000
260804_101645,1,2026-08-04T10:16:45Z,-0.02192,-0.02191,0.9987,+0.00000
260804_101700,1,2026-08-04T10:17:00Z,,,,+0.00000
260804_101715,1,2026-08-04T10:17:15Z,,,,+0.00000
260804_101730,1,2026-08-04T10:17:30Z,,,,+0.00000
260804_101745,1,2026-08-04T10:17:45Z,,,,+0.00000
260804_101800,1,2026-08-04T10:18:00Z,,,,+0.00000
260804_101815,1,2026-08-04T10:18:15Z,,,,+0.00000
260804_101830,1,2026-08-04T10:18:30Z,,,,+0.00000
260804_101845,1,2026-08-04T10:18:45Z,,,,+0.00000
260804_101900,1,2026-08-04T10:19:00Z,,,,+0.00000
260804_101915,1,2026-08-04T10:19:15Z,-0.02125,-0.02124,0.9890,+0.00000
260804_101930,1,2026-08-04T10:19:30Z,,,,+0.00000
260804_101945,1,2026-08-04T10:19:45Z,,,,+0.00000
260804_102000,1,2026-08-04T10:20:00Z,,,,+0.00000
260804_102015,1,2026-08-04T10:20:15Z,,,,+0.00000
260804_102030,1,2026-08-04T10:20:30Z,,,,+0.00000
260804_102045,1,2026-08-04T10:20:45Z,,,,+0.00000
260804_102100,1,2026-08-04T10:21:00Z,,,,+0.00000
260804_102115,1,2026-08-04T10:21:15Z,,,,+0.00000
260804_102130,1,2026-08-04T10:21:30Z,,,,+0.00000
260804_102145,1,2026-08-04T10:21:45Z,-0.01500,-0.01499,0.9900,+0.00000
260804_102200,1,2026-08-04T10:22:00Z,,,,+0.00000
260804_102215,1,2026-08-04T10:22:15Z,,,,+0.00000
260804_102230,1,2026-08-04T10:22:30Z,,,,+0.00000
260804_102245,1,2026-08-04T10:22:45Z,,,,+0.00000
260804_102300,1,2026-08-04T10:23:00Z,,,,+0.00000
260804_102315,1,2026-08-04T10:23:15Z,,,,+0.00000
260804_102330,1,2026-08-04T10:23:30Z,,,,+0.00000
260804_102345,1,2026-08-04T10:23:45Z,,,,+0.00000
260804_102400,1,2026-08-04T10:24:00Z,,,,+0.00000
260804_102415,1,2026-08-04T10:24:15Z,-0.00133,-0.00133,0.9895,+0.00000
260804_102430,1,2026-08-04T10:24:30Z,,,,+0.00000
260804_102445,1,2026-08-04T10:24:45Z,,,,+0.00000
260804_102500,1,2026-08-04T10:25:00Z,,,,+0.00000
260804_102515,1,2026-08-04T10:25:15Z,,,,+0.00000
260804_102530,1,2026-08-04T10:25:30Z,,,,+0.00000
260804_102545,1,2026-08-04T10:25:45Z,,,,+0.00000
260804_102600,1,2026-08-04T10:26:00Z,,,,+0.00000
260804_102615,1,2026-08-04T10:26:15Z,,,,+0.00000
260804_102630,1,2026-08-04T10:26:30Z,,,,+0.00000
260804_102645,1,2026-08-04T10:26:45Z,+0.00225,+0.00226,0.9893,+0.00000
260804_102700,1,2026-08-04T10:27:00Z,,,,+0.00000
260804_102715,1,2026-08-04T10:27:15Z,,,,+0.00000
260804_102730,1,2026-08-04T10:27:30Z,,,,+0.00000
260804_102745,1,2026-08-04T10:27:45Z,,,,+0.00000
260804_102800,1,2026-08-04T10:28:00Z,,,,+0.00000
260804_102815,1,2026-08-04T10:28:15Z,,,,+0.00000
260804_102830,1,2026-08-04T10:28:30Z,,,,+0.00000
260804_102845,1,2026-08-04T10:28:45Z,,,,+0.00000
260804_102900,1,2026-08-04T10:29:00Z,,,,+0.00000
260804_102915,1,2026-08-04T10:29:15Z,-0.03342,-0.03341,0.9922,+0.00000
260804_102930,1,2026-08-04T10:29:30Z,,,,+0.00000
260804_102945,1,2026-08-04T10:29:45Z,,,,+0.00000
260804_103000,1,2026-08-04T10:30:00Z,,,,+0.00000
260804_103015,1,2026-08-04T10:30:15Z,,,,+0.00000
260804_103030,1,2026-08-04T10:30:30Z,,,,+0.00000
260804_103045,1,2026-08-04T10:30:45Z,,,,+0.00000
260804_103100,1,2026-08-04T10:31:00Z,,,,+0.00000
260804_103115,1,2026-08-04T10:31:15Z,,,,+0.00000
260804_103130,1,2026-08-04T10:31:30Z,,,,+0.00000
260804_103145,1,2026-08-04T10:31:45Z,-0.02508,-0.02508,0.9901,+0.00000
260804_103200,1,2026-08-04T10:32:00Z,,,,+0.00000
260804_103215,1,2026-08-04T10:32:15Z,,,,+0.00000
260804_103230,1,2026-08-04T10:32:30Z,,,,+0.00000
260804_103245,1,2026-08-04T10:32:45Z,,,,+0.00000
260804_103300,1,2026-08-04T10:33:00Z,,,,+0.00000
260804_103315,1,2026-08-04T10:33:15Z,,,,+0.00000
260804_103330,1,2026-08-04T10:33:30Z,,,,+0.00000
260804_103345,1,2026-08-04T10:33:45Z,,,,+0.00000
260804_103400,1,2026-08-04T10:34:00Z,,,,+0.00000
260804_103415,1,2026-08-04T10:34:15Z,-0.00992,-0.00991,0.9897,+0.00000
260804_103430,1,2026-08-04T10:34:30Z,,,,+0.00000
260804_103445,1,2026-08-04T10:34:45Z,,,,+0.00000
260804_103500,1,2026-08-04T10:35:00Z,,,,+0.00000
260804_103515,1,2026-08-04T10:35:15Z,,,,+0.00000
260804_103530,1,2026-08-04T10:35:30Z,,,,+0.00000
260804_103545,1,2026-08-04T10:35:45Z,,,,+0.00000
260804_103600,1,2026-08-04T10:36:00Z,,,,+0.00000
260804_103615,1,2026-08-04T10:36:15Z,,,,+0.00000
260804_103630,1,2026-08-04T10:36:30Z,,,,+0.00000
260804_103645,1,2026-08-04T10:36:45Z,+0.00425,+0.00425,0.9886,+0.00000
260804_103700,1,2026-08-04T10:37:00Z,,,,+0.00000
260804_103715,1,2026-08-04T10:37:15Z,,,,+0.00000
260804_103730,1,2026-08-04T10:37:30Z,,,,+0.00000
260804_103745,1,2026-08-04T10:37:45Z,,,,+0.00000
260804_103800,1,2026-08-04T10:38:00Z,,,,+0.00000
260804_103815,1,2026-08-04T10:38:15Z,,,,+0.00000
260804_103830,1,2026-08-04T10:38:30Z,,,,+0.00000
260804_103845,1,2026-08-04T10:38:45Z,,,,+0.00000
260804_103900,1,2026-08-04T10:39:00Z,,,,+0.00000
260804_103915,1,2026-08-04T10:39:15Z,-0.03117,-0.03116,0.9908,+0.00000
260804_103930,1,2026-08-04T10:39:30Z,,,,+0.00000
260804_103945,1,2026-08-04T10:39:45Z,,,,+0.00000
260804_104000,1,2026-08-04T10:40:00Z,,,,+0.00000
260804_104015,1,2026-08-04T10:40:15Z,,,,+0.00000
260804_104030,1,2026-08-04T10:40:30Z,,,,+0.00000
260804_104045,1,2026-08-04T10:40:45Z,,,,+0.00000
260804_104100,1,2026-08-04T10:41:00Z,,,,+0.00000
260804_104115,1,2026-08-04T10:41:15Z,,,,+0.00000
260804_104130,1,2026-08-04T10:41:30Z,,,,+0.00000
260804_104145,1,2026-08-04T10:41:45Z,-0.02642,-0.02641,0.9828,+0.00000
260804_104200,1,2026-08-04T10:42:00Z,,,,+0.00000
260804_104215,1,2026-08-04T10:42:15Z,,,,+0.00000
260804_104230,1,2026-08-04T10:42:30Z,,,,+0.00000
260804_104245,1,2026-08-04T10:42:45Z,,,,+0.00000
260804_104300,1,2026-08-04T10:43:00Z,,,,+0.00000
260804_104315,1,2026-08-04T10:43:15Z,,,,+0.00000
260804_104330,1,2026-08-04T10:43:30Z,,,,+0.00000
260804_104345,1,2026-08-04T10:43:45Z,,,,+0.00000
260804_104400,1,2026-08-04T10:44:00Z,,,,+0.00000
260804_104415,1,2026-08-04T10:44:15Z,-0.01700,-0.01700,0.9932,+0.00000
260804_104430,1,2026-08-04T10:44:30Z,,,,+0.00000
260804_104445,1,2026-08-04T10:44:45Z,,,,+0.00000
260804_104500,1,2026-08-04T10:45:00Z,,,,+0.00000
260804_104515,1,2026-08-04T10:45:15Z,,,,+0.00000
260804_104530,1,2026-08-04T10:45:30Z,,,,+0.00000
260804_104545,1,2026-08-04T10:45:45Z,,,,+0.00000
260804_104600,1,2026-08-04T10:46:00Z,,,,+0.00000
260804_104615,1,2026-08-04T10:46:15Z,,,,+0.00000
260804_104630,1,2026-08-04T10:46:30Z,,,,+0.00000
260804_104645,1,2026-08-04T10:46:45Z,-0.00617,-0.00616,0.9834,+0.00000
260804_104700,1,2026-08-04T10:47:00Z,,,,+0.00000
260804_104715,1,2026-08-04T10:47:15Z,,,,+0.00000
260804_104730,1,2026-08-04T10:47:30Z,,,,+0.00000
260804_104745,1,2026-08-04T10:47:45Z,,,,+0.00000
260804_104800,1,2026-08-04T10:48:00Z,,,,+0.00000
260804_104815,1,2026-08-04T10:48:15Z,,,,+0.00000
260804_104830,1,2026-08-04T10:48:30Z,,,,+0.00000
260804_104845,1,2026-08-04T10:48:45Z,,,,+0.00000
260804_104900,1,2026-08-04T10:49:00Z,,,,+0.00000
260804_104915,1,2026-08-04T10:49:15Z,+0.00133,+0.00134,0.9822,+0.00000
260804_104930,1,2026-08-04T10:49:30Z,,,,+0.00000
260804_104945,1,2026-08-04T10:49:45Z,,,,+0.00000
260804_105000,1,2026-08-04T10:50:00Z,,,,+0.00000
260804_105015,1,2026-08-04T10:50:15Z,,,,+0.00000
260804_105030,1,2026-08-04T10:50:30Z,,,,+0.00000
260804_105045,1,2026-08-04T10:50:45Z,,,,+0.00000
260804_105100,1,2026-08-04T10:51:00Z,,,,+0.00000
260804_105115,1,2026-08-04T10:51:15Z,,,,+0.00000
260804_105130,1,2026-08-04T10:51:30Z,,,,+0.00000
260804_105145,1,2026-08-04T10:51:45Z,-0.03192,-0.03191,0.9888,+0.00000
260804_105200,1,2026-08-04T10:52:00Z,,,,+0.00000
260804_105215,1,2026-08-04T10:52:15Z,,,,+0.00000
260804_105230,1,2026-08-04T10:52:30Z,,,,+0.00000
260804_105245,1,2026-08-04T10:52:45Z,,,,+0.00000
260804_105300,1,2026-08-04T10:53:00Z,,,,+0.00000
260804_105315,1,2026-08-04T10:53:15Z,,,,+0.00000
260804_105330,1,2026-08-04T10:53:30Z,,,,+0.00000
260804_105345,1,2026-08-04T10:53:45Z,,,,+0.00000
260804_105400,1,2026-08-04T10:54:00Z,,,,+0.00000
260804_105415,1,2026-08-04T10:54:15Z,-0.02375,-0.02374,0.9945,+0.00000
260804_105430,1,2026-08-04T10:54:30Z,,,,+0.00000
260804_105445,1,2026-08-04T10:54:45Z,,,,+0.00000
260804_105500,1,2026-08-04T10:55:00Z,,,,+0.00000
260804_105515,1,2026-08-04T10:55:15Z,,,,+0.00000
260804_105530,1,2026-08-04T10:55:30Z,,,,+0.00000
260804_105545,1,2026-08-04T10:55:45Z,,,,+0.00000
260804_105600,1,2026-08-04T10:56:00Z,,,,+0.00000
260804_105615,1,2026-08-04T10:56:15Z,,,,+0.00000
260804_105630,1,2026-08-04T10:56:30Z,,,,+0.00000
260804_105645,1,2026-08-04T10:56:45Z,-0.02250,-0.02249,0.9846,+0.00000
260804_105700,1,2026-08-04T10:57:00Z,,,,+0.00000
260804_105715,1,2026-08-04T10:57:15Z,,,,+0.00000
260804_105730,1,2026-08-04T10:57:30Z,,,,+0.00000
260804_105745,1,2026-08-04T10:57:45Z,,,,+0.00000
260804_105800,1,2026-08-04T10:58:00Z,,,,+0.00000
260804_105815,1,2026-08-04T10:58:15Z,,,,+0.00000
260804_105830,1,2026-08-04T10:58:30Z,,,,+0.00000
260804_105845,1,2026-08-04T10:58:45Z,,,,+0.00000
260804_105900,1,2026-08-04T10:59:00Z,,,,+0.00000
260804_105915,1,2026-08-04T10:59:15Z,-0.01592,-0.01591,0.9865,+0.00000
260804_105930,1,2026-08-04T10:59:30Z,,,,+0.00000
260804_105945,1,2026-08-04T10:59:45Z,,,,+0.00000
260804_110000,1,2026-08-04T11:00:00Z,,,,+0.00000
260804_110015,1,2026-08-04T11:00:15Z,,,,+0.00000
260804_110030,1,2026-08-04T11:00:30Z,,,,+0.00000
260804_110045,1,2026-08-04T11:00:45Z,,,,+0.00000
260804_110100,1,2026-08-04T11:01:00Z,,,,+0.00000
260804_110115,1,2026-08-04T11:01:15Z,,,,+0.00000
260804_110130,1,2026-08-04T11:01:30Z,,,,+0.00000
260804_110145,1,2026-08-04T11:01:45Z,-0.00542,-0.00541,0.9881,+0.00000
260804_110200,1,2026-08-04T11:02:00Z,,,,+0.00000
260804_110215,1,2026-08-04T11:02:15Z,,,,+0.00000
260804_110230,1,2026-08-04T11:02:30Z,,,,+0.00000
260804_110245,1,2026-08-04T11:02:45Z,,,,+0.00000
260804_110300,1,2026-08-04T11:03:00Z,,,,+0.00000
260804_110315,1,2026-08-04T11:03:15Z,,,,+0.00000
260804_110330,1,2026-08-04T11:03:30Z,,,,+0.00000
260804_110345,1,2026-08-04T11:03:45Z,,,,+0.00000
260804_110400,1,2026-08-04T11:04:00Z,,,,+0.00000
260804_110415,1,2026-08-04T11:04:15Z,+0.00358,+0.00359,0.9984,+0.00000
260804_110430,1,2026-08-04T11:04:30Z,,,,+0.00000
260804_110445,1,2026-08-04T11:04:45Z,,,,+0.00000
260804_110500,1,2026-08-04T11:05:00Z,,,,+0.00000
260804_110515,1,2026-08-04T11:05:15Z,,,,+0.00000
260804_110530,1,2026-08-04T11:05:30Z,,,,+0.00000
260804_110545,1,2026-08-04T11:05:45Z,,,,+0.00000
260804_110600,1,2026-08-04T11:06:00Z,,,,+0.00000
260804_110615,1,2026-08-04T11:06:15Z,,,,+0.00000
260804_110630,1,2026-08-04T11:06:30Z,,,,+0.00000
260804_110645,1,2026-08-04T11:06:45Z,-0.03033,-0.03033,0.9789,+0.00000
260804_110700,1,2026-08-04T11:07:00Z,,,,+0.00000
260804_110715,1,2026-08-04T11:07:15Z,,,,+0.00000
260804_110730,1,2026-08-04T11:07:30Z,,,,+0.00000
260804_110745,1,2026-08-04T11:07:45Z,,,,+0.00000
260804_110800,1,2026-08-04T11:08:00Z,,,,+0.00000
260804_110815,1,2026-08-04T11:08:15Z,,,,+0.00000
260804_110830,1,2026-08-04T11:08:30Z,,,,+0.00000
260804_110845,1,2026-08-04T11:08:45Z,,,,+0.00000
260804_110900,1,2026-08-04T11:09:00Z,,,,+0.00000
260804_110915,1,2026-08-04T11:09:15Z,-0.02592,-0.02591,0.9822,+0.00000
260804_110930,1,2026-08-04T11:09:30Z,,,,+0.00000
260804_110945,1,2026-08-04T11:09:45Z,,,,+0.00000
260804_111000,1,2026-08-04T11:10:00Z,,,,+0.00000
260804_111015,1,2026-08-04T11:10:15Z,,,,+0.00000
260804_111030,1,2026-08-04T11:10:30Z,,,,+0.00000
260804_111045,1,2026-08-04T11:10:45Z,,,,+0.00000
260804_111100,1,2026-08-04T11:11:00Z,,,,+0.00000
260804_111115,1,2026-08-04T11:11:15Z,,,,+0.00000
260804_111130,1,2026-08-04T11:11:30Z,,,,+0.00000
260804_111145,1,2026-08-04T11:11:45Z,-0.01683,-0.01683,0.9847,+0.00000
260804_111200,1,2026-08-04T11:12:00Z,,,,+0.00000
260804_111215,1,2026-08-04T11:12:15Z,,,,+0.00000
260804_111230,1,2026-08-04T11:12:30Z,,,,+0.00000
260804_111245,1,2026-08-04T11:12:45Z,,,,+0.00000
260804_111300,1,2026-08-04T11:13:00Z,,,,+0.00000
260804_111315,1,2026-08-04T11:13:15Z,,,,+0.00000
260804_111330,1,2026-08-04T11:13:30Z,,,,+0.00000
260804_111345,1,2026-08-04T11:13:45Z,,,,+0.00000
260804_111400,1,2026-08-04T11:14:00Z,,,,+0.00000
260804_111415,1,2026-08-04T11:14:15Z,-0.01183,-0.01183,0.9891,+0.00000
260804_111430,1,2026-08-04T11:14:30Z,,,,+0.00000
260804_111445,1,2026-08-04T11:14:45Z,,,,+0.00000
260804_111500,1,2026-08-04T11:15:00Z,,,,+0.00000
260804_111515,1,2026-08-04T11:15:15Z,,,,+0.00000
260804_111530,1,2026-08-04T11:15:30Z,,,,+0.00000
260804_111545,1,2026-08-04T11:15:45Z,,,,+0.00000
260804_111600,1,2026-08-04T11:16:00Z,,,,+0.00000
260804_111615,1,2026-08-04T11:16:15Z,,,,+0.00000
260804_111630,1,2026-08-04T11:16:30Z,,,,+0.00000
260804_111645,1,2026-08-04T11:16:45Z,-0.00467,-0.00466,0.9876,+0.00000
260804_111700,1,2026-08-04T11:17:00Z,,,,+0.00000
260804_111715,1,2026-08-04T11:17:15Z,,,,+0.00000
260804_111730,1,2026-08-04T11:17:30Z,,,,+0.00000
260804_111745,1,2026-08-04T11:17:45Z,,,,+0.00000
260804_111800,1,2026-08-04T11:18:00Z,,,,+0.00000
260804_111815,1,2026-08-04T11:18:15Z,,,,+0.00000
260804_111830,1,2026-08-04T11:18:30Z,,,,+0.00000
260804_111845,1,2026-08-04T11:18:45Z,,,,+0.00000
260804_111900,1,2026-08-04T11:19:00Z,,,,+0.00000
260804_111915,1,2026-08-04T11:19:15Z,+0.00150,+0.00151,0.9823,+0.00000
260804_111930,1,2026-08-04T11:19:30Z,,,,+0.00000
260804_111945,1,2026-08-04T11:19:45Z,,,,+0.00000
260804_112000,1,2026-08-04T11:20:00Z,,,,+0.00000
260804_112015,1,2026-08-04T11:20:15Z,,,,+0.00000
260804_112030,1,2026-08-04T11:20:30Z,,,,+0.00000
260804_112045,1,2026-08-04T11:20:45Z,,,,+0.00000
260804_112100,1,2026-08-04T11:21:00Z,,,,+0.00000
260804_112115,1,2026-08-04T11:21:15Z,,,,+0.00000
260804_112130,1,2026-08-04T11:21:30Z,,,,+0.00000
260804_112145,1,2026-08-04T11:21:45Z,-0.02758,-0.02758,0.9815,+0.00000
260804_112200,1,2026-08-04T11:22:00Z,,,,+0.00000
260804_112215,1,2026-08-04T11:22:15Z,,,,+0.00000
260804_112230,1,2026-08-04T11:22:30Z,,,,+0.00000
260804_112245,1,2026-08-04T11:22:45Z,,,,+0.00000
260804_112300,1,2026-08-04T11:23:00Z,,,,+0.00000
260804_112315,1,2026-08-04T11:23:15Z,,,,+0.00000
260804_112330,1,2026-08-04T11:23:30Z,,,,+0.00000
260804_112345,1,2026-08-04T11:23:45Z,,,,+0.00000
260804_112400,1,2026-08-04T11:24:00Z,,,,+0.00000
260804_112415,1,2026-08-04T11:24:15Z,-0.02708,-0.02708,0.9978,+0.00000
260804_112430,1,2026-08-04T11:24:30Z,,,,+0.00000
260804_112445,1,2026-08-04T11:24:45Z,,,,+0.00000
260804_112500,1,2026-08-04T11:25:00Z,,,,+0.00000
260804_112515,1,2026-08-04T11:25:15Z,,,,+0.00000
260804_112530,1,2026-08-04T11:25:30Z,,,,+0.00000
260804_112545,1,2026-08-04T11:25:45Z,,,,+0.00000
260804_112600,1,2026-08-04T11:26:00Z,,,,+0.00000
260804_112615,1,2026-08-04T11:26:15Z,,,,+0.00000
260804_112630,1,2026-08-04T11:26:30Z,,,,+0.00000
260804_112645,1,2026-08-04T11:26:45Z,-0.01117,-0.01116,0.9976,+0.00000
260804_112700,1,2026-08-04T11:27:00Z,,,,+0.00000
260804_112715,1,2026-08-04T11:27:15Z,,,,+0.00000
260804_112730,1,2026-08-04T11:27:30Z,,,,+0.00000
260804_112745,1,2026-08-04T11:27:45Z,,,,+0.00000
260804_112800,1,2026-08-04T11:28:00Z,,,,+0.00000
260804_112815,1,2026-08-04T11:28:15Z,,,,+0.00000
260804_112830,1,2026-08-04T11:28:30Z,,,,+0.00000
260804_112845,1,2026-08-04T11:28:45Z,,,,+0.00000
260804_112900,1,2026-08-04T11:29:00Z,,,,+0.00000
260804_112915,1,2026-08-04T11:29:15Z,-0.00367,-0.00366,0.9873,+0.00000
260804_112930,1,2026-08-04T11:29:30Z,,,,+0.00000
260804_112945,1,2026-08-04T11:29:45Z,,,,+0.00000
260804_113000,1,2026-08-04T11:30:00Z,,,,+0.00000
260804_113015,1,2026-08-04T11:30:15Z,,,,+0.00000
260804_113030,1,2026-08-04T11:30:30Z,,,,+0.00000
260804_113045,1,2026-08-04T11:30:45Z,,,,+0.00000
260804_113100,1,2026-08-04T11:31:00Z,,,,+0.00000
260804_113115,1,2026-08-04T11:31:15Z,,,,+0.00000
260804_113130,1,2026-08-04T11:31:30Z,,,,+0.00000
260804_113145,1,2026-08-04T11:31:45Z,-0.00442,-0.00441,0.9928,+0.00000
260804_113200,1,2026-08-04T11:32:00Z,,,,+0.00000
260804_113215,1,2026-08-04T11:32:15Z,,,,+0.00000
260804_113230,1,2026-08-04T11:32:30Z,,,,+0.00000
260804_113245,1,2026-08-04T11:32:45Z,,,,+0.00000
260804_113300,1,2026-08-04T11:33:00Z,,,,+0.00000
260804_113315,1,2026-08-04T11:33:15Z,,,,+0.00000
260804_113330,1,2026-08-04T11:33:30Z,,,,+0.00000
260804_113345,1,2026-08-04T11:33:45Z,,,,+0.00000
260804_113400,1,2026-08-04T11:34:00Z,,,,+0.00000
260804_113415,1,2026-08-04T11:34:15Z,-0.03083,-0.03083,0.9824,+0.00000
260804_113430,1,2026-08-04T11:34:30Z,,,,+0.00000
260804_113445,1,2026-08-04T11:34:45Z,,,,+0.00000
260804_113500,1,2026-08-04T11:35:00Z,,,,+0.00000
260804_113515,1,2026-08-04T11:35:15Z,,,,+0.00000
260804_113530,1,2026-08-04T11:35:30Z,,,,+0.00000
260804_113545,1,2026-08-04T11:35:45Z,,,,+0.00000
260804_113600,1,2026-08-04T11:36:00Z,,,,+0.00000
260804_113615,1,2026-08-04T11:36:15Z,,,,+0.00000
260804_113630,1,2026-08-04T11:36:30Z,,,,+0.00000
260804_113645,1,2026-08-04T11:36:45Z,-0.03008,-0.03008,0.9932,+0.00000
260804_113700,1,2026-08-04T11:37:00Z,,,,+0.00000
260804_113715,1,2026-08-04T11:37:15Z,,,,+0.00000
260804_113730,1,2026-08-04T11:37:30Z,,,,+0.00000
260804_113745,1,2026-08-04T11:37:45Z,,,,+0.00000
260804_113800,1,2026-08-04T11:38:00Z,,,,+0.00000
260804_113815,1,2026-08-04T11:38:15Z,,,,+0.00000
260804_113830,1,2026-08-04T11:38:30Z,,,,+0.00000
260804_113845,1,2026-08-04T11:38:45Z,,,,+0.00000
260804_113900,1,2026-08-04T11:39:00Z,,,,+0.00000
260804_113915,1,2026-08-04T11:39:15Z,-0.02350,-0.02349,0.9881,+0.00000
260804_113930,1,2026-08-04T11:39:30Z,,,,+0.00000
260804_113945,1,2026-08-04T11:39:45Z,,,,+0.00000
260804_114000,1,2026-08-04T11:40:00Z,,,,+0.00000
260804_114015,1,2026-08-04T11:40:15Z,,,,+0.00000
260804_114030,1,2026-08-04T11:40:30Z,,,,+0.00000
260804_114045,1,2026-08-04T11:40:45Z,,,,+0.00000
260804_114100,1,2026-08-04T11:41:00Z,,,,+0.00000
260804_114115,1,2026-08-04T11:41:15Z,,,,+0.00000
260804_114130,1,2026-08-04T11:41:30Z,,,,+0.00000
260804_114145,1,2026-08-04T11:41:45Z,-0.00742,-0.00741,0.9889,+0.00000
260804_114200,1,2026-08-04T11:42:00Z,,,,+0.00000
260804_114215,1,2026-08-04T11:42:15Z,,,,+0.00000
260804_114230,1,2026-08-04T11:42:30Z,,,,+0.00000
260804_114245,1,2026-08-04T11:42:45Z,,,,+0.00000
260804_114300,1,2026-08-04T11:43:00Z,,,,+0.00000
260804_114315,1,2026-08-04T11:43:15Z,,,,+0.00000
260804_114330,1,2026-08-04T11:43:30Z,,,,+0.00000
260804_114345,1,2026-08-04T11:43:45Z,,,,+0.00000
260804_114400,1,2026-08-04T11:44:00Z,,,,+0.00000
260804_114415,1,2026-08-04T11:44:15Z,-0.00842,-0.00841,0.9937,+0.00000
260804_114430,1,2026-08-04T11:44:30Z,,,,+0.00000
260804_114445,1,2026-08-04T11:44:45Z,,,,+0.00000
260804_114500,1,2026-08-04T11:45:00Z,,,,+0.00000
260804_114515,1,2026-08-04T11:45:15Z,,,,+0.00000
260804_114530,1,2026-08-04T11:45:30Z,,,,+0.00000
260804_114545,1,2026-08-04T11:45:45Z,,,,+0.00000
260804_114600,1,2026-08-04T11:46:00Z,,,,+0.00000
260804_114615,1,2026-08-04T11:46:15Z,,,,+0.00000
260804_114630,1,2026-08-04T11:46:30Z,,,,+0.00000
260804_114645,1,2026-08-04T11:46:45Z,-0.00167,-0.00166,0.9936,+0.00000
260804_114700,1,2026-08-04T11:47:00Z,,,,+0.00000
260804_114715,1,2026-08-04T11:47:15Z,,,,+0.00000
260804_114730,1,2026-08-04T11:47:30Z,,,,+0.00000
260804_114745,1,2026-08-04T11:47:45Z,,,,+0.00000
260804_114800,1,2026-08-04T11:48:00Z,,,,+0.00000
260804_114815,1,2026-08-04T11:48:15Z,,,,+0.00000
260804_114830,1,2026-08-04T11:48:30Z,,,,+0.00000
260804_114845,1,2026-08-04T11:48:45Z,,,,+0.00000
260804_114900,1,2026-08-04T11:49:00Z,,,,+0.00000
260804_114915,1,2026-08-04T11:49:15Z,-0.03192,-0.03191,0.9936,+0.00000
260804_114930,1,2026-08-04T11:49:30Z,,,,+0.00000
260804_114945,1,2026-08-04T11:49:45Z,,,,+0.00000
260804_115000,1,2026-08-04T11:50:00Z,,,,+0.00000
260804_115015,1,2026-08-04T11:50:15Z,,,,+0.00000
260804_115030,1,2026-08-04T11:50:30Z,,,,+0.00000
260804_115045,1,2026-08-04T11:50:45Z,,,,+0.00000
260804_115100,1,2026-08-04T11:51:00Z,,,,+0.00000
260804_115115,1,2026-08-04T11:51:15Z,,,,+0.00000
260804_115130,1,2026-08-04T11:51:30Z,,,,+0.00000
260804_115145,1,2026-08-04T11:51:45Z,-0.02142,-0.02141,0.9899,+0.00000
260804_115200,1,2026-08-04T11:52:00Z,,,,+0.00000
260804_115215,1,2026-08-04T11:52:15Z,,,,+0.00000
260804_115230,1,2026-08-04T11:52:30Z,,,,+0.00000
260804_115245,1,2026-08-04T11:52:45Z,,,,+0.00000
260804_115300,1,2026-08-04T11:53:00Z,,,,+0.00000
260804_115315,1,2026-08-04T11:53:15Z,,,,+0.00000
260804_115330,1,2026-08-04T11:53:30Z,,,,+0.00000
260804_115345,1,2026-08-04T11:53:45Z,,,,+0.00000
260804_115400,1,2026-08-04T11:54:00Z,,,,+0.00000
260804_115415,1,2026-08-04T11:54:15Z,-0.01983,-0.01983,0.9816,+0.00000
260804_115430,1,2026-08-04T11:54:30Z,,,,+0.00000
260804_115445,1,2026-08-04T11:54:45Z,,,,+0.00000
260804_115500,1,2026-08-04T11:55:00Z,,,,+0.00000
260804_115515,1,2026-08-04T11:55:15Z,,,,+0.00000
260804_115530,1,2026-08-04T11:55:30Z,,,,+0.00000
260804_115545,1,2026-08-04T11:55:45Z,,,,+0.00000
260804_115600,1,2026-08-04T11:56:00Z,,,,+0.00000
260804_115615,1,2026-08-04T11:56:15Z,,,,+0.00000
260804_115630,1,2026-08-04T11:56:30Z,,,,+0.00000
260804_115645,1,2026-08-04T11:56:45Z,-0.00650,-0.00649,0.9851,+0.00000
260804_115700,1,2026-08-04T11:57:00Z,,,,+0.00000
260804_115715,1,2026-08-04T11:57:15Z,,,,+0.00000
260804_115730,1,2026-08-04T11:57:30Z,,,,+0.00000
260804_115745,1,2026-08-04T11:57:45Z,,,,+0.00000
260804_115800,1,2026-08-04T11:58:00Z,,,,+0.00000
260804_115815,1,2026-08-04T11:58:15Z,,,,+0.00000
260804_115830,1,2026-08-04T11:58:30Z,,,,+0.00000
260804_115845,1,2026-08-04T11:58:45Z,,,,+0.00000
260804_115900,1,2026-08-04T11:59:00Z,,,,+0.00000
260804_115915,1,2026-08-04T11:59:15Z,-0.00083,-0.00083,0.9827,+0.00000
260804_115930,1,2026-08-04T11:59:30Z,,,,+0.00000
260804_115945,1,2026-08-04T11:59:45Z,,,,+0.00000
260804_120000,1,2026-08-04T12:00:00Z,,,,+0.00000
260804_120015,1,2026-08-04T12:00:15Z,,,,+0.00000
260804_120030,1,2026-08-04T12:00:30Z,,,,+0.00000
260804_120045,1,2026-08-04T12:00:45Z,,,,+0.00000
260804_120100,1,2026-08-04T12:01:00Z,,,,+0.00000
260804_120115,1,2026-08-04T12:01:15Z,,,,+0.00000
260804_120130,1,2026-08-04T12:01:30Z,,,,+0.00000
260804_120145,1,2026-08-04T12:01:45Z,-0.03125,-0.03124,0.9902,+0.00000
260804_120200,1,2026-08-04T12:02:00Z,,,,+0.00000
260804_120215,1,2026-08-04T12:02:15Z,,,,+0.00000
260804_120230,1,2026-08-04T12:02:30Z,,,,+0.00000
260804_120245,1,2026-08-04T12:02:45Z,,,,+0.00000
260804_120300,1,2026-08-04T12:03:00Z,,,,+0.00000
260804_120315,1,2026-08-04T12:03:15Z,,,,+0.00000
260804_120330,1,2026-08-04T12:03:30Z,,,,+0.00000
260804_120345,1,2026-08-04T12:03:45Z,,,,+0.00000
260804_120400,1,2026-08-04T12:04:00Z,,,,+0.00000
260804_120415,1,2026-08-04T12:04:15Z,-0.02900,-0.02899,0.9890,+0.00000
260804_120430,1,2026-08-04T12:04:30Z,,,,+0.00000
260804_120445,1,2026-08-04T12:04:45Z,,,,+0.00000
260804_120500,1,2026-08-04T12:05:00Z,,,,+0.00000
260804_120515,1,2026-08-04T12:05:15Z,,,,+0.00000
260804_120530,1,2026-08-04T12:05:30Z,,,,+0.00000
260804_120545,1,2026-08-04T12:05:45Z,,,,+0.00000
260804_120600,1,2026-08-04T12:06:00Z,,,,+0.00000
260804_120615,1,2026-08-04T12:06:15Z,,,,+0.00000
260804_120630,1,2026-08-04T12:06:30Z,,,,+0.00000
260804_120645,1,2026-08-04T12:06:45Z,-0.01733,-0.01733,0.9884,+0.00000
260804_120700,1,2026-08-04T12:07:00Z,,,,+0.00000
260804_120715,1,2026-08-04T12:07:15Z,,,,+0.00000
260804_120730,1,2026-08-04T12:07:30Z,,,,+0.00000
260804_120745,1,2026-08-04T12:07:45Z,,,,+0.00000
260804_120800,1,2026-08-04T12:08:00Z,,,,+0.00000
260804_120815,1,2026-08-04T12:08:15Z,,,,+0.00000
260804_120830,1,2026-08-04T12:08:30Z,,,,+0.00000
260804_120845,1,2026-08-04T12:08:45Z,,,,+0.00000
260804_120900,1,2026-08-04T12:09:00Z,,,,+0.00000
260804_120915,1,2026-08-04T12:09:15Z,-0.01525,-0.01524,0.9891,+0.00000
260804_120930,1,2026-08-04T12:09:30Z,,,,+0.00000
260804_120945,1,2026-08-04T12:09:45Z,,,,+0.00000
260804_121000,1,2026-08-04T12:10:00Z,,,,+0.00000
260804_121015,1,2026-08-04T12:10:15Z,,,,+0.00000
260804_121030,1,2026-08-04T12:10:30Z,,,,+0.00000
260804_121045,1,2026-08-04T12:10:45Z,,,,+0.00000
260804_121100,1,2026-08-04T12:11:00Z,,,,+0.00000
260804_121115,1,2026-08-04T12:11:15Z,,,,+0.00000
260804_121130,1,2026-08-04T12:11:30Z,,,,+0.00000
260804_121145,1,2026-08-04T12:11:45Z,-0.00683,-0.00683,0.9916,+0.00000
260804_121200,1,2026-08-04T12:12:00Z,,,,+0.00000
260804_121215,1,2026-08-04T12:12:15Z,,,,+0.00000
260804_121230,1,2026-08-04T12:12:30Z,,,,+0.00000
260804_121245,1,2026-08-04T12:12:45Z,,,,+0.00000
260804_121300,1,2026-08-04T12:13:00Z,,,,+0.00000
260804_121315,1,2026-08-04T12:13:15Z,,,,+0.00000
260804_121330,1,2026-08-04T12:13:30Z,,,,+0.00000
260804_121345,1,2026-08-04T12:13:45Z,,,,+0.00000
260804_121400,1,2026-08-04T12:14:00Z,,,,+0.00000
260804_121415,1,2026-08-04T12:14:15Z,+0.00692,+0.00692,0.9865,+0.00000
260804_121430,1,2026-08-04T12:14:30Z,,,,+0.00000
260804_121445,1,2026-08-04T12:14:45Z,,,,+0.00000
260804_121500,1,2026-08-04T12:15:00Z,,,,+0.00000
260804_121515,1,2026-08-04T12:15:15Z,,,,+0.00000
260804_121530,1,2026-08-04T12:15:30Z,,,,+0.00000
260804_121545,1,2026-08-04T12:15:45Z,,,,+0.00000
260804_121600,1,2026-08-04T12:16:00Z,,,,+0.00000
260804_121615,1,2026-08-04T12:16:15Z,,,,+0.00000
260804_121630,1,2026-08-04T12:16:30Z,,,,+0.00000
260804_121645,1,2026-08-04T12:16:45Z,-0.02783,-0.02783,0.9895,+0.00000
260804_121700,1,2026-08-04T12:17:00Z,,,,+0.00000
260804_121715,1,2026-08-04T12:17:15Z,,,,+0.00000
260804_121730,1,2026-08-04T12:17:30Z,,,,+0.00000
260804_121745,1,2026-08-04T12:17:45Z,,,,+0.00000
260804_121800,1,2026-08-04T12:18:00Z,,,,+0.00000
260804_121815,1,2026-08-04T12:18:15Z,,,,+0.00000
260804_121830,1,2026-08-04T12:18:30Z,,,,+0.00000
260804_121845,1,2026-08-04T12:18:45Z,,,,+0.00000
260804_121900,1,2026-08-04T12:19:00Z,,,,+0.00000
260804_121915,1,2026-08-04T12:19:15Z,-0.02542,-0.02541,0.9873,+0.00000
260804_121930,1,2026-08-04T12:19:30Z,,,,+0.00000
260804_121945,1,2026-08-04T12:19:45Z,,,,+0.00000
260804_122000,1,2026-08-04T12:20:00Z,,,,+0.00000
260804_122015,1,2026-08-04T12:20:15Z,,,,+0.00000
260804_122030,1,2026-08-04T12:20:30Z,,,,+0.00000
260804_122045,1,2026-08-04T12:20:45Z,,,,+0.00000
260804_122100,1,2026-08-04T12:21:00Z,,,,+0.00000
260804_122115,1,2026-08-04T12:21:15Z,,,,+0.00000
260804_122130,1,2026-08-04T12:21:30Z,,,,+0.00000
260804_122145,1,2026-08-04T12:21:45Z,-0.01183,-0.01183,0.9888,+0.00000
260804_122200,1,2026-08-04T12:22:00Z,,,,+0.00000
260804_122215,1,2026-08-04T12:22:15Z,,,,+0.00000
260804_122230,1,2026-08-04T12:22:30Z,,,,+0.00000
260804_122245,1,2026-08-04T12:22:45Z,,,,+0.00000
260804_122300,1,2026-08-04T12:23:00Z,,,,+0.00000
260804_122315,1,2026-08-04T12:23:15Z,,,,+0.00000
260804_122330,1,2026-08-04T12:23:30Z,,,,+0.00000
260804_122345,1,2026-08-04T12:23:45Z,,,,+0.00000
260804_122400,1,2026-08-04T12:24:00Z,,,,+0.00000
260804_122415,1,2026-08-04T12:24:15Z,-0.01242,-0.01241,0.9924,+0.00000
260804_122430,1,2026-08-04T12:24:30Z,,,,+0.00000
260804_122445,1,2026-08-04T12:24:45Z,,,,+0.00000
260804_122500,1,2026-08-04T12:25:00Z,,,,+0.00000
260804_122515,1,2026-08-04T12:25:15Z,,,,+0.00000
260804_122530,1,2026-08-04T12:25:30Z,,,,+0.00000
260804_122545,1,2026-08-04T12:25:45Z,,,,+0.00000
260804_122600,1,2026-08-04T12:26:00Z,,,,+0.00000
260804_122615,1,2026-08-04T12:26:15Z,,,,+0.00000
260804_122630,1,2026-08-04T12:26:30Z,,,,+0.00000
260804_122645,1,2026-08-04T12:26:45Z,+0.00283,+0.00284,0.9863,+0.00000
260804_122700,1,2026-08-04T12:27:00Z,,,,+0.00000
260804_122715,1,2026-08-04T12:27:15Z,,,,+0.00000
260804_122730,1,2026-08-04T12:27:30Z,,,,+0.00000
260804_122745,1,2026-08-04T12:27:45Z,,,,+0.00000
260804_122800,1,2026-08-04T12:28:00Z,,,,+0.00000
260804_122815,1,2026-08-04T12:28:15Z,,,,+0.00000
260804_122830,1,2026-08-04T12:28:30Z,,,,+0.00000
260804_122845,1,2026-08-04T12:28:45Z,,,,+0.00000
260804_122900,1,2026-08-04T12:29:00Z,,,,+0.00000
260804_122915,1,2026-08-04T12:29:15Z,-0.03417,-0.03416,0.9858,+0.00000
260804_122930,1,2026-08-04T12:29:30Z,,,,+0.00000
260804_122945,1,2026-08-04T12:29:45Z,,,,+0.00000
260804_123000,1,2026-08-04T12:30:00Z,,,,+0.00000
260804_123015,1,2026-08-04T12:30:15Z,,,,+0.00000
260804_123030,1,2026-08-04T12:30:30Z,,,,+0.00000
260804_123045,1,2026-08-04T12:30:45Z,,,,+0.00000
260804_123100,1,2026-08-04T12:31:00Z,,,,+0.00000
260804_123115,1,2026-08-04T12:31:15Z,,,,+0.00000
260804_123130,1,2026-08-04T12:31:30Z,,,,+0.00000
260804_123145,1,2026-08-04T12:31:45Z,-0.02558,-0.02558,0.9904,+0.00000
260804_123200,1,2026-08-04T12:32:00Z,,,,+0.00000
260804_123215,1,2026-08-04T12:32:15Z,,,,+0.00000
260804_123230,1,2026-08-04T12:32:30Z,,,,+0.00000
260804_123245,1,2026-08-04T12:32:45Z,,,,+0.00000
260804_123300,1,2026-08-04T12:33:00Z,,,,+0.00000
260804_123315,1,2026-08-04T12:33:15Z,,,,+0.00000
260804_123330,1,2026-08-04T12:33:30Z,,,,+0.00000
260804_123345,1,2026-08-04T12:33:45Z,,,,+0.00000
260804_123400,1,2026-08-04T12:34:00Z,,,,+0.00000
260804_123415,1,2026-08-04T12:34:15Z,-0.02008,-0.02008,0.9858,+0.00000
260804_123430,1,2026-08-04T12:34:30Z,,,,+0.00000
260804_123445,1,2026-08-04T12:34:45Z,,,,+0.00000
260804_123500,1,2026-08-04T12:35:00Z,,,,+0.00000
260804_123515,1,2026-08-04T12:35:15Z,,,,+0.00000
260804_123530,1,2026-08-04T12:35:30Z,,,,+0.00000
260804_123545,1,2026-08-04T12:35:45Z,,,,+0.00000
260804_123600,1,2026-08-04T12:36:00Z,,,,+0.00000
260804_123615,1,2026-08-04T12:36:15Z,,,,+0.00000
260804_123630,1,2026-08-04T12:36:30Z,,,,+0.00000
260804_123645,1,2026-08-04T12:36:45Z,-0.01442,-0.01441,0.9905,+0.00000
260804_123700,1,2026-08-04T12:37:00Z,,,,+0.00000
260804_123715,1,2026-08-04T12:37:15Z,,,,+0.00000
260804_123730,1,2026-08-04T12:37:30Z,,,,+0.00000
260804_123745,1,2026-08-04T12:37:45Z,,,,+0.00000
260804_123800,1,2026-08-04T12:38:00Z,,,,+0.00000
260804_123815,1,2026-08-04T12:38:15Z,,,,+0.00000
260804_123830,1,2026-08-04T12:38:30Z,,,,+0.00000
260804_123845,1,2026-08-04T12:38:45Z,,,,+0.00000
260804_123900,1,2026-08-04T12:39:00Z,,,,+0.00000
260804_123915,1,2026-08-04T12:39:15Z,-0.00817,-0.00816,0.9814,+0.00000
260804_123930,1,2026-08-04T12:39:30Z,,,,+0.00000
260804_123945,1,2026-08-04T12:39:45Z,,,,+0.00000
260804_124000,1,2026-08-04T12:40:00Z,,,,+0.00000
260804_124015,1,2026-08-04T12:40:15Z,,,,+0.00000
260804_124030,1,2026-08-04T12:40:30Z,,,,+0.00000
260804_124045,1,2026-08-04T12:40:45Z,,,,+0.00000
260804_124100,1,2026-08-04T12:41:00Z,,,,+0.00000
260804_124115,1,2026-08-04T12:41:15Z,,,,+0.00000
260804_124130,1,2026-08-04T12:41:30Z,,,,+0.00000
260804_124145,1,2026-08-04T12:41:45Z,-0.00158,-0.00158,0.9792,+0.00000
260804_124200,1,2026-08-04T12:42:00Z,,,,+0.00000
260804_124215,1,2026-08-04T12:42:15Z,,,,+0.00000
260804_124230,1,2026-08-04T12:42:30Z,,,,+0.00000
260804_124245,1,2026-08-04T12:42:45Z,,,,+0.00000
260804_124300,1,2026-08-04T12:43:00Z,,,,+0.00000
260804_124315,1,2026-08-04T12:43:15Z,,,,+0.00000
260804_124330,1,2026-08-04T12:43:30Z,,,,+0.00000
260804_124345,1,2026-08-04T12:43:45Z,,,,+0.00000
260804_124400,1,2026-08-04T12:44:00Z,,,,+0.00000
260804_124415,1,2026-08-04T12:44:15Z,-0.02833,-0.02833,0.9935,+0.00000
260804_124430,1,2026-08-04T12:44:30Z,,,,+0.00000
260804_124445,1,2026-08-04T12:44:45Z,,,,+0.00000
260804_124500,1,2026-08-04T12:45:00Z,,,,+0.00000
260804_124515,1,2026-08-04T12:45:15Z,,,,+0.00000
260804_124530,1,2026-08-04T12:45:30Z,,,,+0.00000
260804_124545,1,2026-08-04T12:45:45Z,,,,+0.00000
260804_124600,1,2026-08-04T12:46:00Z,,,,+0.00000
260804_124615,1,2026-08-04T12:46:15Z,,,,+0.00000
260804_124630,1,2026-08-04T12:46:30Z,,,,+0.00000
260804_124645,1,2026-08-04T12:46:45Z,-0.02633,-0.02633,0.9915,+0.00000
260804_124700,1,2026-08-04T12:47:00Z,,,,+0.00000
260804_124715,1,2026-08-04T12:47:15Z,,,,+0.00000
260804_124730,1,2026-08-04T12:47:30Z,,,,+0.00000
260804_124745,1,2026-08-04T12:47:45Z,,,,+0.00000
260804_124800,1,2026-08-04T12:48:00Z,,,,+0.00000
260804_124815,1,2026-08-04T12:48:15Z,,,,+0.00000
260804_124830,1,2026-08-04T12:48:30Z,,,,+0.00000
260804_124845,1,2026-08-04T12:48:45Z,,,,+0.00000
260804_124900,1,2026-08-04T12:49:00Z,,,,+0.00000
260804_124915,1,2026-08-04T12:49:15Z,-0.01800,-0.01799,0.9921,+0.00000
260804_124930,1,2026-08-04T12:49:30Z,,,,+0.00000
260804_124945,1,2026-08-04T12:49:45Z,,,,+0.00000
260804_125000,1,2026-08-04T12:50:00Z,,,,+0.00000
260804_125015,1,2026-08-04T12:50:15Z,,,,+0.00000
260804_125030,1,2026-08-04T12:50:30Z,,,,+0.00000
260804_125045,1,2026-08-04T12:50:45Z,,,,+0.00000
260804_125100,1,2026-08-04T12:51:00Z,,,,+0.00000
260804_125115,1,2026-08-04T12:51:15Z,,,,+0.00000
260804_125130,1,2026-08-04T12:51:30Z,,,,+0.00000
260804_125145,1,2026-08-04T12:51:45Z,-0.00533,-0.00533,0.9888,+0.00000
260804_125200,1,2026-08-04T12:52:00Z,,,,+0.00000
260804_125215,1,2026-08-04T12:52:15Z,,,,+0.00000
260804_125230,1,2026-08-04T12:52:30Z,,,,+0.00000
260804_125245,1,2026-08-04T12:52:45Z,,,,+0.00000
260804_125300,1,2026-08-04T12:53:00Z,,,,+0.00000
260804_125315,1,2026-08-04T12:53:15Z,,,,+0.00000
260804_125330,1,2026-08-04T12:53:30Z,,,,+0.00000
260804_125345,1,2026-08-04T12:53:45Z,,,,+0.00000
260804_125400,1,2026-08-04T12:54:00Z,,,,+0.00000
260804_125415,1,2026-08-04T12:54:15Z,-0.00158,-0.00158,0.9922,+0.00000
260804_125430,1,2026-08-04T12:54:30Z,,,,+0.00000
260804_125445,1,2026-08-04T12:54:45Z,,,,+0.00000
260804_125500,1,2026-08-04T12:55:00Z,,,,+0.00000
260804_125515,1,2026-08-04T12:55:15Z,,,,+0.00000
260804_125530,1,2026-08-04T12:55:30Z,,,,+0.00000
260804_125545,1,2026-08-04T12:55:45Z,,,,+0.00000
260804_125600,1,2026-08-04T12:56:00Z,,,,+0.00000
260804_125615,1,2026-08-04T12:56:15Z,,,,+0.00000
260804_125630,1,2026-08-04T12:56:30Z,,,,+0.00000
260804_125645,1,2026-08-04T12:56:45Z,+0.00633,+0.00634,0.9770,+0.00000
260804_125700,1,2026-08-04T12:57:00Z,,,,+0.00000
260804_125715,1,2026-08-04T12:57:15Z,,,,+0.00000
260804_125730,1,2026-08-04T12:57:30Z,,,,+0.00000
260804_125745,1,2026-08-04T12:57:45Z,,,,+0.00000
260804_125800,1,2026-08-04T12:58:00Z,,,,+0.00000
260804_125815,1,2026-08-04T12:58:15Z,,,,+0.00000
260804_125830,1,2026-08-04T12:58:30Z,,,,+0.00000
260804_125845,1,2026-08-04T12:58:45Z,,,,+0.00000
260804_125900,1,2026-08-04T12:59:00Z,,,,+0.00000
260804_125915,1,2026-08-04T12:59:15Z,-0.02667,-0.02666,0.9869,+0.00000
260804_125930,1,2026-08-04T12:59:30Z,,,,+0.00000
260804_125945,1,2026-08-04T12:59:45Z,,,,+0.00000
260804_130000,1,2026-08-04T13:00:00Z,,,,+0.00000
260804_130015,1,2026-08-04T13:00:15Z,,,,+0.00000
260804_130030,1,2026-08-04T13:00:30Z,,,,+0.00000
260804_130045,1,2026-08-04T13:00:45Z,,,,+0.00000
260804_130100,1,2026-08-04T13:01:00Z,,,,+0.00000
260804_130115,1,2026-08-04T13:01:15Z,,,,+0.00000
260804_130130,1,2026-08-04T13:01:30Z,,,,+0.00000
260804_130145,1,2026-08-04T13:01:45Z,-0.02292,-0.02291,0.9868,+0.00000
260804_130200,1,2026-08-04T13:02:00Z,,,,+0.00000
260804_130215,1,2026-08-04T13:02:15Z,,,,+0.00000
260804_130230,1,2026-08-04T13:02:30Z,,,,+0.00000
260804_130245,1,2026-08-04T13:02:45Z,,,,+0.00000
260804_130300,1,2026-08-04T13:03:00Z,,,,+0.00000
260804_130315,1,2026-08-04T13:03:15Z,,,,+0.00000
260804_130330,1,2026-08-04T13:03:30Z,,,,+0.00000
260804_130345,1,2026-08-04T13:03:45Z,,,,+0.00000
260804_130400,1,2026-08-04T13:04:00Z,,,,+0.00000
260804_130415,1,2026-08-04T13:04:15Z,-0.01533,-0.01533,0.9860,+0.00000
260804_130430,1,2026-08-04T13:04:30Z,,,,+0.00000
260804_130445,1,2026-08-04T13:04:45Z,,,,+0.00000
260804_130500,1,2026-08-04T13:05:00Z,,,,+0.00000
260804_130515,1,2026-08-04T13:05:15Z,,,,+0.00000
260804_130530,1,2026-08-04T13:05:30Z,,,,+0.00000
260804_130545,1,2026-08-04T13:05:45Z,,,,+0.00000
260804_130600,1,2026-08-04T13:06:00Z,,,,+0.00000
260804_130615,1,2026-08-04T13:06:15Z,,,,+0.00000
260804_130630,1,2026-08-04T13:06:30Z,,,,+0.00000
260804_130645,1,2026-08-04T13:06:45Z,-0.01092,-0.01091,0.9902,+0.00000
260804_130700,1,2026-08-04T13:07:00Z,,,,+0.00000
260804_130715,1,2026-08-04T13:07:15Z,,,,+0.00000
260804_130730,1,2026-08-04T13:07:30Z,,,,+0.00000
260804_130745,1,2026-08-04T13:07:45Z,,,,+0.00000
260804_130800,1,2026-08-04T13:08:00Z,,,,+0.00000
260804_130815,1,2026-08-04T13:08:15Z,,,,+0.00000
260804_130830,1,2026-08-04T13:08:30Z,,,,+0.00000
260804_130845,1,2026-08-04T13:08:45Z,,,,+0.00000
260804_130900,1,2026-08-04T13:09:00Z,,,,+0.00000
260804_130915,1,2026-08-04T13:09:15Z,+0.00033,+0.00034,0.9862,+0.00000
260804_130930,1,2026-08-04T13:09:30Z,,,,+0.00000
260804_130945,1,2026-08-04T13:09:45Z,,,,+0.00000
260804_131000,1,2026-08-04T13:10:00Z,,,,+0.00000
260804_131015,1,2026-08-04T13:10:15Z,,,,+0.00000
260804_131030,1,2026-08-04T13:10:30Z,,,,+0.00000
260804_131045,1,2026-08-04T13:10:45Z,,,,+0.00000
260804_131100,1,2026-08-04T13:11:00Z,,,,+0.00000
260804_131115,1,2026-08-04T13:11:15Z,,,,+0.00000
260804_131130,1,2026-08-04T13:11:30Z,,,,+0.00000
260804_131145,1,2026-08-04T13:11:45Z,-0.00883,-0.00883,0.9916,+0.00000
260804_131200,1,2026-08-04T13:12:00Z,,,,+0.00000
260804_131215,1,2026-08-04T13:12:15Z,,,,+0.00000
260804_131230,1,2026-08-04T13:12:30Z,,,,+0.00000
260804_131245,1,2026-08-04T13:12:45Z,,,,+0.00000
260804_131300,1,2026-08-04T13:13:00Z,,,,+0.00000
260804_131315,1,2026-08-04T13:13:15Z,,,,+0.00000
260804_131330,1,2026-08-04T13:13:30Z,,,,+0.00000
260804_131345,1,2026-08-04T13:13:45Z,,,,+0.00000
260804_131400,1,2026-08-04T13:14:00Z,,,,+0.00000
260804_131415,1,2026-08-04T13:14:15Z,-0.00558,-0.00558,0.9887,+0.00000
260804_131430,1,2026-08-04T13:14:30Z,,,,+0.00000
260804_131445,1,2026-08-04T13:14:45Z,,,,+0.00000
260804_131500,1,2026-08-04T13:15:00Z,,,,+0.00000
260804_131515,1,2026-08-04T13:15:15Z,,,,+0.00000
260804_131530,1,2026-08-04T13:15:30Z,,,,+0.00000
260804_131545,1,2026-08-04T13:15:45Z,,,,+0.00000
260804_131600,1,2026-08-04T13:16:00Z,,,,+0.00000
260804_131615,1,2026-08-04T13:16:15Z,,,,+0.00000
260804_131630,1,2026-08-04T13:16:30Z,,,,+0.00000
260804_131645,1,2026-08-04T13:16:45Z,+0.00525,+0.00526,0.9904,+0.00000
260804_131700,1,2026-08-04T13:17:00Z,,,,+0.00000
260804_131715,1,2026-08-04T13:17:15Z,,,,+0.00000
260804_131730,1,2026-08-04T13:17:30Z,,,,+0.00000
260804_131745,1,2026-08-04T13:17:45Z,,,,+0.00000
260804_131800,1,2026-08-04T13:18:00Z,,,,+0.00000
260804_131815,1,2026-08-04T13:18:15Z,,,,+0.00000
260804_131830,1,2026-08-04T13:18:30Z,,,,+0.00000
260804_131845,1,2026-08-04T13:18:45Z,,,,+0.00000
260804_131900,1,2026-08-04T13:19:00Z,,,,+0.00000
260804_131915,1,2026-08-04T13:19:15Z,-0.03267,-0.03266,0.9942,+0.00000
260804_131930,1,2026-08-04T13:19:30Z,,,,+0.00000
260804_131945,1,2026-08-04T13:19:45Z,,,,+0.00000
260804_132000,1,2026-08-04T13:20:00Z,,,,+0.00000
260804_132015,1,2026-08-04T13:20:15Z,,,,+0.00000
260804_132030,1,2026-08-04T13:20:30Z,,,,+0.00000
260804_132045,1,2026-08-04T13:20:45Z,,,,+0.00000
260804_132100,1,2026-08-04T13:21:00Z,,,,+0.00000
260804_132115,1,2026-08-04T13:21:15Z,,,,+0.00000
260804_132130,1,2026-08-04T13:21:30Z,,,,+0.00000
260804_132145,1,2026-08-04T13:21:45Z,-0.02367,-0.02366,0.9937,+0.00000
260804_132200,1,2026-08-04T13:22:00Z,,,,+0.00000
260804_132215,1,2026-08-04T13:22:15Z,,,,+0.00000
260804_132230,1,2026-08-04T13:22:30Z,,,,+0.00000
260804_132245,1,2026-08-04T13:22:45Z,,,,+0.00000
260804_132300,1,2026-08-04T13:23:00Z,,,,+0.00000
260804_132315,1,2026-08-04T13:23:15Z,,,,+0.00000
260804_132330,1,2026-08-04T13:23:30Z,,,,+0.00000
260804_132345,1,2026-08-04T13:23:45Z,,,,+0.00000
260804_132400,1,2026-08-04T13:24:00Z,,,,+0.00000
260804_132415,1,2026-08-04T13:24:15Z,-0.01275,-0.01275,0.9936,+0.00000
260804_132430,1,2026-08-04T13:24:30Z,,,,+0.00000
260804_132445,1,2026-08-04T13:24:45Z,,,,+0.00000
260804_132500,1,2026-08-04T13:25:00Z,,,,+0.00000
260804_132515,1,2026-08-04T13:25:15Z,,,,+0.00000
260804_132530,1,2026-08-04T13:25:30Z,,,,+0.00000
260804_132545,1,2026-08-04T13:25:45Z,,,,+0.00000
260804_132600,1,2026-08-04T13:26:00Z,,,,+0.00000
260804_132615,1,2026-08-04T13:26:15Z,,,,+0.00000
260804_132630,1,2026-08-04T13:26:30Z,,,,+0.00000
260804_132645,1,2026-08-04T13:26:45Z,-0.00725,-0.00724,0.9943,+0.00000
260804_132700,1,2026-08-04T13:27:00Z,,,,+0.00000
260804_132715,1,2026-08-04T13:27:15Z,,,,+0.00000
260804_132730,1,2026-08-04T13:27:30Z,,,,+0.00000
260804_132745,1,2026-08-04T13:27:45Z,,,,+0.00000
260804_132800,1,2026-08-04T13:28:00Z,,,,+0.00000
260804_132815,1,2026-08-04T13:28:15Z,,,,+0.00000
260804_132830,1,2026-08-04T13:28:30Z,,,,+0.00000
260804_132845,1,2026-08-04T13:28:45Z,,,,+0.00000
260804_132900,1,2026-08-04T13:29:00Z,,,,+0.00000
260804_132915,1,2026-08-04T13:29:15Z,+0.00233,+0.00234,0.9928,+0.00000
260804_132930,1,2026-08-04T13:29:30Z,,,,+0.00000
260804_132945,1,2026-08-04T13:29:45Z,,,,+0.00000
260804_133000,1,2026-08-04T13:30:00Z,,,,+0.00000
260804_133015,1,2026-08-04T13:30:15Z,,,,+0.00000
260804_133030,1,2026-08-04T13:30:30Z,,,,+0.00000
260804_133045,1,2026-08-04T13:30:45Z,,,,+0.00000
260804_133100,1,2026-08-04T13:31:00Z,,,,+0.00000
260804_133115,1,2026-08-04T13:31:15Z,,,,+0.00000
260804_133130,1,2026-08-04T13:31:30Z,,,,+0.00000
260804_133145,1,2026-08-04T13:31:45Z,-0.03933,-0.03933,0.9988,+0.00000
260804_133200,1,2026-08-04T13:32:00Z,,,,+0.00000
260804_133215,1,2026-08-04T13:32:15Z,,,,+0.00000
260804_133230,1,2026-08-04T13:32:30Z,,,,+0.00000
260804_133245,1,2026-08-04T13:32:45Z,,,,+0.00000
260804_133300,1,2026-08-04T13:33:00Z,,,,+0.00000
260804_133315,1,2026-08-04T13:33:15Z,,,,+0.00000
260804_133330,1,2026-08-04T13:33:30Z,,,,+0.00000
260804_133345,1,2026-08-04T13:33:45Z,,,,+0.00000
260804_133400,1,2026-08-04T13:34:00Z,,,,+0.00000
260804_133415,1,2026-08-04T13:34:15Z,-0.02592,-0.02591,0.9890,+0.00000
260804_133430,1,2026-08-04T13:34:30Z,,,,+0.00000
260804_133445,1,2026-08-04T13:34:45Z,,,,+0.00000
260804_133500,1,2026-08-04T13:35:00Z,,,,+0.00000
260804_133515,1,2026-08-04T13:35:15Z,,,,+0.00000
260804_133530,1,2026-08-04T13:35:30Z,,,,+0.00000
260804_133545,1,2026-08-04T13:35:45Z,,,,+0.00000
260804_133600,1,2026-08-04T13:36:00Z,,,,+0.00000
260804_133615,1,2026-08-04T13:36:15Z,,,,+0.00000
260804_133630,1,2026-08-04T13:36:30Z,,,,+0.00000
260804_133645,1,2026-08-04T13:36:45Z,-0.02058,-0.02057,0.9859,+0.00000
260804_133700,1,2026-08-04T13:37:00Z,,,,+0.00000
260804_133715,1,2026-08-04T13:37:15Z,,,,+0.00000
260804_133730,1,2026-08-04T13:37:30Z,,,,+0.00000
260804_133745,1,2026-08-04T13:37:45Z,,,,+0.00000
260804_133800,1,2026-08-04T13:38:00Z,,,,+0.00000
260804_133815,1,2026-08-04T13:38:15Z,,,,+0.00000
260804_133830,1,2026-08-04T13:38:30Z,,,,+0.00000
260804_133845,1,2026-08-04T13:38:45Z,,,,+0.00000
260804_133900,1,2026-08-04T13:39:00Z,,,,+0.00000
260804_133915,1,2026-08-04T13:39:15Z,-0.00858,-0.00858,0.9883,+0.00000
260804_133930,1,2026-08-04T13:39:30Z,,,,+0.00000
260804_133945,1,2026-08-04T13:39:45Z,,,,+0.00000
260804_134000,1,2026-08-04T13:40:00Z,,,,+0.00000
260804_134015,1,2026-08-04T13:40:15Z,,,,+0.00000
260804_134030,1,2026-08-04T13:40:30Z,,,,+0.00000
260804_134045,1,2026-08-04T13:40:45Z,,,,+0.00000
260804_134100,1,2026-08-04T13:41:00Z,,,,+0.00000
260804_134115,1,2026-08-04T13:41:15Z,,,,+0.00000
260804_134130,1,2026-08-04T13:41:30Z,,,,+0.00000
260804_134145,1,2026-08-04T13:41:45Z,-0.00517,-0.00516,0.9848,+0.00000
260804_134200,1,2026-08-04T13:42:00Z,,,,+0.00000
260804_134215,1,2026-08-04T13:42:15Z,,,,+0.00000
260804_134230,1,2026-08-04T13:42:30Z,,,,+0.00000
260804_134245,1,2026-08-04T13:42:45Z,,,,+0.00000
260804_134300,1,2026-08-04T13:43:00Z,,,,+0.00000
260804_134315,1,2026-08-04T13:43:15Z,,,,+0.00000
260804_134330,1,2026-08-04T13:43:30Z,,,,+0.00000
260804_134345,1,2026-08-04T13:43:45Z,,,,+0.00000
260804_134400,1,2026-08-04T13:44:00Z,,,,+0.00000
260804_134415,1,2026-08-04T13:44:15Z,-0.00225,-0.00224,0.9923,+0.00000
260804_134430,1,2026-08-04T13:44:30Z,,,,+0.00000
260804_134445,1,2026-08-04T13:44:45Z,,,,+0.00000
260804_134500,1,2026-08-04T13:45:00Z,,,,+0.00000
260804_134515,1,2026-08-04T13:45:15Z,,,,+0.00000
260804_134530,1,2026-08-04T13:45:30Z,,,,+0.00000
260804_134545,1,2026-08-04T13:45:45Z,,,,+0.00000
260804_134600,1,2026-08-04T13:46:00Z,,,,+0.00000
260804_134615,1,2026-08-04T13:46:15Z,,,,+0.00000
260804_134630,1,2026-08-04T13:46:30Z,,,,+0.00000
260804_134645,1,2026-08-04T13:46:45Z,-0.02958,-0.02958,0.9904,+0.00000
260804_134700,1,2026-08-04T13:47:00Z,,,,+0.00000
260804_134715,1,2026-08-04T13:47:15Z,,,,+0.00000
260804_134730,1,2026-08-04T13:47:30Z,,,,+0.00000
260804_134745,1,2026-08-04T13:47:45Z,,,,+0.00000
260804_134800,1,2026-08-04T13:48:00Z,,,,+0.00000
260804_134815,1,2026-08-04T13:48:15Z,,,,+0.00000
260804_134830,1,2026-08-04T13:48:30Z,,,,+0.00000
260804_134845,1,2026-08-04T13:48:45Z,,,,+0.00000
260804_134900,1,2026-08-04T13:49:00Z,,,,+0.00000
260804_134915,1,2026-08-04T13:49:15Z,-0.02558,-0.02558,0.9918,+0.00000
260804_134930,1,2026-08-04T13:49:30Z,,,,+0.00000
260804_134945,1,2026-08-04T13:49:45Z,,,,+0.00000
260804_135000,1,2026-08-04T13:50:00Z,,,,+0.00000
260804_135015,1,2026-08-04T13:50:15Z,,,,+0.00000
260804_135030,1,2026-08-04T13:50:30Z,,,,+0.00000
260804_135045,1,2026-08-04T13:50:45Z,,,,+0.00000
260804_135100,1,2026-08-04T13:51:00Z,,,,+0.00000
260804_135115,1,2026-08-04T13:51:15Z,,,,+0.00000
260804_135130,1,2026-08-04T13:51:30Z,,,,+0.00000
260804_135145,1,2026-08-04T13:51:45Z,-0.02033,-0.02033,0.9835,+0.00000
260804_135200,1,2026-08-04T13:52:00Z,,,,+0.00000
260804_135215,1,2026-08-04T13:52:15Z,,,,+0.00000
260804_135230,1,2026-08-04T13:52:30Z,,,,+0.00000
260804_135245,1,2026-08-04T13:52:45Z,,,,+0.00000
260804_135300,1,2026-08-04T13:53:00Z,,,,+0.00000
260804_135315,1,2026-08-04T13:53:15Z,,,,+0.00000
260804_135330,1,2026-08-04T13:53:30Z,,,,+0.00000
260804_135345,1,2026-08-04T13:53:45Z,,,,+0.00000
260804_135400,1,2026-08-04T13:54:00Z,,,,+0.00000
260804_135415,1,2026-08-04T13:54:15Z,-0.00808,-0.00808,0.9877,+0.00000
260804_135430,1,2026-08-04T13:54:30Z,,,,+0.00000
260804_135445,1,2026-08-04T13:54:45Z,,,,+0.00000
260804_135500,1,2026-08-04T13:55:00Z,,,,+0.00000
260804_135515,1,2026-08-04T13:55:15Z,,,,+0.00000
260804_135530,1,2026-08-04T13:55:30Z,,,,+0.00000
260804_135545,1,2026-08-04T13:55:45Z,,,,+0.00000
260804_135600,1,2026-08-04T13:56:00Z,,,,+0.00000
260804_135615,1,2026-08-04T13:56:15Z,,,,+0.00000
260804_135630,1,2026-08-04T13:56:30Z,,,,+0.00000
260804_135645,1,2026-08-04T13:56:45Z,-0.00117,-0.00116,0.9754,+0.00000
