cycle_stem,epoch,utc,lag_s,lag_subsample_s,peak_corr,label_offset_s
260731_200415,0,2026-07-31T20:04:15Z,,,,+0.00000
260731_200430,0,2026-07-31T20:04:30Z,,,,+0.24700
260731_200445,0,2026-07-31T20:04:45Z,,,,+0.27000
260731_200500,0,2026-07-31T20:05:00Z,,,,+0.27800
260731_200515,0,2026-07-31T20:05:15Z,,,,+0.27200
260731_200530,0,2026-07-31T20:05:30Z,,,,+0.22900
260731_200545,0,2026-07-31T20:05:45Z,,,,+0.23900
260731_200600,0,2026-07-31T20:06:00Z,,,,+0.24700
260731_200615,0,2026-07-31T20:06:15Z,,,,+0.26400
260731_200630,0,2026-07-31T20:06:30Z,,,,+0.23200
260731_200645,0,2026-07-31T20:06:45Z,,,,+0.25600
260731_200700,0,2026-07-31T20:07:00Z,,,,+0.28600
260731_200715,0,2026-07-31T20:07:15Z,,,,+0.24500
260731_200730,0,2026-07-31T20:07:30Z,,,,+0.25400
260731_200745,0,2026-07-31T20:07:45Z,,,,+0.27800
260731_200800,0,2026-07-31T20:08:00Z,,,,+0.24900
260731_200815,0,2026-07-31T20:08:15Z,,,,+0.24400
260731_200830,0,2026-07-31T20:08:30Z,,,,+0.27500
260731_200845,0,2026-07-31T20:08:45Z,,,,+0.24400
260731_200900,0,2026-07-31T20:09:00Z,,,,+0.29100
260731_200915,0,2026-07-31T20:09:15Z,-0.23233,-0.23233,0.9883,+0.24400
260731_200930,0,2026-07-31T20:09:30Z,,,,+0.28700
260731_200945,0,2026-07-31T20:09:45Z,,,,+0.23800
260731_201000,0,2026-07-31T20:10:00Z,,,,+0.28100
260731_201015,0,2026-07-31T20:10:15Z,,,,+0.27100
260731_201030,0,2026-07-31T20:10:30Z,,,,+0.25700
260731_201045,0,2026-07-31T20:10:45Z,,,,+0.24100
260731_201100,0,2026-07-31T20:11:00Z,,,,+0.24500
260731_201115,0,2026-07-31T20:11:15Z,,,,+0.26000
260731_201130,0,2026-07-31T20:11:30Z,,,,+0.27400
260731_201145,0,2026-07-31T20:11:45Z,-0.27233,-0.27233,0.9985,+0.26100
260731_201200,0,2026-07-31T20:12:00Z,,,,+0.26200
260731_201215,0,2026-07-31T20:12:15Z,,,,+0.29500
260731_201230,0,2026-07-31T20:12:30Z,,,,+0.27800
260731_201245,0,2026-07-31T20:12:45Z,,,,+0.26900
260731_201300,0,2026-07-31T20:13:00Z,,,,+0.30300
260731_201315,0,2026-07-31T20:13:15Z,,,,+0.30000
260731_201330,0,2026-07-31T20:13:30Z,,,,+0.28100
260731_201345,0,2026-07-31T20:13:45Z,,,,+0.29500
260731_201400,0,2026-07-31T20:14:00Z,,,,+0.25700
260731_201415,0,2026-07-31T20:14:15Z,-0.27233,-0.27233,0.9929,+0.27100
260731_201430,0,2026-07-31T20:14:30Z,,,,+0.31200
260731_201445,0,2026-07-31T20:14:45Z,,,,+0.28100
260731_201500,0,2026-07-31T20:15:00Z,,,,+0.25400
260731_201515,0,2026-07-31T20:15:15Z,,,,+0.29500
260731_201530,0,2026-07-31T20:15:30Z,,,,+0.27000
260731_201545,0,2026-07-31T20:15:45Z,,,,+0.31400
260731_201600,0,2026-07-31T20:16:00Z,,,,+0.30900
260731_201615,0,2026-07-31T20:16:15Z,,,,+0.26700
260731_201630,0,2026-07-31T20:16:30Z,,,,+0.30300
260731_201645,0,2026-07-31T20:16:45Z,-0.27233,-0.27233,0.9945,+0.28500
260731_201700,0,2026-07-31T20:17:00Z,,,,+0.27100
260731_201715,0,2026-07-31T20:17:15Z,,,,+0.30000
260731_201730,0,2026-07-31T20:17:30Z,,,,+0.31700
260731_201745,0,2026-07-31T20:17:45Z,,,,+0.30100
260731_201800,0,2026-07-31T20:18:00Z,,,,+0.27500
260731_201815,0,2026-07-31T20:18:15Z,,,,+0.28100
260731_201830,0,2026-07-31T20:18:30Z,,,,+0.31200
260731_201845,0,2026-07-31T20:18:45Z,,,,+0.28700
260731_201900,0,2026-07-31T20:19:00Z,,,,+0.31000
260731_201915,0,2026-07-31T20:19:15Z,-0.27233,-0.27233,0.9728,+0.28000
260731_201930,0,2026-07-31T20:19:30Z,,,,+0.28200
260731_201945,0,2026-07-31T20:19:45Z,,,,+0.30500
260731_202000,0,2026-07-31T20:20:00Z,,,,+0.28400
260731_202015,0,2026-07-31T20:20:15Z,,,,+0.28800
260731_202030,0,2026-07-31T20:20:30Z,,,,+0.30800
260731_202045,0,2026-07-31T20:20:45Z,,,,+0.28200
260731_202100,0,2026-07-31T20:21:00Z,,,,+0.28300
260731_202115,0,2026-07-31T20:21:15Z,,,,+0.30900
260731_202130,0,2026-07-31T20:21:30Z,,,,+0.27900
260731_202145,0,2026-07-31T20:21:45Z,-0.27233,-0.27233,0.9480,+0.27100
260731_202200,0,2026-07-31T20:22:00Z,,,,+0.28000
260731_202215,0,2026-07-31T20:22:15Z,,,,+0.30000
260731_202230,0,2026-07-31T20:22:30Z,,,,+0.27700
260731_202245,0,2026-07-31T20:22:45Z,,,,+0.29200
260731_202300,0,2026-07-31T20:23:00Z,,,,+0.32800
260731_202315,0,2026-07-31T20:23:15Z,,,,+0.29700
260731_202330,0,2026-07-31T20:23:30Z,,,,+0.29300
260731_202345,0,2026-07-31T20:23:45Z,,,,+0.31400
260731_202400,0,2026-07-31T20:24:00Z,,,,+0.33200
260731_202415,0,2026-07-31T20:24:15Z,-0.27233,-0.27233,0.9932,+0.33000
260731_202430,0,2026-07-31T20:24:30Z,,,,+0.28200
260731_202445,0,2026-07-31T20:24:45Z,,,,+0.28000
260731_202500,0,2026-07-31T20:25:00Z,,,,+0.30600
260731_202515,0,2026-07-31T20:25:15Z,,,,+0.33300
260731_202530,0,2026-07-31T20:25:30Z,,,,+0.30900
260731_202545,0,2026-07-31T20:25:45Z,,,,+0.30900
260731_202600,0,2026-07-31T20:26:00Z,,,,+0.32000
260731_202615,0,2026-07-31T20:26:15Z,,,,+0.32600
260731_202630,0,2026-07-31T20:26:30Z,,,,+0.33000
260731_202645,0,2026-07-31T20:26:45Z,-0.31233,-0.31233,0.9923,+0.34100
260731_202700,0,2026-07-31T20:27:00Z,,,,+0.31900
260731_202715,0,2026-07-31T20:27:15Z,,,,+0.34200
260731_202730,0,2026-07-31T20:27:30Z,,,,+0.32000
260731_202745,0,2026-07-31T20:27:45Z,,,,+0.33800
260731_202800,0,2026-07-31T20:28:00Z,,,,+0.30300
260731_202815,0,2026-07-31T20:28:15Z,,,,+0.33500
260731_202830,0,2026-07-31T20:28:30Z,,,,+0.29200
260731_202845,0,2026-07-31T20:28:45Z,,,,+0.33500
260731_202900,0,2026-07-31T20:29:00Z,,,,+0.35100
260731_202915,0,2026-07-31T20:29:15Z,-0.31233,-0.31233,0.9919,+0.29700
260731_202930,0,2026-07-31T20:29:30Z,,,,+0.32000
260731_202945,0,2026-07-31T20:29:45Z,,,,+0.34200
260731_203000,0,2026-07-31T20:30:00Z,,,,+0.34800
260731_203015,0,2026-07-31T20:30:15Z,,,,+0.32500
260731_203030,0,2026-07-31T20:30:30Z,,,,+0.32100
260731_203045,0,2026-07-31T20:30:45Z,,,,+0.32500
260731_203100,0,2026-07-31T20:31:00Z,,,,+0.34700
260731_203115,0,2026-07-31T20:31:15Z,,,,+0.30800
260731_203130,0,2026-07-31T20:31:30Z,,,,+0.31000
260731_203145,0,2026-07-31T20:31:45Z,-0.31233,-0.31233,0.9939,+0.33500
260731_203200,0,2026-07-31T20:32:00Z,,,,+0.34900
260731_203215,0,2026-07-31T20:32:15Z,,,,+0.35100
260731_203230,0,2026-07-31T20:32:30Z,,,,+0.35700
260731_203245,0,2026-07-31T20:32:45Z,,,,+0.33300
260731_203300,0,2026-07-31T20:33:00Z,,,,+0.35900
260731_203315,0,2026-07-31T20:33:15Z,,,,+0.32400
260731_203330,0,2026-07-31T20:33:30Z,,,,+0.35200
260731_203345,0,2026-07-31T20:33:45Z,,,,+0.31200
260731_203400,0,2026-07-31T20:34:00Z,,,,+0.33300
260731_203415,0,2026-07-31T20:34:15Z,-0.31233,-0.31233,0.9921,+0.30700
260731_203430,0,2026-07-31T20:34:30Z,,,,+0.33600
260731_203445,0,2026-07-31T20:34:45Z,,,,+0.32600
260731_203500,0,2026-07-31T20:35:00Z,,,,+0.30600
260731_203515,0,2026-07-31T20:35:15Z,,,,+0.34000
260731_203530,0,2026-07-31T20:35:30Z,,,,+0.36700
260731_203545,0,2026-07-31T20:35:45Z,,,,+0.35500
260731_203600,0,2026-07-31T20:36:00Z,,,,+0.35400
260731_203615,0,2026-07-31T20:36:15Z,,,,+0.35600
260731_203630,0,2026-07-31T20:36:30Z,,,,+0.33400
260731_203645,0,2026-07-31T20:36:45Z,-0.31233,-0.31233,0.9937,+0.32000
260731_203700,0,2026-07-31T20:37:00Z,,,,+0.37300
260731_203715,0,2026-07-31T20:37:15Z,,,,+0.33200
260731_203730,0,2026-07-31T20:37:30Z,,,,+0.33900
260731_203745,0,2026-07-31T20:37:45Z,,,,+0.37600
260731_203800,0,2026-07-31T20:38:00Z,,,,+0.36300
260731_203815,0,2026-07-31T20:38:15Z,,,,+0.36900
260731_203830,0,2026-07-31T20:38:30Z,,,,+0.33400
260731_203845,0,2026-07-31T20:38:45Z,,,,+0.36300
260731_203900,0,2026-07-31T20:39:00Z,,,,+0.38200
260731_203915,0,2026-07-31T20:39:15Z,-0.35233,-0.35233,0.9879,+0.36300
260731_203930,0,2026-07-31T20:39:30Z,,,,+0.36800
260731_203945,0,2026-07-31T20:39:45Z,,,,+0.38400
260731_204000,0,2026-07-31T20:40:00Z,,,,+0.33600
260731_204015,0,2026-07-31T20:40:15Z,,,,+0.34100
260731_204030,0,2026-07-31T20:40:30Z,,,,+0.33700
260731_204045,0,2026-07-31T20:40:45Z,,,,+0.36400
260731_204100,0,2026-07-31T20:41:00Z,,,,+0.36700
260731_204115,0,2026-07-31T20:41:15Z,,,,+0.37700
260731_204130,0,2026-07-31T20:41:30Z,,,,+0.33600
260731_204145,0,2026-07-31T20:41:45Z,-0.35233,-0.35233,0.9896,+0.35600
260731_204200,0,2026-07-31T20:42:00Z,,,,+0.37300
260731_204215,0,2026-07-31T20:42:15Z,,,,+0.35800
260731_204230,0,2026-07-31T20:42:30Z,,,,+0.37700
260731_204245,0,2026-07-31T20:42:45Z,,,,+0.38800
260731_204300,0,2026-07-31T20:43:00Z,,,,+0.35900
260731_204315,0,2026-07-31T20:43:15Z,,,,+0.38000
260731_204330,0,2026-07-31T20:43:30Z,,,,+0.35600
260731_204345,0,2026-07-31T20:43:45Z,,,,+0.36900
260731_204400,0,2026-07-31T20:44:00Z,,,,+0.38200
260731_204415,0,2026-07-31T20:44:15Z,-0.35233,-0.35233,0.9923,+0.35500
260731_204430,0,2026-07-31T20:44:30Z,,,,+0.38000
260731_204445,0,2026-07-31T20:44:45Z,,,,+0.39900
260731_204500,0,2026-07-31T20:45:00Z,,,,+0.36500
260731_204515,0,2026-07-31T20:45:15Z,,,,+0.38500
260731_204530,0,2026-07-31T20:45:30Z,,,,+0.39900
260731_204545,0,2026-07-31T20:45:45Z,,,,+0.36100
260731_204600,0,2026-07-31T20:46:00Z,,,,+0.36700
260731_204615,0,2026-07-31T20:46:15Z,,,,+0.40500
260731_204630,0,2026-07-31T20:46:30Z,,,,+0.36700
260731_204645,0,2026-07-31T20:46:45Z,-0.35233,-0.35233,0.9824,+0.39300
260731_204700,0,2026-07-31T20:47:00Z,,,,+0.35200
260731_204715,0,2026-07-31T20:47:15Z,,,,+0.37600
260731_204730,0,2026-07-31T20:47:30Z,,,,+0.40500
260731_204745,0,2026-07-31T20:47:45Z,,,,+0.37200
260731_204800,0,2026-07-31T20:48:00Z,,,,+0.39600
260731_204815,0,2026-07-31T20:48:15Z,,,,+0.35900
260731_204830,0,2026-07-31T20:48:30Z,,,,+0.39500
260731_204845,0,2026-07-31T20:48:45Z,,,,+0.36500
260731_204900,0,2026-07-31T20:49:00Z,,,,+0.38900
260731_204915,0,2026-07-31T20:49:15Z,-0.35233,-0.35233,0.9867,+0.40100
260731_204930,0,2026-07-31T20:49:30Z,,,,+0.35400
260731_204945,0,2026-07-31T20:49:45Z,,,,+0.39000
260731_205000,0,2026-07-31T20:50:00Z,,,,+0.35900
260731_205015,0,2026-07-31T20:50:15Z,,,,+0.37900
260731_205030,0,2026-07-31T20:50:30Z,,,,+0.39600
260731_205045,0,2026-07-31T20:50:45Z,,,,+0.36000
260731_205100,0,2026-07-31T20:51:00Z,,,,+0.38100
260731_205115,0,2026-07-31T20:51:15Z,,,,+0.40000
260731_205130,0,2026-07-31T20:51:30Z,,,,+0.36700
260731_205145,0,2026-07-31T20:51:45Z,-0.35233,-0.35233,0.9947,+0.38000
260731_205200,0,2026-07-31T20:52:00Z,,,,+0.41400
260731_205215,0,2026-07-31T20:52:15Z,,,,+0.36700
260731_205230,0,2026-07-31T20:52:30Z,,,,+0.38300
260731_205245,0,2026-07-31T20:52:45Z,,,,+0.40800
260731_205300,0,2026-07-31T20:53:00Z,,,,+0.42500
260731_205315,0,2026-07-31T20:53:15Z,,,,+0.38400
260731_205330,0,2026-07-31T20:53:30Z,,,,+0.41100
260731_205345,0,2026-07-31T20:53:45Z,,,,+0.36700
260731_205400,0,2026-07-31T20:54:00Z,,,,+0.38500
260731_205415,0,2026-07-31T20:54:15Z,-0.39233,-0.39233,0.9924,+0.41100
260731_205430,0,2026-07-31T20:54:30Z,,,,+0.42300
260731_205445,0,2026-07-31T20:54:45Z,,,,+0.42000
260731_205500,0,2026-07-31T20:55:00Z,,,,+0.37600
260731_205515,0,2026-07-31T20:55:15Z,,,,+0.39600
260731_205530,0,2026-07-31T20:55:30Z,,,,+0.37000
260731_205545,0,2026-07-31T20:55:45Z,,,,+0.39000
260731_205600,0,2026-07-31T20:56:00Z,,,,+0.40800
260731_205615,0,2026-07-31T20:56:15Z,,,,+0.38000
260731_205630,0,2026-07-31T20:56:30Z,,,,+0.41500
260731_205645,0,2026-07-31T20:56:45Z,-0.39233,-0.39233,0.9857,+0.43200
260731_205700,0,2026-07-31T20:57:00Z,,,,+0.40000
260731_205715,0,2026-07-31T20:57:15Z,,,,+0.42100
260731_205730,0,2026-07-31T20:57:30Z,,,,+0.37900
260731_205745,0,2026-07-31T20:57:45Z,,,,+0.40800
260731_205800,0,2026-07-31T20:58:00Z,,,,+0.42600
260731_205815,0,2026-07-31T20:58:15Z,,,,+0.38900
260731_205830,0,2026-07-31T20:58:30Z,,,,+0.42100
260731_205845,0,2026-07-31T20:58:45Z,,,,+0.38700
260731_205900,0,2026-07-31T20:59:00Z,,,,+0.41300
260731_205915,0,2026-07-31T20:59:15Z,-0.39233,-0.39233,0.9942,+0.43200
260731_205930,0,2026-07-31T20:59:30Z,,,,+0.39800
260731_205945,0,2026-07-31T20:59:45Z,,,,+0.41800
260731_210000,0,2026-07-31T21:00:00Z,,,,+0.38600
260731_210015,0,2026-07-31T21:00:15Z,,,,+0.39800
260731_210030,0,2026-07-31T21:00:30Z,,,,+0.43600
260731_210045,0,2026-07-31T21:00:45Z,,,,+0.39000
260731_210100,0,2026-07-31T21:01:00Z,,,,+0.39200
260731_210115,0,2026-07-31T21:01:15Z,,,,+0.41400
260731_210130,0,2026-07-31T21:01:30Z,,,,+0.44500
260731_210145,0,2026-07-31T21:01:45Z,-0.39233,-0.39233,0.9920,+0.40700
260731_210200,0,2026-07-31T21:02:00Z,,,,+0.42200
260731_210215,0,2026-07-31T21:02:15Z,,,,+0.43900
260731_210230,0,2026-07-31T21:02:30Z,,,,+0.39800
260731_210245,0,2026-07-31T21:02:45Z,,,,+0.42800
260731_210300,0,2026-07-31T21:03:00Z,,,,+0.44900
260731_210315,0,2026-07-31T21:03:15Z,,,,+0.40700
260731_210330,0,2026-07-31T21:03:30Z,,,,+0.42900
260731_210345,0,2026-07-31T21:03:45Z,,,,+0.42700
260731_210400,0,2026-07-31T21:04:00Z,,,,+0.41700
260731_210415,0,2026-07-31T21:04:15Z,-0.39233,-0.39233,0.9809,+0.42600
260731_210430,0,2026-07-31T21:04:30Z,,,,+0.45000
260731_210445,0,2026-07-31T21:04:45Z,,,,+0.42200
260731_210500,0,2026-07-31T21:05:00Z,,,,+0.45900
260731_210515,0,2026-07-31T21:05:15Z,,,,+0.42300
260731_210530,0,2026-07-31T21:05:30Z,,,,+0.44400
260731_210545,0,2026-07-31T21:05:45Z,,,,+0.41300
260731_210600,0,2026-07-31T21:06:00Z,,,,+0.42800
260731_210615,0,2026-07-31T21:06:15Z,,,,+0.44100
260731_210630,0,2026-07-31T21:06:30Z,,,,+0.44800
260731_210645,0,2026-07-31T21:06:45Z,-0.43233,-0.43233,0.9917,+0.41200
260731_210700,0,2026-07-31T21:07:00Z,,,,+0.42800
260731_210715,0,2026-07-31T21:07:15Z,,,,+0.45500
260731_210730,0,2026-07-31T21:07:30Z,,,,+0.45400
260731_210745,0,2026-07-31T21:07:45Z,,,,+0.41900
260731_210800,0,2026-07-31T21:08:00Z,,,,+0.42800
260731_210815,0,2026-07-31T21:08:15Z,,,,+0.45500
260731_210830,0,2026-07-31T21:08:30Z,,,,+0.41600
260731_210845,0,2026-07-31T21:08:45Z,,,,+0.41900
260731_210900,0,2026-07-31T21:09:00Z,,,,+0.44400
260731_210915,0,2026-07-31T21:09:15Z,-0.43233,-0.43233,0.9629,+0.45100
260731_210930,0,2026-07-31T21:09:30Z,,,,+0.46900
260731_210945,0,2026-07-31T21:09:45Z,,,,+0.41800
260731_211000,0,2026-07-31T21:10:00Z,,,,+0.42600
260731_211015,0,2026-07-31T21:10:15Z,,,,+0.45500
260731_211030,0,2026-07-31T21:10:30Z,,,,+0.44800
260731_211045,0,2026-07-31T21:10:45Z,,,,+0.46200
260731_211100,0,2026-07-31T21:11:00Z,,,,+0.42700
260731_211115,0,2026-07-31T21:11:15Z,,,,+0.45900
260731_211130,0,2026-07-31T21:11:30Z,,,,+0.47000
260731_211145,0,2026-07-31T21:11:45Z,-0.43233,-0.43233,0.9742,+0.47700
260731_211200,0,2026-07-31T21:12:00Z,,,,+0.42400
260731_211215,0,2026-07-31T21:12:15Z,,,,+0.43300
260731_211230,0,2026-07-31T21:12:30Z,,,,+0.43700
260731_211245,0,2026-07-31T21:12:45Z,,,,+0.45200
260731_211300,0,2026-07-31T21:13:00Z,,,,+0.45300
260731_211315,0,2026-07-31T21:13:15Z,,,,+0.42200
260731_211330,0,2026-07-31T21:13:30Z,,,,+0.44000
260731_211345,0,2026-07-31T21:13:45Z,,,,+0.46900
260731_211400,0,2026-07-31T21:14:00Z,,,,+0.42700
260731_211415,0,2026-07-31T21:14:15Z,-0.43233,-0.43233,0.9917,+0.43800
260731_211430,0,2026-07-31T21:14:30Z,,,,+0.47900
260731_211445,0,2026-07-31T21:14:45Z,,,,+0.44400
260731_211500,0,2026-07-31T21:15:00Z,,,,+0.46500
260731_211515,0,2026-07-31T21:15:15Z,,,,+0.42800
260731_211530,0,2026-07-31T21:15:30Z,,,,+0.45100
260731_211545,0,2026-07-31T21:15:45Z,,,,+0.47000
260731_211600,0,2026-07-31T21:16:00Z,,,,+0.43400
260731_211615,0,2026-07-31T21:16:15Z,,,,+0.44400
260731_211630,0,2026-07-31T21:16:30Z,,,,+0.46100
260731_211645,0,2026-07-31T21:16:45Z,-0.43233,-0.43233,0.9943,+0.48400
260731_211700,0,2026-07-31T21:17:00Z,,,,+0.45000
260731_211715,0,2026-07-31T21:17:15Z,,,,+0.47800
260731_211730,0,2026-07-31T21:17:30Z,,,,+0.43200
260731_211745,0,2026-07-31T21:17:45Z,,,,+0.44900
260731_211800,0,2026-07-31T21:18:00Z,,,,+0.46000
260731_211815,0,2026-07-31T21:18:15Z,,,,+0.44400
260731_211830,0,2026-07-31T21:18:30Z,,,,+0.45400
260731_211845,0,2026-07-31T21:18:45Z,,,,+0.46300
260731_211900,0,2026-07-31T21:19:00Z,,,,+0.49300
260731_211915,0,2026-07-31T21:19:15Z,-0.43233,-0.43233,0.9891,+0.44400
260731_211930,0,2026-07-31T21:19:30Z,,,,+0.48700
260731_211945,0,2026-07-31T21:19:45Z,,,,+0.46700
260731_212000,0,2026-07-31T21:20:00Z,,,,+0.49400
260731_212015,0,2026-07-31T21:20:15Z,,,,+0.45200
260731_212030,0,2026-07-31T21:20:30Z,,,,+0.48500
260731_212045,0,2026-07-31T21:20:45Z,,,,+0.49100
260731_212100,0,2026-07-31T21:21:00Z,,,,+0.44300
260731_212115,0,2026-07-31T21:21:15Z,,,,+0.48100
260731_212130,0,2026-07-31T21:21:30Z,,,,+0.50000
260731_212145,0,2026-07-31T21:21:45Z,-0.47233,-0.47233,0.9914,+0.45100
260731_212200,0,2026-07-31T21:22:00Z,,,,+0.47100
260731_212215,0,2026-07-31T21:22:15Z,,,,+0.49700
260731_212230,0,2026-07-31T21:22:30Z,,,,+0.48000
260731_212245,0,2026-07-31T21:22:45Z,,,,+0.44700
260731_212300,0,2026-07-31T21:23:00Z,,,,+0.45200
260731_212315,0,2026-07-31T21:23:15Z,,,,+0.47200
260731_212330,0,2026-07-31T21:23:30Z,,,,+0.49200
260731_212345,0,2026-07-31T21:23:45Z,,,,+0.49900
260731_212400,0,2026-07-31T21:24:00Z,,,,+0.50700
260731_212415,0,2026-07-31T21:24:15Z,-0.47233,-0.47233,0.9914,+0.47500
260731_212430,0,2026-07-31T21:24:30Z,,,,+0.45600
260731_212445,0,2026-07-31T21:24:45Z,,,,+0.49500
260731_212500,0,2026-07-31T21:25:00Z,,,,+0.45700
260731_212515,0,2026-07-31T21:25:15Z,,,,+0.48500
260731_212530,0,2026-07-31T21:25:30Z,,,,+0.46600
260731_212545,0,2026-07-31T21:25:45Z,,,,+0.47500
260731_212600,0,2026-07-31T21:26:00Z,,,,+0.50600
260731_212615,0,2026-07-31T21:26:15Z,,,,+0.46000
260731_212630,0,2026-07-31T21:26:30Z,,,,+0.48800
260731_212645,0,2026-07-31T21:26:45Z,-0.47233,-0.47233,0.9900,+0.51200
260731_212700,0,2026-07-31T21:27:00Z,,,,+0.47500
260731_212715,0,2026-07-31T21:27:15Z,,,,+0.50600
260731_212730,0,2026-07-31T21:27:30Z,,,,+0.47100
260731_212745,0,2026-07-31T21:27:45Z,,,,+0.48200
260731_212800,0,2026-07-31T21:28:00Z,,,,+0.48800
260731_212815,0,2026-07-31T21:28:15Z,,,,+0.49200
260731_212830,0,2026-07-31T21:28:30Z,,,,+0.48500
260731_212845,0,2026-07-31T21:28:45Z,,,,+0.47400
260731_212900,0,2026-07-31T21:29:00Z,,,,+0.48100
260731_212915,0,2026-07-31T21:29:15Z,-0.47233,-0.47233,0.9873,+0.47300
260731_212930,0,2026-07-31T21:29:30Z,,,,+0.47000
260731_212945,0,2026-07-31T21:29:45Z,,,,+0.47100
260731_213000,0,2026-07-31T21:30:00Z,,,,+0.47400
260731_213015,0,2026-07-31T21:30:15Z,,,,+0.50600
260731_213030,0,2026-07-31T21:30:30Z,,,,+0.48300
260731_213045,0,2026-07-31T21:30:45Z,,,,+0.49200
260731_213100,0,2026-07-31T21:31:00Z,,,,+0.52600
260731_213115,0,2026-07-31T21:31:15Z,,,,+0.50100
260731_213130,0,2026-07-31T21:31:30Z,,,,+0.50700
260731_213145,0,2026-07-31T21:31:45Z,-0.47233,-0.47233,0.9710,+0.50900
260731_213200,0,2026-07-31T21:32:00Z,,,,+0.52800
260731_213215,0,2026-07-31T21:32:15Z,,,,+0.53000
260731_213230,0,2026-07-31T21:32:30Z,,,,+0.49700
260731_213245,0,2026-07-31T21:32:45Z,,,,+0.47400
260731_213300,0,2026-07-31T21:33:00Z,,,,+0.48800
260731_213315,0,2026-07-31T21:33:15Z,,,,+0.51000
260731_213330,0,2026-07-31T21:33:30Z,,,,+0.52400
260731_213345,0,2026-07-31T21:33:45Z,,,,+0.49300
260731_213400,0,2026-07-31T21:34:00Z,,,,+0.51300
260731_213415,0,2026-07-31T21:34:15Z,-0.47233,-0.47233,0.9867,+0.52400
260731_213430,0,2026-07-31T21:34:30Z,,,,+0.50600
260731_213445,0,2026-07-31T21:34:45Z,,,,+0.50900
260731_213500,0,2026-07-31T21:35:00Z,,,,+0.52400
260731_213515,0,2026-07-31T21:35:15Z,,,,+0.53400
260731_213530,0,2026-07-31T21:35:30Z,,,,+0.54100
260731_213545,0,2026-07-31T21:35:45Z,,,,+0.50900
260731_213600,0,2026-07-31T21:36:00Z,,,,+0.53400
260731_213615,0,2026-07-31T21:36:15Z,,,,+0.55400
260731_213630,0,2026-07-31T21:36:30Z,,,,+0.50900
260731_213645,0,2026-07-31T21:36:45Z,-0.51233,-0.51233,0.9856,+0.53100
260731_213700,0,2026-07-31T21:37:00Z,,,,+0.49800
260731_213715,0,2026-07-31T21:37:15Z,,,,+0.53000
260731_213730,0,2026-07-31T21:37:30Z,,,,+0.54600
260731_213745,0,2026-07-31T21:37:45Z,,,,+0.51700
260731_213800,0,2026-07-31T21:38:00Z,,,,+0.54400
260731_213815,0,2026-07-31T21:38:15Z,,,,+0.50700
260731_213830,0,2026-07-31T21:38:30Z,,,,+0.52900
260731_213845,0,2026-07-31T21:38:45Z,,,,+0.55400
260731_213900,0,2026-07-31T21:39:00Z,,,,+0.51300
260731_213915,0,2026-07-31T21:39:15Z,-0.51233,-0.51233,0.9833,+0.54600
260731_213930,0,2026-07-31T21:39:30Z,,,,+0.51700
260731_213945,0,2026-07-31T21:39:45Z,,,,+0.53500
260731_214000,0,2026-07-31T21:40:00Z,,,,+0.55200
260731_214015,0,2026-07-31T21:40:15Z,,,,+0.54700
260731_214030,0,2026-07-31T21:40:30Z,,,,+0.55700
260731_214045,0,2026-07-31T21:40:45Z,,,,+0.54900
260731_214100,0,2026-07-31T21:41:00Z,,,,+0.55300
260731_214115,0,2026-07-31T21:41:15Z,,,,+0.55300
260731_214130,0,2026-07-31T21:41:30Z,,,,+0.55300
260731_214145,0,2026-07-31T21:41:45Z,-0.51233,-0.51233,0.9835,+0.54500
260731_214200,0,2026-07-31T21:42:00Z,,,,+0.54200
260731_214215,0,2026-07-31T21:42:15Z,,,,+0.55700
260731_214230,0,2026-07-31T21:42:30Z,,,,+0.54800
260731_214245,0,2026-07-31T21:42:45Z,,,,+0.54100
260731_214300,0,2026-07-31T21:43:00Z,,,,+0.52400
260731_214315,0,2026-07-31T21:43:15Z,,,,+0.55900
260731_214330,0,2026-07-31T21:43:30Z,,,,+0.54400
260731_214345,0,2026-07-31T21:43:45Z,,,,+0.53400
260731_214400,0,2026-07-31T21:44:00Z,,,,+0.56500
260731_214415,0,2026-07-31T21:44:15Z,-0.51233,-0.51233,0.9881,+0.52900
260731_214430,0,2026-07-31T21:44:30Z,,,,+0.53300
260731_214445,0,2026-07-31T21:44:45Z,,,,+0.55700
260731_214500,0,2026-07-31T21:45:00Z,,,,+0.56600
260731_214515,0,2026-07-31T21:45:15Z,,,,+0.52500
260731_214530,0,2026-07-31T21:45:30Z,,,,+0.56900
260731_214545,0,2026-07-31T21:45:45Z,,,,+0.52100
260731_214600,0,2026-07-31T21:46:00Z,,,,+0.57200
260731_214615,0,2026-07-31T21:46:15Z,,,,+0.55300
260731_214630,0,2026-07-31T21:46:30Z,,,,+0.55400
260731_214645,0,2026-07-31T21:46:45Z,-0.55233,-0.55233,0.9956,+0.56900
260731_214700,0,2026-07-31T21:47:00Z,,,,+0.58600
260731_214715,0,2026-07-31T21:47:15Z,,,,+0.52900
260731_214730,0,2026-07-31T21:47:30Z,,,,+0.58300
260731_214745,0,2026-07-31T21:47:45Z,,,,+0.53800
260731_214800,0,2026-07-31T21:48:00Z,,,,+0.53400
260731_214815,0,2026-07-31T21:48:15Z,,,,+0.54800
260731_214830,0,2026-07-31T21:48:30Z,,,,+0.55500
260731_214845,0,2026-07-31T21:48:45Z,,,,+0.57900
260731_214900,0,2026-07-31T21:49:00Z,,,,+0.54900
260731_214915,0,2026-07-31T21:49:15Z,-0.55233,-0.55233,0.9884,+0.57600
260731_214930,0,2026-07-31T21:49:30Z,,,,+0.54500
260731_214945,0,2026-07-31T21:49:45Z,,,,+0.56800
260731_215000,0,2026-07-31T21:50:00Z,,,,+0.59000
260731_215015,0,2026-07-31T21:50:15Z,,,,+0.59400
260731_215030,0,2026-07-31T21:50:30Z,,,,+0.55100
260731_215045,0,2026-07-31T21:50:45Z,,,,+0.57700
260731_215100,0,2026-07-31T21:51:00Z,,,,+0.55700
260731_215115,0,2026-07-31T21:51:15Z,,,,+0.59600
260731_215130,0,2026-07-31T21:51:30Z,,,,+0.56600
260731_215145,0,2026-07-31T21:51:45Z,-0.55233,-0.55233,0.9809,+0.57200
260731_215200,0,2026-07-31T21:52:00Z,,,,+0.57700
260731_215215,0,2026-07-31T21:52:15Z,,,,+0.56000
260731_215230,0,2026-07-31T21:52:30Z,,,,+0.58100
260731_215245,0,2026-07-31T21:52:45Z,,,,+0.59200
260731_215300,0,2026-07-31T21:53:00Z,,,,+0.55400
260731_215315,0,2026-07-31T21:53:15Z,,,,+0.58900
260731_215330,0,2026-07-31T21:53:30Z,,,,+0.59900
260731_215345,0,2026-07-31T21:53:45Z,,,,+0.59700
260731_215400,0,2026-07-31T21:54:00Z,,,,+0.54900
260731_215415,0,2026-07-31T21:54:15Z,-0.55233,-0.55233,0.9432,+0.58500
260731_215430,0,2026-07-31T21:54:30Z,,,,+0.57500
260731_215445,0,2026-07-31T21:54:45Z,,,,+0.58200
260731_215500,0,2026-07-31T21:55:00Z,,,,+0.58800
260731_215515,0,2026-07-31T21:55:15Z,,,,+0.59300
260731_215530,0,2026-07-31T21:55:30Z,,,,+0.59000
260731_215545,0,2026-07-31T21:55:45Z,,,,+0.60300
260731_215600,0,2026-07-31T21:56:00Z,,,,+0.59300
260731_215615,0,2026-07-31T21:56:15Z,,,,+0.60200
260731_215630,0,2026-07-31T21:56:30Z,,,,+0.60500
260731_215645,0,2026-07-31T21:56:45Z,-0.55233,-0.55233,0.9676,+0.56700
260731_215700,0,2026-07-31T21:57:00Z,,,,+0.58400
260731_215715,0,2026-07-31T21:57:15Z,,,,+0.61200
260731_215730,0,2026-07-31T21:57:30Z,,,,+0.57800
260731_215745,0,2026-07-31T21:57:45Z,,,,+0.59900
260731_215800,0,2026-07-31T21:58:00Z,,,,+0.57200
260731_215815,0,2026-07-31T21:58:15Z,,,,+0.59800
260731_215830,0,2026-07-31T21:58:30Z,,,,+0.57100
260731_215845,0,2026-07-31T21:58:45Z,,,,+0.59600
260731_215900,0,2026-07-31T21:59:00Z,,,,+0.59400
260731_215915,0,2026-07-31T21:59:15Z,-0.55233,-0.55233,0.9833,+0.56100
260731_215930,0,2026-07-31T21:59:30Z,,,,+0.59300
260731_215945,0,2026-07-31T21:59:45Z,,,,+0.60300
260731_220000,0,2026-07-31T22:00:00Z,,,,+0.57500
260731_220015,0,2026-07-31T22:00:15Z,,,,+0.61800
260731_220030,0,2026-07-31T22:00:30Z,,,,+0.58600
260731_220045,0,2026-07-31T22:00:45Z,,,,+0.61300
260731_220100,0,2026-07-31T22:01:00Z,,,,+0.58600
260731_220115,0,2026-07-31T22:01:15Z,,,,+0.61900
260731_220130,0,2026-07-31T22:01:30Z,,,,+0.60200
260731_220145,0,2026-07-31T22:01:45Z,-0.59233,-0.59233,0.9865,+0.56700
260731_220200,0,2026-07-31T22:02:00Z,,,,+0.58400
260731_220215,0,2026-07-31T22:02:15Z,,,,+0.58400
260731_220230,0,2026-07-31T22:02:30Z,,,,+0.59000
260731_220245,0,2026-07-31T22:02:45Z,,,,+0.60200
260731_220300,0,2026-07-31T22:03:00Z,,,,+0.62200
260731_220315,0,2026-07-31T22:03:15Z,,,,+0.59800
260731_220330,0,2026-07-31T22:03:30Z,,,,+0.61000
260731_220345,0,2026-07-31T22:03:45Z,,,,+0.58900
260731_220400,0,2026-07-31T22:04:00Z,,,,+0.60700
260731_220415,0,2026-07-31T22:04:15Z,-0.59233,-0.59233,0.9754,+0.63100
260731_220430,0,2026-07-31T22:04:30Z,,,,+0.59200
260731_220445,0,2026-07-31T22:04:45Z,,,,+0.60300
260731_220500,0,2026-07-31T22:05:00Z,,,,+0.62600
260731_220515,0,2026-07-31T22:05:15Z,,,,+0.62200
260731_220530,0,2026-07-31T22:05:30Z,,,,+0.62700
260731_220545,0,2026-07-31T22:05:45Z,,,,+0.64000
260731_220600,0,2026-07-31T22:06:00Z,,,,+0.63800
260731_220615,0,2026-07-31T22:06:15Z,,,,+0.60400
260731_220630,0,2026-07-31T22:06:30Z,,,,+0.62900
260731_220645,0,2026-07-31T22:06:45Z,-0.59233,-0.59233,0.9686,+0.62700
260731_220700,0,2026-07-31T22:07:00Z,,,,+0.58200
260731_220715,0,2026-07-31T22:07:15Z,,,,+0.59100
260731_220730,0,2026-07-31T22:07:30Z,,,,+0.60200
260731_220745,0,2026-07-31T22:07:45Z,,,,+0.61100
260731_220800,0,2026-07-31T22:08:00Z,,,,+0.63200
260731_220815,0,2026-07-31T22:08:15Z,,,,+0.63600
260731_220830,0,2026-07-31T22:08:30Z,,,,+0.64500
260731_220845,0,2026-07-31T22:08:45Z,,,,+0.60300
260731_220900,0,2026-07-31T22:09:00Z,,,,+0.60800
260731_220915,0,2026-07-31T22:09:15Z,-0.59233,-0.59233,0.9883,+0.61200
260731_220930,0,2026-07-31T22:09:30Z,,,,+0.62700
260731_220945,0,2026-07-31T22:09:45Z,,,,+0.64700
260731_221000,0,2026-07-31T22:10:00Z,,,,+0.60000
260731_221015,0,2026-07-31T22:10:15Z,,,,+0.61500
260731_221030,0,2026-07-31T22:10:30Z,,,,+0.62300
260731_221045,0,2026-07-31T22:10:45Z,,,,+0.62700
260731_221100,0,2026-07-31T22:11:00Z,,,,+0.64400
260731_221115,0,2026-07-31T22:11:15Z,,,,+0.59800
260731_221130,0,2026-07-31T22:11:30Z,,,,+0.64900
260731_221145,0,2026-07-31T22:11:45Z,-0.59233,-0.59233,0.9868,+0.60100
260731_221200,0,2026-07-31T22:12:00Z,,,,+0.62000
260731_221215,0,2026-07-31T22:12:15Z,,,,+0.62000
260731_221230,0,2026-07-31T22:12:30Z,,,,+0.62200
260731_221245,0,2026-07-31T22:12:45Z,,,,+0.63900
260731_221300,0,2026-07-31T22:13:00Z,,,,+0.65600
260731_221315,0,2026-07-31T22:13:15Z,,,,+0.60700
260731_221330,0,2026-07-31T22:13:30Z,,,,+0.61500
260731_221345,0,2026-07-31T22:13:45Z,,,,+0.65400
260731_221400,0,2026-07-31T22:14:00Z,,,,+0.65300
260731_221415,0,2026-07-31T22:14:15Z,-0.63233,-0.63233,0.9855,+0.60100
260731_221430,0,2026-07-31T22:14:30Z,,,,+0.64100
260731_221445,0,2026-07-31T22:14:45Z,,,,+0.65300
260731_221500,0,2026-07-31T22:15:00Z,,,,+0.65500
260731_221515,0,2026-07-31T22:15:15Z,,,,+0.66200
260731_221530,0,2026-07-31T22:15:30Z,,,,+0.60600
260731_221545,0,2026-07-31T22:15:45Z,,,,+0.61600
260731_221600,0,2026-07-31T22:16:00Z,,,,+0.62200
260731_221615,0,2026-07-31T22:16:15Z,,,,+0.64300
260731_221630,0,2026-07-31T22:16:30Z,,,,+0.65300
260731_221645,0,2026-07-31T22:16:45Z,-0.63233,-0.63233,0.9967,+0.66300
260731_221700,0,2026-07-31T22:17:00Z,,,,+0.62900
260731_221715,0,2026-07-31T22:17:15Z,,,,+0.64200
260731_221730,0,2026-07-31T22:17:30Z,,,,+0.66400
260731_221745,0,2026-07-31T22:17:45Z,,,,+0.65300
260731_221800,0,2026-07-31T22:18:00Z,,,,+0.65900
260731_221815,0,2026-07-31T22:18:15Z,,,,+0.65000
260731_221830,0,2026-07-31T22:18:30Z,,,,+0.65200
260731_221845,0,2026-07-31T22:18:45Z,,,,+0.61800
260731_221900,0,2026-07-31T22:19:00Z,,,,+0.67600
260731_221915,0,2026-07-31T22:19:15Z,-0.63233,-0.63233,0.9964,+0.64400
260731_221930,0,2026-07-31T22:19:30Z,,,,+0.65800
260731_221945,0,2026-07-31T22:19:45Z,,,,+0.61800
260731_222000,0,2026-07-31T22:20:00Z,,,,+0.62900
260731_222015,0,2026-07-31T22:20:15Z,,,,+0.62600
260731_222030,0,2026-07-31T22:20:30Z,,,,+0.63100
260731_222045,0,2026-07-31T22:20:45Z,,,,+0.64900
260731_222100,0,2026-07-31T22:21:00Z,,,,+0.65700
260731_222115,0,2026-07-31T22:21:15Z,,,,+0.67100
260731_222130,0,2026-07-31T22:21:30Z,,,,+0.63800
260731_222145,0,2026-07-31T22:21:45Z,-0.63233,-0.63233,0.9986,+0.63400
260731_222200,0,2026-07-31T22:22:00Z,,,,+0.64600
260731_222215,0,2026-07-31T22:22:15Z,,,,+0.66100
260731_222230,0,2026-07-31T22:22:30Z,,,,+0.67300
260731_222245,0,2026-07-31T22:22:45Z,,,,+0.67300
260731_222300,0,2026-07-31T22:23:00Z,,,,+0.67300
260731_222315,0,2026-07-31T22:23:15Z,,,,+0.67200
260731_222330,0,2026-07-31T22:23:30Z,,,,+0.67700
260731_222345,0,2026-07-31T22:23:45Z,,,,+0.68000
260731_222400,0,2026-07-31T22:24:00Z,,,,+0.63100
260731_222415,0,2026-07-31T22:24:15Z,-0.63233,-0.63233,0.9916,+0.64700
260731_222430,0,2026-07-31T22:24:30Z,,,,+0.66800
260731_222445,0,2026-07-31T22:24:45Z,,,,+0.63300
260731_222500,0,2026-07-31T22:25:00Z,,,,+0.66800
260731_222515,0,2026-07-31T22:25:15Z,,,,+0.67800
260731_222530,0,2026-07-31T22:25:30Z,,,,+0.67600
260731_222545,0,2026-07-31T22:25:45Z,,,,+0.63200
260731_222600,0,2026-07-31T22:26:00Z,,,,+0.63400
260731_222615,0,2026-07-31T22:26:15Z,,,,+0.64000
260731_222630,0,2026-07-31T22:26:30Z,,,,+0.65800
260731_222645,0,2026-07-31T22:26:45Z,-0.63233,-0.63232,0.9773,+0.67600
260731_222700,0,2026-07-31T22:27:00Z,,,,+0.67500
260731_222715,0,2026-07-31T22:27:15Z,,,,+0.68500
260731_222730,0,2026-07-31T22:27:30Z,,,,+0.69200
260731_222745,0,2026-07-31T22:27:45Z,,,,+0.69200
260731_222800,0,2026-07-31T22:28:00Z,,,,+0.66400
260731_222815,0,2026-07-31T22:28:15Z,,,,+0.67100
260731_222830,0,2026-07-31T22:28:30Z,,,,+0.67700
260731_222845,0,2026-07-31T22:28:45Z,,,,+0.64300
260731_222900,0,2026-07-31T22:29:00Z,,,,+0.67000
260731_222915,0,2026-07-31T22:29:15Z,-0.67233,-0.67233,0.9961,+0.69600
260731_222930,0,2026-07-31T22:29:30Z,,,,+0.66300
260731_222945,0,2026-07-31T22:29:45Z,,,,+0.66200
260731_223000,0,2026-07-31T22:30:00Z,,,,+0.67100
260731_223015,0,2026-07-31T22:30:15Z,,,,+0.67500
260731_223030,0,2026-07-31T22:30:30Z,,,,+0.68500
260731_223045,0,2026-07-31T22:30:45Z,,,,+0.65900
260731_223100,0,2026-07-31T22:31:00Z,,,,+0.70000
260731_223115,0,2026-07-31T22:31:15Z,,,,+0.65100
260731_223130,0,2026-07-31T22:31:30Z,,,,+0.66800
260731_223145,0,2026-07-31T22:31:45Z,-0.67233,-0.67233,0.9797,+0.66400
260731_223200,0,2026-07-31T22:32:00Z,,,,+0.70500
260731_223215,0,2026-07-31T22:32:15Z,,,,+0.70200
260731_223230,0,2026-07-31T22:32:30Z,,,,+0.68700
260731_223245,0,2026-07-31T22:32:45Z,,,,+0.69500
260731_223300,0,2026-07-31T22:33:00Z,,,,+0.70900
260731_223315,0,2026-07-31T22:33:15Z,,,,+0.66200
260731_223330,0,2026-07-31T22:33:30Z,,,,+0.65400
260731_223345,0,2026-07-31T22:33:45Z,,,,+0.66200
260731_223400,0,2026-07-31T22:34:00Z,,,,+0.66200
260731_223415,0,2026-07-31T22:34:15Z,-0.67233,-0.67233,0.9792,+0.68500
260731_223430,0,2026-07-31T22:34:30Z,,,,+0.70000
260731_223445,0,2026-07-31T22:34:45Z,,,,+0.69700
260731_223500,0,2026-07-31T22:35:00Z,,,,+0.70600
260731_223515,0,2026-07-31T22:35:15Z,,,,+0.69900
260731_223530,0,2026-07-31T22:35:30Z,,,,+0.66000
260731_223545,0,2026-07-31T22:35:45Z,,,,+0.67600
260731_223600,0,2026-07-31T22:36:00Z,,,,+0.67200
260731_223615,0,2026-07-31T22:36:15Z,,,,+0.70500
260731_223630,0,2026-07-31T22:36:30Z,,,,+0.70400
260731_223645,0,2026-07-31T22:36:45Z,-0.67233,-0.67233,0.9783,+0.71700
260731_223700,0,2026-07-31T22:37:00Z,,,,+0.68700
260731_223715,0,2026-07-31T22:37:15Z,,,,+0.69300
260731_223730,0,2026-07-31T22:37:30Z,,,,+0.70200
260731_223745,0,2026-07-31T22:37:45Z,,,,+0.67900
260731_223800,0,2026-07-31T22:38:00Z,,,,+0.69200
260731_223815,0,2026-07-31T22:38:15Z,,,,+0.70900
260731_223830,0,2026-07-31T22:38:30Z,,,,+0.73100
260731_223845,0,2026-07-31T22:38:45Z,,,,+0.70500
260731_223900,0,2026-07-31T22:39:00Z,,,,+0.68000
260731_223915,0,2026-07-31T22:39:15Z,-0.67233,-0.67233,0.9959,+0.72300
260731_223930,0,2026-07-31T22:39:30Z,,,,+0.69300
260731_223945,0,2026-07-31T22:39:45Z,,,,+0.73500
260731_224000,0,2026-07-31T22:40:00Z,,,,+0.72700
260731_224015,0,2026-07-31T22:40:15Z,,,,+0.68500
260731_224030,0,2026-07-31T22:40:30Z,,,,+0.72500
260731_224045,0,2026-07-31T22:40:45Z,,,,+0.71500
260731_224100,0,2026-07-31T22:41:00Z,,,,+0.69300
260731_224115,0,2026-07-31T22:41:15Z,,,,+0.71200
260731_224130,0,2026-07-31T22:41:30Z,,,,+0.73900
260731_224145,0,2026-07-31T22:41:45Z,-0.71233,-0.71232,0.9859,+0.69200
260731_224200,0,2026-07-31T22:42:00Z,,,,+0.72400
260731_224215,0,2026-07-31T22:42:15Z,,,,+0.74000
260731_224230,0,2026-07-31T22:42:30Z,,,,+0.68700
260731_224245,0,2026-07-31T22:42:45Z,,,,+0.71200
260731_224300,0,2026-07-31T22:43:00Z,,,,+0.72100
260731_224315,0,2026-07-31T22:43:15Z,,,,+0.69700
260731_224330,0,2026-07-31T22:43:30Z,,,,+0.68600
260731_224345,0,2026-07-31T22:43:45Z,,,,+0.70500
260731_224400,0,2026-07-31T22:44:00Z,,,,+0.73800
260731_224415,0,2026-07-31T22:44:15Z,-0.71233,-0.71233,0.9960,+0.73300
260731_224430,0,2026-07-31T22:44:30Z,,,,+0.73600
260731_224445,0,2026-07-31T22:44:45Z,,,,+0.73600
260731_224500,0,2026-07-31T22:45:00Z,,,,+0.69000
260731_224515,0,2026-07-31T22:45:15Z,,,,+0.74300
260731_224530,0,2026-07-31T22:45:30Z,,,,+0.72200
260731_224545,0,2026-07-31T22:45:45Z,,,,+0.73900
260731_224600,0,2026-07-31T22:46:00Z,,,,+0.69900
260731_224615,0,2026-07-31T22:46:15Z,,,,+0.72600
260731_224630,0,2026-07-31T22:46:30Z,,,,+0.75000
260731_224645,0,2026-07-31T22:46:45Z,-0.71233,-0.71233,0.9628,+0.70600
260731_224700,0,2026-07-31T22:47:00Z,,,,+0.72000
260731_224715,0,2026-07-31T22:47:15Z,,,,+0.72400
260731_224730,0,2026-07-31T22:47:30Z,,,,+0.74500
260731_224745,0,2026-07-31T22:47:45Z,,,,+0.74800
260731_224800,0,2026-07-31T22:48:00Z,,,,+0.74200
260731_224815,0,2026-07-31T22:48:15Z,,,,+0.74800
260731_224830,0,2026-07-31T22:48:30Z,,,,+0.70300
260731_224845,0,2026-07-31T22:48:45Z,,,,+0.71300
260731_224900,0,2026-07-31T22:49:00Z,,,,+0.72800
260731_224915,0,2026-07-31T22:49:15Z,-0.71233,-0.71233,0.9801,+0.71200
260731_224930,0,2026-07-31T22:49:30Z,,,,+0.72800
260731_224945,0,2026-07-31T22:49:45Z,,,,+0.75400
260731_225000,0,2026-07-31T22:50:00Z,,,,+0.75400
260731_225015,0,2026-07-31T22:50:15Z,,,,+0.75900
260731_225030,0,2026-07-31T22:50:30Z,,,,+0.72600
260731_225045,0,2026-07-31T22:50:45Z,,,,+0.74700
260731_225100,0,2026-07-31T22:51:00Z,,,,+0.72600
260731_225115,0,2026-07-31T22:51:15Z,,,,+0.72700
260731_225130,0,2026-07-31T22:51:30Z,,,,+0.74300
260731_225145,0,2026-07-31T22:51:45Z,-0.71233,-0.71233,0.9910,+0.76400
260731_225200,0,2026-07-31T22:52:00Z,,,,+0.72200
260731_225215,0,2026-07-31T22:52:15Z,,,,+0.77000
260731_225230,0,2026-07-31T22:52:30Z,,,,+0.72200
260731_225245,0,2026-07-31T22:52:45Z,,,,+0.72700
260731_225300,0,2026-07-31T22:53:00Z,,,,+0.74800
260731_225315,0,2026-07-31T22:53:15Z,,,,+0.77600
260731_225330,0,2026-07-31T22:53:30Z,,,,+0.71500
260731_225345,0,2026-07-31T22:53:45Z,,,,+0.77700
260731_225400,0,2026-07-31T22:54:00Z,,,,+0.72200
260731_225415,0,2026-07-31T22:54:15Z,-0.71233,-0.71233,0.9933,+0.75000
260731_225430,0,2026-07-31T22:54:30Z,,,,+0.71800
260731_225445,0,2026-07-31T22:54:45Z,,,,+0.75400
260731_225500,0,2026-07-31T22:55:00Z,,,,+0.75500
260731_225515,0,2026-07-31T22:55:15Z,,,,+0.72000
260731_225530,0,2026-07-31T22:55:30Z,,,,+0.73100
260731_225545,0,2026-07-31T22:55:45Z,,,,+0.74300
260731_225600,0,2026-07-31T22:56:00Z,,,,+0.77600
260731_225615,0,2026-07-31T22:56:15Z,,,,+0.75500
260731_225630,0,2026-07-31T22:56:30Z,,,,+0.73100
260731_225645,0,2026-07-31T22:56:45Z,-0.75233,-0.75233,0.9947,+0.75900
260731_225700,0,2026-07-31T22:57:00Z,,,,+0.76900
260731_225715,0,2026-07-31T22:57:15Z,,,,+0.74300
260731_225730,0,2026-07-31T22:57:30Z,,,,+0.77300
260731_225745,0,2026-07-31T22:57:45Z,,,,+0.74200
260731_225800,0,2026-07-31T22:58:00Z,,,,+0.75000
260731_225815,0,2026-07-31T22:58:15Z,,,,+0.76600
260731_225830,0,2026-07-31T22:58:30Z,,,,+0.72900
260731_225845,0,2026-07-31T22:58:45Z,,,,+0.74900
260731_225900,0,2026-07-31T22:59:00Z,,,,+0.78100
260731_225915,0,2026-07-31T22:59:15Z,-0.75233,-0.75233,0.9717,+0.73700
260731_225930,0,2026-07-31T22:59:30Z,,,,+0.75400
260731_225945,0,2026-07-31T22:59:45Z,,,,+0.77100
260731_230000,0,2026-07-31T23:00:00Z,,,,+0.78700
260731_230015,0,2026-07-31T23:00:15Z,,,,+0.74000
260731_230030,0,2026-07-31T23:00:30Z,,,,+0.77500
260731_230045,0,2026-07-31T23:00:45Z,,,,+0.73600
260731_230100,0,2026-07-31T23:01:00Z,,,,+0.76800
260731_230115,0,2026-07-31T23:01:15Z,,,,+0.79000
260731_230130,0,2026-07-31T23:01:30Z,,,,+0.78600
260731_230145,0,2026-07-31T23:01:45Z,-0.75233,-0.75233,0.9952,+0.77500
260731_230200,0,2026-07-31T23:02:00Z,,,,+0.74000
260731_230215,0,2026-07-31T23:02:15Z,,,,+0.74300
260731_230230,0,2026-07-31T23:02:30Z,,,,+0.75000
260731_230245,0,2026-07-31T23:02:45Z,,,,+0.74700
260731_230300,0,2026-07-31T23:03:00Z,,,,+0.76000
260731_230315,0,2026-07-31T23:03:15Z,,,,+0.78200
260731_230330,0,2026-07-31T23:03:30Z,,,,+0.79500
260731_230345,0,2026-07-31T23:03:45Z,,,,+0.76500
260731_230400,0,2026-07-31T23:04:00Z,,,,+0.76700
260731_230415,0,2026-07-31T23:04:15Z,-0.75233,-0.75233,0.9890,+0.76000
260731_230430,0,2026-07-31T23:04:30Z,,,,+0.76700
260731_230445,0,2026-07-31T23:04:45Z,,,,+0.78800
260731_230500,0,2026-07-31T23:05:00Z,,,,+0.79800
260731_230515,0,2026-07-31T23:05:15Z,,,,+0.79700
260731_230530,0,2026-07-31T23:05:30Z,,,,+0.79600
260731_230545,0,2026-07-31T23:05:45Z,,,,+0.79900
260731_230600,0,2026-07-31T23:06:00Z,,,,+0.75100
260731_230615,0,2026-07-31T23:06:15Z,,,,+0.76200
260731_230630,0,2026-07-31T23:06:30Z,,,,+0.80200
260731_230645,0,2026-07-31T23:06:45Z,-0.75233,-0.75233,0.9851,+0.77100
260731_230700,0,2026-07-31T23:07:00Z,,,,+0.77300
260731_230715,0,2026-07-31T23:07:15Z,,,,+0.79000
260731_230730,0,2026-07-31T23:07:30Z,,,,+0.80200
260731_230745,0,2026-07-31T23:07:45Z,,,,+0.81400
260731_230800,0,2026-07-31T23:08:00Z,,,,+0.75600
260731_230815,0,2026-07-31T23:08:15Z,,,,+0.76900
260731_230830,0,2026-07-31T23:08:30Z,,,,+0.77300
260731_230845,0,2026-07-31T23:08:45Z,,,,+0.80200
260731_230900,0,2026-07-31T23:09:00Z,,,,+0.81600
260731_230915,0,2026-07-31T23:09:15Z,-0.75233,-0.75233,0.9811,+0.81900
260731_230930,0,2026-07-31T23:09:30Z,,,,+0.76100
260731_230945,0,2026-07-31T23:09:45Z,,,,+0.78800
260731_231000,0,2026-07-31T23:10:00Z,,,,+0.79200
260731_231015,0,2026-07-31T23:10:15Z,,,,+0.80700
260731_231030,0,2026-07-31T23:10:30Z,,,,+0.81400
260731_231045,0,2026-07-31T23:10:45Z,,,,+0.81700
260731_231100,0,2026-07-31T23:11:00Z,,,,+0.76600
260731_231115,0,2026-07-31T23:11:15Z,,,,+0.77100
260731_231130,0,2026-07-31T23:11:30Z,,,,+0.81700
260731_231145,0,2026-07-31T23:11:45Z,-0.79233,-0.79233,0.9580,+0.82500
260731_231200,0,2026-07-31T23:12:00Z,,,,+0.82800
260731_231215,0,2026-07-31T23:12:15Z,,,,+0.82700
260731_231230,0,2026-07-31T23:12:30Z,,,,+0.78300
260731_231245,0,2026-07-31T23:12:45Z,,,,+0.82900
260731_231300,0,2026-07-31T23:13:00Z,,,,+0.78900
260731_231315,0,2026-07-31T23:13:15Z,,,,+0.80300
260731_231330,0,2026-07-31T23:13:30Z,,,,+0.83100
260731_231345,0,2026-07-31T23:13:45Z,,,,+0.80400
260731_231400,0,2026-07-31T23:14:00Z,,,,+0.82400
260731_231415,0,2026-07-31T23:14:15Z,-0.79233,-0.79233,0.9896,+0.78200
260731_231430,0,2026-07-31T23:14:30Z,,,,+0.79600
260731_231445,0,2026-07-31T23:14:45Z,,,,+0.80400
260731_231500,0,2026-07-31T23:15:00Z,,,,+0.79600
260731_231515,0,2026-07-31T23:15:15Z,,,,+0.81800
260731_231530,0,2026-07-31T23:15:30Z,,,,+0.83000
260731_231545,0,2026-07-31T23:15:45Z,,,,+0.81700
260731_231600,0,2026-07-31T23:16:00Z,,,,+0.82000
260731_231615,0,2026-07-31T23:16:15Z,,,,+0.80200
260731_231630,0,2026-07-31T23:16:30Z,,,,+0.80400
260731_231645,0,2026-07-31T23:16:45Z,-0.79233,-0.79233,0.9905,+0.80700
260731_231700,0,2026-07-31T23:17:00Z,,,,+0.81700
260731_231715,0,2026-07-31T23:17:15Z,,,,+0.80900
260731_231730,0,2026-07-31T23:17:30Z,,,,+0.82200
260731_231745,0,2026-07-31T23:17:45Z,,,,+0.82100
260731_231800,0,2026-07-31T23:18:00Z,,,,+0.84200
260731_231815,0,2026-07-31T23:18:15Z,,,,+0.80300
260731_231830,0,2026-07-31T23:18:30Z,,,,+0.81500
260731_231845,0,2026-07-31T23:18:45Z,,,,+0.79100
260731_231900,0,2026-07-31T23:19:00Z,,,,+0.79800
260731_231915,0,2026-07-31T23:19:15Z,-0.79233,-0.79233,0.9793,+0.79500
260731_231930,0,2026-07-31T23:19:30Z,,,,+0.82500
260731_231945,0,2026-07-31T23:19:45Z,,,,+0.84000
260731_232000,0,2026-07-31T23:20:00Z,,,,+0.81000
260731_232015,0,2026-07-31T23:20:15Z,,,,+0.85100
260731_232030,0,2026-07-31T23:20:30Z,,,,+0.84300
260731_232045,0,2026-07-31T23:20:45Z,,,,+0.79200
260731_232100,0,2026-07-31T23:21:00Z,,,,+0.80900
260731_232115,0,2026-07-31T23:21:15Z,,,,+0.83200
260731_232130,0,2026-07-31T23:21:30Z,,,,+0.84200
260731_232145,0,2026-07-31T23:21:45Z,-0.79233,-0.79233,0.9896,+0.85000
260731_232200,0,2026-07-31T23:22:00Z,,,,+0.85700
260731_232215,0,2026-07-31T23:22:15Z,,,,+0.82000
260731_232230,0,2026-07-31T23:22:30Z,,,,+0.82900
260731_232245,0,2026-07-31T23:22:45Z,,,,+0.80500
260731_232300,0,2026-07-31T23:23:00Z,,,,+0.82200
260731_232315,0,2026-07-31T23:23:15Z,,,,+0.81200
260731_232330,0,2026-07-31T23:23:30Z,,,,+0.80200
260731_232345,0,2026-07-31T23:23:45Z,,,,+0.85900
260731_232400,0,2026-07-31T23:24:00Z,,,,+0.85900
260731_232415,0,2026-07-31T23:24:15Z,-0.83233,-0.83233,0.9886,+0.85800
260731_232430,0,2026-07-31T23:24:30Z,,,,+0.82300
260731_232445,0,2026-07-31T23:24:45Z,,,,+0.81800
260731_232500,0,2026-07-31T23:25:00Z,,,,+0.83200
260731_232515,0,2026-07-31T23:25:15Z,,,,+0.86200
260731_232530,0,2026-07-31T23:25:30Z,,,,+0.85900
260731_232545,0,2026-07-31T23:25:45Z,,,,+0.85600
260731_232600,0,2026-07-31T23:26:00Z,,,,+0.86600
260731_232615,0,2026-07-31T23:26:15Z,,,,+0.81700
260731_232630,0,2026-07-31T23:26:30Z,,,,+0.86700
260731_232645,0,2026-07-31T23:26:45Z,-0.83233,-0.83233,0.9781,+0.81700
260731_232700,0,2026-07-31T23:27:00Z,,,,+0.83600
260731_232715,0,2026-07-31T23:27:15Z,,,,+0.86000
260731_232730,0,2026-07-31T23:27:30Z,,,,+0.81700
260731_232745,0,2026-07-31T23:27:45Z,,,,+0.82500
260731_232800,0,2026-07-31T23:28:00Z,,,,+0.85500
260731_232815,0,2026-07-31T23:28:15Z,,,,+0.81200
260731_232830,0,2026-07-31T23:28:30Z,,,,+0.83800
260731_232845,0,2026-07-31T23:28:45Z,,,,+0.86500
260731_232900,0,2026-07-31T23:29:00Z,,,,+0.83700
260731_232915,0,2026-07-31T23:29:15Z,-0.83233,-0.83233,0.9892,+0.85400
260731_232930,0,2026-07-31T23:29:30Z,,,,+0.86700
260731_232945,0,2026-07-31T23:29:45Z,,,,+0.81900
260731_233000,0,2026-07-31T23:30:00Z,,,,+0.87400
260731_233015,0,2026-07-31T23:30:15Z,,,,+0.83500
260731_233030,0,2026-07-31T23:30:30Z,,,,+0.83500
260731_233045,0,2026-07-31T23:30:45Z,,,,+0.82600
260731_233100,0,2026-07-31T23:31:00Z,,,,+0.84500
260731_233115,0,2026-07-31T23:31:15Z,,,,+0.84900
260731_233130,0,2026-07-31T23:31:30Z,,,,+0.86400
260731_233145,0,2026-07-31T23:31:45Z,-0.83233,-0.83233,0.9869,+0.88000
260731_233200,0,2026-07-31T23:32:00Z,,,,+0.83900
260731_233215,0,2026-07-31T23:32:15Z,,,,+0.86300
260731_233230,0,2026-07-31T23:32:30Z,,,,+0.87800
260731_233245,0,2026-07-31T23:32:45Z,,,,+0.84200
260731_233300,0,2026-07-31T23:33:00Z,,,,+0.85500
260731_233315,0,2026-07-31T23:33:15Z,,,,+0.85600
260731_233330,0,2026-07-31T23:33:30Z,,,,+0.86200
260731_233345,0,2026-07-31T23:33:45Z,,,,+0.87000
260731_233400,0,2026-07-31T23:34:00Z,,,,+0.88700
260731_233415,0,2026-07-31T23:34:15Z,-0.83233,-0.83233,0.9869,+0.88200
260731_233430,0,2026-07-31T23:34:30Z,,,,+0.88100
260731_233445,0,2026-07-31T23:34:45Z,,,,+0.87200
260731_233500,0,2026-07-31T23:35:00Z,,,,+0.87600
260731_233515,0,2026-07-31T23:35:15Z,,,,+0.88000
260731_233530,0,2026-07-31T23:35:30Z,,,,+0.88100
260731_233545,0,2026-07-31T23:35:45Z,,,,+0.83400
260731_233600,0,2026-07-31T23:36:00Z,,,,+0.85500
260731_233615,0,2026-07-31T23:36:15Z,,,,+0.87100
260731_233630,0,2026-07-31T23:36:30Z,,,,+0.87300
260731_233645,0,2026-07-31T23:36:45Z,-0.83233,-0.83232,0.9699,+0.89400
260731_233700,0,2026-07-31T23:37:00Z,,,,+0.89800
260731_233715,0,2026-07-31T23:37:15Z,,,,+0.84000
260731_233730,0,2026-07-31T23:37:30Z,,,,+0.86400
260731_233745,0,2026-07-31T23:37:45Z,,,,+0.85800
260731_233800,0,2026-07-31T23:38:00Z,,,,+0.85600
260731_233815,0,2026-07-31T23:38:15Z,,,,+0.86500
260731_233830,0,2026-07-31T23:38:30Z,,,,+0.86900
260731_233845,0,2026-07-31T23:38:45Z,,,,+0.88100
260731_233900,0,2026-07-31T23:39:00Z,,,,+0.88500
260731_233915,0,2026-07-31T23:39:15Z,-0.87233,-0.87233,0.9732,+0.89700
260731_233930,0,2026-07-31T23:39:30Z,,,,+0.85800
260731_233945,0,2026-07-31T23:39:45Z,,,,+0.86900
260731_234000,0,2026-07-31T23:40:00Z,,,,+0.88600
260731_234015,0,2026-07-31T23:40:15Z,,,,+0.89500
260731_234030,0,2026-07-31T23:40:30Z,,,,+0.88700
260731_234045,0,2026-07-31T23:40:45Z,,,,+0.87600
260731_234100,0,2026-07-31T23:41:00Z,,,,+0.89500
260731_234115,0,2026-07-31T23:41:15Z,,,,+0.89100
260731_234130,0,2026-07-31T23:41:30Z,,,,+0.91200
260731_234145,0,2026-07-31T23:41:45Z,-0.87233,-0.87233,0.9975,+0.85200
260731_234200,0,2026-07-31T23:42:00Z,,,,+0.86400
260731_234215,0,2026-07-31T23:42:15Z,,,,+0.88700
260731_234230,0,2026-07-31T23:42:30Z,,,,+0.89500
260731_234245,0,2026-07-31T23:42:45Z,,,,+0.90800
260731_234300,0,2026-07-31T23:43:00Z,,,,+0.91600
260731_234315,0,2026-07-31T23:43:15Z,,,,+0.86700
260731_234330,0,2026-07-31T23:43:30Z,,,,+0.87700
260731_234345,0,2026-07-31T23:43:45Z,,,,+0.86700
260731_234400,0,2026-07-31T23:44:00Z,,,,+0.87400
260731_234415,0,2026-07-31T23:44:15Z,-0.87233,-0.87233,0.9842,+0.87500
260731_234430,0,2026-07-31T23:44:30Z,,,,+0.88600
260731_234445,0,2026-07-31T23:44:45Z,,,,+0.88600
260731_234500,0,2026-07-31T23:45:00Z,,,,+0.91300
260731_234515,0,2026-07-31T23:45:15Z,,,,+0.87600
260731_234530,0,2026-07-31T23:45:30Z,,,,+0.89900
260731_234545,0,2026-07-31T23:45:45Z,,,,+0.91000
260731_234600,0,2026-07-31T23:46:00Z,,,,+0.92000
260731_234615,0,2026-07-31T23:46:15Z,,,,+0.91800
260731_234630,0,2026-07-31T23:46:30Z,,,,+0.87700
260731_234645,0,2026-07-31T23:46:45Z,-0.87233,-0.87233,0.9914,+0.87900
260731_234700,0,2026-07-31T23:47:00Z,,,,+0.91700
260731_234715,0,2026-07-31T23:47:15Z,,,,+0.92600
260731_234730,0,2026-07-31T23:47:30Z,,,,+0.93100
260731_234745,0,2026-07-31T23:47:45Z,,,,+0.88100
260731_234800,0,2026-07-31T23:48:00Z,,,,+0.89800
260731_234815,0,2026-07-31T23:48:15Z,,,,+0.88300
260731_234830,0,2026-07-31T23:48:30Z,,,,+0.90300
260731_234845,0,2026-07-31T23:48:45Z,,,,+0.88800
260731_234900,0,2026-07-31T23:49:00Z,,,,+0.91500
260731_234915,0,2026-07-31T23:49:15Z,-0.87233,-0.87233,0.9923,+0.87700
260731_234930,0,2026-07-31T23:49:30Z,,,,+0.89000
260731_234945,0,2026-07-31T23:49:45Z,,,,+0.89400
260731_235000,0,2026-07-31T23:50:00Z,,,,+0.92700
260731_235015,0,2026-07-31T23:50:15Z,,,,+0.88200
260731_235030,0,2026-07-31T23:50:30Z,,,,+0.90700
260731_235045,0,2026-07-31T23:50:45Z,,,,+0.92500
260731_235100,0,2026-07-31T23:51:00Z,,,,+0.93500
260731_235115,0,2026-07-31T23:51:15Z,,,,+0.88600
260731_235130,0,2026-07-31T23:51:30Z,,,,+0.89400
260731_235145,0,2026-07-31T23:51:45Z,-0.91233,-0.91233,0.9874,+0.92000
260731_235200,0,2026-07-31T23:52:00Z,,,,+0.92500
260731_235215,0,2026-07-31T23:52:15Z,,,,+0.93200
260731_235230,0,2026-07-31T23:52:30Z,,,,+0.93700
260731_235245,0,2026-07-31T23:52:45Z,,,,+0.94200
260731_235300,0,2026-07-31T23:53:00Z,,,,+0.90300
260731_235315,0,2026-07-31T23:53:15Z,,,,+0.90800
260731_235330,0,2026-07-31T23:53:30Z,,,,+0.92300
260731_235345,0,2026-07-31T23:53:45Z,,,,+0.93600
260731_235400,0,2026-07-31T23:54:00Z,,,,+0.90100
260731_235415,0,2026-07-31T23:54:15Z,-0.91233,-0.91233,0.9858,+0.92200
260731_235430,0,2026-07-31T23:54:30Z,,,,+0.92100
260731_235445,0,2026-07-31T23:54:45Z,,,,+0.93800
260731_235500,0,2026-07-31T23:55:00Z,,,,+0.93900
260731_235515,0,2026-07-31T23:55:15Z,,,,+0.89800
260731_235530,0,2026-07-31T23:55:30Z,,,,+0.91900
260731_235545,0,2026-07-31T23:55:45Z,,,,+0.92500
260731_235600,0,2026-07-31T23:56:00Z,,,,+0.93200
260731_235615,0,2026-07-31T23:56:15Z,,,,+0.94800
260731_235630,0,2026-07-31T23:56:30Z,,,,+0.95600
260731_235645,0,2026-07-31T23:56:45Z,-0.91233,-0.91233,0.9930,+0.95700
260731_235700,0,2026-07-31T23:57:00Z,,,,+0.92700
260731_235715,0,2026-07-31T23:57:15Z,,,,+0.94000
260731_235730,0,2026-07-31T23:57:30Z,,,,+0.94600
260731_235745,0,2026-07-31T23:57:45Z,,,,+0.90900
260731_235800,0,2026-07-31T23:58:00Z,,,,+0.92800
260731_235815,0,2026-07-31T23:58:15Z,,,,+0.92800
260731_235830,0,2026-07-31T23:58:30Z,,,,+0.93800
260731_235845,0,2026-07-31T23:58:45Z,,,,+0.93300
260731_235900,0,2026-07-31T23:59:00Z,,,,+0.93500
260731_235915,0,2026-07-31T23:59:15Z,-0.91233,-0.91233,0.9919,+0.93900
260731_235930,0,2026-07-31T23:59:30Z,,,,+0.93400
260731_235945,0,2026-07-31T23:59:45Z,,,,+0.93300
260801_000000,0,2026-08-01T00:00:00Z,,,,+0.95200
260801_000015,0,2026-08-01T00:00:15Z,,,,+0.94000
260801_000030,0,2026-08-01T00:00:30Z,,,,+0.92200
260801_000045,0,2026-08-01T00:00:45Z,,,,+0.94500
260801_000100,0,2026-08-01T00:01:00Z,,,,+0.91000
260801_000115,0,2026-08-01T00:01:15Z,,,,+0.93000
260801_000130,0,2026-08-01T00:01:30Z,,,,+0.93300
260801_000145,0,2026-08-01T00:01:45Z,-0.91233,-0.91233,0.9902,+0.92100
260801_000200,0,2026-08-01T00:02:00Z,,,,+0.94800
260801_000215,0,2026-08-01T00:02:15Z,,,,+0.93100
260801_000230,0,2026-08-01T00:02:30Z,,,,+0.95300
260801_000245,0,2026-08-01T00:02:45Z,,,,+0.95300
260801_000300,0,2026-08-01T00:03:00Z,,,,+0.96400
260801_000315,0,2026-08-01T00:03:15Z,,,,+0.92500
260801_000330,0,2026-08-01T00:03:30Z,,,,+0.94300
260801_000345,0,2026-08-01T00:03:45Z,,,,+0.96900
260801_000400,0,2026-08-01T00:04:00Z,,,,+0.92100
260801_000415,0,2026-08-01T00:04:15Z,-0.91233,-0.91232,0.9751,+0.93600
260801_000430,0,2026-08-01T00:04:30Z,,,,+0.95200
260801_000445,0,2026-08-01T00:04:45Z,,,,+0.96200
260801_000500,0,2026-08-01T00:05:00Z,,,,+0.95500
260801_000515,0,2026-08-01T00:05:15Z,,,,+0.95700
260801_000530,0,2026-08-01T00:05:30Z,,,,+0.97100
260801_000545,0,2026-08-01T00:05:45Z,,,,+0.93000
260801_000600,0,2026-08-01T00:06:00Z,,,,+0.95400
260801_000615,0,2026-08-01T00:06:15Z,,,,+0.98100
260801_000630,0,2026-08-01T00:06:30Z,,,,+0.98200
260801_000645,0,2026-08-01T00:06:45Z,-0.95233,-0.95233,0.9842,+0.92700
260801_000700,0,2026-08-01T00:07:00Z,,,,+0.92800
260801_000715,0,2026-08-01T00:07:15Z,,,,+0.93900
260801_000730,0,2026-08-01T00:07:30Z,,,,+0.94800
260801_000745,0,2026-08-01T00:07:45Z,,,,+0.97000
260801_000800,0,2026-08-01T00:08:00Z,,,,+0.96700
260801_000815,0,2026-08-01T00:08:15Z,,,,+0.95800
260801_000830,0,2026-08-01T00:08:30Z,,,,+0.97600
260801_000845,0,2026-08-01T00:08:45Z,,,,+0.93400
260801_000900,0,2026-08-01T00:09:00Z,,,,+0.95700
260801_000915,0,2026-08-01T00:09:15Z,-0.95233,-0.95233,0.9906,+0.97300
260801_000930,0,2026-08-01T00:09:30Z,,,,+0.96400
260801_000945,0,2026-08-01T00:09:45Z,,,,+0.98600
260801_001000,0,2026-08-01T00:10:00Z,,,,+0.98400
260801_001015,0,2026-08-01T00:10:15Z,,,,+0.99600
260801_001030,0,2026-08-01T00:10:30Z,,,,+0.94000
260801_001045,0,2026-08-01T00:10:45Z,,,,+0.94300
260801_001100,0,2026-08-01T00:11:00Z,,,,+0.94200
260801_001115,0,2026-08-01T00:11:15Z,,,,+0.97300
260801_001130,0,2026-08-01T00:11:30Z,,,,+0.99800
260801_001145,0,2026-08-01T00:11:45Z,-0.95233,-0.95233,0.9928,+0.99200
260801_001200,0,2026-08-01T00:12:00Z,,,,+0.95600
260801_001215,0,2026-08-01T00:12:15Z,,,,+0.97100
260801_001230,0,2026-08-01T00:12:30Z,,,,+0.98600
260801_001245,0,2026-08-01T00:12:45Z,,,,+0.94700
260801_001300,0,2026-08-01T00:13:00Z,,,,+0.96300
260801_001315,0,2026-08-01T00:13:15Z,,,,+0.96100
260801_001330,0,2026-08-01T00:13:30Z,,,,+0.97400
260801_001345,0,2026-08-01T00:13:45Z,,,,+0.94600
260801_001400,0,2026-08-01T00:14:00Z,,,,+0.94900
260801_001415,0,2026-08-01T00:14:15Z,-0.95233,-0.95233,0.9496,+0.95700
260801_001430,0,2026-08-01T00:14:30Z,,,,+0.95800
260801_001445,0,2026-08-01T00:14:45Z,,,,+0.97700
260801_001500,0,2026-08-01T00:15:00Z,,,,+0.98600
260801_001515,0,2026-08-01T00:15:15Z,,,,+0.98000
260801_001530,0,2026-08-01T00:15:30Z,,,,+0.97800
260801_001546,0,2026-08-01T00:15:46Z,,,,+1.00300
260801_001601,0,2026-08-01T00:16:01Z,,,,+1.00700
260801_001615,0,2026-08-01T00:16:15Z,,,,+0.97800
260801_001630,0,2026-08-01T00:16:30Z,,,,+0.99900
260801_001645,0,2026-08-01T00:16:45Z,-0.95233,-0.95233,0.9932,+0.96100
260801_001700,0,2026-08-01T00:17:00Z,,,,+0.98000
260801_001716,0,2026-08-01T00:17:16Z,,,,+1.00800
260801_001730,0,2026-08-01T00:17:30Z,,,,+0.97600
260801_001745,0,2026-08-01T00:17:45Z,,,,+0.96700
260801_001800,0,2026-08-01T00:18:00Z,,,,+0.99600
260801_001816,0,2026-08-01T00:18:16Z,,,,+1.01700
260801_001831,0,2026-08-01T00:18:31Z,,,,+1.01800
260801_001845,0,2026-08-01T00:18:45Z,,,,+0.96900
260801_001901,0,2026-08-01T00:19:01Z,,,,+1.00300
260801_001915,0,2026-08-01T00:19:15Z,-0.95233,-0.95233,0.9948,+0.97900
260801_001931,0,2026-08-01T00:19:31Z,,,,+1.00400
260801_001946,0,2026-08-01T00:19:46Z,,,,+1.00400
260801_002001,0,2026-08-01T00:20:01Z,,,,+1.00900
260801_002016,0,2026-08-01T00:20:16Z,,,,+1.01600
260801_002030,0,2026-08-01T00:20:30Z,,,,+0.98400
260801_002046,0,2026-08-01T00:20:46Z,,,,+1.00200
260801_002101,0,2026-08-01T00:21:01Z,,,,+1.01800
260801_002115,0,2026-08-01T00:21:15Z,,,,+0.97100
260801_002130,0,2026-08-01T00:21:30Z,,,,+0.98600
260801_002146,0,2026-08-01T00:21:46Z,-0.99233,-0.99233,0.9826,+1.01400
260801_002200,0,2026-08-01T00:22:00Z,,,,+0.99300
260801_002216,0,2026-08-01T00:22:16Z,,,,+1.01300
260801_002230,0,2026-08-01T00:22:30Z,,,,+0.97800
260801_002245,0,2026-08-01T00:22:45Z,,,,+0.99200
260801_002301,0,2026-08-01T00:23:01Z,,,,+1.01900
260801_002316,0,2026-08-01T00:23:16Z,,,,+1.03200
260801_002330,0,2026-08-01T00:23:30Z,,,,+0.98600
260801_002345,0,2026-08-01T00:23:45Z,,,,+0.99800
260801_002401,0,2026-08-01T00:24:01Z,,,,+1.02100
260801_002415,0,2026-08-01T00:24:15Z,-0.99233,-0.99233,0.9845,+0.97300
260801_002430,0,2026-08-01T00:24:30Z,,,,+0.97700
260801_002445,0,2026-08-01T00:24:45Z,,,,+0.99300
260801_002500,0,2026-08-01T00:25:00Z,,,,+0.98300
260801_002515,0,2026-08-01T00:25:15Z,,,,+0.98600
260801_002530,0,2026-08-01T00:25:30Z,,,,+0.97700
260801_002546,0,2026-08-01T00:25:46Z,,,,+1.03600
260801_002601,0,2026-08-01T00:26:01Z,,,,+1.04000
260801_002615,0,2026-08-01T00:26:15Z,,,,+0.98100
260801_002630,0,2026-08-01T00:26:30Z,,,,+0.98500
260801_002646,0,2026-08-01T00:26:46Z,-0.99233,-0.99233,0.9847,+1.03700
260801_002700,0,2026-08-01T00:27:00Z,,,,+0.99500
260801_002715,0,2026-08-01T00:27:15Z,,,,+0.99800
260801_002731,0,2026-08-01T00:27:31Z,,,,+1.03900
260801_002746,0,2026-08-01T00:27:46Z,,,,+1.00600
260801_002801,0,2026-08-01T00:28:01Z,,,,+1.02000
260801_002816,0,2026-08-01T00:28:16Z,,,,+1.02600
260801_002831,0,2026-08-01T00:28:31Z,,,,+1.02200
260801_002846,0,2026-08-01T00:28:46Z,,,,+1.02200
260801_002900,0,2026-08-01T00:29:00Z,,,,+0.99500
260801_002915,0,2026-08-01T00:29:15Z,-0.99233,-0.99233,0.9884,+0.98900
260801_002931,0,2026-08-01T00:29:31Z,,,,+1.04000
260801_002946,0,2026-08-01T00:29:46Z,,,,+1.04900
260801_003000,0,2026-08-01T00:30:00Z,,,,+0.99600
260801_003016,0,2026-08-01T00:30:16Z,,,,+1.03700
260801_003031,0,2026-08-01T00:30:31Z,,,,+1.03700
260801_003046,0,2026-08-01T00:30:46Z,,,,+1.03000
260801_003101,0,2026-08-01T00:31:01Z,,,,+1.02600
260801_003116,0,2026-08-01T00:31:16Z,,,,+1.02500
260801_003131,0,2026-08-01T00:31:31Z,,,,+1.04000
260801_003146,0,2026-08-01T00:31:46Z,-0.99233,-0.99233,0.9847,+1.03500
260801_003201,0,2026-08-01T00:32:01Z,,,,+1.04000
260801_003216,0,2026-08-01T00:32:16Z,,,,+1.02300
260801_003231,0,2026-08-01T00:32:31Z,,,,+1.01400
260801_003246,0,2026-08-01T00:32:46Z,,,,+1.01000
260801_003301,0,2026-08-01T00:33:01Z,,,,+1.00300
260801_003316,0,2026-08-01T00:33:16Z,,,,+1.00200
260801_003331,0,2026-08-01T00:33:31Z,,,,+1.00400
260801_003346,0,2026-08-01T00:33:46Z,,,,+1.01500
260801_003401,0,2026-08-01T00:34:01Z,,,,+1.00100
260801_003416,0,2026-08-01T00:34:16Z,-1.03233,-1.03233,0.9784,+1.00100
260801_003431,0,2026-08-01T00:34:31Z,,,,+1.03000
260801_003446,0,2026-08-01T00:34:46Z,,,,+1.02000
260801_003501,0,2026-08-01T00:35:01Z,,,,+1.02600
260801_003516,0,2026-08-01T00:35:16Z,,,,+1.00800
260801_003531,0,2026-08-01T00:35:31Z,,,,+1.01000
260801_003546,0,2026-08-01T00:35:46Z,,,,+1.00900
260801_003601,0,2026-08-01T00:36:01Z,,,,+1.01000
260801_003616,0,2026-08-01T00:36:16Z,,,,+1.03000
260801_003631,0,2026-08-01T00:36:31Z,,,,+1.03400
260801_003646,0,2026-08-01T00:36:46Z,-1.03233,-1.03233,0.9849,+1.03900
260801_003701,0,2026-08-01T00:37:01Z,,,,+1.04800
260801_003716,0,2026-08-01T00:37:16Z,,,,+1.05300
260801_003731,0,2026-08-01T00:37:31Z,,,,+1.06400
260801_003746,0,2026-08-01T00:37:46Z,,,,+1.06000
260801_003801,0,2026-08-01T00:38:01Z,,,,+1.06000
260801_003816,0,2026-08-01T00:38:16Z,,,,+1.01300
260801_003831,0,2026-08-01T00:38:31Z,,,,+1.02100
260801_003846,0,2026-08-01T00:38:46Z,,,,+1.03300
260801_003901,0,2026-08-01T00:39:01Z,,,,+1.06600
260801_003916,0,2026-08-01T00:39:16Z,-1.03233,-1.03233,0.9842,+1.02200
260801_003931,0,2026-08-01T00:39:31Z,,,,+1.05100
260801_003946,0,2026-08-01T00:39:46Z,,,,+1.07600
260801_004001,0,2026-08-01T00:40:01Z,,,,+1.03500
260801_004016,0,2026-08-01T00:40:16Z,,,,+1.05300
260801_004031,0,2026-08-01T00:40:31Z,,,,+1.07900
260801_004046,0,2026-08-01T00:40:46Z,,,,+1.05100
260801_004101,0,2026-08-01T00:41:01Z,,,,+1.07500
260801_004116,0,2026-08-01T00:41:16Z,,,,+1.07600
260801_004131,0,2026-08-01T00:41:31Z,,,,+1.03100
260801_004146,0,2026-08-01T00:41:46Z,-1.03233,-1.03233,0.9909,+1.04200
260801_004201,0,2026-08-01T00:42:01Z,,,,+1.05200
260801_004216,0,2026-08-01T00:42:16Z,,,,+1.06800
260801_004231,0,2026-08-01T00:42:31Z,,,,+1.03300
260801_004246,0,2026-08-01T00:42:46Z,,,,+1.04600
260801_004301,0,2026-08-01T00:43:01Z,,,,+1.06100
260801_004316,0,2026-08-01T00:43:16Z,,,,+1.09000
260801_004331,0,2026-08-01T00:43:31Z,,,,+1.07000
260801_004346,0,2026-08-01T00:43:46Z,,,,+1.06800
260801_004401,0,2026-08-01T00:44:01Z,,,,+1.07700
260801_004416,0,2026-08-01T00:44:16Z,-1.03233,-1.03233,0.9877,+1.08000
260801_004431,0,2026-08-01T00:44:31Z,,,,+1.08400
260801_004446,0,2026-08-01T00:44:46Z,,,,+1.08900
260801_004501,0,2026-08-01T00:45:01Z,,,,+1.09000
260801_004516,0,2026-08-01T00:45:16Z,,,,+1.05000
260801_004531,0,2026-08-01T00:45:31Z,,,,+1.06700
260801_004546,0,2026-08-01T00:45:46Z,,,,+1.07000
260801_004601,0,2026-08-01T00:46:01Z,,,,+1.09400
260801_004616,0,2026-08-01T00:46:16Z,,,,+1.03900
260801_004631,0,2026-08-01T00:46:31Z,,,,+1.06400
260801_004646,0,2026-08-01T00:46:46Z,-1.03233,-1.03233,0.9914,+1.08400
260801_004701,0,2026-08-01T00:47:01Z,,,,+1.08300
260801_004716,0,2026-08-01T00:47:16Z,,,,+1.04900
260801_004731,0,2026-08-01T00:47:31Z,,,,+1.05400
260801_004746,0,2026-08-01T00:47:46Z,,,,+1.10300
260801_004801,0,2026-08-01T00:48:01Z,,,,+1.08200
260801_004816,0,2026-08-01T00:48:16Z,,,,+1.05200
260801_004831,0,2026-08-01T00:48:31Z,,,,+1.08000
260801_004846,0,2026-08-01T00:48:46Z,,,,+1.05700
260801_004901,0,2026-08-01T00:49:01Z,,,,+1.04600
260801_004916,0,2026-08-01T00:49:16Z,-1.04233,-1.04233,0.9918,+1.07100
260801_004931,0,2026-08-01T00:49:31Z,,,,+1.06800
260801_004946,0,2026-08-01T00:49:46Z,,,,+1.05300
260801_005001,0,2026-08-01T00:50:01Z,,,,+1.04800
260801_005016,0,2026-08-01T00:50:16Z,,,,+1.09900
260801_005031,0,2026-08-01T00:50:31Z,,,,+1.08500
260801_005046,0,2026-08-01T00:50:46Z,,,,+1.06100
260801_005101,0,2026-08-01T00:51:01Z,,,,+1.06200
260801_005116,0,2026-08-01T00:51:16Z,,,,+1.10300
260801_005131,0,2026-08-01T00:51:31Z,,,,+1.08100
260801_005146,0,2026-08-01T00:51:46Z,-1.08233,-1.08233,0.9983,+1.05900
260801_005201,0,2026-08-01T00:52:01Z,,,,+1.09400
260801_005216,0,2026-08-01T00:52:16Z,,,,+1.06700
260801_005231,0,2026-08-01T00:52:31Z,,,,+1.05600
260801_005246,0,2026-08-01T00:52:46Z,,,,+1.09500
260801_005301,0,2026-08-01T00:53:01Z,,,,+1.06000
260801_005316,0,2026-08-01T00:53:16Z,,,,+1.08400
260801_005331,0,2026-08-01T00:53:31Z,,,,+1.11300
260801_005346,0,2026-08-01T00:53:46Z,,,,+1.07500
260801_005401,0,2026-08-01T00:54:01Z,,,,+1.06100
260801_005416,0,2026-08-01T00:54:16Z,-1.08233,-1.08233,0.9966,+1.10300
260801_005431,0,2026-08-01T00:54:31Z,,,,+1.07400
260801_005446,0,2026-08-01T00:54:46Z,,,,+1.10700
260801_005501,0,2026-08-01T00:55:01Z,,,,+1.07400
260801_005516,0,2026-08-01T00:55:16Z,,,,+1.11600
260801_005531,0,2026-08-01T00:55:31Z,,,,+1.11300
260801_005546,0,2026-08-01T00:55:46Z,,,,+1.08800
260801_005601,0,2026-08-01T00:56:01Z,,,,+1.07300
260801_005616,0,2026-08-01T00:56:16Z,,,,+1.10300
260801_005631,0,2026-08-01T00:56:31Z,,,,+1.12800
260801_005646,0,2026-08-01T00:56:46Z,-1.08233,-1.08233,0.9970,+1.10200
260801_005701,0,2026-08-01T00:57:01Z,,,,+1.08200
260801_005716,0,2026-08-01T00:57:16Z,,,,+1.11300
260801_005731,0,2026-08-01T00:57:31Z,,,,+1.09200
260801_005746,0,2026-08-01T00:57:46Z,,,,+1.10600
260801_005801,0,2026-08-01T00:58:01Z,,,,+1.09000
260801_005816,0,2026-08-01T00:58:16Z,,,,+1.08600
260801_005831,0,2026-08-01T00:58:31Z,,,,+1.12300
260801_005846,0,2026-08-01T00:58:46Z,,,,+1.10400
260801_005901,0,2026-08-01T00:59:01Z,,,,+1.13000
260801_005916,0,2026-08-01T00:59:16Z,-1.08233,-1.08233,0.9875,+1.10700
260801_005931,0,2026-08-01T00:59:31Z,,,,+1.13600
260801_005946,0,2026-08-01T00:59:46Z,,,,+1.11300
260801_010001,0,2026-08-01T01:00:01Z,,,,+1.09500
260801_010016,0,2026-08-01T01:00:16Z,,,,+1.08900
260801_010031,0,2026-08-01T01:00:31Z,,,,+1.13000
260801_010046,0,2026-08-01T01:00:46Z,,,,+1.11900
260801_010101,0,2026-08-01T01:01:01Z,,,,+1.13300
260801_010116,0,2026-08-01T01:01:16Z,,,,+1.11400
260801_010131,0,2026-08-01T01:01:31Z,,,,+1.11000
260801_010146,0,2026-08-01T01:01:46Z,-1.08233,-1.08233,0.9926,+1.09400
260801_010201,0,2026-08-01T01:02:01Z,,,,+1.12800
260801_010216,0,2026-08-01T01:02:16Z,,,,+1.11000
260801_010231,0,2026-08-01T01:02:31Z,,,,+1.10200
260801_010246,0,2026-08-01T01:02:46Z,,,,+1.14400
260801_010301,0,2026-08-01T01:03:01Z,,,,+1.10300
260801_010316,0,2026-08-01T01:03:16Z,,,,+1.08800
260801_010331,0,2026-08-01T01:03:31Z,,,,+1.11000
260801_010346,0,2026-08-01T01:03:46Z,,,,+1.14000
260801_010401,0,2026-08-01T01:04:01Z,,,,+1.12300
260801_010416,0,2026-08-01T01:04:16Z,-1.08233,-1.08233,0.9938,+1.10300
260801_010431,0,2026-08-01T01:04:31Z,,,,+1.12800
260801_010446,0,2026-08-01T01:04:46Z,,,,+1.11600
260801_010501,0,2026-08-01T01:05:01Z,,,,+1.15100
260801_010516,0,2026-08-01T01:05:16Z,,,,+1.12400
260801_010531,0,2026-08-01T01:05:31Z,,,,+1.09500
260801_010546,0,2026-08-01T01:05:46Z,,,,+1.12300
260801_010601,0,2026-08-01T01:06:01Z,,,,+1.10500
260801_010616,0,2026-08-01T01:06:16Z,,,,+1.14500
260801_010631,0,2026-08-01T01:06:31Z,,,,+1.14000
260801_010646,0,2026-08-01T01:06:46Z,-1.12233,-1.12233,0.9833,+1.11200
260801_010701,0,2026-08-01T01:07:01Z,,,,+1.13700
260801_010716,0,2026-08-01T01:07:16Z,,,,+1.15600
260801_010731,0,2026-08-01T01:07:31Z,,,,+1.11900
260801_010746,0,2026-08-01T01:07:46Z,,,,+1.11000
260801_010801,0,2026-08-01T01:08:01Z,,,,+1.15100
260801_010816,0,2026-08-01T01:08:16Z,,,,+1.12200
260801_010831,0,2026-08-01T01:08:31Z,,,,+1.15100
260801_010846,0,2026-08-01T01:08:46Z,,,,+1.11600
260801_010901,0,2026-08-01T01:09:01Z,,,,+1.10900
260801_010916,0,2026-08-01T01:09:16Z,-1.12233,-1.12233,0.9945,+1.14500
260801_010931,0,2026-08-01T01:09:31Z,,,,+1.11100
260801_010946,0,2026-08-01T01:09:46Z,,,,+1.13900
260801_011001,0,2026-08-01T01:10:01Z,,,,+1.16600
260801_011016,0,2026-08-01T01:10:16Z,,,,+1.14600
260801_011031,0,2026-08-01T01:10:31Z,,,,+1.11600
260801_011046,0,2026-08-01T01:10:46Z,,,,+1.15400
260801_011101,0,2026-08-01T01:11:01Z,,,,+1.13700
260801_011116,0,2026-08-01T01:11:16Z,,,,+1.12500
260801_011131,0,2026-08-01T01:11:31Z,,,,+1.16000
260801_011146,0,2026-08-01T01:11:46Z,-1.12233,-1.12233,0.9958,+1.12600
260801_011201,0,2026-08-01T01:12:01Z,,,,+1.15800
260801_011216,0,2026-08-01T01:12:16Z,,,,+1.13600
260801_011231,0,2026-08-01T01:12:31Z,,,,+1.11300
260801_011246,0,2026-08-01T01:12:46Z,,,,+1.16000
260801_011301,0,2026-08-01T01:13:01Z,,,,+1.15200
260801_011316,0,2026-08-01T01:13:16Z,,,,+1.14100
260801_011331,0,2026-08-01T01:13:31Z,,,,+1.14200
260801_011346,0,2026-08-01T01:13:46Z,,,,+1.13500
260801_011401,0,2026-08-01T01:14:01Z,,,,+1.18300
260801_011416,0,2026-08-01T01:14:16Z,-1.12233,-1.12233,0.9931,+1.16000
260801_011431,0,2026-08-01T01:14:31Z,,,,+1.16000
260801_011446,0,2026-08-01T01:14:46Z,,,,+1.14800
260801_011501,0,2026-08-01T01:15:01Z,,,,+1.16900
260801_011516,0,2026-08-01T01:15:16Z,,,,+1.15900
260801_011531,0,2026-08-01T01:15:31Z,,,,+1.19100
260801_011546,0,2026-08-01T01:15:46Z,,,,+1.14300
260801_011601,0,2026-08-01T01:16:01Z,,,,+1.17400
260801_011616,0,2026-08-01T01:16:16Z,,,,+1.16400
260801_011631,0,2026-08-01T01:16:31Z,,,,+1.15300
260801_011646,0,2026-08-01T01:16:46Z,-1.16233,-1.16233,0.9866,+1.13400
260801_011701,0,2026-08-01T01:17:01Z,,,,+1.17900
260801_011716,0,2026-08-01T01:17:16Z,,,,+1.16500
260801_011731,0,2026-08-01T01:17:31Z,,,,+1.14500
260801_011746,0,2026-08-01T01:17:46Z,,,,+1.18400
260801_011801,0,2026-08-01T01:18:01Z,,,,+1.16900
260801_011816,0,2026-08-01T01:18:16Z,,,,+1.19600
260801_011831,0,2026-08-01T01:18:31Z,,,,+1.17400
260801_011846,0,2026-08-01T01:18:46Z,,,,+1.15200
260801_011901,0,2026-08-01T01:19:01Z,,,,+1.18600
260801_011916,0,2026-08-01T01:19:16Z,-1.16233,-1.16233,0.9930,+1.19300
260801_011931,0,2026-08-01T01:19:31Z,,,,+1.17200
260801_011946,0,2026-08-01T01:19:46Z,,,,+1.15800
260801_012001,0,2026-08-01T01:20:01Z,,,,+1.19700
260801_012016,0,2026-08-01T01:20:16Z,,,,+1.17500
260801_012031,0,2026-08-01T01:20:31Z,,,,+1.14500
260801_012046,0,2026-08-01T01:20:46Z,,,,+1.17900
260801_012101,0,2026-08-01T01:21:01Z,,,,+1.17600
260801_012116,0,2026-08-01T01:21:16Z,,,,+1.14800
260801_012131,0,2026-08-01T01:21:31Z,,,,+1.17400
260801_012146,0,2026-08-01T01:21:46Z,-1.16233,-1.16233,0.9897,+1.14900
260801_012201,0,2026-08-01T01:22:01Z,,,,+1.17800
260801_012216,0,2026-08-01T01:22:16Z,,,,+1.15900
260801_012231,0,2026-08-01T01:22:31Z,,,,+1.18800
260801_012246,0,2026-08-01T01:22:46Z,,,,+1.16300
260801_012301,0,2026-08-01T01:23:01Z,,,,+1.19600
260801_012316,0,2026-08-01T01:23:16Z,,,,+1.16200
260801_012331,0,2026-08-01T01:23:31Z,,,,+1.17900
260801_012346,0,2026-08-01T01:23:46Z,,,,+1.21200
260801_012401,0,2026-08-01T01:24:01Z,,,,+1.17100
260801_012416,0,2026-08-01T01:24:16Z,-1.16233,-1.16233,0.9826,+1.20000
260801_012431,0,2026-08-01T01:24:31Z,,,,+1.16900
260801_012446,0,2026-08-01T01:24:46Z,,,,+1.19500
260801_012501,0,2026-08-01T01:25:01Z,,,,+1.21100
260801_012516,0,2026-08-01T01:25:16Z,,,,+1.17800
260801_012531,0,2026-08-01T01:25:31Z,,,,+1.20000
260801_012546,0,2026-08-01T01:25:46Z,,,,+1.17000
260801_012601,0,2026-08-01T01:26:01Z,,,,+1.19200
260801_012616,0,2026-08-01T01:26:16Z,,,,+1.21200
260801_012631,0,2026-08-01T01:26:31Z,,,,+1.19000
260801_012646,0,2026-08-01T01:26:46Z,-1.16233,-1.16233,0.9944,+1.21800
260801_012701,0,2026-08-01T01:27:01Z,,,,+1.18100
260801_012716,0,2026-08-01T01:27:16Z,,,,+1.16400
260801_012731,0,2026-08-01T01:27:31Z,,,,+1.20200
260801_012746,0,2026-08-01T01:27:46Z,,,,+1.17200
260801_012801,0,2026-08-01T01:28:01Z,,,,+1.21500
260801_012816,0,2026-08-01T01:28:16Z,,,,+1.20300
260801_012831,0,2026-08-01T01:28:31Z,,,,+1.19300
260801_012846,0,2026-08-01T01:28:46Z,,,,+1.22500
260801_012901,0,2026-08-01T01:29:01Z,,,,+1.22800
260801_012916,0,2026-08-01T01:29:16Z,-1.16233,-1.16233,0.9889,+1.20600
260801_012931,0,2026-08-01T01:29:31Z,,,,+1.19500
260801_012946,0,2026-08-01T01:29:46Z,,,,+1.17300
260801_013001,0,2026-08-01T01:30:01Z,,,,+1.18100
260801_013016,0,2026-08-01T01:30:16Z,,,,+1.23100
260801_013031,0,2026-08-01T01:30:31Z,,,,+1.20800
260801_013046,0,2026-08-01T01:30:46Z,,,,+1.18300
260801_013101,0,2026-08-01T01:31:01Z,,,,+1.22000
260801_013116,0,2026-08-01T01:31:16Z,,,,+1.19700
260801_013131,0,2026-08-01T01:31:31Z,,,,+1.22100
260801_013146,0,2026-08-01T01:31:46Z,-1.20233,-1.20233,0.9964,+1.18500
260801_013201,0,2026-08-01T01:32:01Z,,,,+1.20900
260801_013216,0,2026-08-01T01:32:16Z,,,,+1.22100
260801_013231,0,2026-08-01T01:32:31Z,,,,+1.19200
260801_013246,0,2026-08-01T01:32:46Z,,,,+1.23500
260801_013301,0,2026-08-01T01:33:01Z,,,,+1.20400
260801_013316,0,2026-08-01T01:33:16Z,,,,+1.18100
260801_013331,0,2026-08-01T01:33:31Z,,,,+1.20500
260801_013346,0,2026-08-01T01:33:46Z,,,,+1.18300
260801_013401,0,2026-08-01T01:34:01Z,,,,+1.19200
260801_013416,0,2026-08-01T01:34:16Z,-1.20233,-1.20233,0.9906,+1.20400
260801_013431,0,2026-08-01T01:34:31Z,,,,+1.23100
260801_013446,0,2026-08-01T01:34:46Z,,,,+1.19800
260801_013501,0,2026-08-01T01:35:01Z,,,,+1.23100
260801_013516,0,2026-08-01T01:35:16Z,,,,+1.21100
260801_013531,0,2026-08-01T01:35:31Z,,,,+1.23000
260801_013546,0,2026-08-01T01:35:46Z,,,,+1.20200
260801_013601,0,2026-08-01T01:36:01Z,,,,+1.24100
260801_013616,0,2026-08-01T01:36:16Z,,,,+1.20100
260801_013631,0,2026-08-01T01:36:31Z,,,,+1.19000
260801_013646,0,2026-08-01T01:36:46Z,-1.20233,-1.20233,0.9936,+1.21800
260801_013701,0,2026-08-01T01:37:01Z,,,,+1.24100
260801_013716,0,2026-08-01T01:37:16Z,,,,+1.25000
260801_013731,0,2026-08-01T01:37:31Z,,,,+1.21900
260801_013746,0,2026-08-01T01:37:46Z,,,,+1.22900
260801_013801,0,2026-08-01T01:38:01Z,,,,+1.22600
260801_013816,0,2026-08-01T01:38:16Z,,,,+1.22700
260801_013831,0,2026-08-01T01:38:31Z,,,,+1.25500
260801_013846,0,2026-08-01T01:38:46Z,,,,+1.20700
260801_013901,0,2026-08-01T01:39:01Z,,,,+1.21900
260801_013916,0,2026-08-01T01:39:16Z,-1.19233,-1.19233,0.9490,+1.22700
260801_013931,0,2026-08-01T01:39:31Z,,,,+1.23200
260801_013946,0,2026-08-01T01:39:46Z,,,,+1.22900
260801_014001,0,2026-08-01T01:40:01Z,,,,+1.24400
260801_014016,0,2026-08-01T01:40:16Z,,,,+1.24800
260801_014031,0,2026-08-01T01:40:31Z,,,,+1.21400
260801_014046,0,2026-08-01T01:40:46Z,,,,+1.21900
260801_014101,0,2026-08-01T01:41:01Z,,,,+1.22700
260801_014116,0,2026-08-01T01:41:16Z,,,,+1.24700
260801_014131,0,2026-08-01T01:41:31Z,,,,+1.21300
260801_014146,0,2026-08-01T01:41:46Z,-1.23233,-1.23233,0.9887,+1.24300
260801_014201,0,2026-08-01T01:42:01Z,,,,+1.25700
260801_014216,0,2026-08-01T01:42:16Z,,,,+1.20800
260801_014231,0,2026-08-01T01:42:31Z,,,,+1.26900
260801_014246,0,2026-08-01T01:42:46Z,,,,+1.21500
260801_014301,0,2026-08-01T01:43:01Z,,,,+1.22100
260801_014316,0,2026-08-01T01:43:16Z,,,,+1.23400
260801_014331,0,2026-08-01T01:43:31Z,,,,+1.23200
260801_014346,0,2026-08-01T01:43:46Z,,,,+1.23400
260801_014401,0,2026-08-01T01:44:01Z,,,,+1.22500
260801_014416,0,2026-08-01T01:44:16Z,-1.23233,-1.23233,0.9936,+1.22600
260801_014431,0,2026-08-01T01:44:31Z,,,,+1.21800
260801_014446,0,2026-08-01T01:44:46Z,,,,+1.24000
260801_014501,0,2026-08-01T01:45:01Z,,,,+1.23900
260801_014516,0,2026-08-01T01:45:16Z,,,,+1.25700
260801_014531,0,2026-08-01T01:45:31Z,,,,+1.26000
260801_014546,0,2026-08-01T01:45:46Z,,,,+1.27200
260801_014601,0,2026-08-01T01:46:01Z,,,,+1.21800
260801_014616,0,2026-08-01T01:46:16Z,,,,+1.22600
260801_014631,0,2026-08-01T01:46:31Z,,,,+1.23800
260801_014646,0,2026-08-01T01:46:46Z,-1.23233,-1.23233,0.9757,+1.24000
260801_014701,0,2026-08-01T01:47:01Z,,,,+1.23700
260801_014716,0,2026-08-01T01:47:16Z,,,,+1.24400
260801_014731,0,2026-08-01T01:47:31Z,,,,+1.23500
260801_014746,0,2026-08-01T01:47:46Z,,,,+1.24000
260801_014801,0,2026-08-01T01:48:01Z,,,,+1.25500
260801_014816,0,2026-08-01T01:48:16Z,,,,+1.25300
260801_014831,0,2026-08-01T01:48:31Z,,,,+1.27100
260801_014846,0,2026-08-01T01:48:46Z,,,,+1.27400
260801_014901,0,2026-08-01T01:49:01Z,,,,+1.28400
260801_014916,0,2026-08-01T01:49:16Z,-1.23233,-1.23233,0.9937,+1.22700
260801_014931,0,2026-08-01T01:49:31Z,,,,+1.23600
260801_014946,0,2026-08-01T01:49:46Z,,,,+1.22900
260801_015001,0,2026-08-01T01:50:01Z,,,,+1.24600
260801_015016,0,2026-08-01T01:50:16Z,,,,+1.25700
260801_015031,0,2026-08-01T01:50:31Z,,,,+1.27400
260801_015046,0,2026-08-01T01:50:46Z,,,,+1.23400
260801_015101,0,2026-08-01T01:51:01Z,,,,+1.24200
260801_015116,0,2026-08-01T01:51:16Z,,,,+1.23600
260801_015131,0,2026-08-01T01:51:31Z,,,,+1.24600
260801_015146,0,2026-08-01T01:51:46Z,-1.23233,-1.23233,0.9915,+1.25500
260801_015201,0,2026-08-01T01:52:01Z,,,,+1.26400
260801_015216,0,2026-08-01T01:52:16Z,,,,+1.27700
260801_015231,0,2026-08-01T01:52:31Z,,,,+1.27800
260801_015246,0,2026-08-01T01:52:46Z,,,,+1.28100
260801_015301,0,2026-08-01T01:53:01Z,,,,+1.29300
260801_015316,0,2026-08-01T01:53:16Z,,,,+1.28800
260801_015331,0,2026-08-01T01:53:31Z,,,,+1.28100
260801_015346,0,2026-08-01T01:53:46Z,,,,+1.28800
260801_015401,0,2026-08-01T01:54:01Z,,,,+1.29600
260801_015416,0,2026-08-01T01:54:16Z,-1.27233,-1.27233,0.9431,+1.25100
260801_015431,0,2026-08-01T01:54:31Z,,,,+1.25800
260801_015446,0,2026-08-01T01:54:46Z,,,,+1.25300
260801_015501,0,2026-08-01T01:55:01Z,,,,+1.27700
260801_015516,0,2026-08-01T01:55:16Z,,,,+1.28200
260801_015531,0,2026-08-01T01:55:31Z,,,,+1.29100
260801_015546,0,2026-08-01T01:55:46Z,,,,+1.30000
260801_015601,0,2026-08-01T01:56:01Z,,,,+1.30100
260801_015616,0,2026-08-01T01:56:16Z,,,,+1.24700
260801_015631,0,2026-08-01T01:56:31Z,,,,+1.26300
260801_015646,0,2026-08-01T01:56:46Z,-1.27233,-1.27233,0.9923,+1.28000
260801_015701,0,2026-08-01T01:57:01Z,,,,+1.27300
260801_015716,0,2026-08-01T01:57:16Z,,,,+1.28600
260801_015731,0,2026-08-01T01:57:31Z,,,,+1.27800
260801_015746,0,2026-08-01T01:57:46Z,,,,+1.29800
260801_015801,0,2026-08-01T01:58:01Z,,,,+1.30900
260801_015816,0,2026-08-01T01:58:16Z,,,,+1.31400
260801_015831,0,2026-08-01T01:58:31Z,,,,+1.25300
260801_015846,0,2026-08-01T01:58:46Z,,,,+1.25600
260801_015901,0,2026-08-01T01:59:01Z,,,,+1.26100
260801_015916,0,2026-08-01T01:59:16Z,-1.27233,-1.27233,0.9964,+1.31100
260801_015931,0,2026-08-01T01:59:31Z,,,,+1.25800
260801_015946,0,2026-08-01T01:59:46Z,,,,+1.26000
260801_020001,0,2026-08-01T02:00:01Z,,,,+1.28600
260801_020016,0,2026-08-01T02:00:16Z,,,,+1.29600
260801_020031,0,2026-08-01T02:00:31Z,,,,+1.30900
260801_020046,0,2026-08-01T02:00:46Z,,,,+1.26200
260801_020101,0,2026-08-01T02:01:01Z,,,,+1.32200
260801_020116,0,2026-08-01T02:01:16Z,,,,+1.26700
260801_020131,0,2026-08-01T02:01:31Z,,,,+1.26800
260801_020146,0,2026-08-01T02:01:46Z,-1.27233,-1.27233,0.9929,+1.32400
260801_020201,0,2026-08-01T02:02:01Z,,,,+1.26500
260801_020216,0,2026-08-01T02:02:16Z,,,,+1.28900
260801_020231,0,2026-08-01T02:02:31Z,,,,+1.27900
260801_020246,0,2026-08-01T02:02:46Z,,,,+1.27700
260801_020301,0,2026-08-01T02:03:01Z,,,,+1.28100
260801_020316,0,2026-08-01T02:03:16Z,,,,+1.28200
260801_020331,0,2026-08-01T02:03:31Z,,,,+1.28800
260801_020346,0,2026-08-01T02:03:46Z,,,,+1.29400
260801_020401,0,2026-08-01T02:04:01Z,,,,+1.28900
260801_020416,0,2026-08-01T02:04:16Z,-1.27233,-1.27233,0.9943,+1.28700
260801_020431,0,2026-08-01T02:04:31Z,,,,+1.30300
260801_020446,0,2026-08-01T02:04:46Z,,,,+1.30800
260801_020501,0,2026-08-01T02:05:01Z,,,,+1.30300
260801_020516,0,2026-08-01T02:05:16Z,,,,+1.31000
260801_020531,0,2026-08-01T02:05:31Z,,,,+1.31800
260801_020546,0,2026-08-01T02:05:46Z,,,,+1.32000
260801_020601,0,2026-08-01T02:06:01Z,,,,+1.32100
260801_020616,0,2026-08-01T02:06:16Z,,,,+1.30300
260801_020631,0,2026-08-01T02:06:31Z,,,,+1.30300
260801_020646,0,2026-08-01T02:06:46Z,-1.27233,-1.27233,0.9894,+1.30000
260801_020701,0,2026-08-01T02:07:01Z,,,,+1.31300
260801_020716,0,2026-08-01T02:07:16Z,,,,+1.33000
260801_020731,0,2026-08-01T02:07:31Z,,,,+1.32400
260801_020746,0,2026-08-01T02:07:46Z,,,,+1.33400
260801_020801,0,2026-08-01T02:08:01Z,,,,+1.33600
260801_020816,0,2026-08-01T02:08:16Z,,,,+1.32100
260801_020831,0,2026-08-01T02:08:31Z,,,,+1.32200
260801_020846,0,2026-08-01T02:08:46Z,,,,+1.31800
260801_020901,0,2026-08-01T02:09:01Z,,,,+1.31400
260801_020916,0,2026-08-01T02:09:16Z,-1.31233,-1.31233,0.9922,+1.33200
260801_020931,0,2026-08-01T02:09:31Z,,,,+1.34000
260801_020946,0,2026-08-01T02:09:46Z,,,,+1.29100
260801_021001,0,2026-08-01T02:10:01Z,,,,+1.29100
260801_021016,0,2026-08-01T02:10:16Z,,,,+1.34400
260801_021031,0,2026-08-01T02:10:31Z,,,,+1.29100
260801_021046,0,2026-08-01T02:10:46Z,,,,+1.29700
260801_021101,0,2026-08-01T02:11:01Z,,,,+1.29600
260801_021116,0,2026-08-01T02:11:16Z,,,,+1.31200
260801_021131,0,2026-08-01T02:11:31Z,,,,+1.31400
260801_021146,0,2026-08-01T02:11:46Z,-1.31233,-1.31233,0.9926,+1.32400
260801_021201,0,2026-08-01T02:12:01Z,,,,+1.32700
260801_021216,0,2026-08-01T02:12:16Z,,,,+1.29800
260801_021231,0,2026-08-01T02:12:31Z,,,,+1.30100
260801_021246,0,2026-08-01T02:12:46Z,,,,+1.30800
260801_021301,0,2026-08-01T02:13:01Z,,,,+1.31100
260801_021316,0,2026-08-01T02:13:16Z,,,,+1.30800
260801_021331,0,2026-08-01T02:13:31Z,,,,+1.30800
260801_021346,0,2026-08-01T02:13:46Z,,,,+1.35500
260801_021401,0,2026-08-01T02:14:01Z,,,,+1.35000
260801_021416,0,2026-08-01T02:14:16Z,-1.31233,-1.31233,0.9919,+1.29900
260801_021431,0,2026-08-01T02:14:31Z,,,,+1.30200
260801_021446,0,2026-08-01T02:14:46Z,,,,+1.35800
260801_021501,0,2026-08-01T02:15:01Z,,,,+1.29900
260801_021516,0,2026-08-01T02:15:16Z,,,,+1.31600
260801_021531,0,2026-08-01T02:15:31Z,,,,+1.32500
260801_021546,0,2026-08-01T02:15:46Z,,,,+1.33200
260801_021601,0,2026-08-01T02:16:01Z,,,,+1.33800
260801_021616,0,2026-08-01T02:16:16Z,,,,+1.33800
260801_021631,0,2026-08-01T02:16:31Z,,,,+1.34000
260801_021646,0,2026-08-01T02:16:46Z,-1.31233,-1.31233,0.9916,+1.33800
260801_021701,0,2026-08-01T02:17:01Z,,,,+1.35000
260801_021716,0,2026-08-01T02:17:16Z,,,,+1.34600
260801_021731,0,2026-08-01T02:17:31Z,,,,+1.36300
260801_021746,0,2026-08-01T02:17:46Z,,,,+1.30600
260801_021801,0,2026-08-01T02:18:01Z,,,,+1.36400
260801_021816,0,2026-08-01T02:18:16Z,,,,+1.35100
260801_021831,0,2026-08-01T02:18:31Z,,,,+1.35600
260801_021846,0,2026-08-01T02:18:46Z,,,,+1.36100
260801_021901,0,2026-08-01T02:19:01Z,,,,+1.36100
260801_021916,0,2026-08-01T02:19:16Z,-1.31233,-1.31233,0.9820,+1.31200
260801_021931,0,2026-08-01T02:19:31Z,,,,+1.35900
260801_021946,0,2026-08-01T02:19:46Z,,,,+1.35500
260801_022001,0,2026-08-01T02:20:01Z,,,,+1.35800
260801_022016,0,2026-08-01T02:20:16Z,,,,+1.35900
260801_022031,0,2026-08-01T02:20:31Z,,,,+1.37300
260801_022046,0,2026-08-01T02:20:46Z,,,,+1.37500
260801_022101,0,2026-08-01T02:21:01Z,,,,+1.36100
260801_022116,0,2026-08-01T02:21:16Z,,,,+1.37000
260801_022131,0,2026-08-01T02:21:31Z,,,,+1.35300
260801_022146,0,2026-08-01T02:21:46Z,-1.31233,-1.31233,0.9953,+1.35300
260801_022201,0,2026-08-01T02:22:01Z,,,,+1.34600
260801_022216,0,2026-08-01T02:22:16Z,,,,+1.33400
260801_022231,0,2026-08-01T02:22:31Z,,,,+1.33300
260801_022246,0,2026-08-01T02:22:46Z,,,,+1.32300
260801_022301,0,2026-08-01T02:23:01Z,,,,+1.32700
260801_022316,0,2026-08-01T02:23:16Z,,,,+1.36900
260801_022331,0,2026-08-01T02:23:31Z,,,,+1.35700
260801_022346,0,2026-08-01T02:23:46Z,,,,+1.35400
260801_022401,0,2026-08-01T02:24:01Z,,,,+1.34800
260801_022416,0,2026-08-01T02:24:16Z,-1.35233,-1.35233,0.9953,+1.35000
260801_022431,0,2026-08-01T02:24:31Z,,,,+1.34900
260801_022446,0,2026-08-01T02:24:46Z,,,,+1.36300
260801_022501,0,2026-08-01T02:25:01Z,,,,+1.36600
260801_022516,0,2026-08-01T02:25:16Z,,,,+1.35200
260801_022531,0,2026-08-01T02:25:31Z,,,,+1.36600
260801_022546,0,2026-08-01T02:25:46Z,,,,+1.35300
260801_022601,0,2026-08-01T02:26:01Z,,,,+1.34500
260801_022616,0,2026-08-01T02:26:16Z,,,,+1.36200
260801_022631,0,2026-08-01T02:26:31Z,,,,+1.36800
260801_022646,0,2026-08-01T02:26:46Z,-1.35233,-1.35233,0.9957,+1.36800
260801_022701,0,2026-08-01T02:27:01Z,,,,+1.38400
260801_022716,0,2026-08-01T02:27:16Z,,,,+1.38800
260801_022731,0,2026-08-01T02:27:31Z,,,,+1.38300
260801_022746,0,2026-08-01T02:27:46Z,,,,+1.36900
260801_022801,0,2026-08-01T02:28:01Z,,,,+1.37800
260801_022816,0,2026-08-01T02:28:16Z,,,,+1.33500
260801_022831,0,2026-08-01T02:28:31Z,,,,+1.38900
260801_022846,0,2026-08-01T02:28:46Z,,,,+1.39100
260801_022901,0,2026-08-01T02:29:01Z,,,,+1.38800
260801_022916,0,2026-08-01T02:29:16Z,-1.34233,-1.34233,0.9946,+1.38000
260801_022931,0,2026-08-01T02:29:31Z,,,,+1.38500
260801_022946,0,2026-08-01T02:29:46Z,,,,+1.38600
260801_023001,0,2026-08-01T02:30:01Z,,,,+1.37700
260801_023016,0,2026-08-01T02:30:16Z,,,,+1.38100
260801_023031,0,2026-08-01T02:30:31Z,,,,+1.39100
260801_023046,0,2026-08-01T02:30:46Z,,,,+1.37900
260801_023101,0,2026-08-01T02:31:01Z,,,,+1.38400
260801_023116,0,2026-08-01T02:31:16Z,,,,+1.38200
260801_023131,0,2026-08-01T02:31:31Z,,,,+1.37400
260801_023146,0,2026-08-01T02:31:46Z,-1.34233,-1.34233,0.9927,+1.39000
260801_023201,0,2026-08-01T02:32:01Z,,,,+1.40300
260801_023216,0,2026-08-01T02:32:16Z,,,,+1.38500
260801_023231,0,2026-08-01T02:32:31Z,,,,+1.40100
260801_023246,0,2026-08-01T02:32:46Z,,,,+1.39900
260801_023301,0,2026-08-01T02:33:01Z,,,,+1.38000
260801_023316,0,2026-08-01T02:33:16Z,,,,+1.38700
260801_023331,0,2026-08-01T02:33:31Z,,,,+1.38900
260801_023346,0,2026-08-01T02:33:46Z,,,,+1.38700
260801_023401,0,2026-08-01T02:34:01Z,,,,+1.40200
260801_023416,0,2026-08-01T02:34:16Z,-1.38233,-1.38232,0.9855,+1.40400
260801_023431,0,2026-08-01T02:34:31Z,,,,+1.40000
260801_023446,0,2026-08-01T02:34:46Z,,,,+1.39900
260801_023501,0,2026-08-01T02:35:01Z,,,,+1.40600
260801_023516,0,2026-08-01T02:35:16Z,,,,+1.39500
260801_023531,0,2026-08-01T02:35:31Z,,,,+1.40400
260801_023546,0,2026-08-01T02:35:46Z,,,,+1.39300
260801_023601,0,2026-08-01T02:36:01Z,,,,+1.41700
260801_023616,0,2026-08-01T02:36:16Z,,,,+1.41100
260801_023631,0,2026-08-01T02:36:31Z,,,,+1.39600
260801_023646,0,2026-08-01T02:36:46Z,-1.38233,-1.38233,0.9936,+1.40900
260801_023701,0,2026-08-01T02:37:01Z,,,,+1.39700
260801_023716,0,2026-08-01T02:37:16Z,,,,+1.38100
260801_023731,0,2026-08-01T02:37:31Z,,,,+1.36900
260801_023746,0,2026-08-01T02:37:46Z,,,,+1.42300
260801_023801,0,2026-08-01T02:38:01Z,,,,+1.41500
260801_023816,0,2026-08-01T02:38:16Z,,,,+1.36900
260801_023831,0,2026-08-01T02:38:31Z,,,,+1.38300
260801_023846,0,2026-08-01T02:38:46Z,,,,+1.38400
260801_023901,0,2026-08-01T02:39:01Z,,,,+1.42700
260801_023916,0,2026-08-01T02:39:16Z,-1.38233,-1.38233,0.9859,+1.36800
260801_023931,0,2026-08-01T02:39:31Z,,,,+1.37700
260801_023946,0,2026-08-01T02:39:46Z,,,,+1.43100
260801_024001,0,2026-08-01T02:40:01Z,,,,+1.41500
260801_024016,0,2026-08-01T02:40:16Z,,,,+1.41700
260801_024031,0,2026-08-01T02:40:31Z,,,,+1.41900
260801_024046,0,2026-08-01T02:40:46Z,,,,+1.41000
260801_024101,0,2026-08-01T02:41:01Z,,,,+1.41100
260801_024116,0,2026-08-01T02:41:16Z,,,,+1.41700
260801_024131,0,2026-08-01T02:41:31Z,,,,+1.40500
260801_024146,0,2026-08-01T02:41:46Z,-1.38233,-1.38233,0.9916,+1.40100
260801_024201,0,2026-08-01T02:42:01Z,,,,+1.40500
260801_024216,0,2026-08-01T02:42:16Z,,,,+1.40800
260801_024231,0,2026-08-01T02:42:31Z,,,,+1.41600
260801_024246,0,2026-08-01T02:42:46Z,,,,+1.42000
260801_024301,0,2026-08-01T02:43:01Z,,,,+1.42000
260801_024316,0,2026-08-01T02:43:16Z,,,,+1.42700
260801_024331,0,2026-08-01T02:43:31Z,,,,+1.42700
260801_024346,0,2026-08-01T02:43:46Z,,,,+1.43100
260801_024401,0,2026-08-01T02:44:01Z,,,,+1.41400
260801_024416,0,2026-08-01T02:44:16Z,-1.38233,-1.38233,0.9818,+1.41000
260801_024431,0,2026-08-01T02:44:31Z,,,,+1.41900
260801_024446,0,2026-08-01T02:44:46Z,,,,+1.41100
260801_024501,0,2026-08-01T02:45:01Z,,,,+1.40100
260801_024516,0,2026-08-01T02:45:16Z,,,,+1.40800
260801_024531,0,2026-08-01T02:45:31Z,,,,+1.40300
260801_024546,0,2026-08-01T02:45:46Z,,,,+1.39900
260801_024601,0,2026-08-01T02:46:01Z,,,,+1.39200
260801_024616,0,2026-08-01T02:46:16Z,,,,+1.39300
260801_024631,0,2026-08-01T02:46:31Z,,,,+1.44600
260801_024646,0,2026-08-01T02:46:46Z,-1.38233,-1.38233,0.9537,+1.39400
260801_024701,0,2026-08-01T02:47:01Z,,,,+1.40200
260801_024716,0,2026-08-01T02:47:16Z,,,,+1.40900
260801_024731,0,2026-08-01T02:47:31Z,,,,+1.40000
260801_024746,0,2026-08-01T02:47:46Z,,,,+1.40500
260801_024801,0,2026-08-01T02:48:01Z,,,,+1.41200
260801_024816,0,2026-08-01T02:48:16Z,,,,+1.41600
260801_024831,0,2026-08-01T02:48:31Z,,,,+1.39700
260801_024846,0,2026-08-01T02:48:46Z,,,,+1.44500
260801_024901,0,2026-08-01T02:49:01Z,,,,+1.43600
260801_024916,0,2026-08-01T02:49:16Z,-1.42233,-1.42233,0.9786,+1.42800
260801_024931,0,2026-08-01T02:49:31Z,,,,+1.41700
260801_024946,0,2026-08-01T02:49:46Z,,,,+1.43000
260801_025001,0,2026-08-01T02:50:01Z,,,,+1.43100
260801_025016,0,2026-08-01T02:50:16Z,,,,+1.44400
260801_025031,0,2026-08-01T02:50:31Z,,,,+1.45700
260801_025046,0,2026-08-01T02:50:46Z,,,,+1.45100
260801_025101,0,2026-08-01T02:51:01Z,,,,+1.46400
260801_025116,0,2026-08-01T02:51:16Z,,,,+1.45300
260801_025131,0,2026-08-01T02:51:31Z,,,,+1.44400
260801_025146,0,2026-08-01T02:51:46Z,-1.42233,-1.42233,0.9828,+1.41600
260801_025201,0,2026-08-01T02:52:01Z,,,,+1.43100
260801_025216,0,2026-08-01T02:52:16Z,,,,+1.43600
260801_025231,0,2026-08-01T02:52:31Z,,,,+1.43500
260801_025246,0,2026-08-01T02:52:46Z,,,,+1.43100
260801_025301,0,2026-08-01T02:53:01Z,,,,+1.43400
260801_025316,0,2026-08-01T02:53:16Z,,,,+1.43000
260801_025331,0,2026-08-01T02:53:31Z,,,,+1.43300
260801_025346,0,2026-08-01T02:53:46Z,,,,+1.43700
260801_025401,0,2026-08-01T02:54:01Z,,,,+1.43200
260801_025416,0,2026-08-01T02:54:16Z,-1.42233,-1.42233,0.9938,+1.43400
260801_025431,0,2026-08-01T02:54:31Z,,,,+1.42900
260801_025446,0,2026-08-01T02:54:46Z,,,,+1.42500
260801_025501,0,2026-08-01T02:55:01Z,,,,+1.43000
260801_025516,0,2026-08-01T02:55:16Z,,,,+1.42500
260801_025531,0,2026-08-01T02:55:31Z,,,,+1.42800
260801_025546,0,2026-08-01T02:55:46Z,,,,+1.43800
260801_025601,0,2026-08-01T02:56:01Z,,,,+1.42800
260801_025616,0,2026-08-01T02:56:16Z,,,,+1.43200
260801_025631,0,2026-08-01T02:56:31Z,,,,+1.42700
260801_025646,0,2026-08-01T02:56:46Z,-1.42233,-1.42233,0.9939,+1.48100
260801_025701,0,2026-08-01T02:57:01Z,,,,+1.48000
260801_025716,0,2026-08-01T02:57:16Z,,,,+1.47400
260801_025731,0,2026-08-01T02:57:31Z,,,,+1.47200
260801_025746,0,2026-08-01T02:57:46Z,,,,+1.46000
260801_025801,0,2026-08-01T02:58:01Z,,,,+1.46400
260801_025816,0,2026-08-01T02:58:16Z,,,,+1.47400
260801_025831,0,2026-08-01T02:58:31Z,,,,+1.48200
260801_025846,0,2026-08-01T02:58:46Z,,,,+1.47700
260801_025901,0,2026-08-01T02:59:01Z,,,,+1.47900
260801_025916,0,2026-08-01T02:59:16Z,-1.42233,-1.42233,0.9423,+1.47900
260801_025931,0,2026-08-01T02:59:31Z,,,,+1.46400
260801_025946,0,2026-08-01T02:59:46Z,,,,+1.45900
260801_030001,0,2026-08-01T03:00:01Z,,,,+1.47000
260801_030016,0,2026-08-01T03:00:16Z,,,,+1.46500
260801_030031,0,2026-08-01T03:00:31Z,,,,+1.45400
260801_030046,0,2026-08-01T03:00:46Z,,,,+1.44900
260801_030101,0,2026-08-01T03:01:01Z,,,,+1.44100
260801_030116,0,2026-08-01T03:01:16Z,,,,+1.44000
260801_030131,0,2026-08-01T03:01:31Z,,,,+1.48700
260801_030146,0,2026-08-01T03:01:46Z,-1.46233,-1.46233,0.9602,+1.48400
260801_030201,0,2026-08-01T03:02:01Z,,,,+1.47800
260801_030216,0,2026-08-01T03:02:16Z,,,,+1.45800
260801_030231,0,2026-08-01T03:02:31Z,,,,+1.45600
260801_030246,0,2026-08-01T03:02:46Z,,,,+1.44500
260801_030301,0,2026-08-01T03:03:01Z,,,,+1.44300
260801_030316,0,2026-08-01T03:03:16Z,,,,+1.48600
260801_030331,0,2026-08-01T03:03:31Z,,,,+1.47100
260801_030346,0,2026-08-01T03:03:46Z,,,,+1.45900
260801_030401,0,2026-08-01T03:04:01Z,,,,+1.46300
260801_030416,0,2026-08-01T03:04:16Z,-1.46233,-1.46233,0.9886,+1.47000
260801_030431,0,2026-08-01T03:04:31Z,,,,+1.47300
260801_030446,0,2026-08-01T03:04:46Z,,,,+1.46100
260801_030501,0,2026-08-01T03:05:01Z,,,,+1.46500
260801_030516,0,2026-08-01T03:05:16Z,,,,+1.46600
260801_030531,0,2026-08-01T03:05:31Z,,,,+1.46400
260801_030546,0,2026-08-01T03:05:46Z,,,,+1.50500
260801_030601,0,2026-08-01T03:06:01Z,,,,+1.50000
260801_030616,0,2026-08-01T03:06:16Z,,,,+1.51100
260801_030631,0,2026-08-01T03:06:31Z,,,,+1.45000
260801_030646,0,2026-08-01T03:06:46Z,-1.46233,-1.46233,0.9920,+1.50500
260801_030701,0,2026-08-01T03:07:01Z,,,,+1.49600
260801_030716,0,2026-08-01T03:07:16Z,,,,+1.49600
260801_030731,0,2026-08-01T03:07:31Z,,,,+1.49800
260801_030746,0,2026-08-01T03:07:46Z,,,,+1.49700
260801_030801,0,2026-08-01T03:08:01Z,,,,+1.49100
260801_030816,0,2026-08-01T03:08:16Z,,,,+1.48300
260801_030831,0,2026-08-01T03:08:31Z,,,,+1.48400
260801_030846,0,2026-08-01T03:08:46Z,,,,+1.48200
260801_030901,0,2026-08-01T03:09:01Z,,,,+1.49400
260801_030916,0,2026-08-01T03:09:16Z,-1.46233,-1.46233,0.9440,+1.48800
260801_030931,0,2026-08-01T03:09:31Z,,,,+1.49500
260801_030946,0,2026-08-01T03:09:46Z,,,,+1.49600
260801_031001,0,2026-08-01T03:10:01Z,,,,+1.49800
260801_031016,0,2026-08-01T03:10:16Z,,,,+1.50100
260801_031031,0,2026-08-01T03:10:31Z,,,,+1.49600
260801_031046,0,2026-08-01T03:10:46Z,,,,+1.50100
260801_031101,0,2026-08-01T03:11:01Z,,,,+1.48500
260801_031116,0,2026-08-01T03:11:16Z,,,,+1.46600
260801_031131,0,2026-08-01T03:11:31Z,,,,+1.52200
260801_031146,0,2026-08-01T03:11:46Z,-1.46233,-1.46233,0.9712,+1.49600
260801_031201,0,2026-08-01T03:12:01Z,,,,+1.48600
260801_031216,0,2026-08-01T03:12:16Z,,,,+1.49900
260801_031231,0,2026-08-01T03:12:31Z,,,,+1.48900
260801_031246,0,2026-08-01T03:12:46Z,,,,+1.49000
260801_031301,0,2026-08-01T03:13:01Z,,,,+1.48400
260801_031316,0,2026-08-01T03:13:16Z,,,,+1.48500
260801_031331,0,2026-08-01T03:13:31Z,,,,+1.49300
260801_031346,0,2026-08-01T03:13:46Z,,,,+1.49600
260801_031401,0,2026-08-01T03:14:01Z,,,,+1.50600
260801_031416,0,2026-08-01T03:14:16Z,-1.46233,-1.46233,0.9892,+1.49700
260801_031431,0,2026-08-01T03:14:31Z,,,,+1.49000
260801_031446,0,2026-08-01T03:14:46Z,,,,+1.48800
260801_031501,0,2026-08-01T03:15:01Z,,,,+1.49900
260801_031516,0,2026-08-01T03:15:16Z,,,,+1.48700
260801_031531,0,2026-08-01T03:15:31Z,,,,+1.48400
260801_031546,0,2026-08-01T03:15:46Z,,,,+1.47500
260801_031601,0,2026-08-01T03:16:01Z,,,,+1.52300
260801_031616,0,2026-08-01T03:16:16Z,,,,+1.52000
260801_031631,0,2026-08-01T03:16:31Z,,,,+1.51900
260801_031646,0,2026-08-01T03:16:46Z,-1.50233,-1.50233,0.9910,+1.51200
260801_031701,0,2026-08-01T03:17:01Z,,,,+1.51700
260801_031716,0,2026-08-01T03:17:16Z,,,,+1.52000
260801_031731,0,2026-08-01T03:17:31Z,,,,+1.53100
260801_031746,0,2026-08-01T03:17:46Z,,,,+1.52700
260801_031801,0,2026-08-01T03:18:01Z,,,,+1.51100
260801_031816,0,2026-08-01T03:18:16Z,,,,+1.52300
260801_031831,0,2026-08-01T03:18:31Z,,,,+1.51300
260801_031846,0,2026-08-01T03:18:46Z,,,,+1.48900
260801_031901,0,2026-08-01T03:19:01Z,,,,+1.54400
260801_031916,0,2026-08-01T03:19:16Z,-1.51233,-1.51233,0.9992,+1.53800
260801_031931,0,2026-08-01T03:19:31Z,,,,+1.53700
260801_031946,0,2026-08-01T03:19:46Z,,,,+1.54000
260801_032001,0,2026-08-01T03:20:01Z,,,,+1.48700
260801_032016,0,2026-08-01T03:20:16Z,,,,+1.53800
260801_032031,0,2026-08-01T03:20:31Z,,,,+1.54400
260801_032046,0,2026-08-01T03:20:46Z,,,,+1.50300
260801_032101,0,2026-08-01T03:21:01Z,,,,+1.55000
260801_032116,0,2026-08-01T03:21:16Z,,,,+1.54900
260801_032131,0,2026-08-01T03:21:31Z,,,,+1.54900
260801_032146,0,2026-08-01T03:21:46Z,-1.51233,-1.51233,0.9898,+1.54000
260801_032201,0,2026-08-01T03:22:01Z,,,,+1.53600
260801_032216,0,2026-08-01T03:22:16Z,,,,+1.53900
260801_032231,0,2026-08-01T03:22:31Z,,,,+1.52100
260801_032246,0,2026-08-01T03:22:46Z,,,,+1.51000
260801_032301,0,2026-08-01T03:23:01Z,,,,+1.50700
260801_032316,0,2026-08-01T03:23:16Z,,,,+1.50700
260801_032331,0,2026-08-01T03:23:31Z,,,,+1.50100
260801_032346,0,2026-08-01T03:23:46Z,,,,+1.49800
260801_032401,0,2026-08-01T03:24:01Z,,,,+1.55500
260801_032416,0,2026-08-01T03:24:16Z,-1.51233,-1.51233,0.9987,+1.50000
260801_032431,0,2026-08-01T03:24:31Z,,,,+1.54500
260801_032446,0,2026-08-01T03:24:46Z,,,,+1.53200
260801_032501,0,2026-08-01T03:25:01Z,,,,+1.54300
260801_032516,0,2026-08-01T03:25:16Z,,,,+1.55200
260801_032531,0,2026-08-01T03:25:31Z,,,,+1.54900
260801_032546,0,2026-08-01T03:25:46Z,,,,+1.54400
260801_032601,0,2026-08-01T03:26:01Z,,,,+1.54900
260801_032616,0,2026-08-01T03:26:16Z,,,,+1.53900
260801_032631,0,2026-08-01T03:26:31Z,,,,+1.52500
260801_032646,0,2026-08-01T03:26:46Z,-1.51233,-1.51233,0.9962,+1.51700
260801_032701,0,2026-08-01T03:27:01Z,,,,+1.52900
260801_032716,0,2026-08-01T03:27:16Z,,,,+1.51700
260801_032731,0,2026-08-01T03:27:31Z,,,,+1.51200
260801_032746,0,2026-08-01T03:27:46Z,,,,+1.52500
260801_032801,0,2026-08-01T03:28:01Z,,,,+1.53300
260801_032816,0,2026-08-01T03:28:16Z,,,,+1.53100
260801_032831,0,2026-08-01T03:28:31Z,,,,+1.55800
260801_032846,0,2026-08-01T03:28:46Z,,,,+1.55100
260801_032901,0,2026-08-01T03:29:01Z,,,,+1.55700
260801_032916,0,2026-08-01T03:29:16Z,-1.51233,-1.51233,0.9986,+1.55600
260801_032931,0,2026-08-01T03:29:31Z,,,,+1.55500
260801_032946,0,2026-08-01T03:29:46Z,,,,+1.56900
260801_033001,0,2026-08-01T03:30:01Z,,,,+1.56600
260801_033016,0,2026-08-01T03:30:16Z,,,,+1.56900
260801_033031,0,2026-08-01T03:30:31Z,,,,+1.57500
260801_033046,0,2026-08-01T03:30:46Z,,,,+1.52000
260801_033101,0,2026-08-01T03:31:01Z,,,,+1.52200
260801_033116,0,2026-08-01T03:31:16Z,,,,+1.57700
260801_033131,0,2026-08-01T03:31:31Z,,,,+1.57500
260801_033146,0,2026-08-01T03:31:46Z,-1.51233,-1.51233,0.9982,+1.52200
260801_033201,0,2026-08-01T03:32:01Z,,,,+1.53200
260801_033216,0,2026-08-01T03:32:16Z,,,,+1.52300
260801_033231,0,2026-08-01T03:32:31Z,,,,+1.52700
260801_033246,0,2026-08-01T03:32:46Z,,,,+1.53900
260801_033301,0,2026-08-01T03:33:01Z,,,,+1.54300
260801_033316,0,2026-08-01T03:33:16Z,,,,+1.56900
260801_033331,0,2026-08-01T03:33:31Z,,,,+1.57800
260801_033346,0,2026-08-01T03:33:46Z,,,,+1.58500
260801_033401,0,2026-08-01T03:34:01Z,,,,+1.58400
260801_033416,0,2026-08-01T03:34:16Z,-1.55233,-1.55233,0.9988,+1.57400
260801_033431,0,2026-08-01T03:34:31Z,,,,+1.57700
260801_033446,0,2026-08-01T03:34:46Z,,,,+1.57900
260801_033501,0,2026-08-01T03:35:01Z,,,,+1.57600
260801_033516,0,2026-08-01T03:35:16Z,,,,+1.54300
260801_033531,0,2026-08-01T03:35:31Z,,,,+1.54900
260801_033546,0,2026-08-01T03:35:46Z,,,,+1.55900
260801_033601,0,2026-08-01T03:36:01Z,,,,+1.56300
260801_033616,0,2026-08-01T03:36:16Z,,,,+1.54500
260801_033631,0,2026-08-01T03:36:31Z,,,,+1.55400
260801_033646,0,2026-08-01T03:36:46Z,-1.55233,-1.55233,0.9980,+1.54100
260801_033701,0,2026-08-01T03:37:01Z,,,,+1.54700
260801_033716,0,2026-08-01T03:37:16Z,,,,+1.54600
260801_033731,0,2026-08-01T03:37:31Z,,,,+1.54100
260801_033746,0,2026-08-01T03:37:46Z,,,,+1.54900
260801_033801,0,2026-08-01T03:38:01Z,,,,+1.54400
260801_033816,0,2026-08-01T03:38:16Z,,,,+1.54300
260801_033831,0,2026-08-01T03:38:31Z,,,,+1.59600
260801_033846,0,2026-08-01T03:38:46Z,,,,+1.59500
260801_033901,0,2026-08-01T03:39:01Z,,,,+1.59900
260801_033916,0,2026-08-01T03:39:16Z,-1.55233,-1.55233,0.9961,+1.58100
260801_033931,0,2026-08-01T03:39:31Z,,,,+1.59100
260801_033946,0,2026-08-01T03:39:46Z,,,,+1.59300
260801_034001,0,2026-08-01T03:40:01Z,,,,+1.54800
260801_034016,0,2026-08-01T03:40:16Z,,,,+1.56900
260801_034031,0,2026-08-01T03:40:31Z,,,,+1.55700
260801_034046,0,2026-08-01T03:40:46Z,,,,+1.56200
260801_034101,0,2026-08-01T03:41:01Z,,,,+1.56400
260801_034116,0,2026-08-01T03:41:16Z,,,,+1.56200
260801_034131,0,2026-08-01T03:41:31Z,,,,+1.56300
260801_034146,0,2026-08-01T03:41:46Z,-1.55233,-1.55233,0.9960,+1.56200
260801_034201,0,2026-08-01T03:42:01Z,,,,+1.55600
260801_034216,0,2026-08-01T03:42:16Z,,,,+1.55500
260801_034231,0,2026-08-01T03:42:31Z,,,,+1.60800
260801_034246,0,2026-08-01T03:42:46Z,,,,+1.55700
260801_034301,0,2026-08-01T03:43:01Z,,,,+1.55500
260801_034316,0,2026-08-01T03:43:16Z,,,,+1.56800
260801_034331,0,2026-08-01T03:43:31Z,,,,+1.58300
260801_034346,0,2026-08-01T03:43:46Z,,,,+1.56400
260801_034401,0,2026-08-01T03:44:01Z,,,,+1.60700
260801_034416,0,2026-08-01T03:44:16Z,-1.55233,-1.55233,0.9975,+1.59700
260801_034431,0,2026-08-01T03:44:31Z,,,,+1.58200
260801_034446,0,2026-08-01T03:44:46Z,,,,+1.58800
260801_034501,0,2026-08-01T03:45:01Z,,,,+1.57100
260801_034516,0,2026-08-01T03:45:16Z,,,,+1.58100
260801_034531,0,2026-08-01T03:45:31Z,,,,+1.56200
260801_034546,0,2026-08-01T03:45:46Z,,,,+1.60600
260801_034601,0,2026-08-01T03:46:01Z,,,,+1.59700
260801_034616,0,2026-08-01T03:46:16Z,,,,+1.59500
260801_034631,0,2026-08-01T03:46:31Z,,,,+1.59800
260801_034646,0,2026-08-01T03:46:46Z,-1.59233,-1.59233,0.9917,+1.58900
260801_034701,0,2026-08-01T03:47:01Z,,,,+1.57400
260801_034716,0,2026-08-01T03:47:16Z,,,,+1.56500
260801_034731,0,2026-08-01T03:47:31Z,,,,+1.62300
260801_034746,0,2026-08-01T03:47:46Z,,,,+1.61700
260801_034801,0,2026-08-01T03:48:01Z,,,,+1.60600
260801_034816,0,2026-08-01T03:48:16Z,,,,+1.59800
260801_034831,0,2026-08-01T03:48:31Z,,,,+1.59400
260801_034846,0,2026-08-01T03:48:46Z,,,,+1.58100
260801_034901,0,2026-08-01T03:49:01Z,,,,+1.57800
260801_034916,0,2026-08-01T03:49:16Z,-1.59233,-1.59232,0.9919,+1.57900
260801_034931,0,2026-08-01T03:49:31Z,,,,+1.63300
260801_034946,0,2026-08-01T03:49:46Z,,,,+1.60700
260801_035001,0,2026-08-01T03:50:01Z,,,,+1.60500
260801_035016,0,2026-08-01T03:50:16Z,,,,+1.60400
260801_035031,0,2026-08-01T03:50:31Z,,,,+1.60300
260801_035046,0,2026-08-01T03:50:46Z,,,,+1.59300
260801_035101,0,2026-08-01T03:51:01Z,,,,+1.59400
260801_035116,0,2026-08-01T03:51:16Z,,,,+1.59300
260801_035131,0,2026-08-01T03:51:31Z,,,,+1.59300
260801_035146,0,2026-08-01T03:51:46Z,-1.59233,-1.59233,0.9923,+1.58000
260801_035201,0,2026-08-01T03:52:01Z,,,,+1.59200
260801_035216,0,2026-08-01T03:52:16Z,,,,+1.59700
260801_035231,0,2026-08-01T03:52:31Z,,,,+1.60900
260801_035246,0,2026-08-01T03:52:46Z,,,,+1.61000
260801_035301,0,2026-08-01T03:53:01Z,,,,+1.61100
260801_035316,0,2026-08-01T03:53:16Z,,,,+1.60900
260801_035331,0,2026-08-01T03:53:31Z,,,,+1.61000
260801_035346,0,2026-08-01T03:53:46Z,,,,+1.59000
260801_035401,0,2026-08-01T03:54:01Z,,,,+1.64300
260801_035416,0,2026-08-01T03:54:16Z,-1.59233,-1.59233,0.9965,+1.59100
260801_035431,0,2026-08-01T03:54:31Z,,,,+1.60000
260801_035446,0,2026-08-01T03:54:46Z,,,,+1.59500
260801_035501,0,2026-08-01T03:55:01Z,,,,+1.60900
260801_035516,0,2026-08-01T03:55:16Z,,,,+1.61200
260801_035531,0,2026-08-01T03:55:31Z,,,,+1.61000
260801_035546,0,2026-08-01T03:55:46Z,,,,+1.61800
260801_035601,0,2026-08-01T03:56:01Z,,,,+1.61600
260801_035616,0,2026-08-01T03:56:16Z,,,,+1.60400
260801_035631,0,2026-08-01T03:56:31Z,,,,+1.59600
260801_035646,0,2026-08-01T03:56:46Z,-1.59233,-1.59233,0.9976,+1.59800
260801_035701,0,2026-08-01T03:57:01Z,,,,+1.60400
260801_035716,0,2026-08-01T03:57:16Z,,,,+1.64900
260801_035731,0,2026-08-01T03:57:31Z,,,,+1.63400
260801_035746,0,2026-08-01T03:57:46Z,,,,+1.64500
260801_035801,0,2026-08-01T03:58:01Z,,,,+1.65100
260801_035816,0,2026-08-01T03:58:16Z,,,,+1.64700
260801_035831,0,2026-08-01T03:58:31Z,,,,+1.63200
260801_035846,0,2026-08-01T03:58:46Z,,,,+1.61000
260801_035901,0,2026-08-01T03:59:01Z,,,,+1.65600
260801_035916,0,2026-08-01T03:59:16Z,-1.59233,-1.59233,0.9968,+1.65900
260801_035931,0,2026-08-01T03:59:31Z,,,,+1.60400
260801_035946,0,2026-08-01T03:59:46Z,,,,+1.65800
260801_040001,0,2026-08-01T04:00:01Z,,,,+1.66100
260801_040016,0,2026-08-01T04:00:16Z,,,,+1.60400
260801_040031,0,2026-08-01T04:00:31Z,,,,+1.60800
260801_040046,0,2026-08-01T04:00:46Z,,,,+1.62100
260801_040101,0,2026-08-01T04:01:01Z,,,,+1.62100
260801_040116,0,2026-08-01T04:01:16Z,,,,+1.62300
260801_040131,0,2026-08-01T04:01:31Z,,,,+1.61800
260801_040146,0,2026-08-01T04:01:46Z,-1.63233,-1.63233,0.9911,+1.66200
260801_040201,0,2026-08-01T04:02:01Z,,,,+1.61600
260801_040216,0,2026-08-01T04:02:16Z,,,,+1.62600
260801_040231,0,2026-08-01T04:02:31Z,,,,+1.61800
260801_040246,0,2026-08-01T04:02:46Z,,,,+1.63400
260801_040301,0,2026-08-01T04:03:01Z,,,,+1.63800
260801_040316,0,2026-08-01T04:03:16Z,,,,+1.65000
260801_040331,0,2026-08-01T04:03:31Z,,,,+1.64300
260801_040346,0,2026-08-01T04:03:46Z,,,,+1.63700
260801_040401,0,2026-08-01T04:04:01Z,,,,+1.63900
260801_040416,0,2026-08-01T04:04:16Z,-1.63233,-1.63233,0.9971,+1.64400
260801_040431,0,2026-08-01T04:04:31Z,,,,+1.65700
260801_040446,0,2026-08-01T04:04:46Z,,,,+1.65000
260801_040501,0,2026-08-01T04:05:01Z,,,,+1.65400
260801_040516,0,2026-08-01T04:05:16Z,,,,+1.63900
260801_040531,0,2026-08-01T04:05:31Z,,,,+1.64000
260801_040546,0,2026-08-01T04:05:46Z,,,,+1.65600
260801_040601,0,2026-08-01T04:06:01Z,,,,+1.65100
260801_040616,0,2026-08-01T04:06:16Z,,,,+1.63700
260801_040631,0,2026-08-01T04:06:31Z,,,,+1.64700
260801_040646,0,2026-08-01T04:06:46Z,-1.63233,-1.63233,0.9936,+1.64000
260801_040701,0,2026-08-01T04:07:01Z,,,,+1.64100
260801_040716,0,2026-08-01T04:07:16Z,,,,+1.64600
260801_040731,0,2026-08-01T04:07:31Z,,,,+1.64400
260801_040746,0,2026-08-01T04:07:46Z,,,,+1.64700
260801_040801,0,2026-08-01T04:08:01Z,,,,+1.65000
260801_040816,0,2026-08-01T04:08:16Z,,,,+1.64700
260801_040831,0,2026-08-01T04:08:31Z,,,,+1.65500
260801_040846,0,2026-08-01T04:08:46Z,,,,+1.66300
260801_040901,0,2026-08-01T04:09:01Z,,,,+1.66000
260801_040916,0,2026-08-01T04:09:16Z,-1.62233,-1.62233,0.9919,+1.64700
260801_040931,0,2026-08-01T04:09:31Z,,,,+1.65400
260801_040946,0,2026-08-01T04:09:46Z,,,,+1.64900
260801_041001,0,2026-08-01T04:10:01Z,,,,+1.63900
260801_041016,0,2026-08-01T04:10:16Z,,,,+1.68900
260801_041031,0,2026-08-01T04:10:31Z,,,,+1.66400
260801_041046,0,2026-08-01T04:10:46Z,,,,+1.65500
260801_041101,0,2026-08-01T04:11:01Z,,,,+1.64800
260801_041116,0,2026-08-01T04:11:16Z,,,,+1.64800
260801_041131,0,2026-08-01T04:11:31Z,,,,+1.69000
260801_041146,0,2026-08-01T04:11:46Z,-1.66233,-1.66233,0.9836,+1.69700
260801_041201,0,2026-08-01T04:12:01Z,,,,+1.63700
260801_041216,0,2026-08-01T04:12:16Z,,,,+1.68900
260801_041231,0,2026-08-01T04:12:31Z,,,,+1.63800
260801_041246,0,2026-08-01T04:12:46Z,,,,+1.65100
260801_041301,0,2026-08-01T04:13:01Z,,,,+1.64900
260801_041316,0,2026-08-01T04:13:16Z,,,,+1.64600
260801_041331,0,2026-08-01T04:13:31Z,,,,+1.70100
260801_041346,0,2026-08-01T04:13:46Z,,,,+1.69800
260801_041401,0,2026-08-01T04:14:01Z,,,,+1.64600
260801_041416,0,2026-08-01T04:14:16Z,-1.66233,-1.66233,0.9982,+1.65600
260801_041431,0,2026-08-01T04:14:31Z,,,,+1.70500
260801_041446,0,2026-08-01T04:14:46Z,,,,+1.64500
260801_041501,0,2026-08-01T04:15:01Z,,,,+1.70600
260801_041516,0,2026-08-01T04:15:16Z,,,,+1.70000
260801_041531,0,2026-08-01T04:15:31Z,,,,+1.64900
260801_041546,0,2026-08-01T04:15:46Z,,,,+1.65800
260801_041601,0,2026-08-01T04:16:01Z,,,,+1.66600
260801_041616,0,2026-08-01T04:16:16Z,,,,+1.66600
260801_041631,0,2026-08-01T04:16:31Z,,,,+1.67000
260801_041646,0,2026-08-01T04:16:46Z,-1.66233,-1.66233,0.9967,+1.66700
260801_041701,0,2026-08-01T04:17:01Z,,,,+1.70900
260801_041716,0,2026-08-01T04:17:16Z,,,,+1.69900
260801_041731,0,2026-08-01T04:17:31Z,,,,+1.68300
260801_041746,0,2026-08-01T04:17:46Z,,,,+1.69100
260801_041801,0,2026-08-01T04:18:01Z,,,,+1.69200
260801_041816,0,2026-08-01T04:18:16Z,,,,+1.68700
260801_041831,0,2026-08-01T04:18:31Z,,,,+1.68400
260801_041846,0,2026-08-01T04:18:46Z,,,,+1.67100
260801_041901,0,2026-08-01T04:19:01Z,,,,+1.67200
260801_041916,0,2026-08-01T04:19:16Z,-1.66233,-1.66233,0.9974,+1.66200
260801_041931,0,2026-08-01T04:19:31Z,,,,+1.68400
260801_041946,0,2026-08-01T04:19:46Z,,,,+1.69100
260801_042001,0,2026-08-01T04:20:01Z,,,,+1.70500
260801_042016,0,2026-08-01T04:20:16Z,,,,+1.71300
260801_042031,0,2026-08-01T04:20:31Z,,,,+1.70400
260801_042046,0,2026-08-01T04:20:46Z,,,,+1.70500
260801_042101,0,2026-08-01T04:21:01Z,,,,+1.69900
260801_042116,0,2026-08-01T04:21:16Z,,,,+1.70500
260801_042131,0,2026-08-01T04:21:31Z,,,,+1.70600
260801_042146,0,2026-08-01T04:21:46Z,-1.66233,-1.66233,0.9972,+1.70300
260801_042201,0,2026-08-01T04:22:01Z,,,,+1.69100
260801_042216,0,2026-08-01T04:22:16Z,,,,+1.69300
260801_042231,0,2026-08-01T04:22:31Z,,,,+1.69500
260801_042246,0,2026-08-01T04:22:46Z,,,,+1.69800
260801_042301,0,2026-08-01T04:23:01Z,,,,+1.71000
260801_042316,0,2026-08-01T04:23:16Z,,,,+1.70300
260801_042331,0,2026-08-01T04:23:31Z,,,,+1.70000
260801_042346,0,2026-08-01T04:23:46Z,,,,+1.69400
260801_042401,0,2026-08-01T04:24:01Z,,,,+1.68900
260801_042416,0,2026-08-01T04:24:16Z,-1.70233,-1.70233,0.9978,+1.69300
260801_042431,0,2026-08-01T04:24:31Z,,,,+1.70400
260801_042446,0,2026-08-01T04:24:46Z,,,,+1.70200
260801_042501,0,2026-08-01T04:25:01Z,,,,+1.69500
260801_042516,0,2026-08-01T04:25:16Z,,,,+1.71000
260801_042531,0,2026-08-01T04:25:31Z,,,,+1.71600
260801_042546,0,2026-08-01T04:25:46Z,,,,+1.70900
260801_042601,0,2026-08-01T04:26:01Z,,,,+1.72700
260801_042616,0,2026-08-01T04:26:16Z,,,,+1.73000
260801_042631,0,2026-08-01T04:26:31Z,,,,+1.73400
260801_042646,0,2026-08-01T04:26:46Z,-1.70233,-1.70233,0.9968,+1.67800
260801_042701,0,2026-08-01T04:27:01Z,,,,+1.73800
260801_042716,0,2026-08-01T04:27:16Z,,,,+1.70000
260801_042731,0,2026-08-01T04:27:31Z,,,,+1.72300
260801_042746,0,2026-08-01T04:27:46Z,,,,+1.73700
260801_042801,0,2026-08-01T04:28:01Z,,,,+1.68500
260801_042816,0,2026-08-01T04:28:16Z,,,,+1.69000
260801_042831,0,2026-08-01T04:28:31Z,,,,+1.69600
260801_042846,0,2026-08-01T04:28:46Z,,,,+1.72800
260801_042901,0,2026-08-01T04:29:01Z,,,,+1.72100
260801_042916,0,2026-08-01T04:29:16Z,-1.70233,-1.70233,0.9935,+1.72400
260801_042931,0,2026-08-01T04:29:31Z,,,,+1.68700
260801_042946,0,2026-08-01T04:29:46Z,,,,+1.69600
260801_043001,0,2026-08-01T04:30:01Z,,,,+1.70100
260801_043016,0,2026-08-01T04:30:16Z,,,,+1.72500
260801_043031,0,2026-08-01T04:30:31Z,,,,+1.73800
260801_043046,0,2026-08-01T04:30:46Z,,,,+1.74700
260801_043101,0,2026-08-01T04:31:01Z,,,,+1.75000
260801_043116,0,2026-08-01T04:31:16Z,,,,+1.69200
260801_043131,0,2026-08-01T04:31:31Z,,,,+1.70700
260801_043146,0,2026-08-01T04:31:46Z,-1.70233,-1.70233,0.9925,+1.72000
260801_043201,0,2026-08-01T04:32:01Z,,,,+1.73800
260801_043216,0,2026-08-01T04:32:16Z,,,,+1.73700
260801_043231,0,2026-08-01T04:32:31Z,,,,+1.75200
260801_043246,0,2026-08-01T04:32:46Z,,,,+1.75300
260801_043301,0,2026-08-01T04:33:01Z,,,,+1.74800
260801_043316,0,2026-08-01T04:33:16Z,,,,+1.74500
260801_043331,0,2026-08-01T04:33:31Z,,,,+1.75400
260801_043346,0,2026-08-01T04:33:46Z,,,,+1.74400
260801_043401,0,2026-08-01T04:34:01Z,,,,+1.70900
260801_043416,0,2026-08-01T04:34:16Z,-1.70233,-1.70233,0.9915,+1.71600
260801_043431,0,2026-08-01T04:34:31Z,,,,+1.71200
260801_043446,0,2026-08-01T04:34:46Z,,,,+1.71500
260801_043501,0,2026-08-01T04:35:01Z,,,,+1.72400
260801_043516,0,2026-08-01T04:35:16Z,,,,+1.73000
260801_043531,0,2026-08-01T04:35:31Z,,,,+1.73400
260801_043546,0,2026-08-01T04:35:46Z,,,,+1.76100
260801_043601,0,2026-08-01T04:36:01Z,,,,+1.73100
260801_043616,0,2026-08-01T04:36:16Z,,,,+1.75300
260801_043631,0,2026-08-01T04:36:31Z,,,,+1.75500
260801_043646,0,2026-08-01T04:36:46Z,-1.70233,-1.70233,0.9930,+1.75300
260801_043701,0,2026-08-01T04:37:01Z,,,,+1.76400
260801_043716,0,2026-08-01T04:37:16Z,,,,+1.71000
260801_043731,0,2026-08-01T04:37:31Z,,,,+1.73100
260801_043746,0,2026-08-01T04:37:46Z,,,,+1.73100
260801_043801,0,2026-08-01T04:38:01Z,,,,+1.73000
260801_043816,0,2026-08-01T04:38:16Z,,,,+1.72800
260801_043831,0,2026-08-01T04:38:31Z,,,,+1.75200
260801_043846,0,2026-08-01T04:38:46Z,,,,+1.75100
260801_043901,0,2026-08-01T04:39:01Z,,,,+1.75600
260801_043916,0,2026-08-01T04:39:16Z,-1.74233,-1.74233,0.9958,+1.76800
260801_043931,0,2026-08-01T04:39:31Z,,,,+1.72100
260801_043946,0,2026-08-01T04:39:46Z,,,,+1.72000
260801_044001,0,2026-08-01T04:40:01Z,,,,+1.73600
260801_044016,0,2026-08-01T04:40:16Z,,,,+1.75300
260801_044031,0,2026-08-01T04:40:31Z,,,,+1.76700
260801_044046,0,2026-08-01T04:40:46Z,,,,+1.72000
260801_044101,0,2026-08-01T04:41:01Z,,,,+1.74100
260801_044116,0,2026-08-01T04:41:16Z,,,,+1.74100
260801_044131,0,2026-08-01T04:41:31Z,,,,+1.75000
260801_044146,0,2026-08-01T04:41:46Z,-1.74233,-1.74233,0.9942,+1.75200
260801_044201,0,2026-08-01T04:42:01Z,,,,+1.77600
260801_044216,0,2026-08-01T04:42:16Z,,,,+1.76900
260801_044231,0,2026-08-01T04:42:31Z,,,,+1.78400
260801_044246,0,2026-08-01T04:42:46Z,,,,+1.77000
260801_044301,0,2026-08-01T04:43:01Z,,,,+1.77700
260801_044316,0,2026-08-01T04:43:16Z,,,,+1.72700
260801_044331,0,2026-08-01T04:43:31Z,,,,+1.75500
260801_044346,0,2026-08-01T04:43:46Z,,,,+1.75000
260801_044401,0,2026-08-01T04:44:01Z,,,,+1.74500
260801_044416,0,2026-08-01T04:44:16Z,-1.74233,-1.74233,0.9979,+1.74200
260801_044431,0,2026-08-01T04:44:31Z,,,,+1.75400
260801_044446,0,2026-08-01T04:44:46Z,,,,+1.76000
260801_044501,0,2026-08-01T04:45:01Z,,,,+1.77100
260801_044516,0,2026-08-01T04:45:16Z,,,,+1.76900
260801_044531,0,2026-08-01T04:45:31Z,,,,+1.76200
260801_044546,0,2026-08-01T04:45:46Z,,,,+1.77900
260801_044601,0,2026-08-01T04:46:01Z,,,,+1.76800
260801_044616,0,2026-08-01T04:46:16Z,,,,+1.76000
260801_044631,0,2026-08-01T04:46:31Z,,,,+1.75700
260801_044646,0,2026-08-01T04:46:46Z,-1.74233,-1.74233,0.9959,+1.77400
260801_044701,0,2026-08-01T04:47:01Z,,,,+1.78000
260801_044716,0,2026-08-01T04:47:16Z,,,,+1.78500
260801_044731,0,2026-08-01T04:47:31Z,,,,+1.79600
260801_044746,0,2026-08-01T04:47:46Z,,,,+1.76100
260801_044801,0,2026-08-01T04:48:01Z,,,,+1.75100
260801_044816,0,2026-08-01T04:48:16Z,,,,+1.74000
260801_044831,0,2026-08-01T04:48:31Z,,,,+1.75500
260801_044846,0,2026-08-01T04:48:46Z,,,,+1.74800
260801_044901,0,2026-08-01T04:49:01Z,,,,+1.74200
260801_044916,0,2026-08-01T04:49:16Z,-1.74233,-1.74233,0.9914,+1.79400
260801_044931,0,2026-08-01T04:49:31Z,,,,+1.78900
260801_044946,0,2026-08-01T04:49:46Z,,,,+1.79200
260801_045001,0,2026-08-01T04:50:01Z,,,,+1.78700
260801_045016,0,2026-08-01T04:50:16Z,,,,+1.78500
260801_045031,0,2026-08-01T04:50:31Z,,,,+1.79600
260801_045046,0,2026-08-01T04:50:46Z,,,,+1.80200
260801_045101,0,2026-08-01T04:51:01Z,,,,+1.74800
260801_045116,0,2026-08-01T04:51:16Z,,,,+1.75500
260801_045131,0,2026-08-01T04:51:31Z,,,,+1.80700
260801_045146,0,2026-08-01T04:51:46Z,-1.74233,-1.74233,0.9914,+1.80400
260801_045201,0,2026-08-01T04:52:01Z,,,,+1.80800
260801_045216,0,2026-08-01T04:52:16Z,,,,+1.75100
260801_045231,0,2026-08-01T04:52:31Z,,,,+1.76300
260801_045246,0,2026-08-01T04:52:46Z,,,,+1.77100
260801_045301,0,2026-08-01T04:53:01Z,,,,+1.76000
260801_045316,0,2026-08-01T04:53:16Z,,,,+1.81000
260801_045331,0,2026-08-01T04:53:31Z,,,,+1.77500
260801_045346,0,2026-08-01T04:53:46Z,,,,+1.78500
260801_045401,0,2026-08-01T04:54:01Z,,,,+1.78700
260801_045416,0,2026-08-01T04:54:16Z,-1.78233,-1.78233,0.9939,+1.76800
260801_045431,0,2026-08-01T04:54:31Z,,,,+1.77300
260801_045446,0,2026-08-01T04:54:46Z,,,,+1.78300
260801_045501,0,2026-08-01T04:55:01Z,,,,+1.79000
260801_045516,0,2026-08-01T04:55:16Z,,,,+1.78300
260801_045531,0,2026-08-01T04:55:31Z,,,,+1.78500
260801_045546,0,2026-08-01T04:55:46Z,,,,+1.77100
260801_045601,0,2026-08-01T04:56:01Z,,,,+1.77200
260801_045616,0,2026-08-01T04:56:16Z,,,,+1.76500
260801_045631,0,2026-08-01T04:56:31Z,,,,+1.82000
260801_045646,0,2026-08-01T04:56:46Z,-1.78233,-1.78233,0.9938,+1.80400
260801_045701,0,2026-08-01T04:57:01Z,,,,+1.76600
260801_045716,0,2026-08-01T04:57:16Z,,,,+1.82600
260801_045731,0,2026-08-01T04:57:31Z,,,,+1.77300
260801_045746,0,2026-08-01T04:57:46Z,,,,+1.78900
260801_045801,0,2026-08-01T04:58:01Z,,,,+1.80600
260801_045816,0,2026-08-01T04:58:16Z,,,,+1.80400
260801_045831,0,2026-08-01T04:58:31Z,,,,+1.79000
260801_045846,0,2026-08-01T04:58:46Z,,,,+1.79900
260801_045901,0,2026-08-01T04:59:01Z,,,,+1.80800
260801_045916,0,2026-08-01T04:59:16Z,-1.78233,-1.78233,0.9883,+1.82600
260801_045931,0,2026-08-01T04:59:31Z,,,,+1.78100
260801_045946,0,2026-08-01T04:59:46Z,,,,+1.77800
260801_050001,0,2026-08-01T05:00:01Z,,,,+1.79400
260801_050016,0,2026-08-01T05:00:16Z,,,,+1.81600
260801_050031,0,2026-08-01T05:00:31Z,,,,+1.77800
260801_050046,0,2026-08-01T05:00:46Z,,,,+1.78800
260801_050101,0,2026-08-01T05:01:01Z,,,,+1.78300
260801_050116,0,2026-08-01T05:01:16Z,,,,+1.79100
260801_050131,0,2026-08-01T05:01:31Z,,,,+1.78600
260801_050146,0,2026-08-01T05:01:46Z,-1.78233,-1.78232,0.9829,+1.80100
260801_050201,0,2026-08-01T05:02:01Z,,,,+1.79500
260801_050216,0,2026-08-01T05:02:16Z,,,,+1.80800
260801_050231,0,2026-08-01T05:02:31Z,,,,+1.79900
260801_050246,0,2026-08-01T05:02:46Z,,,,+1.80600
260801_050301,0,2026-08-01T05:03:01Z,,,,+1.81100
260801_050316,0,2026-08-01T05:03:16Z,,,,+1.82400
260801_050331,0,2026-08-01T05:03:31Z,,,,+1.81300
260801_050346,0,2026-08-01T05:03:46Z,,,,+1.80200
260801_050401,0,2026-08-01T05:04:01Z,,,,+1.80300
260801_050416,0,2026-08-01T05:04:16Z,-1.78233,-1.78232,0.9835,+1.82900
260801_050431,0,2026-08-01T05:04:31Z,,,,+1.82800
260801_050446,0,2026-08-01T05:04:46Z,,,,+1.83500
260801_050501,0,2026-08-01T05:05:01Z,,,,+1.79600
260801_050516,0,2026-08-01T05:05:16Z,,,,+1.79400
260801_050531,0,2026-08-01T05:05:31Z,,,,+1.81500
260801_050546,0,2026-08-01T05:05:46Z,,,,+1.82000
260801_050601,0,2026-08-01T05:06:01Z,,,,+1.83100
260801_050616,0,2026-08-01T05:06:16Z,,,,+1.84200
260801_050631,0,2026-08-01T05:06:31Z,,,,+1.83700
260801_050646,0,2026-08-01T05:06:46Z,-1.82233,-1.82232,0.9729,+1.79500
260801_050701,0,2026-08-01T05:07:01Z,,,,+1.80700
260801_050716,0,2026-08-01T05:07:16Z,,,,+1.81600
260801_050731,0,2026-08-01T05:07:31Z,,,,+1.81700
260801_050746,0,2026-08-01T05:07:46Z,,,,+1.82300
260801_050801,0,2026-08-01T05:08:01Z,,,,+1.83400
260801_050816,0,2026-08-01T05:08:16Z,,,,+1.84900
260801_050831,0,2026-08-01T05:08:31Z,,,,+1.81100
260801_050846,0,2026-08-01T05:08:46Z,,,,+1.80500
260801_050901,0,2026-08-01T05:09:01Z,,,,+1.83300
260801_050916,0,2026-08-01T05:09:16Z,-1.82233,-1.82232,0.9734,+1.85100
260801_050931,0,2026-08-01T05:09:31Z,,,,+1.80200
260801_050946,0,2026-08-01T05:09:46Z,,,,+1.81300
260801_051001,0,2026-08-01T05:10:01Z,,,,+1.84600
260801_051016,0,2026-08-01T05:10:16Z,,,,+1.85700
260801_051031,0,2026-08-01T05:10:31Z,,,,+1.86100
260801_051046,0,2026-08-01T05:10:46Z,,,,+1.80600
260801_051101,0,2026-08-01T05:11:01Z,,,,+1.81000
260801_051116,0,2026-08-01T05:11:16Z,,,,+1.81300
260801_051131,0,2026-08-01T05:11:31Z,,,,+1.82100
260801_051146,0,2026-08-01T05:11:46Z,-1.82233,-1.82232,0.9679,+1.81600
260801_051201,0,2026-08-01T05:12:01Z,,,,+1.83900
260801_051216,0,2026-08-01T05:12:16Z,,,,+1.83400
260801_051231,0,2026-08-01T05:12:31Z,,,,+1.81800
260801_051246,0,2026-08-01T05:12:46Z,,,,+1.82400
260801_051301,0,2026-08-01T05:13:01Z,,,,+1.82800
260801_051316,0,2026-08-01T05:13:16Z,,,,+1.84300
260801_051331,0,2026-08-01T05:13:31Z,,,,+1.84500
260801_051346,0,2026-08-01T05:13:46Z,,,,+1.84500
260801_051401,0,2026-08-01T05:14:01Z,,,,+1.84300
260801_051416,0,2026-08-01T05:14:16Z,-1.82233,-1.82233,0.9879,+1.85500
260801_051431,0,2026-08-01T05:14:31Z,,,,+1.87200
260801_051446,0,2026-08-01T05:14:46Z,,,,+1.87200
260801_051501,0,2026-08-01T05:15:01Z,,,,+1.86300
260801_051516,0,2026-08-01T05:15:16Z,,,,+1.86400
260801_051531,0,2026-08-01T05:15:31Z,,,,+1.85300
260801_051546,0,2026-08-01T05:15:46Z,,,,+1.85700
260801_051601,0,2026-08-01T05:16:01Z,,,,+1.84600
260801_051616,0,2026-08-01T05:16:16Z,,,,+1.85100
260801_051631,0,2026-08-01T05:16:31Z,,,,+1.85400
260801_051646,0,2026-08-01T05:16:46Z,-1.82233,-1.82232,0.9781,+1.85100
260801_051701,0,2026-08-01T05:17:01Z,,,,+1.85100
260801_051716,0,2026-08-01T05:17:16Z,,,,+1.84600
260801_051731,0,2026-08-01T05:17:31Z,,,,+1.84000
260801_051746,0,2026-08-01T05:17:46Z,,,,+1.84200
260801_051801,0,2026-08-01T05:18:01Z,,,,+1.84300
260801_051816,0,2026-08-01T05:18:16Z,,,,+1.84500
260801_051831,0,2026-08-01T05:18:31Z,,,,+1.87500
260801_051846,0,2026-08-01T05:18:46Z,,,,+1.86500
260801_051901,0,2026-08-01T05:19:01Z,,,,+1.86500
260801_051916,0,2026-08-01T05:19:16Z,-1.82233,-1.82233,0.9738,+1.86400
260801_051931,0,2026-08-01T05:19:31Z,,,,+1.85900
260801_051946,0,2026-08-01T05:19:46Z,,,,+1.86500
260801_052001,0,2026-08-01T05:20:01Z,,,,+1.87500
260801_052016,0,2026-08-01T05:20:16Z,,,,+1.88600
260801_052031,0,2026-08-01T05:20:31Z,,,,+1.87900
260801_052046,0,2026-08-01T05:20:46Z,,,,+1.83500
260801_052101,0,2026-08-01T05:21:01Z,,,,+1.83300
260801_052116,0,2026-08-01T05:21:16Z,,,,+1.85200
260801_052131,0,2026-08-01T05:21:31Z,,,,+1.86200
260801_052146,0,2026-08-01T05:21:46Z,-1.86233,-1.86233,0.9899,+1.85700
260801_052201,0,2026-08-01T05:22:01Z,,,,+1.86800
260801_052216,0,2026-08-01T05:22:16Z,,,,+1.88200
260801_052231,0,2026-08-01T05:22:31Z,,,,+1.89800
260801_052246,0,2026-08-01T05:22:46Z,,,,+1.88400
260801_052301,0,2026-08-01T05:23:01Z,,,,+1.87300
260801_052316,0,2026-08-01T05:23:16Z,,,,+1.86100
260801_052331,0,2026-08-01T05:23:31Z,,,,+1.87600
260801_052346,0,2026-08-01T05:23:46Z,,,,+1.88200
260801_052401,0,2026-08-01T05:24:01Z,,,,+1.89400
260801_052416,0,2026-08-01T05:24:16Z,-1.86233,-1.86233,0.9799,+1.85700
260801_052431,0,2026-08-01T05:24:31Z,,,,+1.85100
260801_052446,0,2026-08-01T05:24:46Z,,,,+1.85600
260801_052501,0,2026-08-01T05:25:01Z,,,,+1.85000
260801_052516,0,2026-08-01T05:25:16Z,,,,+1.85700
260801_052531,0,2026-08-01T05:25:31Z,,,,+1.85000
260801_052546,0,2026-08-01T05:25:46Z,,,,+1.85600
260801_052601,0,2026-08-01T05:26:01Z,,,,+1.87000
260801_052616,0,2026-08-01T05:26:16Z,,,,+1.87600
260801_052631,0,2026-08-01T05:26:31Z,,,,+1.88500
260801_052646,0,2026-08-01T05:26:46Z,-1.86233,-1.86233,0.9828,+1.85100
260801_052701,0,2026-08-01T05:27:01Z,,,,+1.86900
260801_052716,0,2026-08-01T05:27:16Z,,,,+1.88400
260801_052731,0,2026-08-01T05:27:31Z,,,,+1.87700
260801_052746,0,2026-08-01T05:27:46Z,,,,+1.87800
260801_052801,0,2026-08-01T05:28:01Z,,,,+1.89500
260801_052816,0,2026-08-01T05:28:16Z,,,,+1.91000
260801_052831,0,2026-08-01T05:28:31Z,,,,+1.86900
260801_052846,0,2026-08-01T05:28:46Z,,,,+1.86700
260801_052901,0,2026-08-01T05:29:01Z,,,,+1.89700
260801_052916,0,2026-08-01T05:29:16Z,-1.86233,-1.86233,0.9849,+1.89400
260801_052931,0,2026-08-01T05:29:31Z,,,,+1.89600
260801_052946,0,2026-08-01T05:29:46Z,,,,+1.89400
260801_053001,0,2026-08-01T05:30:01Z,,,,+1.89400
260801_053016,0,2026-08-01T05:30:16Z,,,,+1.87500
260801_053031,0,2026-08-01T05:30:31Z,,,,+1.86900
260801_053046,0,2026-08-01T05:30:46Z,,,,+1.86400
260801_053101,0,2026-08-01T05:31:01Z,,,,+1.86700
260801_053116,0,2026-08-01T05:31:16Z,,,,+1.87400
260801_053131,0,2026-08-01T05:31:31Z,,,,+1.88000
260801_053146,0,2026-08-01T05:31:46Z,-1.86233,-1.86233,0.9861,+1.87600
260801_053201,0,2026-08-01T05:32:01Z,,,,+1.91600
260801_053216,0,2026-08-01T05:32:16Z,,,,+1.86700
260801_053231,0,2026-08-01T05:32:31Z,,,,+1.87200
260801_053246,0,2026-08-01T05:32:46Z,,,,+1.87000
260801_053301,0,2026-08-01T05:33:01Z,,,,+1.92000
260801_053316,0,2026-08-01T05:33:16Z,,,,+1.87600
260801_053331,0,2026-08-01T05:33:31Z,,,,+1.88200
260801_053346,0,2026-08-01T05:33:46Z,,,,+1.88100
260801_053401,0,2026-08-01T05:34:01Z,,,,+1.87900
260801_053416,0,2026-08-01T05:34:16Z,-1.86233,-1.86233,0.9790,+1.89100
260801_053431,0,2026-08-01T05:34:31Z,,,,+1.89100
260801_053446,0,2026-08-01T05:34:46Z,,,,+1.87300
260801_053501,0,2026-08-01T05:35:01Z,,,,+1.88800
260801_053516,0,2026-08-01T05:35:16Z,,,,+1.88500
260801_053531,0,2026-08-01T05:35:31Z,,,,+1.88800
260801_053546,0,2026-08-01T05:35:46Z,,,,+1.87800
260801_053601,0,2026-08-01T05:36:01Z,,,,+1.88400
260801_053616,0,2026-08-01T05:36:16Z,,,,+1.92700
260801_053631,0,2026-08-01T05:36:31Z,,,,+1.91800
260801_053646,0,2026-08-01T05:36:46Z,-1.90233,-1.90233,0.9776,+1.90900
260801_053701,0,2026-08-01T05:37:01Z,,,,+1.88900
260801_053716,0,2026-08-01T05:37:16Z,,,,+1.92700
260801_053731,0,2026-08-01T05:37:31Z,,,,+1.93600
260801_053746,0,2026-08-01T05:37:46Z,,,,+1.89700
260801_053801,0,2026-08-01T05:38:01Z,,,,+1.88500
260801_053816,0,2026-08-01T05:38:16Z,,,,+1.89700
260801_053831,0,2026-08-01T05:38:31Z,,,,+1.91600
260801_053846,0,2026-08-01T05:38:46Z,,,,+1.90000
260801_053901,0,2026-08-01T05:39:01Z,,,,+1.91000
260801_053916,0,2026-08-01T05:39:16Z,-1.90233,-1.90233,0.9688,+1.90400
260801_053931,0,2026-08-01T05:39:31Z,,,,+1.90700
260801_053946,0,2026-08-01T05:39:46Z,,,,+1.90600
260801_054001,0,2026-08-01T05:40:01Z,,,,+1.89500
260801_054016,0,2026-08-01T05:40:16Z,,,,+1.90000
260801_054031,0,2026-08-01T05:40:31Z,,,,+1.94000
260801_054046,0,2026-08-01T05:40:46Z,,,,+1.93200
260801_054101,0,2026-08-01T05:41:01Z,,,,+1.92700
260801_054116,0,2026-08-01T05:41:16Z,,,,+1.92300
260801_054131,0,2026-08-01T05:41:31Z,,,,+1.93300
260801_054146,0,2026-08-01T05:41:46Z,-1.90233,-1.90232,0.9560,+1.92500
260801_054201,0,2026-08-01T05:42:01Z,,,,+1.93800
260801_054216,0,2026-08-01T05:42:16Z,,,,+1.92500
260801_054231,0,2026-08-01T05:42:31Z,,,,+1.91300
260801_054246,0,2026-08-01T05:42:46Z,,,,+1.92000
260801_054301,0,2026-08-01T05:43:01Z,,,,+1.91300
260801_054316,0,2026-08-01T05:43:16Z,,,,+1.92100
260801_054331,0,2026-08-01T05:43:31Z,,,,+1.93500
260801_054346,0,2026-08-01T05:43:46Z,,,,+1.91600
260801_054401,0,2026-08-01T05:44:01Z,,,,+1.92700
260801_054416,0,2026-08-01T05:44:16Z,-1.90233,-1.90233,0.9834,+1.94200
260801_054431,0,2026-08-01T05:44:31Z,,,,+1.90000
260801_054446,0,2026-08-01T05:44:46Z,,,,+1.95600
260801_054501,0,2026-08-01T05:45:01Z,,,,+1.95500
260801_054516,0,2026-08-01T05:45:16Z,,,,+1.90100
260801_054531,0,2026-08-01T05:45:31Z,,,,+1.91000
260801_054546,0,2026-08-01T05:45:46Z,,,,+1.91500
260801_054601,0,2026-08-01T05:46:01Z,,,,+1.96300
260801_054616,0,2026-08-01T05:46:16Z,,,,+1.94900
260801_054631,0,2026-08-01T05:46:31Z,,,,+1.92900
260801_054646,0,2026-08-01T05:46:46Z,-1.90233,-1.90233,0.9888,+1.92700
260801_054701,0,2026-08-01T05:47:01Z,,,,+1.92900
260801_054716,0,2026-08-01T05:47:16Z,,,,+1.95700
260801_054731,0,2026-08-01T05:47:31Z,,,,+1.95800
260801_054746,0,2026-08-01T05:47:46Z,,,,+1.93800
260801_054801,0,2026-08-01T05:48:01Z,,,,+1.94100
260801_054816,0,2026-08-01T05:48:16Z,,,,+1.92500
260801_054831,0,2026-08-01T05:48:31Z,,,,+1.91700
260801_054846,0,2026-08-01T05:48:46Z,,,,+1.92200
260801_054901,0,2026-08-01T05:49:01Z,,,,+1.92900
260801_054916,0,2026-08-01T05:49:16Z,-1.94233,-1.94233,0.9955,+1.94300
260801_054931,0,2026-08-01T05:49:31Z,,,,+1.93000
260801_054946,0,2026-08-01T05:49:46Z,,,,+1.97300
260801_055001,0,2026-08-01T05:50:01Z,,,,+1.95500
260801_055016,0,2026-08-01T05:50:16Z,,,,+1.93500
260801_055031,0,2026-08-01T05:50:31Z,,,,+1.94100
260801_055046,0,2026-08-01T05:50:46Z,,,,+1.95100
260801_055101,0,2026-08-01T05:51:01Z,,,,+1.95300
260801_055116,0,2026-08-01T05:51:16Z,,,,+1.95300
260801_055131,0,2026-08-01T05:51:31Z,,,,+1.96300
260801_055146,0,2026-08-01T05:51:46Z,-1.94233,-1.94233,0.9731,+1.96800
260801_055201,0,2026-08-01T05:52:01Z,,,,+1.97400
260801_055216,0,2026-08-01T05:52:16Z,,,,+1.96900
260801_055231,0,2026-08-01T05:52:31Z,,,,+1.97100
260801_055246,0,2026-08-01T05:52:46Z,,,,+1.98100
260801_055301,0,2026-08-01T05:53:01Z,,,,+1.97500
260801_055316,0,2026-08-01T05:53:16Z,,,,+1.96700
260801_055331,0,2026-08-01T05:53:31Z,,,,+1.94900
260801_055346,0,2026-08-01T05:53:46Z,,,,+1.94800
260801_055401,0,2026-08-01T05:54:01Z,,,,+1.96300
260801_055416,0,2026-08-01T05:54:16Z,-1.94233,-1.94233,0.9957,+1.97200
260801_055431,0,2026-08-01T05:54:31Z,,,,+1.96500
260801_055446,0,2026-08-01T05:54:46Z,,,,+1.95500
260801_055501,0,2026-08-01T05:55:01Z,,,,+1.94800
260801_055516,0,2026-08-01T05:55:16Z,,,,+1.97800
260801_055531,0,2026-08-01T05:55:31Z,,,,+1.98000
260801_055546,0,2026-08-01T05:55:46Z,,,,+1.97800
260801_055601,0,2026-08-01T05:56:01Z,,,,+1.97600
260801_055616,0,2026-08-01T05:56:16Z,,,,+1.98400
260801_055631,0,2026-08-01T05:56:31Z,,,,+1.98800
260801_055646,0,2026-08-01T05:56:46Z,-1.94233,-1.94233,0.9933,+1.94800
260801_055701,0,2026-08-01T05:57:01Z,,,,+1.98400
260801_055716,0,2026-08-01T05:57:16Z,,,,+1.99000
260801_055731,0,2026-08-01T05:57:31Z,,,,+1.93600
260801_055746,0,2026-08-01T05:57:46Z,,,,+1.95500
260801_055801,0,2026-08-01T05:58:01Z,,,,+1.97500
260801_055816,0,2026-08-01T05:58:16Z,,,,+1.96800
260801_055831,0,2026-08-01T05:58:31Z,,,,+1.97400
260801_055846,0,2026-08-01T05:58:46Z,,,,+1.98000
260801_055902,0,2026-08-01T05:59:02Z,,,,+2.00100
260801_055916,0,2026-08-01T05:59:16Z,-1.94233,-1.94233,0.9935,+1.99500
260801_055932,0,2026-08-01T05:59:32Z,,,,+2.00200
260801_055946,0,2026-08-01T05:59:46Z,,,,+1.99400
260801_060001,0,2026-08-01T06:00:01Z,,,,+1.99500
260801_060016,0,2026-08-01T06:00:16Z,,,,+1.99200
260801_060031,0,2026-08-01T06:00:31Z,,,,+1.96100
260801_060046,0,2026-08-01T06:00:46Z,,,,+1.95300
260801_060101,0,2026-08-01T06:01:01Z,,,,+1.96400
260801_060116,0,2026-08-01T06:01:16Z,,,,+1.97800
260801_060131,0,2026-08-01T06:01:31Z,,,,+1.99700
260801_060146,0,2026-08-01T06:01:46Z,-1.94233,-1.94233,0.9617,+1.99700
260801_060201,0,2026-08-01T06:02:01Z,,,,+1.99700
260801_060216,0,2026-08-01T06:02:16Z,,,,+1.95600
260801_060231,0,2026-08-01T06:02:31Z,,,,+1.97800
260801_060246,0,2026-08-01T06:02:46Z,,,,+1.96600
260801_060301,0,2026-08-01T06:03:01Z,,,,+1.95800
260801_060316,0,2026-08-01T06:03:16Z,,,,+1.97800
260801_060331,0,2026-08-01T06:03:31Z,,,,+1.98500
260801_060346,0,2026-08-01T06:03:46Z,,,,+1.98600
260801_060401,0,2026-08-01T06:04:01Z,,,,+1.98800
260801_060417,0,2026-08-01T06:04:17Z,-1.98233,-1.98233,0.9933,+2.01100
260801_060432,0,2026-08-01T06:04:32Z,,,,+2.01200
260801_060446,0,2026-08-01T06:04:46Z,,,,+1.95700
260801_060502,0,2026-08-01T06:05:02Z,,,,+2.00200
260801_060517,0,2026-08-01T06:05:17Z,,,,+2.00000
260801_060532,0,2026-08-01T06:05:32Z,,,,+2.01800
260801_060546,0,2026-08-01T06:05:46Z,,,,+1.96900
260801_060601,0,2026-08-01T06:06:01Z,,,,+1.97800
260801_060616,0,2026-08-01T06:06:16Z,,,,+1.98100
260801_060631,0,2026-08-01T06:06:31Z,,,,+1.98300
260801_060647,0,2026-08-01T06:06:47Z,-1.98233,-1.98233,0.9970,+2.01200
260801_060702,0,2026-08-01T06:07:02Z,,,,+2.00700
260801_060717,0,2026-08-01T06:07:17Z,,,,+2.02100
260801_060731,0,2026-08-01T06:07:31Z,,,,+1.98900
260801_060747,0,2026-08-01T06:07:47Z,,,,+2.01400
260801_060802,0,2026-08-01T06:08:02Z,,,,+2.01900
260801_060816,0,2026-08-01T06:08:16Z,,,,+1.99200
260801_060831,0,2026-08-01T06:08:31Z,,,,+1.98900
260801_060846,0,2026-08-01T06:08:46Z,,,,+1.99500
260801_060902,0,2026-08-01T06:09:02Z,,,,+2.00200
260801_060917,0,2026-08-01T06:09:17Z,-1.98233,-1.98233,0.9543,+2.01400
260801_060932,0,2026-08-01T06:09:32Z,,,,+2.02600
260801_060946,0,2026-08-01T06:09:46Z,,,,+1.97500
260801_061001,0,2026-08-01T06:10:01Z,,,,+1.98300
260801_061016,0,2026-08-01T06:10:16Z,,,,+1.99200
260801_061031,0,2026-08-01T06:10:31Z,,,,+1.99400
260801_061046,0,2026-08-01T06:10:46Z,,,,+1.98800
260801_061101,0,2026-08-01T06:11:01Z,,,,+1.99200
260801_061117,0,2026-08-01T06:11:17Z,,,,+2.01200
260801_061132,0,2026-08-01T06:11:32Z,,,,+2.02600
260801_061147,0,2026-08-01T06:11:47Z,-1.98233,-1.98233,0.9739,+2.02700
260801_061202,0,2026-08-01T06:12:02Z,,,,+2.03300
260801_061217,0,2026-08-01T06:12:17Z,,,,+2.02700
260801_061232,0,2026-08-01T06:12:32Z,,,,+2.02900
260801_061247,0,2026-08-01T06:12:47Z,,,,+2.03800
260801_061302,0,2026-08-01T06:13:02Z,,,,+2.03400
260801_061316,0,2026-08-01T06:13:16Z,,,,+1.98400
260801_061331,0,2026-08-01T06:13:31Z,,,,+1.98600
260801_061346,0,2026-08-01T06:13:46Z,,,,+1.99100
260801_061401,0,2026-08-01T06:14:01Z,,,,+1.98600
260801_061416,0,2026-08-01T06:14:16Z,-1.98233,-1.98233,0.9932,+1.99200
260801_061432,0,2026-08-01T06:14:32Z,,,,+2.03300
260801_061447,0,2026-08-01T06:14:47Z,,,,+2.02600
260801_061502,0,2026-08-01T06:15:02Z,,,,+2.03800
260801_061517,0,2026-08-01T06:15:17Z,,,,+2.04500
260801_061532,0,2026-08-01T06:15:32Z,,,,+2.02300
260801_061547,0,2026-08-01T06:15:47Z,,,,+2.02000
260801_061602,0,2026-08-01T06:16:02Z,,,,+2.02800
260801_061617,0,2026-08-01T06:16:17Z,,,,+2.02500
260801_061632,0,2026-08-01T06:16:32Z,,,,+2.02400
260801_061647,0,2026-08-01T06:16:47Z,-1.98233,-1.98233,0.9664,+2.03500
260801_061702,0,2026-08-01T06:17:02Z,,,,+2.03400
260801_061716,0,2026-08-01T06:17:16Z,,,,+1.99200
260801_061731,0,2026-08-01T06:17:31Z,,,,+1.99800
260801_061747,0,2026-08-01T06:17:47Z,,,,+2.04600
260801_061802,0,2026-08-01T06:18:02Z,,,,+2.04400
260801_061817,0,2026-08-01T06:18:17Z,,,,+2.04300
260801_061832,0,2026-08-01T06:18:32Z,,,,+2.04900
260801_061847,0,2026-08-01T06:18:47Z,,,,+2.04700
260801_061901,0,2026-08-01T06:19:01Z,,,,+1.99600
260801_061917,0,2026-08-01T06:19:17Z,-2.02233,-2.02233,0.9882,+2.00200
260801_061931,0,2026-08-01T06:19:31Z,,,,+1.99800
260801_061947,0,2026-08-01T06:19:47Z,,,,+2.00800
260801_062002,0,2026-08-01T06:20:02Z,,,,+2.01800
260801_062017,0,2026-08-01T06:20:17Z,,,,+2.02000
260801_062032,0,2026-08-01T06:20:32Z,,,,+2.02900
260801_062047,0,2026-08-01T06:20:47Z,,,,+2.03900
260801_062102,0,2026-08-01T06:21:02Z,,,,+2.04900
260801_062117,0,2026-08-01T06:21:17Z,,,,+2.03000
260801_062132,0,2026-08-01T06:21:32Z,,,,+2.00700
260801_062147,0,2026-08-01T06:21:47Z,-2.02233,-2.02233,0.9768,+2.03600
260801_062202,0,2026-08-01T06:22:02Z,,,,+2.04700
260801_062217,0,2026-08-01T06:22:17Z,,,,+2.03800
260801_062232,0,2026-08-01T06:22:32Z,,,,+2.02700
260801_062247,0,2026-08-01T06:22:47Z,,,,+2.01700
260801_062302,0,2026-08-01T06:23:02Z,,,,+2.01300
260801_062317,0,2026-08-01T06:23:17Z,,,,+2.06400
260801_062332,0,2026-08-01T06:23:32Z,,,,+2.05300
260801_062347,0,2026-08-01T06:23:47Z,,,,+2.06700
260801_062402,0,2026-08-01T06:24:02Z,,,,+2.06800
260801_062417,0,2026-08-01T06:24:17Z,-2.02233,-2.02233,0.9932,+2.01600
260801_062432,0,2026-08-01T06:24:32Z,,,,+2.01200
260801_062447,0,2026-08-01T06:24:47Z,,,,+2.01800
260801_062502,0,2026-08-01T06:25:02Z,,,,+2.07400
260801_062517,0,2026-08-01T06:25:17Z,,,,+2.06900
260801_062532,0,2026-08-01T06:25:32Z,,,,+2.06600
260801_062547,0,2026-08-01T06:25:47Z,,,,+2.07600
260801_062602,0,2026-08-01T06:26:02Z,,,,+2.06800
260801_062617,0,2026-08-01T06:26:17Z,,,,+2.06700
260801_062632,0,2026-08-01T06:26:32Z,,,,+2.05900
260801_062647,0,2026-08-01T06:26:47Z,-2.02233,-2.02233,0.9593,+2.07700
260801_062702,0,2026-08-01T06:27:02Z,,,,+2.04700
260801_062717,0,2026-08-01T06:27:17Z,,,,+2.05100
260801_062732,0,2026-08-01T06:27:32Z,,,,+2.04700
260801_062747,0,2026-08-01T06:27:47Z,,,,+2.06800
260801_062802,0,2026-08-01T06:28:02Z,,,,+2.07500
260801_062817,0,2026-08-01T06:28:17Z,,,,+2.03100
260801_062832,0,2026-08-01T06:28:32Z,,,,+2.04500
260801_062847,0,2026-08-01T06:28:47Z,,,,+2.06500
260801_062902,0,2026-08-01T06:29:02Z,,,,+2.06000
260801_062917,0,2026-08-01T06:29:17Z,-2.02233,-2.02233,0.9908,+2.05400
260801_062932,0,2026-08-01T06:29:32Z,,,,+2.05700
260801_062947,0,2026-08-01T06:29:47Z,,,,+2.07600
260801_063002,0,2026-08-01T06:30:02Z,,,,+2.08100
260801_063017,0,2026-08-01T06:30:17Z,,,,+2.07700
260801_063032,0,2026-08-01T06:30:32Z,,,,+2.03000
260801_063047,0,2026-08-01T06:30:47Z,,,,+2.03800
260801_063102,0,2026-08-01T06:31:02Z,,,,+2.05100
260801_063117,0,2026-08-01T06:31:17Z,,,,+2.04700
260801_063132,0,2026-08-01T06:31:32Z,,,,+2.05100
260801_063147,0,2026-08-01T06:31:47Z,-2.06233,-2.06233,0.9659,+2.07100
260801_063202,0,2026-08-01T06:32:02Z,,,,+2.08800
260801_063217,0,2026-08-01T06:32:17Z,,,,+2.09100
260801_063232,0,2026-08-01T06:32:32Z,,,,+2.03300
260801_063247,0,2026-08-01T06:32:47Z,,,,+2.03600
260801_063302,0,2026-08-01T06:33:02Z,,,,+2.03800
260801_063317,0,2026-08-01T06:33:17Z,,,,+2.04700
260801_063332,0,2026-08-01T06:33:32Z,,,,+2.09500
260801_063347,0,2026-08-01T06:33:47Z,,,,+2.08200
260801_063402,0,2026-08-01T06:34:02Z,,,,+2.09000
260801_063417,0,2026-08-01T06:34:17Z,-2.06233,-2.06233,0.9915,+2.07000
260801_063432,0,2026-08-01T06:34:32Z,,,,+2.07200
260801_063447,0,2026-08-01T06:34:47Z,,,,+2.06100
260801_063502,0,2026-08-01T06:35:02Z,,,,+2.06300
260801_063517,0,2026-08-01T06:35:17Z,,,,+2.08700
260801_063532,0,2026-08-01T06:35:32Z,,,,+2.09200
260801_063547,0,2026-08-01T06:35:47Z,,,,+2.09300
260801_063602,0,2026-08-01T06:36:02Z,,,,+2.05100
260801_063617,0,2026-08-01T06:36:17Z,,,,+2.06400
260801_063632,0,2026-08-01T06:36:32Z,,,,+2.07200
260801_063647,0,2026-08-01T06:36:47Z,-2.06233,-2.06233,0.9900,+2.08800
260801_063702,0,2026-08-01T06:37:02Z,,,,+2.04600
260801_063717,0,2026-08-01T06:37:17Z,,,,+2.06100
260801_063732,0,2026-08-01T06:37:32Z,,,,+2.07900
260801_063747,0,2026-08-01T06:37:47Z,,,,+2.08400
260801_063802,0,2026-08-01T06:38:02Z,,,,+2.08200
260801_063817,0,2026-08-01T06:38:17Z,,,,+2.09900
260801_063832,0,2026-08-01T06:38:32Z,,,,+2.11000
260801_063847,0,2026-08-01T06:38:47Z,,,,+2.05600
260801_063902,0,2026-08-01T06:39:02Z,,,,+2.07400
260801_063917,0,2026-08-01T06:39:17Z,-2.07233,-2.07233,0.9821,+2.09300
260801_063932,0,2026-08-01T06:39:32Z,,,,+2.11000
260801_063947,0,2026-08-01T06:39:47Z,,,,+2.11500
260801_064002,0,2026-08-01T06:40:02Z,,,,+2.10900
260801_064017,0,2026-08-01T06:40:17Z,,,,+2.07600
260801_064032,0,2026-08-01T06:40:32Z,,,,+2.07700
260801_064047,0,2026-08-01T06:40:47Z,,,,+2.07500
260801_064102,0,2026-08-01T06:41:02Z,,,,+2.08500
260801_064117,0,2026-08-01T06:41:17Z,,,,+2.09300
260801_064132,0,2026-08-01T06:41:32Z,,,,+2.11200
260801_064147,0,2026-08-01T06:41:47Z,-2.07233,-2.07233,0.9610,+2.11400
260801_064202,0,2026-08-01T06:42:02Z,,,,+2.10600
260801_064217,0,2026-08-01T06:42:17Z,,,,+2.10300
260801_064232,0,2026-08-01T06:42:32Z,,,,+2.11500
260801_064247,0,2026-08-01T06:42:47Z,,,,+2.12100
260801_064302,0,2026-08-01T06:43:02Z,,,,+2.07900
260801_064317,0,2026-08-01T06:43:17Z,,,,+2.08300
260801_064332,0,2026-08-01T06:43:32Z,,,,+2.09700
260801_064347,0,2026-08-01T06:43:47Z,,,,+2.11700
260801_064402,0,2026-08-01T06:44:02Z,,,,+2.12400
260801_064417,0,2026-08-01T06:44:17Z,-2.07233,-2.07233,0.9510,+2.13000
260801_064432,0,2026-08-01T06:44:32Z,,,,+2.12700
260801_064447,0,2026-08-01T06:44:47Z,,,,+2.08200
260801_064502,0,2026-08-01T06:45:02Z,,,,+2.09800
260801_064517,0,2026-08-01T06:45:17Z,,,,+2.11900
260801_064532,0,2026-08-01T06:45:32Z,,,,+2.12700
260801_064547,0,2026-08-01T06:45:47Z,,,,+2.13400
260801_064602,0,2026-08-01T06:46:02Z,,,,+2.08500
260801_064617,0,2026-08-01T06:46:17Z,,,,+2.09700
260801_064632,0,2026-08-01T06:46:32Z,,,,+2.10800
260801_064647,0,2026-08-01T06:46:47Z,-2.07233,-2.07233,0.9395,+2.10400
260801_064702,0,2026-08-01T06:47:02Z,,,,+2.10300
260801_064717,0,2026-08-01T06:47:17Z,,,,+2.10900
260801_064732,0,2026-08-01T06:47:32Z,,,,+2.10400
260801_064747,0,2026-08-01T06:47:47Z,,,,+2.11400
260801_064802,0,2026-08-01T06:48:02Z,,,,+2.11800
260801_064817,0,2026-08-01T06:48:17Z,,,,+2.12500
260801_064832,0,2026-08-01T06:48:32Z,,,,+2.13100
260801_064847,0,2026-08-01T06:48:47Z,,,,+2.13500
260801_064902,0,2026-08-01T06:49:02Z,,,,+2.14100
260801_064917,0,2026-08-01T06:49:17Z,-2.11233,-2.11233,0.9568,+2.14300
260801_064932,0,2026-08-01T06:49:32Z,,,,+2.14200
260801_064947,0,2026-08-01T06:49:47Z,,,,+2.14600
260801_065002,0,2026-08-01T06:50:02Z,,,,+2.13700
260801_065017,0,2026-08-01T06:50:17Z,,,,+2.09600
260801_065032,0,2026-08-01T06:50:32Z,,,,+2.10400
260801_065047,0,2026-08-01T06:50:47Z,,,,+2.10700
260801_065102,0,2026-08-01T06:51:02Z,,,,+2.09100
260801_065117,0,2026-08-01T06:51:17Z,,,,+2.09400
260801_065132,0,2026-08-01T06:51:32Z,,,,+2.15200
260801_065147,0,2026-08-01T06:51:47Z,-2.11233,-2.11233,0.9644,+2.10300
260801_065202,0,2026-08-01T06:52:02Z,,,,+2.10500
260801_065217,0,2026-08-01T06:52:17Z,,,,+2.10100
260801_065232,0,2026-08-01T06:52:32Z,,,,+2.11500
260801_065247,0,2026-08-01T06:52:47Z,,,,+2.12100
260801_065302,0,2026-08-01T06:53:02Z,,,,+2.11100
260801_065317,0,2026-08-01T06:53:17Z,,,,+2.11300
260801_065332,0,2026-08-01T06:53:32Z,,,,+2.12600
260801_065347,0,2026-08-01T06:53:47Z,,,,+2.14200
260801_065402,0,2026-08-01T06:54:02Z,,,,+2.15200
260801_065417,0,2026-08-01T06:54:17Z,-2.11233,-2.11233,0.9513,+2.14900
260801_065432,0,2026-08-01T06:54:32Z,,,,+2.15700
260801_065447,0,2026-08-01T06:54:47Z,,,,+2.14700
260801_065502,0,2026-08-01T06:55:02Z,,,,+2.14200
260801_065517,0,2026-08-01T06:55:17Z,,,,+2.15000
260801_065532,0,2026-08-01T06:55:32Z,,,,+2.15600
260801_065547,0,2026-08-01T06:55:47Z,,,,+2.14100
260801_065602,0,2026-08-01T06:56:02Z,,,,+2.14800
260801_065617,0,2026-08-01T06:56:17Z,,,,+2.16400
260801_065632,0,2026-08-01T06:56:32Z,,,,+2.14600
260801_065647,0,2026-08-01T06:56:47Z,-2.11233,-2.11233,0.9439,+2.14400
260801_065702,0,2026-08-01T06:57:02Z,,,,+2.13900
260801_065717,0,2026-08-01T06:57:17Z,,,,+2.14700
260801_065732,0,2026-08-01T06:57:32Z,,,,+2.16000
260801_065747,0,2026-08-01T06:57:47Z,,,,+2.15500
260801_065802,0,2026-08-01T06:58:02Z,,,,+2.15300
260801_065817,0,2026-08-01T06:58:17Z,,,,+2.17300
260801_065832,0,2026-08-01T06:58:32Z,,,,+2.15800
260801_065847,0,2026-08-01T06:58:47Z,,,,+2.16900
260801_065902,0,2026-08-01T06:59:02Z,,,,+2.11500
260801_065917,0,2026-08-01T06:59:17Z,-2.11233,-2.11233,0.9505,+2.12600
260801_065932,0,2026-08-01T06:59:32Z,,,,+2.11500
260801_065947,0,2026-08-01T06:59:47Z,,,,+2.11900
260801_070002,0,2026-08-01T07:00:02Z,,,,+2.12400
260801_070017,0,2026-08-01T07:00:17Z,,,,+2.13000
260801_070032,0,2026-08-01T07:00:32Z,,,,+2.12400
260801_070047,0,2026-08-01T07:00:47Z,,,,+2.12600
260801_070102,0,2026-08-01T07:01:02Z,,,,+2.13500
260801_070117,0,2026-08-01T07:01:17Z,,,,+2.13100
260801_070132,0,2026-08-01T07:01:32Z,,,,+2.13100
260801_070147,0,2026-08-01T07:01:47Z,-2.15233,-2.15233,0.9586,+2.13900
260801_070202,0,2026-08-01T07:02:02Z,,,,+2.14500
260801_070217,0,2026-08-01T07:02:17Z,,,,+2.14500
260801_070232,0,2026-08-01T07:02:32Z,,,,+2.16900
260801_070247,0,2026-08-01T07:02:47Z,,,,+2.18600
260801_070302,0,2026-08-01T07:03:02Z,,,,+2.13400
260801_070317,0,2026-08-01T07:03:17Z,,,,+2.15000
260801_070332,0,2026-08-01T07:03:32Z,,,,+2.15800
260801_070347,0,2026-08-01T07:03:47Z,,,,+2.14000
260801_070402,0,2026-08-01T07:04:02Z,,,,+2.16100
260801_070417,0,2026-08-01T07:04:17Z,-2.15233,-2.15233,0.9550,+2.16300
260801_070432,0,2026-08-01T07:04:32Z,,,,+2.15900
260801_070447,0,2026-08-01T07:04:47Z,,,,+2.15700
260801_070502,0,2026-08-01T07:05:02Z,,,,+2.16700
260801_070517,0,2026-08-01T07:05:17Z,,,,+2.19100
260801_070532,0,2026-08-01T07:05:32Z,,,,+2.14600
260801_070547,0,2026-08-01T07:05:47Z,,,,+2.19200
260801_070602,0,2026-08-01T07:06:02Z,,,,+2.13400
260801_070617,0,2026-08-01T07:06:17Z,,,,+2.13600
260801_070632,0,2026-08-01T07:06:32Z,,,,+2.15100
260801_070647,0,2026-08-01T07:06:47Z,-2.15233,-2.15233,0.9599,+2.16600
260801_070702,0,2026-08-01T07:07:02Z,,,,+2.15100
260801_070717,0,2026-08-01T07:07:17Z,,,,+2.16100
260801_070732,0,2026-08-01T07:07:32Z,,,,+2.17500
260801_070747,0,2026-08-01T07:07:47Z,,,,+2.18200
260801_070802,0,2026-08-01T07:08:02Z,,,,+2.15400
260801_070817,0,2026-08-01T07:08:17Z,,,,+2.15800
260801_070832,0,2026-08-01T07:08:32Z,,,,+2.17000
260801_070847,0,2026-08-01T07:08:47Z,,,,+2.16600
260801_070902,0,2026-08-01T07:09:02Z,,,,+2.16500
260801_070917,0,2026-08-01T07:09:17Z,-2.15233,-2.15233,0.9602,+2.16000
260801_070932,0,2026-08-01T07:09:32Z,,,,+2.15700
260801_070947,0,2026-08-01T07:09:47Z,,,,+2.17400
260801_071002,0,2026-08-01T07:10:02Z,,,,+2.17100
260801_071017,0,2026-08-01T07:10:17Z,,,,+2.15900
260801_071032,0,2026-08-01T07:10:32Z,,,,+2.16700
260801_071047,0,2026-08-01T07:10:47Z,,,,+2.16100
260801_071102,0,2026-08-01T07:11:02Z,,,,+2.17600
260801_071117,0,2026-08-01T07:11:17Z,,,,+2.20600
260801_071132,0,2026-08-01T07:11:32Z,,,,+2.19100
260801_071147,0,2026-08-01T07:11:47Z,-2.15233,-2.15233,0.9600,+2.20600
260801_071202,0,2026-08-01T07:12:02Z,,,,+2.15600
260801_071217,0,2026-08-01T07:12:17Z,,,,+2.20900
260801_071232,0,2026-08-01T07:12:32Z,,,,+2.21000
260801_071247,0,2026-08-01T07:12:47Z,,,,+2.21100
260801_071302,0,2026-08-01T07:13:02Z,,,,+2.20700
260801_071317,0,2026-08-01T07:13:17Z,,,,+2.19900
260801_071332,0,2026-08-01T07:13:32Z,,,,+2.18400
260801_071347,0,2026-08-01T07:13:47Z,,,,+2.18200
260801_071402,0,2026-08-01T07:14:02Z,,,,+2.21500
260801_071417,0,2026-08-01T07:14:17Z,-2.15233,-2.15233,0.9564,+2.20000
260801_071432,0,2026-08-01T07:14:32Z,,,,+2.20400
260801_071447,0,2026-08-01T07:14:47Z,,,,+2.20000
260801_071502,0,2026-08-01T07:15:02Z,,,,+2.20400
260801_071517,0,2026-08-01T07:15:17Z,,,,+2.20600
260801_071532,0,2026-08-01T07:15:32Z,,,,+2.21600
260801_071547,0,2026-08-01T07:15:47Z,,,,+2.21900
260801_071602,0,2026-08-01T07:16:02Z,,,,+2.22000
260801_071617,0,2026-08-01T07:16:17Z,,,,+2.22400
260801_071632,0,2026-08-01T07:16:32Z,,,,+2.17900
260801_071647,0,2026-08-01T07:16:47Z,-2.19233,-2.19233,0.9688,+2.18200
260801_071702,0,2026-08-01T07:17:02Z,,,,+2.18700
260801_071717,0,2026-08-01T07:17:17Z,,,,+2.18100
260801_071732,0,2026-08-01T07:17:32Z,,,,+2.17800
260801_071747,0,2026-08-01T07:17:47Z,,,,+2.16900
260801_071802,0,2026-08-01T07:18:02Z,,,,+2.18900
260801_071817,0,2026-08-01T07:18:17Z,,,,+2.19300
260801_071832,0,2026-08-01T07:18:32Z,,,,+2.19000
260801_071847,0,2026-08-01T07:18:47Z,,,,+2.18300
260801_071902,0,2026-08-01T07:19:02Z,,,,+2.17300
260801_071917,0,2026-08-01T07:19:17Z,-2.19233,-2.19233,0.9643,+2.22900
260801_071932,0,2026-08-01T07:19:32Z,,,,+2.22500
260801_071947,0,2026-08-01T07:19:47Z,,,,+2.23300
260801_072002,0,2026-08-01T07:20:02Z,,,,+2.22400
260801_072017,0,2026-08-01T07:20:17Z,,,,+2.18000
260801_072032,0,2026-08-01T07:20:32Z,,,,+2.19600
260801_072047,0,2026-08-01T07:20:47Z,,,,+2.20300
260801_072102,0,2026-08-01T07:21:02Z,,,,+2.21700
260801_072117,0,2026-08-01T07:21:17Z,,,,+2.21000
260801_072132,0,2026-08-01T07:21:32Z,,,,+2.22200
260801_072147,0,2026-08-01T07:21:47Z,-2.19233,-2.19233,0.9735,+2.18000
260801_072202,0,2026-08-01T07:22:02Z,,,,+2.18700
260801_072217,0,2026-08-01T07:22:17Z,,,,+2.18300
260801_072232,0,2026-08-01T07:22:32Z,,,,+2.23600
260801_072247,0,2026-08-01T07:22:47Z,,,,+2.18800
260801_072302,0,2026-08-01T07:23:02Z,,,,+2.23500
260801_072317,0,2026-08-01T07:23:17Z,,,,+2.23100
260801_072332,0,2026-08-01T07:23:32Z,,,,+2.22200
260801_072347,0,2026-08-01T07:23:47Z,,,,+2.18300
260801_072402,0,2026-08-01T07:24:02Z,,,,+2.18900
260801_072417,0,2026-08-01T07:24:17Z,-2.19233,-2.19233,0.9806,+2.18700
260801_072432,0,2026-08-01T07:24:32Z,,,,+2.24600
260801_072447,0,2026-08-01T07:24:47Z,,,,+2.19700
260801_072502,0,2026-08-01T07:25:02Z,,,,+2.24800
260801_072517,0,2026-08-01T07:25:17Z,,,,+2.24300
260801_072532,0,2026-08-01T07:25:32Z,,,,+2.23200
260801_072547,0,2026-08-01T07:25:47Z,,,,+2.22000
260801_072602,0,2026-08-01T07:26:02Z,,,,+2.23000
260801_072617,0,2026-08-01T07:26:17Z,,,,+2.23800
260801_072632,0,2026-08-01T07:26:32Z,,,,+2.23300
260801_072647,0,2026-08-01T07:26:47Z,-2.19233,-2.19233,0.9784,+2.22900
260801_072702,0,2026-08-01T07:27:02Z,,,,+2.20900
260801_072717,0,2026-08-01T07:27:17Z,,,,+2.20600
260801_072732,0,2026-08-01T07:27:32Z,,,,+2.25000
260801_072747,0,2026-08-01T07:27:47Z,,,,+2.21300
260801_072802,0,2026-08-01T07:28:02Z,,,,+2.20900
260801_072817,0,2026-08-01T07:28:17Z,,,,+2.21500
260801_072832,0,2026-08-01T07:28:32Z,,,,+2.21700
260801_072847,0,2026-08-01T07:28:47Z,,,,+2.22700
260801_072902,0,2026-08-01T07:29:02Z,,,,+2.23200
260801_072917,0,2026-08-01T07:29:17Z,-2.22233,-2.22233,0.9851,+2.22200
260801_072932,0,2026-08-01T07:29:32Z,,,,+2.22000
260801_072947,0,2026-08-01T07:29:47Z,,,,+2.21000
260801_073002,0,2026-08-01T07:30:02Z,,,,+2.21100
260801_073017,0,2026-08-01T07:30:17Z,,,,+2.21700
260801_073032,0,2026-08-01T07:30:32Z,,,,+2.21400
260801_073047,0,2026-08-01T07:30:47Z,,,,+2.22200
260801_073102,0,2026-08-01T07:31:02Z,,,,+2.23400
260801_073117,0,2026-08-01T07:31:17Z,,,,+2.24800
260801_073132,0,2026-08-01T07:31:32Z,,,,+2.24500
260801_073147,0,2026-08-01T07:31:47Z,-2.22233,-2.22233,0.9573,+2.25000
260801_073202,0,2026-08-01T07:32:02Z,,,,+2.23700
260801_073217,0,2026-08-01T07:32:17Z,,,,+2.23500
260801_073232,0,2026-08-01T07:32:32Z,,,,+2.23700
260801_073247,0,2026-08-01T07:32:47Z,,,,+2.24100
260801_073302,0,2026-08-01T07:33:02Z,,,,+2.24100
260801_073317,0,2026-08-01T07:33:17Z,,,,+2.23100
260801_073332,0,2026-08-01T07:33:32Z,,,,+2.22900
260801_073347,0,2026-08-01T07:33:47Z,,,,+2.21700
260801_073402,0,2026-08-01T07:34:02Z,,,,+2.22300
260801_073417,0,2026-08-01T07:34:17Z,-2.22233,-2.22233,0.9546,+2.24300
260801_073432,0,2026-08-01T07:34:32Z,,,,+2.24500
260801_073447,0,2026-08-01T07:34:47Z,,,,+2.24700
260801_073502,0,2026-08-01T07:35:02Z,,,,+2.25100
260801_073517,0,2026-08-01T07:35:17Z,,,,+2.25400
260801_073532,0,2026-08-01T07:35:32Z,,,,+2.24000
260801_073547,0,2026-08-01T07:35:47Z,,,,+2.25300
260801_073602,0,2026-08-01T07:36:02Z,,,,+2.25400
260801_073617,0,2026-08-01T07:36:17Z,,,,+2.24200
260801_073632,0,2026-08-01T07:36:32Z,,,,+2.22900
260801_073647,0,2026-08-01T07:36:47Z,-2.22233,-2.22233,0.9864,+2.24900
260801_073702,0,2026-08-01T07:37:02Z,,,,+2.25700
260801_073717,0,2026-08-01T07:37:17Z,,,,+2.25900
260801_073732,0,2026-08-01T07:37:32Z,,,,+2.26400
260801_073747,0,2026-08-01T07:37:47Z,,,,+2.25200
260801_073802,0,2026-08-01T07:38:02Z,,,,+2.23200
260801_073817,0,2026-08-01T07:38:17Z,,,,+2.24400
260801_073832,0,2026-08-01T07:38:32Z,,,,+2.25400
260801_073847,0,2026-08-01T07:38:47Z,,,,+2.23400
260801_073902,0,2026-08-01T07:39:02Z,,,,+2.27800
260801_073917,0,2026-08-01T07:39:17Z,-2.22233,-2.22233,0.9931,+2.27400
260801_073932,0,2026-08-01T07:39:32Z,,,,+2.27200
260801_073947,0,2026-08-01T07:39:47Z,,,,+2.28800
260801_074002,0,2026-08-01T07:40:02Z,,,,+2.23900
260801_074017,0,2026-08-01T07:40:17Z,,,,+2.25700
260801_074032,0,2026-08-01T07:40:32Z,,,,+2.27100
260801_074047,0,2026-08-01T07:40:47Z,,,,+2.28500
260801_074102,0,2026-08-01T07:41:02Z,,,,+2.28400
260801_074117,0,2026-08-01T07:41:17Z,,,,+2.28400
260801_074132,0,2026-08-01T07:41:32Z,,,,+2.26700
260801_074147,0,2026-08-01T07:41:47Z,-2.26233,-2.26233,0.9888,+2.28400
260801_074202,0,2026-08-01T07:42:02Z,,,,+2.28400
260801_074217,0,2026-08-01T07:42:17Z,,,,+2.27400
260801_074232,0,2026-08-01T07:42:32Z,,,,+2.27700
260801_074247,0,2026-08-01T07:42:47Z,,,,+2.29000
260801_074302,0,2026-08-01T07:43:02Z,,,,+2.23900
260801_074317,0,2026-08-01T07:43:17Z,,,,+2.25000
260801_074332,0,2026-08-01T07:43:32Z,,,,+2.26800
260801_074347,0,2026-08-01T07:43:47Z,,,,+2.26600
260801_074402,0,2026-08-01T07:44:02Z,,,,+2.26900
260801_074417,0,2026-08-01T07:44:17Z,-2.26233,-2.26233,0.9898,+2.25800
260801_074432,0,2026-08-01T07:44:32Z,,,,+2.26500
260801_074447,0,2026-08-01T07:44:47Z,,,,+2.27600
260801_074502,0,2026-08-01T07:45:02Z,,,,+2.28100
260801_074517,0,2026-08-01T07:45:17Z,,,,+2.28800
260801_074532,0,2026-08-01T07:45:32Z,,,,+2.29700
260801_074547,0,2026-08-01T07:45:47Z,,,,+2.28700
260801_074602,0,2026-08-01T07:46:02Z,,,,+2.28100
260801_074617,0,2026-08-01T07:46:17Z,,,,+2.28700
260801_074632,0,2026-08-01T07:46:32Z,,,,+2.28600
260801_074647,0,2026-08-01T07:46:47Z,-2.26233,-2.26233,0.9876,+2.30100
260801_074702,0,2026-08-01T07:47:02Z,,,,+2.28800
260801_074717,0,2026-08-01T07:47:17Z,,,,+2.27800
260801_074732,0,2026-08-01T07:47:32Z,,,,+2.28300
260801_074747,0,2026-08-01T07:47:47Z,,,,+2.29400
260801_074802,0,2026-08-01T07:48:02Z,,,,+2.29200
260801_074817,0,2026-08-01T07:48:17Z,,,,+2.27900
260801_074832,0,2026-08-01T07:48:32Z,,,,+2.28600
260801_074847,0,2026-08-01T07:48:47Z,,,,+2.28800
260801_074902,0,2026-08-01T07:49:02Z,,,,+2.29200
260801_074917,0,2026-08-01T07:49:17Z,-2.26233,-2.26233,0.9861,+2.29700
260801_074932,0,2026-08-01T07:49:32Z,,,,+2.29100
260801_074947,0,2026-08-01T07:49:47Z,,,,+2.31100
260801_075002,0,2026-08-01T07:50:02Z,,,,+2.31600
260801_075017,0,2026-08-01T07:50:17Z,,,,+2.26500
260801_075032,0,2026-08-01T07:50:32Z,,,,+2.31800
260801_075047,0,2026-08-01T07:50:47Z,,,,+2.30200
260801_075102,0,2026-08-01T07:51:02Z,,,,+2.26400
260801_075117,0,2026-08-01T07:51:17Z,,,,+2.26300
260801_075132,0,2026-08-01T07:51:32Z,,,,+2.26900
260801_075147,0,2026-08-01T07:51:47Z,-2.26233,-2.26233,0.9874,+2.29300
260801_075202,0,2026-08-01T07:52:02Z,,,,+2.29600
260801_075217,0,2026-08-01T07:52:17Z,,,,+2.29200
260801_075232,0,2026-08-01T07:52:32Z,,,,+2.29000
260801_075247,0,2026-08-01T07:52:47Z,,,,+2.28600
260801_075302,0,2026-08-01T07:53:02Z,,,,+2.28300
260801_075317,0,2026-08-01T07:53:17Z,,,,+2.29200
260801_075332,0,2026-08-01T07:53:32Z,,,,+2.30900
260801_075347,0,2026-08-01T07:53:47Z,,,,+2.31100
260801_075402,0,2026-08-01T07:54:02Z,,,,+2.31500
260801_075417,0,2026-08-01T07:54:17Z,-2.30233,-2.30233,0.9859,+2.33400
260801_075432,0,2026-08-01T07:54:32Z,,,,+2.32600
260801_075447,0,2026-08-01T07:54:47Z,,,,+2.28100
260801_075502,0,2026-08-01T07:55:02Z,,,,+2.33600
260801_075517,0,2026-08-01T07:55:17Z,,,,+2.32800
260801_075532,0,2026-08-01T07:55:32Z,,,,+2.27900
260801_075547,0,2026-08-01T07:55:47Z,,,,+2.32200
260801_075602,0,2026-08-01T07:56:02Z,,,,+2.33000
260801_075617,0,2026-08-01T07:56:17Z,,,,+2.27800
260801_075632,0,2026-08-01T07:56:32Z,,,,+2.34000
260801_075647,0,2026-08-01T07:56:47Z,-2.30233,-2.30233,0.9906,+2.29200
260801_075702,0,2026-08-01T07:57:02Z,,,,+2.30100
260801_075717,0,2026-08-01T07:57:17Z,,,,+2.33500
260801_075732,0,2026-08-01T07:57:32Z,,,,+2.28800
260801_075747,0,2026-08-01T07:57:47Z,,,,+2.28900
260801_075802,0,2026-08-01T07:58:02Z,,,,+2.29300
260801_075817,0,2026-08-01T07:58:17Z,,,,+2.30900
260801_075832,0,2026-08-01T07:58:32Z,,,,+2.31700
260801_075847,0,2026-08-01T07:58:47Z,,,,+2.32900
260801_075902,0,2026-08-01T07:59:02Z,,,,+2.32700
260801_075917,0,2026-08-01T07:59:17Z,-2.30233,-2.30233,0.9927,+2.34300
260801_075932,0,2026-08-01T07:59:32Z,,,,+2.30200
260801_075947,0,2026-08-01T07:59:47Z,,,,+2.31500
260801_080002,0,2026-08-01T08:00:02Z,,,,+2.32200
260801_080017,0,2026-08-01T08:00:17Z,,,,+2.33300
260801_080032,0,2026-08-01T08:00:32Z,,,,+2.33900
260801_080047,0,2026-08-01T08:00:47Z,,,,+2.34100
260801_080102,0,2026-08-01T08:01:02Z,,,,+2.33700
260801_080117,0,2026-08-01T08:01:17Z,,,,+2.29800
260801_080132,0,2026-08-01T08:01:32Z,,,,+2.31800
260801_080147,0,2026-08-01T08:01:47Z,-2.30233,-2.30233,0.9945,+2.32200
260801_080202,0,2026-08-01T08:02:02Z,,,,+2.34400
260801_080217,0,2026-08-01T08:02:17Z,,,,+2.34900
260801_080232,0,2026-08-01T08:02:32Z,,,,+2.35600
260801_080247,0,2026-08-01T08:02:47Z,,,,+2.30500
260801_080302,0,2026-08-01T08:03:02Z,,,,+2.30200
260801_080317,0,2026-08-01T08:03:17Z,,,,+2.31600
260801_080332,0,2026-08-01T08:03:32Z,,,,+2.33500
260801_080347,0,2026-08-01T08:03:47Z,,,,+2.34300
260801_080402,0,2026-08-01T08:04:02Z,,,,+2.30000
260801_080417,0,2026-08-01T08:04:17Z,-2.30233,-2.30233,0.9898,+2.32400
260801_080432,0,2026-08-01T08:04:32Z,,,,+2.32300
260801_080447,0,2026-08-01T08:04:47Z,,,,+2.33200
260801_080502,0,2026-08-01T08:05:02Z,,,,+2.33300
260801_080517,0,2026-08-01T08:05:17Z,,,,+2.36000
260801_080532,0,2026-08-01T08:05:32Z,,,,+2.36200
260801_080547,0,2026-08-01T08:05:47Z,,,,+2.35300
260801_080602,0,2026-08-01T08:06:02Z,,,,+2.34600
260801_080617,0,2026-08-01T08:06:17Z,,,,+2.33800
260801_080632,0,2026-08-01T08:06:32Z,,,,+2.33200
260801_080647,0,2026-08-01T08:06:47Z,-2.30233,-2.30233,0.9896,+2.33300
260801_080702,0,2026-08-01T08:07:02Z,,,,+2.34500
260801_080717,0,2026-08-01T08:07:17Z,,,,+2.36100
260801_080732,0,2026-08-01T08:07:32Z,,,,+2.35100
260801_080747,0,2026-08-01T08:07:47Z,,,,+2.37200
260801_080802,0,2026-08-01T08:08:02Z,,,,+2.36500
260801_080817,0,2026-08-01T08:08:17Z,,,,+2.31400
260801_080832,0,2026-08-01T08:08:32Z,,,,+2.32400
260801_080847,0,2026-08-01T08:08:47Z,,,,+2.32300
260801_080902,0,2026-08-01T08:09:02Z,,,,+2.32800
260801_080917,0,2026-08-01T08:09:17Z,-2.34233,-2.34233,0.9705,+2.37100
260801_080932,0,2026-08-01T08:09:32Z,,,,+2.37000
260801_080947,0,2026-08-01T08:09:47Z,,,,+2.36000
260801_081002,0,2026-08-01T08:10:02Z,,,,+2.32600
260801_081017,0,2026-08-01T08:10:17Z,,,,+2.35500
260801_081032,0,2026-08-01T08:10:32Z,,,,+2.37100
260801_081047,0,2026-08-01T08:10:47Z,,,,+2.36600
260801_081102,0,2026-08-01T08:11:02Z,,,,+2.36500
260801_081117,0,2026-08-01T08:11:17Z,,,,+2.37100
260801_081132,0,2026-08-01T08:11:32Z,,,,+2.33000
260801_081147,0,2026-08-01T08:11:47Z,-2.34233,-2.34233,0.9741,+2.33100
260801_081202,0,2026-08-01T08:12:02Z,,,,+2.33000
260801_081217,0,2026-08-01T08:12:17Z,,,,+2.33400
260801_081232,0,2026-08-01T08:12:32Z,,,,+2.34000
260801_081247,0,2026-08-01T08:12:47Z,,,,+2.35400
260801_081302,0,2026-08-01T08:13:02Z,,,,+2.36000
260801_081317,0,2026-08-01T08:13:17Z,,,,+2.35100
260801_081332,0,2026-08-01T08:13:32Z,,,,+2.36100
260801_081347,0,2026-08-01T08:13:47Z,,,,+2.35800
260801_081402,0,2026-08-01T08:14:02Z,,,,+2.36500
260801_081417,0,2026-08-01T08:14:17Z,-2.34233,-2.34233,0.9830,+2.36700
260801_081432,0,2026-08-01T08:14:32Z,,,,+2.37900
260801_081447,0,2026-08-01T08:14:47Z,,,,+2.36500
260801_081502,0,2026-08-01T08:15:02Z,,,,+2.37200
260801_081517,0,2026-08-01T08:15:17Z,,,,+2.37300
260801_081532,0,2026-08-01T08:15:32Z,,,,+2.38600
260801_081547,0,2026-08-01T08:15:47Z,,,,+2.38200
260801_081602,0,2026-08-01T08:16:02Z,,,,+2.38000
260801_081617,0,2026-08-01T08:16:17Z,,,,+2.38900
260801_081632,0,2026-08-01T08:16:32Z,,,,+2.39100
260801_081647,0,2026-08-01T08:16:47Z,-2.34233,-2.34233,0.9762,+2.38200
260801_081702,0,2026-08-01T08:17:02Z,,,,+2.39400
260801_081717,0,2026-08-01T08:17:17Z,,,,+2.34600
260801_081732,0,2026-08-01T08:17:32Z,,,,+2.39800
260801_081747,0,2026-08-01T08:17:47Z,,,,+2.39500
260801_081802,0,2026-08-01T08:18:02Z,,,,+2.39100
260801_081817,0,2026-08-01T08:18:17Z,,,,+2.39600
260801_081832,0,2026-08-01T08:18:32Z,,,,+2.39800
260801_081847,0,2026-08-01T08:18:47Z,,,,+2.39300
260801_081902,0,2026-08-01T08:19:02Z,,,,+2.39900
260801_081917,0,2026-08-01T08:19:17Z,-2.37233,-2.37233,0.9840,+2.34500
260801_081932,0,2026-08-01T08:19:32Z,,,,+2.38400
260801_081947,0,2026-08-01T08:19:47Z,,,,+2.39300
260801_082002,0,2026-08-01T08:20:02Z,,,,+2.39000
260801_082017,0,2026-08-01T08:20:17Z,,,,+2.38100
260801_082032,0,2026-08-01T08:20:32Z,,,,+2.38900
260801_082047,0,2026-08-01T08:20:47Z,,,,+2.39300
260801_082102,0,2026-08-01T08:21:02Z,,,,+2.39300
260801_082117,0,2026-08-01T08:21:17Z,,,,+2.40600
260801_082132,0,2026-08-01T08:21:32Z,,,,+2.38600
260801_082147,0,2026-08-01T08:21:47Z,-2.37233,-2.37233,0.9780,+2.37200
260801_082202,0,2026-08-01T08:22:02Z,,,,+2.36000
260801_082217,0,2026-08-01T08:22:17Z,,,,+2.40700
260801_082232,0,2026-08-01T08:22:32Z,,,,+2.39300
260801_082247,0,2026-08-01T08:22:47Z,,,,+2.40800
260801_082302,0,2026-08-01T08:23:02Z,,,,+2.40800
260801_082317,0,2026-08-01T08:23:17Z,,,,+2.35800
260801_082332,0,2026-08-01T08:23:32Z,,,,+2.37100
260801_082347,0,2026-08-01T08:23:47Z,,,,+2.36300
260801_082402,0,2026-08-01T08:24:02Z,,,,+2.36900
260801_082417,0,2026-08-01T08:24:17Z,-2.37233,-2.37233,0.9865,+2.41600
260801_082432,0,2026-08-01T08:24:32Z,,,,+2.35800
260801_082447,0,2026-08-01T08:24:47Z,,,,+2.37000
260801_082502,0,2026-08-01T08:25:02Z,,,,+2.36900
260801_082517,0,2026-08-01T08:25:17Z,,,,+2.36000
260801_082532,0,2026-08-01T08:25:32Z,,,,+2.36100
260801_082547,0,2026-08-01T08:25:47Z,,,,+2.41700
260801_082602,0,2026-08-01T08:26:02Z,,,,+2.42300
260801_082617,0,2026-08-01T08:26:17Z,,,,+2.42000
260801_082632,0,2026-08-01T08:26:32Z,,,,+2.36300
260801_082647,0,2026-08-01T08:26:47Z,-2.37233,-2.37233,0.9819,+2.36700
260801_082702,0,2026-08-01T08:27:02Z,,,,+2.42200
260801_082717,0,2026-08-01T08:27:17Z,,,,+2.41300
260801_082732,0,2026-08-01T08:27:32Z,,,,+2.40300
260801_082747,0,2026-08-01T08:27:47Z,,,,+2.38700
260801_082802,0,2026-08-01T08:28:02Z,,,,+2.36700
260801_082817,0,2026-08-01T08:28:17Z,,,,+2.37700
260801_082832,0,2026-08-01T08:28:32Z,,,,+2.37300
260801_082847,0,2026-08-01T08:28:47Z,,,,+2.37500
260801_082902,0,2026-08-01T08:29:02Z,,,,+2.37900
260801_082917,0,2026-08-01T08:29:17Z,-2.37233,-2.37233,0.9931,+2.38100
260801_082932,0,2026-08-01T08:29:32Z,,,,+2.38900
260801_082947,0,2026-08-01T08:29:47Z,,,,+2.39300
260801_083002,0,2026-08-01T08:30:02Z,,,,+2.41200
260801_083017,0,2026-08-01T08:30:17Z,,,,+2.40300
260801_083032,0,2026-08-01T08:30:32Z,,,,+2.42900
260801_083047,0,2026-08-01T08:30:47Z,,,,+2.37800
260801_083102,0,2026-08-01T08:31:02Z,,,,+2.38300
260801_083117,0,2026-08-01T08:31:17Z,,,,+2.39500
260801_083132,0,2026-08-01T08:31:32Z,,,,+2.42600
260801_083147,0,2026-08-01T08:31:47Z,-2.37233,-2.37233,0.9952,+2.40900
260801_083202,0,2026-08-01T08:32:02Z,,,,+2.40700
260801_083217,0,2026-08-01T08:32:17Z,,,,+2.39100
260801_083232,0,2026-08-01T08:32:32Z,,,,+2.43800
260801_083247,0,2026-08-01T08:32:47Z,,,,+2.43700
260801_083302,0,2026-08-01T08:33:02Z,,,,+2.43500
260801_083317,0,2026-08-01T08:33:17Z,,,,+2.41400
260801_083332,0,2026-08-01T08:33:32Z,,,,+2.41600
260801_083347,0,2026-08-01T08:33:47Z,,,,+2.40900
260801_083402,0,2026-08-01T08:34:02Z,,,,+2.41000
260801_083417,0,2026-08-01T08:34:17Z,-2.41233,-2.41233,0.9879,+2.42000
260801_083432,0,2026-08-01T08:34:32Z,,,,+2.43600
260801_083447,0,2026-08-01T08:34:47Z,,,,+2.41600
260801_083502,0,2026-08-01T08:35:02Z,,,,+2.43400
260801_083517,0,2026-08-01T08:35:17Z,,,,+2.43400
260801_083532,0,2026-08-01T08:35:32Z,,,,+2.38900
260801_083547,0,2026-08-01T08:35:47Z,,,,+2.39100
260801_083602,0,2026-08-01T08:36:02Z,,,,+2.39700
260801_083617,0,2026-08-01T08:36:17Z,,,,+2.40100
260801_083632,0,2026-08-01T08:36:32Z,,,,+2.40400
260801_083647,0,2026-08-01T08:36:47Z,-2.41233,-2.41233,0.9960,+2.44200
260801_083702,0,2026-08-01T08:37:02Z,,,,+2.43500
260801_083717,0,2026-08-01T08:37:17Z,,,,+2.42600
260801_083732,0,2026-08-01T08:37:32Z,,,,+2.40100
260801_083747,0,2026-08-01T08:37:47Z,,,,+2.40300
260801_083802,0,2026-08-01T08:38:02Z,,,,+2.40300
260801_083817,0,2026-08-01T08:38:17Z,,,,+2.40400
260801_083832,0,2026-08-01T08:38:32Z,,,,+2.41800
260801_083847,0,2026-08-01T08:38:47Z,,,,+2.43100
260801_083902,0,2026-08-01T08:39:02Z,,,,+2.42500
260801_083917,0,2026-08-01T08:39:17Z,-2.41233,-2.41233,0.9914,+2.44100
260801_083932,0,2026-08-01T08:39:32Z,,,,+2.42900
260801_083947,0,2026-08-01T08:39:47Z,,,,+2.43200
260801_084002,0,2026-08-01T08:40:02Z,,,,+2.44200
260801_084017,0,2026-08-01T08:40:17Z,,,,+2.43100
260801_084032,0,2026-08-01T08:40:32Z,,,,+2.42900
260801_084047,0,2026-08-01T08:40:47Z,,,,+2.44800
260801_084102,0,2026-08-01T08:41:02Z,,,,+2.45900
260801_084117,0,2026-08-01T08:41:17Z,,,,+2.46300
260801_084132,0,2026-08-01T08:41:32Z,,,,+2.46300
260801_084147,0,2026-08-01T08:41:47Z,-2.41233,-2.41233,0.9929,+2.46600
260801_084202,0,2026-08-01T08:42:02Z,,,,+2.45700
260801_084217,0,2026-08-01T08:42:17Z,,,,+2.45300
260801_084232,0,2026-08-01T08:42:32Z,,,,+2.46900
260801_084247,0,2026-08-01T08:42:47Z,,,,+2.41300
260801_084302,0,2026-08-01T08:43:02Z,,,,+2.41600
260801_084317,0,2026-08-01T08:43:17Z,,,,+2.43800
260801_084332,0,2026-08-01T08:43:32Z,,,,+2.44100
260801_084347,0,2026-08-01T08:43:47Z,,,,+2.44300
260801_084402,0,2026-08-01T08:44:02Z,,,,+2.45800
260801_084417,0,2026-08-01T08:44:17Z,-2.41233,-2.41233,0.9938,+2.46000
260801_084432,0,2026-08-01T08:44:32Z,,,,+2.41800
260801_084447,0,2026-08-01T08:44:47Z,,,,+2.43100
260801_084502,0,2026-08-01T08:45:02Z,,,,+2.42900
260801_084517,0,2026-08-01T08:45:17Z,,,,+2.44200
260801_084532,0,2026-08-01T08:45:32Z,,,,+2.46300
260801_084547,0,2026-08-01T08:45:47Z,,,,+2.46000
260801_084602,0,2026-08-01T08:46:02Z,,,,+2.46800
260801_084617,0,2026-08-01T08:46:17Z,,,,+2.45300
260801_084632,0,2026-08-01T08:46:32Z,,,,+2.44800
260801_084647,0,2026-08-01T08:46:47Z,-2.45233,-2.45233,0.9903,+2.45100
260801_084702,0,2026-08-01T08:47:02Z,,,,+2.45700
260801_084717,0,2026-08-01T08:47:17Z,,,,+2.45700
260801_084732,0,2026-08-01T08:47:32Z,,,,+2.44000
260801_084747,0,2026-08-01T08:47:47Z,,,,+2.43800
260801_084802,0,2026-08-01T08:48:02Z,,,,+2.45100
260801_084817,0,2026-08-01T08:48:17Z,,,,+2.44700
260801_084832,0,2026-08-01T08:48:32Z,,,,+2.45800
260801_084847,0,2026-08-01T08:48:47Z,,,,+2.45900
260801_084902,0,2026-08-01T08:49:02Z,,,,+2.43900
260801_084917,0,2026-08-01T08:49:17Z,-2.45233,-2.45233,0.9872,+2.44500
260801_084932,0,2026-08-01T08:49:32Z,,,,+2.50200
260801_084947,0,2026-08-01T08:49:47Z,,,,+2.44500
260801_085002,0,2026-08-01T08:50:02Z,,,,+2.44400
260801_085017,0,2026-08-01T08:50:17Z,,,,+2.44600
260801_085032,0,2026-08-01T08:50:32Z,,,,+2.44800
260801_085047,0,2026-08-01T08:50:47Z,,,,+2.50000
260801_085102,0,2026-08-01T08:51:02Z,,,,+2.50500
260801_085117,0,2026-08-01T08:51:17Z,,,,+2.44900
260801_085132,0,2026-08-01T08:51:32Z,,,,+2.46000
260801_085147,0,2026-08-01T08:51:47Z,-2.45233,-2.45233,0.9930,+2.47100
260801_085202,0,2026-08-01T08:52:02Z,,,,+2.48500
260801_085217,0,2026-08-01T08:52:17Z,,,,+2.45600
260801_085232,0,2026-08-01T08:52:32Z,,,,+2.45200
260801_085247,0,2026-08-01T08:52:47Z,,,,+2.45900
260801_085302,0,2026-08-01T08:53:02Z,,,,+2.46600
260801_085317,0,2026-08-01T08:53:17Z,,,,+2.47600
260801_085332,0,2026-08-01T08:53:32Z,,,,+2.49300
260801_085347,0,2026-08-01T08:53:47Z,,,,+2.50100
260801_085402,0,2026-08-01T08:54:02Z,,,,+2.49300
260801_085417,0,2026-08-01T08:54:17Z,-2.45233,-2.45233,0.9712,+2.47900
260801_085432,0,2026-08-01T08:54:32Z,,,,+2.47700
260801_085447,0,2026-08-01T08:54:47Z,,,,+2.47700
260801_085502,0,2026-08-01T08:55:02Z,,,,+2.48100
260801_085517,0,2026-08-01T08:55:17Z,,,,+2.47200
260801_085532,0,2026-08-01T08:55:32Z,,,,+2.47300
260801_085547,0,2026-08-01T08:55:47Z,,,,+2.47900
260801_085602,0,2026-08-01T08:56:02Z,,,,+2.48400
260801_085617,0,2026-08-01T08:56:17Z,,,,+2.47900
260801_085632,0,2026-08-01T08:56:32Z,,,,+2.48400
260801_085647,0,2026-08-01T08:56:47Z,-2.49233,-2.49233,0.9774,+2.48800
260801_085702,0,2026-08-01T08:57:02Z,,,,+2.50300
260801_085717,0,2026-08-01T08:57:17Z,,,,+2.51100
260801_085732,0,2026-08-01T08:57:32Z,,,,+2.52000
260801_085747,0,2026-08-01T08:57:47Z,,,,+2.46600
260801_085802,0,2026-08-01T08:58:02Z,,,,+2.49100
260801_085817,0,2026-08-01T08:58:17Z,,,,+2.49200
260801_085832,0,2026-08-01T08:58:32Z,,,,+2.50100
260801_085847,0,2026-08-01T08:58:47Z,,,,+2.49400
260801_085902,0,2026-08-01T08:59:02Z,,,,+2.49800
260801_085917,0,2026-08-01T08:59:17Z,-2.49233,-2.49233,0.9854,+2.49800
260801_085932,0,2026-08-01T08:59:32Z,,,,+2.50100
260801_085947,0,2026-08-01T08:59:47Z,,,,+2.49600
260801_090002,0,2026-08-01T09:00:02Z,,,,+2.49400
260801_090017,0,2026-08-01T09:00:17Z,,,,+2.48400
260801_090032,0,2026-08-01T09:00:32Z,,,,+2.50100
260801_090047,0,2026-08-01T09:00:47Z,,,,+2.50600
260801_090102,0,2026-08-01T09:01:02Z,,,,+2.50000
260801_090117,0,2026-08-01T09:01:17Z,,,,+2.50800
260801_090132,0,2026-08-01T09:01:32Z,,,,+2.50400
260801_090147,0,2026-08-01T09:01:47Z,-2.49233,-2.49233,0.9836,+2.50300
260801_090202,0,2026-08-01T09:02:02Z,,,,+2.50900
260801_090217,0,2026-08-01T09:02:17Z,,,,+2.51900
260801_090232,0,2026-08-01T09:02:32Z,,,,+2.48000
260801_090247,0,2026-08-01T09:02:47Z,,,,+2.48500
260801_090302,0,2026-08-01T09:03:02Z,,,,+2.53800
260801_090317,0,2026-08-01T09:03:17Z,,,,+2.48400
260801_090332,0,2026-08-01T09:03:32Z,,,,+2.50400
260801_090347,0,2026-08-01T09:03:47Z,,,,+2.50000
260801_090402,0,2026-08-01T09:04:02Z,,,,+2.50400
260801_090417,0,2026-08-01T09:04:17Z,-2.49233,-2.49233,0.9848,+2.52500
260801_090432,0,2026-08-01T09:04:32Z,,,,+2.53100
260801_090447,0,2026-08-01T09:04:47Z,,,,+2.54300
260801_090502,0,2026-08-01T09:05:02Z,,,,+2.53200
260801_090517,0,2026-08-01T09:05:17Z,,,,+2.49000
260801_090532,0,2026-08-01T09:05:32Z,,,,+2.50700
260801_090547,0,2026-08-01T09:05:47Z,,,,+2.51300
260801_090602,0,2026-08-01T09:06:02Z,,,,+2.50400
260801_090617,0,2026-08-01T09:06:17Z,,,,+2.51400
260801_090632,0,2026-08-01T09:06:32Z,,,,+2.51100
260801_090647,0,2026-08-01T09:06:47Z,-2.49233,-2.49233,0.9840,+2.51100
260801_090702,0,2026-08-01T09:07:02Z,,,,+2.51100
260801_090717,0,2026-08-01T09:07:17Z,,,,+2.54400
260801_090732,0,2026-08-01T09:07:32Z,,,,+2.53400
260801_090747,0,2026-08-01T09:07:47Z,,,,+2.53800
260801_090802,0,2026-08-01T09:08:02Z,,,,+2.54100
260801_090817,0,2026-08-01T09:08:17Z,,,,+2.49600
260801_090832,0,2026-08-01T09:08:32Z,,,,+2.50200
260801_090847,0,2026-08-01T09:08:47Z,,,,+2.49600
260801_090902,0,2026-08-01T09:09:02Z,,,,+2.55200
260801_090917,0,2026-08-01T09:09:17Z,-2.51233,-2.51233,0.9803,+2.53900
260801_090932,0,2026-08-01T09:09:32Z,,,,+2.53400
260801_090947,0,2026-08-01T09:09:47Z,,,,+2.54000
260801_091002,0,2026-08-01T09:10:02Z,,,,+2.53400
260801_091017,0,2026-08-01T09:10:17Z,,,,+2.54800
260801_091032,0,2026-08-01T09:10:32Z,,,,+2.55400
260801_091047,0,2026-08-01T09:10:47Z,,,,+2.54800
260801_091102,0,2026-08-01T09:11:02Z,,,,+2.56000
260801_091117,0,2026-08-01T09:11:17Z,,,,+2.55900
260801_091132,0,2026-08-01T09:11:32Z,,,,+2.55600
260801_091147,0,2026-08-01T09:11:47Z,-2.51233,-2.51233,0.9805,+2.55200
260801_091202,0,2026-08-01T09:12:02Z,,,,+2.54300
260801_091217,0,2026-08-01T09:12:17Z,,,,+2.54200
260801_091232,0,2026-08-01T09:12:32Z,,,,+2.53400
260801_091247,0,2026-08-01T09:12:47Z,,,,+2.51600
260801_091302,0,2026-08-01T09:13:02Z,,,,+2.52100
260801_091317,0,2026-08-01T09:13:17Z,,,,+2.50900
260801_091332,0,2026-08-01T09:13:32Z,,,,+2.51100
260801_091347,0,2026-08-01T09:13:47Z,,,,+2.51500
260801_091402,0,2026-08-01T09:14:02Z,,,,+2.53000
260801_091417,0,2026-08-01T09:14:17Z,-2.51233,-2.51233,0.9947,+2.53000
260801_091432,0,2026-08-01T09:14:32Z,,,,+2.53500
260801_091447,0,2026-08-01T09:14:47Z,,,,+2.54600
260801_091502,0,2026-08-01T09:15:02Z,,,,+2.55200
260801_091517,0,2026-08-01T09:15:17Z,,,,+2.52800
260801_091532,0,2026-08-01T09:15:32Z,,,,+2.57500
260801_091547,0,2026-08-01T09:15:47Z,,,,+2.57500
260801_091602,0,2026-08-01T09:16:02Z,,,,+2.51600
260801_091617,0,2026-08-01T09:16:17Z,,,,+2.53800
260801_091632,0,2026-08-01T09:16:32Z,,,,+2.53800
260801_091647,0,2026-08-01T09:16:47Z,-2.51233,-2.51233,0.9765,+2.55400
260801_091702,0,2026-08-01T09:17:02Z,,,,+2.51800
260801_091717,0,2026-08-01T09:17:17Z,,,,+2.56900
260801_091732,0,2026-08-01T09:17:32Z,,,,+2.55100
260801_091747,0,2026-08-01T09:17:47Z,,,,+2.57500
260801_091802,0,2026-08-01T09:18:02Z,,,,+2.54400
260801_091817,0,2026-08-01T09:18:17Z,,,,+2.55200
260801_091832,0,2026-08-01T09:18:32Z,,,,+2.56700
260801_091847,0,2026-08-01T09:18:47Z,,,,+2.53900
260801_091902,0,2026-08-01T09:19:02Z,,,,+2.55400
260801_091917,0,2026-08-01T09:19:17Z,-2.55233,-2.55233,0.9872,+2.55400
260801_091932,0,2026-08-01T09:19:32Z,,,,+2.53300
260801_091947,0,2026-08-01T09:19:47Z,,,,+2.53400
260801_092002,0,2026-08-01T09:20:02Z,,,,+2.54400
260801_092017,0,2026-08-01T09:20:17Z,,,,+2.53200
260801_092032,0,2026-08-01T09:20:32Z,,,,+2.54400
260801_092047,0,2026-08-01T09:20:47Z,,,,+2.53900
260801_092102,0,2026-08-01T09:21:02Z,,,,+2.53900
260801_092117,0,2026-08-01T09:21:17Z,,,,+2.54200
260801_092132,0,2026-08-01T09:21:32Z,,,,+2.54400
260801_092147,0,2026-08-01T09:21:47Z,-2.55233,-2.55233,0.9267,+2.53300
260801_092202,0,2026-08-01T09:22:02Z,,,,+2.55600
260801_092217,0,2026-08-01T09:22:17Z,,,,+2.55700
260801_092232,0,2026-08-01T09:22:32Z,,,,+2.54700
260801_092247,0,2026-08-01T09:22:47Z,,,,+2.55700
260801_092302,0,2026-08-01T09:23:02Z,,,,+2.54600
260801_092317,0,2026-08-01T09:23:17Z,,,,+2.54800
260801_092332,0,2026-08-01T09:23:32Z,,,,+2.57600
260801_092347,0,2026-08-01T09:23:47Z,,,,+2.53700
260801_092402,0,2026-08-01T09:24:02Z,,,,+2.54400
260801_092417,0,2026-08-01T09:24:17Z,-2.55233,-2.55232,0.9749,+2.55400
260801_092432,0,2026-08-01T09:24:32Z,,,,+2.57400
260801_092447,0,2026-08-01T09:24:47Z,,,,+2.54800
260801_092502,0,2026-08-01T09:25:02Z,,,,+2.54400
260801_092517,0,2026-08-01T09:25:17Z,,,,+2.57100
260801_092532,0,2026-08-01T09:25:32Z,,,,+2.57700
260801_092547,0,2026-08-01T09:25:47Z,,,,+2.58300
260801_092602,0,2026-08-01T09:26:02Z,,,,+2.55900
260801_092617,0,2026-08-01T09:26:17Z,,,,+2.57100
260801_092632,0,2026-08-01T09:26:32Z,,,,+2.59700
260801_092647,0,2026-08-01T09:26:47Z,-2.55233,-2.55233,0.9676,+2.56700
260801_092702,0,2026-08-01T09:27:02Z,,,,+2.58900
260801_092717,0,2026-08-01T09:27:17Z,,,,+2.54700
260801_092732,0,2026-08-01T09:27:32Z,,,,+2.55600
260801_092747,0,2026-08-01T09:27:47Z,,,,+2.57000
260801_092802,0,2026-08-01T09:28:02Z,,,,+2.59700
260801_092817,0,2026-08-01T09:28:17Z,,,,+2.60600
260801_092832,0,2026-08-01T09:28:32Z,,,,+2.57100
260801_092847,0,2026-08-01T09:28:47Z,,,,+2.59700
260801_092902,0,2026-08-01T09:29:02Z,,,,+2.55800
260801_092917,0,2026-08-01T09:29:17Z,-2.55233,-2.55233,0.9896,+2.57100
260801_092932,0,2026-08-01T09:29:32Z,,,,+2.59500
260801_092947,0,2026-08-01T09:29:47Z,,,,+2.61600
260801_093002,0,2026-08-01T09:30:02Z,,,,+2.56800
260801_093017,0,2026-08-01T09:30:17Z,,,,+2.59300
260801_093032,0,2026-08-01T09:30:32Z,,,,+2.58500
260801_093047,0,2026-08-01T09:30:47Z,,,,+2.60800
260801_093102,0,2026-08-01T09:31:02Z,,,,+2.57200
260801_093117,0,2026-08-01T09:31:17Z,,,,+2.57100
260801_093132,0,2026-08-01T09:31:32Z,,,,+2.58900
260801_093147,0,2026-08-01T09:31:47Z,-2.55233,-2.55233,0.9834,+2.61600
260801_093202,0,2026-08-01T09:32:02Z,,,,+2.56900
260801_093217,0,2026-08-01T09:32:17Z,,,,+2.57400
260801_093232,0,2026-08-01T09:32:32Z,,,,+2.57500
260801_093247,0,2026-08-01T09:32:47Z,,,,+2.57300
260801_093302,0,2026-08-01T09:33:02Z,,,,+2.59600
260801_093317,0,2026-08-01T09:33:17Z,,,,+2.56700
260801_093332,0,2026-08-01T09:33:32Z,,,,+2.58400
260801_093347,0,2026-08-01T09:33:47Z,,,,+2.60900
260801_093402,0,2026-08-01T09:34:02Z,,,,+2.60900
260801_093417,0,2026-08-01T09:34:17Z,-2.59233,-2.59233,0.9802,+2.60900
260801_093432,0,2026-08-01T09:34:32Z,,,,+2.61700
260801_093447,0,2026-08-01T09:34:47Z,,,,+2.62400
260801_093502,0,2026-08-01T09:35:02Z,,,,+2.57400
260801_093517,0,2026-08-01T09:35:17Z,,,,+2.59500
260801_093532,0,2026-08-01T09:35:32Z,,,,+2.59500
260801_093547,0,2026-08-01T09:35:47Z,,,,+2.62000
260801_093602,0,2026-08-01T09:36:02Z,,,,+2.62900
260801_093617,0,2026-08-01T09:36:17Z,,,,+2.62000
260801_093632,0,2026-08-01T09:36:32Z,,,,+2.62800
260801_093647,0,2026-08-01T09:36:47Z,-2.59233,-2.59232,0.9788,+2.58600
260801_093702,0,2026-08-01T09:37:02Z,,,,+2.58500
260801_093717,0,2026-08-01T09:37:17Z,,,,+2.58500
260801_093732,0,2026-08-01T09:37:32Z,,,,+2.61600
260801_093747,0,2026-08-01T09:37:47Z,,,,+2.63600
260801_093802,0,2026-08-01T09:38:02Z,,,,+2.63400
260801_093817,0,2026-08-01T09:38:17Z,,,,+2.63800
260801_093832,0,2026-08-01T09:38:32Z,,,,+2.58100
260801_093847,0,2026-08-01T09:38:47Z,,,,+2.59400
260801_093902,0,2026-08-01T09:39:02Z,,,,+2.59500
260801_093917,0,2026-08-01T09:39:17Z,-2.59233,-2.59233,0.9745,+2.61000
260801_093932,0,2026-08-01T09:39:32Z,,,,+2.63200
260801_093947,0,2026-08-01T09:39:47Z,,,,+2.62400
260801_094002,0,2026-08-01T09:40:02Z,,,,+2.62900
260801_094017,0,2026-08-01T09:40:17Z,,,,+2.59300
260801_094032,0,2026-08-01T09:40:32Z,,,,+2.59800
260801_094047,0,2026-08-01T09:40:47Z,,,,+2.60800
260801_094102,0,2026-08-01T09:41:02Z,,,,+2.61800
260801_094117,0,2026-08-01T09:41:17Z,,,,+2.63300
260801_094132,0,2026-08-01T09:41:32Z,,,,+2.64300
260801_094147,0,2026-08-01T09:41:47Z,-2.59233,-2.59233,0.9843,+2.63600
260801_094202,0,2026-08-01T09:42:02Z,,,,+2.65200
260801_094217,0,2026-08-01T09:42:17Z,,,,+2.61900
260801_094232,0,2026-08-01T09:42:32Z,,,,+2.63100
260801_094247,0,2026-08-01T09:42:47Z,,,,+2.62900
260801_094302,0,2026-08-01T09:43:02Z,,,,+2.61900
260801_094317,0,2026-08-01T09:43:17Z,,,,+2.59800
260801_094332,0,2026-08-01T09:43:32Z,,,,+2.59800
260801_094347,0,2026-08-01T09:43:47Z,,,,+2.60700
260801_094402,0,2026-08-01T09:44:02Z,,,,+2.62300
260801_094417,0,2026-08-01T09:44:17Z,-2.59233,-2.59233,0.9888,+2.63000
260801_094432,0,2026-08-01T09:44:32Z,,,,+2.64300
260801_094447,0,2026-08-01T09:44:47Z,,,,+2.62100
260801_094502,0,2026-08-01T09:45:02Z,,,,+2.59900
260801_094517,0,2026-08-01T09:45:17Z,,,,+2.64400
260801_094532,0,2026-08-01T09:45:32Z,,,,+2.63100
260801_094547,0,2026-08-01T09:45:47Z,,,,+2.60900
260801_094602,0,2026-08-01T09:46:02Z,,,,+2.65200
260801_094617,0,2026-08-01T09:46:17Z,,,,+2.61700
260801_094632,0,2026-08-01T09:46:32Z,,,,+2.65200
260801_094647,0,2026-08-01T09:46:47Z,-2.63233,-2.63233,0.9801,+2.63800
260801_094702,0,2026-08-01T09:47:02Z,,,,+2.61700
260801_094717,0,2026-08-01T09:47:17Z,,,,+2.65400
260801_094732,0,2026-08-01T09:47:32Z,,,,+2.62800
260801_094747,0,2026-08-01T09:47:47Z,,,,+2.66900
260801_094802,0,2026-08-01T09:48:02Z,,,,+2.65100
260801_094817,0,2026-08-01T09:48:17Z,,,,+2.64600
260801_094832,0,2026-08-01T09:48:32Z,,,,+2.62400
260801_094847,0,2026-08-01T09:48:47Z,,,,+2.66900
260801_094902,0,2026-08-01T09:49:02Z,,,,+2.64900
260801_094917,0,2026-08-01T09:49:17Z,-2.63233,-2.63233,0.9858,+2.65000
260801_094932,0,2026-08-01T09:49:32Z,,,,+2.64800
260801_094947,0,2026-08-01T09:49:47Z,,,,+2.62100
260801_095002,0,2026-08-01T09:50:02Z,,,,+2.67100
260801_095017,0,2026-08-01T09:50:17Z,,,,+2.65100
260801_095032,0,2026-08-01T09:50:32Z,,,,+2.63900
260801_095047,0,2026-08-01T09:50:47Z,,,,+2.62900
260801_095102,0,2026-08-01T09:51:02Z,,,,+2.62100
260801_095117,0,2026-08-01T09:51:17Z,,,,+2.66200
260801_095132,0,2026-08-01T09:51:32Z,,,,+2.64400
260801_095147,0,2026-08-01T09:51:47Z,-2.63233,-2.63233,0.9850,+2.61900
260801_095202,0,2026-08-01T09:52:02Z,,,,+2.66600
260801_095217,0,2026-08-01T09:52:17Z,,,,+2.64200
260801_095232,0,2026-08-01T09:52:32Z,,,,+2.67900
260801_095247,0,2026-08-01T09:52:47Z,,,,+2.67600
260801_095302,0,2026-08-01T09:53:02Z,,,,+2.66300
260801_095317,0,2026-08-01T09:53:17Z,,,,+2.66800
260801_095332,0,2026-08-01T09:53:32Z,,,,+2.66700
260801_095347,0,2026-08-01T09:53:47Z,,,,+2.66300
260801_095402,0,2026-08-01T09:54:02Z,,,,+2.66200
260801_095417,0,2026-08-01T09:54:17Z,-2.63233,-2.63233,0.9984,+2.65900
260801_095432,0,2026-08-01T09:54:32Z,,,,+2.64800
260801_095447,0,2026-08-01T09:54:47Z,,,,+2.65000
260801_095502,0,2026-08-01T09:55:02Z,,,,+2.65400
260801_095517,0,2026-08-01T09:55:17Z,,,,+2.68900
260801_095532,0,2026-08-01T09:55:32Z,,,,+2.66600
260801_095547,0,2026-08-01T09:55:47Z,,,,+2.69000
260801_095602,0,2026-08-01T09:56:02Z,,,,+2.66200
260801_095617,0,2026-08-01T09:56:17Z,,,,+2.68800
260801_095632,0,2026-08-01T09:56:32Z,,,,+2.65300
260801_095647,0,2026-08-01T09:56:47Z,-2.63233,-2.63233,0.9841,+2.69200
260801_095702,0,2026-08-01T09:57:02Z,,,,+2.65700
260801_095717,0,2026-08-01T09:57:17Z,,,,+2.65200
260801_095732,0,2026-08-01T09:57:32Z,,,,+2.64400
260801_095747,0,2026-08-01T09:57:47Z,,,,+2.64200
260801_095802,0,2026-08-01T09:58:02Z,,,,+2.64400
260801_095817,0,2026-08-01T09:58:17Z,,,,+2.67500
260801_095832,0,2026-08-01T09:58:32Z,,,,+2.65500
260801_095847,0,2026-08-01T09:58:47Z,,,,+2.70000
260801_095902,0,2026-08-01T09:59:02Z,,,,+2.68400
260801_095917,0,2026-08-01T09:59:17Z,-2.64233,-2.64233,0.9923,+2.66700
260801_095932,0,2026-08-01T09:59:32Z,,,,+2.69800
260801_095947,0,2026-08-01T09:59:47Z,,,,+2.68800
260801_100002,0,2026-08-01T10:00:02Z,,,,+2.67500
260801_100017,0,2026-08-01T10:00:17Z,,,,+2.69600
260801_100032,0,2026-08-01T10:00:32Z,,,,+2.66200
260801_100047,0,2026-08-01T10:00:47Z,,,,+2.69000
260801_100102,0,2026-08-01T10:01:02Z,,,,+2.70700
260801_100117,0,2026-08-01T10:01:17Z,,,,+2.66900
260801_100132,0,2026-08-01T10:01:32Z,,,,+2.69200
260801_100147,0,2026-08-01T10:01:47Z,-2.64233,-2.64233,0.9859,+2.65600
260801_100202,0,2026-08-01T10:02:02Z,,,,+2.66100
260801_100217,0,2026-08-01T10:02:17Z,,,,+2.68000
260801_100232,0,2026-08-01T10:02:32Z,,,,+2.70600
260801_100247,0,2026-08-01T10:02:47Z,,,,+2.68800
260801_100302,0,2026-08-01T10:03:02Z,,,,+2.67000
260801_100317,0,2026-08-01T10:03:17Z,,,,+2.70000
260801_100332,0,2026-08-01T10:03:32Z,,,,+2.67000
260801_100347,0,2026-08-01T10:03:47Z,,,,+2.71000
260801_100402,0,2026-08-01T10:04:02Z,,,,+2.69700
260801_100417,0,2026-08-01T10:04:17Z,-2.68233,-2.68233,0.9699,+2.68600
260801_100432,0,2026-08-01T10:04:32Z,,,,+2.67300
260801_100447,0,2026-08-01T10:04:47Z,,,,+2.67100
260801_100502,0,2026-08-01T10:05:02Z,,,,+2.69900
260801_100517,0,2026-08-01T10:05:17Z,,,,+2.68000
260801_100532,0,2026-08-01T10:05:32Z,,,,+2.66400
260801_100547,0,2026-08-01T10:05:47Z,,,,+2.69600
260801_100602,0,2026-08-01T10:06:02Z,,,,+2.68000
260801_100617,0,2026-08-01T10:06:17Z,,,,+2.67300
260801_100632,0,2026-08-01T10:06:32Z,,,,+2.71900
260801_100647,0,2026-08-01T10:06:47Z,-2.68233,-2.68233,0.9837,+2.69700
260801_100702,0,2026-08-01T10:07:02Z,,,,+2.67800
260801_100717,0,2026-08-01T10:07:17Z,,,,+2.70200
260801_100732,0,2026-08-01T10:07:32Z,,,,+2.70400
260801_100747,0,2026-08-01T10:07:47Z,,,,+2.69000
260801_100802,0,2026-08-01T10:08:02Z,,,,+2.66700
260801_100817,0,2026-08-01T10:08:17Z,,,,+2.69800
260801_100832,0,2026-08-01T10:08:32Z,,,,+2.69600
260801_100847,0,2026-08-01T10:08:47Z,,,,+2.68900
260801_100902,0,2026-08-01T10:09:02Z,,,,+2.67900
260801_100917,0,2026-08-01T10:09:17Z,-2.68233,-2.68233,0.9711,+2.68100
260801_100932,0,2026-08-01T10:09:32Z,,,,+2.71700
260801_100947,0,2026-08-01T10:09:47Z,,,,+2.70200
260801_101002,0,2026-08-01T10:10:02Z,,,,+2.68400
260801_101017,0,2026-08-01T10:10:17Z,,,,+2.67600
260801_101032,0,2026-08-01T10:10:32Z,,,,+2.72200
260801_101047,0,2026-08-01T10:10:47Z,,,,+2.69900
260801_101102,0,2026-08-01T10:11:02Z,,,,+2.67800
260801_101117,0,2026-08-01T10:11:17Z,,,,+2.72500
260801_101132,0,2026-08-01T10:11:32Z,,,,+2.71300
260801_101147,0,2026-08-01T10:11:47Z,-2.68233,-2.68233,0.9888,+2.70800
260801_101202,0,2026-08-01T10:12:02Z,,,,+2.69500
260801_101217,0,2026-08-01T10:12:17Z,,,,+2.73700
260801_101232,0,2026-08-01T10:12:32Z,,,,+2.72000
260801_101247,0,2026-08-01T10:12:47Z,,,,+2.72200
260801_101302,0,2026-08-01T10:13:02Z,,,,+2.70400
260801_101317,0,2026-08-01T10:13:17Z,,,,+2.68100
260801_101332,0,2026-08-01T10:13:32Z,,,,+2.72800
260801_101347,0,2026-08-01T10:13:47Z,,,,+2.71600
260801_101402,0,2026-08-01T10:14:02Z,,,,+2.71500
260801_101417,0,2026-08-01T10:14:17Z,-2.68233,-2.68233,0.9833,+2.70700
260801_101432,0,2026-08-01T10:14:32Z,,,,+2.74100
260801_101447,0,2026-08-01T10:14:47Z,,,,+2.72400
260801_101502,0,2026-08-01T10:15:02Z,,,,+2.70700
260801_101517,0,2026-08-01T10:15:17Z,,,,+2.69500
260801_101532,0,2026-08-01T10:15:32Z,,,,+2.73800
260801_101547,0,2026-08-01T10:15:47Z,,,,+2.70600
260801_101602,0,2026-08-01T10:16:02Z,,,,+2.72600
260801_101617,0,2026-08-01T10:16:17Z,,,,+2.69000
260801_101632,0,2026-08-01T10:16:32Z,,,,+2.72800
260801_101647,0,2026-08-01T10:16:47Z,-2.68233,-2.68233,0.9825,+2.73900
260801_101702,0,2026-08-01T10:17:02Z,,,,+2.74700
260801_101717,0,2026-08-01T10:17:17Z,,,,+2.70600
260801_101732,0,2026-08-01T10:17:32Z,,,,+2.71100
260801_101747,0,2026-08-01T10:17:47Z,,,,+2.71600
260801_101802,0,2026-08-01T10:18:02Z,,,,+2.73600
260801_101817,0,2026-08-01T10:18:17Z,,,,+2.70000
260801_101832,0,2026-08-01T10:18:32Z,,,,+2.70600
260801_101847,0,2026-08-01T10:18:47Z,,,,+2.71000
260801_101902,0,2026-08-01T10:19:02Z,,,,+2.71900
260801_101917,0,2026-08-01T10:19:17Z,-2.72233,-2.72233,0.9777,+2.72000
260801_101932,0,2026-08-01T10:19:32Z,,,,+2.73200
260801_101947,0,2026-08-01T10:19:47Z,,,,+2.74600
260801_102002,0,2026-08-01T10:20:02Z,,,,+2.75200
260801_102017,0,2026-08-01T10:20:17Z,,,,+2.70700
260801_102032,0,2026-08-01T10:20:32Z,,,,+2.71900
260801_102047,0,2026-08-01T10:20:47Z,,,,+2.73200
260801_102102,0,2026-08-01T10:21:02Z,,,,+2.74100
260801_102117,0,2026-08-01T10:21:17Z,,,,+2.75300
260801_102132,0,2026-08-01T10:21:32Z,,,,+2.70800
260801_102147,0,2026-08-01T10:21:47Z,-2.72233,-2.72233,0.9860,+2.73800
260801_102202,0,2026-08-01T10:22:02Z,,,,+2.74300
260801_102217,0,2026-08-01T10:22:17Z,,,,+2.76000
260801_102232,0,2026-08-01T10:22:32Z,,,,+2.71400
260801_102247,0,2026-08-01T10:22:47Z,,,,+2.75400
260801_102302,0,2026-08-01T10:23:02Z,,,,+2.71100
260801_102317,0,2026-08-01T10:23:17Z,,,,+2.73200
260801_102332,0,2026-08-01T10:23:32Z,,,,+2.72600
260801_102347,0,2026-08-01T10:23:47Z,,,,+2.72700
260801_102402,0,2026-08-01T10:24:02Z,,,,+2.71600
260801_102417,0,2026-08-01T10:24:17Z,-2.72233,-2.72233,0.9855,+2.76200
260801_102432,0,2026-08-01T10:24:32Z,,,,+2.77200
260801_102447,0,2026-08-01T10:24:47Z,,,,+2.76100
260801_102502,0,2026-08-01T10:25:02Z,,,,+2.72000
260801_102517,0,2026-08-01T10:25:17Z,,,,+2.76200
260801_102532,0,2026-08-01T10:25:32Z,,,,+2.72000
260801_102547,0,2026-08-01T10:25:47Z,,,,+2.72000
260801_102602,0,2026-08-01T10:26:02Z,,,,+2.75200
260801_102617,0,2026-08-01T10:26:17Z,,,,+2.75900
260801_102632,0,2026-08-01T10:26:32Z,,,,+2.74700
260801_102647,0,2026-08-01T10:26:47Z,-2.72233,-2.72232,0.9685,+2.75500
260801_102702,0,2026-08-01T10:27:02Z,,,,+2.76600
260801_102717,0,2026-08-01T10:27:17Z,,,,+2.75400
260801_102732,0,2026-08-01T10:27:32Z,,,,+2.75700
260801_102747,0,2026-08-01T10:27:47Z,,,,+2.76600
260801_102802,0,2026-08-01T10:28:02Z,,,,+2.72200
260801_102817,0,2026-08-01T10:28:17Z,,,,+2.74600
260801_102832,0,2026-08-01T10:28:32Z,,,,+2.76500
260801_102847,0,2026-08-01T10:28:47Z,,,,+2.76400
260801_102902,0,2026-08-01T10:29:02Z,,,,+2.77100
260801_102917,0,2026-08-01T10:29:17Z,-2.72233,-2.72233,0.9897,+2.77300
260801_102932,0,2026-08-01T10:29:32Z,,,,+2.76800
260801_102947,0,2026-08-01T10:29:47Z,,,,+2.72900
260801_103002,0,2026-08-01T10:30:02Z,,,,+2.73400
260801_103017,0,2026-08-01T10:30:17Z,,,,+2.74100
260801_103032,0,2026-08-01T10:30:32Z,,,,+2.74800
260801_103047,0,2026-08-01T10:30:47Z,,,,+2.77400
260801_103102,0,2026-08-01T10:31:02Z,,,,+2.73300
260801_103117,0,2026-08-01T10:31:17Z,,,,+2.74400
260801_103132,0,2026-08-01T10:31:32Z,,,,+2.78900
260801_103147,0,2026-08-01T10:31:47Z,-2.76233,-2.76232,0.9764,+2.74000
260801_103202,0,2026-08-01T10:32:02Z,,,,+2.76900
260801_103217,0,2026-08-01T10:32:17Z,,,,+2.73300
260801_103232,0,2026-08-01T10:32:32Z,,,,+2.76600
260801_103247,0,2026-08-01T10:32:47Z,,,,+2.78900
260801_103302,0,2026-08-01T10:33:02Z,,,,+2.74400
260801_103317,0,2026-08-01T10:33:17Z,,,,+2.75600
260801_103332,0,2026-08-01T10:33:32Z,,,,+2.78800
260801_103347,0,2026-08-01T10:33:47Z,,,,+2.74900
260801_103402,0,2026-08-01T10:34:02Z,,,,+2.75700
260801_103417,0,2026-08-01T10:34:17Z,-2.76233,-2.76232,0.9706,+2.79000
260801_103432,0,2026-08-01T10:34:32Z,,,,+2.73900
260801_103447,0,2026-08-01T10:34:47Z,,,,+2.76800
260801_103502,0,2026-08-01T10:35:02Z,,,,+2.79600
260801_103517,0,2026-08-01T10:35:17Z,,,,+2.77900
260801_103532,0,2026-08-01T10:35:32Z,,,,+2.79400
260801_103547,0,2026-08-01T10:35:47Z,,,,+2.74500
260801_103602,0,2026-08-01T10:36:02Z,,,,+2.75000
260801_103617,0,2026-08-01T10:36:17Z,,,,+2.80200
260801_103632,0,2026-08-01T10:36:32Z,,,,+2.79600
260801_103647,0,2026-08-01T10:36:47Z,-2.76233,-2.76232,0.9726,+2.79200
260801_103702,0,2026-08-01T10:37:02Z,,,,+2.78900
260801_103717,0,2026-08-01T10:37:17Z,,,,+2.78900
260801_103732,0,2026-08-01T10:37:32Z,,,,+2.78500
260801_103747,0,2026-08-01T10:37:47Z,,,,+2.77400
260801_103802,0,2026-08-01T10:38:02Z,,,,+2.77600
260801_103817,0,2026-08-01T10:38:17Z,,,,+2.79900
260801_103832,0,2026-08-01T10:38:32Z,,,,+2.78600
260801_103847,0,2026-08-01T10:38:47Z,,,,+2.78100
260801_103902,0,2026-08-01T10:39:02Z,,,,+2.75900
260801_103917,0,2026-08-01T10:39:17Z,-2.76233,-2.76232,0.9744,+2.81100
260801_103932,0,2026-08-01T10:39:32Z,,,,+2.76400
260801_103947,0,2026-08-01T10:39:47Z,,,,+2.80200
260801_104002,0,2026-08-01T10:40:02Z,,,,+2.78500
260801_104017,0,2026-08-01T10:40:17Z,,,,+2.76900
260801_104032,0,2026-08-01T10:40:32Z,,,,+2.80300
260801_104047,0,2026-08-01T10:40:47Z,,,,+2.79200
260801_104102,0,2026-08-01T10:41:02Z,,,,+2.76700
260801_104117,0,2026-08-01T10:41:17Z,,,,+2.76000
260801_104132,0,2026-08-01T10:41:32Z,,,,+2.81200
260801_104147,0,2026-08-01T10:41:47Z,-2.76233,-2.76232,0.9780,+2.80200
260801_104202,0,2026-08-01T10:42:02Z,,,,+2.77000
260801_104217,0,2026-08-01T10:42:17Z,,,,+2.76800
260801_104232,0,2026-08-01T10:42:32Z,,,,+2.76300
260801_104247,0,2026-08-01T10:42:47Z,,,,+2.82200
260801_104302,0,2026-08-01T10:43:02Z,,,,+2.80300
260801_104317,0,2026-08-01T10:43:17Z,,,,+2.79500
260801_104332,0,2026-08-01T10:43:32Z,,,,+2.77400
260801_104347,0,2026-08-01T10:43:47Z,,,,+2.76800
260801_104402,0,2026-08-01T10:44:02Z,,,,+2.80800
260801_104417,0,2026-08-01T10:44:17Z,-2.76233,-2.76232,0.9739,+2.79100
260801_104432,0,2026-08-01T10:44:32Z,,,,+2.81300
260801_104447,0,2026-08-01T10:44:47Z,,,,+2.77000
260801_104502,0,2026-08-01T10:45:02Z,,,,+2.79700
260801_104517,0,2026-08-01T10:45:17Z,,,,+2.83100
260801_104532,0,2026-08-01T10:45:32Z,,,,+2.77800
260801_104547,0,2026-08-01T10:45:47Z,,,,+2.80200
260801_104602,0,2026-08-01T10:46:02Z,,,,+2.78500
260801_104617,0,2026-08-01T10:46:17Z,,,,+2.78600
260801_104632,0,2026-08-01T10:46:32Z,,,,+2.81300
260801_104647,0,2026-08-01T10:46:47Z,-2.80233,-2.80233,0.9891,+2.80500
260801_104702,0,2026-08-01T10:47:02Z,,,,+2.78400
260801_104717,0,2026-08-01T10:47:17Z,,,,+2.83400
260801_104732,0,2026-08-01T10:47:32Z,,,,+2.82900
260801_104747,0,2026-08-01T10:47:47Z,,,,+2.83600
260801_104802,0,2026-08-01T10:48:02Z,,,,+2.81900
260801_104817,0,2026-08-01T10:48:17Z,,,,+2.80600
260801_104832,0,2026-08-01T10:48:32Z,,,,+2.80000
260801_104847,0,2026-08-01T10:48:47Z,,,,+2.80100
260801_104902,0,2026-08-01T10:49:02Z,,,,+2.79500
260801_104917,0,2026-08-01T10:49:17Z,-2.80233,-2.80233,0.9908,+2.79400
260801_104932,0,2026-08-01T10:49:32Z,,,,+2.78900
260801_104947,0,2026-08-01T10:49:47Z,,,,+2.79400
260801_105002,0,2026-08-01T10:50:02Z,,,,+2.80200
260801_105017,0,2026-08-01T10:50:17Z,,,,+2.80900
260801_105032,0,2026-08-01T10:50:32Z,,,,+2.80700
260801_105047,0,2026-08-01T10:50:47Z,,,,+2.80600
260801_105102,0,2026-08-01T10:51:02Z,,,,+2.80900
260801_105117,0,2026-08-01T10:51:17Z,,,,+2.80900
260801_105132,0,2026-08-01T10:51:32Z,,,,+2.84500
260801_105147,0,2026-08-01T10:51:47Z,-2.80233,-2.80233,0.9785,+2.80500
260801_105202,0,2026-08-01T10:52:02Z,,,,+2.84300
260801_105217,0,2026-08-01T10:52:17Z,,,,+2.83400
260801_105232,0,2026-08-01T10:52:32Z,,,,+2.80200
260801_105247,0,2026-08-01T10:52:47Z,,,,+2.84400
260801_105302,0,2026-08-01T10:53:02Z,,,,+2.82400
260801_105317,0,2026-08-01T10:53:17Z,,,,+2.79900
260801_105332,0,2026-08-01T10:53:32Z,,,,+2.82700
260801_105347,0,2026-08-01T10:53:47Z,,,,+2.79700
260801_105402,0,2026-08-01T10:54:02Z,,,,+2.84200
260801_105417,0,2026-08-01T10:54:17Z,-2.80233,-2.80233,0.9717,+2.82500
260801_105432,0,2026-08-01T10:54:32Z,,,,+2.81100
260801_105447,0,2026-08-01T10:54:47Z,,,,+2.81500
260801_105502,0,2026-08-01T10:55:02Z,,,,+2.80600
260801_105517,0,2026-08-01T10:55:17Z,,,,+2.84400
260801_105532,0,2026-08-01T10:55:32Z,,,,+2.80700
260801_105547,0,2026-08-01T10:55:47Z,,,,+2.80700
260801_105602,0,2026-08-01T10:56:02Z,,,,+2.83500
260801_105617,0,2026-08-01T10:56:17Z,,,,+2.81100
260801_105632,0,2026-08-01T10:56:32Z,,,,+2.84300
260801_105700,0,2026-08-01T10:57:00Z,-0.19233,-0.19233,0.8450,+0.00000
260801_105715,1,2026-08-01T10:57:15Z,,,,+0.20600
260801_105730,1,2026-08-01T10:57:30Z,,,,+0.22800
260801_105745,1,2026-08-01T10:57:45Z,,,,+0.19700
260801_105800,1,2026-08-01T10:58:00Z,,,,+0.21900
260801_105815,1,2026-08-01T10:58:15Z,,,,+0.25200
260801_105830,1,2026-08-01T10:58:30Z,,,,+0.22900
260801_105845,1,2026-08-01T10:58:45Z,,,,+0.20600
260801_105900,1,2026-08-01T10:59:00Z,,,,+0.20000
260801_105915,1,2026-08-01T10:59:15Z,,,,+0.24100
260801_105930,1,2026-08-01T10:59:30Z,-0.23233,-0.23233,0.9911,+0.22900
260801_105945,1,2026-08-01T10:59:45Z,,,,+0.20500
260801_110000,1,2026-08-01T11:00:00Z,,,,+0.23800
260801_110015,1,2026-08-01T11:00:15Z,,,,+0.21000
260801_110030,1,2026-08-01T11:00:30Z,,,,+0.23400
260801_110045,1,2026-08-01T11:00:45Z,,,,+0.26500
260801_110100,1,2026-08-01T11:01:00Z,,,,+0.23800
260801_110115,1,2026-08-01T11:01:15Z,,,,+0.22500
260801_110130,1,2026-08-01T11:01:30Z,,,,+0.20600
260801_110145,1,2026-08-01T11:01:45Z,,,,+0.25100
260801_110200,1,2026-08-01T11:02:00Z,-0.23233,-0.23233,0.9864,+0.22700
260801_110215,1,2026-08-01T11:02:15Z,,,,+0.25900
260801_110230,1,2026-08-01T11:02:30Z,,,,+0.24700
260801_110245,1,2026-08-01T11:02:45Z,,,,+0.23200
260801_110300,1,2026-08-01T11:03:00Z,,,,+0.21800
260801_110315,1,2026-08-01T11:03:15Z,,,,+0.21700
260801_110330,1,2026-08-01T11:03:30Z,,,,+0.22500
260801_110345,1,2026-08-01T11:03:45Z,,,,+0.26600
260801_110400,1,2026-08-01T11:04:00Z,,,,+0.26900
260801_110415,1,2026-08-01T11:04:15Z,,,,+0.25100
260801_110430,1,2026-08-01T11:04:30Z,-0.23233,-0.23233,0.9883,+0.25900
260801_110445,1,2026-08-01T11:04:45Z,,,,+0.25800
260801_110500,1,2026-08-01T11:05:00Z,,,,+0.26300
260801_110515,1,2026-08-01T11:05:15Z,,,,+0.27100
260801_110530,1,2026-08-01T11:05:30Z,,,,+0.26500
260801_110545,1,2026-08-01T11:05:45Z,,,,+0.25700
260801_110600,1,2026-08-01T11:06:00Z,,,,+0.26500
260801_110615,1,2026-08-01T11:06:15Z,,,,+0.25700
260801_110630,1,2026-08-01T11:06:30Z,,,,+0.26400
260801_110645,1,2026-08-01T11:06:45Z,,,,+0.27000
260801_110700,1,2026-08-01T11:07:00Z,-0.23233,-0.23233,0.9870,+0.27500
260801_110715,1,2026-08-01T11:07:15Z,,,,+0.25800
260801_110730,1,2026-08-01T11:07:30Z,,,,+0.28200
260801_110745,1,2026-08-01T11:07:45Z,,,,+0.25400
260801_110800,1,2026-08-01T11:08:00Z,,,,+0.22800
260801_110815,1,2026-08-01T11:08:15Z,,,,+0.26800
260801_110830,1,2026-08-01T11:08:30Z,,,,+0.25700
260801_110845,1,2026-08-01T11:08:45Z,,,,+0.23800
260801_110900,1,2026-08-01T11:09:00Z,,,,+0.23100
260801_110915,1,2026-08-01T11:09:15Z,,,,+0.28300
260801_110930,1,2026-08-01T11:09:30Z,-0.23233,-0.23233,0.9927,+0.27500
260801_110945,1,2026-08-01T11:09:45Z,,,,+0.24300
260801_111000,1,2026-08-01T11:10:00Z,,,,+0.23900
260801_111015,1,2026-08-01T11:10:15Z,,,,+0.23600
260801_111030,1,2026-08-01T11:10:30Z,,,,+0.26100
260801_111045,1,2026-08-01T11:10:45Z,,,,+0.26600
260801_111100,1,2026-08-01T11:11:00Z,,,,+0.27400
260801_111115,1,2026-08-01T11:11:15Z,,,,+0.28700
260801_111130,1,2026-08-01T11:11:30Z,,,,+0.28800
260801_111145,1,2026-08-01T11:11:45Z,,,,+0.28400
260801_111200,1,2026-08-01T11:12:00Z,-0.23233,-0.23233,0.9970,+0.29600
260801_111215,1,2026-08-01T11:12:15Z,,,,+0.29100
260801_111230,1,2026-08-01T11:12:30Z,,,,+0.27400
260801_111245,1,2026-08-01T11:12:45Z,,,,+0.25400
260801_111300,1,2026-08-01T11:13:00Z,,,,+0.29700
260801_111315,1,2026-08-01T11:13:15Z,,,,+0.28400
260801_111330,1,2026-08-01T11:13:30Z,,,,+0.26800
260801_111345,1,2026-08-01T11:13:45Z,,,,+0.24600
260801_111400,1,2026-08-01T11:14:00Z,,,,+0.27200
260801_111415,1,2026-08-01T11:14:15Z,,,,+0.30400
260801_111430,1,2026-08-01T11:14:30Z,-0.27233,-0.27233,0.9780,+0.29100
260801_111445,1,2026-08-01T11:14:45Z,,,,+0.28300
260801_111500,1,2026-08-01T11:15:00Z,,,,+0.28000
260801_111515,1,2026-08-01T11:15:15Z,,,,+0.24700
260801_111530,1,2026-08-01T11:15:30Z,,,,+0.28900
260801_111545,1,2026-08-01T11:15:45Z,,,,+0.27000
260801_111600,1,2026-08-01T11:16:00Z,,,,+0.25400
260801_111615,1,2026-08-01T11:16:15Z,,,,+0.28100
260801_111630,1,2026-08-01T11:16:30Z,,,,+0.25200
260801_111645,1,2026-08-01T11:16:45Z,,,,+0.30400
260801_111700,1,2026-08-01T11:17:00Z,-0.27233,-0.27233,0.9771,+0.29400
260801_111715,1,2026-08-01T11:17:15Z,,,,+0.29300
260801_111730,1,2026-08-01T11:17:30Z,,,,+0.27200
260801_111745,1,2026-08-01T11:17:45Z,,,,+0.26300
260801_111800,1,2026-08-01T11:18:00Z,,,,+0.29100
260801_111815,1,2026-08-01T11:18:15Z,,,,+0.26700
260801_111830,1,2026-08-01T11:18:30Z,,,,+0.29800
260801_111845,1,2026-08-01T11:18:45Z,,,,+0.25800
260801_111900,1,2026-08-01T11:19:00Z,,,,+0.30100
260801_111915,1,2026-08-01T11:19:15Z,,,,+0.26300
260801_111930,1,2026-08-01T11:19:30Z,-0.27233,-0.27233,0.9878,+0.30800
260801_111945,1,2026-08-01T11:19:45Z,,,,+0.30700
260801_112000,1,2026-08-01T11:20:00Z,,,,+0.29800
260801_112015,1,2026-08-01T11:20:15Z,,,,+0.28900
260801_112030,1,2026-08-01T11:20:30Z,,,,+0.26800
260801_112045,1,2026-08-01T11:20:45Z,,,,+0.30000
260801_112100,1,2026-08-01T11:21:00Z,,,,+0.29200
260801_112115,1,2026-08-01T11:21:15Z,,,,+0.27400
260801_112130,1,2026-08-01T11:21:30Z,,,,+0.32100
260801_112145,1,2026-08-01T11:21:45Z,,,,+0.31200
260801_112200,1,2026-08-01T11:22:00Z,-0.27233,-0.27233,0.9961,+0.31400
260801_112215,1,2026-08-01T11:22:15Z,,,,+0.29900
260801_112230,1,2026-08-01T11:22:30Z,,,,+0.28300
260801_112245,1,2026-08-01T11:22:45Z,,,,+0.29200
260801_112300,1,2026-08-01T11:23:00Z,,,,+0.27500
260801_112315,1,2026-08-01T11:23:15Z,,,,+0.28000
260801_112330,1,2026-08-01T11:23:30Z,,,,+0.28100
260801_112345,1,2026-08-01T11:23:45Z,,,,+0.30000
260801_112400,1,2026-08-01T11:24:00Z,,,,+0.32400
260801_112415,1,2026-08-01T11:24:15Z,,,,+0.31800
260801_112430,1,2026-08-01T11:24:30Z,-0.27233,-0.27233,0.9966,+0.30200
260801_112445,1,2026-08-01T11:24:45Z,,,,+0.29500
260801_112500,1,2026-08-01T11:25:00Z,,,,+0.28500
260801_112515,1,2026-08-01T11:25:15Z,,,,+0.33300
260801_112530,1,2026-08-01T11:25:30Z,,,,+0.32100
260801_112545,1,2026-08-01T11:25:45Z,,,,+0.29800
260801_112600,1,2026-08-01T11:26:00Z,,,,+0.29600
260801_112615,1,2026-08-01T11:26:15Z,,,,+0.28500
260801_112630,1,2026-08-01T11:26:30Z,,,,+0.33100
260801_112645,1,2026-08-01T11:26:45Z,,,,+0.32500
260801_112700,1,2026-08-01T11:27:00Z,-0.27233,-0.27233,0.9842,+0.29600
260801_112715,1,2026-08-01T11:27:15Z,,,,+0.32800
260801_112730,1,2026-08-01T11:27:30Z,,,,+0.30900
260801_112745,1,2026-08-01T11:27:45Z,,,,+0.29600
260801_112800,1,2026-08-01T11:28:00Z,,,,+0.29700
260801_112815,1,2026-08-01T11:28:15Z,,,,+0.30500
260801_112830,1,2026-08-01T11:28:30Z,,,,+0.33500
260801_112845,1,2026-08-01T11:28:45Z,,,,+0.31900
260801_112900,1,2026-08-01T11:29:00Z,,,,+0.31700
260801_112915,1,2026-08-01T11:29:15Z,,,,+0.29500
260801_112930,1,2026-08-01T11:29:30Z,-0.31233,-0.31233,0.9961,+0.28500
260801_112945,1,2026-08-01T11:29:45Z,,,,+0.29400
260801_113000,1,2026-08-01T11:30:00Z,,,,+0.30800
260801_113015,1,2026-08-01T11:30:15Z,,,,+0.29100
260801_113030,1,2026-08-01T11:30:30Z,,,,+0.30300
260801_113045,1,2026-08-01T11:30:45Z,,,,+0.34600
260801_113100,1,2026-08-01T11:31:00Z,,,,+0.34600
260801_113115,1,2026-08-01T11:31:15Z,,,,+0.31200
260801_113130,1,2026-08-01T11:31:30Z,,,,+0.33600
260801_113145,1,2026-08-01T11:31:45Z,,,,+0.31300
260801_113200,1,2026-08-01T11:32:00Z,-0.31233,-0.31233,0.9932,+0.30000
260801_113215,1,2026-08-01T11:32:15Z,,,,+0.30500
260801_113230,1,2026-08-01T11:32:30Z,,,,+0.35100
260801_113245,1,2026-08-01T11:32:45Z,,,,+0.32300
260801_113300,1,2026-08-01T11:33:00Z,,,,+0.35500
260801_113315,1,2026-08-01T11:33:15Z,,,,+0.29700
260801_113330,1,2026-08-01T11:33:30Z,,,,+0.35200
260801_113345,1,2026-08-01T11:33:45Z,,,,+0.33300
260801_113400,1,2026-08-01T11:34:00Z,,,,+0.35100
260801_113415,1,2026-08-01T11:34:15Z,,,,+0.31800
260801_113430,1,2026-08-01T11:34:30Z,-0.31233,-0.31233,0.9965,+0.34100
260801_113445,1,2026-08-01T11:34:45Z,,,,+0.32100
260801_113500,1,2026-08-01T11:35:00Z,,,,+0.35100
260801_113515,1,2026-08-01T11:35:15Z,,,,+0.34600
260801_113530,1,2026-08-01T11:35:30Z,,,,+0.31800
260801_113545,1,2026-08-01T11:35:45Z,,,,+0.31200
260801_113600,1,2026-08-01T11:36:00Z,,,,+0.35800
260801_113615,1,2026-08-01T11:36:15Z,,,,+0.34700
260801_113630,1,2026-08-01T11:36:30Z,,,,+0.33000
260801_113645,1,2026-08-01T11:36:45Z,,,,+0.31300
260801_113700,1,2026-08-01T11:37:00Z,-0.31233,-0.31233,0.9871,+0.31000
260801_113715,1,2026-08-01T11:37:15Z,,,,+0.33700
260801_113730,1,2026-08-01T11:37:30Z,,,,+0.30800
260801_113745,1,2026-08-01T11:37:45Z,,,,+0.30800
260801_113800,1,2026-08-01T11:38:00Z,,,,+0.32100
260801_113815,1,2026-08-01T11:38:15Z,,,,+0.31900
260801_113830,1,2026-08-01T11:38:30Z,,,,+0.31200
260801_113845,1,2026-08-01T11:38:45Z,,,,+0.34700
260801_113900,1,2026-08-01T11:39:00Z,,,,+0.37200
260801_113915,1,2026-08-01T11:39:15Z,,,,+0.34600
260801_113930,1,2026-08-01T11:39:30Z,-0.31233,-0.31233,0.9966,+0.34400
260801_113945,1,2026-08-01T11:39:45Z,,,,+0.34400
260801_114000,1,2026-08-01T11:40:00Z,,,,+0.33700
260801_114015,1,2026-08-01T11:40:15Z,,,,+0.34400
260801_114030,1,2026-08-01T11:40:30Z,,,,+0.37200
260801_114045,1,2026-08-01T11:40:45Z,,,,+0.35200
260801_114100,1,2026-08-01T11:41:00Z,,,,+0.32600
260801_114115,1,2026-08-01T11:41:15Z,,,,+0.35700
260801_114130,1,2026-08-01T11:41:30Z,,,,+0.32100
260801_114145,1,2026-08-01T11:41:45Z,,,,+0.35700
260801_114200,1,2026-08-01T11:42:00Z,-0.31233,-0.31233,0.9973,+0.32000
260801_114215,1,2026-08-01T11:42:15Z,,,,+0.35000
260801_114230,1,2026-08-01T11:42:30Z,,,,+0.32200
260801_114245,1,2026-08-01T11:42:45Z,,,,+0.35600
260801_114300,1,2026-08-01T11:43:00Z,,,,+0.36300
260801_114315,1,2026-08-01T11:43:15Z,,,,+0.33600
260801_114330,1,2026-08-01T11:43:30Z,,,,+0.36300
260801_114345,1,2026-08-01T11:43:45Z,,,,+0.32600
260801_114400,1,2026-08-01T11:44:00Z,,,,+0.34700
260801_114415,1,2026-08-01T11:44:15Z,,,,+0.33600
260801_114430,1,2026-08-01T11:44:30Z,-0.35233,-0.35233,0.9957,+0.36600
260801_114445,1,2026-08-01T11:44:45Z,,,,+0.35100
260801_114500,1,2026-08-01T11:45:00Z,,,,+0.38400
260801_114515,1,2026-08-01T11:45:15Z,,,,+0.36400
260801_114530,1,2026-08-01T11:45:30Z,,,,+0.38900
260801_114545,1,2026-08-01T11:45:45Z,,,,+0.36500
260801_114600,1,2026-08-01T11:46:00Z,,,,+0.33900
260801_114615,1,2026-08-01T11:46:15Z,,,,+0.36600
260801_114630,1,2026-08-01T11:46:30Z,,,,+0.34900
260801_114645,1,2026-08-01T11:46:45Z,,,,+0.35800
260801_114700,1,2026-08-01T11:47:00Z,-0.35233,-0.35233,0.9943,+0.34900
260801_114715,1,2026-08-01T11:47:15Z,,,,+0.34700
260801_114730,1,2026-08-01T11:47:30Z,,,,+0.37200
260801_114745,1,2026-08-01T11:47:45Z,,,,+0.35200
260801_114800,1,2026-08-01T11:48:00Z,,,,+0.38200
260801_114815,1,2026-08-01T11:48:15Z,,,,+0.37100
260801_114830,1,2026-08-01T11:48:30Z,,,,+0.34600
260801_114845,1,2026-08-01T11:48:45Z,,,,+0.35200
260801_114900,1,2026-08-01T11:49:00Z,,,,+0.39400
260801_114915,1,2026-08-01T11:49:15Z,,,,+0.34600
260801_114930,1,2026-08-01T11:49:30Z,-0.35233,-0.35233,0.9823,+0.35500
260801_114945,1,2026-08-01T11:49:45Z,,,,+0.38500
260801_115000,1,2026-08-01T11:50:00Z,,,,+0.34800
260801_115015,1,2026-08-01T11:50:15Z,,,,+0.37100
260801_115030,1,2026-08-01T11:50:30Z,,,,+0.39700
260801_115045,1,2026-08-01T11:50:45Z,,,,+0.37300
260801_115100,1,2026-08-01T11:51:00Z,,,,+0.40200
260801_115115,1,2026-08-01T11:51:15Z,,,,+0.35000
260801_115130,1,2026-08-01T11:51:30Z,,,,+0.37900
260801_115145,1,2026-08-01T11:51:45Z,,,,+0.37300
260801_115200,1,2026-08-01T11:52:00Z,-0.35233,-0.35233,0.9862,+0.39200
260801_115215,1,2026-08-01T11:52:15Z,,,,+0.40900
260801_115230,1,2026-08-01T11:52:30Z,,,,+0.37700
260801_115245,1,2026-08-01T11:52:45Z,,,,+0.36300
260801_115300,1,2026-08-01T11:53:00Z,,,,+0.41100
260801_115315,1,2026-08-01T11:53:15Z,,,,+0.37700
260801_115330,1,2026-08-01T11:53:30Z,,,,+0.40700
260801_115345,1,2026-08-01T11:53:45Z,,,,+0.36300
260801_115400,1,2026-08-01T11:54:00Z,,,,+0.38700
260801_115415,1,2026-08-01T11:54:15Z,,,,+0.37900
260801_115430,1,2026-08-01T11:54:30Z,-0.35233,-0.35233,0.9910,+0.38700
260801_115445,1,2026-08-01T11:54:45Z,,,,+0.38500
260801_115500,1,2026-08-01T11:55:00Z,,,,+0.36300
260801_115515,1,2026-08-01T11:55:15Z,,,,+0.36000
260801_115530,1,2026-08-01T11:55:30Z,,,,+0.39900
260801_115545,1,2026-08-01T11:55:45Z,,,,+0.39100
260801_115600,1,2026-08-01T11:56:00Z,,,,+0.41900
260801_115615,1,2026-08-01T11:56:15Z,,,,+0.40900
260801_115630,1,2026-08-01T11:56:30Z,,,,+0.40000
260801_115645,1,2026-08-01T11:56:45Z,,,,+0.39700
260801_115700,1,2026-08-01T11:57:00Z,-0.39233,-0.39233,0.9872,+0.42200
260801_115715,1,2026-08-01T11:57:15Z,,,,+0.36300
260801_115730,1,2026-08-01T11:57:30Z,,,,+0.39500
260801_115745,1,2026-08-01T11:57:45Z,,,,+0.39300
260801_115800,1,2026-08-01T11:58:00Z,,,,+0.39900
260801_115815,1,2026-08-01T11:58:15Z,,,,+0.38500
260801_115830,1,2026-08-01T11:58:30Z,,,,+0.38500
260801_115845,1,2026-08-01T11:58:45Z,,,,+0.39300
260801_115900,1,2026-08-01T11:59:00Z,,,,+0.41700
260801_115915,1,2026-08-01T11:59:15Z,,,,+0.37600
260801_115930,1,2026-08-01T11:59:30Z,-0.39233,-0.39233,0.9869,+0.40600
260801_115945,1,2026-08-01T11:59:45Z,,,,+0.38400
260801_120000,1,2026-08-01T12:00:00Z,,,,+0.41500
260801_120015,1,2026-08-01T12:00:15Z,,,,+0.37500
260801_120030,1,2026-08-01T12:00:30Z,,,,+0.38400
260801_120045,1,2026-08-01T12:00:45Z,,,,+0.37700
260801_120100,1,2026-08-01T12:01:00Z,,,,+0.37500
260801_120115,1,2026-08-01T12:01:15Z,,,,+0.42800
260801_120130,1,2026-08-01T12:01:30Z,,,,+0.42200
260801_120145,1,2026-08-01T12:01:45Z,,,,+0.43600
260801_120200,1,2026-08-01T12:02:00Z,-0.39233,-0.39233,0.9913,+0.37700
260801_120215,1,2026-08-01T12:02:15Z,,,,+0.38300
260801_120230,1,2026-08-01T12:02:30Z,,,,+0.38300
260801_120245,1,2026-08-01T12:02:45Z,,,,+0.42700
260801_120300,1,2026-08-01T12:03:00Z,,,,+0.42800
260801_120315,1,2026-08-01T12:03:15Z,,,,+0.43700
260801_120330,1,2026-08-01T12:03:30Z,,,,+0.43800
260801_120345,1,2026-08-01T12:03:45Z,,,,+0.39300
260801_120400,1,2026-08-01T12:04:00Z,,,,+0.40600
260801_120415,1,2026-08-01T12:04:15Z,,,,+0.41900
260801_120430,1,2026-08-01T12:04:30Z,-0.39233,-0.39233,0.9867,+0.43200
260801_120445,1,2026-08-01T12:04:45Z,,,,+0.43500
260801_120500,1,2026-08-01T12:05:00Z,,,,+0.43800
260801_120515,1,2026-08-01T12:05:15Z,,,,+0.42000
260801_120530,1,2026-08-01T12:05:30Z,,,,+0.42700
260801_120545,1,2026-08-01T12:05:45Z,,,,+0.41800
260801_120600,1,2026-08-01T12:06:00Z,,,,+0.40400
260801_120615,1,2026-08-01T12:06:15Z,,,,+0.44500
260801_120630,1,2026-08-01T12:06:30Z,,,,+0.43000
260801_120645,1,2026-08-01T12:06:45Z,,,,+0.42400
260801_120700,1,2026-08-01T12:07:00Z,-0.39233,-0.39233,0.9941,+0.42600
260801_120715,1,2026-08-01T12:07:15Z,,,,+0.42400
260801_120730,1,2026-08-01T12:07:30Z,,,,+0.40900
260801_120745,1,2026-08-01T12:07:45Z,,,,+0.39900
260801_120800,1,2026-08-01T12:08:00Z,,,,+0.42000
260801_120815,1,2026-08-01T12:08:15Z,,,,+0.41000
260801_120830,1,2026-08-01T12:08:30Z,,,,+0.42800
260801_120845,1,2026-08-01T12:08:45Z,,,,+0.41300
260801_120900,1,2026-08-01T12:09:00Z,,,,+0.40000
260801_120915,1,2026-08-01T12:09:15Z,,,,+0.44600
260801_120930,1,2026-08-01T12:09:30Z,-0.39233,-0.39232,0.9868,+0.43800
260801_120945,1,2026-08-01T12:09:45Z,,,,+0.45400
260801_121000,1,2026-08-01T12:10:00Z,,,,+0.45900
260801_121015,1,2026-08-01T12:10:15Z,,,,+0.40400
260801_121030,1,2026-08-01T12:10:30Z,,,,+0.42800
260801_121045,1,2026-08-01T12:10:45Z,,,,+0.40200
260801_121100,1,2026-08-01T12:11:00Z,,,,+0.45600
260801_121115,1,2026-08-01T12:11:15Z,,,,+0.44600
260801_121130,1,2026-08-01T12:11:30Z,,,,+0.44600
260801_121145,1,2026-08-01T12:11:45Z,,,,+0.43400
260801_121200,1,2026-08-01T12:12:00Z,-0.43233,-0.43233,0.9858,+0.42000
260801_121215,1,2026-08-01T12:12:15Z,,,,+0.45100
260801_121230,1,2026-08-01T12:12:30Z,,,,+0.46700
260801_121245,1,2026-08-01T12:12:45Z,,,,+0.42000
260801_121300,1,2026-08-01T12:13:00Z,,,,+0.44400
260801_121315,1,2026-08-01T12:13:15Z,,,,+0.45600
260801_121330,1,2026-08-01T12:13:30Z,,,,+0.43100
260801_121345,1,2026-08-01T12:13:45Z,,,,+0.42200
260801_121400,1,2026-08-01T12:14:00Z,,,,+0.42300
260801_121415,1,2026-08-01T12:14:15Z,,,,+0.45800
260801_121430,1,2026-08-01T12:14:30Z,-0.43233,-0.43233,0.9786,+0.43300
260801_121445,1,2026-08-01T12:14:45Z,,,,+0.46900
260801_121500,1,2026-08-01T12:15:00Z,,,,+0.44200
260801_121515,1,2026-08-01T12:15:15Z,,,,+0.45500
260801_121530,1,2026-08-01T12:15:30Z,,,,+0.46900
260801_121545,1,2026-08-01T12:15:45Z,,,,+0.47700
260801_121600,1,2026-08-01T12:16:00Z,,,,+0.43900
260801_121615,1,2026-08-01T12:16:15Z,,,,+0.46800
260801_121630,1,2026-08-01T12:16:30Z,,,,+0.44000
260801_121645,1,2026-08-01T12:16:45Z,,,,+0.41900
260801_121700,1,2026-08-01T12:17:00Z,-0.43233,-0.43233,0.9769,+0.47000
260801_121715,1,2026-08-01T12:17:15Z,,,,+0.44200
260801_121730,1,2026-08-01T12:17:30Z,,,,+0.47900
260801_121745,1,2026-08-01T12:17:45Z,,,,+0.44900
260801_121800,1,2026-08-01T12:18:00Z,,,,+0.42500
260801_121815,1,2026-08-01T12:18:15Z,,,,+0.44400
260801_121830,1,2026-08-01T12:18:30Z,,,,+0.44500
260801_121845,1,2026-08-01T12:18:45Z,,,,+0.48500
260801_121900,1,2026-08-01T12:19:00Z,,,,+0.43200
260801_121915,1,2026-08-01T12:19:15Z,,,,+0.48600
260801_121930,1,2026-08-01T12:19:30Z,-0.43233,-0.43233,0.9795,+0.47500
260801_121945,1,2026-08-01T12:19:45Z,,,,+0.45600
260801_122000,1,2026-08-01T12:20:00Z,,,,+0.47400
260801_122015,1,2026-08-01T12:20:15Z,,,,+0.47000
260801_122030,1,2026-08-01T12:20:30Z,,,,+0.44200
260801_122045,1,2026-08-01T12:20:45Z,,,,+0.46600
260801_122100,1,2026-08-01T12:21:00Z,,,,+0.49100
260801_122115,1,2026-08-01T12:21:15Z,,,,+0.46600
260801_122130,1,2026-08-01T12:21:30Z,,,,+0.45100
260801_122145,1,2026-08-01T12:21:45Z,,,,+0.48100
260801_122200,1,2026-08-01T12:22:00Z,-0.43233,-0.43233,0.9775,+0.46900
260801_122215,1,2026-08-01T12:22:15Z,,,,+0.45400
260801_122230,1,2026-08-01T12:22:30Z,,,,+0.44100
260801_122245,1,2026-08-01T12:22:45Z,,,,+0.49200
260801_122300,1,2026-08-01T12:23:00Z,,,,+0.49600
260801_122315,1,2026-08-01T12:23:15Z,,,,+0.48100
260801_122330,1,2026-08-01T12:23:30Z,,,,+0.46500
260801_122345,1,2026-08-01T12:23:45Z,,,,+0.48900
260801_122400,1,2026-08-01T12:24:00Z,,,,+0.46700
260801_122415,1,2026-08-01T12:24:15Z,,,,+0.46700
260801_122430,1,2026-08-01T12:24:30Z,-0.47233,-0.47233,0.9833,+0.45600
260801_122445,1,2026-08-01T12:24:45Z,,,,+0.50100
260801_122500,1,2026-08-01T12:25:00Z,,,,+0.48200
260801_122515,1,2026-08-01T12:25:15Z,,,,+0.47700
260801_122530,1,2026-08-01T12:25:30Z,,,,+0.47600
260801_122545,1,2026-08-01T12:25:45Z,,,,+0.45200
260801_122600,1,2026-08-01T12:26:00Z,,,,+0.49500
260801_122615,1,2026-08-01T12:26:15Z,,,,+0.46600
260801_122630,1,2026-08-01T12:26:30Z,,,,+0.49900
260801_122645,1,2026-08-01T12:26:45Z,,,,+0.48200
260801_122700,1,2026-08-01T12:27:00Z,-0.47233,-0.47233,0.9874,+0.44900
260801_122715,1,2026-08-01T12:27:15Z,,,,+0.46700
260801_122730,1,2026-08-01T12:27:30Z,,,,+0.50000
260801_122745,1,2026-08-01T12:27:45Z,,,,+0.46600
260801_122800,1,2026-08-01T12:28:00Z,,,,+0.50600
260801_122815,1,2026-08-01T12:28:15Z,,,,+0.46600
260801_122830,1,2026-08-01T12:28:30Z,,,,+0.50500
260801_122845,1,2026-08-01T12:28:45Z,,,,+0.47300
260801_122900,1,2026-08-01T12:29:00Z,,,,+0.50900
260801_122915,1,2026-08-01T12:29:15Z,,,,+0.47000
260801_122930,1,2026-08-01T12:29:30Z,-0.47233,-0.47233,0.9831,+0.49800
260801_122945,1,2026-08-01T12:29:45Z,,,,+0.47400
260801_123000,1,2026-08-01T12:30:00Z,,,,+0.51700
260801_123015,1,2026-08-01T12:30:15Z,,,,+0.47800
260801_123030,1,2026-08-01T12:30:30Z,,,,+0.50700
260801_123045,1,2026-08-01T12:30:45Z,,,,+0.46900
260801_123100,1,2026-08-01T12:31:00Z,,,,+0.47700
260801_123115,1,2026-08-01T12:31:15Z,,,,+0.51200
260801_123130,1,2026-08-01T12:31:30Z,,,,+0.48700
260801_123145,1,2026-08-01T12:31:45Z,,,,+0.51700
260801_123200,1,2026-08-01T12:32:00Z,-0.47233,-0.47233,0.9797,+0.47300
260801_123215,1,2026-08-01T12:32:15Z,,,,+0.49300
260801_123230,1,2026-08-01T12:32:30Z,,,,+0.50000
260801_123245,1,2026-08-01T12:32:45Z,,,,+0.50900
260801_123300,1,2026-08-01T12:33:00Z,,,,+0.50100
260801_123315,1,2026-08-01T12:33:15Z,,,,+0.48800
260801_123330,1,2026-08-01T12:33:30Z,,,,+0.48900
260801_123345,1,2026-08-01T12:33:45Z,,,,+0.49300
260801_123400,1,2026-08-01T12:34:00Z,,,,+0.48900
260801_123415,1,2026-08-01T12:34:15Z,,,,+0.47800
260801_123430,1,2026-08-01T12:34:30Z,-0.47233,-0.47233,0.9899,+0.47700
260801_123445,1,2026-08-01T12:34:45Z,,,,+0.49900
260801_123500,1,2026-08-01T12:35:00Z,,,,+0.49600
260801_123515,1,2026-08-01T12:35:15Z,,,,+0.48300
260801_123530,1,2026-08-01T12:35:30Z,,,,+0.48500
260801_123545,1,2026-08-01T12:35:45Z,,,,+0.48700
260801_123600,1,2026-08-01T12:36:00Z,,,,+0.47200
260801_123615,1,2026-08-01T12:36:15Z,,,,+0.47600
260801_123630,1,2026-08-01T12:36:30Z,,,,+0.48000
260801_123645,1,2026-08-01T12:36:45Z,,,,+0.47700
260801_123700,1,2026-08-01T12:37:00Z,-0.47233,-0.47233,0.9976,+0.52500
260801_123715,1,2026-08-01T12:37:15Z,,,,+0.51800
260801_123730,1,2026-08-01T12:37:30Z,,,,+0.53000
260801_123745,1,2026-08-01T12:37:45Z,,,,+0.49300
260801_123800,1,2026-08-01T12:38:00Z,,,,+0.52600
260801_123815,1,2026-08-01T12:38:15Z,,,,+0.49600
260801_123830,1,2026-08-01T12:38:30Z,,,,+0.51400
260801_123845,1,2026-08-01T12:38:45Z,,,,+0.49000
260801_123900,1,2026-08-01T12:39:00Z,,,,+0.51600
260801_123915,1,2026-08-01T12:39:15Z,,,,+0.48200
260801_123930,1,2026-08-01T12:39:30Z,-0.51233,-0.51233,0.9923,+0.52700
260801_123945,1,2026-08-01T12:39:45Z,,,,+0.53000
260801_124000,1,2026-08-01T12:40:00Z,,,,+0.53500
260801_124015,1,2026-08-01T12:40:15Z,,,,+0.49400
260801_124030,1,2026-08-01T12:40:30Z,,,,+0.50100
260801_124045,1,2026-08-01T12:40:45Z,,,,+0.51000
260801_124100,1,2026-08-01T12:41:00Z,,,,+0.51900
260801_124115,1,2026-08-01T12:41:15Z,,,,+0.50400
260801_124130,1,2026-08-01T12:41:30Z,,,,+0.49600
260801_124145,1,2026-08-01T12:41:45Z,,,,+0.54600
260801_124200,1,2026-08-01T12:42:00Z,-0.51233,-0.51233,0.9515,+0.53500
260801_124215,1,2026-08-01T12:42:15Z,,,,+0.52800
260801_124230,1,2026-08-01T12:42:30Z,,,,+0.53600
260801_124245,1,2026-08-01T12:42:45Z,,,,+0.52500
260801_124300,1,2026-08-01T12:43:00Z,,,,+0.51700
260801_124315,1,2026-08-01T12:43:15Z,,,,+0.51400
260801_124330,1,2026-08-01T12:43:30Z,,,,+0.51800
260801_124345,1,2026-08-01T12:43:45Z,,,,+0.51100
260801_124400,1,2026-08-01T12:44:00Z,,,,+0.52600
260801_124415,1,2026-08-01T12:44:15Z,,,,+0.52500
260801_124430,1,2026-08-01T12:44:30Z,-0.51233,-0.51233,0.9738,+0.50300
260801_124445,1,2026-08-01T12:44:45Z,,,,+0.54700
260801_124500,1,2026-08-01T12:45:00Z,,,,+0.53400
260801_124515,1,2026-08-01T12:45:15Z,,,,+0.53600
260801_124530,1,2026-08-01T12:45:30Z,,,,+0.52700
260801_124545,1,2026-08-01T12:45:45Z,,,,+0.52500
260801_124600,1,2026-08-01T12:46:00Z,,,,+0.53100
260801_124615,1,2026-08-01T12:46:15Z,,,,+0.53000
260801_124630,1,2026-08-01T12:46:30Z,,,,+0.52100
260801_124645,1,2026-08-01T12:46:45Z,,,,+0.52300
260801_124700,1,2026-08-01T12:47:00Z,-0.51233,-0.51233,0.9772,+0.51200
260801_124715,1,2026-08-01T12:47:15Z,,,,+0.56600
260801_124730,1,2026-08-01T12:47:30Z,,,,+0.53900
260801_124745,1,2026-08-01T12:47:45Z,,,,+0.53600
260801_124800,1,2026-08-01T12:48:00Z,,,,+0.53900
260801_124815,1,2026-08-01T12:48:15Z,,,,+0.52000
260801_124830,1,2026-08-01T12:48:30Z,,,,+0.56300
260801_124845,1,2026-08-01T12:48:45Z,,,,+0.55500
260801_124900,1,2026-08-01T12:49:00Z,,,,+0.56600
260801_124915,1,2026-08-01T12:49:15Z,,,,+0.55400
260801_124930,1,2026-08-01T12:49:30Z,-0.51233,-0.51233,0.9812,+0.55900
260801_124945,1,2026-08-01T12:49:45Z,,,,+0.56600
260801_125000,1,2026-08-01T12:50:00Z,,,,+0.54900
260801_125015,1,2026-08-01T12:50:15Z,,,,+0.54800
260801_125030,1,2026-08-01T12:50:30Z,,,,+0.51600
260801_125045,1,2026-08-01T12:50:45Z,,,,+0.51700
260801_125100,1,2026-08-01T12:51:00Z,,,,+0.51600
260801_125115,1,2026-08-01T12:51:15Z,,,,+0.53100
260801_125130,1,2026-08-01T12:51:30Z,,,,+0.54500
260801_125145,1,2026-08-01T12:51:45Z,,,,+0.53700
260801_125200,1,2026-08-01T12:52:00Z,-0.51233,-0.51233,0.9743,+0.52000
260801_125215,1,2026-08-01T12:52:15Z,,,,+0.57300
260801_125230,1,2026-08-01T12:52:30Z,,,,+0.56800
260801_125245,1,2026-08-01T12:52:45Z,,,,+0.56700
260801_125300,1,2026-08-01T12:53:00Z,,,,+0.54000
260801_125315,1,2026-08-01T12:53:15Z,,,,+0.53100
260801_125330,1,2026-08-01T12:53:30Z,,,,+0.56700
260801_125345,1,2026-08-01T12:53:45Z,,,,+0.52400
260801_125400,1,2026-08-01T12:54:00Z,,,,+0.56400
260801_125415,1,2026-08-01T12:54:15Z,,,,+0.55200
260801_125430,1,2026-08-01T12:54:30Z,-0.55233,-0.55233,0.9808,+0.58700
260801_125445,1,2026-08-01T12:54:45Z,,,,+0.58800
260801_125500,1,2026-08-01T12:55:00Z,,,,+0.57000
260801_125515,1,2026-08-01T12:55:15Z,,,,+0.56900
260801_125530,1,2026-08-01T12:55:30Z,,,,+0.57800
260801_125545,1,2026-08-01T12:55:45Z,,,,+0.58900
260801_125600,1,2026-08-01T12:56:00Z,,,,+0.53700
260801_125615,1,2026-08-01T12:56:15Z,,,,+0.55600
260801_125630,1,2026-08-01T12:56:30Z,,,,+0.58500
260801_125645,1,2026-08-01T12:56:45Z,,,,+0.56200
260801_125700,1,2026-08-01T12:57:00Z,-0.55233,-0.55233,0.9856,+0.58600
260801_125715,1,2026-08-01T12:57:15Z,,,,+0.58500
260801_125730,1,2026-08-01T12:57:30Z,,,,+0.59400
260801_125745,1,2026-08-01T12:57:45Z,,,,+0.54300
260801_125800,1,2026-08-01T12:58:00Z,,,,+0.56500
260801_125815,1,2026-08-01T12:58:15Z,,,,+0.57900
260801_125830,1,2026-08-01T12:58:30Z,,,,+0.58000
260801_125845,1,2026-08-01T12:58:45Z,,,,+0.57700
260801_125900,1,2026-08-01T12:59:00Z,,,,+0.56800
260801_125915,1,2026-08-01T12:59:15Z,,,,+0.60200
260801_125930,1,2026-08-01T12:59:30Z,-0.55233,-0.55233,0.9707,+0.56200
260801_125945,1,2026-08-01T12:59:45Z,,,,+0.55500
260801_130000,1,2026-08-01T13:00:00Z,,,,+0.55000
260801_130015,1,2026-08-01T13:00:15Z,,,,+0.54400
260801_130030,1,2026-08-01T13:00:30Z,,,,+0.59800
260801_130045,1,2026-08-01T13:00:45Z,,,,+0.58200
260801_130100,1,2026-08-01T13:01:00Z,,,,+0.55400
260801_130115,1,2026-08-01T13:01:15Z,,,,+0.60500
260801_130130,1,2026-08-01T13:01:30Z,,,,+0.57400
260801_130145,1,2026-08-01T13:01:45Z,,,,+0.60300
260801_130200,1,2026-08-01T13:02:00Z,-0.55233,-0.55233,0.9784,+0.58000
260801_130215,1,2026-08-01T13:02:15Z,,,,+0.60100
260801_130230,1,2026-08-01T13:02:30Z,,,,+0.57000
260801_130245,1,2026-08-01T13:02:45Z,,,,+0.57200
260801_130300,1,2026-08-01T13:03:00Z,,,,+0.55100
260801_130315,1,2026-08-01T13:03:15Z,,,,+0.60100
260801_130330,1,2026-08-01T13:03:30Z,,,,+0.58400
260801_130345,1,2026-08-01T13:03:45Z,,,,+0.61200
260801_130400,1,2026-08-01T13:04:00Z,,,,+0.60200
260801_130415,1,2026-08-01T13:04:15Z,,,,+0.58900
260801_130430,1,2026-08-01T13:04:30Z,-0.55233,-0.55233,0.9867,+0.57300
260801_130445,1,2026-08-01T13:04:45Z,,,,+0.56000
260801_130500,1,2026-08-01T13:05:00Z,,,,+0.56400
260801_130515,1,2026-08-01T13:05:15Z,,,,+0.60500
260801_130530,1,2026-08-01T13:05:30Z,,,,+0.58400
260801_130545,1,2026-08-01T13:05:45Z,,,,+0.61700
260801_130600,1,2026-08-01T13:06:00Z,,,,+0.57300
260801_130615,1,2026-08-01T13:06:15Z,,,,+0.59100
260801_130630,1,2026-08-01T13:06:30Z,,,,+0.56600
260801_130645,1,2026-08-01T13:06:45Z,,,,+0.58900
260801_130700,1,2026-08-01T13:07:00Z,-0.59233,-0.59233,0.9707,+0.60400
260801_130715,1,2026-08-01T13:07:15Z,,,,+0.56200
260801_130730,1,2026-08-01T13:07:30Z,,,,+0.62100
260801_130745,1,2026-08-01T13:07:45Z,,,,+0.57100
260801_130800,1,2026-08-01T13:08:00Z,,,,+0.57700
260801_130815,1,2026-08-01T13:08:15Z,,,,+0.56800
260801_130830,1,2026-08-01T13:08:30Z,,,,+0.61400
260801_130845,1,2026-08-01T13:08:45Z,,,,+0.60300
260801_130900,1,2026-08-01T13:09:00Z,,,,+0.62000
260801_130915,1,2026-08-01T13:09:15Z,,,,+0.58400
260801_130930,1,2026-08-01T13:09:30Z,-0.59233,-0.59233,0.9820,+0.61600
260801_130945,1,2026-08-01T13:09:45Z,,,,+0.59200
260801_131000,1,2026-08-01T13:10:00Z,,,,+0.62200
260801_131015,1,2026-08-01T13:10:15Z,,,,+0.57900
260801_131030,1,2026-08-01T13:10:30Z,,,,+0.58200
260801_131045,1,2026-08-01T13:10:45Z,,,,+0.59100
260801_131100,1,2026-08-01T13:11:00Z,,,,+0.60900
260801_131115,1,2026-08-01T13:11:15Z,,,,+0.58100
260801_131130,1,2026-08-01T13:11:30Z,,,,+0.58300
260801_131145,1,2026-08-01T13:11:45Z,,,,+0.59000
260801_131200,1,2026-08-01T13:12:00Z,-0.59233,-0.59233,0.9713,+0.59700
260801_131215,1,2026-08-01T13:12:15Z,,,,+0.62400
260801_131230,1,2026-08-01T13:12:30Z,,,,+0.62800
260801_131245,1,2026-08-01T13:12:45Z,,,,+0.58400
260801_131300,1,2026-08-01T13:13:00Z,,,,+0.62400
260801_131315,1,2026-08-01T13:13:15Z,,,,+0.60700
260801_131330,1,2026-08-01T13:13:30Z,,,,+0.63500
260801_131345,1,2026-08-01T13:13:45Z,,,,+0.60600
260801_131400,1,2026-08-01T13:14:00Z,,,,+0.61800
260801_131415,1,2026-08-01T13:14:15Z,,,,+0.58500
260801_131430,1,2026-08-01T13:14:30Z,-0.59233,-0.59233,0.9800,+0.60600
260801_131445,1,2026-08-01T13:14:45Z,,,,+0.62600
260801_131500,1,2026-08-01T13:15:00Z,,,,+0.59400
260801_131515,1,2026-08-01T13:15:15Z,,,,+0.60400
260801_131530,1,2026-08-01T13:15:30Z,,,,+0.59400
260801_131545,1,2026-08-01T13:15:45Z,,,,+0.64600
260801_131600,1,2026-08-01T13:16:00Z,,,,+0.64100
260801_131615,1,2026-08-01T13:16:15Z,,,,+0.62900
260801_131630,1,2026-08-01T13:16:30Z,,,,+0.61500
260801_131645,1,2026-08-01T13:16:45Z,,,,+0.63500
260801_131700,1,2026-08-01T13:17:00Z,-0.59233,-0.59233,0.9867,+0.61500
260801_131715,1,2026-08-01T13:17:15Z,,,,+0.60400
260801_131730,1,2026-08-01T13:17:30Z,,,,+0.64500
260801_131745,1,2026-08-01T13:17:45Z,,,,+0.64500
260801_131800,1,2026-08-01T13:18:00Z,,,,+0.64000
260801_131815,1,2026-08-01T13:18:15Z,,,,+0.61700
260801_131830,1,2026-08-01T13:18:30Z,,,,+0.59500
260801_131845,1,2026-08-01T13:18:45Z,,,,+0.64100
260801_131900,1,2026-08-01T13:19:00Z,,,,+0.62500
260801_131915,1,2026-08-01T13:19:15Z,,,,+0.61500
260801_131930,1,2026-08-01T13:19:30Z,-0.59233,-0.59232,0.9874,+0.60300
260801_131945,1,2026-08-01T13:19:45Z,,,,+0.65900
260801_132000,1,2026-08-01T13:20:00Z,,,,+0.62600
260801_132015,1,2026-08-01T13:20:15Z,,,,+0.61700
260801_132030,1,2026-08-01T13:20:30Z,,,,+0.66100
260801_132045,1,2026-08-01T13:20:45Z,,,,+0.63000
260801_132100,1,2026-08-01T13:21:00Z,,,,+0.65400
260801_132115,1,2026-08-01T13:21:15Z,,,,+0.63100
260801_132130,1,2026-08-01T13:21:30Z,,,,+0.62300
260801_132145,1,2026-08-01T13:21:45Z,,,,+0.62300
260801_132200,1,2026-08-01T13:22:00Z,-0.63233,-0.63233,0.9825,+0.63400
260801_132215,1,2026-08-01T13:22:15Z,,,,+0.63000
260801_132230,1,2026-08-01T13:22:30Z,,,,+0.64200
260801_132245,1,2026-08-01T13:22:45Z,,,,+0.65000
260801_132300,1,2026-08-01T13:23:00Z,,,,+0.64600
260801_132315,1,2026-08-01T13:23:15Z,,,,+0.64400
260801_132330,1,2026-08-01T13:23:30Z,,,,+0.62700
260801_132345,1,2026-08-01T13:23:45Z,,,,+0.66300
260801_132400,1,2026-08-01T13:24:00Z,,,,+0.65900
260801_132415,1,2026-08-01T13:24:15Z,,,,+0.64200
260801_132430,1,2026-08-01T13:24:30Z,-0.63233,-0.63232,0.9833,+0.62000
260801_132445,1,2026-08-01T13:24:45Z,,,,+0.66900
260801_132500,1,2026-08-01T13:25:00Z,,,,+0.64600
260801_132515,1,2026-08-01T13:25:15Z,,,,+0.61700
260801_132530,1,2026-08-01T13:25:30Z,,,,+0.67500
260801_132545,1,2026-08-01T13:25:45Z,,,,+0.67000
260801_132600,1,2026-08-01T13:26:00Z,,,,+0.66600
260801_132615,1,2026-08-01T13:26:15Z,,,,+0.65200
260801_132630,1,2026-08-01T13:26:30Z,,,,+0.66700
260801_132645,1,2026-08-01T13:26:45Z,,,,+0.63800
260801_132700,1,2026-08-01T13:27:00Z,-0.63233,-0.63233,0.9707,+0.65000
260801_132715,1,2026-08-01T13:27:15Z,,,,+0.62300
260801_132730,1,2026-08-01T13:27:30Z,,,,+0.65500
260801_132745,1,2026-08-01T13:27:45Z,,,,+0.67400
260801_132800,1,2026-08-01T13:28:00Z,,,,+0.63600
260801_132815,1,2026-08-01T13:28:15Z,,,,+0.62500
260801_132830,1,2026-08-01T13:28:30Z,,,,+0.62300
260801_132845,1,2026-08-01T13:28:45Z,,,,+0.64000
260801_132900,1,2026-08-01T13:29:00Z,,,,+0.66100
260801_132915,1,2026-08-01T13:29:15Z,,,,+0.65900
260801_132930,1,2026-08-01T13:29:30Z,-0.63233,-0.63233,0.9803,+0.64100
260801_132945,1,2026-08-01T13:29:45Z,,,,+0.68400
260801_133000,1,2026-08-01T13:30:00Z,,,,+0.63900
260801_133015,1,2026-08-01T13:30:15Z,,,,+0.64800
260801_133030,1,2026-08-01T13:30:30Z,,,,+0.65400
260801_133045,1,2026-08-01T13:30:45Z,,,,+0.65800
260801_133100,1,2026-08-01T13:31:00Z,,,,+0.66500
260801_133115,1,2026-08-01T13:31:15Z,,,,+0.68600
260801_133130,1,2026-08-01T13:31:30Z,,,,+0.64100
260801_133145,1,2026-08-01T13:31:45Z,,,,+0.66400
260801_133200,1,2026-08-01T13:32:00Z,-0.63233,-0.63233,0.9824,+0.68600
260801_133215,1,2026-08-01T13:32:15Z,,,,+0.69000
260801_133230,1,2026-08-01T13:32:30Z,,,,+0.64300
260801_133245,1,2026-08-01T13:32:45Z,,,,+0.63400
260801_133300,1,2026-08-01T13:33:00Z,,,,+0.66600
260801_133315,1,2026-08-01T13:33:15Z,,,,+0.63700
260801_133330,1,2026-08-01T13:33:30Z,,,,+0.67500
260801_133345,1,2026-08-01T13:33:45Z,,,,+0.65900
260801_133400,1,2026-08-01T13:34:00Z,,,,+0.67600
260801_133415,1,2026-08-01T13:34:15Z,,,,+0.68400
260801_133430,1,2026-08-01T13:34:30Z,-0.63233,-0.63233,0.9854,+0.68300
260801_133445,1,2026-08-01T13:34:45Z,,,,+0.67900
260801_133500,1,2026-08-01T13:35:00Z,,,,+0.67800
260801_133515,1,2026-08-01T13:35:15Z,,,,+0.66300
260801_133530,1,2026-08-01T13:35:30Z,,,,+0.65400
260801_133545,1,2026-08-01T13:35:45Z,,,,+0.67100
260801_133600,1,2026-08-01T13:36:00Z,,,,+0.67800
260801_133615,1,2026-08-01T13:36:15Z,,,,+0.66400
260801_133630,1,2026-08-01T13:36:30Z,,,,+0.68900
260801_133645,1,2026-08-01T13:36:45Z,,,,+0.69400
260801_133700,1,2026-08-01T13:37:00Z,-0.67233,-0.67233,0.9860,+0.67600
260801_133715,1,2026-08-01T13:37:15Z,,,,+0.68700
260801_133730,1,2026-08-01T13:37:30Z,,,,+0.68700
260801_133745,1,2026-08-01T13:37:45Z,,,,+0.67600
260801_133800,1,2026-08-01T13:38:00Z,,,,+0.66300
260801_133815,1,2026-08-01T13:38:15Z,,,,+0.65600
260801_133830,1,2026-08-01T13:38:30Z,,,,+0.65300
260801_133845,1,2026-08-01T13:38:45Z,,,,+0.69600
260801_133900,1,2026-08-01T13:39:00Z,,,,+0.70000
260801_133915,1,2026-08-01T13:39:15Z,,,,+0.66700
260801_133930,1,2026-08-01T13:39:30Z,-0.67233,-0.67233,0.9837,+0.66000
260801_133945,1,2026-08-01T13:39:45Z,,,,+0.71400
260801_134000,1,2026-08-01T13:40:00Z,,,,+0.71000
260801_134015,1,2026-08-01T13:40:15Z,,,,+0.71000
260801_134030,1,2026-08-01T13:40:30Z,,,,+0.66100
260801_134045,1,2026-08-01T13:40:45Z,,,,+0.65800
260801_134100,1,2026-08-01T13:41:00Z,,,,+0.66500
260801_134115,1,2026-08-01T13:41:15Z,,,,+0.67400
260801_134130,1,2026-08-01T13:41:30Z,,,,+0.68900
260801_134145,1,2026-08-01T13:41:45Z,,,,+0.69900
260801_134200,1,2026-08-01T13:42:00Z,-0.67233,-0.67233,0.9906,+0.71100
260801_134215,1,2026-08-01T13:42:15Z,,,,+0.70400
260801_134230,1,2026-08-01T13:42:30Z,,,,+0.69400
260801_134245,1,2026-08-01T13:42:45Z,,,,+0.69400
260801_134300,1,2026-08-01T13:43:00Z,,,,+0.68200
260801_134315,1,2026-08-01T13:43:15Z,,,,+0.67000
260801_134330,1,2026-08-01T13:43:30Z,,,,+0.67100
260801_134345,1,2026-08-01T13:43:45Z,,,,+0.66600
260801_134400,1,2026-08-01T13:44:00Z,,,,+0.71000
260801_134415,1,2026-08-01T13:44:15Z,,,,+0.68700
260801_134430,1,2026-08-01T13:44:30Z,-0.67233,-0.67233,0.9902,+0.72200
260801_134445,1,2026-08-01T13:44:45Z,,,,+0.69500
260801_134500,1,2026-08-01T13:45:00Z,,,,+0.67200
260801_134515,1,2026-08-01T13:45:15Z,,,,+0.72500
260801_134530,1,2026-08-01T13:45:30Z,,,,+0.69800
260801_134545,1,2026-08-01T13:45:45Z,,,,+0.68300
260801_134600,1,2026-08-01T13:46:00Z,,,,+0.71400
260801_134615,1,2026-08-01T13:46:15Z,,,,+0.69900
260801_134630,1,2026-08-01T13:46:30Z,,,,+0.67700
260801_134645,1,2026-08-01T13:46:45Z,,,,+0.71800
260801_134700,1,2026-08-01T13:47:00Z,-0.67233,-0.67233,0.9862,+0.69100
260801_134715,1,2026-08-01T13:47:15Z,,,,+0.71600
260801_134730,1,2026-08-01T13:47:30Z,,,,+0.70900
260801_134745,1,2026-08-01T13:47:45Z,,,,+0.69600
260801_134800,1,2026-08-01T13:48:00Z,,,,+0.73900
260801_134815,1,2026-08-01T13:48:15Z,,,,+0.73000
260801_134830,1,2026-08-01T13:48:30Z,,,,+0.70700
260801_134845,1,2026-08-01T13:48:45Z,,,,+0.69800
260801_134900,1,2026-08-01T13:49:00Z,,,,+0.72100
260801_134915,1,2026-08-01T13:49:15Z,,,,+0.71600
260801_134930,1,2026-08-01T13:49:30Z,-0.71233,-0.71233,0.9842,+0.69400
260801_134945,1,2026-08-01T13:49:45Z,,,,+0.68400
260801_135000,1,2026-08-01T13:50:00Z,,,,+0.73100
260801_135015,1,2026-08-01T13:50:15Z,,,,+0.71900
260801_135030,1,2026-08-01T13:50:30Z,,,,+0.70000
260801_135045,1,2026-08-01T13:50:45Z,,,,+0.69200
260801_135100,1,2026-08-01T13:51:00Z,,,,+0.72700
260801_135115,1,2026-08-01T13:51:15Z,,,,+0.71600
260801_135130,1,2026-08-01T13:51:30Z,,,,+0.69500
260801_135145,1,2026-08-01T13:51:45Z,,,,+0.74500
260801_135200,1,2026-08-01T13:52:00Z,-0.71233,-0.71233,0.9699,+0.74100
260801_135215,1,2026-08-01T13:52:15Z,,,,+0.71600
260801_135230,1,2026-08-01T13:52:30Z,,,,+0.71200
260801_135245,1,2026-08-01T13:52:45Z,,,,+0.75000
260801_135300,1,2026-08-01T13:53:00Z,,,,+0.73000
260801_135315,1,2026-08-01T13:53:15Z,,,,+0.72300
260801_135330,1,2026-08-01T13:53:30Z,,,,+0.70400
260801_135345,1,2026-08-01T13:53:45Z,,,,+0.70300
260801_135400,1,2026-08-01T13:54:00Z,,,,+0.75600
260801_135415,1,2026-08-01T13:54:15Z,,,,+0.75400
260801_135430,1,2026-08-01T13:54:30Z,-0.71233,-0.71233,0.9872,+0.73300
260801_135445,1,2026-08-01T13:54:45Z,,,,+0.75700
260801_135500,1,2026-08-01T13:55:00Z,,,,+0.73800
260801_135515,1,2026-08-01T13:55:15Z,,,,+0.72500
260801_135530,1,2026-08-01T13:55:30Z,,,,+0.71000
260801_135545,1,2026-08-01T13:55:45Z,,,,+0.75400
260801_135600,1,2026-08-01T13:56:00Z,,,,+0.73800
260801_135615,1,2026-08-01T13:56:15Z,,,,+0.72600
260801_135630,1,2026-08-01T13:56:30Z,,,,+0.71100
260801_135645,1,2026-08-01T13:56:45Z,,,,+0.76000
260801_135700,1,2026-08-01T13:57:00Z,-0.71233,-0.71233,0.9792,+0.73600
260801_135715,1,2026-08-01T13:57:15Z,,,,+0.71700
260801_135730,1,2026-08-01T13:57:30Z,,,,+0.76200
260801_135745,1,2026-08-01T13:57:45Z,,,,+0.74400
260801_135800,1,2026-08-01T13:58:00Z,,,,+0.72500
260801_135815,1,2026-08-01T13:58:15Z,,,,+0.71000
260801_135830,1,2026-08-01T13:58:30Z,,,,+0.76400
260801_135845,1,2026-08-01T13:58:45Z,,,,+0.74200
260801_135900,1,2026-08-01T13:59:00Z,,,,+0.72900
260801_135915,1,2026-08-01T13:59:15Z,,,,+0.75800
260801_135930,1,2026-08-01T13:59:30Z,-0.71233,-0.71233,0.9519,+0.73600
260801_135945,1,2026-08-01T13:59:45Z,,,,+0.71500
260801_140000,1,2026-08-01T14:00:00Z,,,,+0.76200
260801_140015,1,2026-08-01T14:00:15Z,,,,+0.73500
260801_140030,1,2026-08-01T14:00:30Z,,,,+0.72300
260801_140045,1,2026-08-01T14:00:45Z,,,,+0.71700
260801_140100,1,2026-08-01T14:01:00Z,,,,+0.76800
260801_140115,1,2026-08-01T14:01:15Z,,,,+0.75500
260801_140130,1,2026-08-01T14:01:30Z,,,,+0.77300
260801_140145,1,2026-08-01T14:01:45Z,,,,+0.73400
260801_140200,1,2026-08-01T14:02:00Z,-0.71233,-0.71233,0.9816,+0.73700
260801_140215,1,2026-08-01T14:02:15Z,,,,+0.76500
260801_140230,1,2026-08-01T14:02:30Z,,,,+0.77000
260801_140245,1,2026-08-01T14:02:45Z,,,,+0.73500
260801_140300,1,2026-08-01T14:03:00Z,,,,+0.77100
260801_140315,1,2026-08-01T14:03:15Z,,,,+0.72500
260801_140330,1,2026-08-01T14:03:30Z,,,,+0.76700
260801_140345,1,2026-08-01T14:03:45Z,,,,+0.72500
260801_140400,1,2026-08-01T14:04:00Z,,,,+0.73900
260801_140415,1,2026-08-01T14:04:15Z,,,,+0.76100
260801_140430,1,2026-08-01T14:04:30Z,-0.75233,-0.75233,0.9745,+0.72800
260801_140445,1,2026-08-01T14:04:45Z,,,,+0.74500
260801_140500,1,2026-08-01T14:05:00Z,,,,+0.77200
260801_140515,1,2026-08-01T14:05:15Z,,,,+0.73700
260801_140530,1,2026-08-01T14:05:30Z,,,,+0.76700
260801_140545,1,2026-08-01T14:05:45Z,,,,+0.78200
260801_140600,1,2026-08-01T14:06:00Z,,,,+0.74200
260801_140615,1,2026-08-01T14:06:15Z,,,,+0.74800
260801_140630,1,2026-08-01T14:06:30Z,,,,+0.77000
260801_140645,1,2026-08-01T14:06:45Z,,,,+0.78000
260801_140700,1,2026-08-01T14:07:00Z,-0.75233,-0.75233,0.9741,+0.74400
260801_140715,1,2026-08-01T14:07:15Z,,,,+0.75800
260801_140730,1,2026-08-01T14:07:30Z,,,,+0.75600
260801_140745,1,2026-08-01T14:07:45Z,,,,+0.76500
260801_140800,1,2026-08-01T14:08:00Z,,,,+0.75200
260801_140815,1,2026-08-01T14:08:15Z,,,,+0.74200
260801_140830,1,2026-08-01T14:08:30Z,,,,+0.74900
260801_140845,1,2026-08-01T14:08:45Z,,,,+0.75600
260801_140900,1,2026-08-01T14:09:00Z,,,,+0.76300
260801_140915,1,2026-08-01T14:09:15Z,,,,+0.77800
260801_140930,1,2026-08-01T14:09:30Z,-0.75233,-0.75233,0.9794,+0.76400
260801_140945,1,2026-08-01T14:09:45Z,,,,+0.76200
260801_141000,1,2026-08-01T14:10:00Z,,,,+0.77800
260801_141015,1,2026-08-01T14:10:15Z,,,,+0.78800
260801_141030,1,2026-08-01T14:10:30Z,,,,+0.78700
260801_141045,1,2026-08-01T14:10:45Z,,,,+0.80200
260801_141100,1,2026-08-01T14:11:00Z,,,,+0.75700
260801_141115,1,2026-08-01T14:11:15Z,,,,+0.80200
260801_141130,1,2026-08-01T14:11:30Z,,,,+0.76900
260801_141145,1,2026-08-01T14:11:45Z,,,,+0.75300
260801_141200,1,2026-08-01T14:12:00Z,-0.75233,-0.75233,0.9741,+0.79000
260801_141215,1,2026-08-01T14:12:15Z,,,,+0.75700
260801_141230,1,2026-08-01T14:12:30Z,,,,+0.79800
260801_141245,1,2026-08-01T14:12:45Z,,,,+0.77200
260801_141300,1,2026-08-01T14:13:00Z,,,,+0.76700
260801_141315,1,2026-08-01T14:13:15Z,,,,+0.76200
260801_141330,1,2026-08-01T14:13:30Z,,,,+0.76400
260801_141345,1,2026-08-01T14:13:45Z,,,,+0.75800
260801_141400,1,2026-08-01T14:14:00Z,,,,+0.81000
260801_141415,1,2026-08-01T14:14:15Z,,,,+0.77400
260801_141430,1,2026-08-01T14:14:30Z,-0.75233,-0.75233,0.9736,+0.81000
260801_141445,1,2026-08-01T14:14:45Z,,,,+0.81200
260801_141500,1,2026-08-01T14:15:00Z,,,,+0.80800
260801_141515,1,2026-08-01T14:15:15Z,,,,+0.78500
260801_141530,1,2026-08-01T14:15:30Z,,,,+0.77200
260801_141545,1,2026-08-01T14:15:45Z,,,,+0.75600
260801_141600,1,2026-08-01T14:16:00Z,,,,+0.80900
260801_141615,1,2026-08-01T14:16:15Z,,,,+0.80600
260801_141630,1,2026-08-01T14:16:30Z,,,,+0.77400
260801_141645,1,2026-08-01T14:16:45Z,,,,+0.76600
260801_141700,1,2026-08-01T14:17:00Z,-0.75233,-0.75233,0.9757,+0.79900
260801_141715,1,2026-08-01T14:17:15Z,,,,+0.80900
260801_141730,1,2026-08-01T14:17:30Z,,,,+0.82200
260801_141745,1,2026-08-01T14:17:45Z,,,,+0.77400
260801_141800,1,2026-08-01T14:18:00Z,,,,+0.77900
260801_141815,1,2026-08-01T14:18:15Z,,,,+0.80000
260801_141830,1,2026-08-01T14:18:30Z,,,,+0.81000
260801_141845,1,2026-08-01T14:18:45Z,,,,+0.78500
260801_141900,1,2026-08-01T14:19:00Z,,,,+0.81700
260801_141915,1,2026-08-01T14:19:15Z,,,,+0.78100
260801_141930,1,2026-08-01T14:19:30Z,-0.79233,-0.79233,0.9532,+0.79700
260801_141945,1,2026-08-01T14:19:45Z,,,,+0.81800
260801_142000,1,2026-08-01T14:20:00Z,,,,+0.80100
260801_142015,1,2026-08-01T14:20:15Z,,,,+0.78800
260801_142030,1,2026-08-01T14:20:30Z,,,,+0.79800
260801_142045,1,2026-08-01T14:20:45Z,,,,+0.80100
260801_142100,1,2026-08-01T14:21:00Z,,,,+0.81300
260801_142115,1,2026-08-01T14:21:15Z,,,,+0.80700
260801_142130,1,2026-08-01T14:21:30Z,,,,+0.79000
260801_142145,1,2026-08-01T14:21:45Z,,,,+0.78000
260801_142200,1,2026-08-01T14:22:00Z,-0.79233,-0.79233,0.9838,+0.83300
260801_142215,1,2026-08-01T14:22:15Z,,,,+0.77600
260801_142230,1,2026-08-01T14:22:30Z,,,,+0.82700
260801_142245,1,2026-08-01T14:22:45Z,,,,+0.83200
260801_142300,1,2026-08-01T14:23:00Z,,,,+0.81500
260801_142315,1,2026-08-01T14:23:15Z,,,,+0.83700
260801_142330,1,2026-08-01T14:23:30Z,,,,+0.81200
260801_142345,1,2026-08-01T14:23:45Z,,,,+0.78200
260801_142400,1,2026-08-01T14:24:00Z,,,,+0.78300
260801_142415,1,2026-08-01T14:24:15Z,,,,+0.82700
260801_142430,1,2026-08-01T14:24:30Z,-0.79233,-0.79233,0.9795,+0.80800
260801_142445,1,2026-08-01T14:24:45Z,,,,+0.80400
260801_142500,1,2026-08-01T14:25:00Z,,,,+0.84200
260801_142515,1,2026-08-01T14:25:15Z,,,,+0.83200
260801_142530,1,2026-08-01T14:25:30Z,,,,+0.78300
260801_142545,1,2026-08-01T14:25:45Z,,,,+0.83000
260801_142600,1,2026-08-01T14:26:00Z,,,,+0.82000
260801_142615,1,2026-08-01T14:26:15Z,,,,+0.82200
260801_142630,1,2026-08-01T14:26:30Z,,,,+0.82100
260801_142645,1,2026-08-01T14:26:45Z,,,,+0.81400
260801_142700,1,2026-08-01T14:27:00Z,-0.79233,-0.79233,0.9874,+0.81300
260801_142715,1,2026-08-01T14:27:15Z,,,,+0.82400
260801_142730,1,2026-08-01T14:27:30Z,,,,+0.84600
260801_142745,1,2026-08-01T14:27:45Z,,,,+0.84300
260801_142800,1,2026-08-01T14:28:00Z,,,,+0.82700
260801_142815,1,2026-08-01T14:28:15Z,,,,+0.80300
260801_142830,1,2026-08-01T14:28:30Z,,,,+0.81800
260801_142845,1,2026-08-01T14:28:45Z,,,,+0.82300
260801_142900,1,2026-08-01T14:29:00Z,,,,+0.83200
260801_142915,1,2026-08-01T14:29:15Z,,,,+0.79700
260801_142930,1,2026-08-01T14:29:30Z,-0.79233,-0.79233,0.9837,+0.80800
260801_142945,1,2026-08-01T14:29:45Z,,,,+0.81900
260801_143000,1,2026-08-01T14:30:00Z,,,,+0.84600
260801_143015,1,2026-08-01T14:30:15Z,,,,+0.80300
260801_143030,1,2026-08-01T14:30:30Z,,,,+0.85600
260801_143045,1,2026-08-01T14:30:45Z,,,,+0.84700
260801_143100,1,2026-08-01T14:31:00Z,,,,+0.80500
260801_143115,1,2026-08-01T14:31:15Z,,,,+0.81200
260801_143130,1,2026-08-01T14:31:30Z,,,,+0.82200
260801_143145,1,2026-08-01T14:31:45Z,,,,+0.82200
260801_143200,1,2026-08-01T14:32:00Z,-0.83233,-0.83233,0.9855,+0.82600
260801_143215,1,2026-08-01T14:32:15Z,,,,+0.82500
260801_143230,1,2026-08-01T14:32:30Z,,,,+0.82800
260801_143245,1,2026-08-01T14:32:45Z,,,,+0.83300
260801_143300,1,2026-08-01T14:33:00Z,,,,+0.84900
260801_143315,1,2026-08-01T14:33:15Z,,,,+0.85200
260801_143330,1,2026-08-01T14:33:30Z,,,,+0.85300
260801_143345,1,2026-08-01T14:33:45Z,,,,+0.85500
260801_143400,1,2026-08-01T14:34:00Z,,,,+0.83900
260801_143415,1,2026-08-01T14:34:15Z,,,,+0.84000
260801_143430,1,2026-08-01T14:34:30Z,-0.83233,-0.83233,0.9892,+0.83300
260801_143445,1,2026-08-01T14:34:45Z,,,,+0.83400
260801_143500,1,2026-08-01T14:35:00Z,,,,+0.83200
260801_143515,1,2026-08-01T14:35:15Z,,,,+0.83100
260801_143530,1,2026-08-01T14:35:30Z,,,,+0.82900
260801_143545,1,2026-08-01T14:35:45Z,,,,+0.82600
260801_143600,1,2026-08-01T14:36:00Z,,,,+0.85600
260801_143615,1,2026-08-01T14:36:15Z,,,,+0.81800
260801_143630,1,2026-08-01T14:36:30Z,,,,+0.83600
260801_143645,1,2026-08-01T14:36:45Z,,,,+0.82100
260801_143700,1,2026-08-01T14:37:00Z,-0.83233,-0.83232,0.9719,+0.86400
260801_143715,1,2026-08-01T14:37:15Z,,,,+0.84900
260801_143730,1,2026-08-01T14:37:30Z,,,,+0.83700
260801_143745,1,2026-08-01T14:37:45Z,,,,+0.83300
260801_143800,1,2026-08-01T14:38:00Z,,,,+0.87800
260801_143815,1,2026-08-01T14:38:15Z,,,,+0.86500
260801_143830,1,2026-08-01T14:38:30Z,,,,+0.84800
260801_143845,1,2026-08-01T14:38:45Z,,,,+0.83900
260801_143900,1,2026-08-01T14:39:00Z,,,,+0.84900
260801_143915,1,2026-08-01T14:39:15Z,,,,+0.84900
260801_143930,1,2026-08-01T14:39:30Z,-0.83233,-0.83232,0.9811,+0.87600
260801_143945,1,2026-08-01T14:39:45Z,,,,+0.86900
260801_144000,1,2026-08-01T14:40:00Z,,,,+0.87000
260801_144015,1,2026-08-01T14:40:15Z,,,,+0.82600
260801_144030,1,2026-08-01T14:40:30Z,,,,+0.83000
260801_144045,1,2026-08-01T14:40:45Z,,,,+0.86700
260801_144100,1,2026-08-01T14:41:00Z,,,,+0.85100
260801_144115,1,2026-08-01T14:41:15Z,,,,+0.84900
260801_144130,1,2026-08-01T14:41:30Z,,,,+0.83100
260801_144145,1,2026-08-01T14:41:45Z,,,,+0.86600
260801_144200,1,2026-08-01T14:42:00Z,-0.83233,-0.83233,0.9748,+0.84500
260801_144215,1,2026-08-01T14:42:15Z,,,,+0.85300
260801_144230,1,2026-08-01T14:42:30Z,,,,+0.85600
260801_144245,1,2026-08-01T14:42:45Z,,,,+0.87200
260801_144300,1,2026-08-01T14:43:00Z,,,,+0.83800
260801_144315,1,2026-08-01T14:43:15Z,,,,+0.84600
260801_144330,1,2026-08-01T14:43:30Z,,,,+0.87800
260801_144345,1,2026-08-01T14:43:45Z,,,,+0.85500
260801_144400,1,2026-08-01T14:44:00Z,,,,+0.83900
260801_144415,1,2026-08-01T14:44:15Z,,,,+0.85700
260801_144430,1,2026-08-01T14:44:30Z,-0.83233,-0.83233,0.9302,+0.87700
260801_144445,1,2026-08-01T14:44:45Z,,,,+0.84100
260801_144500,1,2026-08-01T14:45:00Z,,,,+0.86700
260801_144515,1,2026-08-01T14:45:15Z,,,,+0.84200
260801_144530,1,2026-08-01T14:45:30Z,,,,+0.86300
260801_144545,1,2026-08-01T14:45:45Z,,,,+0.89500
260801_144600,1,2026-08-01T14:46:00Z,,,,+0.85400
260801_144615,1,2026-08-01T14:46:15Z,,,,+0.89800
260801_144630,1,2026-08-01T14:46:30Z,,,,+0.85800
260801_144645,1,2026-08-01T14:46:45Z,,,,+0.89800
260801_144700,1,2026-08-01T14:47:00Z,-0.87233,-0.87233,0.9424,+0.86000
260801_144715,1,2026-08-01T14:47:15Z,,,,+0.84700
260801_144730,1,2026-08-01T14:47:30Z,,,,+0.86600
260801_144745,1,2026-08-01T14:47:45Z,,,,+0.88700
260801_144800,1,2026-08-01T14:48:00Z,,,,+0.85500
260801_144815,1,2026-08-01T14:48:15Z,,,,+0.88000
260801_144830,1,2026-08-01T14:48:30Z,,,,+0.87200
260801_144845,1,2026-08-01T14:48:45Z,,,,+0.85000
260801_144900,1,2026-08-01T14:49:00Z,,,,+0.85900
260801_144915,1,2026-08-01T14:49:15Z,,,,+0.85400
260801_144930,1,2026-08-01T14:49:30Z,-0.87233,-0.87233,0.9869,+0.85200
260801_144945,1,2026-08-01T14:49:45Z,,,,+0.90700
260801_145000,1,2026-08-01T14:50:00Z,,,,+0.88400
260801_145015,1,2026-08-01T14:50:15Z,,,,+0.85800
260801_145030,1,2026-08-01T14:50:30Z,,,,+0.88900
260801_145045,1,2026-08-01T14:50:45Z,,,,+0.87100
260801_145100,1,2026-08-01T14:51:00Z,,,,+0.86700
260801_145115,1,2026-08-01T14:51:15Z,,,,+0.89700
260801_145130,1,2026-08-01T14:51:30Z,,,,+0.88800
260801_145145,1,2026-08-01T14:51:45Z,,,,+0.87300
260801_145200,1,2026-08-01T14:52:00Z,-0.87233,-0.87232,0.9821,+0.88200
260801_145215,1,2026-08-01T14:52:15Z,,,,+0.90800
260801_145230,1,2026-08-01T14:52:30Z,,,,+0.89700
260801_145245,1,2026-08-01T14:52:45Z,,,,+0.87900
260801_145300,1,2026-08-01T14:53:00Z,,,,+0.91600
260801_145315,1,2026-08-01T14:53:15Z,,,,+0.88900
260801_145330,1,2026-08-01T14:53:30Z,,,,+0.87200
260801_145345,1,2026-08-01T14:53:45Z,,,,+0.92100
260801_145400,1,2026-08-01T14:54:00Z,,,,+0.91200
260801_145415,1,2026-08-01T14:54:15Z,,,,+0.89900
260801_145430,1,2026-08-01T14:54:30Z,-0.89233,-0.89232,0.9786,+0.87500
260801_145445,1,2026-08-01T14:54:45Z,,,,+0.92000
260801_145500,1,2026-08-01T14:55:00Z,,,,+0.90700
260801_145515,1,2026-08-01T14:55:15Z,,,,+0.87900
260801_145530,1,2026-08-01T14:55:30Z,,,,+0.91500
260801_145545,1,2026-08-01T14:55:45Z,,,,+0.90200
260801_145600,1,2026-08-01T14:56:00Z,,,,+0.89100
260801_145615,1,2026-08-01T14:56:15Z,,,,+0.89200
260801_145630,1,2026-08-01T14:56:30Z,,,,+0.89300
260801_145645,1,2026-08-01T14:56:45Z,,,,+0.89400
260801_145700,1,2026-08-01T14:57:00Z,-0.89233,-0.89233,0.9839,+0.93100
260801_145715,1,2026-08-01T14:57:15Z,,,,+0.90900
260801_145730,1,2026-08-01T14:57:30Z,,,,+0.93400
260801_145745,1,2026-08-01T14:57:45Z,,,,+0.92300
260801_145800,1,2026-08-01T14:58:00Z,,,,+0.90500
260801_145815,1,2026-08-01T14:58:15Z,,,,+0.93200
260801_145830,1,2026-08-01T14:58:30Z,,,,+0.89100
260801_145845,1,2026-08-01T14:58:45Z,,,,+0.93000
260801_145900,1,2026-08-01T14:59:00Z,,,,+0.89400
260801_145915,1,2026-08-01T14:59:15Z,,,,+0.92700
260801_145930,1,2026-08-01T14:59:30Z,-0.89233,-0.89232,0.9858,+0.92500
260801_145945,1,2026-08-01T14:59:45Z,,,,+0.90400
260801_150000,1,2026-08-01T15:00:00Z,,,,+0.92900
260801_150015,1,2026-08-01T15:00:15Z,,,,+0.88700
260801_150030,1,2026-08-01T15:00:30Z,,,,+0.88900
260801_150045,1,2026-08-01T15:00:45Z,,,,+0.93000
260801_150100,1,2026-08-01T15:01:00Z,,,,+0.89800
260801_150115,1,2026-08-01T15:01:15Z,,,,+0.89100
260801_150130,1,2026-08-01T15:01:30Z,,,,+0.94200
260801_150145,1,2026-08-01T15:01:45Z,,,,+0.94800
260801_150200,1,2026-08-01T15:02:00Z,-0.89233,-0.89232,0.9719,+0.95000
260801_150215,1,2026-08-01T15:02:15Z,,,,+0.92200
260801_150230,1,2026-08-01T15:02:30Z,,,,+0.90900
260801_150245,1,2026-08-01T15:02:45Z,,,,+0.89800
260801_150300,1,2026-08-01T15:03:00Z,,,,+0.94100
260801_150315,1,2026-08-01T15:03:15Z,,,,+0.93400
260801_150330,1,2026-08-01T15:03:30Z,,,,+0.91600
260801_150345,1,2026-08-01T15:03:45Z,,,,+0.89700
260801_150400,1,2026-08-01T15:04:00Z,,,,+0.94900
260801_150415,1,2026-08-01T15:04:15Z,,,,+0.93300
260801_150430,1,2026-08-01T15:04:30Z,-0.89233,-0.89233,0.9851,+0.92300
260801_150445,1,2026-08-01T15:04:45Z,,,,+0.95700
260801_150500,1,2026-08-01T15:05:00Z,,,,+0.93700
260801_150515,1,2026-08-01T15:05:15Z,,,,+0.91300
260801_150530,1,2026-08-01T15:05:30Z,,,,+0.95500
260801_150545,1,2026-08-01T15:05:45Z,,,,+0.92400
260801_150600,1,2026-08-01T15:06:00Z,,,,+0.96200
260801_150615,1,2026-08-01T15:06:15Z,,,,+0.93700
260801_150630,1,2026-08-01T15:06:30Z,,,,+0.91700
260801_150645,1,2026-08-01T15:06:45Z,,,,+0.90700
260801_150700,1,2026-08-01T15:07:00Z,-0.93233,-0.93232,0.9827,+0.93400
260801_150715,1,2026-08-01T15:07:15Z,,,,+0.91000
260801_150730,1,2026-08-01T15:07:30Z,,,,+0.92700
260801_150745,1,2026-08-01T15:07:45Z,,,,+0.93900
260801_150800,1,2026-08-01T15:08:00Z,,,,+0.90900
260801_150815,1,2026-08-01T15:08:15Z,,,,+0.95500
260801_150830,1,2026-08-01T15:08:30Z,,,,+0.94800
260801_150845,1,2026-08-01T15:08:45Z,,,,+0.95500
260801_150900,1,2026-08-01T15:09:00Z,,,,+0.93900
260801_150915,1,2026-08-01T15:09:15Z,,,,+0.92000
260801_150930,1,2026-08-01T15:09:30Z,-0.93233,-0.93232,0.9886,+0.95200
260801_150945,1,2026-08-01T15:09:45Z,,,,+0.94400
260801_151000,1,2026-08-01T15:10:00Z,,,,+0.98000
260801_151015,1,2026-08-01T15:10:15Z,,,,+0.98100
260801_151030,1,2026-08-01T15:10:30Z,,,,+0.97400
260801_151045,1,2026-08-01T15:10:45Z,,,,+0.97000
260801_151100,1,2026-08-01T15:11:00Z,,,,+0.95000
260801_151115,1,2026-08-01T15:11:15Z,,,,+0.97000
260801_151130,1,2026-08-01T15:11:30Z,,,,+0.95600
260801_151145,1,2026-08-01T15:11:45Z,,,,+0.93000
260801_151200,1,2026-08-01T15:12:00Z,-0.93233,-0.93232,0.9550,+0.95600
260801_151215,1,2026-08-01T15:12:15Z,,,,+0.94000
260801_151230,1,2026-08-01T15:12:30Z,,,,+0.96500
260801_151245,1,2026-08-01T15:12:45Z,,,,+0.95800
260801_151300,1,2026-08-01T15:13:00Z,,,,+0.94500
260801_151315,1,2026-08-01T15:13:15Z,,,,+0.98400
260801_151330,1,2026-08-01T15:13:30Z,,,,+0.95400
260801_151345,1,2026-08-01T15:13:45Z,,,,+0.99200
260801_151400,1,2026-08-01T15:14:00Z,,,,+0.97000
260801_151415,1,2026-08-01T15:14:15Z,,,,+0.95800
260801_151430,1,2026-08-01T15:14:30Z,-0.93233,-0.93232,0.9575,+0.94700
260801_151445,1,2026-08-01T15:14:45Z,,,,+0.94200
260801_151500,1,2026-08-01T15:15:00Z,,,,+0.98000
260801_151515,1,2026-08-01T15:15:15Z,,,,+0.95200
260801_151530,1,2026-08-01T15:15:30Z,,,,+0.97500
260801_151545,1,2026-08-01T15:15:45Z,,,,+0.98700
260801_151600,1,2026-08-01T15:16:00Z,,,,+0.95400
260801_151615,1,2026-08-01T15:16:15Z,,,,+0.99700
260801_151630,1,2026-08-01T15:16:30Z,,,,+0.96700
260801_151645,1,2026-08-01T15:16:45Z,,,,+0.94400
260801_151700,1,2026-08-01T15:17:00Z,-0.97233,-0.97232,0.9770,+0.98100
260801_151715,1,2026-08-01T15:17:15Z,,,,+0.94900
260801_151730,1,2026-08-01T15:17:30Z,,,,+0.98700
260801_151745,1,2026-08-01T15:17:45Z,,,,+0.96800
260801_151800,1,2026-08-01T15:18:00Z,,,,+0.96000
260801_151815,1,2026-08-01T15:18:15Z,,,,+0.95400
260801_151830,1,2026-08-01T15:18:30Z,,,,+0.99200
260801_151845,1,2026-08-01T15:18:45Z,,,,+0.96600
260801_151900,1,2026-08-01T15:19:00Z,,,,+0.98100
260801_151915,1,2026-08-01T15:19:15Z,,,,+0.99800
260801_151930,1,2026-08-01T15:19:30Z,-0.97233,-0.97232,0.9755,+0.96000
260801_151946,1,2026-08-01T15:19:46Z,,,,+1.01200
260801_152000,1,2026-08-01T15:20:00Z,,,,+0.99000
260801_152015,1,2026-08-01T15:20:15Z,,,,+0.99000
260801_152030,1,2026-08-01T15:20:30Z,,,,+0.98700
260801_152045,1,2026-08-01T15:20:45Z,,,,+0.98100
260801_152100,1,2026-08-01T15:21:00Z,,,,+0.97600
260801_152115,1,2026-08-01T15:21:15Z,,,,+0.97500
260801_152130,1,2026-08-01T15:21:30Z,,,,+0.97300
260801_152145,1,2026-08-01T15:21:45Z,,,,+0.96200
260801_152200,1,2026-08-01T15:22:00Z,-0.97233,-0.97232,0.9812,+0.96400
260801_152216,1,2026-08-01T15:22:16Z,,,,+1.01300
260801_152231,1,2026-08-01T15:22:31Z,,,,+1.00800
260801_152246,1,2026-08-01T15:22:46Z,,,,+1.01000
260801_152300,1,2026-08-01T15:23:00Z,,,,+0.99900
260801_152316,1,2026-08-01T15:23:16Z,,,,+1.00000
260801_152330,1,2026-08-01T15:23:30Z,,,,+0.99800
260801_152345,1,2026-08-01T15:23:45Z,,,,+0.98600
260801_152400,1,2026-08-01T15:24:00Z,,,,+0.97800
260801_152415,1,2026-08-01T15:24:15Z,,,,+0.97600
260801_152430,1,2026-08-01T15:24:30Z,-0.97233,-0.97233,0.9887,+0.99800
260801_152445,1,2026-08-01T15:24:45Z,,,,+0.98400
260801_152501,1,2026-08-01T15:25:01Z,,,,+1.02000
260801_152515,1,2026-08-01T15:25:15Z,,,,+0.99500
260801_152530,1,2026-08-01T15:25:30Z,,,,+0.98400
260801_152545,1,2026-08-01T15:25:45Z,,,,+0.97200
260801_152601,1,2026-08-01T15:26:01Z,,,,+1.01100
260801_152615,1,2026-08-01T15:26:15Z,,,,+0.97900
260801_152631,1,2026-08-01T15:26:31Z,,,,+1.00700
260801_152646,1,2026-08-01T15:26:46Z,,,,+1.01100
260801_152701,1,2026-08-01T15:27:01Z,-0.97233,-0.97233,0.9840,+1.02500
260801_152715,1,2026-08-01T15:27:15Z,,,,+0.99300
260801_152730,1,2026-08-01T15:27:30Z,,,,+0.99900
260801_152746,1,2026-08-01T15:27:46Z,,,,+1.03300
260801_152800,1,2026-08-01T15:28:00Z,,,,+0.99500
260801_152815,1,2026-08-01T15:28:15Z,,,,+0.97800
260801_152831,1,2026-08-01T15:28:31Z,,,,+1.00900
260801_152845,1,2026-08-01T15:28:45Z,,,,+0.99700
260801_152901,1,2026-08-01T15:29:01Z,,,,+1.03200
260801_152916,1,2026-08-01T15:29:16Z,,,,+1.00600
260801_152930,1,2026-08-01T15:29:30Z,-0.97233,-0.97233,0.9846,+0.98700
260801_152946,1,2026-08-01T15:29:46Z,,,,+1.01500
260801_153001,1,2026-08-01T15:30:01Z,,,,+1.03700
260801_153016,1,2026-08-01T15:30:16Z,,,,+1.00600
260801_153031,1,2026-08-01T15:30:31Z,,,,+1.01400
260801_153046,1,2026-08-01T15:30:46Z,,,,+1.03400
260801_153100,1,2026-08-01T15:31:00Z,,,,+0.98400
260801_153116,1,2026-08-01T15:31:16Z,,,,+1.01500
260801_153131,1,2026-08-01T15:31:31Z,,,,+1.01300
260801_153145,1,2026-08-01T15:31:45Z,,,,+0.99700
260801_153201,1,2026-08-01T15:32:01Z,-1.01233,-1.01233,0.9911,+1.04100
260801_153216,1,2026-08-01T15:32:16Z,,,,+1.01700
260801_153231,1,2026-08-01T15:32:31Z,,,,+1.00200
260801_153246,1,2026-08-01T15:32:46Z,,,,+1.03200
260801_153301,1,2026-08-01T15:33:01Z,,,,+1.01000
260801_153315,1,2026-08-01T15:33:15Z,,,,+0.99100
260801_153331,1,2026-08-01T15:33:31Z,,,,+1.04300
260801_153346,1,2026-08-01T15:33:46Z,,,,+1.01500
260801_153400,1,2026-08-01T15:34:00Z,,,,+0.99400
260801_153416,1,2026-08-01T15:34:16Z,,,,+1.02500
260801_153431,1,2026-08-01T15:34:31Z,-1.01233,-1.01233,0.9891,+1.04900
260801_153446,1,2026-08-01T15:34:46Z,,,,+1.03300
260801_153501,1,2026-08-01T15:35:01Z,,,,+1.02500
260801_153516,1,2026-08-01T15:35:16Z,,,,+1.05500
260801_153531,1,2026-08-01T15:35:31Z,,,,+1.02800
260801_153546,1,2026-08-01T15:35:46Z,,,,+1.02000
260801_153601,1,2026-08-01T15:36:01Z,,,,+1.05500
260801_153616,1,2026-08-01T15:36:16Z,,,,+1.03700
260801_153631,1,2026-08-01T15:36:31Z,,,,+1.00100
260801_153646,1,2026-08-01T15:36:46Z,,,,+1.02900
260801_153701,1,2026-08-01T15:37:01Z,-1.01233,-1.01233,0.9903,+1.01200
260801_153716,1,2026-08-01T15:37:16Z,,,,+1.00800
260801_153731,1,2026-08-01T15:37:31Z,,,,+1.04800
260801_153746,1,2026-08-01T15:37:46Z,,,,+1.01700
260801_153801,1,2026-08-01T15:38:01Z,,,,+1.06300
260801_153816,1,2026-08-01T15:38:16Z,,,,+1.04100
260801_153831,1,2026-08-01T15:38:31Z,,,,+1.02200
260801_153846,1,2026-08-01T15:38:46Z,,,,+1.01700
260801_153901,1,2026-08-01T15:39:01Z,,,,+1.06300
260801_153916,1,2026-08-01T15:39:16Z,,,,+1.03600
260801_153931,1,2026-08-01T15:39:31Z,-1.01233,-1.01233,0.9687,+1.03100
260801_153946,1,2026-08-01T15:39:46Z,,,,+1.01300
260801_154001,1,2026-08-01T15:40:01Z,,,,+1.06100
260801_154016,1,2026-08-01T15:40:16Z,,,,+1.05500
260801_154031,1,2026-08-01T15:40:31Z,,,,+1.03000
260801_154046,1,2026-08-01T15:40:46Z,,,,+1.06100
260801_154101,1,2026-08-01T15:41:01Z,,,,+1.02500
260801_154116,1,2026-08-01T15:41:16Z,,,,+1.07300
260801_154131,1,2026-08-01T15:41:31Z,,,,+1.04600
260801_154146,1,2026-08-01T15:41:46Z,,,,+1.06900
260801_154201,1,2026-08-01T15:42:01Z,-1.01233,-1.01233,0.9897,+1.03300
260801_154216,1,2026-08-01T15:42:16Z,,,,+1.05400
260801_154231,1,2026-08-01T15:42:31Z,,,,+1.07400
260801_154246,1,2026-08-01T15:42:46Z,,,,+1.04900
260801_154301,1,2026-08-01T15:43:01Z,,,,+1.05400
260801_154316,1,2026-08-01T15:43:16Z,,,,+1.05900
260801_154331,1,2026-08-01T15:43:31Z,,,,+1.06300
260801_154346,1,2026-08-01T15:43:46Z,,,,+1.06800
260801_154401,1,2026-08-01T15:44:01Z,,,,+1.02100
260801_154416,1,2026-08-01T15:44:16Z,,,,+1.02300
260801_154431,1,2026-08-01T15:44:31Z,-1.05233,-1.05233,0.9460,+1.06800
260801_154446,1,2026-08-01T15:44:46Z,,,,+1.04900
260801_154501,1,2026-08-01T15:45:01Z,,,,+1.04200
260801_154516,1,2026-08-01T15:45:16Z,,,,+1.02800
260801_154531,1,2026-08-01T15:45:31Z,,,,+1.08500
260801_154546,1,2026-08-01T15:45:46Z,,,,+1.07900
260801_154601,1,2026-08-01T15:46:01Z,,,,+1.06900
260801_154616,1,2026-08-01T15:46:16Z,,,,+1.04800
260801_154631,1,2026-08-01T15:46:31Z,,,,+1.03200
260801_154646,1,2026-08-01T15:46:46Z,,,,+1.07800
260801_154701,1,2026-08-01T15:47:01Z,-1.05233,-1.05233,0.9916,+1.06800
260801_154716,1,2026-08-01T15:47:16Z,,,,+1.03300
260801_154731,1,2026-08-01T15:47:31Z,,,,+1.06900
260801_154746,1,2026-08-01T15:47:46Z,,,,+1.05300
260801_154801,1,2026-08-01T15:48:01Z,,,,+1.09200
260801_154816,1,2026-08-01T15:48:16Z,,,,+1.08500
260801_154831,1,2026-08-01T15:48:31Z,,,,+1.07800
260801_154846,1,2026-08-01T15:48:46Z,,,,+1.06100
260801_154901,1,2026-08-01T15:49:01Z,,,,+1.06000
260801_154916,1,2026-08-01T15:49:16Z,,,,+1.04200
260801_154931,1,2026-08-01T15:49:31Z,-1.05233,-1.05233,0.9919,+1.09000
260801_154946,1,2026-08-01T15:49:46Z,,,,+1.06000
260801_155001,1,2026-08-01T15:50:01Z,,,,+1.05000
260801_155016,1,2026-08-01T15:50:16Z,,,,+1.04000
260801_155031,1,2026-08-01T15:50:31Z,,,,+1.09300
260801_155046,1,2026-08-01T15:50:46Z,,,,+1.09500
260801_155101,1,2026-08-01T15:51:01Z,,,,+1.08100
260801_155116,1,2026-08-01T15:51:16Z,,,,+1.07700
260801_155131,1,2026-08-01T15:51:31Z,,,,+1.07700
260801_155146,1,2026-08-01T15:51:46Z,,,,+1.07800
260801_155201,1,2026-08-01T15:52:01Z,-1.05233,-1.05233,0.9805,+1.08700
260801_155216,1,2026-08-01T15:52:16Z,,,,+1.09100
260801_155231,1,2026-08-01T15:52:31Z,,,,+1.09400
260801_155246,1,2026-08-01T15:52:46Z,,,,+1.10200
260801_155301,1,2026-08-01T15:53:01Z,,,,+1.09300
260801_155316,1,2026-08-01T15:53:16Z,,,,+1.10000
260801_155331,1,2026-08-01T15:53:31Z,,,,+1.08400
260801_155346,1,2026-08-01T15:53:46Z,,,,+1.07900
260801_155401,1,2026-08-01T15:54:01Z,,,,+1.07700
260801_155416,1,2026-08-01T15:54:16Z,,,,+1.05900
260801_155431,1,2026-08-01T15:54:31Z,-1.05233,-1.05233,0.9942,+1.10400
260801_155446,1,2026-08-01T15:54:46Z,,,,+1.09000
260801_155501,1,2026-08-01T15:55:01Z,,,,+1.08300
260801_155516,1,2026-08-01T15:55:16Z,,,,+1.05800
260801_155531,1,2026-08-01T15:55:31Z,,,,+1.10500
260801_155546,1,2026-08-01T15:55:46Z,,,,+1.08800
260801_155601,1,2026-08-01T15:56:01Z,,,,+1.07400
260801_155616,1,2026-08-01T15:56:16Z,,,,+1.11700
260801_155631,1,2026-08-01T15:56:31Z,,,,+1.05700
260801_155646,1,2026-08-01T15:56:46Z,,,,+1.05800
260801_155701,1,2026-08-01T15:57:01Z,-1.05233,-1.05233,0.9832,+1.05800
260801_155716,1,2026-08-01T15:57:16Z,,,,+1.05800
260801_155731,1,2026-08-01T15:57:31Z,,,,+1.11300
260801_155746,1,2026-08-01T15:57:46Z,,,,+1.10400
260801_155801,1,2026-08-01T15:58:01Z,,,,+1.11000
260801_155816,1,2026-08-01T15:58:16Z,,,,+1.11200
260801_155831,1,2026-08-01T15:58:31Z,,,,+1.11500
260801_155846,1,2026-08-01T15:58:46Z,,,,+1.10500
260801_155901,1,2026-08-01T15:59:01Z,,,,+1.12400
260801_155916,1,2026-08-01T15:59:16Z,,,,+1.11900
260801_155931,1,2026-08-01T15:59:31Z,-1.09233,-1.09233,0.9527,+1.07200
260801_155946,1,2026-08-01T15:59:46Z,,,,+1.07300
260801_160001,1,2026-08-01T16:00:01Z,,,,+1.07200
260801_160016,1,2026-08-01T16:00:16Z,,,,+1.07400
260801_160031,1,2026-08-01T16:00:31Z,,,,+1.09300
260801_160046,1,2026-08-01T16:00:46Z,,,,+1.10000
260801_160101,1,2026-08-01T16:01:01Z,,,,+1.10000
260801_160116,1,2026-08-01T16:01:16Z,,,,+1.07800
260801_160131,1,2026-08-01T16:01:31Z,,,,+1.11100
260801_160146,1,2026-08-01T16:01:46Z,,,,+1.10200
260801_160201,1,2026-08-01T16:02:01Z,-1.09233,-1.09233,0.9764,+1.09400
260801_160216,1,2026-08-01T16:02:16Z,,,,+1.08200
260801_160231,1,2026-08-01T16:02:31Z,,,,+1.07900
260801_160246,1,2026-08-01T16:02:46Z,,,,+1.12400
260801_160301,1,2026-08-01T16:03:01Z,,,,+1.13400
260801_160316,1,2026-08-01T16:03:16Z,,,,+1.09100
260801_160331,1,2026-08-01T16:03:31Z,,,,+1.07700
260801_160346,1,2026-08-01T16:03:46Z,,,,+1.11100
260801_160401,1,2026-08-01T16:04:01Z,,,,+1.13400
260801_160416,1,2026-08-01T16:04:16Z,,,,+1.13000
260801_160431,1,2026-08-01T16:04:31Z,-1.09233,-1.09233,0.9033,+1.11100
260801_160446,1,2026-08-01T16:04:46Z,,,,+1.08000
260801_160501,1,2026-08-01T16:05:01Z,,,,+1.11800
260801_160516,1,2026-08-01T16:05:16Z,,,,+1.12400
260801_160531,1,2026-08-01T16:05:31Z,,,,+1.09400
260801_160546,1,2026-08-01T16:05:46Z,,,,+1.13000
260801_160601,1,2026-08-01T16:06:01Z,,,,+1.09900
260801_160616,1,2026-08-01T16:06:16Z,,,,+1.13300
260801_160631,1,2026-08-01T16:06:31Z,,,,+1.09800
260801_160646,1,2026-08-01T16:06:46Z,,,,+1.13100
260801_160701,1,2026-08-01T16:07:01Z,-1.09233,-1.09233,0.9810,+1.11700
260801_160716,1,2026-08-01T16:07:16Z,,,,+1.08900
260801_160731,1,2026-08-01T16:07:31Z,,,,+1.11400
260801_160746,1,2026-08-01T16:07:46Z,,,,+1.09000
260801_160801,1,2026-08-01T16:08:01Z,,,,+1.09000
260801_160816,1,2026-08-01T16:08:16Z,,,,+1.12600
260801_160831,1,2026-08-01T16:08:31Z,,,,+1.13300
260801_160846,1,2026-08-01T16:08:46Z,,,,+1.09400
260801_160901,1,2026-08-01T16:09:01Z,,,,+1.12100
260801_160916,1,2026-08-01T16:09:16Z,,,,+1.14400
260801_160931,1,2026-08-01T16:09:31Z,-1.09233,-1.09232,0.9742,+1.10600
260801_160946,1,2026-08-01T16:09:46Z,,,,+1.14400
260801_161001,1,2026-08-01T16:10:01Z,,,,+1.12100
260801_161016,1,2026-08-01T16:10:16Z,,,,+1.14600
260801_161031,1,2026-08-01T16:10:31Z,,,,+1.12100
260801_161046,1,2026-08-01T16:10:46Z,,,,+1.14100
260801_161101,1,2026-08-01T16:11:01Z,,,,+1.11700
260801_161116,1,2026-08-01T16:11:16Z,,,,+1.13200
260801_161131,1,2026-08-01T16:11:31Z,,,,+1.11200
260801_161146,1,2026-08-01T16:11:46Z,,,,+1.12300
260801_161201,1,2026-08-01T16:12:01Z,-1.09233,-1.09233,0.9740,+1.13400
260801_161216,1,2026-08-01T16:12:16Z,,,,+1.12300
260801_161231,1,2026-08-01T16:12:31Z,,,,+1.11200
260801_161246,1,2026-08-01T16:12:46Z,,,,+1.15600
260801_161301,1,2026-08-01T16:13:01Z,,,,+1.11800
260801_161316,1,2026-08-01T16:13:16Z,,,,+1.15700
260801_161331,1,2026-08-01T16:13:31Z,,,,+1.14000
260801_161346,1,2026-08-01T16:13:46Z,,,,+1.11800
260801_161401,1,2026-08-01T16:14:01Z,,,,+1.15200
260801_161416,1,2026-08-01T16:14:16Z,,,,+1.12400
260801_161431,1,2026-08-01T16:14:31Z,-1.13233,-1.13233,0.9523,+1.16100
260801_161446,1,2026-08-01T16:14:46Z,,,,+1.14900
260801_161501,1,2026-08-01T16:15:01Z,,,,+1.14800
260801_161516,1,2026-08-01T16:15:16Z,,,,+1.13100
260801_161531,1,2026-08-01T16:15:31Z,,,,+1.12500
260801_161546,1,2026-08-01T16:15:46Z,,,,+1.11300
260801_161601,1,2026-08-01T16:16:01Z,,,,+1.15800
260801_161616,1,2026-08-01T16:16:16Z,,,,+1.14200
260801_161631,1,2026-08-01T16:16:31Z,,,,+1.12000
260801_161646,1,2026-08-01T16:16:46Z,,,,+1.15500
260801_161701,1,2026-08-01T16:17:01Z,-1.13233,-1.13233,0.9869,+1.12600
260801_161716,1,2026-08-01T16:17:16Z,,,,+1.16900
260801_161731,1,2026-08-01T16:17:31Z,,,,+1.15300
260801_161746,1,2026-08-01T16:17:46Z,,,,+1.14000
260801_161801,1,2026-08-01T16:18:01Z,,,,+1.12300
260801_161816,1,2026-08-01T16:18:16Z,,,,+1.12100
260801_161831,1,2026-08-01T16:18:31Z,,,,+1.17600
260801_161846,1,2026-08-01T16:18:46Z,,,,+1.16600
260801_161901,1,2026-08-01T16:19:01Z,,,,+1.15500
260801_161916,1,2026-08-01T16:19:16Z,,,,+1.14900
260801_161931,1,2026-08-01T16:19:31Z,-1.13233,-1.13233,0.9955,+1.12700
260801_161946,1,2026-08-01T16:19:46Z,,,,+1.18300
260801_162001,1,2026-08-01T16:20:01Z,,,,+1.16700
260801_162016,1,2026-08-01T16:20:16Z,,,,+1.15000
260801_162031,1,2026-08-01T16:20:31Z,,,,+1.12800
260801_162046,1,2026-08-01T16:20:46Z,,,,+1.16600
260801_162101,1,2026-08-01T16:21:01Z,,,,+1.15300
260801_162116,1,2026-08-01T16:21:16Z,,,,+1.14800
260801_162131,1,2026-08-01T16:21:31Z,,,,+1.13300
260801_162146,1,2026-08-01T16:21:46Z,,,,+1.18400
260801_162201,1,2026-08-01T16:22:01Z,-1.13233,-1.13233,0.9887,+1.16500
260801_162216,1,2026-08-01T16:22:16Z,,,,+1.14900
260801_162231,1,2026-08-01T16:22:31Z,,,,+1.19200
260801_162246,1,2026-08-01T16:22:46Z,,,,+1.16000
260801_162301,1,2026-08-01T16:23:01Z,,,,+1.14000
260801_162316,1,2026-08-01T16:23:16Z,,,,+1.17200
260801_162331,1,2026-08-01T16:23:31Z,,,,+1.18100
260801_162346,1,2026-08-01T16:23:46Z,,,,+1.16100
260801_162401,1,2026-08-01T16:24:01Z,,,,+1.16300
260801_162416,1,2026-08-01T16:24:16Z,,,,+1.16600
260801_162431,1,2026-08-01T16:24:31Z,-1.13233,-1.13233,0.9859,+1.16300
260801_162446,1,2026-08-01T16:24:46Z,,,,+1.15600
260801_162501,1,2026-08-01T16:25:01Z,,,,+1.16400
260801_162516,1,2026-08-01T16:25:16Z,,,,+1.16900
260801_162531,1,2026-08-01T16:25:31Z,,,,+1.18900
260801_162546,1,2026-08-01T16:25:46Z,,,,+1.18400
260801_162601,1,2026-08-01T16:26:01Z,,,,+1.18000
260801_162616,1,2026-08-01T16:26:16Z,,,,+1.15700
260801_162631,1,2026-08-01T16:26:31Z,,,,+1.15500
260801_162646,1,2026-08-01T16:26:46Z,,,,+1.18000
260801_162701,1,2026-08-01T16:27:01Z,-1.17233,-1.17233,0.9916,+1.15900
260801_162716,1,2026-08-01T16:27:16Z,,,,+1.20000
260801_162731,1,2026-08-01T16:27:31Z,,,,+1.19400
260801_162746,1,2026-08-01T16:27:46Z,,,,+1.15500
260801_162801,1,2026-08-01T16:28:01Z,,,,+1.19900
260801_162816,1,2026-08-01T16:28:16Z,,,,+1.17000
260801_162831,1,2026-08-01T16:28:31Z,,,,+1.15400
260801_162846,1,2026-08-01T16:28:46Z,,,,+1.20400
260801_162901,1,2026-08-01T16:29:01Z,,,,+1.19500
260801_162916,1,2026-08-01T16:29:16Z,,,,+1.18300
260801_162931,1,2026-08-01T16:29:31Z,-1.17233,-1.17233,0.9928,+1.19000
260801_162946,1,2026-08-01T16:29:46Z,,,,+1.19100
260801_163001,1,2026-08-01T16:30:01Z,,,,+1.20300
260801_163016,1,2026-08-01T16:30:16Z,,,,+1.19700
260801_163031,1,2026-08-01T16:30:31Z,,,,+1.18800
260801_163046,1,2026-08-01T16:30:46Z,,,,+1.18900
260801_163101,1,2026-08-01T16:31:01Z,,,,+1.18900
260801_163116,1,2026-08-01T16:31:16Z,,,,+1.19600
260801_163131,1,2026-08-01T16:31:31Z,,,,+1.18300
260801_163146,1,2026-08-01T16:31:46Z,,,,+1.18300
260801_163201,1,2026-08-01T16:32:01Z,-1.17233,-1.17233,0.9939,+1.18200
260801_163216,1,2026-08-01T16:32:16Z,,,,+1.16700
260801_163231,1,2026-08-01T16:32:31Z,,,,+1.21700
260801_163246,1,2026-08-01T16:32:46Z,,,,+1.21600
260801_163301,1,2026-08-01T16:33:01Z,,,,+1.16100
260801_163316,1,2026-08-01T16:33:16Z,,,,+1.21100
260801_163331,1,2026-08-01T16:33:31Z,,,,+1.20800
260801_163346,1,2026-08-01T16:33:46Z,,,,+1.19500
260801_163401,1,2026-08-01T16:34:01Z,,,,+1.19100
260801_163416,1,2026-08-01T16:34:16Z,,,,+1.17200
260801_163431,1,2026-08-01T16:34:31Z,-1.17233,-1.17233,0.9939,+1.18800
260801_163446,1,2026-08-01T16:34:46Z,,,,+1.17900
260801_163501,1,2026-08-01T16:35:01Z,,,,+1.20400
260801_163516,1,2026-08-01T16:35:16Z,,,,+1.22400
260801_163531,1,2026-08-01T16:35:31Z,,,,+1.18100
260801_163546,1,2026-08-01T16:35:46Z,,,,+1.18900
260801_163601,1,2026-08-01T16:36:01Z,,,,+1.17000
260801_163616,1,2026-08-01T16:36:16Z,,,,+1.17200
260801_163631,1,2026-08-01T16:36:31Z,,,,+1.18000
260801_163646,1,2026-08-01T16:36:46Z,,,,+1.19500
260801_163701,1,2026-08-01T16:37:01Z,-1.17233,-1.17233,0.9903,+1.20300
260801_163716,1,2026-08-01T16:37:16Z,,,,+1.22600
260801_163731,1,2026-08-01T16:37:31Z,,,,+1.18600
260801_163746,1,2026-08-01T16:37:46Z,,,,+1.22000
260801_163801,1,2026-08-01T16:38:01Z,,,,+1.22900
260801_163816,1,2026-08-01T16:38:16Z,,,,+1.22300
260801_163831,1,2026-08-01T16:38:31Z,,,,+1.19700
260801_163846,1,2026-08-01T16:38:46Z,,,,+1.18300
260801_163901,1,2026-08-01T16:39:01Z,,,,+1.23300
260801_163916,1,2026-08-01T16:39:16Z,,,,+1.21000
260801_163931,1,2026-08-01T16:39:31Z,-1.17233,-1.17233,0.9936,+1.18200
260801_163946,1,2026-08-01T16:39:46Z,,,,+1.22700
260801_164001,1,2026-08-01T16:40:01Z,,,,+1.19200
260801_164016,1,2026-08-01T16:40:16Z,,,,+1.23400
260801_164031,1,2026-08-01T16:40:31Z,,,,+1.20300
260801_164046,1,2026-08-01T16:40:46Z,,,,+1.23400
260801_164101,1,2026-08-01T16:41:01Z,,,,+1.21200
260801_164116,1,2026-08-01T16:41:16Z,,,,+1.24200
260801_164131,1,2026-08-01T16:41:31Z,,,,+1.20300
260801_164146,1,2026-08-01T16:41:46Z,,,,+1.19000
260801_164201,1,2026-08-01T16:42:01Z,-1.21233,-1.21233,0.9950,+1.22400
260801_164216,1,2026-08-01T16:42:16Z,,,,+1.24800
260801_164231,1,2026-08-01T16:42:31Z,,,,+1.19900
260801_164246,1,2026-08-01T16:42:46Z,,,,+1.24300
260801_164301,1,2026-08-01T16:43:01Z,,,,+1.20300
260801_164316,1,2026-08-01T16:43:16Z,,,,+1.21900
260801_164331,1,2026-08-01T16:43:31Z,,,,+1.24400
260801_164346,1,2026-08-01T16:43:46Z,,,,+1.20900
260801_164401,1,2026-08-01T16:44:01Z,,,,+1.25000
260801_164416,1,2026-08-01T16:44:16Z,,,,+1.22500
260801_164431,1,2026-08-01T16:44:31Z,-1.21233,-1.21233,0.9876,+1.20100
260801_164446,1,2026-08-01T16:44:46Z,,,,+1.23900
260801_164501,1,2026-08-01T16:45:01Z,,,,+1.21900
260801_164516,1,2026-08-01T16:45:16Z,,,,+1.21400
260801_164531,1,2026-08-01T16:45:31Z,,,,+1.24600
260801_164546,1,2026-08-01T16:45:46Z,,,,+1.24900
260801_164601,1,2026-08-01T16:46:01Z,,,,+1.22700
260801_164616,1,2026-08-01T16:46:16Z,,,,+1.22100
260801_164631,1,2026-08-01T16:46:31Z,,,,+1.20100
260801_164646,1,2026-08-01T16:46:46Z,,,,+1.20500
260801_164701,1,2026-08-01T16:47:01Z,-1.21233,-1.21233,0.9923,+1.20200
260801_164716,1,2026-08-01T16:47:16Z,,,,+1.26200
260801_164731,1,2026-08-01T16:47:31Z,,,,+1.24500
260801_164746,1,2026-08-01T16:47:46Z,,,,+1.22700
260801_164801,1,2026-08-01T16:48:01Z,,,,+1.22400
260801_164816,1,2026-08-01T16:48:16Z,,,,+1.22000
260801_164831,1,2026-08-01T16:48:31Z,,,,+1.22700
260801_164846,1,2026-08-01T16:48:46Z,,,,+1.22600
260801_164901,1,2026-08-01T16:49:01Z,,,,+1.23700
260801_164916,1,2026-08-01T16:49:16Z,,,,+1.22900
260801_164931,1,2026-08-01T16:49:31Z,-1.21233,-1.21233,0.9921,+1.21800
260801_164946,1,2026-08-01T16:49:46Z,,,,+1.26100
260801_165001,1,2026-08-01T16:50:01Z,,,,+1.21400
260801_165016,1,2026-08-01T16:50:16Z,,,,+1.21700
260801_165031,1,2026-08-01T16:50:31Z,,,,+1.25600
260801_165046,1,2026-08-01T16:50:46Z,,,,+1.22000
260801_165101,1,2026-08-01T16:51:01Z,,,,+1.26200
260801_165116,1,2026-08-01T16:51:16Z,,,,+1.22900
260801_165131,1,2026-08-01T16:51:31Z,,,,+1.24200
260801_165146,1,2026-08-01T16:51:46Z,,,,+1.25200
260801_165201,1,2026-08-01T16:52:01Z,-1.21233,-1.21233,0.9872,+1.21700
260801_165216,1,2026-08-01T16:52:16Z,,,,+1.27100
260801_165231,1,2026-08-01T16:52:31Z,,,,+1.24900
260801_165246,1,2026-08-01T16:52:46Z,,,,+1.22900
260801_165301,1,2026-08-01T16:53:01Z,,,,+1.22000
260801_165316,1,2026-08-01T16:53:16Z,,,,+1.28200
260801_165331,1,2026-08-01T16:53:31Z,,,,+1.27000
260801_165346,1,2026-08-01T16:53:46Z,,,,+1.26500
260801_165401,1,2026-08-01T16:54:01Z,,,,+1.25400
260801_165416,1,2026-08-01T16:54:16Z,,,,+1.26400
260801_165431,1,2026-08-01T16:54:31Z,-1.25233,-1.25232,0.9856,+1.25500
260801_165446,1,2026-08-01T16:54:46Z,,,,+1.25500
260801_165501,1,2026-08-01T16:55:01Z,,,,+1.24600
260801_165516,1,2026-08-01T16:55:16Z,,,,+1.27900
260801_165531,1,2026-08-01T16:55:31Z,,,,+1.26900
260801_165546,1,2026-08-01T16:55:46Z,,,,+1.28400
260801_165601,1,2026-08-01T16:56:01Z,,,,+1.25200
260801_165616,1,2026-08-01T16:56:16Z,,,,+1.27900
260801_165631,1,2026-08-01T16:56:31Z,,,,+1.23900
260801_165646,1,2026-08-01T16:56:46Z,,,,+1.27000
260801_165701,1,2026-08-01T16:57:01Z,-1.25233,-1.25233,0.9915,+1.28700
260801_165716,1,2026-08-01T16:57:16Z,,,,+1.26300
260801_165731,1,2026-08-01T16:57:31Z,,,,+1.28800
260801_165746,1,2026-08-01T16:57:46Z,,,,+1.24500
260801_165801,1,2026-08-01T16:58:01Z,,,,+1.26100
260801_165816,1,2026-08-01T16:58:16Z,,,,+1.29400
260801_165831,1,2026-08-01T16:58:31Z,,,,+1.25100
260801_165846,1,2026-08-01T16:58:46Z,,,,+1.27100
260801_165901,1,2026-08-01T16:59:01Z,,,,+1.24100
260801_165916,1,2026-08-01T16:59:16Z,,,,+1.25800
260801_165931,1,2026-08-01T16:59:31Z,-1.25233,-1.25233,0.9780,+1.28100
260801_165946,1,2026-08-01T16:59:46Z,,,,+1.25800
260801_170001,1,2026-08-01T17:00:01Z,,,,+1.29900
260801_170016,1,2026-08-01T17:00:16Z,,,,+1.24900
260801_170031,1,2026-08-01T17:00:31Z,,,,+1.24900
260801_170046,1,2026-08-01T17:00:46Z,,,,+1.25900
260801_170101,1,2026-08-01T17:01:01Z,,,,+1.26100
260801_170116,1,2026-08-01T17:01:16Z,,,,+1.27400
260801_170131,1,2026-08-01T17:01:31Z,,,,+1.28000
260801_170146,1,2026-08-01T17:01:46Z,,,,+1.28000
260801_170201,1,2026-08-01T17:02:01Z,-1.25233,-1.25233,0.9882,+1.28400
260801_170216,1,2026-08-01T17:02:16Z,,,,+1.28300
260801_170231,1,2026-08-01T17:02:31Z,,,,+1.25100
260801_170246,1,2026-08-01T17:02:46Z,,,,+1.29600
260801_170301,1,2026-08-01T17:03:01Z,,,,+1.25400
260801_170316,1,2026-08-01T17:03:16Z,,,,+1.27600
260801_170331,1,2026-08-01T17:03:31Z,,,,+1.25400
260801_170346,1,2026-08-01T17:03:46Z,,,,+1.27200
260801_170401,1,2026-08-01T17:04:01Z,,,,+1.29000
260801_170416,1,2026-08-01T17:04:16Z,,,,+1.26600
260801_170431,1,2026-08-01T17:04:31Z,-1.25233,-1.25233,0.9871,+1.28500
260801_170446,1,2026-08-01T17:04:46Z,,,,+1.26100
260801_170501,1,2026-08-01T17:05:01Z,,,,+1.29000
260801_170516,1,2026-08-01T17:05:16Z,,,,+1.27200
260801_170531,1,2026-08-01T17:05:31Z,,,,+1.31400
260801_170546,1,2026-08-01T17:05:46Z,,,,+1.31600
260801_170601,1,2026-08-01T17:06:01Z,,,,+1.25600
260801_170616,1,2026-08-01T17:06:16Z,,,,+1.31100
260801_170631,1,2026-08-01T17:06:31Z,,,,+1.30200
260801_170646,1,2026-08-01T17:06:46Z,,,,+1.29700
260801_170701,1,2026-08-01T17:07:01Z,-1.25233,-1.25233,0.9868,+1.26700
260801_170716,1,2026-08-01T17:07:16Z,,,,+1.31900
260801_170731,1,2026-08-01T17:07:31Z,,,,+1.30600
260801_170746,1,2026-08-01T17:07:46Z,,,,+1.26600
260801_170801,1,2026-08-01T17:08:01Z,,,,+1.26100
260801_170816,1,2026-08-01T17:08:16Z,,,,+1.32100
260801_170831,1,2026-08-01T17:08:31Z,,,,+1.26700
260801_170846,1,2026-08-01T17:08:46Z,,,,+1.28100
260801_170901,1,2026-08-01T17:09:01Z,,,,+1.28700
260801_170916,1,2026-08-01T17:09:16Z,,,,+1.29800
260801_170931,1,2026-08-01T17:09:31Z,-1.29233,-1.29233,0.9924,+1.32300
260801_170946,1,2026-08-01T17:09:46Z,,,,+1.27600
260801_171001,1,2026-08-01T17:10:01Z,,,,+1.29400
260801_171016,1,2026-08-01T17:10:16Z,,,,+1.30400
260801_171031,1,2026-08-01T17:10:31Z,,,,+1.32500
260801_171046,1,2026-08-01T17:10:46Z,,,,+1.28400
260801_171101,1,2026-08-01T17:11:01Z,,,,+1.31500
260801_171116,1,2026-08-01T17:11:16Z,,,,+1.28600
260801_171131,1,2026-08-01T17:11:31Z,,,,+1.29800
260801_171146,1,2026-08-01T17:11:46Z,,,,+1.31400
260801_171201,1,2026-08-01T17:12:01Z,-1.29233,-1.29233,0.9912,+1.30700
260801_171216,1,2026-08-01T17:12:16Z,,,,+1.29400
260801_171231,1,2026-08-01T17:12:31Z,,,,+1.33600
260801_171246,1,2026-08-01T17:12:46Z,,,,+1.33100
260801_171301,1,2026-08-01T17:13:01Z,,,,+1.30900
260801_171316,1,2026-08-01T17:13:16Z,,,,+1.29000
260801_171331,1,2026-08-01T17:13:31Z,,,,+1.28500
260801_171346,1,2026-08-01T17:13:46Z,,,,+1.29000
260801_171401,1,2026-08-01T17:14:01Z,,,,+1.30600
260801_171416,1,2026-08-01T17:14:16Z,,,,+1.32000
260801_171431,1,2026-08-01T17:14:31Z,-1.29233,-1.29232,0.9847,+1.33200
260801_171446,1,2026-08-01T17:14:46Z,,,,+1.32100
260801_171501,1,2026-08-01T17:15:01Z,,,,+1.28700
260801_171516,1,2026-08-01T17:15:16Z,,,,+1.33600
260801_171531,1,2026-08-01T17:15:31Z,,,,+1.31700
260801_171546,1,2026-08-01T17:15:46Z,,,,+1.31800
260801_171601,1,2026-08-01T17:16:01Z,,,,+1.31600
260801_171616,1,2026-08-01T17:16:16Z,,,,+1.31100
260801_171631,1,2026-08-01T17:16:31Z,,,,+1.31800
260801_171646,1,2026-08-01T17:16:46Z,,,,+1.30000
260801_171701,1,2026-08-01T17:17:01Z,-1.29233,-1.29232,0.9835,+1.34500
260801_171716,1,2026-08-01T17:17:16Z,,,,+1.30400
260801_171731,1,2026-08-01T17:17:31Z,,,,+1.33700
260801_171746,1,2026-08-01T17:17:46Z,,,,+1.34600
260801_171801,1,2026-08-01T17:18:01Z,,,,+1.29400
260801_171816,1,2026-08-01T17:18:16Z,,,,+1.31100
260801_171831,1,2026-08-01T17:18:31Z,,,,+1.32600
260801_171846,1,2026-08-01T17:18:46Z,,,,+1.33400
260801_171901,1,2026-08-01T17:19:01Z,,,,+1.30300
260801_171916,1,2026-08-01T17:19:16Z,,,,+1.31800
260801_171931,1,2026-08-01T17:19:31Z,-1.29233,-1.29233,0.9950,+1.34600
260801_171946,1,2026-08-01T17:19:46Z,,,,+1.34200
260801_172001,1,2026-08-01T17:20:01Z,,,,+1.34300
260801_172016,1,2026-08-01T17:20:16Z,,,,+1.34800
260801_172031,1,2026-08-01T17:20:31Z,,,,+1.35100
260801_172046,1,2026-08-01T17:20:46Z,,,,+1.34500
260801_172101,1,2026-08-01T17:21:01Z,,,,+1.34200
260801_172116,1,2026-08-01T17:21:16Z,,,,+1.33200
260801_172131,1,2026-08-01T17:21:31Z,,,,+1.32900
260801_172146,1,2026-08-01T17:21:46Z,,,,+1.33600
260801_172201,1,2026-08-01T17:22:01Z,-1.33233,-1.33233,0.9104,+1.34100
260801_172216,1,2026-08-01T17:22:16Z,,,,+1.36400
260801_172231,1,2026-08-01T17:22:31Z,,,,+1.32100
260801_172246,1,2026-08-01T17:22:46Z,,,,+1.35800
260801_172301,1,2026-08-01T17:23:01Z,,,,+1.32600
260801_172316,1,2026-08-01T17:23:16Z,,,,+1.34500
260801_172331,1,2026-08-01T17:23:31Z,,,,+1.36500
260801_172346,1,2026-08-01T17:23:46Z,,,,+1.31200
260801_172401,1,2026-08-01T17:24:01Z,,,,+1.32100
260801_172416,1,2026-08-01T17:24:16Z,,,,+1.34200
260801_172431,1,2026-08-01T17:24:31Z,-1.33233,-1.33233,0.9940,+1.35400
260801_172446,1,2026-08-01T17:24:46Z,,,,+1.36400
260801_172501,1,2026-08-01T17:25:01Z,,,,+1.31300
260801_172516,1,2026-08-01T17:25:16Z,,,,+1.34400
260801_172531,1,2026-08-01T17:25:31Z,,,,+1.31800
260801_172546,1,2026-08-01T17:25:46Z,,,,+1.36800
260801_172601,1,2026-08-01T17:26:01Z,,,,+1.36000
260801_172616,1,2026-08-01T17:26:16Z,,,,+1.33900
260801_172631,1,2026-08-01T17:26:31Z,,,,+1.33700
260801_172646,1,2026-08-01T17:26:46Z,,,,+1.33800
260801_172701,1,2026-08-01T17:27:01Z,-1.33233,-1.33232,0.9807,+1.33300
260801_172716,1,2026-08-01T17:27:16Z,,,,+1.32600
260801_172731,1,2026-08-01T17:27:31Z,,,,+1.36400
260801_172746,1,2026-08-01T17:27:46Z,,,,+1.35000
260801_172801,1,2026-08-01T17:28:01Z,,,,+1.32900
260801_172816,1,2026-08-01T17:28:16Z,,,,+1.32000
260801_172831,1,2026-08-01T17:28:31Z,,,,+1.35700
260801_172846,1,2026-08-01T17:28:46Z,,,,+1.34500
260801_172901,1,2026-08-01T17:29:01Z,,,,+1.34100
260801_172916,1,2026-08-01T17:29:16Z,,,,+1.33300
260801_172931,1,2026-08-01T17:29:31Z,-1.33233,-1.33233,0.9772,+1.37700
260801_172946,1,2026-08-01T17:29:46Z,,,,+1.36200
260801_173001,1,2026-08-01T17:30:01Z,,,,+1.33300
260801_173016,1,2026-08-01T17:30:16Z,,,,+1.34300
260801_173031,1,2026-08-01T17:30:31Z,,,,+1.37800
260801_173046,1,2026-08-01T17:30:46Z,,,,+1.33400
260801_173101,1,2026-08-01T17:31:01Z,,,,+1.32700
260801_173116,1,2026-08-01T17:31:16Z,,,,+1.37400
260801_173131,1,2026-08-01T17:31:31Z,,,,+1.34500
260801_173146,1,2026-08-01T17:31:46Z,,,,+1.37300
260801_173201,1,2026-08-01T17:32:01Z,-1.33233,-1.33232,0.9770,+1.33800
260801_173216,1,2026-08-01T17:32:16Z,,,,+1.36600
260801_173231,1,2026-08-01T17:32:31Z,,,,+1.33100
260801_173246,1,2026-08-01T17:32:46Z,,,,+1.36400
260801_173301,1,2026-08-01T17:33:01Z,,,,+1.33600
260801_173316,1,2026-08-01T17:33:16Z,,,,+1.38900
260801_173331,1,2026-08-01T17:33:31Z,,,,+1.35700
260801_173346,1,2026-08-01T17:33:46Z,,,,+1.34600
260801_173401,1,2026-08-01T17:34:01Z,,,,+1.37400
260801_173416,1,2026-08-01T17:34:16Z,,,,+1.38700
260801_173431,1,2026-08-01T17:34:31Z,-1.33233,-1.33233,0.9831,+1.39500
260801_173446,1,2026-08-01T17:34:46Z,,,,+1.37500
260801_173501,1,2026-08-01T17:35:01Z,,,,+1.38100
260801_173516,1,2026-08-01T17:35:16Z,,,,+1.39100
260801_173531,1,2026-08-01T17:35:31Z,,,,+1.34700
260801_173546,1,2026-08-01T17:35:46Z,,,,+1.37100
260801_173601,1,2026-08-01T17:36:01Z,,,,+1.39600
260801_173616,1,2026-08-01T17:36:16Z,,,,+1.35400
260801_173631,1,2026-08-01T17:36:31Z,,,,+1.36800
260801_173646,1,2026-08-01T17:36:46Z,,,,+1.38000
260801_173701,1,2026-08-01T17:37:01Z,-1.37233,-1.37232,0.9756,+1.39300
260801_173716,1,2026-08-01T17:37:16Z,,,,+1.36100
260801_173731,1,2026-08-01T17:37:31Z,,,,+1.36800
260801_173746,1,2026-08-01T17:37:46Z,,,,+1.37500
260801_173801,1,2026-08-01T17:38:01Z,,,,+1.35400
260801_173816,1,2026-08-01T17:38:16Z,,,,+1.39300
260801_173831,1,2026-08-01T17:38:31Z,,,,+1.35400
260801_173846,1,2026-08-01T17:38:46Z,,,,+1.35200
260801_173901,1,2026-08-01T17:39:01Z,,,,+1.39000
260801_173916,1,2026-08-01T17:39:16Z,,,,+1.37900
260801_173931,1,2026-08-01T17:39:31Z,-1.37233,-1.37232,0.9731,+1.37100
260801_173946,1,2026-08-01T17:39:46Z,,,,+1.35400
260801_174001,1,2026-08-01T17:40:01Z,,,,+1.39300
260801_174016,1,2026-08-01T17:40:16Z,,,,+1.38200
260801_174031,1,2026-08-01T17:40:31Z,,,,+1.36200
260801_174046,1,2026-08-01T17:40:46Z,,,,+1.41300
260801_174101,1,2026-08-01T17:41:01Z,,,,+1.38800
260801_174116,1,2026-08-01T17:41:16Z,,,,+1.36200
260801_174131,1,2026-08-01T17:41:31Z,,,,+1.40500
260801_174146,1,2026-08-01T17:41:46Z,,,,+1.37000
260801_174201,1,2026-08-01T17:42:01Z,-1.38233,-1.38233,0.9891,+1.40200
260801_174216,1,2026-08-01T17:42:16Z,,,,+1.39000
260801_174231,1,2026-08-01T17:42:31Z,,,,+1.43100
260801_174246,1,2026-08-01T17:42:46Z,,,,+1.41600
260801_174301,1,2026-08-01T17:43:01Z,,,,+1.39700
260801_174316,1,2026-08-01T17:43:16Z,,,,+1.38100
260801_174331,1,2026-08-01T17:43:31Z,,,,+1.42000
260801_174346,1,2026-08-01T17:43:46Z,,,,+1.40000
260801_174401,1,2026-08-01T17:44:01Z,,,,+1.37400
260801_174416,1,2026-08-01T17:44:16Z,,,,+1.43300
260801_174431,1,2026-08-01T17:44:31Z,-1.38233,-1.38233,0.9571,+1.41100
260801_174446,1,2026-08-01T17:44:46Z,,,,+1.38700
260801_174501,1,2026-08-01T17:45:01Z,,,,+1.39400
260801_174516,1,2026-08-01T17:45:16Z,,,,+1.43000
260801_174531,1,2026-08-01T17:45:31Z,,,,+1.42700
260801_174546,1,2026-08-01T17:45:46Z,,,,+1.41000
260801_174601,1,2026-08-01T17:46:01Z,,,,+1.39400
260801_174616,1,2026-08-01T17:46:16Z,,,,+1.38800
260801_174631,1,2026-08-01T17:46:31Z,,,,+1.38700
260801_174646,1,2026-08-01T17:46:46Z,,,,+1.42900
260801_174701,1,2026-08-01T17:47:01Z,-1.38233,-1.38233,0.9677,+1.43800
260801_174716,1,2026-08-01T17:47:16Z,,,,+1.43400
260801_174731,1,2026-08-01T17:47:31Z,,,,+1.44500
260801_174746,1,2026-08-01T17:47:46Z,,,,+1.44200
260801_174801,1,2026-08-01T17:48:01Z,,,,+1.41800
260801_174816,1,2026-08-01T17:48:16Z,,,,+1.43400
260801_174831,1,2026-08-01T17:48:31Z,,,,+1.39000
260801_174846,1,2026-08-01T17:48:46Z,,,,+1.39900
260801_174901,1,2026-08-01T17:49:01Z,,,,+1.41900
260801_174916,1,2026-08-01T17:49:16Z,,,,+1.43600
260801_174931,1,2026-08-01T17:49:31Z,-1.42233,-1.42233,0.9875,+1.43900
260801_174946,1,2026-08-01T17:49:46Z,,,,+1.45100
260801_175001,1,2026-08-01T17:50:01Z,,,,+1.39300
260801_175016,1,2026-08-01T17:50:16Z,,,,+1.40600
260801_175031,1,2026-08-01T17:50:31Z,,,,+1.42500
260801_175046,1,2026-08-01T17:50:46Z,,,,+1.40500
260801_175101,1,2026-08-01T17:51:01Z,,,,+1.44900
260801_175116,1,2026-08-01T17:51:16Z,,,,+1.44200
260801_175131,1,2026-08-01T17:51:31Z,,,,+1.44500
260801_175146,1,2026-08-01T17:51:46Z,,,,+1.45100
260801_175201,1,2026-08-01T17:52:01Z,-1.42233,-1.42233,0.9743,+1.42100
260801_175216,1,2026-08-01T17:52:16Z,,,,+1.42400
260801_175231,1,2026-08-01T17:52:31Z,,,,+1.43300
260801_175246,1,2026-08-01T17:52:46Z,,,,+1.41600
260801_175301,1,2026-08-01T17:53:01Z,,,,+1.41200
260801_175316,1,2026-08-01T17:53:16Z,,,,+1.43900
260801_175331,1,2026-08-01T17:53:31Z,,,,+1.42300
260801_175346,1,2026-08-01T17:53:46Z,,,,+1.40900
260801_175401,1,2026-08-01T17:54:01Z,,,,+1.44900
260801_175416,1,2026-08-01T17:54:16Z,,,,+1.43000
260801_175431,1,2026-08-01T17:54:31Z,-1.42233,-1.42233,0.9734,+1.46000
260801_175446,1,2026-08-01T17:54:46Z,,,,+1.43100
260801_175501,1,2026-08-01T17:55:01Z,,,,+1.42500
260801_175516,1,2026-08-01T17:55:16Z,,,,+1.40900
260801_175531,1,2026-08-01T17:55:31Z,,,,+1.45400
260801_175546,1,2026-08-01T17:55:46Z,,,,+1.43700
260801_175601,1,2026-08-01T17:56:01Z,,,,+1.47000
260801_175616,1,2026-08-01T17:56:16Z,,,,+1.43000
260801_175631,1,2026-08-01T17:56:31Z,,,,+1.44500
260801_175646,1,2026-08-01T17:56:46Z,,,,+1.47100
260801_175701,1,2026-08-01T17:57:01Z,-1.42233,-1.42232,0.9533,+1.43200
260801_175716,1,2026-08-01T17:57:16Z,,,,+1.41800
260801_175731,1,2026-08-01T17:57:31Z,,,,+1.41800
260801_175746,1,2026-08-01T17:57:46Z,,,,+1.41500
260801_175801,1,2026-08-01T17:58:01Z,,,,+1.47500
260801_175816,1,2026-08-01T17:58:16Z,,,,+1.46300
260801_175831,1,2026-08-01T17:58:31Z,,,,+1.45500
260801_175846,1,2026-08-01T17:58:46Z,,,,+1.44500
260801_175901,1,2026-08-01T17:59:01Z,,,,+1.43200
260801_175916,1,2026-08-01T17:59:16Z,,,,+1.46900
260801_175931,1,2026-08-01T17:59:31Z,-1.42233,-1.42232,0.9789,+1.44000
260801_175946,1,2026-08-01T17:59:46Z,,,,+1.43200
260801_180001,1,2026-08-01T18:00:01Z,,,,+1.43200
260801_180016,1,2026-08-01T18:00:16Z,,,,+1.43500
260801_180031,1,2026-08-01T18:00:31Z,,,,+1.44300
260801_180046,1,2026-08-01T18:00:46Z,,,,+1.42600
260801_180101,1,2026-08-01T18:01:01Z,,,,+1.45200
260801_180116,1,2026-08-01T18:01:16Z,,,,+1.42400
260801_180131,1,2026-08-01T18:01:31Z,,,,+1.47200
260801_180146,1,2026-08-01T18:01:46Z,,,,+1.45200
260801_180201,1,2026-08-01T18:02:01Z,-1.42233,-1.42233,0.9629,+1.44200
260801_180216,1,2026-08-01T18:02:16Z,,,,+1.48700
260801_180231,1,2026-08-01T18:02:31Z,,,,+1.46100
260801_180246,1,2026-08-01T18:02:46Z,,,,+1.43800
260801_180301,1,2026-08-01T18:03:01Z,,,,+1.48200
260801_180316,1,2026-08-01T18:03:16Z,,,,+1.46800
260801_180331,1,2026-08-01T18:03:31Z,,,,+1.45300
260801_180346,1,2026-08-01T18:03:46Z,,,,+1.49200
260801_180401,1,2026-08-01T18:04:01Z,,,,+1.47400
260801_180416,1,2026-08-01T18:04:16Z,,,,+1.47000
260801_180431,1,2026-08-01T18:04:31Z,-1.46233,-1.46232,0.9466,+1.44300
260801_180446,1,2026-08-01T18:04:46Z,,,,+1.47900
260801_180501,1,2026-08-01T18:05:01Z,,,,+1.48400
260801_180516,1,2026-08-01T18:05:16Z,,,,+1.45400
260801_180531,1,2026-08-01T18:05:31Z,,,,+1.47900
260801_180546,1,2026-08-01T18:05:46Z,,,,+1.45300
260801_180601,1,2026-08-01T18:06:01Z,,,,+1.48900
260801_180616,1,2026-08-01T18:06:16Z,,,,+1.46000
260801_180631,1,2026-08-01T18:06:31Z,,,,+1.49800
260801_180646,1,2026-08-01T18:06:46Z,,,,+1.46500
260801_180701,1,2026-08-01T18:07:01Z,-1.46233,-1.46233,0.9288,+1.49900
260801_180716,1,2026-08-01T18:07:16Z,,,,+1.48600
260801_180731,1,2026-08-01T18:07:31Z,,,,+1.44200
260801_180746,1,2026-08-01T18:07:46Z,,,,+1.48400
260801_180801,1,2026-08-01T18:08:01Z,,,,+1.46700
260801_180816,1,2026-08-01T18:08:16Z,,,,+1.50300
260801_180831,1,2026-08-01T18:08:31Z,,,,+1.49000
260801_180846,1,2026-08-01T18:08:46Z,,,,+1.47000
260801_180901,1,2026-08-01T18:09:01Z,,,,+1.46600
260801_180916,1,2026-08-01T18:09:16Z,,,,+1.45800
260801_180931,1,2026-08-01T18:09:31Z,-1.46233,-1.46233,0.8809,+1.45200
260801_180946,1,2026-08-01T18:09:46Z,,,,+1.45500
260801_181001,1,2026-08-01T18:10:01Z,,,,+1.49900
260801_181016,1,2026-08-01T18:10:16Z,,,,+1.48800
260801_181031,1,2026-08-01T18:10:31Z,,,,+1.46200
260801_181046,1,2026-08-01T18:10:46Z,,,,+1.48700
260801_181101,1,2026-08-01T18:11:01Z,,,,+1.51300
260801_181116,1,2026-08-01T18:11:16Z,,,,+1.51100
260801_181131,1,2026-08-01T18:11:31Z,,,,+1.51400
260801_181146,1,2026-08-01T18:11:46Z,,,,+1.49700
260801_181201,1,2026-08-01T18:12:01Z,-1.46233,-1.46233,0.9825,+1.48400
260801_181216,1,2026-08-01T18:12:16Z,,,,+1.47900
260801_181231,1,2026-08-01T18:12:31Z,,,,+1.45900
260801_181246,1,2026-08-01T18:12:46Z,,,,+1.51700
260801_181301,1,2026-08-01T18:13:01Z,,,,+1.52000
260801_181316,1,2026-08-01T18:13:16Z,,,,+1.46400
260801_181331,1,2026-08-01T18:13:31Z,,,,+1.46700
260801_181346,1,2026-08-01T18:13:46Z,,,,+1.47500
260801_181401,1,2026-08-01T18:14:01Z,,,,+1.46400
260801_181416,1,2026-08-01T18:14:16Z,,,,+1.46500
260801_181431,1,2026-08-01T18:14:31Z,-1.46233,-1.46233,0.8784,+1.52400
260801_181446,1,2026-08-01T18:14:46Z,,,,+1.51400
260801_181501,1,2026-08-01T18:15:01Z,,,,+1.51600
260801_181516,1,2026-08-01T18:15:16Z,,,,+1.52500
260801_181531,1,2026-08-01T18:15:31Z,,,,+1.47200
260801_181546,1,2026-08-01T18:15:46Z,,,,+1.51600
260801_181601,1,2026-08-01T18:16:01Z,,,,+1.50900
260801_181616,1,2026-08-01T18:16:16Z,,,,+1.50000
260801_181631,1,2026-08-01T18:16:31Z,,,,+1.47700
260801_181646,1,2026-08-01T18:16:46Z,,,,+1.48600
260801_181701,1,2026-08-01T18:17:01Z,-1.46233,-1.46232,0.8951,+1.48700
260801_181716,1,2026-08-01T18:17:16Z,,,,+1.49600
260801_181731,1,2026-08-01T18:17:31Z,,,,+1.50900
260801_181746,1,2026-08-01T18:17:46Z,,,,+1.50100
260801_181801,1,2026-08-01T18:18:01Z,,,,+1.47500
260801_181816,1,2026-08-01T18:18:16Z,,,,+1.53300
260801_181831,1,2026-08-01T18:18:31Z,,,,+1.47800
260801_181846,1,2026-08-01T18:18:46Z,,,,+1.53200
260801_181901,1,2026-08-01T18:19:01Z,,,,+1.52600
260801_181916,1,2026-08-01T18:19:16Z,,,,+1.51100
260801_181931,1,2026-08-01T18:19:31Z,-1.50233,-1.50232,0.9665,+1.49600
260801_181946,1,2026-08-01T18:19:46Z,,,,+1.49300
260801_182001,1,2026-08-01T18:20:01Z,,,,+1.48500
260801_182016,1,2026-08-01T18:20:16Z,,,,+1.54000
260801_182031,1,2026-08-01T18:20:31Z,,,,+1.48800
260801_182046,1,2026-08-01T18:20:46Z,,,,+1.48200
260801_182101,1,2026-08-01T18:21:01Z,,,,+1.53700
260801_182116,1,2026-08-01T18:21:16Z,,,,+1.53400
260801_182131,1,2026-08-01T18:21:31Z,,,,+1.53700
260801_182146,1,2026-08-01T18:21:46Z,,,,+1.53600
260801_182201,1,2026-08-01T18:22:01Z,-1.50233,-1.50232,0.9683,+1.53700
260801_182216,1,2026-08-01T18:22:16Z,,,,+1.53900
260801_182231,1,2026-08-01T18:22:31Z,,,,+1.53900
260801_182246,1,2026-08-01T18:22:46Z,,,,+1.52300
260801_182301,1,2026-08-01T18:23:01Z,,,,+1.52700
260801_182316,1,2026-08-01T18:23:16Z,,,,+1.52000
260801_182331,1,2026-08-01T18:23:31Z,,,,+1.52600
260801_182346,1,2026-08-01T18:23:46Z,,,,+1.52000
260801_182401,1,2026-08-01T18:24:01Z,,,,+1.50500
260801_182416,1,2026-08-01T18:24:16Z,,,,+1.50800
260801_182431,1,2026-08-01T18:24:31Z,-1.50233,-1.50233,0.9767,+1.50900
260801_182446,1,2026-08-01T18:24:46Z,,,,+1.49600
260801_182501,1,2026-08-01T18:25:01Z,,,,+1.49300
260801_182516,1,2026-08-01T18:25:16Z,,,,+1.50300
260801_182531,1,2026-08-01T18:25:31Z,,,,+1.50000
260801_182546,1,2026-08-01T18:25:46Z,,,,+1.55200
260801_182601,1,2026-08-01T18:26:01Z,,,,+1.49800
260801_182616,1,2026-08-01T18:26:16Z,,,,+1.55600
260801_182631,1,2026-08-01T18:26:31Z,,,,+1.53600
260801_182646,1,2026-08-01T18:26:46Z,,,,+1.52800
260801_182701,1,2026-08-01T18:27:01Z,-1.50233,-1.50233,0.9588,+1.50900
260801_182716,1,2026-08-01T18:27:16Z,,,,+1.54600
260801_182731,1,2026-08-01T18:27:31Z,,,,+1.50800
260801_182746,1,2026-08-01T18:27:46Z,,,,+1.54900
260801_182801,1,2026-08-01T18:28:01Z,,,,+1.50400
260801_182816,1,2026-08-01T18:28:16Z,,,,+1.55300
260801_182831,1,2026-08-01T18:28:31Z,,,,+1.51500
260801_182846,1,2026-08-01T18:28:46Z,,,,+1.56300
260801_182901,1,2026-08-01T18:29:01Z,,,,+1.54900
260801_182916,1,2026-08-01T18:29:16Z,,,,+1.53900
260801_182931,1,2026-08-01T18:29:31Z,-1.50233,-1.50233,0.9616,+1.51900
260801_182946,1,2026-08-01T18:29:46Z,,,,+1.56700
260801_183001,1,2026-08-01T18:30:01Z,,,,+1.55500
260801_183016,1,2026-08-01T18:30:16Z,,,,+1.54300
260801_183031,1,2026-08-01T18:30:31Z,,,,+1.52900
260801_183046,1,2026-08-01T18:30:46Z,,,,+1.51200
260801_183101,1,2026-08-01T18:31:01Z,,,,+1.54500
260801_183116,1,2026-08-01T18:31:16Z,,,,+1.56600
260801_183131,1,2026-08-01T18:31:31Z,,,,+1.53300
260801_183146,1,2026-08-01T18:31:46Z,,,,+1.55200
260801_183201,1,2026-08-01T18:32:01Z,-1.54233,-1.54233,0.9892,+1.56900
260801_183216,1,2026-08-01T18:32:16Z,,,,+1.55000
260801_183231,1,2026-08-01T18:32:31Z,,,,+1.56500
260801_183246,1,2026-08-01T18:32:46Z,,,,+1.53600
260801_183301,1,2026-08-01T18:33:01Z,,,,+1.56700
260801_183316,1,2026-08-01T18:33:16Z,,,,+1.52400
260801_183331,1,2026-08-01T18:33:31Z,,,,+1.55500
260801_183346,1,2026-08-01T18:33:46Z,,,,+1.53600
260801_183401,1,2026-08-01T18:34:01Z,,,,+1.56700
260801_183416,1,2026-08-01T18:34:16Z,,,,+1.53500
260801_183431,1,2026-08-01T18:34:31Z,-1.54233,-1.54233,0.9731,+1.55500
260801_183446,1,2026-08-01T18:34:46Z,,,,+1.55800
260801_183501,1,2026-08-01T18:35:01Z,,,,+1.53000
260801_183516,1,2026-08-01T18:35:16Z,,,,+1.55200
260801_183531,1,2026-08-01T18:35:31Z,,,,+1.58000
260801_183546,1,2026-08-01T18:35:46Z,,,,+1.54400
260801_183601,1,2026-08-01T18:36:01Z,,,,+1.52400
260801_183616,1,2026-08-01T18:36:16Z,,,,+1.57900
260801_183631,1,2026-08-01T18:36:31Z,,,,+1.54800
260801_183646,1,2026-08-01T18:36:46Z,,,,+1.52500
260801_183701,1,2026-08-01T18:37:01Z,-1.54233,-1.54233,0.9796,+1.57100
260801_183716,1,2026-08-01T18:37:16Z,,,,+1.54000
260801_183731,1,2026-08-01T18:37:31Z,,,,+1.52600
260801_183746,1,2026-08-01T18:37:46Z,,,,+1.57600
260801_183801,1,2026-08-01T18:38:01Z,,,,+1.55300
260801_183816,1,2026-08-01T18:38:16Z,,,,+1.53900
260801_183831,1,2026-08-01T18:38:31Z,,,,+1.57500
260801_183846,1,2026-08-01T18:38:46Z,,,,+1.56900
260801_183901,1,2026-08-01T18:39:01Z,,,,+1.58700
260801_183916,1,2026-08-01T18:39:16Z,,,,+1.56500
260801_183931,1,2026-08-01T18:39:31Z,-1.54233,-1.54232,0.9668,+1.58900
260801_183946,1,2026-08-01T18:39:46Z,,,,+1.54900
260801_184001,1,2026-08-01T18:40:01Z,,,,+1.53500
260801_184016,1,2026-08-01T18:40:16Z,,,,+1.58500
260801_184031,1,2026-08-01T18:40:31Z,,,,+1.58800
260801_184046,1,2026-08-01T18:40:46Z,,,,+1.56800
260801_184101,1,2026-08-01T18:41:01Z,,,,+1.56100
260801_184116,1,2026-08-01T18:41:16Z,,,,+1.56000
260801_184131,1,2026-08-01T18:41:31Z,,,,+1.55200
260801_184146,1,2026-08-01T18:41:46Z,,,,+1.56000
260801_184201,1,2026-08-01T18:42:01Z,-1.54233,-1.54233,0.9665,+1.57600
260801_184216,1,2026-08-01T18:42:16Z,,,,+1.58000
260801_184231,1,2026-08-01T18:42:31Z,,,,+1.59200
260801_184246,1,2026-08-01T18:42:46Z,,,,+1.59400
260801_184301,1,2026-08-01T18:43:01Z,,,,+1.58200
260801_184316,1,2026-08-01T18:43:16Z,,,,+1.55800
260801_184331,1,2026-08-01T18:43:31Z,,,,+1.55700
260801_184346,1,2026-08-01T18:43:46Z,,,,+1.54600
260801_184401,1,2026-08-01T18:44:01Z,,,,+1.55100
260801_184416,1,2026-08-01T18:44:16Z,,,,+1.56800
260801_184431,1,2026-08-01T18:44:31Z,-1.54233,-1.54232,0.9513,+1.56500
260801_184446,1,2026-08-01T18:44:46Z,,,,+1.55400
260801_184501,1,2026-08-01T18:45:01Z,,,,+1.55700
260801_184516,1,2026-08-01T18:45:16Z,,,,+1.57300
260801_184531,1,2026-08-01T18:45:31Z,,,,+1.56700
260801_184546,1,2026-08-01T18:45:46Z,,,,+1.56300
260801_184601,1,2026-08-01T18:46:01Z,,,,+1.56100
260801_184616,1,2026-08-01T18:46:16Z,,,,+1.55300
260801_184631,1,2026-08-01T18:46:31Z,,,,+1.56700
260801_184646,1,2026-08-01T18:46:46Z,,,,+1.58300
260801_184701,1,2026-08-01T18:47:01Z,-1.58233,-1.58232,0.9626,+1.58900
260801_184716,1,2026-08-01T18:47:16Z,,,,+1.59600
260801_184731,1,2026-08-01T18:47:31Z,,,,+1.61500
260801_184746,1,2026-08-01T18:47:46Z,,,,+1.56300
260801_184801,1,2026-08-01T18:48:01Z,,,,+1.56900
260801_184816,1,2026-08-01T18:48:16Z,,,,+1.60000
260801_184831,1,2026-08-01T18:48:31Z,,,,+1.61200
260801_184846,1,2026-08-01T18:48:46Z,,,,+1.61600
260801_184901,1,2026-08-01T18:49:01Z,,,,+1.62000
260801_184916,1,2026-08-01T18:49:16Z,,,,+1.57400
260801_184931,1,2026-08-01T18:49:31Z,-1.58233,-1.58233,0.9378,+1.59500
260801_184946,1,2026-08-01T18:49:46Z,,,,+1.57600
260801_185001,1,2026-08-01T18:50:01Z,,,,+1.57500
260801_185016,1,2026-08-01T18:50:16Z,,,,+1.56900
260801_185031,1,2026-08-01T18:50:31Z,,,,+1.57700
260801_185046,1,2026-08-01T18:50:46Z,,,,+1.58400
260801_185101,1,2026-08-01T18:51:01Z,,,,+1.57200
260801_185116,1,2026-08-01T18:51:16Z,,,,+1.62200
260801_185131,1,2026-08-01T18:51:31Z,,,,+1.61600
260801_185146,1,2026-08-01T18:51:46Z,,,,+1.61200
260801_185201,1,2026-08-01T18:52:01Z,-1.58233,-1.58232,0.9640,+1.59800
260801_185216,1,2026-08-01T18:52:16Z,,,,+1.62600
260801_185231,1,2026-08-01T18:52:31Z,,,,+1.61600
260801_185246,1,2026-08-01T18:52:46Z,,,,+1.57700
260801_185301,1,2026-08-01T18:53:01Z,,,,+1.59100
260801_185316,1,2026-08-01T18:53:16Z,,,,+1.60800
260801_185331,1,2026-08-01T18:53:31Z,,,,+1.59700
260801_185346,1,2026-08-01T18:53:46Z,,,,+1.59600
260801_185401,1,2026-08-01T18:54:01Z,,,,+1.59300
260801_185416,1,2026-08-01T18:54:16Z,,,,+1.61900
260801_185431,1,2026-08-01T18:54:31Z,-1.58233,-1.58232,0.9883,+1.63100
260801_185446,1,2026-08-01T18:54:46Z,,,,+1.63600
260801_185501,1,2026-08-01T18:55:01Z,,,,+1.63000
260801_185516,1,2026-08-01T18:55:16Z,,,,+1.62600
260801_185531,1,2026-08-01T18:55:31Z,,,,+1.63000
260801_185546,1,2026-08-01T18:55:46Z,,,,+1.63500
260801_185601,1,2026-08-01T18:56:01Z,,,,+1.63400
260801_185616,1,2026-08-01T18:56:16Z,,,,+1.64100
260801_185631,1,2026-08-01T18:56:31Z,,,,+1.59800
260801_185646,1,2026-08-01T18:56:46Z,,,,+1.62800
260801_185701,1,2026-08-01T18:57:01Z,-1.58233,-1.58233,0.9660,+1.63200
260801_185716,1,2026-08-01T18:57:16Z,,,,+1.63800
260801_185731,1,2026-08-01T18:57:31Z,,,,+1.62900
260801_185746,1,2026-08-01T18:57:46Z,,,,+1.63800
260801_185801,1,2026-08-01T18:58:01Z,,,,+1.59300
260801_185816,1,2026-08-01T18:58:16Z,,,,+1.60600
260801_185831,1,2026-08-01T18:58:31Z,,,,+1.63500
260801_185846,1,2026-08-01T18:58:46Z,,,,+1.58900
260801_185901,1,2026-08-01T18:59:01Z,,,,+1.60000
260801_185916,1,2026-08-01T18:59:16Z,,,,+1.60800
260801_185931,1,2026-08-01T18:59:31Z,-1.58233,-1.58233,0.9755,+1.61400
260801_185946,1,2026-08-01T18:59:46Z,,,,+1.62900
260801_190001,1,2026-08-01T19:00:01Z,,,,+1.65200
260801_190016,1,2026-08-01T19:00:16Z,,,,+1.60800
260801_190031,1,2026-08-01T19:00:31Z,,,,+1.61800
260801_190046,1,2026-08-01T19:00:46Z,,,,+1.63300
260801_190101,1,2026-08-01T19:01:01Z,,,,+1.64900
260801_190116,1,2026-08-01T19:01:16Z,,,,+1.59800
260801_190131,1,2026-08-01T19:01:31Z,,,,+1.64300
260801_190146,1,2026-08-01T19:01:46Z,,,,+1.65300
260801_190201,1,2026-08-01T19:02:01Z,-1.62233,-1.62233,0.9666,+1.63000
260801_190216,1,2026-08-01T19:02:16Z,,,,+1.64300
260801_190231,1,2026-08-01T19:02:31Z,,,,+1.60900
260801_190246,1,2026-08-01T19:02:46Z,,,,+1.63400
260801_190301,1,2026-08-01T19:03:01Z,,,,+1.65800
260801_190316,1,2026-08-01T19:03:16Z,,,,+1.62900
260801_190331,1,2026-08-01T19:03:31Z,,,,+1.60800
260801_190346,1,2026-08-01T19:03:46Z,,,,+1.66500
260801_190401,1,2026-08-01T19:04:01Z,,,,+1.64200
260801_190416,1,2026-08-01T19:04:16Z,,,,+1.65700
260801_190431,1,2026-08-01T19:04:31Z,-1.62233,-1.62233,0.9747,+1.66300
260801_190446,1,2026-08-01T19:04:46Z,,,,+1.66200
260801_190501,1,2026-08-01T19:05:01Z,,,,+1.64500
260801_190516,1,2026-08-01T19:05:16Z,,,,+1.65600
260801_190531,1,2026-08-01T19:05:31Z,,,,+1.61500
260801_190546,1,2026-08-01T19:05:46Z,,,,+1.63400
260801_190601,1,2026-08-01T19:06:01Z,,,,+1.66900
260801_190616,1,2026-08-01T19:06:16Z,,,,+1.65300
260801_190631,1,2026-08-01T19:06:31Z,,,,+1.66000
260801_190646,1,2026-08-01T19:06:46Z,,,,+1.67400
260801_190701,1,2026-08-01T19:07:01Z,-1.62233,-1.62233,0.9647,+1.67100
260801_190716,1,2026-08-01T19:07:16Z,,,,+1.65200
260801_190731,1,2026-08-01T19:07:31Z,,,,+1.64200
260801_190746,1,2026-08-01T19:07:46Z,,,,+1.64200
260801_190801,1,2026-08-01T19:08:01Z,,,,+1.64700
260801_190816,1,2026-08-01T19:08:16Z,,,,+1.66200
260801_190831,1,2026-08-01T19:08:31Z,,,,+1.64100
260801_190846,1,2026-08-01T19:08:46Z,,,,+1.63800
260801_190901,1,2026-08-01T19:09:01Z,,,,+1.62400
260801_190916,1,2026-08-01T19:09:16Z,,,,+1.67500
260801_190931,1,2026-08-01T19:09:31Z,-1.62233,-1.62233,0.9892,+1.62300
260801_190946,1,2026-08-01T19:09:46Z,,,,+1.67900
260801_191001,1,2026-08-01T19:10:01Z,,,,+1.66600
260801_191016,1,2026-08-01T19:10:16Z,,,,+1.65700
260801_191031,1,2026-08-01T19:10:31Z,,,,+1.65000
260801_191046,1,2026-08-01T19:10:46Z,,,,+1.64000
260801_191101,1,2026-08-01T19:11:01Z,,,,+1.62500
260801_191116,1,2026-08-01T19:11:16Z,,,,+1.66300
260801_191131,1,2026-08-01T19:11:31Z,,,,+1.64200
260801_191146,1,2026-08-01T19:11:46Z,,,,+1.62700
260801_191201,1,2026-08-01T19:12:01Z,-1.62233,-1.62233,0.9695,+1.63000
260801_191216,1,2026-08-01T19:12:16Z,,,,+1.63300
260801_191231,1,2026-08-01T19:12:31Z,,,,+1.68500
260801_191246,1,2026-08-01T19:12:46Z,,,,+1.65800
260801_191301,1,2026-08-01T19:13:01Z,,,,+1.65700
260801_191316,1,2026-08-01T19:13:16Z,,,,+1.63200
260801_191331,1,2026-08-01T19:13:31Z,,,,+1.67400
260801_191346,1,2026-08-01T19:13:46Z,,,,+1.64800
260801_191401,1,2026-08-01T19:14:01Z,,,,+1.69200
260801_191416,1,2026-08-01T19:14:16Z,,,,+1.67700
260801_191431,1,2026-08-01T19:14:31Z,-1.66233,-1.66233,0.9555,+1.66000
260801_191446,1,2026-08-01T19:14:46Z,,,,+1.66500
260801_191501,1,2026-08-01T19:15:01Z,,,,+1.65100
260801_191516,1,2026-08-01T19:15:16Z,,,,+1.64300
260801_191531,1,2026-08-01T19:15:31Z,,,,+1.69300
260801_191546,1,2026-08-01T19:15:46Z,,,,+1.67000
260801_191601,1,2026-08-01T19:16:01Z,,,,+1.67400
260801_191616,1,2026-08-01T19:16:16Z,,,,+1.65400
260801_191631,1,2026-08-01T19:16:31Z,,,,+1.64100
260801_191646,1,2026-08-01T19:16:46Z,,,,+1.65800
260801_191701,1,2026-08-01T19:17:01Z,-1.66233,-1.66232,0.9390,+1.67200
260801_191716,1,2026-08-01T19:17:16Z,,,,+1.69200
260801_191731,1,2026-08-01T19:17:31Z,,,,+1.68000
260801_191746,1,2026-08-01T19:17:46Z,,,,+1.67300
260801_191801,1,2026-08-01T19:18:01Z,,,,+1.68900
260801_191816,1,2026-08-01T19:18:16Z,,,,+1.69100
260801_191831,1,2026-08-01T19:18:31Z,,,,+1.69200
260801_191846,1,2026-08-01T19:18:46Z,,,,+1.69800
260801_191901,1,2026-08-01T19:19:01Z,,,,+1.64800
260801_191916,1,2026-08-01T19:19:16Z,,,,+1.65100
260801_191931,1,2026-08-01T19:19:31Z,-1.66233,-1.66233,0.9684,+1.67200
260801_191946,1,2026-08-01T19:19:46Z,,,,+1.65300
260801_192001,1,2026-08-01T19:20:01Z,,,,+1.70300
260801_192016,1,2026-08-01T19:20:16Z,,,,+1.67700
260801_192031,1,2026-08-01T19:20:31Z,,,,+1.70900
260801_192046,1,2026-08-01T19:20:46Z,,,,+1.68300
260801_192101,1,2026-08-01T19:21:01Z,,,,+1.65600
260801_192116,1,2026-08-01T19:21:16Z,,,,+1.71300
260801_192131,1,2026-08-01T19:21:31Z,,,,+1.69900
260801_192146,1,2026-08-01T19:21:46Z,,,,+1.65600
260801_192201,1,2026-08-01T19:22:01Z,-1.66233,-1.66233,0.9856,+1.68800
260801_192216,1,2026-08-01T19:22:16Z,,,,+1.66800
260801_192231,1,2026-08-01T19:22:31Z,,,,+1.71800
260801_192246,1,2026-08-01T19:22:46Z,,,,+1.69100
260801_192301,1,2026-08-01T19:23:01Z,,,,+1.66500
260801_192316,1,2026-08-01T19:23:16Z,,,,+1.71500
260801_192331,1,2026-08-01T19:23:31Z,,,,+1.69200
260801_192346,1,2026-08-01T19:23:46Z,,,,+1.68300
260801_192401,1,2026-08-01T19:24:01Z,,,,+1.70600
260801_192416,1,2026-08-01T19:24:16Z,,,,+1.67600
260801_192431,1,2026-08-01T19:24:31Z,-1.66233,-1.66233,0.9649,+1.70100
260801_192446,1,2026-08-01T19:24:46Z,,,,+1.70600
260801_192501,1,2026-08-01T19:25:01Z,,,,+1.71500
260801_192516,1,2026-08-01T19:25:16Z,,,,+1.66500
260801_192531,1,2026-08-01T19:25:31Z,,,,+1.68000
260801_192546,1,2026-08-01T19:25:46Z,,,,+1.72500
260801_192601,1,2026-08-01T19:26:01Z,,,,+1.72300
260801_192616,1,2026-08-01T19:26:16Z,,,,+1.66800
260801_192631,1,2026-08-01T19:26:31Z,,,,+1.67600
260801_192646,1,2026-08-01T19:26:46Z,,,,+1.66900
260801_192701,1,2026-08-01T19:27:01Z,-1.66233,-1.66233,0.9691,+1.69500
260801_192716,1,2026-08-01T19:27:16Z,,,,+1.72700
260801_192731,1,2026-08-01T19:27:31Z,,,,+1.72500
260801_192746,1,2026-08-01T19:27:46Z,,,,+1.71900
260801_192801,1,2026-08-01T19:28:01Z,,,,+1.72200
260801_192816,1,2026-08-01T19:28:16Z,,,,+1.69700
260801_192831,1,2026-08-01T19:28:31Z,,,,+1.68500
260801_192846,1,2026-08-01T19:28:46Z,,,,+1.72500
260801_192901,1,2026-08-01T19:29:01Z,,,,+1.71000
260801_192916,1,2026-08-01T19:29:16Z,,,,+1.68900
260801_192931,1,2026-08-01T19:29:31Z,-1.70233,-1.70233,0.9497,+1.73300
260801_192946,1,2026-08-01T19:29:46Z,,,,+1.71200
260801_193001,1,2026-08-01T19:30:01Z,,,,+1.68900
260801_193016,1,2026-08-01T19:30:16Z,,,,+1.72600
260801_193031,1,2026-08-01T19:30:31Z,,,,+1.72700
260801_193046,1,2026-08-01T19:30:46Z,,,,+1.68500
260801_193101,1,2026-08-01T19:31:01Z,,,,+1.70800
260801_193116,1,2026-08-01T19:31:16Z,,,,+1.72700
260801_193131,1,2026-08-01T19:31:31Z,,,,+1.68300
260801_193146,1,2026-08-01T19:31:46Z,,,,+1.70500
260801_193201,1,2026-08-01T19:32:01Z,-1.70233,-1.70233,0.9867,+1.70200
260801_193216,1,2026-08-01T19:32:16Z,,,,+1.71600
260801_193231,1,2026-08-01T19:32:31Z,,,,+1.72500
260801_193246,1,2026-08-01T19:32:46Z,,,,+1.74100
260801_193301,1,2026-08-01T19:33:01Z,,,,+1.68800
260801_193316,1,2026-08-01T19:33:16Z,,,,+1.69400
260801_193331,1,2026-08-01T19:33:31Z,,,,+1.71900
260801_193346,1,2026-08-01T19:33:46Z,,,,+1.69900
260801_193401,1,2026-08-01T19:34:01Z,,,,+1.71500
260801_193416,1,2026-08-01T19:34:16Z,,,,+1.71000
260801_193431,1,2026-08-01T19:34:31Z,-1.70233,-1.70233,0.9874,+1.71300
260801_193446,1,2026-08-01T19:34:46Z,,,,+1.70200
260801_193501,1,2026-08-01T19:35:01Z,,,,+1.74500
260801_193516,1,2026-08-01T19:35:16Z,,,,+1.73300
260801_193531,1,2026-08-01T19:35:31Z,,,,+1.71200
260801_193546,1,2026-08-01T19:35:46Z,,,,+1.72700
260801_193601,1,2026-08-01T19:36:01Z,,,,+1.74000
260801_193616,1,2026-08-01T19:36:16Z,,,,+1.74300
260801_193631,1,2026-08-01T19:36:31Z,,,,+1.75700
260801_193646,1,2026-08-01T19:36:46Z,,,,+1.74900
260801_193701,1,2026-08-01T19:37:01Z,-1.70233,-1.70233,0.9876,+1.75500
260801_193716,1,2026-08-01T19:37:16Z,,,,+1.70600
260801_193731,1,2026-08-01T19:37:31Z,,,,+1.74000
260801_193746,1,2026-08-01T19:37:46Z,,,,+1.71600
260801_193801,1,2026-08-01T19:38:01Z,,,,+1.71900
260801_193816,1,2026-08-01T19:38:16Z,,,,+1.72800
260801_193831,1,2026-08-01T19:38:31Z,,,,+1.70700
260801_193846,1,2026-08-01T19:38:46Z,,,,+1.73000
260801_193901,1,2026-08-01T19:39:01Z,,,,+1.72400
260801_193916,1,2026-08-01T19:39:16Z,,,,+1.72700
260801_193931,1,2026-08-01T19:39:31Z,-1.70233,-1.70233,0.9693,+1.72200
260801_193946,1,2026-08-01T19:39:46Z,,,,+1.71000
260801_194001,1,2026-08-01T19:40:01Z,,,,+1.76100
260801_194016,1,2026-08-01T19:40:16Z,,,,+1.76500
260801_194031,1,2026-08-01T19:40:31Z,,,,+1.74700
260801_194046,1,2026-08-01T19:40:46Z,,,,+1.73200
260801_194101,1,2026-08-01T19:41:01Z,,,,+1.74600
260801_194116,1,2026-08-01T19:41:16Z,,,,+1.76800
260801_194131,1,2026-08-01T19:41:31Z,,,,+1.72000
260801_194146,1,2026-08-01T19:41:46Z,,,,+1.75000
260801_194201,1,2026-08-01T19:42:01Z,-1.74233,-1.74233,0.9714,+1.73000
260801_194216,1,2026-08-01T19:42:16Z,,,,+1.75100
260801_194231,1,2026-08-01T19:42:31Z,,,,+1.76200
260801_194246,1,2026-08-01T19:42:46Z,,,,+1.72800
260801_194301,1,2026-08-01T19:43:01Z,,,,+1.75100
260801_194316,1,2026-08-01T19:43:16Z,,,,+1.76400
260801_194331,1,2026-08-01T19:43:31Z,,,,+1.73000
260801_194346,1,2026-08-01T19:43:46Z,,,,+1.76700
260801_194401,1,2026-08-01T19:44:01Z,,,,+1.72700
260801_194416,1,2026-08-01T19:44:16Z,,,,+1.77500
260801_194431,1,2026-08-01T19:44:31Z,-1.74233,-1.74233,0.9925,+1.75300
260801_194446,1,2026-08-01T19:44:46Z,,,,+1.72400
260801_194501,1,2026-08-01T19:45:01Z,,,,+1.77000
260801_194516,1,2026-08-01T19:45:16Z,,,,+1.74200
260801_194531,1,2026-08-01T19:45:31Z,,,,+1.78400
260801_194546,1,2026-08-01T19:45:46Z,,,,+1.75400
260801_194601,1,2026-08-01T19:46:01Z,,,,+1.74200
260801_194616,1,2026-08-01T19:46:16Z,,,,+1.77600
260801_194631,1,2026-08-01T19:46:31Z,,,,+1.73900
260801_194646,1,2026-08-01T19:46:46Z,,,,+1.74300
260801_194701,1,2026-08-01T19:47:01Z,-1.74233,-1.74233,0.9554,+1.73700
260801_194716,1,2026-08-01T19:47:16Z,,,,+1.72900
260801_194731,1,2026-08-01T19:47:31Z,,,,+1.73300
260801_194746,1,2026-08-01T19:47:46Z,,,,+1.78400
260801_194801,1,2026-08-01T19:48:01Z,,,,+1.78700
260801_194816,1,2026-08-01T19:48:16Z,,,,+1.77200
260801_194831,1,2026-08-01T19:48:31Z,,,,+1.76300
260801_194846,1,2026-08-01T19:48:46Z,,,,+1.77100
260801_194901,1,2026-08-01T19:49:01Z,,,,+1.76800
260801_194916,1,2026-08-01T19:49:16Z,,,,+1.75900
260801_194931,1,2026-08-01T19:49:31Z,-1.74233,-1.74233,0.9628,+1.76000
260801_194946,1,2026-08-01T19:49:46Z,,,,+1.74700
260801_195001,1,2026-08-01T19:50:01Z,,,,+1.77800
260801_195016,1,2026-08-01T19:50:16Z,,,,+1.76500
260801_195031,1,2026-08-01T19:50:31Z,,,,+1.79500
260801_195046,1,2026-08-01T19:50:46Z,,,,+1.76300
260801_195101,1,2026-08-01T19:51:01Z,,,,+1.78800
260801_195116,1,2026-08-01T19:51:16Z,,,,+1.76500
260801_195131,1,2026-08-01T19:51:31Z,,,,+1.74200
260801_195146,1,2026-08-01T19:51:46Z,,,,+1.78500
260801_195201,1,2026-08-01T19:52:01Z,-1.74233,-1.74233,0.9675,+1.76900
260801_195216,1,2026-08-01T19:52:16Z,,,,+1.79600
260801_195231,1,2026-08-01T19:52:31Z,,,,+1.77800
260801_195246,1,2026-08-01T19:52:46Z,,,,+1.76800
260801_195301,1,2026-08-01T19:53:01Z,,,,+1.80200
260801_195316,1,2026-08-01T19:53:16Z,,,,+1.74700
260801_195331,1,2026-08-01T19:53:31Z,,,,+1.76400
260801_195346,1,2026-08-01T19:53:46Z,,,,+1.79300
260801_195401,1,2026-08-01T19:54:01Z,,,,+1.77100
260801_195416,1,2026-08-01T19:54:16Z,,,,+1.79900
260801_195431,1,2026-08-01T19:54:31Z,-1.74233,-1.74233,0.9478,+1.76900
260801_195446,1,2026-08-01T19:54:46Z,,,,+1.78700
260801_195501,1,2026-08-01T19:55:01Z,,,,+1.75900
260801_195516,1,2026-08-01T19:55:16Z,,,,+1.76800
260801_195531,1,2026-08-01T19:55:31Z,,,,+1.76000
260801_195546,1,2026-08-01T19:55:46Z,,,,+1.75600
260801_195601,1,2026-08-01T19:56:01Z,,,,+1.77100
260801_195616,1,2026-08-01T19:56:16Z,,,,+1.78700
260801_195631,1,2026-08-01T19:56:31Z,,,,+1.79300
260801_195646,1,2026-08-01T19:56:46Z,,,,+1.82500
260801_195701,1,2026-08-01T19:57:01Z,-1.78233,-1.78233,0.9983,+1.78500
260801_195716,1,2026-08-01T19:57:16Z,,,,+1.80300
260801_195731,1,2026-08-01T19:57:31Z,,,,+1.82000
260801_195746,1,2026-08-01T19:57:46Z,,,,+1.79400
260801_195801,1,2026-08-01T19:58:01Z,,,,+1.82200
260801_195816,1,2026-08-01T19:58:16Z,,,,+1.77800
260801_195831,1,2026-08-01T19:58:31Z,,,,+1.81900
260801_195846,1,2026-08-01T19:58:46Z,,,,+1.79500
260801_195901,1,2026-08-01T19:59:01Z,,,,+1.83200
260801_195916,1,2026-08-01T19:59:16Z,,,,+1.81400
260801_195931,1,2026-08-01T19:59:31Z,-1.78233,-1.78233,0.9967,+1.78000
260801_195946,1,2026-08-01T19:59:46Z,,,,+1.79500
260801_200001,1,2026-08-01T20:00:01Z,,,,+1.81300
260801_200016,1,2026-08-01T20:00:16Z,,,,+1.83300
260801_200031,1,2026-08-01T20:00:31Z,,,,+1.80500
260801_200046,1,2026-08-01T20:00:46Z,,,,+1.81100
260801_200101,1,2026-08-01T20:01:01Z,,,,+1.82700
260801_200116,1,2026-08-01T20:01:16Z,,,,+1.79200
260801_200131,1,2026-08-01T20:01:31Z,,,,+1.82000
260801_200146,1,2026-08-01T20:01:46Z,,,,+1.79400
260801_200201,1,2026-08-01T20:02:01Z,-1.78233,-1.78233,0.9950,+1.81400
260801_200216,1,2026-08-01T20:02:16Z,,,,+1.83100
260801_200231,1,2026-08-01T20:02:31Z,,,,+1.78500
260801_200246,1,2026-08-01T20:02:46Z,,,,+1.80600
260801_200301,1,2026-08-01T20:03:01Z,,,,+1.84500
260801_200316,1,2026-08-01T20:03:16Z,,,,+1.80200
260801_200331,1,2026-08-01T20:03:31Z,,,,+1.82500
260801_200346,1,2026-08-01T20:03:46Z,,,,+1.79900
260801_200401,1,2026-08-01T20:04:01Z,,,,+1.81500
260801_200416,1,2026-08-01T20:04:16Z,,,,+1.78700
260801_200431,1,2026-08-01T20:04:31Z,-1.78233,-1.78233,0.9675,+1.81800
260801_200446,1,2026-08-01T20:04:46Z,,,,+1.84400
260801_200501,1,2026-08-01T20:05:01Z,,,,+1.79700
260801_200516,1,2026-08-01T20:05:16Z,,,,+1.80800
260801_200531,1,2026-08-01T20:05:31Z,,,,+1.83500
260801_200546,1,2026-08-01T20:05:46Z,,,,+1.85300
260801_200601,1,2026-08-01T20:06:01Z,,,,+1.82800
260801_200616,1,2026-08-01T20:06:16Z,,,,+1.82800
260801_200631,1,2026-08-01T20:06:31Z,,,,+1.85000
260801_200646,1,2026-08-01T20:06:46Z,,,,+1.82500
260801_200701,1,2026-08-01T20:07:01Z,-1.82233,-1.82233,0.9590,+1.85600
260801_200716,1,2026-08-01T20:07:16Z,,,,+1.81400
260801_200731,1,2026-08-01T20:07:31Z,,,,+1.84200
260801_200746,1,2026-08-01T20:07:46Z,,,,+1.80600
260801_200801,1,2026-08-01T20:08:01Z,,,,+1.82800
260801_200816,1,2026-08-01T20:08:16Z,,,,+1.85100
260801_200831,1,2026-08-01T20:08:31Z,,,,+1.86100
260801_200846,1,2026-08-01T20:08:46Z,,,,+1.81300
260801_200901,1,2026-08-01T20:09:01Z,,,,+1.83600
260801_200916,1,2026-08-01T20:09:16Z,,,,+1.85100
260801_200931,1,2026-08-01T20:09:31Z,-1.82233,-1.82233,0.9949,+1.82500
260801_200946,1,2026-08-01T20:09:46Z,,,,+1.84100
260801_201001,1,2026-08-01T20:10:01Z,,,,+1.85500
260801_201016,1,2026-08-01T20:10:16Z,,,,+1.82300
260801_201031,1,2026-08-01T20:10:31Z,,,,+1.83800
260801_201046,1,2026-08-01T20:10:46Z,,,,+1.84500
260801_201101,1,2026-08-01T20:11:01Z,,,,+1.80800
260801_201116,1,2026-08-01T20:11:16Z,,,,+1.83700
260801_201131,1,2026-08-01T20:11:31Z,,,,+1.86600
260801_201146,1,2026-08-01T20:11:46Z,,,,+1.82200
260801_201201,1,2026-08-01T20:12:01Z,-1.82233,-1.82233,0.9811,+1.86000
260801_201216,1,2026-08-01T20:12:16Z,,,,+1.81700
260801_201231,1,2026-08-01T20:12:31Z,,,,+1.83100
260801_201246,1,2026-08-01T20:12:46Z,,,,+1.86200
260801_201301,1,2026-08-01T20:13:01Z,,,,+1.82600
260801_201316,1,2026-08-01T20:13:16Z,,,,+1.86200
260801_201331,1,2026-08-01T20:13:31Z,,,,+1.87200
260801_201346,1,2026-08-01T20:13:46Z,,,,+1.83000
260801_201401,1,2026-08-01T20:14:01Z,,,,+1.85300
260801_201416,1,2026-08-01T20:14:16Z,,,,+1.82000
260801_201431,1,2026-08-01T20:14:31Z,-1.82233,-1.82233,0.9773,+1.83000
260801_201446,1,2026-08-01T20:14:46Z,,,,+1.86000
260801_201501,1,2026-08-01T20:15:01Z,,,,+1.83100
260801_201516,1,2026-08-01T20:15:16Z,,,,+1.86700
260801_201531,1,2026-08-01T20:15:31Z,,,,+1.82500
260801_201546,1,2026-08-01T20:15:46Z,,,,+1.83400
260801_201601,1,2026-08-01T20:16:01Z,,,,+1.85400
260801_201616,1,2026-08-01T20:16:16Z,,,,+1.87600
260801_201631,1,2026-08-01T20:16:31Z,,,,+1.84000
260801_201646,1,2026-08-01T20:16:46Z,,,,+1.82600
260801_201701,1,2026-08-01T20:17:01Z,-1.82233,-1.82233,0.9892,+1.87900
260801_201716,1,2026-08-01T20:17:16Z,,,,+1.86600
260801_201731,1,2026-08-01T20:17:31Z,,,,+1.87800
260801_201746,1,2026-08-01T20:17:46Z,,,,+1.88000
260801_201801,1,2026-08-01T20:18:01Z,,,,+1.83600
260801_201816,1,2026-08-01T20:18:16Z,,,,+1.83300
260801_201831,1,2026-08-01T20:18:31Z,,,,+1.85500
260801_201846,1,2026-08-01T20:18:46Z,,,,+1.85200
260801_201901,1,2026-08-01T20:19:01Z,,,,+1.86700
260801_201916,1,2026-08-01T20:19:16Z,,,,+1.86100
260801_201931,1,2026-08-01T20:19:31Z,-1.86233,-1.86233,0.9833,+1.86500
260801_201946,1,2026-08-01T20:19:46Z,,,,+1.87000
260801_202001,1,2026-08-01T20:20:01Z,,,,+1.85600
260801_202016,1,2026-08-01T20:20:16Z,,,,+1.85200
260801_202031,1,2026-08-01T20:20:31Z,,,,+1.84900
260801_202046,1,2026-08-01T20:20:46Z,,,,+1.84500
260801_202101,1,2026-08-01T20:21:01Z,,,,+1.84200
260801_202116,1,2026-08-01T20:21:16Z,,,,+1.85100
260801_202131,1,2026-08-01T20:21:31Z,,,,+1.85500
260801_202146,1,2026-08-01T20:21:46Z,,,,+1.87000
260801_202201,1,2026-08-01T20:22:01Z,-1.86233,-1.86233,0.9423,+1.89900
260801_202216,1,2026-08-01T20:22:16Z,,,,+1.85900
260801_202231,1,2026-08-01T20:22:31Z,,,,+1.87200
260801_202246,1,2026-08-01T20:22:46Z,,,,+1.87300
260801_202301,1,2026-08-01T20:23:01Z,,,,+1.90100
260801_202316,1,2026-08-01T20:23:16Z,,,,+1.86600
260801_202331,1,2026-08-01T20:23:31Z,,,,+1.89100
260801_202346,1,2026-08-01T20:23:46Z,,,,+1.85400
260801_202401,1,2026-08-01T20:24:01Z,,,,+1.85300
260801_202416,1,2026-08-01T20:24:16Z,,,,+1.85500
260801_202431,1,2026-08-01T20:24:31Z,-1.86233,-1.86233,0.9525,+1.90200
260801_202446,1,2026-08-01T20:24:46Z,,,,+1.88400
260801_202501,1,2026-08-01T20:25:01Z,,,,+1.86500
260801_202516,1,2026-08-01T20:25:16Z,,,,+1.85000
260801_202531,1,2026-08-01T20:25:31Z,,,,+1.85700
260801_202546,1,2026-08-01T20:25:46Z,,,,+1.87100
260801_202601,1,2026-08-01T20:26:01Z,,,,+1.89600
260801_202616,1,2026-08-01T20:26:16Z,,,,+1.90700
260801_202631,1,2026-08-01T20:26:31Z,,,,+1.85700
260801_202646,1,2026-08-01T20:26:46Z,,,,+1.88900
260801_202701,1,2026-08-01T20:27:01Z,-1.86233,-1.86233,0.9677,+1.85600
260801_202716,1,2026-08-01T20:27:16Z,,,,+1.86600
260801_202731,1,2026-08-01T20:27:31Z,,,,+1.88300
260801_202746,1,2026-08-01T20:27:46Z,,,,+1.89000
260801_202801,1,2026-08-01T20:28:01Z,,,,+1.89700
260801_202816,1,2026-08-01T20:28:16Z,,,,+1.90100
260801_202831,1,2026-08-01T20:28:31Z,,,,+1.90300
260801_202846,1,2026-08-01T20:28:46Z,,,,+1.86900
260801_202901,1,2026-08-01T20:29:01Z,,,,+1.90100
260801_202916,1,2026-08-01T20:29:16Z,,,,+1.86400
260801_202931,1,2026-08-01T20:29:31Z,-1.86233,-1.86233,0.9584,+1.88500
260801_202946,1,2026-08-01T20:29:46Z,,,,+1.89200
260801_203001,1,2026-08-01T20:30:01Z,,,,+1.90800
260801_203016,1,2026-08-01T20:30:16Z,,,,+1.86400
260801_203031,1,2026-08-01T20:30:31Z,,,,+1.86400
260801_203046,1,2026-08-01T20:30:46Z,,,,+1.91900
260801_203101,1,2026-08-01T20:31:01Z,,,,+1.92500
260801_203116,1,2026-08-01T20:31:16Z,,,,+1.87900
260801_203131,1,2026-08-01T20:31:31Z,,,,+1.88400
260801_203146,1,2026-08-01T20:31:46Z,,,,+1.90000
260801_203201,1,2026-08-01T20:32:01Z,-1.86233,-1.86233,0.9811,+1.90500
260801_203216,1,2026-08-01T20:32:16Z,,,,+1.87300
260801_203231,1,2026-08-01T20:32:31Z,,,,+1.90700
260801_203246,1,2026-08-01T20:32:46Z,,,,+1.90600
260801_203301,1,2026-08-01T20:33:01Z,,,,+1.89700
260801_203316,1,2026-08-01T20:33:16Z,,,,+1.89200
260801_203331,1,2026-08-01T20:33:31Z,,,,+1.89800
260801_203346,1,2026-08-01T20:33:46Z,,,,+1.89400
260801_203401,1,2026-08-01T20:34:01Z,,,,+1.88500
260801_203416,1,2026-08-01T20:34:16Z,,,,+1.88000
260801_203431,1,2026-08-01T20:34:31Z,-1.90233,-1.90233,0.9866,+1.88400
260801_203446,1,2026-08-01T20:34:46Z,,,,+1.88200
260801_203501,1,2026-08-01T20:35:01Z,,,,+1.89400
260801_203516,1,2026-08-01T20:35:16Z,,,,+1.90000
260801_203531,1,2026-08-01T20:35:31Z,,,,+1.89300
260801_203546,1,2026-08-01T20:35:46Z,,,,+1.88000
260801_203601,1,2026-08-01T20:36:01Z,,,,+1.93500
260801_203616,1,2026-08-01T20:36:16Z,,,,+1.93400
260801_203631,1,2026-08-01T20:36:31Z,,,,+1.93600
260801_203646,1,2026-08-01T20:36:46Z,,,,+1.92000
260801_203701,1,2026-08-01T20:37:01Z,-1.90233,-1.90233,0.9627,+1.91200
260801_203716,1,2026-08-01T20:37:16Z,,,,+1.89800
260801_203731,1,2026-08-01T20:37:31Z,,,,+1.90700
260801_203746,1,2026-08-01T20:37:46Z,,,,+1.90100
260801_203801,1,2026-08-01T20:38:01Z,,,,+1.90300
260801_203816,1,2026-08-01T20:38:16Z,,,,+1.89400
260801_203831,1,2026-08-01T20:38:31Z,,,,+1.91000
260801_203846,1,2026-08-01T20:38:46Z,,,,+1.92300
260801_203901,1,2026-08-01T20:39:01Z,,,,+1.92400
260801_203916,1,2026-08-01T20:39:16Z,,,,+1.90200
260801_203931,1,2026-08-01T20:39:31Z,-1.90233,-1.90233,0.9676,+1.89700
260801_203946,1,2026-08-01T20:39:46Z,,,,+1.95000
260801_204001,1,2026-08-01T20:40:01Z,,,,+1.92400
260801_204016,1,2026-08-01T20:40:16Z,,,,+1.89500
260801_204031,1,2026-08-01T20:40:31Z,,,,+1.93700
260801_204046,1,2026-08-01T20:40:46Z,,,,+1.92500
260801_204101,1,2026-08-01T20:41:01Z,,,,+1.90900
260801_204116,1,2026-08-01T20:41:16Z,,,,+1.89500
260801_204131,1,2026-08-01T20:41:31Z,,,,+1.90100
260801_204146,1,2026-08-01T20:41:46Z,,,,+1.92300
260801_204201,1,2026-08-01T20:42:01Z,-1.90233,-1.90233,0.9549,+1.95600
260801_204216,1,2026-08-01T20:42:16Z,,,,+1.93000
260801_204231,1,2026-08-01T20:42:31Z,,,,+1.95600
260801_204246,1,2026-08-01T20:42:46Z,,,,+1.90000
260801_204301,1,2026-08-01T20:43:01Z,,,,+1.92100
260801_204316,1,2026-08-01T20:43:16Z,,,,+1.91400
260801_204331,1,2026-08-01T20:43:31Z,,,,+1.93100
260801_204346,1,2026-08-01T20:43:46Z,,,,+1.95300
260801_204401,1,2026-08-01T20:44:01Z,,,,+1.93100
260801_204416,1,2026-08-01T20:44:16Z,,,,+1.90200
260801_204431,1,2026-08-01T20:44:31Z,-1.90233,-1.90233,0.9508,+1.92100
260801_204446,1,2026-08-01T20:44:46Z,,,,+1.94400
260801_204501,1,2026-08-01T20:45:01Z,,,,+1.96600
260801_204516,1,2026-08-01T20:45:16Z,,,,+1.93100
260801_204531,1,2026-08-01T20:45:31Z,,,,+1.95900
260801_204546,1,2026-08-01T20:45:46Z,,,,+1.91100
260801_204601,1,2026-08-01T20:46:01Z,,,,+1.92900
260801_204616,1,2026-08-01T20:46:16Z,,,,+1.96300
260801_204631,1,2026-08-01T20:46:31Z,,,,+1.92900
260801_204646,1,2026-08-01T20:46:46Z,,,,+1.96200
260801_204701,1,2026-08-01T20:47:01Z,-1.90233,-1.90233,0.9794,+1.93200
260801_204716,1,2026-08-01T20:47:16Z,,,,+1.95000
260801_204731,1,2026-08-01T20:47:31Z,,,,+1.92100
260801_204746,1,2026-08-01T20:47:46Z,,,,+1.96900
260801_204801,1,2026-08-01T20:48:01Z,,,,+1.94800
260801_204816,1,2026-08-01T20:48:16Z,,,,+1.93300
260801_204831,1,2026-08-01T20:48:31Z,,,,+1.96000
260801_204846,1,2026-08-01T20:48:46Z,,,,+1.94400
260801_204901,1,2026-08-01T20:49:01Z,,,,+1.93300
260801_204916,1,2026-08-01T20:49:16Z,,,,+1.96100
260801_204931,1,2026-08-01T20:49:31Z,-1.94233,-1.94233,0.9740,+1.93600
260801_204946,1,2026-08-01T20:49:46Z,,,,+1.97500
260801_205001,1,2026-08-01T20:50:01Z,,,,+1.95300
260801_205016,1,2026-08-01T20:50:16Z,,,,+1.93200
260801_205031,1,2026-08-01T20:50:31Z,,,,+1.98100
260801_205046,1,2026-08-01T20:50:46Z,,,,+1.94600
260801_205101,1,2026-08-01T20:51:01Z,,,,+1.97900
260801_205116,1,2026-08-01T20:51:16Z,,,,+1.94900
260801_205131,1,2026-08-01T20:51:31Z,,,,+1.93700
260801_205146,1,2026-08-01T20:51:46Z,,,,+1.95900
260801_205201,1,2026-08-01T20:52:01Z,-1.94233,-1.94233,0.9719,+1.92900
260801_205216,1,2026-08-01T20:52:16Z,,,,+1.92700
260801_205231,1,2026-08-01T20:52:31Z,,,,+1.97500
260801_205246,1,2026-08-01T20:52:46Z,,,,+1.97100
260801_205301,1,2026-08-01T20:53:01Z,,,,+1.95900
260801_205316,1,2026-08-01T20:53:16Z,,,,+1.93600
260801_205331,1,2026-08-01T20:53:31Z,,,,+1.93200
260801_205346,1,2026-08-01T20:53:46Z,,,,+1.98400
260801_205401,1,2026-08-01T20:54:01Z,,,,+1.96900
260801_205416,1,2026-08-01T20:54:16Z,,,,+1.95500
260801_205431,1,2026-08-01T20:54:31Z,-1.94233,-1.94233,0.9799,+1.94300
260801_205446,1,2026-08-01T20:54:46Z,,,,+1.93600
260801_205501,1,2026-08-01T20:55:01Z,,,,+1.96800
260801_205516,1,2026-08-01T20:55:16Z,,,,+1.94200
260801_205531,1,2026-08-01T20:55:31Z,,,,+1.97400
260801_205546,1,2026-08-01T20:55:46Z,,,,+1.94700
260801_205601,1,2026-08-01T20:56:01Z,,,,+1.98700
260801_205616,1,2026-08-01T20:56:16Z,,,,+1.97200
260801_205631,1,2026-08-01T20:56:31Z,,,,+1.95200
260801_205646,1,2026-08-01T20:56:46Z,,,,+1.95500
260801_205701,1,2026-08-01T20:57:01Z,-1.94233,-1.94233,0.9526,+1.99800
260801_205716,1,2026-08-01T20:57:16Z,,,,+1.98000
260801_205731,1,2026-08-01T20:57:31Z,,,,+1.98400
260801_205746,1,2026-08-01T20:57:46Z,,,,+1.99800
260801_205801,1,2026-08-01T20:58:01Z,,,,+1.99100
260801_205817,1,2026-08-01T20:58:17Z,,,,+2.00000
260801_205831,1,2026-08-01T20:58:31Z,,,,+1.99400
260801_205846,1,2026-08-01T20:58:46Z,,,,+1.97600
260801_205901,1,2026-08-01T20:59:01Z,,,,+1.97200
260801_205916,1,2026-08-01T20:59:16Z,,,,+1.97500
260801_205931,1,2026-08-01T20:59:31Z,-1.94233,-1.94233,0.9881,+1.96600
260801_205946,1,2026-08-01T20:59:46Z,,,,+1.94900
260801_210001,1,2026-08-01T21:00:01Z,,,,+1.99700
260801_210016,1,2026-08-01T21:00:16Z,,,,+1.98900
260801_210031,1,2026-08-01T21:00:31Z,,,,+1.97500
260801_210047,1,2026-08-01T21:00:47Z,,,,+2.00800
260801_210101,1,2026-08-01T21:01:01Z,,,,+1.97900
260801_210117,1,2026-08-01T21:01:17Z,,,,+2.00800
260801_210131,1,2026-08-01T21:01:31Z,,,,+1.96500
260801_210146,1,2026-08-01T21:01:46Z,,,,+1.99200
260801_210201,1,2026-08-01T21:02:01Z,-1.98233,-1.98233,0.9516,+1.98900
260801_210216,1,2026-08-01T21:02:16Z,,,,+1.99200
260801_210231,1,2026-08-01T21:02:31Z,,,,+1.98700
260801_210246,1,2026-08-01T21:02:46Z,,,,+1.99200
260801_210301,1,2026-08-01T21:03:01Z,,,,+1.98900
260801_210316,1,2026-08-01T21:03:16Z,,,,+1.97800
260801_210332,1,2026-08-01T21:03:32Z,,,,+2.00600
260801_210346,1,2026-08-01T21:03:46Z,,,,+1.97400
260801_210401,1,2026-08-01T21:04:01Z,,,,+1.99200
260801_210417,1,2026-08-01T21:04:17Z,,,,+2.00000
260801_210432,1,2026-08-01T21:04:32Z,-1.98233,-1.98233,0.9497,+2.00300
260801_210447,1,2026-08-01T21:04:47Z,,,,+2.00900
260801_210502,1,2026-08-01T21:05:02Z,,,,+2.00500
260801_210517,1,2026-08-01T21:05:17Z,,,,+2.00600
260801_210532,1,2026-08-01T21:05:32Z,,,,+2.02400
260801_210546,1,2026-08-01T21:05:46Z,,,,+1.96600
260801_210601,1,2026-08-01T21:06:01Z,,,,+1.97900
260801_210616,1,2026-08-01T21:06:16Z,,,,+1.97700
260801_210632,1,2026-08-01T21:06:32Z,,,,+2.02300
260801_210647,1,2026-08-01T21:06:47Z,,,,+2.01400
260801_210702,1,2026-08-01T21:07:02Z,-1.98233,-1.98233,0.9352,+2.01000
260801_210717,1,2026-08-01T21:07:17Z,,,,+2.00600
260801_210731,1,2026-08-01T21:07:31Z,,,,+1.99300
260801_210747,1,2026-08-01T21:07:47Z,,,,+2.02000
260801_210801,1,2026-08-01T21:08:01Z,,,,+1.98600
260801_210817,1,2026-08-01T21:08:17Z,,,,+2.02100
260801_210831,1,2026-08-01T21:08:31Z,,,,+1.99600
260801_210847,1,2026-08-01T21:08:47Z,,,,+2.03200
260801_210902,1,2026-08-01T21:09:02Z,,,,+2.00100
260801_210916,1,2026-08-01T21:09:16Z,,,,+1.98700
260801_210932,1,2026-08-01T21:09:32Z,-1.98233,-1.98233,0.9773,+2.02600
260801_210947,1,2026-08-01T21:09:47Z,,,,+2.02100
260801_211002,1,2026-08-01T21:10:02Z,,,,+2.01100
260801_211016,1,2026-08-01T21:10:16Z,,,,+1.99500
260801_211031,1,2026-08-01T21:10:31Z,,,,+1.98800
260801_211047,1,2026-08-01T21:10:47Z,,,,+2.02300
260801_211102,1,2026-08-01T21:11:02Z,,,,+2.00600
260801_211117,1,2026-08-01T21:11:17Z,,,,+2.00400
260801_211132,1,2026-08-01T21:11:32Z,,,,+2.00800
260801_211147,1,2026-08-01T21:11:47Z,,,,+2.02700
260801_211201,1,2026-08-01T21:12:01Z,-1.98233,-1.98233,0.9940,+1.99100
260801_211216,1,2026-08-01T21:12:16Z,,,,+1.98800
260801_211232,1,2026-08-01T21:12:32Z,,,,+2.01400
260801_211247,1,2026-08-01T21:12:47Z,,,,+2.00000
260801_211301,1,2026-08-01T21:13:01Z,,,,+1.99200
260801_211317,1,2026-08-01T21:13:17Z,,,,+2.01400
260801_211332,1,2026-08-01T21:13:32Z,,,,+2.04200
260801_211347,1,2026-08-01T21:13:47Z,,,,+2.02500
260801_211402,1,2026-08-01T21:14:02Z,,,,+2.01800
260801_211416,1,2026-08-01T21:14:16Z,,,,+1.99300
260801_211431,1,2026-08-01T21:14:31Z,-1.98233,-1.98233,0.9992,+1.99600
260801_211447,1,2026-08-01T21:14:47Z,,,,+2.00700
260801_211502,1,2026-08-01T21:15:02Z,,,,+2.01600
260801_211517,1,2026-08-01T21:15:17Z,,,,+2.04800
260801_211532,1,2026-08-01T21:15:32Z,,,,+2.00400
260801_211547,1,2026-08-01T21:15:47Z,,,,+2.01200
260801_211602,1,2026-08-01T21:16:02Z,,,,+2.03300
260801_211617,1,2026-08-01T21:16:17Z,,,,+2.03700
260801_211632,1,2026-08-01T21:16:32Z,,,,+2.05500
260801_211647,1,2026-08-01T21:16:47Z,,,,+2.03100
260801_211701,1,2026-08-01T21:17:01Z,-2.02233,-2.02233,0.9768,+1.99900
260801_211716,1,2026-08-01T21:17:16Z,,,,+1.99700
260801_211732,1,2026-08-01T21:17:32Z,,,,+2.03600
260801_211747,1,2026-08-01T21:17:47Z,,,,+2.01400
260801_211802,1,2026-08-01T21:18:02Z,,,,+2.04200
260801_211817,1,2026-08-01T21:18:17Z,,,,+2.01700
260801_211832,1,2026-08-01T21:18:32Z,,,,+2.05500
260801_211847,1,2026-08-01T21:18:47Z,,,,+2.03300
260801_211902,1,2026-08-01T21:19:02Z,,,,+2.02000
260801_211917,1,2026-08-01T21:19:17Z,,,,+2.05400
260801_211932,1,2026-08-01T21:19:32Z,-2.02233,-2.02233,0.9919,+2.04200
260801_211947,1,2026-08-01T21:19:47Z,,,,+2.02600
260801_212002,1,2026-08-01T21:20:02Z,,,,+2.01400
260801_212017,1,2026-08-01T21:20:17Z,,,,+2.00600
260801_212032,1,2026-08-01T21:20:32Z,,,,+2.05100
260801_212047,1,2026-08-01T21:20:47Z,,,,+2.05000
260801_212102,1,2026-08-01T21:21:02Z,,,,+2.01100
260801_212117,1,2026-08-01T21:21:17Z,,,,+2.05100
260801_212132,1,2026-08-01T21:21:32Z,,,,+2.03400
260801_212147,1,2026-08-01T21:21:47Z,,,,+2.07000
260801_212202,1,2026-08-01T21:22:02Z,-2.02233,-2.02233,0.9945,+2.05800
260801_212217,1,2026-08-01T21:22:17Z,,,,+2.04500
260801_212232,1,2026-08-01T21:22:32Z,,,,+2.03900
260801_212247,1,2026-08-01T21:22:47Z,,,,+2.03700
260801_212302,1,2026-08-01T21:23:02Z,,,,+2.04200
260801_212317,1,2026-08-01T21:23:17Z,,,,+2.05800
260801_212332,1,2026-08-01T21:23:32Z,,,,+2.04100
260801_212347,1,2026-08-01T21:23:47Z,,,,+2.06500
260801_212402,1,2026-08-01T21:24:02Z,,,,+2.03900
260801_212417,1,2026-08-01T21:24:17Z,,,,+2.06500
260801_212432,1,2026-08-01T21:24:32Z,-2.02233,-2.02233,0.9909,+2.04000
260801_212447,1,2026-08-01T21:24:47Z,,,,+2.06100
260801_212502,1,2026-08-01T21:25:02Z,,,,+2.05200
260801_212517,1,2026-08-01T21:25:17Z,,,,+2.06500
260801_212532,1,2026-08-01T21:25:32Z,,,,+2.02100
260801_212547,1,2026-08-01T21:25:47Z,,,,+2.04500
260801_212602,1,2026-08-01T21:26:02Z,,,,+2.06400
260801_212617,1,2026-08-01T21:26:17Z,,,,+2.03400
260801_212632,1,2026-08-01T21:26:32Z,,,,+2.04600
260801_212647,1,2026-08-01T21:26:47Z,,,,+2.08100
260801_212702,1,2026-08-01T21:27:02Z,-2.02233,-2.02233,0.9881,+2.04200
260801_212717,1,2026-08-01T21:27:17Z,,,,+2.06600
260801_212732,1,2026-08-01T21:27:32Z,,,,+2.08500
260801_212747,1,2026-08-01T21:27:47Z,,,,+2.04000
260801_212802,1,2026-08-01T21:28:02Z,,,,+2.06200
260801_212817,1,2026-08-01T21:28:17Z,,,,+2.06200
260801_212832,1,2026-08-01T21:28:32Z,,,,+2.06700
260801_212847,1,2026-08-01T21:28:47Z,,,,+2.07400
260801_212902,1,2026-08-01T21:29:02Z,,,,+2.04000
260801_212917,1,2026-08-01T21:29:17Z,,,,+2.05300
260801_212932,1,2026-08-01T21:29:32Z,-2.06233,-2.06233,0.9963,+2.06700
260801_212947,1,2026-08-01T21:29:47Z,,,,+2.07800
260801_213002,1,2026-08-01T21:30:02Z,,,,+2.08800
260801_213017,1,2026-08-01T21:30:17Z,,,,+2.08000
260801_213032,1,2026-08-01T21:30:32Z,,,,+2.06400
260801_213047,1,2026-08-01T21:30:47Z,,,,+2.06200
260801_213102,1,2026-08-01T21:31:02Z,,,,+2.06900
260801_213117,1,2026-08-01T21:31:17Z,,,,+2.07800
260801_213132,1,2026-08-01T21:31:32Z,,,,+2.08800
260801_213147,1,2026-08-01T21:31:47Z,,,,+2.06700
260801_213202,1,2026-08-01T21:32:02Z,-2.06233,-2.06233,0.9870,+2.08300
260801_213217,1,2026-08-01T21:32:17Z,,,,+2.04700
260801_213232,1,2026-08-01T21:32:32Z,,,,+2.05000
260801_213247,1,2026-08-01T21:32:47Z,,,,+2.04000
260801_213302,1,2026-08-01T21:33:02Z,,,,+2.09300
260801_213317,1,2026-08-01T21:33:17Z,,,,+2.09100
260801_213332,1,2026-08-01T21:33:32Z,,,,+2.09900
260801_213347,1,2026-08-01T21:33:47Z,,,,+2.10000
260801_213402,1,2026-08-01T21:34:02Z,,,,+2.05400
260801_213417,1,2026-08-01T21:34:17Z,,,,+2.10100
260801_213432,1,2026-08-01T21:34:32Z,-2.06233,-2.06233,0.9854,+2.09000
260801_213447,1,2026-08-01T21:34:47Z,,,,+2.10800
260801_213502,1,2026-08-01T21:35:02Z,,,,+2.09500
260801_213517,1,2026-08-01T21:35:17Z,,,,+2.06400
260801_213532,1,2026-08-01T21:35:32Z,,,,+2.06600
260801_213547,1,2026-08-01T21:35:47Z,,,,+2.07900
260801_213602,1,2026-08-01T21:36:02Z,,,,+2.08200
260801_213617,1,2026-08-01T21:36:17Z,,,,+2.08800
260801_213632,1,2026-08-01T21:36:32Z,,,,+2.09100
260801_213647,1,2026-08-01T21:36:47Z,,,,+2.09500
260801_213702,1,2026-08-01T21:37:02Z,-2.06233,-2.06233,0.9650,+2.09400
260801_213717,1,2026-08-01T21:37:17Z,,,,+2.09400
260801_213732,1,2026-08-01T21:37:32Z,,,,+2.09800
260801_213747,1,2026-08-01T21:37:47Z,,,,+2.09600
260801_213802,1,2026-08-01T21:38:02Z,,,,+2.10200
260801_213817,1,2026-08-01T21:38:17Z,,,,+2.08200
260801_213832,1,2026-08-01T21:38:32Z,,,,+2.07400
260801_213847,1,2026-08-01T21:38:47Z,,,,+2.08900
260801_213902,1,2026-08-01T21:39:02Z,,,,+2.09800
260801_213917,1,2026-08-01T21:39:17Z,,,,+2.10900
260801_213932,1,2026-08-01T21:39:32Z,-2.06233,-2.06233,0.9836,+2.07300
260801_213947,1,2026-08-01T21:39:47Z,,,,+2.09700
260801_214002,1,2026-08-01T21:40:02Z,,,,+2.10300
260801_214017,1,2026-08-01T21:40:17Z,,,,+2.08000
260801_214032,1,2026-08-01T21:40:32Z,,,,+2.08500
260801_214047,1,2026-08-01T21:40:47Z,,,,+2.10200
260801_214102,1,2026-08-01T21:41:02Z,,,,+2.11900
260801_214117,1,2026-08-01T21:41:17Z,,,,+2.07500
260801_214132,1,2026-08-01T21:41:32Z,,,,+2.09200
260801_214147,1,2026-08-01T21:41:47Z,,,,+2.10800
260801_214202,1,2026-08-01T21:42:02Z,-2.06233,-2.06233,0.9615,+2.12200
260801_214217,1,2026-08-01T21:42:17Z,,,,+2.12400
260801_214232,1,2026-08-01T21:42:32Z,,,,+2.12800
260801_214247,1,2026-08-01T21:42:47Z,,,,+2.13100
260801_214302,1,2026-08-01T21:43:02Z,,,,+2.07000
260801_214317,1,2026-08-01T21:43:17Z,,,,+2.07800
260801_214332,1,2026-08-01T21:43:32Z,,,,+2.07500
260801_214347,1,2026-08-01T21:43:47Z,,,,+2.13200
260801_214402,1,2026-08-01T21:44:02Z,,,,+2.08500
260801_214417,1,2026-08-01T21:44:17Z,,,,+2.08600
260801_214432,1,2026-08-01T21:44:32Z,-2.10233,-2.10233,0.9478,+2.09300
260801_214447,1,2026-08-01T21:44:47Z,,,,+2.08900
260801_214502,1,2026-08-01T21:45:02Z,,,,+2.10100
260801_214517,1,2026-08-01T21:45:17Z,,,,+2.08600
260801_214532,1,2026-08-01T21:45:32Z,,,,+2.13500
260801_214547,1,2026-08-01T21:45:47Z,,,,+2.13400
260801_214602,1,2026-08-01T21:46:02Z,,,,+2.14100
260801_214617,1,2026-08-01T21:46:17Z,,,,+2.08600
260801_214632,1,2026-08-01T21:46:32Z,,,,+2.12600
260801_214647,1,2026-08-01T21:46:47Z,,,,+2.10300
260801_214702,1,2026-08-01T21:47:02Z,-2.10233,-2.10232,0.9554,+2.08900
260801_214717,1,2026-08-01T21:47:17Z,,,,+2.13300
260801_214732,1,2026-08-01T21:47:32Z,,,,+2.13000
260801_214747,1,2026-08-01T21:47:47Z,,,,+2.13000
260801_214802,1,2026-08-01T21:48:02Z,,,,+2.13400
260801_214817,1,2026-08-01T21:48:17Z,,,,+2.12600
260801_214832,1,2026-08-01T21:48:32Z,,,,+2.09000
260801_214847,1,2026-08-01T21:48:47Z,,,,+2.13200
260801_214902,1,2026-08-01T21:49:02Z,,,,+2.10900
260801_214917,1,2026-08-01T21:49:17Z,,,,+2.09900
260801_214932,1,2026-08-01T21:49:32Z,-2.10233,-2.10233,0.9859,+2.10400
260801_214947,1,2026-08-01T21:49:47Z,,,,+2.10700
260801_215002,1,2026-08-01T21:50:02Z,,,,+2.10400
260801_215017,1,2026-08-01T21:50:17Z,,,,+2.09500
260801_215032,1,2026-08-01T21:50:32Z,,,,+2.10800
260801_215047,1,2026-08-01T21:50:47Z,,,,+2.13100
260801_215102,1,2026-08-01T21:51:02Z,,,,+2.15600
260801_215117,1,2026-08-01T21:51:17Z,,,,+2.10800
260801_215132,1,2026-08-01T21:51:32Z,,,,+2.12000
260801_215147,1,2026-08-01T21:51:47Z,,,,+2.13500
260801_215202,1,2026-08-01T21:52:02Z,-2.10233,-2.10233,0.9511,+2.13900
260801_215217,1,2026-08-01T21:52:17Z,,,,+2.15800
260801_215232,1,2026-08-01T21:52:32Z,,,,+2.10100
260801_215247,1,2026-08-01T21:52:47Z,,,,+2.13300
260801_215302,1,2026-08-01T21:53:02Z,,,,+2.13800
260801_215317,1,2026-08-01T21:53:17Z,,,,+2.13200
260801_215332,1,2026-08-01T21:53:32Z,,,,+2.14000
260801_215347,1,2026-08-01T21:53:47Z,,,,+2.15100
260801_215402,1,2026-08-01T21:54:02Z,,,,+2.15400
260801_215417,1,2026-08-01T21:54:17Z,,,,+2.15000
260801_215432,1,2026-08-01T21:54:32Z,-2.10233,-2.10233,0.9621,+2.10800
260801_215447,1,2026-08-01T21:54:47Z,,,,+2.13400
260801_215502,1,2026-08-01T21:55:02Z,,,,+2.15500
260801_215517,1,2026-08-01T21:55:17Z,,,,+2.15900
260801_215532,1,2026-08-01T21:55:32Z,,,,+2.15400
260801_215547,1,2026-08-01T21:55:47Z,,,,+2.12700
260801_215602,1,2026-08-01T21:56:02Z,,,,+2.14900
260801_215617,1,2026-08-01T21:56:17Z,,,,+2.11800
260801_215632,1,2026-08-01T21:56:32Z,,,,+2.11600
260801_215647,1,2026-08-01T21:56:47Z,,,,+2.14000
260801_215702,1,2026-08-01T21:57:02Z,-2.14233,-2.14233,0.9468,+2.16200
260801_215717,1,2026-08-01T21:57:17Z,,,,+2.11300
260801_215732,1,2026-08-01T21:57:32Z,,,,+2.11200
260801_215747,1,2026-08-01T21:57:47Z,,,,+2.13500
260801_215802,1,2026-08-01T21:58:02Z,,,,+2.13600
260801_215817,1,2026-08-01T21:58:17Z,,,,+2.17500
260801_215832,1,2026-08-01T21:58:32Z,,,,+2.17500
260801_215847,1,2026-08-01T21:58:47Z,,,,+2.17500
260801_215902,1,2026-08-01T21:59:02Z,,,,+2.16100
260801_215917,1,2026-08-01T21:59:17Z,,,,+2.15100
260801_215932,1,2026-08-01T21:59:32Z,-2.14233,-2.14233,0.9747,+2.12700
260801_215947,1,2026-08-01T21:59:47Z,,,,+2.17900
260801_220002,1,2026-08-01T22:00:02Z,,,,+2.16100
260801_220017,1,2026-08-01T22:00:17Z,,,,+2.14900
260801_220032,1,2026-08-01T22:00:32Z,,,,+2.13800
260801_220047,1,2026-08-01T22:00:47Z,,,,+2.13200
260801_220102,1,2026-08-01T22:01:02Z,,,,+2.12500
260801_220117,1,2026-08-01T22:01:17Z,,,,+2.12400
260801_220132,1,2026-08-01T22:01:32Z,,,,+2.12800
260801_220147,1,2026-08-01T22:01:47Z,,,,+2.18100
260801_220202,1,2026-08-01T22:02:02Z,-2.14233,-2.14233,0.9871,+2.13000
260801_220217,1,2026-08-01T22:02:17Z,,,,+2.18800
260801_220232,1,2026-08-01T22:02:32Z,,,,+2.17600
260801_220247,1,2026-08-01T22:02:47Z,,,,+2.15400
260801_220302,1,2026-08-01T22:03:02Z,,,,+2.14600
260801_220317,1,2026-08-01T22:03:17Z,,,,+2.14600
260801_220332,1,2026-08-01T22:03:32Z,,,,+2.17000
260801_220347,1,2026-08-01T22:03:47Z,,,,+2.17500
260801_220402,1,2026-08-01T22:04:02Z,,,,+2.13700
260801_220417,1,2026-08-01T22:04:17Z,,,,+2.15000
260801_220432,1,2026-08-01T22:04:32Z,-2.14233,-2.14233,0.9586,+2.17100
260801_220447,1,2026-08-01T22:04:47Z,,,,+2.17700
260801_220502,1,2026-08-01T22:05:02Z,,,,+2.19400
260801_220517,1,2026-08-01T22:05:17Z,,,,+2.14300
260801_220532,1,2026-08-01T22:05:32Z,,,,+2.15800
260801_220547,1,2026-08-01T22:05:47Z,,,,+2.17200
260801_220602,1,2026-08-01T22:06:02Z,,,,+2.18700
260801_220617,1,2026-08-01T22:06:17Z,,,,+2.14200
260801_220632,1,2026-08-01T22:06:32Z,,,,+2.18600
260801_220647,1,2026-08-01T22:06:47Z,,,,+2.17100
260801_220702,1,2026-08-01T22:07:02Z,-2.14233,-2.14233,0.9501,+2.17200
260801_220717,1,2026-08-01T22:07:17Z,,,,+2.17300
260801_220732,1,2026-08-01T22:07:32Z,,,,+2.17400
260801_220747,1,2026-08-01T22:07:47Z,,,,+2.17300
260801_220802,1,2026-08-01T22:08:02Z,,,,+2.17400
260801_220817,1,2026-08-01T22:08:17Z,,,,+2.17800
260801_220832,1,2026-08-01T22:08:32Z,,,,+2.17800
260801_220847,1,2026-08-01T22:08:47Z,,,,+2.16800
260801_220902,1,2026-08-01T22:09:02Z,,,,+2.20100
260801_220917,1,2026-08-01T22:09:17Z,,,,+2.19900
260801_220932,1,2026-08-01T22:09:32Z,-2.14233,-2.14233,0.9968,+2.15500
260801_220947,1,2026-08-01T22:09:47Z,,,,+2.15700
260801_221002,1,2026-08-01T22:10:02Z,,,,+2.18600
260801_221017,1,2026-08-01T22:10:17Z,,,,+2.14900
260801_221032,1,2026-08-01T22:10:32Z,,,,+2.16100
260801_221047,1,2026-08-01T22:10:47Z,,,,+2.17000
260801_221102,1,2026-08-01T22:11:02Z,,,,+2.16800
260801_221117,1,2026-08-01T22:11:17Z,,,,+2.16900
260801_221132,1,2026-08-01T22:11:32Z,,,,+2.15700
260801_221147,1,2026-08-01T22:11:47Z,,,,+2.19700
260801_221202,1,2026-08-01T22:12:02Z,-2.18233,-2.18233,0.9883,+2.18500
260801_221217,1,2026-08-01T22:12:17Z,,,,+2.21500
260801_221232,1,2026-08-01T22:12:32Z,,,,+2.18600
260801_221247,1,2026-08-01T22:12:47Z,,,,+2.15700
260801_221302,1,2026-08-01T22:13:02Z,,,,+2.19800
260801_221317,1,2026-08-01T22:13:17Z,,,,+2.18400
260801_221332,1,2026-08-01T22:13:32Z,,,,+2.16700
260801_221347,1,2026-08-01T22:13:47Z,,,,+2.20700
260801_221402,1,2026-08-01T22:14:02Z,,,,+2.20300
260801_221417,1,2026-08-01T22:14:17Z,,,,+2.18900
260801_221432,1,2026-08-01T22:14:32Z,-2.18233,-2.18233,0.9942,+2.22200
260801_221447,1,2026-08-01T22:14:47Z,,,,+2.20200
260801_221502,1,2026-08-01T22:15:02Z,,,,+2.16700
260801_221517,1,2026-08-01T22:15:17Z,,,,+2.18300
260801_221532,1,2026-08-01T22:15:32Z,,,,+2.19900
260801_221547,1,2026-08-01T22:15:47Z,,,,+2.20200
260801_221602,1,2026-08-01T22:16:02Z,,,,+2.20300
260801_221617,1,2026-08-01T22:16:17Z,,,,+2.19900
260801_221632,1,2026-08-01T22:16:32Z,,,,+2.22400
260801_221647,1,2026-08-01T22:16:47Z,,,,+2.17200
260801_221702,1,2026-08-01T22:17:02Z,-2.18233,-2.18233,0.9702,+2.22800
260801_221717,1,2026-08-01T22:17:17Z,,,,+2.17100
260801_221732,1,2026-08-01T22:17:32Z,,,,+2.17400
260801_221747,1,2026-08-01T22:17:47Z,,,,+2.17100
260801_221802,1,2026-08-01T22:18:02Z,,,,+2.23100
260801_221817,1,2026-08-01T22:18:17Z,,,,+2.20400
260801_221832,1,2026-08-01T22:18:32Z,,,,+2.19400
260801_221847,1,2026-08-01T22:18:47Z,,,,+2.17600
260801_221902,1,2026-08-01T22:19:02Z,,,,+2.23200
260801_221917,1,2026-08-01T22:19:17Z,,,,+2.20500
260801_221932,1,2026-08-01T22:19:32Z,-2.18233,-2.18233,0.9938,+2.18800
260801_221947,1,2026-08-01T22:19:47Z,,,,+2.17800
260801_222002,1,2026-08-01T22:20:02Z,,,,+2.21900
260801_222017,1,2026-08-01T22:20:17Z,,,,+2.18700
260801_222032,1,2026-08-01T22:20:32Z,,,,+2.23400
260801_222047,1,2026-08-01T22:20:47Z,,,,+2.18900
260801_222102,1,2026-08-01T22:21:02Z,,,,+2.22600
260801_222117,1,2026-08-01T22:21:17Z,,,,+2.23700
260801_222132,1,2026-08-01T22:21:32Z,,,,+2.20400
260801_222147,1,2026-08-01T22:21:47Z,,,,+2.21700
260801_222202,1,2026-08-01T22:22:02Z,-2.18233,-2.18233,0.9944,+2.24100
260801_222217,1,2026-08-01T22:22:17Z,,,,+2.18400
260801_222232,1,2026-08-01T22:22:32Z,,,,+2.20500
260801_222247,1,2026-08-01T22:22:47Z,,,,+2.22500
260801_222302,1,2026-08-01T22:23:02Z,,,,+2.20600
260801_222317,1,2026-08-01T22:23:17Z,,,,+2.21300
260801_222332,1,2026-08-01T22:23:32Z,,,,+2.23200
260801_222347,1,2026-08-01T22:23:47Z,,,,+2.24800
260801_222402,1,2026-08-01T22:24:02Z,,,,+2.20100
260801_222417,1,2026-08-01T22:24:17Z,,,,+2.20600
260801_222432,1,2026-08-01T22:24:32Z,-2.18233,-2.18233,0.9785,+2.22700
260801_222447,1,2026-08-01T22:24:47Z,,,,+2.22700
260801_222502,1,2026-08-01T22:25:02Z,,,,+2.22600
260801_222517,1,2026-08-01T22:25:17Z,,,,+2.24000
260801_222532,1,2026-08-01T22:25:32Z,,,,+2.21000
260801_222547,1,2026-08-01T22:25:47Z,,,,+2.22600
260801_222602,1,2026-08-01T22:26:02Z,,,,+2.20900
260801_222617,1,2026-08-01T22:26:17Z,,,,+2.24600
260801_222632,1,2026-08-01T22:26:32Z,,,,+2.22300
260801_222647,1,2026-08-01T22:26:47Z,,,,+2.19900
260801_222702,1,2026-08-01T22:27:02Z,-2.22233,-2.22233,0.9930,+2.24600
260801_222717,1,2026-08-01T22:27:17Z,,,,+2.24200
260801_222732,1,2026-08-01T22:27:32Z,,,,+2.23400
260801_222747,1,2026-08-01T22:27:47Z,,,,+2.20500
260801_222802,1,2026-08-01T22:28:02Z,,,,+2.23700
260801_222817,1,2026-08-01T22:28:17Z,,,,+2.21900
260801_222832,1,2026-08-01T22:28:32Z,,,,+2.25200
260801_222847,1,2026-08-01T22:28:47Z,,,,+2.20500
260801_222902,1,2026-08-01T22:29:02Z,,,,+2.22100
260801_222917,1,2026-08-01T22:29:17Z,,,,+2.23700
260801_222932,1,2026-08-01T22:29:32Z,-2.22233,-2.22233,0.9933,+2.23800
260801_222947,1,2026-08-01T22:29:47Z,,,,+2.25000
260801_223002,1,2026-08-01T22:30:02Z,,,,+2.22100
260801_223017,1,2026-08-01T22:30:17Z,,,,+2.22200
260801_223032,1,2026-08-01T22:30:32Z,,,,+2.26100
260801_223047,1,2026-08-01T22:30:47Z,,,,+2.25500
260801_223102,1,2026-08-01T22:31:02Z,,,,+2.22800
260801_223117,1,2026-08-01T22:31:17Z,,,,+2.23500
260801_223132,1,2026-08-01T22:31:32Z,,,,+2.21900
260801_223147,1,2026-08-01T22:31:47Z,,,,+2.24500
260801_223202,1,2026-08-01T22:32:02Z,-2.22233,-2.22233,0.9975,+2.25000
260801_223217,1,2026-08-01T22:32:17Z,,,,+2.26700
260801_223232,1,2026-08-01T22:32:32Z,,,,+2.26100
260801_223247,1,2026-08-01T22:32:47Z,,,,+2.26400
260801_223302,1,2026-08-01T22:33:02Z,,,,+2.26100
260801_223317,1,2026-08-01T22:33:17Z,,,,+2.25400
260801_223332,1,2026-08-01T22:33:32Z,,,,+2.26300
260801_223347,1,2026-08-01T22:33:47Z,,,,+2.27700
260801_223402,1,2026-08-01T22:34:02Z,,,,+2.23000
260801_223417,1,2026-08-01T22:34:17Z,,,,+2.24300
260801_223432,1,2026-08-01T22:34:32Z,-2.22233,-2.22233,0.9947,+2.26600
260801_223447,1,2026-08-01T22:34:47Z,,,,+2.22600
260801_223502,1,2026-08-01T22:35:02Z,,,,+2.25900
260801_223517,1,2026-08-01T22:35:17Z,,,,+2.23700
260801_223532,1,2026-08-01T22:35:32Z,,,,+2.22300
260801_223547,1,2026-08-01T22:35:47Z,,,,+2.27500
260801_223602,1,2026-08-01T22:36:02Z,,,,+2.24300
260801_223617,1,2026-08-01T22:36:17Z,,,,+2.23400
260801_223632,1,2026-08-01T22:36:32Z,,,,+2.26900
260801_223647,1,2026-08-01T22:36:47Z,,,,+2.26200
260801_223702,1,2026-08-01T22:37:02Z,-2.22233,-2.22233,0.9888,+2.22800
260801_223717,1,2026-08-01T22:37:17Z,,,,+2.27100
260801_223732,1,2026-08-01T22:37:32Z,,,,+2.25700
260801_223747,1,2026-08-01T22:37:47Z,,,,+2.27600
260801_223802,1,2026-08-01T22:38:02Z,,,,+2.23400
260801_223817,1,2026-08-01T22:38:17Z,,,,+2.24500
260801_223832,1,2026-08-01T22:38:32Z,,,,+2.26900
260801_223847,1,2026-08-01T22:38:47Z,,,,+2.27800
260801_223902,1,2026-08-01T22:39:02Z,,,,+2.23800
260801_223917,1,2026-08-01T22:39:17Z,,,,+2.24800
260801_223932,1,2026-08-01T22:39:32Z,-2.26233,-2.26233,0.9349,+2.25100
260801_223947,1,2026-08-01T22:39:47Z,,,,+2.27600
260801_224002,1,2026-08-01T22:40:02Z,,,,+2.27700
260801_224017,1,2026-08-01T22:40:17Z,,,,+2.23600
260801_224032,1,2026-08-01T22:40:32Z,,,,+2.26900
260801_224047,1,2026-08-01T22:40:47Z,,,,+2.26700
260801_224102,1,2026-08-01T22:41:02Z,,,,+2.29400
260801_224117,1,2026-08-01T22:41:17Z,,,,+2.24700
260801_224132,1,2026-08-01T22:41:32Z,,,,+2.27000
260801_224147,1,2026-08-01T22:41:47Z,,,,+2.28000
260801_224202,1,2026-08-01T22:42:02Z,-2.26233,-2.26233,0.9902,+2.29900
260801_224217,1,2026-08-01T22:42:17Z,,,,+2.29100
260801_224232,1,2026-08-01T22:42:32Z,,,,+2.29100
260801_224247,1,2026-08-01T22:42:47Z,,,,+2.27500
260801_224302,1,2026-08-01T22:43:02Z,,,,+2.26200
260801_224317,1,2026-08-01T22:43:17Z,,,,+2.29600
260801_224332,1,2026-08-01T22:43:32Z,,,,+2.29000
260801_224347,1,2026-08-01T22:43:47Z,,,,+2.28200
260801_224402,1,2026-08-01T22:44:02Z,,,,+2.25300
260801_224417,1,2026-08-01T22:44:17Z,,,,+2.29000
260801_224432,1,2026-08-01T22:44:32Z,-2.26233,-2.26233,0.9821,+2.26800
260801_224447,1,2026-08-01T22:44:47Z,,,,+2.25900
260801_224502,1,2026-08-01T22:45:02Z,,,,+2.26100
260801_224517,1,2026-08-01T22:45:17Z,,,,+2.29400
260801_224532,1,2026-08-01T22:45:32Z,,,,+2.25000
260801_224547,1,2026-08-01T22:45:47Z,,,,+2.27700
260801_224602,1,2026-08-01T22:46:02Z,,,,+2.30200
260801_224617,1,2026-08-01T22:46:17Z,,,,+2.26300
260801_224632,1,2026-08-01T22:46:32Z,,,,+2.28400
260801_224647,1,2026-08-01T22:46:47Z,,,,+2.26300
260801_224702,1,2026-08-01T22:47:02Z,-2.26233,-2.26233,0.9754,+2.27800
260801_224717,1,2026-08-01T22:47:17Z,,,,+2.30000
260801_224732,1,2026-08-01T22:47:32Z,,,,+2.27800
260801_224747,1,2026-08-01T22:47:47Z,,,,+2.31200
260801_224802,1,2026-08-01T22:48:02Z,,,,+2.28500
260801_224817,1,2026-08-01T22:48:17Z,,,,+2.31300
260801_224832,1,2026-08-01T22:48:32Z,,,,+2.29300
260801_224847,1,2026-08-01T22:48:47Z,,,,+2.31700
260801_224902,1,2026-08-01T22:49:02Z,,,,+2.28400
260801_224917,1,2026-08-01T22:49:17Z,,,,+2.31500
260801_224932,1,2026-08-01T22:49:32Z,-2.26233,-2.26233,0.9885,+2.27000
260801_224947,1,2026-08-01T22:49:47Z,,,,+2.29200
260801_225002,1,2026-08-01T22:50:02Z,,,,+2.30900
260801_225017,1,2026-08-01T22:50:17Z,,,,+2.32400
260801_225032,1,2026-08-01T22:50:32Z,,,,+2.28400
260801_225047,1,2026-08-01T22:50:47Z,,,,+2.32400
260801_225102,1,2026-08-01T22:51:02Z,,,,+2.29500
260801_225117,1,2026-08-01T22:51:17Z,,,,+2.28300
260801_225132,1,2026-08-01T22:51:32Z,,,,+2.30400
260801_225147,1,2026-08-01T22:51:47Z,,,,+2.27900
260801_225202,1,2026-08-01T22:52:02Z,-2.26233,-2.26233,0.9934,+2.32600
260801_225217,1,2026-08-01T22:52:17Z,,,,+2.29000
260801_225232,1,2026-08-01T22:52:32Z,,,,+2.31000
260801_225247,1,2026-08-01T22:52:47Z,,,,+2.33000
260801_225302,1,2026-08-01T22:53:02Z,,,,+2.29300
260801_225317,1,2026-08-01T22:53:17Z,,,,+2.32300
260801_225332,1,2026-08-01T22:53:32Z,,,,+2.29500
260801_225347,1,2026-08-01T22:53:47Z,,,,+2.32900
260801_225402,1,2026-08-01T22:54:02Z,,,,+2.29100
260801_225417,1,2026-08-01T22:54:17Z,,,,+2.31000
260801_225432,1,2026-08-01T22:54:32Z,-2.30233,-2.30233,0.9913,+2.32900
260801_225447,1,2026-08-01T22:54:47Z,,,,+2.31000
260801_225502,1,2026-08-01T22:55:02Z,,,,+2.33700
260801_225517,1,2026-08-01T22:55:17Z,,,,+2.29800
260801_225532,1,2026-08-01T22:55:32Z,,,,+2.32400
260801_225547,1,2026-08-01T22:55:47Z,,,,+2.30000
260801_225602,1,2026-08-01T22:56:02Z,,,,+2.32900
260801_225617,1,2026-08-01T22:56:17Z,,,,+2.29600
260801_225632,1,2026-08-01T22:56:32Z,,,,+2.34300
260801_225647,1,2026-08-01T22:56:47Z,,,,+2.31900
260801_225702,1,2026-08-01T22:57:02Z,-2.30233,-2.30233,0.9922,+2.29300
260801_225717,1,2026-08-01T22:57:17Z,,,,+2.33900
260801_225732,1,2026-08-01T22:57:32Z,,,,+2.29900
260801_225747,1,2026-08-01T22:57:47Z,,,,+2.31300
260801_225802,1,2026-08-01T22:58:02Z,,,,+2.29100
260801_225817,1,2026-08-01T22:58:17Z,,,,+2.32700
260801_225832,1,2026-08-01T22:58:32Z,,,,+2.28900
260801_225847,1,2026-08-01T22:58:47Z,,,,+2.31600
260801_225902,1,2026-08-01T22:59:02Z,,,,+2.29100
260801_225917,1,2026-08-01T22:59:17Z,,,,+2.30400
260801_225932,1,2026-08-01T22:59:32Z,-2.30233,-2.30233,0.9801,+2.32700
260801_225947,1,2026-08-01T22:59:47Z,,,,+2.33800
260801_230002,1,2026-08-01T23:00:02Z,,,,+2.29800
260801_230017,1,2026-08-01T23:00:17Z,,,,+2.32800
260801_230032,1,2026-08-01T23:00:32Z,,,,+2.29800
260801_230047,1,2026-08-01T23:00:47Z,,,,+2.34100
260801_230102,1,2026-08-01T23:01:02Z,,,,+2.30100
260801_230117,1,2026-08-01T23:01:17Z,,,,+2.32700
260801_230132,1,2026-08-01T23:01:32Z,,,,+2.30400
260801_230147,1,2026-08-01T23:01:47Z,,,,+2.33400
260801_230202,1,2026-08-01T23:02:02Z,-2.30233,-2.30233,0.9896,+2.34900
260801_230217,1,2026-08-01T23:02:17Z,,,,+2.31600
260801_230232,1,2026-08-01T23:02:32Z,,,,+2.34800
260801_230247,1,2026-08-01T23:02:47Z,,,,+2.30600
260801_230302,1,2026-08-01T23:03:02Z,,,,+2.32300
260801_230317,1,2026-08-01T23:03:17Z,,,,+2.35100
260801_230332,1,2026-08-01T23:03:32Z,,,,+2.32700
260801_230347,1,2026-08-01T23:03:47Z,,,,+2.35200
260801_230402,1,2026-08-01T23:04:02Z,,,,+2.32900
260801_230417,1,2026-08-01T23:04:17Z,,,,+2.30800
260801_230432,1,2026-08-01T23:04:32Z,-2.30233,-2.30233,0.9777,+2.31200
260801_230447,1,2026-08-01T23:04:47Z,,,,+2.36400
260801_230502,1,2026-08-01T23:05:02Z,,,,+2.35600
260801_230517,1,2026-08-01T23:05:17Z,,,,+2.33300
260801_230532,1,2026-08-01T23:05:32Z,,,,+2.36000
260801_230547,1,2026-08-01T23:05:47Z,,,,+2.30800
260801_230602,1,2026-08-01T23:06:02Z,,,,+2.34500
260801_230617,1,2026-08-01T23:06:17Z,,,,+2.33100
260801_230632,1,2026-08-01T23:06:32Z,,,,+2.32400
260801_230647,1,2026-08-01T23:06:47Z,,,,+2.36700
260801_230702,1,2026-08-01T23:07:02Z,-2.34233,-2.34233,0.9778,+2.36500
260801_230717,1,2026-08-01T23:07:17Z,,,,+2.34500
260801_230732,1,2026-08-01T23:07:32Z,,,,+2.37000
260801_230747,1,2026-08-01T23:07:47Z,,,,+2.33900
260801_230802,1,2026-08-01T23:08:02Z,,,,+2.35800
260801_230817,1,2026-08-01T23:08:17Z,,,,+2.37200
260801_230832,1,2026-08-01T23:08:32Z,,,,+2.33700
260801_230847,1,2026-08-01T23:08:47Z,,,,+2.37200
260801_230902,1,2026-08-01T23:09:02Z,,,,+2.34600
260801_230917,1,2026-08-01T23:09:17Z,,,,+2.31900
260801_230932,1,2026-08-01T23:09:32Z,-2.34233,-2.34233,0.9953,+2.34800
260801_230947,1,2026-08-01T23:09:47Z,,,,+2.32800
260801_231002,1,2026-08-01T23:10:02Z,,,,+2.36500
260801_231017,1,2026-08-01T23:10:17Z,,,,+2.32500
260801_231032,1,2026-08-01T23:10:32Z,,,,+2.34000
260801_231047,1,2026-08-01T23:10:47Z,,,,+2.37000
260801_231102,1,2026-08-01T23:11:02Z,,,,+2.34100
260801_231117,1,2026-08-01T23:11:17Z,,,,+2.37900
260801_231132,1,2026-08-01T23:11:32Z,,,,+2.34400
260801_231147,1,2026-08-01T23:11:47Z,,,,+2.36900
260801_231202,1,2026-08-01T23:12:02Z,-2.34233,-2.34233,0.9958,+2.33400
260801_231217,1,2026-08-01T23:12:17Z,,,,+2.36600
260801_231232,1,2026-08-01T23:12:32Z,,,,+2.35200
260801_231247,1,2026-08-01T23:12:47Z,,,,+2.38900
260801_231302,1,2026-08-01T23:13:02Z,,,,+2.35600
260801_231317,1,2026-08-01T23:13:17Z,,,,+2.38500
260801_231332,1,2026-08-01T23:13:32Z,,,,+2.38500
260801_231347,1,2026-08-01T23:13:47Z,,,,+2.34400
260801_231402,1,2026-08-01T23:14:02Z,,,,+2.35300
260801_231417,1,2026-08-01T23:14:17Z,,,,+2.36400
260801_231432,1,2026-08-01T23:14:32Z,-2.34233,-2.34233,0.9710,+2.36300
260801_231447,1,2026-08-01T23:14:47Z,,,,+2.36700
260801_231502,1,2026-08-01T23:15:02Z,,,,+2.37700
260801_231517,1,2026-08-01T23:15:17Z,,,,+2.37400
260801_231532,1,2026-08-01T23:15:32Z,,,,+2.38100
260801_231547,1,2026-08-01T23:15:47Z,,,,+2.39200
260801_231602,1,2026-08-01T23:16:02Z,,,,+2.39800
260801_231617,1,2026-08-01T23:16:17Z,,,,+2.37500
260801_231632,1,2026-08-01T23:16:32Z,,,,+2.37100
260801_231647,1,2026-08-01T23:16:47Z,,,,+2.39100
260801_231702,1,2026-08-01T23:17:02Z,-2.34233,-2.34233,0.9942,+2.35900
260801_231717,1,2026-08-01T23:17:17Z,,,,+2.36900
260801_231732,1,2026-08-01T23:17:32Z,,,,+2.37600
260801_231747,1,2026-08-01T23:17:47Z,,,,+2.34300
260801_231802,1,2026-08-01T23:18:02Z,,,,+2.38500
260801_231817,1,2026-08-01T23:18:17Z,,,,+2.38700
260801_231832,1,2026-08-01T23:18:32Z,,,,+2.35400
260801_231847,1,2026-08-01T23:18:47Z,,,,+2.38500
260801_231902,1,2026-08-01T23:19:02Z,,,,+2.34700
260801_231917,1,2026-08-01T23:19:17Z,,,,+2.36200
260801_231932,1,2026-08-01T23:19:32Z,-2.34233,-2.34233,0.9920,+2.39000
260801_231947,1,2026-08-01T23:19:47Z,,,,+2.39900
260801_232002,1,2026-08-01T23:20:02Z,,,,+2.35100
260801_232017,1,2026-08-01T23:20:17Z,,,,+2.37800
260801_232032,1,2026-08-01T23:20:32Z,,,,+2.40200
260801_232047,1,2026-08-01T23:20:47Z,,,,+2.36500
260801_232102,1,2026-08-01T23:21:02Z,,,,+2.38100
260801_232117,1,2026-08-01T23:21:17Z,,,,+2.35600
260801_232132,1,2026-08-01T23:21:32Z,,,,+2.38600
260801_232147,1,2026-08-01T23:21:47Z,,,,+2.35900
260801_232202,1,2026-08-01T23:22:02Z,-2.38233,-2.38233,0.9773,+2.39400
260801_232217,1,2026-08-01T23:22:17Z,,,,+2.37400
260801_232232,1,2026-08-01T23:22:32Z,,,,+2.39800
260801_232247,1,2026-08-01T23:22:47Z,,,,+2.36100
260801_232302,1,2026-08-01T23:23:02Z,,,,+2.37800
260801_232317,1,2026-08-01T23:23:17Z,,,,+2.39500
260801_232332,1,2026-08-01T23:23:32Z,,,,+2.37800
260801_232347,1,2026-08-01T23:23:47Z,,,,+2.41700
260801_232402,1,2026-08-01T23:24:02Z,,,,+2.38900
260801_232417,1,2026-08-01T23:24:17Z,,,,+2.36600
260801_232432,1,2026-08-01T23:24:32Z,-2.38233,-2.38233,0.9930,+2.40200
260801_232447,1,2026-08-01T23:24:47Z,,,,+2.39000
260801_232502,1,2026-08-01T23:25:02Z,,,,+2.36800
260801_232517,1,2026-08-01T23:25:17Z,,,,+2.41900
260801_232532,1,2026-08-01T23:25:32Z,,,,+2.38700
260801_232547,1,2026-08-01T23:25:47Z,,,,+2.42000
260801_232602,1,2026-08-01T23:26:02Z,,,,+2.38100
260801_232617,1,2026-08-01T23:26:17Z,,,,+2.40400
260801_232632,1,2026-08-01T23:26:32Z,,,,+2.37800
260801_232647,1,2026-08-01T23:26:47Z,,,,+2.40400
260801_232702,1,2026-08-01T23:27:02Z,-2.38233,-2.38233,0.9943,+2.38900
260801_232717,1,2026-08-01T23:27:17Z,,,,+2.37000
260801_232732,1,2026-08-01T23:27:32Z,,,,+2.38500
260801_232747,1,2026-08-01T23:27:47Z,,,,+2.39500
260801_232802,1,2026-08-01T23:28:02Z,,,,+2.40900
260801_232817,1,2026-08-01T23:28:17Z,,,,+2.37100
260801_232832,1,2026-08-01T23:28:32Z,,,,+2.39600
260801_232847,1,2026-08-01T23:28:47Z,,,,+2.42400
260801_232902,1,2026-08-01T23:29:02Z,,,,+2.38600
260801_232917,1,2026-08-01T23:29:17Z,,,,+2.40400
260801_232932,1,2026-08-01T23:29:32Z,-2.38233,-2.38233,0.9969,+2.40000
260801_232947,1,2026-08-01T23:29:47Z,,,,+2.42700
260801_233002,1,2026-08-01T23:30:02Z,,,,+2.42600
260801_233017,1,2026-08-01T23:30:17Z,,,,+2.42600
260801_233032,1,2026-08-01T23:30:32Z,,,,+2.43300
260801_233047,1,2026-08-01T23:30:47Z,,,,+2.38400
260801_233102,1,2026-08-01T23:31:02Z,,,,+2.43000
260801_233117,1,2026-08-01T23:31:17Z,,,,+2.40000
260801_233132,1,2026-08-01T23:31:32Z,,,,+2.38400
260801_233147,1,2026-08-01T23:31:47Z,,,,+2.41100
260801_233202,1,2026-08-01T23:32:02Z,-2.38233,-2.38233,0.9924,+2.41400
260801_233217,1,2026-08-01T23:32:17Z,,,,+2.41100
260801_233232,1,2026-08-01T23:32:32Z,,,,+2.41400
260801_233247,1,2026-08-01T23:32:47Z,,,,+2.41000
260801_233302,1,2026-08-01T23:33:02Z,,,,+2.38500
260801_233317,1,2026-08-01T23:33:17Z,,,,+2.42400
260801_233332,1,2026-08-01T23:33:32Z,,,,+2.42100
260801_233347,1,2026-08-01T23:33:47Z,,,,+2.39100
260801_233402,1,2026-08-01T23:34:02Z,,,,+2.41200
260801_233417,1,2026-08-01T23:34:17Z,,,,+2.42700
260801_233432,1,2026-08-01T23:34:32Z,-2.38233,-2.38233,0.9914,+2.43000
260801_233447,1,2026-08-01T23:34:47Z,,,,+2.43200
260801_233502,1,2026-08-01T23:35:02Z,,,,+2.44400
260801_233517,1,2026-08-01T23:35:17Z,,,,+2.40000
260801_233532,1,2026-08-01T23:35:32Z,,,,+2.43100
260801_233547,1,2026-08-01T23:35:47Z,,,,+2.44900
260801_233602,1,2026-08-01T23:36:02Z,,,,+2.42000
260801_233617,1,2026-08-01T23:36:17Z,,,,+2.39400
260801_233632,1,2026-08-01T23:36:32Z,,,,+2.42500
260801_233647,1,2026-08-01T23:36:47Z,,,,+2.41100
260801_233702,1,2026-08-01T23:37:02Z,-2.42233,-2.42233,0.9927,+2.44300
260801_233717,1,2026-08-01T23:37:17Z,,,,+2.43200
260801_233732,1,2026-08-01T23:37:32Z,,,,+2.41700
260801_233747,1,2026-08-01T23:37:47Z,,,,+2.43800
260801_233802,1,2026-08-01T23:38:02Z,,,,+2.42400
260801_233817,1,2026-08-01T23:38:17Z,,,,+2.43700
260801_233832,1,2026-08-01T23:38:32Z,,,,+2.44300
260801_233847,1,2026-08-01T23:38:47Z,,,,+2.45000
260801_233902,1,2026-08-01T23:39:02Z,,,,+2.41200
260801_233917,1,2026-08-01T23:39:17Z,,,,+2.43800
260801_233932,1,2026-08-01T23:39:32Z,-2.42233,-2.42233,0.9929,+2.45400
260801_233947,1,2026-08-01T23:39:47Z,,,,+2.41400
260801_234002,1,2026-08-01T23:40:02Z,,,,+2.44100
260801_234017,1,2026-08-01T23:40:17Z,,,,+2.46700
260801_234032,1,2026-08-01T23:40:32Z,,,,+2.41800
260801_234047,1,2026-08-01T23:40:47Z,,,,+2.44700
260801_234102,1,2026-08-01T23:41:02Z,,,,+2.46500
260801_234117,1,2026-08-01T23:41:17Z,,,,+2.44400
260801_234132,1,2026-08-01T23:41:32Z,,,,+2.45300
260801_234147,1,2026-08-01T23:41:47Z,,,,+2.41500
260801_234202,1,2026-08-01T23:42:02Z,-2.42233,-2.42233,0.9920,+2.44200
260801_234217,1,2026-08-01T23:42:17Z,,,,+2.41100
260801_234232,1,2026-08-01T23:42:32Z,,,,+2.43100
260801_234247,1,2026-08-01T23:42:47Z,,,,+2.46300
260801_234302,1,2026-08-01T23:43:02Z,,,,+2.42900
260801_234317,1,2026-08-01T23:43:17Z,,,,+2.46800
260801_234332,1,2026-08-01T23:43:32Z,,,,+2.46700
260801_234347,1,2026-08-01T23:43:47Z,,,,+2.44600
260801_234402,1,2026-08-01T23:44:02Z,,,,+2.43600
260801_234417,1,2026-08-01T23:44:17Z,,,,+2.43600
260801_234432,1,2026-08-01T23:44:32Z,-2.42233,-2.42233,0.9962,+2.47200
260801_234447,1,2026-08-01T23:44:47Z,,,,+2.45100
260801_234502,1,2026-08-01T23:45:02Z,,,,+2.47100
260801_234517,1,2026-08-01T23:45:17Z,,,,+2.44800
260801_234532,1,2026-08-01T23:45:32Z,,,,+2.47700
260801_234547,1,2026-08-01T23:45:47Z,,,,+2.44800
260801_234602,1,2026-08-01T23:46:02Z,,,,+2.47000
260801_234617,1,2026-08-01T23:46:17Z,,,,+2.42500
260801_234632,1,2026-08-01T23:46:32Z,,,,+2.45800
260801_234647,1,2026-08-01T23:46:47Z,,,,+2.43400
260801_234702,1,2026-08-01T23:47:02Z,-2.42233,-2.42233,0.9938,+2.45800
260801_234717,1,2026-08-01T23:47:17Z,,,,+2.43100
260801_234732,1,2026-08-01T23:47:32Z,,,,+2.43400
260801_234747,1,2026-08-01T23:47:47Z,,,,+2.46900
260801_234802,1,2026-08-01T23:48:02Z,,,,+2.43400
260801_234817,1,2026-08-01T23:48:17Z,,,,+2.47000
260801_234832,1,2026-08-01T23:48:32Z,,,,+2.44200
260801_234847,1,2026-08-01T23:48:47Z,,,,+2.48100
260801_234902,1,2026-08-01T23:49:02Z,,,,+2.45600
260801_234917,1,2026-08-01T23:49:17Z,,,,+2.47900
260801_234932,1,2026-08-01T23:49:32Z,-2.46233,-2.46233,0.9942,+2.48900
260801_234947,1,2026-08-01T23:49:47Z,,,,+2.45600
260801_235002,1,2026-08-01T23:50:02Z,,,,+2.49200
260801_235017,1,2026-08-01T23:50:17Z,,,,+2.46800
260801_235032,1,2026-08-01T23:50:32Z,,,,+2.44900
260801_235047,1,2026-08-01T23:50:47Z,,,,+2.44100
260801_235102,1,2026-08-01T23:51:02Z,,,,+2.48900
260801_235117,1,2026-08-01T23:51:17Z,,,,+2.47300
260801_235132,1,2026-08-01T23:51:32Z,,,,+2.46900
260801_235147,1,2026-08-01T23:51:47Z,,,,+2.46500
260801_235202,1,2026-08-01T23:52:02Z,-2.46233,-2.46233,0.9959,+2.46400
260801_235217,1,2026-08-01T23:52:17Z,,,,+2.47800
260801_235232,1,2026-08-01T23:52:32Z,,,,+2.49700
260801_235247,1,2026-08-01T23:52:47Z,,,,+2.46800
260801_235302,1,2026-08-01T23:53:02Z,,,,+2.50100
260801_235317,1,2026-08-01T23:53:17Z,,,,+2.46600
260801_235332,1,2026-08-01T23:53:32Z,,,,+2.48800
260801_235347,1,2026-08-01T23:53:47Z,,,,+2.47300
260801_235402,1,2026-08-01T23:54:02Z,,,,+2.46200
260801_235417,1,2026-08-01T23:54:17Z,,,,+2.47100
260801_235432,1,2026-08-01T23:54:32Z,-2.46233,-2.46233,0.9957,+2.47600
260801_235447,1,2026-08-01T23:54:47Z,,,,+2.49500
260801_235502,1,2026-08-01T23:55:02Z,,,,+2.47900
260801_235517,1,2026-08-01T23:55:17Z,,,,+2.46100
260801_235532,1,2026-08-01T23:55:32Z,,,,+2.50800
260801_235547,1,2026-08-01T23:55:47Z,,,,+2.48100
260801_235602,1,2026-08-01T23:56:02Z,,,,+2.48400
260801_235617,1,2026-08-01T23:56:17Z,,,,+2.48500
260801_235632,1,2026-08-01T23:56:32Z,,,,+2.50100
260801_235647,1,2026-08-01T23:56:47Z,,,,+2.45800
260801_235702,1,2026-08-01T23:57:02Z,-2.46233,-2.46233,0.9891,+2.46800
260801_235717,1,2026-08-01T23:57:17Z,,,,+2.47300
260801_235732,1,2026-08-01T23:57:32Z,,,,+2.47100
260801_235747,1,2026-08-01T23:57:47Z,,,,+2.47400
260801_235802,1,2026-08-01T23:58:02Z,,,,+2.48000
260801_235817,1,2026-08-01T23:58:17Z,,,,+2.48500
260801_235832,1,2026-08-01T23:58:32Z,,,,+2.49700
260801_235847,1,2026-08-01T23:58:47Z,,,,+2.51600
260801_235902,1,2026-08-01T23:59:02Z,,,,+2.51600
260801_235917,1,2026-08-01T23:59:17Z,,,,+2.51200
260801_235932,1,2026-08-01T23:59:32Z,-2.46233,-2.46233,0.9941,+2.47100
260801_235947,1,2026-08-01T23:59:47Z,,,,+2.49800
260802_000002,1,2026-08-02T00:00:02Z,,,,+2.50300
260802_000017,1,2026-08-02T00:00:17Z,,,,+2.49700
260802_000032,1,2026-08-02T00:00:32Z,,,,+2.46400
260802_000047,1,2026-08-02T00:00:47Z,,,,+2.49300
260802_000102,1,2026-08-02T00:01:02Z,,,,+2.49200
260802_000117,1,2026-08-02T00:01:17Z,,,,+2.49600
260802_000132,1,2026-08-02T00:01:32Z,,,,+2.51600
260802_000147,1,2026-08-02T00:01:47Z,,,,+2.47400
260802_000202,1,2026-08-02T00:02:02Z,-2.46233,-2.46233,0.9923,+2.50100
260802_000217,1,2026-08-02T00:02:17Z,,,,+2.47100
260802_000232,1,2026-08-02T00:02:32Z,,,,+2.50000
260802_000247,1,2026-08-02T00:02:47Z,,,,+2.51600
260802_000302,1,2026-08-02T00:03:02Z,,,,+2.47200
260802_000317,1,2026-08-02T00:03:17Z,,,,+2.49500
260802_000332,1,2026-08-02T00:03:32Z,,,,+2.52900
260802_000347,1,2026-08-02T00:03:47Z,,,,+2.49100
260802_000402,1,2026-08-02T00:04:02Z,,,,+2.51500
260802_000417,1,2026-08-02T00:04:17Z,,,,+2.48400
260802_000432,1,2026-08-02T00:04:32Z,-2.50233,-2.50233,0.9821,+2.52100
260802_000447,1,2026-08-02T00:04:47Z,,,,+2.49400
260802_000502,1,2026-08-02T00:05:02Z,,,,+2.50400
260802_000517,1,2026-08-02T00:05:17Z,,,,+2.52800
260802_000532,1,2026-08-02T00:05:32Z,,,,+2.53600
260802_000547,1,2026-08-02T00:05:47Z,,,,+2.54000
260802_000602,1,2026-08-02T00:06:02Z,,,,+2.48600
260802_000617,1,2026-08-02T00:06:17Z,,,,+2.50800
260802_000632,1,2026-08-02T00:06:32Z,,,,+2.52700
260802_000647,1,2026-08-02T00:06:47Z,,,,+2.48800
260802_000702,1,2026-08-02T00:07:02Z,-2.50233,-2.50233,0.9940,+2.50400
260802_000717,1,2026-08-02T00:07:17Z,,,,+2.51600
260802_000732,1,2026-08-02T00:07:32Z,,,,+2.53300
260802_000747,1,2026-08-02T00:07:47Z,,,,+2.49500
260802_000802,1,2026-08-02T00:08:02Z,,,,+2.51000
260802_000817,1,2026-08-02T00:08:17Z,,,,+2.51300
260802_000832,1,2026-08-02T00:08:32Z,,,,+2.52200
260802_000847,1,2026-08-02T00:08:47Z,,,,+2.53400
260802_000902,1,2026-08-02T00:09:02Z,,,,+2.49100
260802_000917,1,2026-08-02T00:09:17Z,,,,+2.50800
260802_000932,1,2026-08-02T00:09:32Z,-2.50233,-2.50233,0.9904,+2.50000
260802_000947,1,2026-08-02T00:09:47Z,,,,+2.52100
260802_001002,1,2026-08-02T00:10:02Z,,,,+2.53200
260802_001017,1,2026-08-02T00:10:17Z,,,,+2.55100
260802_001032,1,2026-08-02T00:10:32Z,,,,+2.52500
260802_001047,1,2026-08-02T00:10:47Z,,,,+2.55300
260802_001102,1,2026-08-02T00:11:02Z,,,,+2.50100
260802_001117,1,2026-08-02T00:11:17Z,,,,+2.52600
260802_001132,1,2026-08-02T00:11:32Z,,,,+2.54300
260802_001147,1,2026-08-02T00:11:47Z,,,,+2.52600
260802_001202,1,2026-08-02T00:12:02Z,-2.50233,-2.50233,0.9908,+2.50400
260802_001217,1,2026-08-02T00:12:17Z,,,,+2.53700
260802_001232,1,2026-08-02T00:12:32Z,,,,+2.52000
260802_001247,1,2026-08-02T00:12:47Z,,,,+2.54900
260802_001302,1,2026-08-02T00:13:02Z,,,,+2.52000
260802_001317,1,2026-08-02T00:13:17Z,,,,+2.50100
260802_001332,1,2026-08-02T00:13:32Z,,,,+2.53200
260802_001347,1,2026-08-02T00:13:47Z,,,,+2.52100
260802_001402,1,2026-08-02T00:14:02Z,,,,+2.55600
260802_001417,1,2026-08-02T00:14:17Z,,,,+2.54500
260802_001432,1,2026-08-02T00:14:32Z,-2.50233,-2.50233,0.9888,+2.53500
260802_001447,1,2026-08-02T00:14:47Z,,,,+2.52200
260802_001502,1,2026-08-02T00:15:02Z,,,,+2.50500
260802_001517,1,2026-08-02T00:15:17Z,,,,+2.53200
260802_001532,1,2026-08-02T00:15:32Z,,,,+2.55600
260802_001547,1,2026-08-02T00:15:47Z,,,,+2.54000
260802_001602,1,2026-08-02T00:16:02Z,,,,+2.55800
260802_001617,1,2026-08-02T00:16:17Z,,,,+2.51700
260802_001632,1,2026-08-02T00:16:32Z,,,,+2.54600
260802_001647,1,2026-08-02T00:16:47Z,,,,+2.56700
260802_001702,1,2026-08-02T00:17:02Z,-2.54233,-2.54233,0.9916,+2.53300
260802_001717,1,2026-08-02T00:17:17Z,,,,+2.57000
260802_001732,1,2026-08-02T00:17:32Z,,,,+2.52300
260802_001747,1,2026-08-02T00:17:47Z,,,,+2.53700
260802_001802,1,2026-08-02T00:18:02Z,,,,+2.55900
260802_001817,1,2026-08-02T00:18:17Z,,,,+2.56900
260802_001832,1,2026-08-02T00:18:32Z,,,,+2.53600
260802_001847,1,2026-08-02T00:18:47Z,,,,+2.51700
260802_001902,1,2026-08-02T00:19:02Z,,,,+2.54200
260802_001917,1,2026-08-02T00:19:17Z,,,,+2.56300
260802_001932,1,2026-08-02T00:19:32Z,-2.54233,-2.54233,0.9890,+2.52500
260802_001947,1,2026-08-02T00:19:47Z,,,,+2.54300
260802_002002,1,2026-08-02T00:20:02Z,,,,+2.53700
260802_002017,1,2026-08-02T00:20:17Z,,,,+2.53600
260802_002032,1,2026-08-02T00:20:32Z,,,,+2.56700
260802_002047,1,2026-08-02T00:20:47Z,,,,+2.52200
260802_002102,1,2026-08-02T00:21:02Z,,,,+2.55300
260802_002117,1,2026-08-02T00:21:17Z,,,,+2.52700
260802_002132,1,2026-08-02T00:21:32Z,,,,+2.56800
260802_002147,1,2026-08-02T00:21:47Z,,,,+2.58400
260802_002202,1,2026-08-02T00:22:02Z,-2.54233,-2.54233,0.9914,+2.55600
260802_002217,1,2026-08-02T00:22:17Z,,,,+2.54400
260802_002232,1,2026-08-02T00:22:32Z,,,,+2.57800
260802_002247,1,2026-08-02T00:22:47Z,,,,+2.56100
260802_002302,1,2026-08-02T00:23:02Z,,,,+2.58300
260802_002317,1,2026-08-02T00:23:17Z,,,,+2.55600
260802_002332,1,2026-08-02T00:23:32Z,,,,+2.54200
260802_002347,1,2026-08-02T00:23:47Z,,,,+2.58900
260802_002402,1,2026-08-02T00:24:02Z,,,,+2.56800
260802_002417,1,2026-08-02T00:24:17Z,,,,+2.54300
260802_002432,1,2026-08-02T00:24:32Z,-2.54233,-2.54233,0.9798,+2.58400
260802_002447,1,2026-08-02T00:24:47Z,,,,+2.55900
260802_002502,1,2026-08-02T00:25:02Z,,,,+2.58800
260802_002517,1,2026-08-02T00:25:17Z,,,,+2.54100
260802_002532,1,2026-08-02T00:25:32Z,,,,+2.58000
260802_002547,1,2026-08-02T00:25:47Z,,,,+2.54300
260802_002602,1,2026-08-02T00:26:02Z,,,,+2.56600
260802_002617,1,2026-08-02T00:26:17Z,,,,+2.54100
260802_002632,1,2026-08-02T00:26:32Z,,,,+2.58500
260802_002647,1,2026-08-02T00:26:47Z,,,,+2.53900
260802_002702,1,2026-08-02T00:27:02Z,-2.54233,-2.54233,0.9796,+2.59900
260802_002717,1,2026-08-02T00:27:17Z,,,,+2.58200
260802_002732,1,2026-08-02T00:27:32Z,,,,+2.57100
260802_002747,1,2026-08-02T00:27:47Z,,,,+2.55200
260802_002802,1,2026-08-02T00:28:02Z,,,,+2.54700
260802_002817,1,2026-08-02T00:28:17Z,,,,+2.59000
260802_002832,1,2026-08-02T00:28:32Z,,,,+2.60200
260802_002847,1,2026-08-02T00:28:47Z,,,,+2.55000
260802_002902,1,2026-08-02T00:29:02Z,,,,+2.56300
260802_002917,1,2026-08-02T00:29:17Z,,,,+2.57100
260802_002932,1,2026-08-02T00:29:32Z,-2.54233,-2.54233,0.9948,+2.57100
260802_002947,1,2026-08-02T00:29:47Z,,,,+2.57900
260802_003002,1,2026-08-02T00:30:02Z,,,,+2.56300
260802_003017,1,2026-08-02T00:30:17Z,,,,+2.60300
260802_003032,1,2026-08-02T00:30:32Z,,,,+2.59300
260802_003047,1,2026-08-02T00:30:47Z,,,,+2.56200
260802_003102,1,2026-08-02T00:31:02Z,,,,+2.60000
260802_003117,1,2026-08-02T00:31:17Z,,,,+2.58700
260802_003132,1,2026-08-02T00:31:32Z,,,,+2.56700
260802_003147,1,2026-08-02T00:31:47Z,,,,+2.60600
260802_003202,1,2026-08-02T00:32:02Z,-2.58233,-2.58233,0.9914,+2.58800
260802_003217,1,2026-08-02T00:32:17Z,,,,+2.56500
260802_003232,1,2026-08-02T00:32:32Z,,,,+2.60200
260802_003247,1,2026-08-02T00:32:47Z,,,,+2.58100
260802_003302,1,2026-08-02T00:33:02Z,,,,+2.61500
260802_003317,1,2026-08-02T00:33:17Z,,,,+2.58800
260802_003332,1,2026-08-02T00:33:32Z,,,,+2.57300
260802_003347,1,2026-08-02T00:33:47Z,,,,+2.55800
260802_003402,1,2026-08-02T00:34:02Z,,,,+2.56300
260802_003417,1,2026-08-02T00:34:17Z,,,,+2.59700
260802_003432,1,2026-08-02T00:34:32Z,-2.58233,-2.58233,0.9932,+2.59200
260802_003447,1,2026-08-02T00:34:47Z,,,,+2.62100
260802_003502,1,2026-08-02T00:35:02Z,,,,+2.60400
260802_003517,1,2026-08-02T00:35:17Z,,,,+2.58900
260802_003532,1,2026-08-02T00:35:32Z,,,,+2.62300
260802_003547,1,2026-08-02T00:35:47Z,,,,+2.61100
260802_003602,1,2026-08-02T00:36:02Z,,,,+2.59900
260802_003617,1,2026-08-02T00:36:17Z,,,,+2.58900
260802_003632,1,2026-08-02T00:36:32Z,,,,+2.62600
260802_003647,1,2026-08-02T00:36:47Z,,,,+2.57800
260802_003702,1,2026-08-02T00:37:02Z,-2.58233,-2.58233,0.9872,+2.61400
260802_003717,1,2026-08-02T00:37:17Z,,,,+2.60200
260802_003732,1,2026-08-02T00:37:32Z,,,,+2.57100
260802_003747,1,2026-08-02T00:37:47Z,,,,+2.57800
260802_003802,1,2026-08-02T00:38:02Z,,,,+2.58200
260802_003817,1,2026-08-02T00:38:17Z,,,,+2.57800
260802_003832,1,2026-08-02T00:38:32Z,,,,+2.58200
260802_003847,1,2026-08-02T00:38:47Z,,,,+2.61200
260802_003902,1,2026-08-02T00:39:02Z,,,,+2.62700
260802_003917,1,2026-08-02T00:39:17Z,,,,+2.57700
260802_003932,1,2026-08-02T00:39:32Z,-2.58233,-2.58233,0.9892,+2.60100
260802_004000,2,2026-08-02T00:40:00Z,,,,+0.00000
260802_004015,2,2026-08-02T00:40:15Z,,,,+0.23800
260802_004030,2,2026-08-02T00:40:30Z,,,,+0.25100
260802_004045,2,2026-08-02T00:40:45Z,,,,+0.25600
260802_004100,2,2026-08-02T00:41:00Z,,,,+0.25500
260802_004115,2,2026-08-02T00:41:15Z,,,,+0.27400
260802_004130,2,2026-08-02T00:41:30Z,,,,+0.26800
260802_004145,2,2026-08-02T00:41:45Z,,,,+0.29100
260802_004200,2,2026-08-02T00:42:00Z,,,,+0.27400
260802_004215,2,2026-08-02T00:42:15Z,-0.23933,-0.23933,0.9937,+0.28700
260802_004230,2,2026-08-02T00:42:30Z,,,,+0.29000
260802_004245,2,2026-08-02T00:42:45Z,,,,+0.25900
260802_004300,2,2026-08-02T00:43:00Z,,,,+0.24200
260802_004315,2,2026-08-02T00:43:15Z,,,,+0.28600
260802_004330,2,2026-08-02T00:43:30Z,,,,+0.26600
260802_004345,2,2026-08-02T00:43:45Z,,,,+0.27100
260802_004400,2,2026-08-02T00:44:00Z,,,,+0.26200
260802_004415,2,2026-08-02T00:44:15Z,,,,+0.25700
260802_004430,2,2026-08-02T00:44:30Z,,,,+0.24700
260802_004445,2,2026-08-02T00:44:45Z,-0.23933,-0.23933,0.9911,+0.24100
260802_004500,2,2026-08-02T00:45:00Z,,,,+0.29100
260802_004515,2,2026-08-02T00:45:15Z,,,,+0.29000
260802_004530,2,2026-08-02T00:45:30Z,,,,+0.27800
260802_004545,2,2026-08-02T00:45:45Z,,,,+0.28300
260802_004600,2,2026-08-02T00:46:00Z,,,,+0.26600
260802_004615,2,2026-08-02T00:46:15Z,,,,+0.25400
260802_004630,2,2026-08-02T00:46:30Z,,,,+0.29400
260802_004645,2,2026-08-02T00:46:45Z,,,,+0.25800
260802_004700,2,2026-08-02T00:47:00Z,,,,+0.29600
260802_004715,2,2026-08-02T00:47:15Z,-0.27933,-0.27933,0.9955,+0.28100
260802_004730,2,2026-08-02T00:47:30Z,,,,+0.25900
260802_004745,2,2026-08-02T00:47:45Z,,,,+0.29000
260802_004800,2,2026-08-02T00:48:00Z,,,,+0.25700
260802_004815,2,2026-08-02T00:48:15Z,,,,+0.27500
260802_004830,2,2026-08-02T00:48:30Z,,,,+0.26300
260802_004845,2,2026-08-02T00:48:45Z,,,,+0.25500
260802_004900,2,2026-08-02T00:49:00Z,,,,+0.30800
260802_004915,2,2026-08-02T00:49:15Z,,,,+0.30600
260802_004930,2,2026-08-02T00:49:30Z,,,,+0.30200
260802_004945,2,2026-08-02T00:49:45Z,-0.27933,-0.27933,0.9941,+0.29500
260802_005000,2,2026-08-02T00:50:00Z,,,,+0.31500
260802_005015,2,2026-08-02T00:50:15Z,,,,+0.26300
260802_005030,2,2026-08-02T00:50:30Z,,,,+0.26000
260802_005045,2,2026-08-02T00:50:45Z,,,,+0.28100
260802_005100,2,2026-08-02T00:51:00Z,,,,+0.29700
260802_005115,2,2026-08-02T00:51:15Z,,,,+0.26500
260802_005130,2,2026-08-02T00:51:30Z,,,,+0.27600
260802_005145,2,2026-08-02T00:51:45Z,,,,+0.27900
260802_005200,2,2026-08-02T00:52:00Z,,,,+0.30400
260802_005215,2,2026-08-02T00:52:15Z,-0.27933,-0.27933,0.9885,+0.27300
260802_005230,2,2026-08-02T00:52:30Z,,,,+0.28500
260802_005245,2,2026-08-02T00:52:45Z,,,,+0.32400
260802_005300,2,2026-08-02T00:53:00Z,,,,+0.30100
260802_005315,2,2026-08-02T00:53:15Z,,,,+0.26400
260802_005330,2,2026-08-02T00:53:30Z,,,,+0.29600
260802_005345,2,2026-08-02T00:53:45Z,,,,+0.31700
260802_005400,2,2026-08-02T00:54:00Z,,,,+0.29000
260802_005415,2,2026-08-02T00:54:15Z,,,,+0.32800
260802_005430,2,2026-08-02T00:54:30Z,,,,+0.30100
260802_005445,2,2026-08-02T00:54:45Z,-0.27933,-0.27933,0.9944,+0.28900
260802_005500,2,2026-08-02T00:55:00Z,,,,+0.27200
260802_005515,2,2026-08-02T00:55:15Z,,,,+0.30500
260802_005530,2,2026-08-02T00:55:30Z,,,,+0.31600
260802_005545,2,2026-08-02T00:55:45Z,,,,+0.28300
260802_005600,2,2026-08-02T00:56:00Z,,,,+0.32100
260802_005615,2,2026-08-02T00:56:15Z,,,,+0.28700
260802_005630,2,2026-08-02T00:56:30Z,,,,+0.29200
260802_005645,2,2026-08-02T00:56:45Z,,,,+0.28400
260802_005700,2,2026-08-02T00:57:00Z,,,,+0.33200
260802_005715,2,2026-08-02T00:57:15Z,-0.27933,-0.27933,0.9835,+0.32000
260802_005730,2,2026-08-02T00:57:30Z,,,,+0.31600
260802_005745,2,2026-08-02T00:57:45Z,,,,+0.32600
260802_005800,2,2026-08-02T00:58:00Z,,,,+0.27800
260802_005815,2,2026-08-02T00:58:15Z,,,,+0.30100
260802_005830,2,2026-08-02T00:58:30Z,,,,+0.32900
260802_005845,2,2026-08-02T00:58:45Z,,,,+0.31000
260802_005900,2,2026-08-02T00:59:00Z,,,,+0.33900
260802_005915,2,2026-08-02T00:59:15Z,,,,+0.30100
260802_005930,2,2026-08-02T00:59:30Z,,,,+0.32800
260802_005945,2,2026-08-02T00:59:45Z,-0.31933,-0.31933,0.9551,+0.29900
260802_010000,2,2026-08-02T01:00:00Z,,,,+0.33800
260802_010015,2,2026-08-02T01:00:15Z,,,,+0.30000
260802_010030,2,2026-08-02T01:00:30Z,,,,+0.32900
260802_010045,2,2026-08-02T01:00:45Z,,,,+0.29000
260802_010100,2,2026-08-02T01:01:00Z,,,,+0.33100
260802_010115,2,2026-08-02T01:01:15Z,,,,+0.30400
260802_010130,2,2026-08-02T01:01:30Z,,,,+0.33100
260802_010145,2,2026-08-02T01:01:45Z,,,,+0.30100
260802_010200,2,2026-08-02T01:02:00Z,,,,+0.32000
260802_010215,2,2026-08-02T01:02:15Z,-0.31933,-0.31933,0.9772,+0.29600
260802_010230,2,2026-08-02T01:02:30Z,,,,+0.33900
260802_010245,2,2026-08-02T01:02:45Z,,,,+0.31700
260802_010300,2,2026-08-02T01:03:00Z,,,,+0.34500
260802_010315,2,2026-08-02T01:03:15Z,,,,+0.30500
260802_010330,2,2026-08-02T01:03:30Z,,,,+0.35000
260802_010345,2,2026-08-02T01:03:45Z,,,,+0.32500
260802_010400,2,2026-08-02T01:04:00Z,,,,+0.35400
260802_010415,2,2026-08-02T01:04:15Z,,,,+0.31800
260802_010430,2,2026-08-02T01:04:30Z,,,,+0.35400
260802_010445,2,2026-08-02T01:04:45Z,-0.31933,-0.31933,0.9929,+0.33800
260802_010500,2,2026-08-02T01:05:00Z,,,,+0.30200
260802_010515,2,2026-08-02T01:05:15Z,,,,+0.33200
260802_010530,2,2026-08-02T01:05:30Z,,,,+0.31000
260802_010545,2,2026-08-02T01:05:45Z,,,,+0.30100
260802_010600,2,2026-08-02T01:06:00Z,,,,+0.33800
260802_010615,2,2026-08-02T01:06:15Z,,,,+0.36200
260802_010630,2,2026-08-02T01:06:30Z,,,,+0.30900
260802_010645,2,2026-08-02T01:06:45Z,,,,+0.35800
260802_010700,2,2026-08-02T01:07:00Z,,,,+0.36000
260802_010715,2,2026-08-02T01:07:15Z,-0.31933,-0.31933,0.9893,+0.33700
260802_010730,2,2026-08-02T01:07:30Z,,,,+0.33700
260802_010745,2,2026-08-02T01:07:45Z,,,,+0.34700
260802_010800,2,2026-08-02T01:08:00Z,,,,+0.33300
260802_010815,2,2026-08-02T01:08:15Z,,,,+0.33200
260802_010830,2,2026-08-02T01:08:30Z,,,,+0.32600
260802_010845,2,2026-08-02T01:08:45Z,,,,+0.34100
260802_010900,2,2026-08-02T01:09:00Z,,,,+0.36200
260802_010915,2,2026-08-02T01:09:15Z,,,,+0.31300
260802_010930,2,2026-08-02T01:09:30Z,,,,+0.32700
260802_010945,2,2026-08-02T01:09:45Z,-0.31933,-0.31933,0.9942,+0.34100
260802_011000,2,2026-08-02T01:10:00Z,,,,+0.36000
260802_011015,2,2026-08-02T01:10:15Z,,,,+0.37100
260802_011030,2,2026-08-02T01:10:30Z,,,,+0.32100
260802_011045,2,2026-08-02T01:10:45Z,,,,+0.34400
260802_011100,2,2026-08-02T01:11:00Z,,,,+0.36700
260802_011115,2,2026-08-02T01:11:15Z,,,,+0.35800
260802_011130,2,2026-08-02T01:11:30Z,,,,+0.32400
260802_011145,2,2026-08-02T01:11:45Z,,,,+0.33700
260802_011200,2,2026-08-02T01:12:00Z,,,,+0.33600
260802_011215,2,2026-08-02T01:12:15Z,-0.31933,-0.31933,0.9921,+0.32000
260802_011230,2,2026-08-02T01:12:30Z,,,,+0.33100
260802_011245,2,2026-08-02T01:12:45Z,,,,+0.34800
260802_011300,2,2026-08-02T01:13:00Z,,,,+0.36700
260802_011315,2,2026-08-02T01:13:15Z,,,,+0.37000
260802_011330,2,2026-08-02T01:13:30Z,,,,+0.37500
260802_011345,2,2026-08-02T01:13:45Z,,,,+0.37600
260802_011400,2,2026-08-02T01:14:00Z,,,,+0.33700
260802_011415,2,2026-08-02T01:14:15Z,,,,+0.35400
260802_011430,2,2026-08-02T01:14:30Z,,,,+0.36800
260802_011445,2,2026-08-02T01:14:45Z,-0.35933,-0.35933,0.9878,+0.38400
260802_011500,2,2026-08-02T01:15:00Z,,,,+0.32500
260802_011515,2,2026-08-02T01:15:15Z,,,,+0.34300
260802_011530,2,2026-08-02T01:15:30Z,,,,+0.37000
260802_011545,2,2026-08-02T01:15:45Z,,,,+0.37400
260802_011600,2,2026-08-02T01:16:00Z,,,,+0.33700
260802_011615,2,2026-08-02T01:16:15Z,,,,+0.37900
260802_011630,2,2026-08-02T01:16:30Z,,,,+0.36600
260802_011645,2,2026-08-02T01:16:45Z,,,,+0.33900
260802_011700,2,2026-08-02T01:17:00Z,,,,+0.37000
260802_011715,2,2026-08-02T01:17:15Z,-0.35933,-0.35933,0.9894,+0.34900
260802_011730,2,2026-08-02T01:17:30Z,,,,+0.38100
260802_011745,2,2026-08-02T01:17:45Z,,,,+0.34700
260802_011800,2,2026-08-02T01:18:00Z,,,,+0.37300
260802_011815,2,2026-08-02T01:18:15Z,,,,+0.34700
260802_011830,2,2026-08-02T01:18:30Z,,,,+0.38700
260802_011845,2,2026-08-02T01:18:45Z,,,,+0.37000
260802_011900,2,2026-08-02T01:19:00Z,,,,+0.38800
260802_011915,2,2026-08-02T01:19:15Z,,,,+0.35000
260802_011930,2,2026-08-02T01:19:30Z,,,,+0.37700
260802_011945,2,2026-08-02T01:19:45Z,-0.35933,-0.35933,0.9889,+0.39700
260802_012000,2,2026-08-02T01:20:00Z,,,,+0.36100
260802_012015,2,2026-08-02T01:20:15Z,,,,+0.38700
260802_012030,2,2026-08-02T01:20:30Z,,,,+0.35500
260802_012045,2,2026-08-02T01:20:45Z,,,,+0.39400
260802_012100,2,2026-08-02T01:21:00Z,,,,+0.35900
260802_012115,2,2026-08-02T01:21:15Z,,,,+0.38900
260802_012130,2,2026-08-02T01:21:30Z,,,,+0.35200
260802_012145,2,2026-08-02T01:21:45Z,,,,+0.40000
260802_012200,2,2026-08-02T01:22:00Z,,,,+0.37400
260802_012215,2,2026-08-02T01:22:15Z,-0.35933,-0.35933,0.9605,+0.34700
260802_012230,2,2026-08-02T01:22:30Z,,,,+0.38900
260802_012245,2,2026-08-02T01:22:45Z,,,,+0.40200
260802_012300,2,2026-08-02T01:23:00Z,,,,+0.36900
260802_012315,2,2026-08-02T01:23:15Z,,,,+0.39600
260802_012330,2,2026-08-02T01:23:30Z,,,,+0.35900
260802_012345,2,2026-08-02T01:23:45Z,,,,+0.38800
260802_012400,2,2026-08-02T01:24:00Z,,,,+0.40600
260802_012415,2,2026-08-02T01:24:15Z,,,,+0.37600
260802_012430,2,2026-08-02T01:24:30Z,,,,+0.38800
260802_012445,2,2026-08-02T01:24:45Z,-0.35933,-0.35933,0.9716,+0.35500
260802_012500,2,2026-08-02T01:25:00Z,,,,+0.37300
260802_012515,2,2026-08-02T01:25:15Z,,,,+0.41400
260802_012530,2,2026-08-02T01:25:30Z,,,,+0.39300
260802_012545,2,2026-08-02T01:25:45Z,,,,+0.38700
260802_012600,2,2026-08-02T01:26:00Z,,,,+0.37000
260802_012615,2,2026-08-02T01:26:15Z,,,,+0.41300
260802_012630,2,2026-08-02T01:26:30Z,,,,+0.38600
260802_012645,2,2026-08-02T01:26:45Z,,,,+0.40900
260802_012700,2,2026-08-02T01:27:00Z,,,,+0.37700
260802_012715,2,2026-08-02T01:27:15Z,-0.35933,-0.35933,0.9655,+0.41400
260802_012730,2,2026-08-02T01:27:30Z,,,,+0.38300
260802_012745,2,2026-08-02T01:27:45Z,,,,+0.41800
260802_012800,2,2026-08-02T01:28:00Z,,,,+0.39400
260802_012815,2,2026-08-02T01:28:15Z,,,,+0.42400
260802_012830,2,2026-08-02T01:28:30Z,,,,+0.40000
260802_012845,2,2026-08-02T01:28:45Z,,,,+0.36500
260802_012900,2,2026-08-02T01:29:00Z,,,,+0.41000
260802_012915,2,2026-08-02T01:29:15Z,,,,+0.39000
260802_012930,2,2026-08-02T01:29:30Z,,,,+0.36800
260802_012945,2,2026-08-02T01:29:45Z,-0.39933,-0.39933,0.9872,+0.42200
260802_013000,2,2026-08-02T01:30:00Z,,,,+0.38300
260802_013015,2,2026-08-02T01:30:15Z,,,,+0.37100
260802_013030,2,2026-08-02T01:30:30Z,,,,+0.39500
260802_013045,2,2026-08-02T01:30:45Z,,,,+0.42500
260802_013100,2,2026-08-02T01:31:00Z,,,,+0.37800
260802_013115,2,2026-08-02T01:31:15Z,,,,+0.40500
260802_013130,2,2026-08-02T01:31:30Z,,,,+0.37800
260802_013145,2,2026-08-02T01:31:45Z,,,,+0.39900
260802_013200,2,2026-08-02T01:32:00Z,,,,+0.37300
260802_013215,2,2026-08-02T01:32:15Z,-0.39933,-0.39933,0.9950,+0.42800
260802_013230,2,2026-08-02T01:32:30Z,,,,+0.37500
260802_013245,2,2026-08-02T01:32:45Z,,,,+0.38900
260802_013300,2,2026-08-02T01:33:00Z,,,,+0.42500
260802_013315,2,2026-08-02T01:33:15Z,,,,+0.38900
260802_013330,2,2026-08-02T01:33:30Z,,,,+0.41600
260802_013345,2,2026-08-02T01:33:45Z,,,,+0.43400
260802_013400,2,2026-08-02T01:34:00Z,,,,+0.39600
260802_013415,2,2026-08-02T01:34:15Z,,,,+0.40900
260802_013430,2,2026-08-02T01:34:30Z,,,,+0.42000
260802_013445,2,2026-08-02T01:34:45Z,-0.39933,-0.39933,0.9876,+0.43900
260802_013500,2,2026-08-02T01:35:00Z,,,,+0.38500
260802_013515,2,2026-08-02T01:35:15Z,,,,+0.40100
260802_013530,2,2026-08-02T01:35:30Z,,,,+0.41600
260802_013545,2,2026-08-02T01:35:45Z,,,,+0.43600
260802_013600,2,2026-08-02T01:36:00Z,,,,+0.44300
260802_013615,2,2026-08-02T01:36:15Z,,,,+0.38600
260802_013630,2,2026-08-02T01:36:30Z,,,,+0.43700
260802_013645,2,2026-08-02T01:36:45Z,,,,+0.42500
260802_013700,2,2026-08-02T01:37:00Z,,,,+0.41000
260802_013715,2,2026-08-02T01:37:15Z,-0.39933,-0.39933,0.9744,+0.39800
260802_013730,2,2026-08-02T01:37:30Z,,,,+0.43900
260802_013745,2,2026-08-02T01:37:45Z,,,,+0.42500
260802_013800,2,2026-08-02T01:38:00Z,,,,+0.42200
260802_013815,2,2026-08-02T01:38:15Z,,,,+0.39600
260802_013830,2,2026-08-02T01:38:30Z,,,,+0.44900
260802_013845,2,2026-08-02T01:38:45Z,,,,+0.43800
260802_013900,2,2026-08-02T01:39:00Z,,,,+0.40200
260802_013915,2,2026-08-02T01:39:15Z,,,,+0.39500
260802_013930,2,2026-08-02T01:39:30Z,,,,+0.44700
260802_013945,2,2026-08-02T01:39:45Z,-0.39933,-0.39933,0.9977,+0.42200
260802_014000,2,2026-08-02T01:40:00Z,,,,+0.40700
260802_014015,2,2026-08-02T01:40:15Z,,,,+0.44600
260802_014030,2,2026-08-02T01:40:30Z,,,,+0.43400
260802_014045,2,2026-08-02T01:40:45Z,,,,+0.42500
260802_014100,2,2026-08-02T01:41:00Z,,,,+0.40700
260802_014115,2,2026-08-02T01:41:15Z,,,,+0.45900
260802_014130,2,2026-08-02T01:41:30Z,,,,+0.40100
260802_014145,2,2026-08-02T01:41:45Z,,,,+0.40100
260802_014200,2,2026-08-02T01:42:00Z,,,,+0.45500
260802_014215,2,2026-08-02T01:42:15Z,-0.43933,-0.43933,0.9950,+0.44100
260802_014230,2,2026-08-02T01:42:30Z,,,,+0.42800
260802_014245,2,2026-08-02T01:42:45Z,,,,+0.44200
260802_014300,2,2026-08-02T01:43:00Z,,,,+0.45500
260802_014315,2,2026-08-02T01:43:15Z,,,,+0.43000
260802_014330,2,2026-08-02T01:43:30Z,,,,+0.46700
260802_014345,2,2026-08-02T01:43:45Z,,,,+0.45900
260802_014400,2,2026-08-02T01:44:00Z,,,,+0.44400
260802_014415,2,2026-08-02T01:44:15Z,,,,+0.41600
260802_014430,2,2026-08-02T01:44:30Z,,,,+0.45400
260802_014445,2,2026-08-02T01:44:45Z,-0.43933,-0.43933,0.9943,+0.41700
260802_014500,2,2026-08-02T01:45:00Z,,,,+0.46200
260802_014515,2,2026-08-02T01:45:15Z,,,,+0.42300
260802_014530,2,2026-08-02T01:45:30Z,,,,+0.47200
260802_014545,2,2026-08-02T01:45:45Z,,,,+0.44700
260802_014600,2,2026-08-02T01:46:00Z,,,,+0.46000
260802_014615,2,2026-08-02T01:46:15Z,,,,+0.45900
260802_014630,2,2026-08-02T01:46:30Z,,,,+0.44800
260802_014645,2,2026-08-02T01:46:45Z,,,,+0.43300
260802_014700,2,2026-08-02T01:47:00Z,,,,+0.42200
260802_014715,2,2026-08-02T01:47:15Z,-0.43933,-0.43933,0.9896,+0.41900
260802_014730,2,2026-08-02T01:47:30Z,,,,+0.46500
260802_014745,2,2026-08-02T01:47:45Z,,,,+0.45600
260802_014800,2,2026-08-02T01:48:00Z,,,,+0.44500
260802_014815,2,2026-08-02T01:48:15Z,,,,+0.44100
260802_014830,2,2026-08-02T01:48:30Z,,,,+0.46700
260802_014845,2,2026-08-02T01:48:45Z,,,,+0.44900
260802_014900,2,2026-08-02T01:49:00Z,,,,+0.42500
260802_014915,2,2026-08-02T01:49:15Z,,,,+0.46500
260802_014930,2,2026-08-02T01:49:30Z,,,,+0.45400
260802_014945,2,2026-08-02T01:49:45Z,-0.43933,-0.43933,0.9971,+0.48500
260802_015000,2,2026-08-02T01:50:00Z,,,,+0.45800
260802_015015,2,2026-08-02T01:50:15Z,,,,+0.42700
260802_015030,2,2026-08-02T01:50:30Z,,,,+0.48300
260802_015045,2,2026-08-02T01:50:45Z,,,,+0.47500
260802_015100,2,2026-08-02T01:51:00Z,,,,+0.46300
260802_015115,2,2026-08-02T01:51:15Z,,,,+0.45100
260802_015130,2,2026-08-02T01:51:30Z,,,,+0.45200
260802_015145,2,2026-08-02T01:51:45Z,,,,+0.44700
260802_015200,2,2026-08-02T01:52:00Z,,,,+0.49300
260802_015215,2,2026-08-02T01:52:15Z,-0.43933,-0.43933,0.9954,+0.49300
260802_015230,2,2026-08-02T01:52:30Z,,,,+0.48500
260802_015245,2,2026-08-02T01:52:45Z,,,,+0.43800
260802_015300,2,2026-08-02T01:53:00Z,,,,+0.49000
260802_015315,2,2026-08-02T01:53:15Z,,,,+0.49400
260802_015330,2,2026-08-02T01:53:30Z,,,,+0.49000
260802_015345,2,2026-08-02T01:53:45Z,,,,+0.47700
260802_015400,2,2026-08-02T01:54:00Z,,,,+0.45200
260802_015415,2,2026-08-02T01:54:15Z,,,,+0.43800
260802_015430,2,2026-08-02T01:54:30Z,,,,+0.50200
260802_015445,2,2026-08-02T01:54:45Z,-0.43933,-0.43933,0.9983,+0.49100
260802_015500,2,2026-08-02T01:55:00Z,,,,+0.49300
260802_015515,2,2026-08-02T01:55:15Z,,,,+0.48400
260802_015530,2,2026-08-02T01:55:30Z,,,,+0.48700
260802_015545,2,2026-08-02T01:55:45Z,,,,+0.50300
260802_015600,2,2026-08-02T01:56:00Z,,,,+0.45200
260802_015615,2,2026-08-02T01:56:15Z,,,,+0.45300
260802_015630,2,2026-08-02T01:56:30Z,,,,+0.46400
260802_015645,2,2026-08-02T01:56:45Z,,,,+0.47600
260802_015700,2,2026-08-02T01:57:00Z,,,,+0.48900
260802_015715,2,2026-08-02T01:57:15Z,-0.47933,-0.47933,0.9960,+0.46700
260802_015730,2,2026-08-02T01:57:30Z,,,,+0.48800
260802_015745,2,2026-08-02T01:57:45Z,,,,+0.46100
260802_015800,2,2026-08-02T01:58:00Z,,,,+0.48800
260802_015815,2,2026-08-02T01:58:15Z,,,,+0.51000
260802_015830,2,2026-08-02T01:58:30Z,,,,+0.48500
260802_015845,2,2026-08-02T01:58:45Z,,,,+0.46900
260802_015900,2,2026-08-02T01:59:00Z,,,,+0.49900
260802_015915,2,2026-08-02T01:59:15Z,,,,+0.47800
260802_015930,2,2026-08-02T01:59:30Z,,,,+0.45800
260802_015945,2,2026-08-02T01:59:45Z,-0.47933,-0.47933,0.9961,+0.50300
260802_020000,2,2026-08-02T02:00:00Z,,,,+0.50900
260802_020015,2,2026-08-02T02:00:15Z,,,,+0.46300
260802_020030,2,2026-08-02T02:00:30Z,,,,+0.47800
260802_020045,2,2026-08-02T02:00:45Z,,,,+0.49000
260802_020100,2,2026-08-02T02:01:00Z,,,,+0.50600
260802_020115,2,2026-08-02T02:01:15Z,,,,+0.46000
260802_020130,2,2026-08-02T02:01:30Z,,,,+0.50300
260802_020145,2,2026-08-02T02:01:45Z,,,,+0.51800
260802_020200,2,2026-08-02T02:02:00Z,,,,+0.47600
260802_020215,2,2026-08-02T02:02:15Z,-0.47933,-0.47933,0.9932,+0.50900
260802_020230,2,2026-08-02T02:02:30Z,,,,+0.48700
260802_020245,2,2026-08-02T02:02:45Z,,,,+0.52100
260802_020300,2,2026-08-02T02:03:00Z,,,,+0.49000
260802_020315,2,2026-08-02T02:03:15Z,,,,+0.51800
260802_020330,2,2026-08-02T02:03:30Z,,,,+0.49600
260802_020345,2,2026-08-02T02:03:45Z,,,,+0.46900
260802_020400,2,2026-08-02T02:04:00Z,,,,+0.51100
260802_020415,2,2026-08-02T02:04:15Z,,,,+0.47900
260802_020430,2,2026-08-02T02:04:30Z,,,,+0.47600
260802_020445,2,2026-08-02T02:04:45Z,-0.47933,-0.47933,0.9945,+0.50200
260802_020500,2,2026-08-02T02:05:00Z,,,,+0.48600
260802_020515,2,2026-08-02T02:05:15Z,,,,+0.52900
260802_020530,2,2026-08-02T02:05:30Z,,,,+0.48800
260802_020545,2,2026-08-02T02:05:45Z,,,,+0.51300
260802_020600,2,2026-08-02T02:06:00Z,,,,+0.47700
260802_020615,2,2026-08-02T02:06:15Z,,,,+0.50700
260802_020630,2,2026-08-02T02:06:30Z,,,,+0.47600
260802_020645,2,2026-08-02T02:06:45Z,,,,+0.53100
260802_020700,2,2026-08-02T02:07:00Z,,,,+0.52400
260802_020715,2,2026-08-02T02:07:15Z,-0.47933,-0.47933,0.9864,+0.48000
260802_020730,2,2026-08-02T02:07:30Z,,,,+0.47900
260802_020745,2,2026-08-02T02:07:45Z,,,,+0.52800
260802_020800,2,2026-08-02T02:08:00Z,,,,+0.49500
260802_020815,2,2026-08-02T02:08:15Z,,,,+0.51800
260802_020830,2,2026-08-02T02:08:30Z,,,,+0.50300
260802_020845,2,2026-08-02T02:08:45Z,,,,+0.53600
260802_020900,2,2026-08-02T02:09:00Z,,,,+0.52200
260802_020915,2,2026-08-02T02:09:15Z,,,,+0.49200
260802_020930,2,2026-08-02T02:09:30Z,,,,+0.48400
260802_020945,2,2026-08-02T02:09:45Z,-0.51933,-0.51933,0.9968,+0.52400
260802_021000,2,2026-08-02T02:10:00Z,,,,+0.52500
260802_021015,2,2026-08-02T02:10:15Z,,,,+0.52900
260802_021030,2,2026-08-02T02:10:30Z,,,,+0.52200
260802_021045,2,2026-08-02T02:10:45Z,,,,+0.50600
260802_021100,2,2026-08-02T02:11:00Z,,,,+0.54400
260802_021115,2,2026-08-02T02:11:15Z,,,,+0.52600
260802_021130,2,2026-08-02T02:11:30Z,,,,+0.49500
260802_021145,2,2026-08-02T02:11:45Z,,,,+0.53400
260802_021200,2,2026-08-02T02:12:00Z,,,,+0.49000
260802_021215,2,2026-08-02T02:12:15Z,-0.51933,-0.51933,0.9925,+0.53500
260802_021230,2,2026-08-02T02:12:30Z,,,,+0.50700
260802_021245,2,2026-08-02T02:12:45Z,,,,+0.55300
260802_021300,2,2026-08-02T02:13:00Z,,,,+0.51700
260802_021315,2,2026-08-02T02:13:15Z,,,,+0.54500
260802_021330,2,2026-08-02T02:13:30Z,,,,+0.51300
260802_021345,2,2026-08-02T02:13:45Z,,,,+0.55000
260802_021400,2,2026-08-02T02:14:00Z,,,,+0.52200
260802_021415,2,2026-08-02T02:14:15Z,,,,+0.49900
260802_021430,2,2026-08-02T02:14:30Z,,,,+0.52000
260802_021445,2,2026-08-02T02:14:45Z,-0.51933,-0.51933,0.9949,+0.55000
260802_021500,2,2026-08-02T02:15:00Z,,,,+0.54200
260802_021515,2,2026-08-02T02:15:15Z,,,,+0.52800
260802_021530,2,2026-08-02T02:15:30Z,,,,+0.55900
260802_021545,2,2026-08-02T02:15:45Z,,,,+0.52600
260802_021600,2,2026-08-02T02:16:00Z,,,,+0.51700
260802_021615,2,2026-08-02T02:16:15Z,,,,+0.55400
260802_021630,2,2026-08-02T02:16:30Z,,,,+0.53100
260802_021645,2,2026-08-02T02:16:45Z,,,,+0.50600
260802_021700,2,2026-08-02T02:17:00Z,,,,+0.55400
260802_021715,2,2026-08-02T02:17:15Z,-0.51933,-0.51933,0.9961,+0.51100
260802_021730,2,2026-08-02T02:17:30Z,,,,+0.54800
260802_021745,2,2026-08-02T02:17:45Z,,,,+0.52100
260802_021800,2,2026-08-02T02:18:00Z,,,,+0.56800
260802_021815,2,2026-08-02T02:18:15Z,,,,+0.53600
260802_021830,2,2026-08-02T02:18:30Z,,,,+0.51700
260802_021845,2,2026-08-02T02:18:45Z,,,,+0.53200
260802_021900,2,2026-08-02T02:19:00Z,,,,+0.52400
260802_021915,2,2026-08-02T02:19:15Z,,,,+0.55600
260802_021930,2,2026-08-02T02:19:30Z,,,,+0.53700
260802_021945,2,2026-08-02T02:19:45Z,-0.51933,-0.51933,0.9767,+0.52400
260802_022000,2,2026-08-02T02:20:00Z,,,,+0.57000
260802_022015,2,2026-08-02T02:20:15Z,,,,+0.53400
260802_022030,2,2026-08-02T02:20:30Z,,,,+0.52600
260802_022045,2,2026-08-02T02:20:45Z,,,,+0.56300
260802_022100,2,2026-08-02T02:21:00Z,,,,+0.52800
260802_022115,2,2026-08-02T02:21:15Z,,,,+0.56200
260802_022130,2,2026-08-02T02:21:30Z,,,,+0.53200
260802_022145,2,2026-08-02T02:21:45Z,,,,+0.57400
260802_022200,2,2026-08-02T02:22:00Z,,,,+0.55300
260802_022215,2,2026-08-02T02:22:15Z,-0.51933,-0.51933,0.9905,+0.51900
260802_022230,2,2026-08-02T02:22:30Z,,,,+0.57400
260802_022245,2,2026-08-02T02:22:45Z,,,,+0.54500
260802_022300,2,2026-08-02T02:23:00Z,,,,+0.52400
260802_022315,2,2026-08-02T02:23:15Z,,,,+0.55800
260802_022330,2,2026-08-02T02:23:30Z,,,,+0.54600
260802_022345,2,2026-08-02T02:23:45Z,,,,+0.52800
260802_022400,2,2026-08-02T02:24:00Z,,,,+0.52400
260802_022415,2,2026-08-02T02:24:15Z,,,,+0.56300
260802_022430,2,2026-08-02T02:24:30Z,,,,+0.53700
260802_022445,2,2026-08-02T02:24:45Z,-0.55933,-0.55933,0.9781,+0.57400
260802_022500,2,2026-08-02T02:25:00Z,,,,+0.53700
260802_022515,2,2026-08-02T02:25:15Z,,,,+0.56400
260802_022530,2,2026-08-02T02:25:30Z,,,,+0.53700
260802_022545,2,2026-08-02T02:25:45Z,,,,+0.56900
260802_022600,2,2026-08-02T02:26:00Z,,,,+0.57300
260802_022615,2,2026-08-02T02:26:15Z,,,,+0.56500
260802_022630,2,2026-08-02T02:26:30Z,,,,+0.56600
260802_022645,2,2026-08-02T02:26:45Z,,,,+0.56300
260802_022700,2,2026-08-02T02:27:00Z,,,,+0.57600
260802_022715,2,2026-08-02T02:27:15Z,-0.55933,-0.55933,0.9881,+0.58600
260802_022730,2,2026-08-02T02:27:30Z,,,,+0.58800
260802_022745,2,2026-08-02T02:27:45Z,,,,+0.58800
260802_022800,2,2026-08-02T02:28:00Z,,,,+0.54000
260802_022815,2,2026-08-02T02:28:15Z,,,,+0.59100
260802_022830,2,2026-08-02T02:28:30Z,,,,+0.58300
260802_022845,2,2026-08-02T02:28:45Z,,,,+0.55600
260802_022900,2,2026-08-02T02:29:00Z,,,,+0.54300
260802_022915,2,2026-08-02T02:29:15Z,,,,+0.54500
260802_022930,2,2026-08-02T02:29:30Z,,,,+0.58000
260802_022945,2,2026-08-02T02:29:45Z,-0.55933,-0.55933,0.9956,+0.57600
260802_023000,2,2026-08-02T02:30:00Z,,,,+0.57200
260802_023015,2,2026-08-02T02:30:15Z,,,,+0.56200
260802_023030,2,2026-08-02T02:30:30Z,,,,+0.57200
260802_023045,2,2026-08-02T02:30:45Z,,,,+0.57900
260802_023100,2,2026-08-02T02:31:00Z,,,,+0.57200
260802_023115,2,2026-08-02T02:31:15Z,,,,+0.56000
260802_023130,2,2026-08-02T02:31:30Z,,,,+0.55900
260802_023145,2,2026-08-02T02:31:45Z,,,,+0.56700
260802_023200,2,2026-08-02T02:32:00Z,,,,+0.57100
260802_023215,2,2026-08-02T02:32:15Z,-0.55933,-0.55933,0.9889,+0.56800
260802_023230,2,2026-08-02T02:32:30Z,,,,+0.56200
260802_023245,2,2026-08-02T02:32:45Z,,,,+0.59400
260802_023300,2,2026-08-02T02:33:00Z,,,,+0.59600
260802_023315,2,2026-08-02T02:33:15Z,,,,+0.59100
260802_023330,2,2026-08-02T02:33:30Z,,,,+0.59900
260802_023345,2,2026-08-02T02:33:45Z,,,,+0.59800
260802_023400,2,2026-08-02T02:34:00Z,,,,+0.61300
260802_023415,2,2026-08-02T02:34:15Z,,,,+0.59400
260802_023430,2,2026-08-02T02:34:30Z,,,,+0.57700
260802_023445,2,2026-08-02T02:34:45Z,-0.59933,-0.59933,0.9937,+0.61700
260802_023500,2,2026-08-02T02:35:00Z,,,,+0.58000
260802_023515,2,2026-08-02T02:35:15Z,,,,+0.59900
260802_023530,2,2026-08-02T02:35:30Z,,,,+0.57800
260802_023545,2,2026-08-02T02:35:45Z,,,,+0.60500
260802_023600,2,2026-08-02T02:36:00Z,,,,+0.57600
260802_023615,2,2026-08-02T02:36:15Z,,,,+0.61900
260802_023630,2,2026-08-02T02:36:30Z,,,,+0.59900
260802_023645,2,2026-08-02T02:36:45Z,,,,+0.60200
260802_023700,2,2026-08-02T02:37:00Z,,,,+0.59600
260802_023715,2,2026-08-02T02:37:15Z,-0.59933,-0.59933,0.9925,+0.59700
260802_023730,2,2026-08-02T02:37:30Z,,,,+0.59800
260802_023745,2,2026-08-02T02:37:45Z,,,,+0.58700
260802_023800,2,2026-08-02T02:38:00Z,,,,+0.63600
260802_023815,2,2026-08-02T02:38:15Z,,,,+0.63500
260802_023830,2,2026-08-02T02:38:30Z,,,,+0.61400
260802_023845,2,2026-08-02T02:38:45Z,,,,+0.59900
260802_023900,2,2026-08-02T02:39:00Z,,,,+0.59100
260802_023915,2,2026-08-02T02:39:15Z,,,,+0.60100
260802_023930,2,2026-08-02T02:39:30Z,,,,+0.62300
260802_023945,2,2026-08-02T02:39:45Z,-0.59933,-0.59933,0.9711,+0.63300
260802_024000,2,2026-08-02T02:40:00Z,,,,+0.63000
260802_024015,2,2026-08-02T02:40:15Z,,,,+0.61900
260802_024030,2,2026-08-02T02:40:30Z,,,,+0.61500
260802_024045,2,2026-08-02T02:40:45Z,,,,+0.62400
260802_024100,2,2026-08-02T02:41:00Z,,,,+0.58800
260802_024115,2,2026-08-02T02:41:15Z,,,,+0.64000
260802_024130,2,2026-08-02T02:41:30Z,,,,+0.61100
260802_024145,2,2026-08-02T02:41:45Z,,,,+0.63800
260802_024200,2,2026-08-02T02:42:00Z,,,,+0.60900
260802_024215,2,2026-08-02T02:42:15Z,-0.59933,-0.59933,0.9862,+0.63800
260802_024230,2,2026-08-02T02:42:30Z,,,,+0.60200
260802_024245,2,2026-08-02T02:42:45Z,,,,+0.64900
260802_024300,2,2026-08-02T02:43:00Z,,,,+0.61500
260802_024315,2,2026-08-02T02:43:15Z,,,,+0.59400
260802_024330,2,2026-08-02T02:43:30Z,,,,+0.62200
260802_024345,2,2026-08-02T02:43:45Z,,,,+0.59800
260802_024400,2,2026-08-02T02:44:00Z,,,,+0.64500
260802_024415,2,2026-08-02T02:44:15Z,,,,+0.59800
260802_024430,2,2026-08-02T02:44:30Z,,,,+0.63400
260802_024445,2,2026-08-02T02:44:45Z,-0.59933,-0.59933,0.9622,+0.61000
260802_024500,2,2026-08-02T02:45:00Z,,,,+0.65100
260802_024515,2,2026-08-02T02:45:15Z,,,,+0.62100
260802_024530,2,2026-08-02T02:45:30Z,,,,+0.64500
260802_024545,2,2026-08-02T02:45:45Z,,,,+0.63700
260802_024600,2,2026-08-02T02:46:00Z,,,,+0.60100
260802_024615,2,2026-08-02T02:46:15Z,,,,+0.64500
260802_024630,2,2026-08-02T02:46:30Z,,,,+0.62900
260802_024645,2,2026-08-02T02:46:45Z,,,,+0.65400
260802_024700,2,2026-08-02T02:47:00Z,,,,+0.63600
260802_024715,2,2026-08-02T02:47:15Z,-0.63933,-0.63933,0.9972,+0.61800
260802_024730,2,2026-08-02T02:47:30Z,,,,+0.65300
260802_024745,2,2026-08-02T02:47:45Z,,,,+0.65300
260802_024800,2,2026-08-02T02:48:00Z,,,,+0.65200
260802_024815,2,2026-08-02T02:48:15Z,,,,+0.64200
260802_024830,2,2026-08-02T02:48:30Z,,,,+0.63000
260802_024845,2,2026-08-02T02:48:45Z,,,,+0.61900
260802_024900,2,2026-08-02T02:49:00Z,,,,+0.62600
260802_024915,2,2026-08-02T02:49:15Z,,,,+0.63000
260802_024930,2,2026-08-02T02:49:30Z,,,,+0.63000
260802_024945,2,2026-08-02T02:49:45Z,-0.63933,-0.63933,0.9981,+0.62900
260802_025000,2,2026-08-02T02:50:00Z,,,,+0.62600
260802_025015,2,2026-08-02T02:50:15Z,,,,+0.66600
260802_025030,2,2026-08-02T02:50:30Z,,,,+0.65900
260802_025045,2,2026-08-02T02:50:45Z,,,,+0.65600
260802_025100,2,2026-08-02T02:51:00Z,,,,+0.65500
260802_025115,2,2026-08-02T02:51:15Z,,,,+0.65400
260802_025130,2,2026-08-02T02:51:30Z,,,,+0.64600
260802_025145,2,2026-08-02T02:51:45Z,,,,+0.62100
260802_025200,2,2026-08-02T02:52:00Z,,,,+0.61700
260802_025215,2,2026-08-02T02:52:15Z,-0.63933,-0.63933,0.9971,+0.67100
260802_025230,2,2026-08-02T02:52:30Z,,,,+0.67300
260802_025245,2,2026-08-02T02:52:45Z,,,,+0.61900
260802_025300,2,2026-08-02T02:53:00Z,,,,+0.67300
260802_025315,2,2026-08-02T02:53:15Z,,,,+0.66200
260802_025330,2,2026-08-02T02:53:30Z,,,,+0.66100
260802_025345,2,2026-08-02T02:53:45Z,,,,+0.67700
260802_025400,2,2026-08-02T02:54:00Z,,,,+0.62200
260802_025415,2,2026-08-02T02:54:15Z,,,,+0.67100
260802_025430,2,2026-08-02T02:54:30Z,,,,+0.66900
260802_025445,2,2026-08-02T02:54:45Z,-0.63933,-0.63933,0.9981,+0.67600
260802_025500,2,2026-08-02T02:55:00Z,,,,+0.68100
260802_025515,2,2026-08-02T02:55:15Z,,,,+0.67300
260802_025530,2,2026-08-02T02:55:30Z,,,,+0.67000
260802_025545,2,2026-08-02T02:55:45Z,,,,+0.66600
260802_025600,2,2026-08-02T02:56:00Z,,,,+0.66000
260802_025615,2,2026-08-02T02:56:15Z,,,,+0.64300
260802_025630,2,2026-08-02T02:56:30Z,,,,+0.65200
260802_025645,2,2026-08-02T02:56:45Z,,,,+0.66900
260802_025700,2,2026-08-02T02:57:00Z,,,,+0.67500
260802_025715,2,2026-08-02T02:57:15Z,-0.65933,-0.65933,0.9898,+0.67500
260802_025730,2,2026-08-02T02:57:30Z,,,,+0.68900
260802_025745,2,2026-08-02T02:57:45Z,,,,+0.67800
260802_025800,2,2026-08-02T02:58:00Z,,,,+0.68700
260802_025815,2,2026-08-02T02:58:15Z,,,,+0.63200
260802_025830,2,2026-08-02T02:58:30Z,,,,+0.64100
260802_025845,2,2026-08-02T02:58:45Z,,,,+0.69600
260802_025900,2,2026-08-02T02:59:00Z,,,,+0.64300
260802_025915,2,2026-08-02T02:59:15Z,,,,+0.69600
260802_025930,2,2026-08-02T02:59:30Z,,,,+0.68500
260802_025945,2,2026-08-02T02:59:45Z,-0.65933,-0.65933,0.9874,+0.67400
260802_030000,2,2026-08-02T03:00:00Z,,,,+0.66900
260802_030015,2,2026-08-02T03:00:15Z,,,,+0.65500
260802_030030,2,2026-08-02T03:00:30Z,,,,+0.66000
260802_030045,2,2026-08-02T03:00:45Z,,,,+0.65300
260802_030100,2,2026-08-02T03:01:00Z,,,,+0.64200
260802_030115,2,2026-08-02T03:01:15Z,,,,+0.69600
260802_030130,2,2026-08-02T03:01:30Z,,,,+0.70000
260802_030145,2,2026-08-02T03:01:45Z,,,,+0.69100
260802_030200,2,2026-08-02T03:02:00Z,,,,+0.68400
260802_030215,2,2026-08-02T03:02:15Z,-0.65933,-0.65933,0.9970,+0.67800
260802_030230,2,2026-08-02T03:02:30Z,,,,+0.66900
260802_030245,2,2026-08-02T03:02:45Z,,,,+0.67400
260802_030300,2,2026-08-02T03:03:00Z,,,,+0.67100
260802_030315,2,2026-08-02T03:03:15Z,,,,+0.65600
260802_030330,2,2026-08-02T03:03:30Z,,,,+0.70600
260802_030345,2,2026-08-02T03:03:45Z,,,,+0.68800
260802_030400,2,2026-08-02T03:04:00Z,,,,+0.67800
260802_030415,2,2026-08-02T03:04:15Z,,,,+0.69300
260802_030430,2,2026-08-02T03:04:30Z,,,,+0.65300
260802_030445,2,2026-08-02T03:04:45Z,-0.65933,-0.65933,0.9976,+0.67500
260802_030500,2,2026-08-02T03:05:00Z,,,,+0.67900
260802_030515,2,2026-08-02T03:05:15Z,,,,+0.67700
260802_030530,2,2026-08-02T03:05:30Z,,,,+0.68500
260802_030545,2,2026-08-02T03:05:45Z,,,,+0.69600
260802_030600,2,2026-08-02T03:06:00Z,,,,+0.70200
260802_030615,2,2026-08-02T03:06:15Z,,,,+0.70800
260802_030630,2,2026-08-02T03:06:30Z,,,,+0.71200
260802_030645,2,2026-08-02T03:06:45Z,,,,+0.66300
260802_030700,2,2026-08-02T03:07:00Z,,,,+0.66600
260802_030715,2,2026-08-02T03:07:15Z,-0.65933,-0.65933,0.9940,+0.66600
260802_030730,2,2026-08-02T03:07:30Z,,,,+0.72000
260802_030745,2,2026-08-02T03:07:45Z,,,,+0.68200
260802_030800,2,2026-08-02T03:08:00Z,,,,+0.68200
260802_030815,2,2026-08-02T03:08:15Z,,,,+0.68800
260802_030830,2,2026-08-02T03:08:30Z,,,,+0.70000
260802_030845,2,2026-08-02T03:08:45Z,,,,+0.67400
260802_030900,2,2026-08-02T03:09:00Z,,,,+0.69100
260802_030915,2,2026-08-02T03:09:15Z,,,,+0.72200
260802_030930,2,2026-08-02T03:09:30Z,,,,+0.69700
260802_030945,2,2026-08-02T03:09:45Z,-0.69933,-0.69933,0.9954,+0.67200
260802_031000,2,2026-08-02T03:10:00Z,,,,+0.70900
260802_031015,2,2026-08-02T03:10:15Z,,,,+0.67500
260802_031030,2,2026-08-02T03:10:30Z,,,,+0.70100
260802_031045,2,2026-08-02T03:10:45Z,,,,+0.68900
260802_031100,2,2026-08-02T03:11:00Z,,,,+0.70600
260802_031115,2,2026-08-02T03:11:15Z,,,,+0.68700
260802_031130,2,2026-08-02T03:11:30Z,,,,+0.72200
260802_031145,2,2026-08-02T03:11:45Z,,,,+0.67400
260802_031200,2,2026-08-02T03:12:00Z,,,,+0.71800
260802_031215,2,2026-08-02T03:12:15Z,-0.69933,-0.69933,0.9829,+0.68800
260802_031230,2,2026-08-02T03:12:30Z,,,,+0.72000
260802_031245,2,2026-08-02T03:12:45Z,,,,+0.69600
260802_031300,2,2026-08-02T03:13:00Z,,,,+0.71900
260802_031315,2,2026-08-02T03:13:15Z,,,,+0.69900
260802_031330,2,2026-08-02T03:13:30Z,,,,+0.68300
260802_031345,2,2026-08-02T03:13:45Z,,,,+0.71200
260802_031400,2,2026-08-02T03:14:00Z,,,,+0.67800
260802_031415,2,2026-08-02T03:14:15Z,,,,+0.72400
260802_031430,2,2026-08-02T03:14:30Z,,,,+0.70900
260802_031445,2,2026-08-02T03:14:45Z,-0.69933,-0.69933,0.9925,+0.67900
260802_031500,2,2026-08-02T03:15:00Z,,,,+0.72500
260802_031515,2,2026-08-02T03:15:15Z,,,,+0.68500
260802_031530,2,2026-08-02T03:15:30Z,,,,+0.71100
260802_031545,2,2026-08-02T03:15:45Z,,,,+0.72500
260802_031600,2,2026-08-02T03:16:00Z,,,,+0.69500
260802_031615,2,2026-08-02T03:16:15Z,,,,+0.72100
260802_031630,2,2026-08-02T03:16:30Z,,,,+0.69600
260802_031645,2,2026-08-02T03:16:45Z,,,,+0.72300
260802_031700,2,2026-08-02T03:17:00Z,,,,+0.69300
260802_031715,2,2026-08-02T03:17:15Z,-0.69933,-0.69933,0.9828,+0.72200
260802_031730,2,2026-08-02T03:17:30Z,,,,+0.69800
260802_031745,2,2026-08-02T03:17:45Z,,,,+0.73200
260802_031800,2,2026-08-02T03:18:00Z,,,,+0.70800
260802_031815,2,2026-08-02T03:18:15Z,,,,+0.74300
260802_031830,2,2026-08-02T03:18:30Z,,,,+0.73300
260802_031845,2,2026-08-02T03:18:45Z,,,,+0.70500
260802_031900,2,2026-08-02T03:19:00Z,,,,+0.74300
260802_031915,2,2026-08-02T03:19:15Z,,,,+0.71900
260802_031930,2,2026-08-02T03:19:30Z,,,,+0.72700
260802_031945,2,2026-08-02T03:19:45Z,-0.69933,-0.69933,0.9888,+0.69900
260802_032000,2,2026-08-02T03:20:00Z,,,,+0.74000
260802_032015,2,2026-08-02T03:20:15Z,,,,+0.74600
260802_032030,2,2026-08-02T03:20:30Z,,,,+0.73100
260802_032045,2,2026-08-02T03:20:45Z,,,,+0.70600
260802_032100,2,2026-08-02T03:21:00Z,,,,+0.74400
260802_032115,2,2026-08-02T03:21:15Z,,,,+0.74400
260802_032130,2,2026-08-02T03:21:30Z,,,,+0.75700
260802_032145,2,2026-08-02T03:21:45Z,,,,+0.75900
260802_032200,2,2026-08-02T03:22:00Z,,,,+0.75600
260802_032215,2,2026-08-02T03:22:15Z,-0.69933,-0.69933,0.9803,+0.75800
260802_032230,2,2026-08-02T03:22:30Z,,,,+0.75700
260802_032245,2,2026-08-02T03:22:45Z,,,,+0.70300
260802_032300,2,2026-08-02T03:23:00Z,,,,+0.75700
260802_032315,2,2026-08-02T03:23:15Z,,,,+0.73000
260802_032330,2,2026-08-02T03:23:30Z,,,,+0.71300
260802_032345,2,2026-08-02T03:23:45Z,,,,+0.71900
260802_032400,2,2026-08-02T03:24:00Z,,,,+0.71100
260802_032415,2,2026-08-02T03:24:15Z,,,,+0.76500
260802_032430,2,2026-08-02T03:24:30Z,,,,+0.76100
260802_032445,2,2026-08-02T03:24:45Z,-0.73933,-0.73933,0.9871,+0.75800
260802_032500,2,2026-08-02T03:25:00Z,,,,+0.76300
260802_032515,2,2026-08-02T03:25:15Z,,,,+0.77000
260802_032530,2,2026-08-02T03:25:30Z,,,,+0.77000
260802_032545,2,2026-08-02T03:25:45Z,,,,+0.77000
260802_032600,2,2026-08-02T03:26:00Z,,,,+0.75600
260802_032615,2,2026-08-02T03:26:15Z,,,,+0.75600
260802_032630,2,2026-08-02T03:26:30Z,,,,+0.72500
260802_032645,2,2026-08-02T03:26:45Z,,,,+0.76700
260802_032700,2,2026-08-02T03:27:00Z,,,,+0.74100
260802_032715,2,2026-08-02T03:27:15Z,-0.73933,-0.73933,0.9972,+0.76600
260802_032730,2,2026-08-02T03:27:30Z,,,,+0.72500
260802_032745,2,2026-08-02T03:27:45Z,,,,+0.77100
260802_032800,2,2026-08-02T03:28:00Z,,,,+0.74400
260802_032815,2,2026-08-02T03:28:15Z,,,,+0.77900
260802_032830,2,2026-08-02T03:28:30Z,,,,+0.75600
260802_032845,2,2026-08-02T03:28:45Z,,,,+0.72700
260802_032900,2,2026-08-02T03:29:00Z,,,,+0.77800
260802_032915,2,2026-08-02T03:29:15Z,,,,+0.74900
260802_032930,2,2026-08-02T03:29:30Z,,,,+0.78100
260802_032945,2,2026-08-02T03:29:45Z,-0.73933,-0.73933,0.9949,+0.75900
260802_033000,2,2026-08-02T03:30:00Z,,,,+0.73600
260802_033015,2,2026-08-02T03:30:15Z,,,,+0.72700
260802_033030,2,2026-08-02T03:30:30Z,,,,+0.76700
260802_033045,2,2026-08-02T03:30:45Z,,,,+0.73100
260802_033100,2,2026-08-02T03:31:00Z,,,,+0.75900
260802_033115,2,2026-08-02T03:31:15Z,,,,+0.74200
260802_033130,2,2026-08-02T03:31:30Z,,,,+0.75800
260802_033145,2,2026-08-02T03:31:45Z,,,,+0.72700
260802_033200,2,2026-08-02T03:32:00Z,,,,+0.76900
260802_033215,2,2026-08-02T03:32:15Z,-0.73933,-0.73933,0.9960,+0.76200
260802_033230,2,2026-08-02T03:32:30Z,,,,+0.74000
260802_033245,2,2026-08-02T03:32:45Z,,,,+0.77000
260802_033300,2,2026-08-02T03:33:00Z,,,,+0.76000
260802_033315,2,2026-08-02T03:33:15Z,,,,+0.73800
260802_033330,2,2026-08-02T03:33:30Z,,,,+0.77200
260802_033345,2,2026-08-02T03:33:45Z,,,,+0.73500
260802_033400,2,2026-08-02T03:34:00Z,,,,+0.77900
260802_033415,2,2026-08-02T03:34:15Z,,,,+0.76900
260802_033430,2,2026-08-02T03:34:30Z,,,,+0.75100
260802_033445,2,2026-08-02T03:34:45Z,-0.73933,-0.73933,0.9921,+0.74000
260802_033500,2,2026-08-02T03:35:00Z,,,,+0.78400
260802_033515,2,2026-08-02T03:35:15Z,,,,+0.76100
260802_033530,2,2026-08-02T03:35:30Z,,,,+0.74600
260802_033545,2,2026-08-02T03:35:45Z,,,,+0.77200
260802_033600,2,2026-08-02T03:36:00Z,,,,+0.74700
260802_033615,2,2026-08-02T03:36:15Z,,,,+0.78600
260802_033630,2,2026-08-02T03:36:30Z,,,,+0.76000
260802_033645,2,2026-08-02T03:36:45Z,,,,+0.74600
260802_033700,2,2026-08-02T03:37:00Z,,,,+0.79400
260802_033715,2,2026-08-02T03:37:15Z,-0.77933,-0.77933,0.9880,+0.78900
260802_033730,2,2026-08-02T03:37:30Z,,,,+0.76700
260802_033745,2,2026-08-02T03:37:45Z,,,,+0.80400
260802_033800,2,2026-08-02T03:38:00Z,,,,+0.78700
260802_033815,2,2026-08-02T03:38:15Z,,,,+0.75200
260802_033830,2,2026-08-02T03:38:30Z,,,,+0.79000
260802_033845,2,2026-08-02T03:38:45Z,,,,+0.76400
260802_033900,2,2026-08-02T03:39:00Z,,,,+0.78800
260802_033915,2,2026-08-02T03:39:15Z,,,,+0.79300
260802_033930,2,2026-08-02T03:39:30Z,,,,+0.76100
260802_033945,2,2026-08-02T03:39:45Z,-0.77933,-0.77933,0.9933,+0.77800
260802_034000,2,2026-08-02T03:40:00Z,,,,+0.80800
260802_034015,2,2026-08-02T03:40:15Z,,,,+0.77300
260802_034030,2,2026-08-02T03:40:30Z,,,,+0.79900
260802_034045,2,2026-08-02T03:40:45Z,,,,+0.77300
260802_034100,2,2026-08-02T03:41:00Z,,,,+0.80400
260802_034115,2,2026-08-02T03:41:15Z,,,,+0.78800
260802_034130,2,2026-08-02T03:41:30Z,,,,+0.76500
260802_034145,2,2026-08-02T03:41:45Z,,,,+0.81300
260802_034200,2,2026-08-02T03:42:00Z,,,,+0.78800
260802_034215,2,2026-08-02T03:42:15Z,-0.77933,-0.77933,0.9906,+0.81100
260802_034230,2,2026-08-02T03:42:30Z,,,,+0.80000
260802_034245,2,2026-08-02T03:42:45Z,,,,+0.76700
260802_034300,2,2026-08-02T03:43:00Z,,,,+0.81200
260802_034315,2,2026-08-02T03:43:15Z,,,,+0.81000
260802_034330,2,2026-08-02T03:43:30Z,,,,+0.81400
260802_034345,2,2026-08-02T03:43:45Z,,,,+0.79500
260802_034400,2,2026-08-02T03:44:00Z,,,,+0.77500
260802_034415,2,2026-08-02T03:44:15Z,,,,+0.81600
260802_034430,2,2026-08-02T03:44:30Z,,,,+0.79500
260802_034445,2,2026-08-02T03:44:45Z,-0.77933,-0.77933,0.9823,+0.77700
260802_034500,2,2026-08-02T03:45:00Z,,,,+0.81600
260802_034515,2,2026-08-02T03:45:15Z,,,,+0.78400
260802_034530,2,2026-08-02T03:45:30Z,,,,+0.82300
260802_034545,2,2026-08-02T03:45:45Z,,,,+0.79800
260802_034600,2,2026-08-02T03:46:00Z,,,,+0.78100
260802_034615,2,2026-08-02T03:46:15Z,,,,+0.82900
260802_034630,2,2026-08-02T03:46:30Z,,,,+0.81300
260802_034645,2,2026-08-02T03:46:45Z,,,,+0.81900
260802_034700,2,2026-08-02T03:47:00Z,,,,+0.83100
260802_034715,2,2026-08-02T03:47:15Z,-0.77933,-0.77933,0.9888,+0.78100
260802_034730,2,2026-08-02T03:47:30Z,,,,+0.78000
260802_034745,2,2026-08-02T03:47:45Z,,,,+0.79100
260802_034800,2,2026-08-02T03:48:00Z,,,,+0.77500
260802_034815,2,2026-08-02T03:48:15Z,,,,+0.78100
260802_034830,2,2026-08-02T03:48:30Z,,,,+0.79800
260802_034845,2,2026-08-02T03:48:45Z,,,,+0.79700
260802_034900,2,2026-08-02T03:49:00Z,,,,+0.79700
260802_034915,2,2026-08-02T03:49:15Z,,,,+0.80800
260802_034930,2,2026-08-02T03:49:30Z,,,,+0.80900
260802_034945,2,2026-08-02T03:49:45Z,-0.77933,-0.77933,0.9863,+0.82100
260802_035000,2,2026-08-02T03:50:00Z,,,,+0.80100
260802_035015,2,2026-08-02T03:50:15Z,,,,+0.80100
260802_035030,2,2026-08-02T03:50:30Z,,,,+0.84000
260802_035045,2,2026-08-02T03:50:45Z,,,,+0.82500
260802_035100,2,2026-08-02T03:51:00Z,,,,+0.83200
260802_035115,2,2026-08-02T03:51:15Z,,,,+0.82000
260802_035130,2,2026-08-02T03:51:30Z,,,,+0.80600
260802_035145,2,2026-08-02T03:51:45Z,,,,+0.79500
260802_035200,2,2026-08-02T03:52:00Z,,,,+0.80300
260802_035215,2,2026-08-02T03:52:15Z,-0.81933,-0.81933,0.9956,+0.81100
260802_035230,2,2026-08-02T03:52:30Z,,,,+0.82100
260802_035245,2,2026-08-02T03:52:45Z,,,,+0.82000
260802_035300,2,2026-08-02T03:53:00Z,,,,+0.79700
260802_035315,2,2026-08-02T03:53:15Z,,,,+0.83400
260802_035330,2,2026-08-02T03:53:30Z,,,,+0.82700
260802_035345,2,2026-08-02T03:53:45Z,,,,+0.80300
260802_035400,2,2026-08-02T03:54:00Z,,,,+0.81500
260802_035415,2,2026-08-02T03:54:15Z,,,,+0.82700
260802_035430,2,2026-08-02T03:54:30Z,,,,+0.81000
260802_035445,2,2026-08-02T03:54:45Z,-0.81933,-0.81933,0.9886,+0.80700
260802_035500,2,2026-08-02T03:55:00Z,,,,+0.80900
260802_035515,2,2026-08-02T03:55:15Z,,,,+0.81200
260802_035530,2,2026-08-02T03:55:30Z,,,,+0.82200
260802_035545,2,2026-08-02T03:55:45Z,,,,+0.84500
260802_035600,2,2026-08-02T03:56:00Z,,,,+0.84700
260802_035615,2,2026-08-02T03:56:15Z,,,,+0.85800
260802_035630,2,2026-08-02T03:56:30Z,,,,+0.82100
260802_035645,2,2026-08-02T03:56:45Z,,,,+0.83600
260802_035700,2,2026-08-02T03:57:00Z,,,,+0.84200
260802_035715,2,2026-08-02T03:57:15Z,-0.81933,-0.81933,0.9971,+0.84100
260802_035730,2,2026-08-02T03:57:30Z,,,,+0.85200
260802_035745,2,2026-08-02T03:57:45Z,,,,+0.85600
260802_035800,2,2026-08-02T03:58:00Z,,,,+0.85600
260802_035815,2,2026-08-02T03:58:15Z,,,,+0.84500
260802_035830,2,2026-08-02T03:58:30Z,,,,+0.83400
260802_035845,2,2026-08-02T03:58:45Z,,,,+0.82000
260802_035900,2,2026-08-02T03:59:00Z,,,,+0.81200
260802_035915,2,2026-08-02T03:59:15Z,,,,+0.81300
260802_035930,2,2026-08-02T03:59:30Z,,,,+0.80900
260802_035945,2,2026-08-02T03:59:45Z,-0.81933,-0.81933,0.9922,+0.80700
260802_040000,2,2026-08-02T04:00:00Z,,,,+0.86400
260802_040015,2,2026-08-02T04:00:15Z,,,,+0.84900
260802_040030,2,2026-08-02T04:00:30Z,,,,+0.83200
260802_040045,2,2026-08-02T04:00:45Z,,,,+0.82700
260802_040100,2,2026-08-02T04:01:00Z,,,,+0.82700
260802_040115,2,2026-08-02T04:01:15Z,,,,+0.82100
260802_040130,2,2026-08-02T04:01:30Z,,,,+0.82800
260802_040145,2,2026-08-02T04:01:45Z,,,,+0.82000
260802_040200,2,2026-08-02T04:02:00Z,,,,+0.82200
260802_040215,2,2026-08-02T04:02:15Z,-0.81933,-0.81933,0.9964,+0.82300
260802_040230,2,2026-08-02T04:02:30Z,,,,+0.82100
260802_040245,2,2026-08-02T04:02:45Z,,,,+0.82300
260802_040300,2,2026-08-02T04:03:00Z,,,,+0.82500
260802_040315,2,2026-08-02T04:03:15Z,,,,+0.87000
260802_040330,2,2026-08-02T04:03:30Z,,,,+0.87300
260802_040345,2,2026-08-02T04:03:45Z,,,,+0.85700
260802_040400,2,2026-08-02T04:04:00Z,,,,+0.84700
260802_040415,2,2026-08-02T04:04:15Z,,,,+0.84700
260802_040430,2,2026-08-02T04:04:30Z,,,,+0.83900
260802_040445,2,2026-08-02T04:04:45Z,-0.85933,-0.85933,0.9919,+0.84400
260802_040500,2,2026-08-02T04:05:00Z,,,,+0.84900
260802_040515,2,2026-08-02T04:05:15Z,,,,+0.86300
260802_040530,2,2026-08-02T04:05:30Z,,,,+0.86200
260802_040545,2,2026-08-02T04:05:45Z,,,,+0.85600
260802_040600,2,2026-08-02T04:06:00Z,,,,+0.85300
260802_040615,2,2026-08-02T04:06:15Z,,,,+0.85200
260802_040630,2,2026-08-02T04:06:30Z,,,,+0.86900
260802_040645,2,2026-08-02T04:06:45Z,,,,+0.89000
260802_040700,2,2026-08-02T04:07:00Z,,,,+0.83300
260802_040715,2,2026-08-02T04:07:15Z,-0.85933,-0.85933,0.9981,+0.84200
260802_040730,2,2026-08-02T04:07:30Z,,,,+0.84900
260802_040745,2,2026-08-02T04:07:45Z,,,,+0.86000
260802_040800,2,2026-08-02T04:08:00Z,,,,+0.89200
260802_040815,2,2026-08-02T04:08:15Z,,,,+0.83500
260802_040830,2,2026-08-02T04:08:30Z,,,,+0.86000
260802_040845,2,2026-08-02T04:08:45Z,,,,+0.86600
260802_040900,2,2026-08-02T04:09:00Z,,,,+0.85500
260802_040915,2,2026-08-02T04:09:15Z,,,,+0.88700
260802_040930,2,2026-08-02T04:09:30Z,,,,+0.85300
260802_040945,2,2026-08-02T04:09:45Z,-0.85933,-0.85933,0.9951,+0.89100
260802_041000,2,2026-08-02T04:10:00Z,,,,+0.86400
260802_041015,2,2026-08-02T04:10:15Z,,,,+0.83700
260802_041030,2,2026-08-02T04:10:30Z,,,,+0.88800
260802_041045,2,2026-08-02T04:10:45Z,,,,+0.86000
260802_041100,2,2026-08-02T04:11:00Z,,,,+0.88900
260802_041115,2,2026-08-02T04:11:15Z,,,,+0.85400
260802_041130,2,2026-08-02T04:11:30Z,,,,+0.87500
260802_041145,2,2026-08-02T04:11:45Z,,,,+0.89100
260802_041200,2,2026-08-02T04:12:00Z,,,,+0.86000
260802_041215,2,2026-08-02T04:12:15Z,-0.85933,-0.85933,0.9910,+0.88800
260802_041230,2,2026-08-02T04:12:30Z,,,,+0.85500
260802_041245,2,2026-08-02T04:12:45Z,,,,+0.89200
260802_041300,2,2026-08-02T04:13:00Z,,,,+0.86500
260802_041315,2,2026-08-02T04:13:15Z,,,,+0.85100
260802_041330,2,2026-08-02T04:13:30Z,,,,+0.89200
260802_041345,2,2026-08-02T04:13:45Z,,,,+0.87000
260802_041400,2,2026-08-02T04:14:00Z,,,,+0.89200
260802_041415,2,2026-08-02T04:14:15Z,,,,+0.86200
260802_041430,2,2026-08-02T04:14:30Z,,,,+0.90300
260802_041445,2,2026-08-02T04:14:45Z,-0.85933,-0.85933,0.9968,+0.87200
260802_041500,2,2026-08-02T04:15:00Z,,,,+0.90800
260802_041515,2,2026-08-02T04:15:15Z,,,,+0.87400
260802_041530,2,2026-08-02T04:15:30Z,,,,+0.85300
260802_041545,2,2026-08-02T04:15:45Z,,,,+0.86900
260802_041600,2,2026-08-02T04:16:00Z,,,,+0.90100
260802_041615,2,2026-08-02T04:16:15Z,,,,+0.87400
260802_041630,2,2026-08-02T04:16:30Z,,,,+0.86400
260802_041645,2,2026-08-02T04:16:45Z,,,,+0.89000
260802_041700,2,2026-08-02T04:17:00Z,,,,+0.88000
260802_041715,2,2026-08-02T04:17:15Z,-0.85933,-0.85933,0.9855,+0.91000
260802_041730,2,2026-08-02T04:17:30Z,,,,+0.89100
260802_041745,2,2026-08-02T04:17:45Z,,,,+0.88800
260802_041800,2,2026-08-02T04:18:00Z,,,,+0.88600
260802_041815,2,2026-08-02T04:18:15Z,,,,+0.88600
260802_041830,2,2026-08-02T04:18:30Z,,,,+0.87400
260802_041845,2,2026-08-02T04:18:45Z,,,,+0.92000
260802_041900,2,2026-08-02T04:19:00Z,,,,+0.90600
260802_041915,2,2026-08-02T04:19:15Z,,,,+0.89900
260802_041930,2,2026-08-02T04:19:30Z,,,,+0.88900
260802_041945,2,2026-08-02T04:19:45Z,-0.89933,-0.89933,0.9911,+0.88800
260802_042000,2,2026-08-02T04:20:00Z,,,,+0.89700
260802_042015,2,2026-08-02T04:20:15Z,,,,+0.90700
260802_042030,2,2026-08-02T04:20:30Z,,,,+0.90800
260802_042045,2,2026-08-02T04:20:45Z,,,,+0.92900
260802_042100,2,2026-08-02T04:21:00Z,,,,+0.88800
260802_042115,2,2026-08-02T04:21:15Z,,,,+0.89100
260802_042130,2,2026-08-02T04:21:30Z,,,,+0.88100
260802_042145,2,2026-08-02T04:21:45Z,,,,+0.87400
260802_042200,2,2026-08-02T04:22:00Z,,,,+0.87100
260802_042215,2,2026-08-02T04:22:15Z,-0.89933,-0.89933,0.9900,+0.92300
260802_042230,2,2026-08-02T04:22:30Z,,,,+0.92200
260802_042245,2,2026-08-02T04:22:45Z,,,,+0.90400
260802_042300,2,2026-08-02T04:23:00Z,,,,+0.88400
260802_042315,2,2026-08-02T04:23:15Z,,,,+0.88200
260802_042330,2,2026-08-02T04:23:30Z,,,,+0.93400
260802_042345,2,2026-08-02T04:23:45Z,,,,+0.88900
260802_042400,2,2026-08-02T04:24:00Z,,,,+0.89100
260802_042415,2,2026-08-02T04:24:15Z,,,,+0.89500
260802_042430,2,2026-08-02T04:24:30Z,,,,+0.90500
260802_042445,2,2026-08-02T04:24:45Z,-0.89933,-0.89933,0.9895,+0.91700
260802_042500,2,2026-08-02T04:25:00Z,,,,+0.90900
260802_042515,2,2026-08-02T04:25:15Z,,,,+0.90400
260802_042530,2,2026-08-02T04:25:30Z,,,,+0.89400
260802_042545,2,2026-08-02T04:25:45Z,,,,+0.92400
260802_042600,2,2026-08-02T04:26:00Z,,,,+0.89400
260802_042615,2,2026-08-02T04:26:15Z,,,,+0.91400
260802_042630,2,2026-08-02T04:26:30Z,,,,+0.93900
260802_042645,2,2026-08-02T04:26:45Z,,,,+0.90900
260802_042700,2,2026-08-02T04:27:00Z,,,,+0.88600
260802_042715,2,2026-08-02T04:27:15Z,-0.89933,-0.89933,0.9898,+0.93400
260802_042730,2,2026-08-02T04:27:30Z,,,,+0.91100
260802_042745,2,2026-08-02T04:27:45Z,,,,+0.94400
260802_042800,2,2026-08-02T04:28:00Z,,,,+0.90800
260802_042815,2,2026-08-02T04:28:15Z,,,,+0.89600
260802_042830,2,2026-08-02T04:28:30Z,,,,+0.94900
260802_042845,2,2026-08-02T04:28:45Z,,,,+0.89200
260802_042900,2,2026-08-02T04:29:00Z,,,,+0.94900
260802_042915,2,2026-08-02T04:29:15Z,,,,+0.89200
260802_042930,2,2026-08-02T04:29:30Z,,,,+0.92900
260802_042945,2,2026-08-02T04:29:45Z,-0.89933,-0.89933,0.9937,+0.92600
260802_043000,2,2026-08-02T04:30:00Z,,,,+0.90900
260802_043015,2,2026-08-02T04:30:15Z,,,,+0.94600
260802_043030,2,2026-08-02T04:30:30Z,,,,+0.93400
260802_043045,2,2026-08-02T04:30:45Z,,,,+0.92500
260802_043100,2,2026-08-02T04:31:00Z,,,,+0.92900
260802_043115,2,2026-08-02T04:31:15Z,,,,+0.92500
260802_043130,2,2026-08-02T04:31:30Z,,,,+0.90700
260802_043145,2,2026-08-02T04:31:45Z,,,,+0.94700
260802_043200,2,2026-08-02T04:32:00Z,,,,+0.90600
260802_043215,2,2026-08-02T04:32:15Z,-0.89933,-0.89933,0.9828,+0.92600
260802_043230,2,2026-08-02T04:32:30Z,,,,+0.90300
260802_043245,2,2026-08-02T04:32:45Z,,,,+0.93800
260802_043300,2,2026-08-02T04:33:00Z,,,,+0.94500
260802_043315,2,2026-08-02T04:33:15Z,,,,+0.91100
260802_043330,2,2026-08-02T04:33:30Z,,,,+0.93200
260802_043345,2,2026-08-02T04:33:45Z,,,,+0.94300
260802_043400,2,2026-08-02T04:34:00Z,,,,+0.95700
260802_043415,2,2026-08-02T04:34:15Z,,,,+0.91700
260802_043430,2,2026-08-02T04:34:30Z,,,,+0.93300
260802_043445,2,2026-08-02T04:34:45Z,-0.93933,-0.93933,0.9891,+0.96200
260802_043500,2,2026-08-02T04:35:00Z,,,,+0.96100
260802_043515,2,2026-08-02T04:35:15Z,,,,+0.96900
260802_043530,2,2026-08-02T04:35:30Z,,,,+0.91500
260802_043545,2,2026-08-02T04:35:45Z,,,,+0.94700
260802_043600,2,2026-08-02T04:36:00Z,,,,+0.91800
260802_043615,2,2026-08-02T04:36:15Z,,,,+0.95600
260802_043630,2,2026-08-02T04:36:30Z,,,,+0.96700
260802_043645,2,2026-08-02T04:36:45Z,,,,+0.95800
260802_043700,2,2026-08-02T04:37:00Z,,,,+0.96900
260802_043715,2,2026-08-02T04:37:15Z,-0.92933,-0.92933,0.9850,+0.97100
260802_043730,2,2026-08-02T04:37:30Z,,,,+0.95700
260802_043745,2,2026-08-02T04:37:45Z,,,,+0.94000
260802_043800,2,2026-08-02T04:38:00Z,,,,+0.94500
260802_043815,2,2026-08-02T04:38:15Z,,,,+0.94300
260802_043830,2,2026-08-02T04:38:30Z,,,,+0.94400
260802_043845,2,2026-08-02T04:38:45Z,,,,+0.93400
260802_043900,2,2026-08-02T04:39:00Z,,,,+0.98000
260802_043915,2,2026-08-02T04:39:15Z,,,,+0.92200
260802_043930,2,2026-08-02T04:39:30Z,,,,+0.93000
260802_043945,2,2026-08-02T04:39:45Z,-0.92933,-0.92933,0.9862,+0.92000
260802_044000,2,2026-08-02T04:40:00Z,,,,+0.97700
260802_044015,2,2026-08-02T04:40:15Z,,,,+0.97900
260802_044030,2,2026-08-02T04:40:30Z,,,,+0.93300
260802_044045,2,2026-08-02T04:40:45Z,,,,+0.97300
260802_044100,2,2026-08-02T04:41:00Z,,,,+0.95800
260802_044115,2,2026-08-02T04:41:15Z,,,,+0.92400
260802_044130,2,2026-08-02T04:41:30Z,,,,+0.95900
260802_044145,2,2026-08-02T04:41:45Z,,,,+0.94400
260802_044200,2,2026-08-02T04:42:00Z,,,,+0.94800
260802_044215,2,2026-08-02T04:42:15Z,-0.92933,-0.92933,0.9907,+0.95300
260802_044230,2,2026-08-02T04:42:30Z,,,,+0.98000
260802_044245,2,2026-08-02T04:42:45Z,,,,+0.95900
260802_044300,2,2026-08-02T04:43:00Z,,,,+0.93500
260802_044315,2,2026-08-02T04:43:15Z,,,,+0.97100
260802_044330,2,2026-08-02T04:43:30Z,,,,+0.94500
260802_044345,2,2026-08-02T04:43:45Z,,,,+0.97900
260802_044400,2,2026-08-02T04:44:00Z,,,,+0.94100
260802_044415,2,2026-08-02T04:44:15Z,,,,+0.99400
260802_044430,2,2026-08-02T04:44:30Z,,,,+0.96900
260802_044445,2,2026-08-02T04:44:45Z,-0.96933,-0.96933,0.9857,+0.95500
260802_044500,2,2026-08-02T04:45:00Z,,,,+0.93900
260802_044515,2,2026-08-02T04:45:15Z,,,,+0.99200
260802_044530,2,2026-08-02T04:45:30Z,,,,+0.98400
260802_044545,2,2026-08-02T04:45:45Z,,,,+0.98900
260802_044600,2,2026-08-02T04:46:00Z,,,,+0.98900
260802_044615,2,2026-08-02T04:46:15Z,,,,+0.98000
260802_044630,2,2026-08-02T04:46:30Z,,,,+0.99400
260802_044645,2,2026-08-02T04:46:45Z,,,,+0.98800
260802_044700,2,2026-08-02T04:47:00Z,,,,+0.97200
260802_044715,2,2026-08-02T04:47:15Z,-0.96933,-0.96933,0.9680,+0.97200
260802_044730,2,2026-08-02T04:47:30Z,,,,+0.98000
260802_044745,2,2026-08-02T04:47:45Z,,,,+0.99500
260802_044800,2,2026-08-02T04:48:00Z,,,,+0.98000
260802_044815,2,2026-08-02T04:48:15Z,,,,+0.98200
260802_044830,2,2026-08-02T04:48:30Z,,,,+0.98100
260802_044845,2,2026-08-02T04:48:45Z,,,,+0.97700
260802_044900,2,2026-08-02T04:49:00Z,,,,+0.96200
260802_044915,2,2026-08-02T04:49:15Z,,,,+0.95600
260802_044930,2,2026-08-02T04:49:30Z,,,,+0.99900
260802_044946,2,2026-08-02T04:49:46Z,-0.96933,-0.96933,0.9736,+1.00600
260802_045000,2,2026-08-02T04:50:00Z,,,,+0.99500
260802_045015,2,2026-08-02T04:50:15Z,,,,+0.99000
260802_045030,2,2026-08-02T04:50:30Z,,,,+0.99700
260802_045046,2,2026-08-02T04:50:46Z,,,,+1.00600
260802_045101,2,2026-08-02T04:51:01Z,,,,+1.01100
260802_045116,2,2026-08-02T04:51:16Z,,,,+1.01300
260802_045130,2,2026-08-02T04:51:30Z,,,,+0.95700
260802_045146,2,2026-08-02T04:51:46Z,,,,+1.01700
260802_045201,2,2026-08-02T04:52:01Z,,,,+1.00800
260802_045216,2,2026-08-02T04:52:16Z,-0.96933,-0.96933,0.9773,+1.01800
260802_045231,2,2026-08-02T04:52:31Z,,,,+1.00900
260802_045245,2,2026-08-02T04:52:45Z,,,,+0.99100
260802_045300,2,2026-08-02T04:53:00Z,,,,+0.98200
260802_045315,2,2026-08-02T04:53:15Z,,,,+0.96700
260802_045330,2,2026-08-02T04:53:30Z,,,,+0.97700
260802_045345,2,2026-08-02T04:53:45Z,,,,+0.97100
260802_045400,2,2026-08-02T04:54:00Z,,,,+0.96900
260802_045416,2,2026-08-02T04:54:16Z,,,,+1.02000
260802_045430,2,2026-08-02T04:54:30Z,,,,+0.96800
260802_045446,2,2026-08-02T04:54:46Z,-0.96933,-0.96932,0.9858,+1.02000
260802_045501,2,2026-08-02T04:55:01Z,,,,+1.02300
260802_045516,2,2026-08-02T04:55:16Z,,,,+1.02600
260802_045530,2,2026-08-02T04:55:30Z,,,,+0.96600
260802_045546,2,2026-08-02T04:55:46Z,,,,+1.01300
260802_045601,2,2026-08-02T04:56:01Z,,,,+1.01900
260802_045615,2,2026-08-02T04:56:15Z,,,,+0.97100
260802_045630,2,2026-08-02T04:56:30Z,,,,+0.97500
260802_045645,2,2026-08-02T04:56:45Z,,,,+0.99000
260802_045700,2,2026-08-02T04:57:00Z,,,,+0.99200
260802_045715,2,2026-08-02T04:57:15Z,-0.96933,-0.96933,0.9823,+0.99400
260802_045731,2,2026-08-02T04:57:31Z,,,,+1.00900
260802_045746,2,2026-08-02T04:57:46Z,,,,+1.02500
260802_045801,2,2026-08-02T04:58:01Z,,,,+1.02300
260802_045816,2,2026-08-02T04:58:16Z,,,,+1.02000
260802_045831,2,2026-08-02T04:58:31Z,,,,+1.02100
260802_045845,2,2026-08-02T04:58:45Z,,,,+0.97400
260802_045901,2,2026-08-02T04:59:01Z,,,,+1.00300
260802_045916,2,2026-08-02T04:59:16Z,,,,+1.01800
260802_045931,2,2026-08-02T04:59:31Z,,,,+1.01200
260802_045946,2,2026-08-02T04:59:46Z,-1.00933,-1.00933,0.9730,+1.02200
260802_050000,2,2026-08-02T05:00:00Z,,,,+0.97900
260802_050015,2,2026-08-02T05:00:15Z,,,,+0.98400
260802_050031,2,2026-08-02T05:00:31Z,,,,+1.04100
260802_050046,2,2026-08-02T05:00:46Z,,,,+1.04100
260802_050100,2,2026-08-02T05:01:00Z,,,,+0.98700
260802_050115,2,2026-08-02T05:01:15Z,,,,+0.99900
260802_050131,2,2026-08-02T05:01:31Z,,,,+1.03200
260802_050145,2,2026-08-02T05:01:45Z,,,,+0.99700
260802_050201,2,2026-08-02T05:02:01Z,,,,+1.00900
260802_050216,2,2026-08-02T05:02:16Z,-1.00933,-1.00933,0.9913,+1.03600
260802_050231,2,2026-08-02T05:02:31Z,,,,+1.01000
260802_050246,2,2026-08-02T05:02:46Z,,,,+1.04300
260802_050301,2,2026-08-02T05:03:01Z,,,,+1.01800
260802_050315,2,2026-08-02T05:03:15Z,,,,+0.99900
260802_050331,2,2026-08-02T05:03:31Z,,,,+1.02500
260802_050345,2,2026-08-02T05:03:45Z,,,,+0.99600
260802_050401,2,2026-08-02T05:04:01Z,,,,+1.02700
260802_050415,2,2026-08-02T05:04:15Z,,,,+0.99700
260802_050430,2,2026-08-02T05:04:30Z,,,,+0.99200
260802_050446,2,2026-08-02T05:04:46Z,-1.00933,-1.00933,0.9938,+1.01800
260802_050501,2,2026-08-02T05:05:01Z,,,,+1.04000
260802_050516,2,2026-08-02T05:05:16Z,,,,+1.03300
260802_050530,2,2026-08-02T05:05:30Z,,,,+0.99400
260802_050546,2,2026-08-02T05:05:46Z,,,,+1.05600
260802_050601,2,2026-08-02T05:06:01Z,,,,+1.02900
260802_050616,2,2026-08-02T05:06:16Z,,,,+1.01700
260802_050631,2,2026-08-02T05:06:31Z,,,,+1.00500
260802_050645,2,2026-08-02T05:06:45Z,,,,+0.99900
260802_050701,2,2026-08-02T05:07:01Z,,,,+1.00300
260802_050716,2,2026-08-02T05:07:16Z,-1.00933,-1.00933,0.9913,+1.05900
260802_050731,2,2026-08-02T05:07:31Z,,,,+1.06000
260802_050746,2,2026-08-02T05:07:46Z,,,,+1.00000
260802_050801,2,2026-08-02T05:08:01Z,,,,+1.06000
260802_050816,2,2026-08-02T05:08:16Z,,,,+1.04300
260802_050831,2,2026-08-02T05:08:31Z,,,,+1.03700
260802_050846,2,2026-08-02T05:08:46Z,,,,+1.04200
260802_050901,2,2026-08-02T05:09:01Z,,,,+1.03000
260802_050916,2,2026-08-02T05:09:16Z,,,,+1.06000
260802_050931,2,2026-08-02T05:09:31Z,,,,+1.00700
260802_050946,2,2026-08-02T05:09:46Z,-1.00933,-1.00933,0.9839,+1.02000
260802_051001,2,2026-08-02T05:10:01Z,,,,+1.03700
260802_051016,2,2026-08-02T05:10:16Z,,,,+1.03900
260802_051031,2,2026-08-02T05:10:31Z,,,,+1.05100
260802_051046,2,2026-08-02T05:10:46Z,,,,+1.06400
260802_051101,2,2026-08-02T05:11:01Z,,,,+1.06600
260802_051116,2,2026-08-02T05:11:16Z,,,,+1.01600
260802_051131,2,2026-08-02T05:11:31Z,,,,+1.02300
260802_051146,2,2026-08-02T05:11:46Z,,,,+1.03800
260802_051201,2,2026-08-02T05:12:01Z,,,,+1.03500
260802_051216,2,2026-08-02T05:12:16Z,-1.04933,-1.04933,0.9828,+1.03000
260802_051231,2,2026-08-02T05:12:31Z,,,,+1.02600
260802_051246,2,2026-08-02T05:12:46Z,,,,+1.04100
260802_051301,2,2026-08-02T05:13:01Z,,,,+1.02600
260802_051316,2,2026-08-02T05:13:16Z,,,,+1.03500
260802_051331,2,2026-08-02T05:13:31Z,,,,+1.05000
260802_051346,2,2026-08-02T05:13:46Z,,,,+1.05500
260802_051401,2,2026-08-02T05:14:01Z,,,,+1.07000
260802_051416,2,2026-08-02T05:14:16Z,,,,+1.04700
260802_051431,2,2026-08-02T05:14:31Z,,,,+1.02800
260802_051446,2,2026-08-02T05:14:46Z,-1.04933,-1.04933,0.9864,+1.07100
260802_051501,2,2026-08-02T05:15:01Z,,,,+1.07700
260802_051516,2,2026-08-02T05:15:16Z,,,,+1.02200
260802_051531,2,2026-08-02T05:15:31Z,,,,+1.04600
260802_051546,2,2026-08-02T05:15:46Z,,,,+1.05600
260802_051601,2,2026-08-02T05:16:01Z,,,,+1.06200
260802_051616,2,2026-08-02T05:16:16Z,,,,+1.07600
260802_051631,2,2026-08-02T05:16:31Z,,,,+1.05900
260802_051646,2,2026-08-02T05:16:46Z,,,,+1.05300
260802_051701,2,2026-08-02T05:17:01Z,,,,+1.04200
260802_051716,2,2026-08-02T05:17:16Z,-1.04933,-1.04933,0.9783,+1.08400
260802_051731,2,2026-08-02T05:17:31Z,,,,+1.07600
260802_051746,2,2026-08-02T05:17:46Z,,,,+1.07400
260802_051801,2,2026-08-02T05:18:01Z,,,,+1.07000
260802_051816,2,2026-08-02T05:18:16Z,,,,+1.07100
260802_051831,2,2026-08-02T05:18:31Z,,,,+1.07600
260802_051846,2,2026-08-02T05:18:46Z,,,,+1.06600
260802_051901,2,2026-08-02T05:19:01Z,,,,+1.05800
260802_051916,2,2026-08-02T05:19:16Z,,,,+1.05200
260802_051931,2,2026-08-02T05:19:31Z,,,,+1.05600
260802_051946,2,2026-08-02T05:19:46Z,-1.04933,-1.04933,0.9796,+1.05400
260802_052001,2,2026-08-02T05:20:01Z,,,,+1.05800
260802_052016,2,2026-08-02T05:20:16Z,,,,+1.04400
260802_052031,2,2026-08-02T05:20:31Z,,,,+1.07700
260802_052046,2,2026-08-02T05:20:46Z,,,,+1.03800
260802_052101,2,2026-08-02T05:21:01Z,,,,+1.08300
260802_052116,2,2026-08-02T05:21:16Z,,,,+1.05200
260802_052131,2,2026-08-02T05:21:31Z,,,,+1.04700
260802_052146,2,2026-08-02T05:21:46Z,,,,+1.07600
260802_052201,2,2026-08-02T05:22:01Z,,,,+1.05900
260802_052216,2,2026-08-02T05:22:16Z,-1.04933,-1.04933,0.9900,+1.05300
260802_052231,2,2026-08-02T05:22:31Z,,,,+1.09700
260802_052246,2,2026-08-02T05:22:46Z,,,,+1.06200
260802_052301,2,2026-08-02T05:23:01Z,,,,+1.04600
260802_052316,2,2026-08-02T05:23:16Z,,,,+1.09400
260802_052331,2,2026-08-02T05:23:31Z,,,,+1.09700
260802_052346,2,2026-08-02T05:23:46Z,,,,+1.09700
260802_052401,2,2026-08-02T05:24:01Z,,,,+1.08700
260802_052416,2,2026-08-02T05:24:16Z,,,,+1.08700
260802_052431,2,2026-08-02T05:24:31Z,,,,+1.10000
260802_052446,2,2026-08-02T05:24:46Z,-1.04933,-1.04933,0.9744,+1.10100
260802_052501,2,2026-08-02T05:25:01Z,,,,+1.05300
260802_052516,2,2026-08-02T05:25:16Z,,,,+1.06300
260802_052531,2,2026-08-02T05:25:31Z,,,,+1.08900
260802_052546,2,2026-08-02T05:25:46Z,,,,+1.06700
260802_052601,2,2026-08-02T05:26:01Z,,,,+1.11100
260802_052616,2,2026-08-02T05:26:16Z,,,,+1.05100
260802_052631,2,2026-08-02T05:26:31Z,,,,+1.10100
260802_052646,2,2026-08-02T05:26:46Z,,,,+1.07100
260802_052701,2,2026-08-02T05:27:01Z,,,,+1.09400
260802_052716,2,2026-08-02T05:27:16Z,-1.05933,-1.05933,0.9865,+1.07900
260802_052731,2,2026-08-02T05:27:31Z,,,,+1.05500
260802_052746,2,2026-08-02T05:27:46Z,,,,+1.09400
260802_052801,2,2026-08-02T05:28:01Z,,,,+1.08500
260802_052816,2,2026-08-02T05:28:16Z,,,,+1.11400
260802_052831,2,2026-08-02T05:28:31Z,,,,+1.06900
260802_052846,2,2026-08-02T05:28:46Z,,,,+1.11800
260802_052901,2,2026-08-02T05:29:01Z,,,,+1.08500
260802_052916,2,2026-08-02T05:29:16Z,,,,+1.06000
260802_052931,2,2026-08-02T05:29:31Z,,,,+1.08200
260802_052946,2,2026-08-02T05:29:46Z,-1.09933,-1.09933,0.9832,+1.06800
260802_053001,2,2026-08-02T05:30:01Z,,,,+1.11900
260802_053016,2,2026-08-02T05:30:16Z,,,,+1.10300
260802_053031,2,2026-08-02T05:30:31Z,,,,+1.07100
260802_053046,2,2026-08-02T05:30:46Z,,,,+1.11000
260802_053101,2,2026-08-02T05:31:01Z,,,,+1.07600
260802_053116,2,2026-08-02T05:31:16Z,,,,+1.08200
260802_053131,2,2026-08-02T05:31:31Z,,,,+1.06600
260802_053146,2,2026-08-02T05:31:46Z,,,,+1.10800
260802_053201,2,2026-08-02T05:32:01Z,,,,+1.10200
260802_053216,2,2026-08-02T05:32:16Z,-1.09933,-1.09933,0.9812,+1.08300
260802_053231,2,2026-08-02T05:32:31Z,,,,+1.07500
260802_053246,2,2026-08-02T05:32:46Z,,,,+1.07900
260802_053301,2,2026-08-02T05:33:01Z,,,,+1.06900
260802_053316,2,2026-08-02T05:33:16Z,,,,+1.08200
260802_053331,2,2026-08-02T05:33:31Z,,,,+1.07800
260802_053346,2,2026-08-02T05:33:46Z,,,,+1.08100
260802_053401,2,2026-08-02T05:34:01Z,,,,+1.08500
260802_053416,2,2026-08-02T05:34:16Z,,,,+1.08600
260802_053431,2,2026-08-02T05:34:31Z,,,,+1.07700
260802_053446,2,2026-08-02T05:34:46Z,-1.09933,-1.09933,0.9763,+1.12600
260802_053501,2,2026-08-02T05:35:01Z,,,,+1.11300
260802_053516,2,2026-08-02T05:35:16Z,,,,+1.12300
260802_053531,2,2026-08-02T05:35:31Z,,,,+1.12500
260802_053546,2,2026-08-02T05:35:46Z,,,,+1.12300
260802_053601,2,2026-08-02T05:36:01Z,,,,+1.08400
260802_053616,2,2026-08-02T05:36:16Z,,,,+1.08300
260802_053631,2,2026-08-02T05:36:31Z,,,,+1.09900
260802_053646,2,2026-08-02T05:36:46Z,,,,+1.09500
260802_053701,2,2026-08-02T05:37:01Z,,,,+1.11600
260802_053716,2,2026-08-02T05:37:16Z,-1.09933,-1.09933,0.9520,+1.12400
260802_053731,2,2026-08-02T05:37:31Z,,,,+1.13600
260802_053746,2,2026-08-02T05:37:46Z,,,,+1.14500
260802_053801,2,2026-08-02T05:38:01Z,,,,+1.08700
260802_053816,2,2026-08-02T05:38:16Z,,,,+1.13300
260802_053831,2,2026-08-02T05:38:31Z,,,,+1.08700
260802_053846,2,2026-08-02T05:38:46Z,,,,+1.14200
260802_053901,2,2026-08-02T05:39:01Z,,,,+1.09300
260802_053916,2,2026-08-02T05:39:16Z,,,,+1.10600
260802_053931,2,2026-08-02T05:39:31Z,,,,+1.09600
260802_053946,2,2026-08-02T05:39:46Z,-1.09933,-1.09933,0.9889,+1.10700
260802_054001,2,2026-08-02T05:40:01Z,,,,+1.12600
260802_054016,2,2026-08-02T05:40:16Z,,,,+1.14900
260802_054031,2,2026-08-02T05:40:31Z,,,,+1.09600
260802_054046,2,2026-08-02T05:40:46Z,,,,+1.10300
260802_054101,2,2026-08-02T05:41:01Z,,,,+1.11100
260802_054116,2,2026-08-02T05:41:16Z,,,,+1.14700
260802_054131,2,2026-08-02T05:41:31Z,,,,+1.14600
260802_054146,2,2026-08-02T05:41:46Z,,,,+1.15400
260802_054201,2,2026-08-02T05:42:01Z,,,,+1.14800
260802_054216,2,2026-08-02T05:42:16Z,-1.09933,-1.09933,0.9669,+1.12200
260802_054231,2,2026-08-02T05:42:31Z,,,,+1.12600
260802_054246,2,2026-08-02T05:42:46Z,,,,+1.10800
260802_054301,2,2026-08-02T05:43:01Z,,,,+1.12700
260802_054316,2,2026-08-02T05:43:16Z,,,,+1.12500
260802_054331,2,2026-08-02T05:43:31Z,,,,+1.12100
260802_054346,2,2026-08-02T05:43:46Z,,,,+1.11700
260802_054401,2,2026-08-02T05:44:01Z,,,,+1.16200
260802_054416,2,2026-08-02T05:44:16Z,,,,+1.15300
260802_054431,2,2026-08-02T05:44:31Z,,,,+1.15500
260802_054446,2,2026-08-02T05:44:46Z,-1.13933,-1.13933,0.9562,+1.16100
260802_054501,2,2026-08-02T05:45:01Z,,,,+1.16200
260802_054516,2,2026-08-02T05:45:16Z,,,,+1.15600
260802_054531,2,2026-08-02T05:45:31Z,,,,+1.14100
260802_054546,2,2026-08-02T05:45:46Z,,,,+1.15300
260802_054601,2,2026-08-02T05:46:01Z,,,,+1.13600
260802_054616,2,2026-08-02T05:46:16Z,,,,+1.14900
260802_054631,2,2026-08-02T05:46:31Z,,,,+1.15500
260802_054646,2,2026-08-02T05:46:46Z,,,,+1.16200
260802_054701,2,2026-08-02T05:47:01Z,,,,+1.11800
260802_054716,2,2026-08-02T05:47:16Z,-1.13933,-1.13933,0.9674,+1.12600
260802_054731,2,2026-08-02T05:47:31Z,,,,+1.12000
260802_054746,2,2026-08-02T05:47:46Z,,,,+1.12000
260802_054801,2,2026-08-02T05:48:01Z,,,,+1.14600
260802_054816,2,2026-08-02T05:48:16Z,,,,+1.12700
260802_054831,2,2026-08-02T05:48:31Z,,,,+1.14400
260802_054846,2,2026-08-02T05:48:46Z,,,,+1.12300
260802_054901,2,2026-08-02T05:49:01Z,,,,+1.16100
260802_054916,2,2026-08-02T05:49:16Z,,,,+1.15400
260802_054931,2,2026-08-02T05:49:31Z,,,,+1.15300
260802_054946,2,2026-08-02T05:49:46Z,-1.13933,-1.13933,0.9968,+1.15900
260802_055001,2,2026-08-02T05:50:01Z,,,,+1.14700
260802_055016,2,2026-08-02T05:50:16Z,,,,+1.14200
260802_055031,2,2026-08-02T05:50:31Z,,,,+1.13500
260802_055046,2,2026-08-02T05:50:46Z,,,,+1.12400
260802_055101,2,2026-08-02T05:51:01Z,,,,+1.13100
260802_055116,2,2026-08-02T05:51:16Z,,,,+1.12700
260802_055131,2,2026-08-02T05:51:31Z,,,,+1.12400
260802_055146,2,2026-08-02T05:51:46Z,,,,+1.16900
260802_055201,2,2026-08-02T05:52:01Z,,,,+1.14700
260802_055216,2,2026-08-02T05:52:16Z,-1.13933,-1.13933,0.9839,+1.14600
260802_055231,2,2026-08-02T05:52:31Z,,,,+1.13900
260802_055246,2,2026-08-02T05:52:46Z,,,,+1.13800
260802_055301,2,2026-08-02T05:53:01Z,,,,+1.13700
260802_055316,2,2026-08-02T05:53:16Z,,,,+1.13500
260802_055331,2,2026-08-02T05:53:31Z,,,,+1.19000
260802_055346,2,2026-08-02T05:53:46Z,,,,+1.19100
260802_055401,2,2026-08-02T05:54:01Z,,,,+1.19300
260802_055416,2,2026-08-02T05:54:16Z,,,,+1.13200
260802_055431,2,2026-08-02T05:54:31Z,,,,+1.13400
260802_055446,2,2026-08-02T05:54:46Z,-1.13933,-1.13933,0.9825,+1.13600
260802_055501,2,2026-08-02T05:55:01Z,,,,+1.18300
260802_055516,2,2026-08-02T05:55:16Z,,,,+1.18500
260802_055531,2,2026-08-02T05:55:31Z,,,,+1.18600
260802_055546,2,2026-08-02T05:55:46Z,,,,+1.17700
260802_055601,2,2026-08-02T05:56:01Z,,,,+1.18000
260802_055616,2,2026-08-02T05:56:16Z,,,,+1.19600
260802_055631,2,2026-08-02T05:56:31Z,,,,+1.20000
260802_055646,2,2026-08-02T05:56:46Z,,,,+1.14800
260802_055701,2,2026-08-02T05:57:01Z,,,,+1.14900
260802_055716,2,2026-08-02T05:57:16Z,-1.17933,-1.17933,0.9899,+1.19600
260802_055731,2,2026-08-02T05:57:31Z,,,,+1.20100
260802_055746,2,2026-08-02T05:57:46Z,,,,+1.14400
260802_055801,2,2026-08-02T05:58:01Z,,,,+1.15200
260802_055816,2,2026-08-02T05:58:16Z,,,,+1.15300
260802_055831,2,2026-08-02T05:58:31Z,,,,+1.15500
260802_055846,2,2026-08-02T05:58:46Z,,,,+1.16600
260802_055901,2,2026-08-02T05:59:01Z,,,,+1.17500
260802_055916,2,2026-08-02T05:59:16Z,,,,+1.17200
260802_055931,2,2026-08-02T05:59:31Z,,,,+1.19700
260802_055946,2,2026-08-02T05:59:46Z,-1.17933,-1.17933,0.9779,+1.20200
260802_060001,2,2026-08-02T06:00:01Z,,,,+1.15700
260802_060016,2,2026-08-02T06:00:16Z,,,,+1.16800
260802_060031,2,2026-08-02T06:00:31Z,,,,+1.18300
260802_060046,2,2026-08-02T06:00:46Z,,,,+1.17600
260802_060101,2,2026-08-02T06:01:01Z,,,,+1.15600
260802_060116,2,2026-08-02T06:01:16Z,,,,+1.19800
260802_060131,2,2026-08-02T06:01:31Z,,,,+1.19300
260802_060146,2,2026-08-02T06:01:46Z,,,,+1.17000
260802_060201,2,2026-08-02T06:02:01Z,,,,+1.20000
260802_060216,2,2026-08-02T06:02:16Z,-1.17933,-1.17933,0.9911,+1.18300
260802_060231,2,2026-08-02T06:02:31Z,,,,+1.15900
260802_060246,2,2026-08-02T06:02:46Z,,,,+1.16700
260802_060301,2,2026-08-02T06:03:01Z,,,,+1.19200
260802_060316,2,2026-08-02T06:03:16Z,,,,+1.16100
260802_060331,2,2026-08-02T06:03:31Z,,,,+1.17600
260802_060346,2,2026-08-02T06:03:46Z,,,,+1.19400
260802_060401,2,2026-08-02T06:04:01Z,,,,+1.20000
260802_060416,2,2026-08-02T06:04:16Z,,,,+1.21200
260802_060431,2,2026-08-02T06:04:31Z,,,,+1.21700
260802_060446,2,2026-08-02T06:04:46Z,-1.17933,-1.17933,0.9971,+1.17400
260802_060501,2,2026-08-02T06:05:01Z,,,,+1.20100
260802_060516,2,2026-08-02T06:05:16Z,,,,+1.21800
260802_060531,2,2026-08-02T06:05:31Z,,,,+1.17300
260802_060546,2,2026-08-02T06:05:46Z,,,,+1.16700
260802_060601,2,2026-08-02T06:06:01Z,,,,+1.19000
260802_060616,2,2026-08-02T06:06:16Z,,,,+1.19100
260802_060631,2,2026-08-02T06:06:31Z,,,,+1.20400
260802_060646,2,2026-08-02T06:06:46Z,,,,+1.22100
260802_060701,2,2026-08-02T06:07:01Z,,,,+1.21300
260802_060716,2,2026-08-02T06:07:16Z,-1.17933,-1.17933,0.9909,+1.18300
260802_060731,2,2026-08-02T06:07:31Z,,,,+1.20400
260802_060746,2,2026-08-02T06:07:46Z,,,,+1.22000
260802_060801,2,2026-08-02T06:08:01Z,,,,+1.18300
260802_060816,2,2026-08-02T06:08:16Z,,,,+1.20300
260802_060831,2,2026-08-02T06:08:31Z,,,,+1.21900
260802_060846,2,2026-08-02T06:08:46Z,,,,+1.17500
260802_060901,2,2026-08-02T06:09:01Z,,,,+1.20800
260802_060916,2,2026-08-02T06:09:16Z,,,,+1.22500
260802_060931,2,2026-08-02T06:09:31Z,,,,+1.18000
260802_060946,2,2026-08-02T06:09:46Z,-1.17933,-1.17933,0.9940,+1.21300
260802_061001,2,2026-08-02T06:10:01Z,,,,+1.19400
260802_061016,2,2026-08-02T06:10:16Z,,,,+1.23800
260802_061031,2,2026-08-02T06:10:31Z,,,,+1.21200
260802_061046,2,2026-08-02T06:10:46Z,,,,+1.23800
260802_061101,2,2026-08-02T06:11:01Z,,,,+1.21600
260802_061116,2,2026-08-02T06:11:16Z,,,,+1.21600
260802_061131,2,2026-08-02T06:11:31Z,,,,+1.23000
260802_061146,2,2026-08-02T06:11:46Z,,,,+1.18800
260802_061201,2,2026-08-02T06:12:01Z,,,,+1.19900
260802_061216,2,2026-08-02T06:12:16Z,-1.21933,-1.21933,0.9835,+1.22000
260802_061231,2,2026-08-02T06:12:31Z,,,,+1.23300
260802_061246,2,2026-08-02T06:12:46Z,,,,+1.18600
260802_061301,2,2026-08-02T06:13:01Z,,,,+1.21000
260802_061316,2,2026-08-02T06:13:16Z,,,,+1.22900
260802_061331,2,2026-08-02T06:13:31Z,,,,+1.18700
260802_061346,2,2026-08-02T06:13:46Z,,,,+1.18800
260802_061401,2,2026-08-02T06:14:01Z,,,,+1.24500
260802_061416,2,2026-08-02T06:14:16Z,,,,+1.24700
260802_061431,2,2026-08-02T06:14:31Z,,,,+1.24600
260802_061446,2,2026-08-02T06:14:46Z,-1.21933,-1.21933,0.9937,+1.19000
260802_061501,2,2026-08-02T06:15:01Z,,,,+1.20000
260802_061516,2,2026-08-02T06:15:16Z,,,,+1.21100
260802_061531,2,2026-08-02T06:15:31Z,,,,+1.24200
260802_061546,2,2026-08-02T06:15:46Z,,,,+1.20200
260802_061601,2,2026-08-02T06:16:01Z,,,,+1.21200
260802_061616,2,2026-08-02T06:16:16Z,,,,+1.22800
260802_061631,2,2026-08-02T06:16:31Z,,,,+1.24000
260802_061646,2,2026-08-02T06:16:46Z,,,,+1.21800
260802_061701,2,2026-08-02T06:17:01Z,,,,+1.23400
260802_061716,2,2026-08-02T06:17:16Z,-1.19933,-1.19933,0.9906,+1.25100
260802_061731,2,2026-08-02T06:17:31Z,,,,+1.21000
260802_061746,2,2026-08-02T06:17:46Z,,,,+1.22600
260802_061801,2,2026-08-02T06:18:01Z,,,,+1.23200
260802_061816,2,2026-08-02T06:18:16Z,,,,+1.24500
260802_061831,2,2026-08-02T06:18:31Z,,,,+1.24100
260802_061846,2,2026-08-02T06:18:46Z,,,,+1.23800
260802_061901,2,2026-08-02T06:19:01Z,,,,+1.25200
260802_061916,2,2026-08-02T06:19:16Z,,,,+1.26500
260802_061931,2,2026-08-02T06:19:31Z,,,,+1.20500
260802_061946,2,2026-08-02T06:19:46Z,-1.23933,-1.23933,0.9885,+1.21300
260802_062001,2,2026-08-02T06:20:01Z,,,,+1.22900
260802_062016,2,2026-08-02T06:20:16Z,,,,+1.24200
260802_062031,2,2026-08-02T06:20:31Z,,,,+1.21000
260802_062046,2,2026-08-02T06:20:46Z,,,,+1.23800
260802_062101,2,2026-08-02T06:21:01Z,,,,+1.25800
260802_062116,2,2026-08-02T06:21:16Z,,,,+1.21800
260802_062131,2,2026-08-02T06:21:31Z,,,,+1.23300
260802_062146,2,2026-08-02T06:21:46Z,,,,+1.25000
260802_062201,2,2026-08-02T06:22:01Z,,,,+1.26900
260802_062216,2,2026-08-02T06:22:16Z,-1.23933,-1.23933,0.9850,+1.21700
260802_062231,2,2026-08-02T06:22:31Z,,,,+1.23700
260802_062246,2,2026-08-02T06:22:46Z,,,,+1.23800
260802_062301,2,2026-08-02T06:23:01Z,,,,+1.25100
260802_062316,2,2026-08-02T06:23:16Z,,,,+1.26300
260802_062331,2,2026-08-02T06:23:31Z,,,,+1.23900
260802_062346,2,2026-08-02T06:23:46Z,,,,+1.25300
260802_062401,2,2026-08-02T06:24:01Z,,,,+1.21800
260802_062416,2,2026-08-02T06:24:16Z,,,,+1.24000
260802_062431,2,2026-08-02T06:24:31Z,,,,+1.25900
260802_062446,2,2026-08-02T06:24:46Z,-1.23933,-1.23933,0.9900,+1.27300
260802_062501,2,2026-08-02T06:25:01Z,,,,+1.27400
260802_062516,2,2026-08-02T06:25:16Z,,,,+1.23600
260802_062531,2,2026-08-02T06:25:31Z,,,,+1.23700
260802_062546,2,2026-08-02T06:25:46Z,,,,+1.24300
260802_062601,2,2026-08-02T06:26:01Z,,,,+1.25400
260802_062616,2,2026-08-02T06:26:16Z,,,,+1.26700
260802_062631,2,2026-08-02T06:26:31Z,,,,+1.27500
260802_062646,2,2026-08-02T06:26:46Z,,,,+1.27500
260802_062701,2,2026-08-02T06:27:01Z,,,,+1.27200
260802_062716,2,2026-08-02T06:27:16Z,-1.23933,-1.23933,0.9710,+1.28700
260802_062731,2,2026-08-02T06:27:31Z,,,,+1.27700
260802_062746,2,2026-08-02T06:27:46Z,,,,+1.27200
260802_062801,2,2026-08-02T06:28:01Z,,,,+1.27400
260802_062816,2,2026-08-02T06:28:16Z,,,,+1.28100
260802_062831,2,2026-08-02T06:28:31Z,,,,+1.23700
260802_062846,2,2026-08-02T06:28:46Z,,,,+1.26500
260802_062901,2,2026-08-02T06:29:01Z,,,,+1.29000
260802_062916,2,2026-08-02T06:29:16Z,,,,+1.24200
260802_062931,2,2026-08-02T06:29:31Z,,,,+1.25500
260802_062946,2,2026-08-02T06:29:46Z,-1.23933,-1.23933,0.9579,+1.28300
260802_063001,2,2026-08-02T06:30:01Z,,,,+1.24700
260802_063016,2,2026-08-02T06:30:16Z,,,,+1.26600
260802_063031,2,2026-08-02T06:30:31Z,,,,+1.26300
260802_063046,2,2026-08-02T06:30:46Z,,,,+1.28000
260802_063101,2,2026-08-02T06:31:01Z,,,,+1.29600
260802_063116,2,2026-08-02T06:31:16Z,,,,+1.24700
260802_063131,2,2026-08-02T06:31:31Z,,,,+1.27800
260802_063146,2,2026-08-02T06:31:46Z,,,,+1.28700
260802_063201,2,2026-08-02T06:32:01Z,,,,+1.24400
260802_063216,2,2026-08-02T06:32:16Z,-1.23933,-1.23933,0.9792,+1.26000
260802_063231,2,2026-08-02T06:32:31Z,,,,+1.27800
260802_063246,2,2026-08-02T06:32:46Z,,,,+1.24600
260802_063301,2,2026-08-02T06:33:01Z,,,,+1.29300
260802_063316,2,2026-08-02T06:33:16Z,,,,+1.29100
260802_063331,2,2026-08-02T06:33:31Z,,,,+1.27300
260802_063346,2,2026-08-02T06:33:46Z,,,,+1.25300
260802_063401,2,2026-08-02T06:34:01Z,,,,+1.30100
260802_063416,2,2026-08-02T06:34:16Z,,,,+1.27800
260802_063431,2,2026-08-02T06:34:31Z,,,,+1.26300
260802_063446,2,2026-08-02T06:34:46Z,-1.27933,-1.27933,0.9773,+1.24800
260802_063501,2,2026-08-02T06:35:01Z,,,,+1.26600
260802_063516,2,2026-08-02T06:35:16Z,,,,+1.30400
260802_063531,2,2026-08-02T06:35:31Z,,,,+1.30600
260802_063546,2,2026-08-02T06:35:46Z,,,,+1.28800
260802_063601,2,2026-08-02T06:36:01Z,,,,+1.25900
260802_063616,2,2026-08-02T06:36:16Z,,,,+1.31200
260802_063631,2,2026-08-02T06:36:31Z,,,,+1.29700
260802_063646,2,2026-08-02T06:36:46Z,,,,+1.30500
260802_063701,2,2026-08-02T06:37:01Z,,,,+1.29900
260802_063716,2,2026-08-02T06:37:16Z,-1.27933,-1.27933,0.9717,+1.30900
260802_063731,2,2026-08-02T06:37:31Z,,,,+1.25800
260802_063746,2,2026-08-02T06:37:46Z,,,,+1.28600
260802_063801,2,2026-08-02T06:38:01Z,,,,+1.29300
260802_063816,2,2026-08-02T06:38:16Z,,,,+1.29600
260802_063831,2,2026-08-02T06:38:31Z,,,,+1.30800
260802_063846,2,2026-08-02T06:38:46Z,,,,+1.31900
260802_063901,2,2026-08-02T06:39:01Z,,,,+1.31000
260802_063916,2,2026-08-02T06:39:16Z,,,,+1.31900
260802_063931,2,2026-08-02T06:39:31Z,,,,+1.26300
260802_063946,2,2026-08-02T06:39:46Z,-1.27933,-1.27933,0.9907,+1.27700
260802_064001,2,2026-08-02T06:40:01Z,,,,+1.28200
260802_064016,2,2026-08-02T06:40:16Z,,,,+1.27900
260802_064031,2,2026-08-02T06:40:31Z,,,,+1.28800
260802_064046,2,2026-08-02T06:40:46Z,,,,+1.30300
260802_064101,2,2026-08-02T06:41:01Z,,,,+1.30200
260802_064116,2,2026-08-02T06:41:16Z,,,,+1.30700
260802_064131,2,2026-08-02T06:41:31Z,,,,+1.32500
260802_064146,2,2026-08-02T06:41:46Z,,,,+1.32700
260802_064201,2,2026-08-02T06:42:01Z,,,,+1.30900
260802_064216,2,2026-08-02T06:42:16Z,-1.27933,-1.27933,0.9879,+1.33100
260802_064231,2,2026-08-02T06:42:31Z,,,,+1.27500
260802_064246,2,2026-08-02T06:42:46Z,,,,+1.32600
260802_064301,2,2026-08-02T06:43:01Z,,,,+1.29800
260802_064316,2,2026-08-02T06:43:16Z,,,,+1.28400
260802_064331,2,2026-08-02T06:43:31Z,,,,+1.32700
260802_064346,2,2026-08-02T06:43:46Z,,,,+1.31200
260802_064401,2,2026-08-02T06:44:01Z,,,,+1.29500
260802_064416,2,2026-08-02T06:44:16Z,,,,+1.32800
260802_064431,2,2026-08-02T06:44:31Z,,,,+1.31500
260802_064446,2,2026-08-02T06:44:46Z,-1.27933,-1.27933,0.9817,+1.29600
260802_064501,2,2026-08-02T06:45:01Z,,,,+1.33000
260802_064516,2,2026-08-02T06:45:16Z,,,,+1.30900
260802_064531,2,2026-08-02T06:45:31Z,,,,+1.28800
260802_064546,2,2026-08-02T06:45:46Z,,,,+1.27900
260802_064601,2,2026-08-02T06:46:01Z,,,,+1.32100
260802_064616,2,2026-08-02T06:46:16Z,,,,+1.29400
260802_064631,2,2026-08-02T06:46:31Z,,,,+1.33900
260802_064646,2,2026-08-02T06:46:46Z,,,,+1.32200
260802_064701,2,2026-08-02T06:47:01Z,,,,+1.30800
260802_064716,2,2026-08-02T06:47:16Z,-1.31933,-1.31933,0.9961,+1.29900
260802_064731,2,2026-08-02T06:47:31Z,,,,+1.33600
260802_064746,2,2026-08-02T06:47:46Z,,,,+1.31200
260802_064801,2,2026-08-02T06:48:01Z,,,,+1.29600
260802_064816,2,2026-08-02T06:48:16Z,,,,+1.32000
260802_064831,2,2026-08-02T06:48:31Z,,,,+1.34500
260802_064846,2,2026-08-02T06:48:46Z,,,,+1.29700
260802_064901,2,2026-08-02T06:49:01Z,,,,+1.31300
260802_064916,2,2026-08-02T06:49:16Z,,,,+1.33000
260802_064931,2,2026-08-02T06:49:31Z,,,,+1.29000
260802_064946,2,2026-08-02T06:49:46Z,-1.31933,-1.31933,0.9909,+1.29900
260802_065001,2,2026-08-02T06:50:01Z,,,,+1.30700
260802_065016,2,2026-08-02T06:50:16Z,,,,+1.33700
260802_065031,2,2026-08-02T06:50:31Z,,,,+1.35300
260802_065046,2,2026-08-02T06:50:46Z,,,,+1.30800
260802_065101,2,2026-08-02T06:51:01Z,,,,+1.31700
260802_065116,2,2026-08-02T06:51:16Z,,,,+1.30700
260802_065131,2,2026-08-02T06:51:31Z,,,,+1.29400
260802_065146,2,2026-08-02T06:51:46Z,,,,+1.35100
260802_065201,2,2026-08-02T06:52:01Z,,,,+1.34900
260802_065216,2,2026-08-02T06:52:16Z,-1.31933,-1.31933,0.9869,+1.33200
260802_065231,2,2026-08-02T06:52:31Z,,,,+1.30000
260802_065246,2,2026-08-02T06:52:46Z,,,,+1.34500
260802_065301,2,2026-08-02T06:53:01Z,,,,+1.32000
260802_065316,2,2026-08-02T06:53:16Z,,,,+1.30700
260802_065331,2,2026-08-02T06:53:31Z,,,,+1.34700
260802_065346,2,2026-08-02T06:53:46Z,,,,+1.30700
260802_065401,2,2026-08-02T06:54:01Z,,,,+1.34900
260802_065416,2,2026-08-02T06:54:16Z,,,,+1.32900
260802_065431,2,2026-08-02T06:54:31Z,,,,+1.30700
260802_065446,2,2026-08-02T06:54:46Z,-1.31933,-1.31933,0.9835,+1.34400
260802_065501,2,2026-08-02T06:55:01Z,,,,+1.33600
260802_065516,2,2026-08-02T06:55:16Z,,,,+1.31800
260802_065531,2,2026-08-02T06:55:31Z,,,,+1.36100
260802_065546,2,2026-08-02T06:55:46Z,,,,+1.35400
260802_065601,2,2026-08-02T06:56:01Z,,,,+1.33400
260802_065616,2,2026-08-02T06:56:16Z,,,,+1.33500
260802_065631,2,2026-08-02T06:56:31Z,,,,+1.35300
260802_065646,2,2026-08-02T06:56:46Z,,,,+1.33800
260802_065701,2,2026-08-02T06:57:01Z,,,,+1.34400
260802_065716,2,2026-08-02T06:57:16Z,-1.31933,-1.31933,0.9851,+1.33800
260802_065731,2,2026-08-02T06:57:31Z,,,,+1.32800
260802_065746,2,2026-08-02T06:57:46Z,,,,+1.31900
260802_065801,2,2026-08-02T06:58:01Z,,,,+1.34000
260802_065816,2,2026-08-02T06:58:16Z,,,,+1.34200
260802_065831,2,2026-08-02T06:58:31Z,,,,+1.33300
260802_065846,2,2026-08-02T06:58:46Z,,,,+1.32500
260802_065901,2,2026-08-02T06:59:01Z,,,,+1.33300
260802_065916,2,2026-08-02T06:59:16Z,,,,+1.32900
260802_065931,2,2026-08-02T06:59:31Z,,,,+1.32800
260802_065946,2,2026-08-02T06:59:46Z,-1.31933,-1.31933,0.9827,+1.33700
260802_070001,2,2026-08-02T07:00:01Z,,,,+1.33500
260802_070016,2,2026-08-02T07:00:16Z,,,,+1.35300
260802_070031,2,2026-08-02T07:00:31Z,,,,+1.37200
260802_070046,2,2026-08-02T07:00:46Z,,,,+1.38000
260802_070101,2,2026-08-02T07:01:01Z,,,,+1.37600
260802_070116,2,2026-08-02T07:01:16Z,,,,+1.36500
260802_070131,2,2026-08-02T07:01:31Z,,,,+1.37100
260802_070146,2,2026-08-02T07:01:46Z,,,,+1.32800
260802_070201,2,2026-08-02T07:02:01Z,,,,+1.32700
260802_070216,2,2026-08-02T07:02:16Z,-1.35933,-1.35933,0.9902,+1.33600
260802_070231,2,2026-08-02T07:02:31Z,,,,+1.33900
260802_070246,2,2026-08-02T07:02:46Z,,,,+1.34600
260802_070301,2,2026-08-02T07:03:01Z,,,,+1.35100
260802_070316,2,2026-08-02T07:03:16Z,,,,+1.35000
260802_070331,2,2026-08-02T07:03:31Z,,,,+1.38500
260802_070346,2,2026-08-02T07:03:46Z,,,,+1.36900
260802_070401,2,2026-08-02T07:04:01Z,,,,+1.35700
260802_070416,2,2026-08-02T07:04:16Z,,,,+1.34100
260802_070431,2,2026-08-02T07:04:31Z,,,,+1.38200
260802_070446,2,2026-08-02T07:04:46Z,-1.35933,-1.35933,0.9912,+1.37400
260802_070501,2,2026-08-02T07:05:01Z,,,,+1.38600
260802_070516,2,2026-08-02T07:05:16Z,,,,+1.34000
260802_070531,2,2026-08-02T07:05:31Z,,,,+1.35400
260802_070546,2,2026-08-02T07:05:46Z,,,,+1.36600
260802_070601,2,2026-08-02T07:06:01Z,,,,+1.37800
260802_070616,2,2026-08-02T07:06:16Z,,,,+1.36900
260802_070631,2,2026-08-02T07:06:31Z,,,,+1.36200
260802_070646,2,2026-08-02T07:06:46Z,,,,+1.37100
260802_070701,2,2026-08-02T07:07:01Z,,,,+1.37900
260802_070716,2,2026-08-02T07:07:16Z,-1.33933,-1.33933,0.9840,+1.37100
260802_070731,2,2026-08-02T07:07:31Z,,,,+1.37000
260802_070746,2,2026-08-02T07:07:46Z,,,,+1.38500
260802_070801,2,2026-08-02T07:08:01Z,,,,+1.39800
260802_070816,2,2026-08-02T07:08:16Z,,,,+1.38100
260802_070831,2,2026-08-02T07:08:31Z,,,,+1.36300
260802_070846,2,2026-08-02T07:08:46Z,,,,+1.40200
260802_070901,2,2026-08-02T07:09:01Z,,,,+1.39600
260802_070916,2,2026-08-02T07:09:16Z,,,,+1.36800
260802_070931,2,2026-08-02T07:09:31Z,,,,+1.40400
260802_070946,2,2026-08-02T07:09:46Z,-1.37933,-1.37933,0.9812,+1.38100
260802_071001,2,2026-08-02T07:10:01Z,,,,+1.35300
260802_071016,2,2026-08-02T07:10:16Z,,,,+1.37900
260802_071031,2,2026-08-02T07:10:31Z,,,,+1.38300
260802_071046,2,2026-08-02T07:10:46Z,,,,+1.40600
260802_071101,2,2026-08-02T07:11:01Z,,,,+1.35800
260802_071116,2,2026-08-02T07:11:16Z,,,,+1.36600
260802_071131,2,2026-08-02T07:11:31Z,,,,+1.37000
260802_071146,2,2026-08-02T07:11:46Z,,,,+1.37900
260802_071201,2,2026-08-02T07:12:01Z,,,,+1.39000
260802_071216,2,2026-08-02T07:12:16Z,-1.37933,-1.37933,0.9756,+1.39500
260802_071231,2,2026-08-02T07:12:31Z,,,,+1.40600
260802_071246,2,2026-08-02T07:12:46Z,,,,+1.39900
260802_071301,2,2026-08-02T07:13:01Z,,,,+1.41500
260802_071316,2,2026-08-02T07:13:16Z,,,,+1.35900
260802_071331,2,2026-08-02T07:13:31Z,,,,+1.35500
260802_071346,2,2026-08-02T07:13:46Z,,,,+1.41600
260802_071401,2,2026-08-02T07:14:01Z,,,,+1.36200
260802_071416,2,2026-08-02T07:14:16Z,,,,+1.41700
260802_071431,2,2026-08-02T07:14:31Z,,,,+1.36800
260802_071446,2,2026-08-02T07:14:46Z,-1.37933,-1.37933,0.9738,+1.39700
260802_071501,2,2026-08-02T07:15:01Z,,,,+1.36600
260802_071516,2,2026-08-02T07:15:16Z,,,,+1.39500
260802_071531,2,2026-08-02T07:15:31Z,,,,+1.36600
260802_071546,2,2026-08-02T07:15:46Z,,,,+1.39400
260802_071601,2,2026-08-02T07:16:01Z,,,,+1.38400
260802_071616,2,2026-08-02T07:16:16Z,,,,+1.36600
260802_071631,2,2026-08-02T07:16:31Z,,,,+1.40700
260802_071646,2,2026-08-02T07:16:46Z,,,,+1.38000
260802_071701,2,2026-08-02T07:17:01Z,,,,+1.41900
260802_071716,2,2026-08-02T07:17:16Z,-1.37933,-1.37933,0.9729,+1.39300
260802_071731,2,2026-08-02T07:17:31Z,,,,+1.38600
260802_071746,2,2026-08-02T07:17:46Z,,,,+1.37500
260802_071801,2,2026-08-02T07:18:01Z,,,,+1.39100
260802_071816,2,2026-08-02T07:18:16Z,,,,+1.41200
260802_071831,2,2026-08-02T07:18:31Z,,,,+1.38200
260802_071846,2,2026-08-02T07:18:46Z,,,,+1.42600
260802_071901,2,2026-08-02T07:19:01Z,,,,+1.41600
260802_071916,2,2026-08-02T07:19:16Z,,,,+1.40500
260802_071931,2,2026-08-02T07:19:31Z,,,,+1.37500
260802_071946,2,2026-08-02T07:19:46Z,-1.37933,-1.37933,0.9926,+1.42600
260802_072001,2,2026-08-02T07:20:01Z,,,,+1.40300
260802_072016,2,2026-08-02T07:20:16Z,,,,+1.39000
260802_072031,2,2026-08-02T07:20:31Z,,,,+1.43300
260802_072046,2,2026-08-02T07:20:46Z,,,,+1.40000
260802_072101,2,2026-08-02T07:21:01Z,,,,+1.41600
260802_072116,2,2026-08-02T07:21:16Z,,,,+1.42800
260802_072131,2,2026-08-02T07:21:31Z,,,,+1.42400
260802_072146,2,2026-08-02T07:21:46Z,,,,+1.41000
260802_072201,2,2026-08-02T07:22:01Z,,,,+1.43700
260802_072216,2,2026-08-02T07:22:16Z,-1.37933,-1.37933,0.9775,+1.42600
260802_072231,2,2026-08-02T07:22:31Z,,,,+1.41300
260802_072246,2,2026-08-02T07:22:46Z,,,,+1.42800
260802_072301,2,2026-08-02T07:23:01Z,,,,+1.42500
260802_072316,2,2026-08-02T07:23:16Z,,,,+1.40500
260802_072331,2,2026-08-02T07:23:31Z,,,,+1.43900
260802_072346,2,2026-08-02T07:23:46Z,,,,+1.38400
260802_072401,2,2026-08-02T07:24:01Z,,,,+1.42100
260802_072416,2,2026-08-02T07:24:16Z,,,,+1.40200
260802_072431,2,2026-08-02T07:24:31Z,,,,+1.39100
260802_072446,2,2026-08-02T07:24:46Z,-1.41933,-1.41933,0.9800,+1.40600
260802_072501,2,2026-08-02T07:25:01Z,,,,+1.40700
260802_072516,2,2026-08-02T07:25:16Z,,,,+1.40400
260802_072531,2,2026-08-02T07:25:31Z,,,,+1.41100
260802_072546,2,2026-08-02T07:25:46Z,,,,+1.40700
260802_072601,2,2026-08-02T07:26:01Z,,,,+1.39400
260802_072616,2,2026-08-02T07:26:16Z,,,,+1.44900
260802_072631,2,2026-08-02T07:26:31Z,,,,+1.43900
260802_072646,2,2026-08-02T07:26:46Z,,,,+1.42900
260802_072701,2,2026-08-02T07:27:01Z,,,,+1.44400
260802_072716,2,2026-08-02T07:27:16Z,-1.41933,-1.41933,0.9687,+1.44800
260802_072731,2,2026-08-02T07:27:31Z,,,,+1.45300
260802_072746,2,2026-08-02T07:27:46Z,,,,+1.40600
260802_072801,2,2026-08-02T07:28:01Z,,,,+1.39500
260802_072816,2,2026-08-02T07:28:16Z,,,,+1.45300
260802_072831,2,2026-08-02T07:28:31Z,,,,+1.43900
260802_072846,2,2026-08-02T07:28:46Z,,,,+1.40200
260802_072901,2,2026-08-02T07:29:01Z,,,,+1.41800
260802_072916,2,2026-08-02T07:29:16Z,,,,+1.41500
260802_072931,2,2026-08-02T07:29:31Z,,,,+1.41300
260802_072946,2,2026-08-02T07:29:46Z,-1.41933,-1.41933,0.9770,+1.40800
260802_073001,2,2026-08-02T07:30:01Z,,,,+1.46200
260802_073016,2,2026-08-02T07:30:16Z,,,,+1.45300
260802_073031,2,2026-08-02T07:30:31Z,,,,+1.45200
260802_073046,2,2026-08-02T07:30:46Z,,,,+1.45900
260802_073101,2,2026-08-02T07:31:01Z,,,,+1.46000
260802_073116,2,2026-08-02T07:31:16Z,,,,+1.45200
260802_073131,2,2026-08-02T07:31:31Z,,,,+1.41200
260802_073146,2,2026-08-02T07:31:46Z,,,,+1.42700
260802_073201,2,2026-08-02T07:32:01Z,,,,+1.43300
260802_073216,2,2026-08-02T07:32:16Z,-1.41933,-1.41933,0.9839,+1.41900
260802_073231,2,2026-08-02T07:32:31Z,,,,+1.43100
260802_073246,2,2026-08-02T07:32:46Z,,,,+1.43800
260802_073301,2,2026-08-02T07:33:01Z,,,,+1.42200
260802_073316,2,2026-08-02T07:33:16Z,,,,+1.41700
260802_073331,2,2026-08-02T07:33:31Z,,,,+1.41200
260802_073346,2,2026-08-02T07:33:46Z,,,,+1.47100
260802_073401,2,2026-08-02T07:34:01Z,,,,+1.45300
260802_073416,2,2026-08-02T07:34:16Z,,,,+1.45100
260802_073431,2,2026-08-02T07:34:31Z,,,,+1.43600
260802_073446,2,2026-08-02T07:34:46Z,-1.41933,-1.41933,0.9941,+1.41900
260802_073501,2,2026-08-02T07:35:01Z,,,,+1.47200
260802_073516,2,2026-08-02T07:35:16Z,,,,+1.47300
260802_073531,2,2026-08-02T07:35:31Z,,,,+1.46100
260802_073546,2,2026-08-02T07:35:46Z,,,,+1.44300
260802_073601,2,2026-08-02T07:36:01Z,,,,+1.42300
260802_073616,2,2026-08-02T07:36:16Z,,,,+1.46000
260802_073631,2,2026-08-02T07:36:31Z,,,,+1.44700
260802_073646,2,2026-08-02T07:36:46Z,,,,+1.43000
260802_073701,2,2026-08-02T07:37:01Z,,,,+1.43200
260802_073716,2,2026-08-02T07:37:16Z,-1.45933,-1.45933,0.9915,+1.42800
260802_073731,2,2026-08-02T07:37:31Z,,,,+1.43300
260802_073746,2,2026-08-02T07:37:46Z,,,,+1.44100
260802_073801,2,2026-08-02T07:38:01Z,,,,+1.43100
260802_073816,2,2026-08-02T07:38:16Z,,,,+1.42800
260802_073831,2,2026-08-02T07:38:31Z,,,,+1.47600
260802_073846,2,2026-08-02T07:38:46Z,,,,+1.47800
260802_073901,2,2026-08-02T07:39:01Z,,,,+1.46900
260802_073916,2,2026-08-02T07:39:16Z,,,,+1.47700
260802_073931,2,2026-08-02T07:39:31Z,,,,+1.46800
260802_073946,2,2026-08-02T07:39:46Z,-1.45933,-1.45933,0.9890,+1.45900
260802_074001,2,2026-08-02T07:40:01Z,,,,+1.45600
260802_074016,2,2026-08-02T07:40:16Z,,,,+1.45500
260802_074031,2,2026-08-02T07:40:31Z,,,,+1.45900
260802_074046,2,2026-08-02T07:40:46Z,,,,+1.44900
260802_074101,2,2026-08-02T07:41:01Z,,,,+1.43600
260802_074116,2,2026-08-02T07:41:16Z,,,,+1.44600
260802_074131,2,2026-08-02T07:41:31Z,,,,+1.44800
260802_074146,2,2026-08-02T07:41:46Z,,,,+1.46200
260802_074201,2,2026-08-02T07:42:01Z,,,,+1.46700
260802_074216,2,2026-08-02T07:42:16Z,-1.45933,-1.45933,0.9907,+1.47100
260802_074231,2,2026-08-02T07:42:31Z,,,,+1.48300
260802_074246,2,2026-08-02T07:42:46Z,,,,+1.48700
260802_074301,2,2026-08-02T07:43:01Z,,,,+1.48500
260802_074316,2,2026-08-02T07:43:16Z,,,,+1.48100
260802_074331,2,2026-08-02T07:43:31Z,,,,+1.49500
260802_074346,2,2026-08-02T07:43:46Z,,,,+1.49500
260802_074401,2,2026-08-02T07:44:01Z,,,,+1.49800
260802_074416,2,2026-08-02T07:44:16Z,,,,+1.49400
260802_074431,2,2026-08-02T07:44:31Z,,,,+1.48400
260802_074446,2,2026-08-02T07:44:46Z,-1.45933,-1.45933,0.9937,+1.45600
260802_074501,2,2026-08-02T07:45:01Z,,,,+1.45600
260802_074516,2,2026-08-02T07:45:16Z,,,,+1.50000
260802_074531,2,2026-08-02T07:45:31Z,,,,+1.47600
260802_074546,2,2026-08-02T07:45:46Z,,,,+1.49500
260802_074601,2,2026-08-02T07:46:01Z,,,,+1.44600
260802_074616,2,2026-08-02T07:46:16Z,,,,+1.49900
260802_074631,2,2026-08-02T07:46:31Z,,,,+1.49700
260802_074646,2,2026-08-02T07:46:46Z,,,,+1.45300
260802_074701,2,2026-08-02T07:47:01Z,,,,+1.47900
260802_074716,2,2026-08-02T07:47:16Z,-1.45933,-1.45933,0.9819,+1.49200
260802_074731,2,2026-08-02T07:47:31Z,,,,+1.45000
260802_074746,2,2026-08-02T07:47:46Z,,,,+1.46400
260802_074801,2,2026-08-02T07:48:01Z,,,,+1.48600
260802_074816,2,2026-08-02T07:48:16Z,,,,+1.49000
260802_074831,2,2026-08-02T07:48:31Z,,,,+1.49100
260802_074846,2,2026-08-02T07:48:46Z,,,,+1.50300
260802_074901,2,2026-08-02T07:49:01Z,,,,+1.46200
260802_074916,2,2026-08-02T07:49:16Z,,,,+1.47300
260802_074931,2,2026-08-02T07:49:31Z,,,,+1.48900
260802_074946,2,2026-08-02T07:49:46Z,-1.45933,-1.45933,0.9946,+1.50400
260802_075001,2,2026-08-02T07:50:01Z,,,,+1.46800
260802_075016,2,2026-08-02T07:50:16Z,,,,+1.47800
260802_075031,2,2026-08-02T07:50:31Z,,,,+1.49400
260802_075046,2,2026-08-02T07:50:46Z,,,,+1.50700
260802_075101,2,2026-08-02T07:51:01Z,,,,+1.51600
260802_075116,2,2026-08-02T07:51:16Z,,,,+1.46900
260802_075131,2,2026-08-02T07:51:31Z,,,,+1.47600
260802_075146,2,2026-08-02T07:51:46Z,,,,+1.47900
260802_075201,2,2026-08-02T07:52:01Z,,,,+1.48000
260802_075216,2,2026-08-02T07:52:16Z,-1.49933,-1.49933,0.9811,+1.49300
260802_075231,2,2026-08-02T07:52:31Z,,,,+1.48700
260802_075246,2,2026-08-02T07:52:46Z,,,,+1.49900
260802_075301,2,2026-08-02T07:53:01Z,,,,+1.46800
260802_075316,2,2026-08-02T07:53:16Z,,,,+1.47600
260802_075331,2,2026-08-02T07:53:31Z,,,,+1.49100
260802_075346,2,2026-08-02T07:53:46Z,,,,+1.51100
260802_075401,2,2026-08-02T07:54:01Z,,,,+1.52000
260802_075416,2,2026-08-02T07:54:16Z,,,,+1.52500
260802_075431,2,2026-08-02T07:54:31Z,,,,+1.48100
260802_075446,2,2026-08-02T07:54:46Z,-1.49933,-1.49933,0.9855,+1.48000
260802_075501,2,2026-08-02T07:55:01Z,,,,+1.48000
260802_075516,2,2026-08-02T07:55:16Z,,,,+1.48200
260802_075531,2,2026-08-02T07:55:31Z,,,,+1.49000
260802_075546,2,2026-08-02T07:55:46Z,,,,+1.49500
260802_075601,2,2026-08-02T07:56:01Z,,,,+1.50000
260802_075616,2,2026-08-02T07:56:16Z,,,,+1.48800
260802_075631,2,2026-08-02T07:56:31Z,,,,+1.48800
260802_075646,2,2026-08-02T07:56:46Z,,,,+1.50400
260802_075701,2,2026-08-02T07:57:01Z,,,,+1.51000
260802_075716,2,2026-08-02T07:57:16Z,-1.49933,-1.49933,0.9885,+1.51500
260802_075731,2,2026-08-02T07:57:31Z,,,,+1.52500
260802_075746,2,2026-08-02T07:57:46Z,,,,+1.52000
260802_075801,2,2026-08-02T07:58:01Z,,,,+1.50900
260802_075816,2,2026-08-02T07:58:16Z,,,,+1.50100
260802_075831,2,2026-08-02T07:58:31Z,,,,+1.49900
260802_075846,2,2026-08-02T07:58:46Z,,,,+1.50800
260802_075901,2,2026-08-02T07:59:01Z,,,,+1.50100
260802_075916,2,2026-08-02T07:59:16Z,,,,+1.51400
260802_075931,2,2026-08-02T07:59:31Z,,,,+1.51800
260802_075946,2,2026-08-02T07:59:46Z,-1.49933,-1.49933,0.9888,+1.54500
260802_080001,2,2026-08-02T08:00:01Z,,,,+1.53800
260802_080016,2,2026-08-02T08:00:16Z,,,,+1.53800
260802_080031,2,2026-08-02T08:00:31Z,,,,+1.54500
260802_080046,2,2026-08-02T08:00:46Z,,,,+1.50200
260802_080101,2,2026-08-02T08:01:01Z,,,,+1.49900
260802_080116,2,2026-08-02T08:01:16Z,,,,+1.50300
260802_080131,2,2026-08-02T08:01:31Z,,,,+1.52100
260802_080146,2,2026-08-02T08:01:46Z,,,,+1.53200
260802_080201,2,2026-08-02T08:02:01Z,,,,+1.53300
260802_080216,2,2026-08-02T08:02:16Z,-1.49933,-1.49933,0.9911,+1.53500
260802_080231,2,2026-08-02T08:02:31Z,,,,+1.49400
260802_080246,2,2026-08-02T08:02:46Z,,,,+1.50300
260802_080301,2,2026-08-02T08:03:01Z,,,,+1.51500
260802_080316,2,2026-08-02T08:03:16Z,,,,+1.52000
260802_080331,2,2026-08-02T08:03:31Z,,,,+1.52200
260802_080346,2,2026-08-02T08:03:46Z,,,,+1.52400
260802_080401,2,2026-08-02T08:04:01Z,,,,+1.52600
260802_080416,2,2026-08-02T08:04:16Z,,,,+1.52000
260802_080431,2,2026-08-02T08:04:31Z,,,,+1.53000
260802_080446,2,2026-08-02T08:04:46Z,-1.49933,-1.49933,0.9923,+1.54300
260802_080501,2,2026-08-02T08:05:01Z,,,,+1.50500
260802_080516,2,2026-08-02T08:05:16Z,,,,+1.51700
260802_080531,2,2026-08-02T08:05:31Z,,,,+1.54500
260802_080546,2,2026-08-02T08:05:46Z,,,,+1.50300
260802_080601,2,2026-08-02T08:06:01Z,,,,+1.52900
260802_080616,2,2026-08-02T08:06:16Z,,,,+1.55000
260802_080631,2,2026-08-02T08:06:31Z,,,,+1.56200
260802_080646,2,2026-08-02T08:06:46Z,,,,+1.52400
260802_080701,2,2026-08-02T08:07:01Z,,,,+1.55100
260802_080716,2,2026-08-02T08:07:16Z,-1.53933,-1.53933,0.9865,+1.55500
260802_080731,2,2026-08-02T08:07:31Z,,,,+1.50900
260802_080746,2,2026-08-02T08:07:46Z,,,,+1.52500
260802_080801,2,2026-08-02T08:08:01Z,,,,+1.54500
260802_080816,2,2026-08-02T08:08:16Z,,,,+1.52800
260802_080831,2,2026-08-02T08:08:31Z,,,,+1.55800
260802_080846,2,2026-08-02T08:08:46Z,,,,+1.54200
260802_080901,2,2026-08-02T08:09:01Z,,,,+1.51800
260802_080916,2,2026-08-02T08:09:16Z,,,,+1.56200
260802_080931,2,2026-08-02T08:09:31Z,,,,+1.52700
260802_080946,2,2026-08-02T08:09:46Z,-1.53933,-1.53933,0.9887,+1.56500
260802_081001,2,2026-08-02T08:10:01Z,,,,+1.54600
260802_081016,2,2026-08-02T08:10:16Z,,,,+1.52200
260802_081031,2,2026-08-02T08:10:31Z,,,,+1.56100
260802_081046,2,2026-08-02T08:10:46Z,,,,+1.54500
260802_081101,2,2026-08-02T08:11:01Z,,,,+1.53200
260802_081116,2,2026-08-02T08:11:16Z,,,,+1.56800
260802_081131,2,2026-08-02T08:11:31Z,,,,+1.54500
260802_081146,2,2026-08-02T08:11:46Z,,,,+1.52700
260802_081201,2,2026-08-02T08:12:01Z,,,,+1.57500
260802_081216,2,2026-08-02T08:12:16Z,-1.53933,-1.53933,0.9884,+1.55900
260802_081231,2,2026-08-02T08:12:31Z,,,,+1.54800
260802_081246,2,2026-08-02T08:12:46Z,,,,+1.53100
260802_081301,2,2026-08-02T08:13:01Z,,,,+1.57500
260802_081316,2,2026-08-02T08:13:16Z,,,,+1.56300
260802_081331,2,2026-08-02T08:13:31Z,,,,+1.55500
260802_081346,2,2026-08-02T08:13:46Z,,,,+1.58100
260802_081401,2,2026-08-02T08:14:01Z,,,,+1.54500
260802_081416,2,2026-08-02T08:14:16Z,,,,+1.52500
260802_081431,2,2026-08-02T08:14:31Z,,,,+1.58200
260802_081446,2,2026-08-02T08:14:46Z,-1.53933,-1.53933,0.9857,+1.55200
260802_081501,2,2026-08-02T08:15:01Z,,,,+1.58700
260802_081516,2,2026-08-02T08:15:16Z,,,,+1.55800
260802_081531,2,2026-08-02T08:15:31Z,,,,+1.53500
260802_081546,2,2026-08-02T08:15:46Z,,,,+1.56200
260802_081601,2,2026-08-02T08:16:01Z,,,,+1.54300
260802_081616,2,2026-08-02T08:16:16Z,,,,+1.54000
260802_081631,2,2026-08-02T08:16:31Z,,,,+1.58800
260802_081646,2,2026-08-02T08:16:46Z,,,,+1.56600
260802_081701,2,2026-08-02T08:17:01Z,,,,+1.54700
260802_081716,2,2026-08-02T08:17:16Z,-1.53933,-1.53933,0.9879,+1.59200
260802_081731,2,2026-08-02T08:17:31Z,,,,+1.59500
260802_081746,2,2026-08-02T08:17:46Z,,,,+1.58900
260802_081801,2,2026-08-02T08:18:01Z,,,,+1.57600
260802_081816,2,2026-08-02T08:18:16Z,,,,+1.56800
260802_081831,2,2026-08-02T08:18:31Z,,,,+1.56300
260802_081846,2,2026-08-02T08:18:46Z,,,,+1.53900
260802_081901,2,2026-08-02T08:19:01Z,,,,+1.59600
260802_081916,2,2026-08-02T08:19:16Z,,,,+1.58700
260802_081931,2,2026-08-02T08:19:31Z,,,,+1.54000
260802_081946,2,2026-08-02T08:19:46Z,-1.53933,-1.53933,0.9950,+1.55400
260802_082001,2,2026-08-02T08:20:01Z,,,,+1.55900
260802_082016,2,2026-08-02T08:20:16Z,,,,+1.59000
260802_082031,2,2026-08-02T08:20:31Z,,,,+1.55800
260802_082046,2,2026-08-02T08:20:46Z,,,,+1.59500
260802_082101,2,2026-08-02T08:21:01Z,,,,+1.55600
260802_082116,2,2026-08-02T08:21:16Z,,,,+1.58100
260802_082131,2,2026-08-02T08:21:31Z,,,,+1.55300
260802_082146,2,2026-08-02T08:21:46Z,,,,+1.56000
260802_082201,2,2026-08-02T08:22:01Z,,,,+1.57100
260802_082216,2,2026-08-02T08:22:16Z,-1.57933,-1.57933,0.9933,+1.58900
260802_082231,2,2026-08-02T08:22:31Z,,,,+1.59800
260802_082246,2,2026-08-02T08:22:46Z,,,,+1.55200
260802_082301,2,2026-08-02T08:23:01Z,,,,+1.55100
260802_082316,2,2026-08-02T08:23:16Z,,,,+1.55200
260802_082331,2,2026-08-02T08:23:31Z,,,,+1.58600
260802_082346,2,2026-08-02T08:23:46Z,,,,+1.59000
260802_082401,2,2026-08-02T08:24:01Z,,,,+1.60000
260802_082416,2,2026-08-02T08:24:16Z,,,,+1.58100
260802_082431,2,2026-08-02T08:24:31Z,,,,+1.60300
260802_082446,2,2026-08-02T08:24:46Z,-1.57933,-1.57933,0.9784,+1.58500
260802_082501,2,2026-08-02T08:25:01Z,,,,+1.57200
260802_082516,2,2026-08-02T08:25:16Z,,,,+1.56600
260802_082531,2,2026-08-02T08:25:31Z,,,,+1.61600
260802_082546,2,2026-08-02T08:25:46Z,,,,+1.58800
260802_082601,2,2026-08-02T08:26:01Z,,,,+1.57200
260802_082616,2,2026-08-02T08:26:16Z,,,,+1.61800
260802_082631,2,2026-08-02T08:26:31Z,,,,+1.61900
260802_082646,2,2026-08-02T08:26:46Z,,,,+1.59100
260802_082701,2,2026-08-02T08:27:01Z,,,,+1.58100
260802_082716,2,2026-08-02T08:27:16Z,-1.57933,-1.57933,0.9861,+1.57200
260802_082731,2,2026-08-02T08:27:31Z,,,,+1.61600
260802_082746,2,2026-08-02T08:27:46Z,,,,+1.59600
260802_082801,2,2026-08-02T08:28:01Z,,,,+1.58500
260802_082816,2,2026-08-02T08:28:16Z,,,,+1.58100
260802_082831,2,2026-08-02T08:28:31Z,,,,+1.59000
260802_082846,2,2026-08-02T08:28:46Z,,,,+1.60600
260802_082901,2,2026-08-02T08:29:01Z,,,,+1.57100
260802_082916,2,2026-08-02T08:29:16Z,,,,+1.57100
260802_082931,2,2026-08-02T08:29:31Z,,,,+1.61700
260802_082946,2,2026-08-02T08:29:46Z,-1.57933,-1.57933,0.9823,+1.61600
260802_083001,2,2026-08-02T08:30:01Z,,,,+1.60300
260802_083016,2,2026-08-02T08:30:16Z,,,,+1.63100
260802_083031,2,2026-08-02T08:30:31Z,,,,+1.62000
260802_083046,2,2026-08-02T08:30:46Z,,,,+1.59400
260802_083101,2,2026-08-02T08:31:01Z,,,,+1.62900
260802_083116,2,2026-08-02T08:31:16Z,,,,+1.58700
260802_083131,2,2026-08-02T08:31:31Z,,,,+1.58300
260802_083146,2,2026-08-02T08:31:46Z,,,,+1.61400
260802_083201,2,2026-08-02T08:32:01Z,,,,+1.58700
260802_083216,2,2026-08-02T08:32:16Z,-1.57933,-1.57932,0.9384,+1.62400
260802_083231,2,2026-08-02T08:32:31Z,,,,+1.58400
260802_083246,2,2026-08-02T08:32:46Z,,,,+1.60600
260802_083301,2,2026-08-02T08:33:01Z,,,,+1.63900
260802_083316,2,2026-08-02T08:33:16Z,,,,+1.60900
260802_083331,2,2026-08-02T08:33:31Z,,,,+1.63000
260802_083346,2,2026-08-02T08:33:46Z,,,,+1.61300
260802_083401,2,2026-08-02T08:34:01Z,,,,+1.60800
260802_083416,2,2026-08-02T08:34:16Z,,,,+1.64300
260802_083431,2,2026-08-02T08:34:31Z,,,,+1.63400
260802_083446,2,2026-08-02T08:34:46Z,-1.61933,-1.61933,0.9620,+1.60300
260802_083501,2,2026-08-02T08:35:01Z,,,,+1.63300
260802_083516,2,2026-08-02T08:35:16Z,,,,+1.63300
260802_083531,2,2026-08-02T08:35:31Z,,,,+1.63800
260802_083546,2,2026-08-02T08:35:46Z,,,,+1.63400
260802_083601,2,2026-08-02T08:36:01Z,,,,+1.62000
260802_083616,2,2026-08-02T08:36:16Z,,,,+1.60900
260802_083631,2,2026-08-02T08:36:31Z,,,,+1.59100
260802_083646,2,2026-08-02T08:36:46Z,,,,+1.62900
260802_083701,2,2026-08-02T08:37:01Z,,,,+1.65000
260802_083716,2,2026-08-02T08:37:16Z,-1.61933,-1.61933,0.9745,+1.61500
260802_083731,2,2026-08-02T08:37:31Z,,,,+1.59300
260802_083746,2,2026-08-02T08:37:46Z,,,,+1.62500
260802_083801,2,2026-08-02T08:38:01Z,,,,+1.60000
260802_083816,2,2026-08-02T08:38:16Z,,,,+1.61500
260802_083831,2,2026-08-02T08:38:31Z,,,,+1.59300
260802_083846,2,2026-08-02T08:38:46Z,,,,+1.65300
260802_083901,2,2026-08-02T08:39:01Z,,,,+1.65100
260802_083916,2,2026-08-02T08:39:16Z,,,,+1.63200
260802_083931,2,2026-08-02T08:39:31Z,,,,+1.61100
260802_083946,2,2026-08-02T08:39:46Z,-1.61933,-1.61932,0.9782,+1.65000
260802_084001,2,2026-08-02T08:40:01Z,,,,+1.63600
260802_084016,2,2026-08-02T08:40:16Z,,,,+1.61300
260802_084031,2,2026-08-02T08:40:31Z,,,,+1.63200
260802_084046,2,2026-08-02T08:40:46Z,,,,+1.60900
260802_084101,2,2026-08-02T08:41:01Z,,,,+1.63800
260802_084116,2,2026-08-02T08:41:16Z,,,,+1.64100
260802_084131,2,2026-08-02T08:41:31Z,,,,+1.64900
260802_084146,2,2026-08-02T08:41:46Z,,,,+1.60500
260802_084201,2,2026-08-02T08:42:01Z,,,,+1.65900
260802_084216,2,2026-08-02T08:42:16Z,-1.61933,-1.61933,0.9962,+1.66100
260802_084231,2,2026-08-02T08:42:31Z,,,,+1.60700
260802_084246,2,2026-08-02T08:42:46Z,,,,+1.61300
260802_084301,2,2026-08-02T08:43:01Z,,,,+1.62100
260802_084316,2,2026-08-02T08:43:16Z,,,,+1.61600
260802_084331,2,2026-08-02T08:43:31Z,,,,+1.61000
260802_084346,2,2026-08-02T08:43:46Z,,,,+1.61800
260802_084401,2,2026-08-02T08:44:01Z,,,,+1.61200
260802_084416,2,2026-08-02T08:44:16Z,,,,+1.63000
260802_084431,2,2026-08-02T08:44:31Z,,,,+1.64200
260802_084446,2,2026-08-02T08:44:46Z,-1.61933,-1.61933,0.9931,+1.66000
260802_084501,2,2026-08-02T08:45:01Z,,,,+1.65200
260802_084516,2,2026-08-02T08:45:16Z,,,,+1.65000
260802_084531,2,2026-08-02T08:45:31Z,,,,+1.67200
260802_084546,2,2026-08-02T08:45:46Z,,,,+1.61400
260802_084601,2,2026-08-02T08:46:01Z,,,,+1.61900
260802_084616,2,2026-08-02T08:46:16Z,,,,+1.62300
260802_084631,2,2026-08-02T08:46:31Z,,,,+1.65400
260802_084646,2,2026-08-02T08:46:46Z,,,,+1.62900
260802_084701,2,2026-08-02T08:47:01Z,,,,+1.66800
260802_084716,2,2026-08-02T08:47:16Z,-1.63933,-1.63933,0.9941,+1.63300
260802_084731,2,2026-08-02T08:47:31Z,,,,+1.67200
260802_084746,2,2026-08-02T08:47:46Z,,,,+1.65300
260802_084801,2,2026-08-02T08:48:01Z,,,,+1.62900
260802_084816,2,2026-08-02T08:48:16Z,,,,+1.65500
260802_084831,2,2026-08-02T08:48:31Z,,,,+1.64600
260802_084846,2,2026-08-02T08:48:46Z,,,,+1.67800
260802_084901,2,2026-08-02T08:49:01Z,,,,+1.65600
260802_084916,2,2026-08-02T08:49:16Z,,,,+1.63600
260802_084931,2,2026-08-02T08:49:31Z,,,,+1.65700
260802_084946,2,2026-08-02T08:49:46Z,-1.63933,-1.63933,0.9961,+1.65700
260802_085001,2,2026-08-02T08:50:01Z,,,,+1.63300
260802_085016,2,2026-08-02T08:50:16Z,,,,+1.67500
260802_085031,2,2026-08-02T08:50:31Z,,,,+1.66800
260802_085046,2,2026-08-02T08:50:46Z,,,,+1.64300
260802_085101,2,2026-08-02T08:51:01Z,,,,+1.66700
260802_085116,2,2026-08-02T08:51:16Z,,,,+1.65300
260802_085131,2,2026-08-02T08:51:31Z,,,,+1.63100
260802_085146,2,2026-08-02T08:51:46Z,,,,+1.66500
260802_085201,2,2026-08-02T08:52:01Z,,,,+1.64300
260802_085216,2,2026-08-02T08:52:16Z,-1.63933,-1.63933,0.9945,+1.68200
260802_085231,2,2026-08-02T08:52:31Z,,,,+1.66000
260802_085246,2,2026-08-02T08:52:46Z,,,,+1.69100
260802_085301,2,2026-08-02T08:53:01Z,,,,+1.67600
260802_085316,2,2026-08-02T08:53:16Z,,,,+1.64800
260802_085331,2,2026-08-02T08:53:31Z,,,,+1.68700
260802_085346,2,2026-08-02T08:53:46Z,,,,+1.66100
260802_085401,2,2026-08-02T08:54:01Z,,,,+1.69600
260802_085416,2,2026-08-02T08:54:16Z,,,,+1.67500
260802_085431,2,2026-08-02T08:54:31Z,,,,+1.64700
260802_085446,2,2026-08-02T08:54:46Z,-1.63933,-1.63933,0.9953,+1.68500
260802_085501,2,2026-08-02T08:55:01Z,,,,+1.67700
260802_085516,2,2026-08-02T08:55:16Z,,,,+1.67800
260802_085531,2,2026-08-02T08:55:31Z,,,,+1.65100
260802_085546,2,2026-08-02T08:55:46Z,,,,+1.69500
260802_085601,2,2026-08-02T08:56:01Z,,,,+1.67000
260802_085616,2,2026-08-02T08:56:16Z,,,,+1.65100
260802_085631,2,2026-08-02T08:56:31Z,,,,+1.65100
260802_085646,2,2026-08-02T08:56:46Z,,,,+1.67900
260802_085701,2,2026-08-02T08:57:01Z,,,,+1.66700
260802_085716,2,2026-08-02T08:57:16Z,-1.67933,-1.67933,0.9917,+1.65000
260802_085731,2,2026-08-02T08:57:31Z,,,,+1.70100
260802_085746,2,2026-08-02T08:57:46Z,,,,+1.68200
260802_085801,2,2026-08-02T08:58:01Z,,,,+1.69200
260802_085816,2,2026-08-02T08:58:16Z,,,,+1.70200
260802_085831,2,2026-08-02T08:58:31Z,,,,+1.67300
260802_085846,2,2026-08-02T08:58:46Z,,,,+1.67200
260802_085901,2,2026-08-02T08:59:01Z,,,,+1.68300
260802_085916,2,2026-08-02T08:59:16Z,,,,+1.68600
260802_085931,2,2026-08-02T08:59:31Z,,,,+1.68800
260802_085946,2,2026-08-02T08:59:46Z,-1.67933,-1.67933,0.9962,+1.70000
260802_090001,2,2026-08-02T09:00:01Z,,,,+1.66500
260802_090016,2,2026-08-02T09:00:16Z,,,,+1.68800
260802_090031,2,2026-08-02T09:00:31Z,,,,+1.69000
260802_090046,2,2026-08-02T09:00:46Z,,,,+1.69900
260802_090101,2,2026-08-02T09:01:01Z,,,,+1.71300
260802_090116,2,2026-08-02T09:01:16Z,,,,+1.67000
260802_090131,2,2026-08-02T09:01:31Z,,,,+1.67200
260802_090146,2,2026-08-02T09:01:46Z,,,,+1.69400
260802_090201,2,2026-08-02T09:02:01Z,,,,+1.68700
260802_090216,2,2026-08-02T09:02:16Z,-1.67933,-1.67933,0.9933,+1.70200
260802_090231,2,2026-08-02T09:02:31Z,,,,+1.70600
260802_090246,2,2026-08-02T09:02:46Z,,,,+1.70500
260802_090301,2,2026-08-02T09:03:01Z,,,,+1.72200
260802_090316,2,2026-08-02T09:03:16Z,,,,+1.67800
260802_090331,2,2026-08-02T09:03:31Z,,,,+1.69100
260802_090346,2,2026-08-02T09:03:46Z,,,,+1.69900
260802_090401,2,2026-08-02T09:04:01Z,,,,+1.70300
260802_090416,2,2026-08-02T09:04:16Z,,,,+1.71100
260802_090431,2,2026-08-02T09:04:31Z,,,,+1.71900
260802_090446,2,2026-08-02T09:04:46Z,-1.67933,-1.67933,0.9891,+1.72300
260802_090501,2,2026-08-02T09:05:01Z,,,,+1.72700
260802_090516,2,2026-08-02T09:05:16Z,,,,+1.66800
260802_090531,2,2026-08-02T09:05:31Z,,,,+1.72600
260802_090546,2,2026-08-02T09:05:46Z,,,,+1.72400
260802_090601,2,2026-08-02T09:06:01Z,,,,+1.73000
260802_090616,2,2026-08-02T09:06:16Z,,,,+1.72800
260802_090631,2,2026-08-02T09:06:31Z,,,,+1.72700
260802_090646,2,2026-08-02T09:06:46Z,,,,+1.72900
260802_090701,2,2026-08-02T09:07:01Z,,,,+1.72100
260802_090716,2,2026-08-02T09:07:16Z,-1.67933,-1.67933,0.9950,+1.70400
260802_090731,2,2026-08-02T09:07:31Z,,,,+1.71100
260802_090746,2,2026-08-02T09:07:46Z,,,,+1.73500
260802_090801,2,2026-08-02T09:08:01Z,,,,+1.72700
260802_090816,2,2026-08-02T09:08:16Z,,,,+1.69100
260802_090831,2,2026-08-02T09:08:31Z,,,,+1.72700
260802_090846,2,2026-08-02T09:08:46Z,,,,+1.70700
260802_090901,2,2026-08-02T09:09:01Z,,,,+1.68100
260802_090916,2,2026-08-02T09:09:16Z,,,,+1.73400
260802_090931,2,2026-08-02T09:09:31Z,,,,+1.69500
260802_090946,2,2026-08-02T09:09:46Z,-1.71933,-1.71933,0.9952,+1.72700
260802_091001,2,2026-08-02T09:10:01Z,,,,+1.68700
260802_091016,2,2026-08-02T09:10:16Z,,,,+1.72200
260802_091031,2,2026-08-02T09:10:31Z,,,,+1.71900
260802_091046,2,2026-08-02T09:10:46Z,,,,+1.73500
260802_091101,2,2026-08-02T09:11:01Z,,,,+1.69600
260802_091116,2,2026-08-02T09:11:16Z,,,,+1.70400
260802_091131,2,2026-08-02T09:11:31Z,,,,+1.70500
260802_091146,2,2026-08-02T09:11:46Z,,,,+1.72900
260802_091201,2,2026-08-02T09:12:01Z,,,,+1.73600
260802_091216,2,2026-08-02T09:12:16Z,-1.71933,-1.71933,0.9939,+1.75300
260802_091231,2,2026-08-02T09:12:31Z,,,,+1.73100
260802_091246,2,2026-08-02T09:12:46Z,,,,+1.71000
260802_091301,2,2026-08-02T09:13:01Z,,,,+1.72600
260802_091316,2,2026-08-02T09:13:16Z,,,,+1.70400
260802_091331,2,2026-08-02T09:13:31Z,,,,+1.72900
260802_091346,2,2026-08-02T09:13:46Z,,,,+1.76100
260802_091401,2,2026-08-02T09:14:01Z,,,,+1.73400
260802_091416,2,2026-08-02T09:14:16Z,,,,+1.70500
260802_091431,2,2026-08-02T09:14:31Z,,,,+1.74100
260802_091446,2,2026-08-02T09:14:46Z,-1.71933,-1.71933,0.9947,+1.70600
260802_091501,2,2026-08-02T09:15:01Z,,,,+1.74300
260802_091516,2,2026-08-02T09:15:16Z,,,,+1.71500
260802_091531,2,2026-08-02T09:15:31Z,,,,+1.72500
260802_091546,2,2026-08-02T09:15:46Z,,,,+1.75300
260802_091601,2,2026-08-02T09:16:01Z,,,,+1.71000
260802_091616,2,2026-08-02T09:16:16Z,,,,+1.77200
260802_091631,2,2026-08-02T09:16:31Z,,,,+1.72700
260802_091646,2,2026-08-02T09:16:46Z,,,,+1.75200
260802_091701,2,2026-08-02T09:17:01Z,,,,+1.71800
260802_091716,2,2026-08-02T09:17:16Z,-1.71933,-1.71933,0.9930,+1.77200
260802_091731,2,2026-08-02T09:17:31Z,,,,+1.73200
260802_091746,2,2026-08-02T09:17:46Z,,,,+1.76300
260802_091801,2,2026-08-02T09:18:01Z,,,,+1.72400
260802_091816,2,2026-08-02T09:18:16Z,,,,+1.74900
260802_091831,2,2026-08-02T09:18:31Z,,,,+1.72900
260802_091846,2,2026-08-02T09:18:46Z,,,,+1.76200
260802_091901,2,2026-08-02T09:19:01Z,,,,+1.72500
260802_091916,2,2026-08-02T09:19:16Z,,,,+1.75300
260802_091931,2,2026-08-02T09:19:31Z,,,,+1.77000
260802_091946,2,2026-08-02T09:19:46Z,-1.71933,-1.71933,0.9922,+1.73100
260802_092001,2,2026-08-02T09:20:01Z,,,,+1.74100
260802_092016,2,2026-08-02T09:20:16Z,,,,+1.76300
260802_092031,2,2026-08-02T09:20:31Z,,,,+1.78300
260802_092046,2,2026-08-02T09:20:46Z,,,,+1.76400
260802_092101,2,2026-08-02T09:21:01Z,,,,+1.75200
260802_092116,2,2026-08-02T09:21:16Z,,,,+1.78200
260802_092131,2,2026-08-02T09:21:31Z,,,,+1.73100
260802_092146,2,2026-08-02T09:21:46Z,,,,+1.75300
260802_092201,2,2026-08-02T09:22:01Z,,,,+1.77100
260802_092216,2,2026-08-02T09:22:16Z,-1.75933,-1.75933,0.9942,+1.78700
260802_092231,2,2026-08-02T09:22:31Z,,,,+1.77500
260802_092246,2,2026-08-02T09:22:46Z,,,,+1.74300
260802_092301,2,2026-08-02T09:23:01Z,,,,+1.77800
260802_092316,2,2026-08-02T09:23:16Z,,,,+1.77500
260802_092331,2,2026-08-02T09:23:31Z,,,,+1.74700
260802_092346,2,2026-08-02T09:23:46Z,,,,+1.78500
260802_092401,2,2026-08-02T09:24:01Z,,,,+1.74600
260802_092416,2,2026-08-02T09:24:16Z,,,,+1.73300
260802_092431,2,2026-08-02T09:24:31Z,,,,+1.76800
260802_092446,2,2026-08-02T09:24:46Z,-1.75933,-1.75933,0.9902,+1.73900
260802_092501,2,2026-08-02T09:25:01Z,,,,+1.77500
260802_092516,2,2026-08-02T09:25:16Z,,,,+1.77100
260802_092531,2,2026-08-02T09:25:31Z,,,,+1.75300
260802_092546,2,2026-08-02T09:25:46Z,,,,+1.78800
260802_092601,2,2026-08-02T09:26:01Z,,,,+1.75700
260802_092616,2,2026-08-02T09:26:16Z,,,,+1.78500
260802_092631,2,2026-08-02T09:26:31Z,,,,+1.76300
260802_092646,2,2026-08-02T09:26:46Z,,,,+1.74600
260802_092701,2,2026-08-02T09:27:01Z,,,,+1.78100
260802_092716,2,2026-08-02T09:27:16Z,-1.75933,-1.75933,0.9979,+1.75400
260802_092731,2,2026-08-02T09:27:31Z,,,,+1.79100
260802_092746,2,2026-08-02T09:27:46Z,,,,+1.74900
260802_092801,2,2026-08-02T09:28:01Z,,,,+1.78000
260802_092816,2,2026-08-02T09:28:16Z,,,,+1.80200
260802_092831,2,2026-08-02T09:28:31Z,,,,+1.76700
260802_092846,2,2026-08-02T09:28:46Z,,,,+1.78700
260802_092901,2,2026-08-02T09:29:01Z,,,,+1.76300
260802_092916,2,2026-08-02T09:29:16Z,,,,+1.77300
260802_092931,2,2026-08-02T09:29:31Z,,,,+1.75600
260802_092946,2,2026-08-02T09:29:46Z,-1.75933,-1.75933,0.9941,+1.78600
260802_093001,2,2026-08-02T09:30:01Z,,,,+1.80700
260802_093016,2,2026-08-02T09:30:16Z,,,,+1.78700
260802_093031,2,2026-08-02T09:30:31Z,,,,+1.75000
260802_093046,2,2026-08-02T09:30:46Z,,,,+1.76900
260802_093101,2,2026-08-02T09:31:01Z,,,,+1.75800
260802_093116,2,2026-08-02T09:31:16Z,,,,+1.76700
260802_093131,2,2026-08-02T09:31:31Z,,,,+1.78500
260802_093146,2,2026-08-02T09:31:46Z,,,,+1.80900
260802_093201,2,2026-08-02T09:32:01Z,,,,+1.81400
260802_093216,2,2026-08-02T09:32:16Z,-1.75933,-1.75933,0.9805,+1.77000
260802_093231,2,2026-08-02T09:32:31Z,,,,+1.78700
260802_093246,2,2026-08-02T09:32:46Z,,,,+1.80100
260802_093301,2,2026-08-02T09:33:01Z,,,,+1.80500
260802_093316,2,2026-08-02T09:33:16Z,,,,+1.80200
260802_093331,2,2026-08-02T09:33:31Z,,,,+1.80300
260802_093346,2,2026-08-02T09:33:46Z,,,,+1.76000
260802_093401,2,2026-08-02T09:34:01Z,,,,+1.76800
260802_093416,2,2026-08-02T09:34:16Z,,,,+1.80000
260802_093431,2,2026-08-02T09:34:31Z,,,,+1.81500
260802_093446,2,2026-08-02T09:34:46Z,-1.79933,-1.79933,0.9890,+1.76500
260802_093501,2,2026-08-02T09:35:01Z,,,,+1.78400
260802_093516,2,2026-08-02T09:35:16Z,,,,+1.80100
260802_093531,2,2026-08-02T09:35:31Z,,,,+1.78000
260802_093546,2,2026-08-02T09:35:46Z,,,,+1.78600
260802_093601,2,2026-08-02T09:36:01Z,,,,+1.76600
260802_093616,2,2026-08-02T09:36:16Z,,,,+1.81700
260802_093631,2,2026-08-02T09:36:31Z,,,,+1.80800
260802_093646,2,2026-08-02T09:36:46Z,,,,+1.80000
260802_093701,2,2026-08-02T09:37:01Z,,,,+1.78800
260802_093716,2,2026-08-02T09:37:16Z,-1.77933,-1.77933,0.9816,+1.82700
260802_093731,2,2026-08-02T09:37:31Z,,,,+1.79300
260802_093746,2,2026-08-02T09:37:46Z,,,,+1.78700
260802_093801,2,2026-08-02T09:38:01Z,,,,+1.82700
260802_093816,2,2026-08-02T09:38:16Z,,,,+1.82800
260802_093831,2,2026-08-02T09:38:31Z,,,,+1.78400
260802_093846,2,2026-08-02T09:38:46Z,,,,+1.77800
260802_093901,2,2026-08-02T09:39:01Z,,,,+1.82000
260802_093916,2,2026-08-02T09:39:16Z,,,,+1.81500
260802_093931,2,2026-08-02T09:39:31Z,,,,+1.80400
260802_093946,2,2026-08-02T09:39:46Z,-1.77933,-1.77933,0.9963,+1.79500
260802_094001,2,2026-08-02T09:40:01Z,,,,+1.78300
260802_094016,2,2026-08-02T09:40:16Z,,,,+1.82500
260802_094031,2,2026-08-02T09:40:31Z,,,,+1.81600
260802_094046,2,2026-08-02T09:40:46Z,,,,+1.79700
260802_094101,2,2026-08-02T09:41:01Z,,,,+1.84000
260802_094116,2,2026-08-02T09:41:16Z,,,,+1.83000
260802_094131,2,2026-08-02T09:41:31Z,,,,+1.81200
260802_094146,2,2026-08-02T09:41:46Z,,,,+1.78600
260802_094201,2,2026-08-02T09:42:01Z,,,,+1.84300
260802_094216,2,2026-08-02T09:42:16Z,-1.81933,-1.81933,0.9785,+1.82100
260802_094231,2,2026-08-02T09:42:31Z,,,,+1.81200
260802_094246,2,2026-08-02T09:42:46Z,,,,+1.79900
260802_094301,2,2026-08-02T09:43:01Z,,,,+1.84300
260802_094316,2,2026-08-02T09:43:16Z,,,,+1.83500
260802_094331,2,2026-08-02T09:43:31Z,,,,+1.80500
260802_094346,2,2026-08-02T09:43:46Z,,,,+1.79300
260802_094401,2,2026-08-02T09:44:01Z,,,,+1.83900
260802_094416,2,2026-08-02T09:44:16Z,,,,+1.81400
260802_094431,2,2026-08-02T09:44:31Z,,,,+1.79700
260802_094446,2,2026-08-02T09:44:46Z,-1.81933,-1.81933,0.9905,+1.84700
260802_094501,2,2026-08-02T09:45:01Z,,,,+1.83300
260802_094516,2,2026-08-02T09:45:16Z,,,,+1.82100
260802_094531,2,2026-08-02T09:45:31Z,,,,+1.84700
260802_094546,2,2026-08-02T09:45:46Z,,,,+1.83400
260802_094601,2,2026-08-02T09:46:01Z,,,,+1.81800
260802_094616,2,2026-08-02T09:46:16Z,,,,+1.80300
260802_094631,2,2026-08-02T09:46:31Z,,,,+1.84100
260802_094646,2,2026-08-02T09:46:46Z,,,,+1.81400
260802_094701,2,2026-08-02T09:47:01Z,,,,+1.81000
260802_094716,2,2026-08-02T09:47:16Z,-1.81933,-1.81933,0.9841,+1.80700
260802_094731,2,2026-08-02T09:47:31Z,,,,+1.84600
260802_094746,2,2026-08-02T09:47:46Z,,,,+1.84700
260802_094801,2,2026-08-02T09:48:01Z,,,,+1.83000
260802_094816,2,2026-08-02T09:48:16Z,,,,+1.81600
260802_094831,2,2026-08-02T09:48:31Z,,,,+1.84800
260802_094846,2,2026-08-02T09:48:46Z,,,,+1.81500
260802_094901,2,2026-08-02T09:49:01Z,,,,+1.81700
260802_094916,2,2026-08-02T09:49:16Z,,,,+1.83900
260802_094931,2,2026-08-02T09:49:31Z,,,,+1.82600
260802_094946,2,2026-08-02T09:49:46Z,-1.81933,-1.81933,0.9918,+1.80600
260802_095001,2,2026-08-02T09:50:01Z,,,,+1.85800
260802_095016,2,2026-08-02T09:50:16Z,,,,+1.83700
260802_095031,2,2026-08-02T09:50:31Z,,,,+1.80800
260802_095046,2,2026-08-02T09:50:46Z,,,,+1.84900
260802_095101,2,2026-08-02T09:51:01Z,,,,+1.82100
260802_095116,2,2026-08-02T09:51:16Z,,,,+1.84300
260802_095131,2,2026-08-02T09:51:31Z,,,,+1.82100
260802_095146,2,2026-08-02T09:51:46Z,,,,+1.84700
260802_095201,2,2026-08-02T09:52:01Z,,,,+1.83300
260802_095216,2,2026-08-02T09:52:16Z,-1.81933,-1.81933,0.9873,+1.85300
260802_095231,2,2026-08-02T09:52:31Z,,,,+1.83700
260802_095246,2,2026-08-02T09:52:46Z,,,,+1.81300
260802_095301,2,2026-08-02T09:53:01Z,,,,+1.85500
260802_095316,2,2026-08-02T09:53:16Z,,,,+1.83700
260802_095331,2,2026-08-02T09:53:31Z,,,,+1.82300
260802_095346,2,2026-08-02T09:53:46Z,,,,+1.82100
260802_095401,2,2026-08-02T09:54:01Z,,,,+1.82300
260802_095416,2,2026-08-02T09:54:16Z,,,,+1.87700
260802_095431,2,2026-08-02T09:54:31Z,,,,+1.82500
260802_095446,2,2026-08-02T09:54:46Z,-1.81933,-1.81933,0.9959,+1.84400
260802_095501,2,2026-08-02T09:55:01Z,,,,+1.87100
260802_095516,2,2026-08-02T09:55:16Z,,,,+1.83600
260802_095531,2,2026-08-02T09:55:31Z,,,,+1.84300
260802_095546,2,2026-08-02T09:55:46Z,,,,+1.87800
260802_095601,2,2026-08-02T09:56:01Z,,,,+1.82500
260802_095616,2,2026-08-02T09:56:16Z,,,,+1.85100
260802_095631,2,2026-08-02T09:56:31Z,,,,+1.87700
260802_095646,2,2026-08-02T09:56:46Z,,,,+1.87700
260802_095701,2,2026-08-02T09:57:01Z,,,,+1.88100
260802_095716,2,2026-08-02T09:57:16Z,-1.85933,-1.85933,0.9947,+1.87300
260802_095731,2,2026-08-02T09:57:31Z,,,,+1.88300
260802_095746,2,2026-08-02T09:57:46Z,,,,+1.88700
260802_095801,2,2026-08-02T09:58:01Z,,,,+1.86900
260802_095816,2,2026-08-02T09:58:16Z,,,,+1.84800
260802_095831,2,2026-08-02T09:58:31Z,,,,+1.87200
260802_095846,2,2026-08-02T09:58:46Z,,,,+1.87000
260802_095901,2,2026-08-02T09:59:01Z,,,,+1.85600
260802_095916,2,2026-08-02T09:59:16Z,,,,+1.88000
260802_095931,2,2026-08-02T09:59:31Z,,,,+1.84800
260802_095946,2,2026-08-02T09:59:46Z,-1.85933,-1.85933,0.9916,+1.83300
260802_100001,2,2026-08-02T10:00:01Z,,,,+1.86300
260802_100016,2,2026-08-02T10:00:16Z,,,,+1.83600
260802_100031,2,2026-08-02T10:00:31Z,,,,+1.87500
260802_100046,2,2026-08-02T10:00:46Z,,,,+1.85000
260802_100101,2,2026-08-02T10:01:01Z,,,,+1.88900
260802_100116,2,2026-08-02T10:01:16Z,,,,+1.85600
260802_100131,2,2026-08-02T10:01:31Z,,,,+1.84000
260802_100146,2,2026-08-02T10:01:46Z,,,,+1.89000
260802_100201,2,2026-08-02T10:02:01Z,,,,+1.87300
260802_100216,2,2026-08-02T10:02:16Z,-1.85933,-1.85933,0.9948,+1.89300
260802_100231,2,2026-08-02T10:02:31Z,,,,+1.87100
260802_100246,2,2026-08-02T10:02:46Z,,,,+1.84200
260802_100301,2,2026-08-02T10:03:01Z,,,,+1.87700
260802_100316,2,2026-08-02T10:03:16Z,,,,+1.90100
260802_100331,2,2026-08-02T10:03:31Z,,,,+1.85400
260802_100346,2,2026-08-02T10:03:46Z,,,,+1.87800
260802_100401,2,2026-08-02T10:04:01Z,,,,+1.90000
260802_100416,2,2026-08-02T10:04:16Z,,,,+1.85500
260802_100431,2,2026-08-02T10:04:31Z,,,,+1.88200
260802_100446,2,2026-08-02T10:04:46Z,-1.85933,-1.85933,0.9953,+1.85300
260802_100501,2,2026-08-02T10:05:01Z,,,,+1.87000
260802_100516,2,2026-08-02T10:05:16Z,,,,+1.88600
260802_100531,2,2026-08-02T10:05:31Z,,,,+1.90500
260802_100546,2,2026-08-02T10:05:46Z,,,,+1.86200
260802_100601,2,2026-08-02T10:06:01Z,,,,+1.90600
260802_100616,2,2026-08-02T10:06:16Z,,,,+1.87500
260802_100631,2,2026-08-02T10:06:31Z,,,,+1.85400
260802_100646,2,2026-08-02T10:06:46Z,,,,+1.90400
260802_100701,2,2026-08-02T10:07:01Z,,,,+1.86700
260802_100716,2,2026-08-02T10:07:16Z,-1.85933,-1.85933,0.9921,+1.91100
260802_100731,2,2026-08-02T10:07:31Z,,,,+1.89200
260802_100746,2,2026-08-02T10:07:46Z,,,,+1.86500
260802_100801,2,2026-08-02T10:08:01Z,,,,+1.89900
260802_100816,2,2026-08-02T10:08:16Z,,,,+1.87200
260802_100831,2,2026-08-02T10:08:31Z,,,,+1.92000
260802_100846,2,2026-08-02T10:08:46Z,,,,+1.90600
260802_100901,2,2026-08-02T10:09:01Z,,,,+1.86800
260802_100916,2,2026-08-02T10:09:16Z,,,,+1.92200
260802_100931,2,2026-08-02T10:09:31Z,,,,+1.89000
260802_100946,2,2026-08-02T10:09:46Z,-1.89933,-1.89933,0.9946,+1.92300
260802_101001,2,2026-08-02T10:10:01Z,,,,+1.90000
260802_101016,2,2026-08-02T10:10:16Z,,,,+1.87700
260802_101031,2,2026-08-02T10:10:31Z,,,,+1.91700
260802_101046,2,2026-08-02T10:10:46Z,,,,+1.88700
260802_101101,2,2026-08-02T10:11:01Z,,,,+1.86600
260802_101116,2,2026-08-02T10:11:16Z,,,,+1.89200
260802_101131,2,2026-08-02T10:11:31Z,,,,+1.91600
260802_101146,2,2026-08-02T10:11:46Z,,,,+1.92600
260802_101201,2,2026-08-02T10:12:01Z,,,,+1.92700
260802_101216,2,2026-08-02T10:12:16Z,-1.86933,-1.86933,0.9920,+1.90600
260802_101231,2,2026-08-02T10:12:31Z,,,,+1.92300
260802_101246,2,2026-08-02T10:12:46Z,,,,+1.93300
260802_101301,2,2026-08-02T10:13:01Z,,,,+1.93100
260802_101316,2,2026-08-02T10:13:16Z,,,,+1.89400
260802_101331,2,2026-08-02T10:13:31Z,,,,+1.90600
260802_101346,2,2026-08-02T10:13:46Z,,,,+1.92300
260802_101401,2,2026-08-02T10:14:01Z,,,,+1.93000
260802_101416,2,2026-08-02T10:14:16Z,,,,+1.91600
260802_101431,2,2026-08-02T10:14:31Z,,,,+1.88600
260802_101446,2,2026-08-02T10:14:46Z,-1.90933,-1.90933,0.9923,+1.92400
260802_101501,2,2026-08-02T10:15:01Z,,,,+1.89900
260802_101516,2,2026-08-02T10:15:16Z,,,,+1.89800
260802_101531,2,2026-08-02T10:15:31Z,,,,+1.93300
260802_101546,2,2026-08-02T10:15:46Z,,,,+1.90300
260802_101601,2,2026-08-02T10:16:01Z,,,,+1.88100
260802_101616,2,2026-08-02T10:16:16Z,,,,+1.88300
260802_101631,2,2026-08-02T10:16:31Z,,,,+1.91400
260802_101646,2,2026-08-02T10:16:46Z,,,,+1.89100
260802_101701,2,2026-08-02T10:17:01Z,,,,+1.94200
260802_101716,2,2026-08-02T10:17:16Z,-1.90933,-1.90933,0.9863,+1.91000
260802_101731,2,2026-08-02T10:17:31Z,,,,+1.91500
260802_101746,2,2026-08-02T10:17:46Z,,,,+1.90400
260802_101801,2,2026-08-02T10:18:01Z,,,,+1.88900
260802_101816,2,2026-08-02T10:18:16Z,,,,+1.94300
260802_101831,2,2026-08-02T10:18:31Z,,,,+1.91800
260802_101846,2,2026-08-02T10:18:46Z,,,,+1.89600
260802_101901,2,2026-08-02T10:19:01Z,,,,+1.92700
260802_101916,2,2026-08-02T10:19:16Z,,,,+1.91800
260802_101931,2,2026-08-02T10:19:31Z,,,,+1.89600
260802_101946,2,2026-08-02T10:19:46Z,-1.90933,-1.90933,0.9876,+1.91500
260802_102001,2,2026-08-02T10:20:01Z,,,,+1.93800
260802_102016,2,2026-08-02T10:20:16Z,,,,+1.90500
260802_102031,2,2026-08-02T10:20:31Z,,,,+1.94700
260802_102046,2,2026-08-02T10:20:46Z,,,,+1.94100
260802_102101,2,2026-08-02T10:21:01Z,,,,+1.90700
260802_102116,2,2026-08-02T10:21:16Z,,,,+1.95000
260802_102131,2,2026-08-02T10:21:31Z,,,,+1.92200
260802_102146,2,2026-08-02T10:21:46Z,,,,+1.93900
260802_102201,2,2026-08-02T10:22:01Z,,,,+1.90600
260802_102216,2,2026-08-02T10:22:16Z,-1.90933,-1.90933,0.9945,+1.93700
260802_102231,2,2026-08-02T10:22:31Z,,,,+1.91600
260802_102246,2,2026-08-02T10:22:46Z,,,,+1.95000
260802_102301,2,2026-08-02T10:23:01Z,,,,+1.95100
260802_102316,2,2026-08-02T10:23:16Z,,,,+1.92200
260802_102331,2,2026-08-02T10:23:31Z,,,,+1.95500
260802_102346,2,2026-08-02T10:23:46Z,,,,+1.91500
260802_102401,2,2026-08-02T10:24:01Z,,,,+1.94500
260802_102416,2,2026-08-02T10:24:16Z,,,,+1.93300
260802_102431,2,2026-08-02T10:24:31Z,,,,+1.90300
260802_102446,2,2026-08-02T10:24:46Z,-1.90933,-1.90933,0.9898,+1.95000
260802_102501,2,2026-08-02T10:25:01Z,,,,+1.92800
260802_102516,2,2026-08-02T10:25:16Z,,,,+1.96600
260802_102531,2,2026-08-02T10:25:31Z,,,,+1.93400
260802_102546,2,2026-08-02T10:25:46Z,,,,+1.90900
260802_102601,2,2026-08-02T10:26:01Z,,,,+1.94300
260802_102616,2,2026-08-02T10:26:16Z,,,,+1.90800
260802_102631,2,2026-08-02T10:26:31Z,,,,+1.94100
260802_102646,2,2026-08-02T10:26:46Z,,,,+1.94600
260802_102701,2,2026-08-02T10:27:01Z,,,,+1.91800
260802_102716,2,2026-08-02T10:27:16Z,-1.94933,-1.94933,0.9927,+1.96200
260802_102731,2,2026-08-02T10:27:31Z,,,,+1.92900
260802_102746,2,2026-08-02T10:27:46Z,,,,+1.94500
260802_102801,2,2026-08-02T10:28:01Z,,,,+1.92300
260802_102816,2,2026-08-02T10:28:16Z,,,,+1.96200
260802_102831,2,2026-08-02T10:28:31Z,,,,+1.93800
260802_102846,2,2026-08-02T10:28:46Z,,,,+1.93600
260802_102901,2,2026-08-02T10:29:01Z,,,,+1.97400
260802_102916,2,2026-08-02T10:29:16Z,,,,+1.94400
260802_102931,2,2026-08-02T10:29:31Z,,,,+1.94700
260802_102946,2,2026-08-02T10:29:46Z,-1.94933,-1.94933,0.9828,+1.96700
260802_103001,2,2026-08-02T10:30:01Z,,,,+1.92000
260802_103016,2,2026-08-02T10:30:16Z,,,,+1.95200
260802_103031,2,2026-08-02T10:30:31Z,,,,+1.92300
260802_103046,2,2026-08-02T10:30:46Z,,,,+1.94600
260802_103101,2,2026-08-02T10:31:01Z,,,,+1.93300
260802_103116,2,2026-08-02T10:31:16Z,,,,+1.97600
260802_103131,2,2026-08-02T10:31:31Z,,,,+1.95600
260802_103146,2,2026-08-02T10:31:46Z,,,,+1.92600
260802_103201,2,2026-08-02T10:32:01Z,,,,+1.97100
260802_103216,2,2026-08-02T10:32:16Z,-1.94933,-1.94933,0.9940,+1.93500
260802_103231,2,2026-08-02T10:32:31Z,,,,+1.97900
260802_103246,2,2026-08-02T10:32:46Z,,,,+1.96200
260802_103301,2,2026-08-02T10:33:01Z,,,,+1.94100
260802_103316,2,2026-08-02T10:33:16Z,,,,+1.96900
260802_103331,2,2026-08-02T10:33:31Z,,,,+1.93700
260802_103346,2,2026-08-02T10:33:46Z,,,,+1.96600
260802_103401,2,2026-08-02T10:34:01Z,,,,+1.95200
260802_103416,2,2026-08-02T10:34:16Z,,,,+1.98400
260802_103431,2,2026-08-02T10:34:31Z,,,,+1.95800
260802_103446,2,2026-08-02T10:34:46Z,-1.94933,-1.94932,0.9799,+1.94800
260802_103501,2,2026-08-02T10:35:01Z,,,,+1.98400
260802_103516,2,2026-08-02T10:35:16Z,,,,+1.95300
260802_103531,2,2026-08-02T10:35:31Z,,,,+1.97300
260802_103546,2,2026-08-02T10:35:46Z,,,,+1.95300
260802_103601,2,2026-08-02T10:36:01Z,,,,+1.97400
260802_103616,2,2026-08-02T10:36:16Z,,,,+1.96000
260802_103631,2,2026-08-02T10:36:31Z,,,,+1.93800
260802_103646,2,2026-08-02T10:36:46Z,,,,+1.97100
260802_103701,2,2026-08-02T10:37:01Z,,,,+1.98200
260802_103716,2,2026-08-02T10:37:16Z,-1.94933,-1.94932,0.9747,+1.98400
260802_103731,2,2026-08-02T10:37:31Z,,,,+1.98000
260802_103746,2,2026-08-02T10:37:46Z,,,,+1.99100
260802_103801,2,2026-08-02T10:38:01Z,,,,+1.94700
260802_103816,2,2026-08-02T10:38:16Z,,,,+1.97100
260802_103831,2,2026-08-02T10:38:31Z,,,,+1.99100
260802_103846,2,2026-08-02T10:38:46Z,,,,+1.96800
260802_103901,2,2026-08-02T10:39:01Z,,,,+1.99300
260802_103916,2,2026-08-02T10:39:16Z,,,,+1.95100
260802_103931,2,2026-08-02T10:39:31Z,,,,+1.99200
260802_103946,2,2026-08-02T10:39:46Z,-1.94933,-1.94933,0.9869,+1.97700
260802_104001,2,2026-08-02T10:40:01Z,,,,+1.94900
260802_104016,2,2026-08-02T10:40:16Z,,,,+1.99100
260802_104031,2,2026-08-02T10:40:31Z,,,,+1.96300
260802_104046,2,2026-08-02T10:40:46Z,,,,+1.99300
260802_104102,2,2026-08-02T10:41:02Z,,,,+2.00400
260802_104117,2,2026-08-02T10:41:17Z,,,,+2.00000
260802_104132,2,2026-08-02T10:41:32Z,,,,+2.00200
260802_104146,2,2026-08-02T10:41:46Z,,,,+1.96500
260802_104201,2,2026-08-02T10:42:01Z,,,,+1.96300
260802_104216,2,2026-08-02T10:42:16Z,-1.98933,-1.98933,0.9881,+1.97700
260802_104231,2,2026-08-02T10:42:31Z,,,,+1.97600
260802_104246,2,2026-08-02T10:42:46Z,,,,+1.98100
260802_104301,2,2026-08-02T10:43:01Z,,,,+1.96500
260802_104317,2,2026-08-02T10:43:17Z,,,,+2.00400
260802_104331,2,2026-08-02T10:43:31Z,,,,+1.99900
260802_104346,2,2026-08-02T10:43:46Z,,,,+1.99300
260802_104401,2,2026-08-02T10:44:01Z,,,,+1.96600
260802_104416,2,2026-08-02T10:44:16Z,,,,+1.98200
260802_104431,2,2026-08-02T10:44:31Z,,,,+1.99400
260802_104446,2,2026-08-02T10:44:46Z,-1.98933,-1.98933,0.9985,+1.96500
260802_104501,2,2026-08-02T10:45:01Z,,,,+1.99300
260802_104516,2,2026-08-02T10:45:16Z,,,,+1.97000
260802_104532,2,2026-08-02T10:45:32Z,,,,+2.01600
260802_104546,2,2026-08-02T10:45:46Z,,,,+1.98700
260802_104602,2,2026-08-02T10:46:02Z,,,,+2.01300
260802_104617,2,2026-08-02T10:46:17Z,,,,+2.00400
260802_104631,2,2026-08-02T10:46:31Z,,,,+1.98500
260802_104646,2,2026-08-02T10:46:46Z,,,,+1.97600
260802_104701,2,2026-08-02T10:47:01Z,,,,+1.97500
260802_104716,2,2026-08-02T10:47:16Z,-1.98933,-1.98933,0.9833,+1.99300
260802_104732,2,2026-08-02T10:47:32Z,,,,+2.02200
260802_104746,2,2026-08-02T10:47:46Z,,,,+1.98600
260802_104802,2,2026-08-02T10:48:02Z,,,,+2.01700
260802_104817,2,2026-08-02T10:48:17Z,,,,+2.01300
260802_104831,2,2026-08-02T10:48:31Z,,,,+1.99800
260802_104847,2,2026-08-02T10:48:47Z,,,,+2.00000
260802_104902,2,2026-08-02T10:49:02Z,,,,+2.01600
260802_104917,2,2026-08-02T10:49:17Z,,,,+2.00200
260802_104932,2,2026-08-02T10:49:32Z,,,,+2.02000
260802_104947,2,2026-08-02T10:49:47Z,-1.98933,-1.98933,0.9890,+2.02300
260802_105001,2,2026-08-02T10:50:01Z,,,,+1.99000
260802_105017,2,2026-08-02T10:50:17Z,,,,+2.02700
260802_105032,2,2026-08-02T10:50:32Z,,,,+2.01100
260802_105047,2,2026-08-02T10:50:47Z,,,,+2.03300
260802_105101,2,2026-08-02T10:51:01Z,,,,+1.99600
260802_105117,2,2026-08-02T10:51:17Z,,,,+2.03100
260802_105132,2,2026-08-02T10:51:32Z,,,,+2.02100
260802_105147,2,2026-08-02T10:51:47Z,,,,+2.03700
260802_105201,2,2026-08-02T10:52:01Z,,,,+1.99000
260802_105217,2,2026-08-02T10:52:17Z,-1.98933,-1.98933,0.9857,+2.01500
260802_105231,2,2026-08-02T10:52:31Z,,,,+1.99200
260802_105247,2,2026-08-02T10:52:47Z,,,,+2.02800
260802_105302,2,2026-08-02T10:53:02Z,,,,+2.02700
260802_105317,2,2026-08-02T10:53:17Z,,,,+2.02000
260802_105332,2,2026-08-02T10:53:32Z,,,,+2.01900
260802_105347,2,2026-08-02T10:53:47Z,,,,+2.03900
260802_105402,2,2026-08-02T10:54:02Z,,,,+2.01400
260802_105416,2,2026-08-02T10:54:16Z,,,,+1.99300
260802_105432,2,2026-08-02T10:54:32Z,,,,+2.01900
260802_105447,2,2026-08-02T10:54:47Z,-1.98933,-1.98933,0.9753,+2.03400
260802_105502,2,2026-08-02T10:55:02Z,,,,+2.04200
260802_105517,2,2026-08-02T10:55:17Z,,,,+2.00000
260802_105532,2,2026-08-02T10:55:32Z,,,,+2.02600
260802_105547,2,2026-08-02T10:55:47Z,,,,+2.00600
260802_105602,2,2026-08-02T10:56:02Z,,,,+2.04400
260802_105617,2,2026-08-02T10:56:17Z,,,,+2.05200
260802_105632,2,2026-08-02T10:56:32Z,,,,+2.02900
260802_105647,2,2026-08-02T10:56:47Z,,,,+2.02300
260802_105702,2,2026-08-02T10:57:02Z,,,,+2.05400
260802_105717,2,2026-08-02T10:57:17Z,-2.02933,-2.02933,0.9995,+2.03200
260802_105732,2,2026-08-02T10:57:32Z,,,,+2.01300
260802_105747,2,2026-08-02T10:57:47Z,,,,+2.02300
260802_105802,2,2026-08-02T10:58:02Z,,,,+2.03500
260802_105817,2,2026-08-02T10:58:17Z,,,,+2.04300
260802_105832,2,2026-08-02T10:58:32Z,,,,+2.05700
260802_105847,2,2026-08-02T10:58:47Z,,,,+2.01300
260802_105902,2,2026-08-02T10:59:02Z,,,,+2.05700
260802_105917,2,2026-08-02T10:59:17Z,,,,+2.04300
260802_105932,2,2026-08-02T10:59:32Z,,,,+2.01700
260802_105947,2,2026-08-02T10:59:47Z,-2.02933,-2.02933,0.9946,+2.01400
260802_110002,2,2026-08-02T11:00:02Z,,,,+2.04700
260802_110017,2,2026-08-02T11:00:17Z,,,,+2.04400
260802_110032,2,2026-08-02T11:00:32Z,,,,+2.01200
260802_110047,2,2026-08-02T11:00:47Z,,,,+2.02700
260802_110102,2,2026-08-02T11:01:02Z,,,,+2.05400
260802_110117,2,2026-08-02T11:01:17Z,,,,+2.01900
260802_110132,2,2026-08-02T11:01:32Z,,,,+2.01600
260802_110147,2,2026-08-02T11:01:47Z,,,,+2.06100
260802_110202,2,2026-08-02T11:02:02Z,,,,+2.03400
260802_110217,2,2026-08-02T11:02:17Z,-2.02933,-2.02933,0.9648,+2.03600
260802_110232,2,2026-08-02T11:02:32Z,,,,+2.02400
260802_110247,2,2026-08-02T11:02:47Z,,,,+2.04200
260802_110302,2,2026-08-02T11:03:02Z,,,,+2.05100
260802_110317,2,2026-08-02T11:03:17Z,,,,+2.03800
260802_110332,2,2026-08-02T11:03:32Z,,,,+2.07200
260802_110347,2,2026-08-02T11:03:47Z,,,,+2.03600
260802_110402,2,2026-08-02T11:04:02Z,,,,+2.06000
260802_110417,2,2026-08-02T11:04:17Z,,,,+2.03700
260802_110432,2,2026-08-02T11:04:32Z,,,,+2.07900
260802_110447,2,2026-08-02T11:04:47Z,-2.02933,-2.02933,0.9944,+2.03900
260802_110502,2,2026-08-02T11:05:02Z,,,,+2.02800
260802_110517,2,2026-08-02T11:05:17Z,,,,+2.07100
260802_110532,2,2026-08-02T11:05:32Z,,,,+2.02400
260802_110547,2,2026-08-02T11:05:47Z,,,,+2.06200
260802_110602,2,2026-08-02T11:06:02Z,,,,+2.08100
260802_110617,2,2026-08-02T11:06:17Z,,,,+2.05000
260802_110632,2,2026-08-02T11:06:32Z,,,,+2.02400
260802_110647,2,2026-08-02T11:06:47Z,,,,+2.04900
260802_110702,2,2026-08-02T11:07:02Z,,,,+2.08600
260802_110717,2,2026-08-02T11:07:17Z,-2.02933,-2.02933,0.9651,+2.05600
260802_110732,2,2026-08-02T11:07:32Z,,,,+2.03900
260802_110747,2,2026-08-02T11:07:47Z,,,,+2.05700
260802_110802,2,2026-08-02T11:08:02Z,,,,+2.08100
260802_110817,2,2026-08-02T11:08:17Z,,,,+2.05500
260802_110832,2,2026-08-02T11:08:32Z,,,,+2.07200
260802_110847,2,2026-08-02T11:08:47Z,,,,+2.06000
260802_110902,2,2026-08-02T11:09:02Z,,,,+2.08500
260802_110917,2,2026-08-02T11:09:17Z,,,,+2.03800
260802_110932,2,2026-08-02T11:09:32Z,,,,+2.04800
260802_110947,2,2026-08-02T11:09:47Z,-2.06933,-2.06933,0.9904,+2.07200
260802_111002,2,2026-08-02T11:10:02Z,,,,+2.07100
260802_111017,2,2026-08-02T11:10:17Z,,,,+2.04300
260802_111032,2,2026-08-02T11:10:32Z,,,,+2.07800
260802_111047,2,2026-08-02T11:10:47Z,,,,+2.04400
260802_111102,2,2026-08-02T11:11:02Z,,,,+2.05300
260802_111117,2,2026-08-02T11:11:17Z,,,,+2.05000
260802_111132,2,2026-08-02T11:11:32Z,,,,+2.07900
260802_111147,2,2026-08-02T11:11:47Z,,,,+2.03900
260802_111202,2,2026-08-02T11:12:02Z,,,,+2.07400
260802_111217,2,2026-08-02T11:12:17Z,-2.06933,-2.06933,0.9951,+2.07600
260802_111232,2,2026-08-02T11:12:32Z,,,,+2.07000
260802_111247,2,2026-08-02T11:12:47Z,,,,+2.04200
260802_111302,2,2026-08-02T11:13:02Z,,,,+2.07200
260802_111317,2,2026-08-02T11:13:17Z,,,,+2.07700
260802_111332,2,2026-08-02T11:13:32Z,,,,+2.08600
260802_111347,2,2026-08-02T11:13:47Z,,,,+2.06400
260802_111402,2,2026-08-02T11:14:02Z,,,,+2.10500
260802_111417,2,2026-08-02T11:14:17Z,,,,+2.09100
260802_111432,2,2026-08-02T11:14:32Z,,,,+2.06500
260802_111447,2,2026-08-02T11:14:47Z,-2.06933,-2.06933,0.9691,+2.04600
260802_111502,2,2026-08-02T11:15:02Z,,,,+2.07300
260802_111517,2,2026-08-02T11:15:17Z,,,,+2.04800
260802_111532,2,2026-08-02T11:15:32Z,,,,+2.07000
260802_111547,2,2026-08-02T11:15:47Z,,,,+2.08500
260802_111602,2,2026-08-02T11:16:02Z,,,,+2.10800
260802_111617,2,2026-08-02T11:16:17Z,,,,+2.08600
260802_111632,2,2026-08-02T11:16:32Z,,,,+2.05400
260802_111647,2,2026-08-02T11:16:47Z,,,,+2.10900
260802_111702,2,2026-08-02T11:17:02Z,,,,+2.10000
260802_111717,2,2026-08-02T11:17:17Z,-2.06933,-2.06933,0.9837,+2.08300
260802_111732,2,2026-08-02T11:17:32Z,,,,+2.06300
260802_111747,2,2026-08-02T11:17:47Z,,,,+2.05600
260802_111802,2,2026-08-02T11:18:02Z,,,,+2.07600
260802_111817,2,2026-08-02T11:18:17Z,,,,+2.08800
260802_111832,2,2026-08-02T11:18:32Z,,,,+2.06800
260802_111847,2,2026-08-02T11:18:47Z,,,,+2.08300
260802_111902,2,2026-08-02T11:19:02Z,,,,+2.10300
260802_111917,2,2026-08-02T11:19:17Z,,,,+2.11000
260802_111932,2,2026-08-02T11:19:32Z,,,,+2.12100
260802_111947,2,2026-08-02T11:19:47Z,-2.06933,-2.06933,0.9919,+2.06800
260802_112002,2,2026-08-02T11:20:02Z,,,,+2.06900
260802_112017,2,2026-08-02T11:20:17Z,,,,+2.07600
260802_112032,2,2026-08-02T11:20:32Z,,,,+2.08300
260802_112047,2,2026-08-02T11:20:47Z,,,,+2.08300
260802_112102,2,2026-08-02T11:21:02Z,,,,+2.08600
260802_112117,2,2026-08-02T11:21:17Z,,,,+2.12600
260802_112132,2,2026-08-02T11:21:32Z,,,,+2.08500
260802_112147,2,2026-08-02T11:21:47Z,,,,+2.07200
260802_112202,2,2026-08-02T11:22:02Z,,,,+2.09800
260802_112217,2,2026-08-02T11:22:17Z,-2.06933,-2.06933,0.9927,+2.10500
260802_112232,2,2026-08-02T11:22:32Z,,,,+2.09300
260802_112247,2,2026-08-02T11:22:47Z,,,,+2.11700
260802_112302,2,2026-08-02T11:23:02Z,,,,+2.13000
260802_112317,2,2026-08-02T11:23:17Z,,,,+2.10900
260802_112332,2,2026-08-02T11:23:32Z,,,,+2.10800
260802_112347,2,2026-08-02T11:23:47Z,,,,+2.13300
260802_112402,2,2026-08-02T11:24:02Z,,,,+2.08300
260802_112417,2,2026-08-02T11:24:17Z,,,,+2.13000
260802_112432,2,2026-08-02T11:24:32Z,,,,+2.13300
260802_112447,2,2026-08-02T11:24:47Z,-2.10933,-2.10933,0.9864,+2.11500
260802_112502,2,2026-08-02T11:25:02Z,,,,+2.09800
260802_112517,2,2026-08-02T11:25:17Z,,,,+2.10300
260802_112532,2,2026-08-02T11:25:32Z,,,,+2.11300
260802_112547,2,2026-08-02T11:25:47Z,,,,+2.11100
260802_112602,2,2026-08-02T11:26:02Z,,,,+2.12800
260802_112617,2,2026-08-02T11:26:17Z,,,,+2.13100
260802_112632,2,2026-08-02T11:26:32Z,,,,+2.09300
260802_112647,2,2026-08-02T11:26:47Z,,,,+2.12700
260802_112702,2,2026-08-02T11:27:02Z,,,,+2.10200
260802_112717,2,2026-08-02T11:27:17Z,-2.10933,-2.10933,0.9894,+2.12300
260802_112732,2,2026-08-02T11:27:32Z,,,,+2.09600
260802_112747,2,2026-08-02T11:27:47Z,,,,+2.08500
260802_112802,2,2026-08-02T11:28:02Z,,,,+2.09600
260802_112817,2,2026-08-02T11:28:17Z,,,,+2.08500
260802_112832,2,2026-08-02T11:28:32Z,,,,+2.10800
260802_112847,2,2026-08-02T11:28:47Z,,,,+2.12200
260802_112902,2,2026-08-02T11:29:02Z,,,,+2.09000
260802_112917,2,2026-08-02T11:29:17Z,,,,+2.08900
260802_112932,2,2026-08-02T11:29:32Z,,,,+2.14300
260802_112947,2,2026-08-02T11:29:47Z,-2.10933,-2.10933,0.9836,+2.13500
260802_113002,2,2026-08-02T11:30:02Z,,,,+2.13100
260802_113017,2,2026-08-02T11:30:17Z,,,,+2.11700
260802_113032,2,2026-08-02T11:30:32Z,,,,+2.13400
260802_113047,2,2026-08-02T11:30:47Z,,,,+2.10600
260802_113102,2,2026-08-02T11:31:02Z,,,,+2.15000
260802_113117,2,2026-08-02T11:31:17Z,,,,+2.15600
260802_113132,2,2026-08-02T11:31:32Z,,,,+2.12100
260802_113147,2,2026-08-02T11:31:47Z,,,,+2.11800
260802_113202,2,2026-08-02T11:32:02Z,,,,+2.15400
260802_113217,2,2026-08-02T11:32:17Z,-2.10933,-2.10933,0.9728,+2.12800
260802_113232,2,2026-08-02T11:32:32Z,,,,+2.11100
260802_113247,2,2026-08-02T11:32:47Z,,,,+2.14600
260802_113302,2,2026-08-02T11:33:02Z,,,,+2.13200
260802_113317,2,2026-08-02T11:33:17Z,,,,+2.15500
260802_113332,2,2026-08-02T11:33:32Z,,,,+2.12600
260802_113347,2,2026-08-02T11:33:47Z,,,,+2.15600
260802_113402,2,2026-08-02T11:34:02Z,,,,+2.13500
260802_113417,2,2026-08-02T11:34:17Z,,,,+2.11000
260802_113432,2,2026-08-02T11:34:32Z,,,,+2.10500
260802_113447,2,2026-08-02T11:34:47Z,-2.10933,-2.10933,0.9720,+2.13900
260802_113502,2,2026-08-02T11:35:02Z,,,,+2.11900
260802_113517,2,2026-08-02T11:35:17Z,,,,+2.15300
260802_113532,2,2026-08-02T11:35:32Z,,,,+2.14100
260802_113547,2,2026-08-02T11:35:47Z,,,,+2.16900
260802_113602,2,2026-08-02T11:36:02Z,,,,+2.12200
260802_113617,2,2026-08-02T11:36:17Z,,,,+2.12000
260802_113632,2,2026-08-02T11:36:32Z,,,,+2.12600
260802_113647,2,2026-08-02T11:36:47Z,,,,+2.13700
260802_113702,2,2026-08-02T11:37:02Z,,,,+2.15600
260802_113717,2,2026-08-02T11:37:17Z,-2.14933,-2.14933,0.9473,+2.16700
260802_113732,2,2026-08-02T11:37:32Z,,,,+2.14900
260802_113747,2,2026-08-02T11:37:47Z,,,,+2.12400
260802_113802,2,2026-08-02T11:38:02Z,,,,+2.11400
260802_113817,2,2026-08-02T11:38:17Z,,,,+2.15300
260802_113832,2,2026-08-02T11:38:32Z,,,,+2.13800
260802_113847,2,2026-08-02T11:38:47Z,,,,+2.14800
260802_113902,2,2026-08-02T11:39:02Z,,,,+2.14200
260802_113917,2,2026-08-02T11:39:17Z,,,,+2.17000
260802_113932,2,2026-08-02T11:39:32Z,,,,+2.13800
260802_113947,2,2026-08-02T11:39:47Z,-2.14933,-2.14933,0.9960,+2.16800
260802_114002,2,2026-08-02T11:40:02Z,,,,+2.17500
260802_114017,2,2026-08-02T11:40:17Z,,,,+2.12800
260802_114032,2,2026-08-02T11:40:32Z,,,,+2.17900
260802_114047,2,2026-08-02T11:40:47Z,,,,+2.15600
260802_114102,2,2026-08-02T11:41:02Z,,,,+2.12600
260802_114117,2,2026-08-02T11:41:17Z,,,,+2.15000
260802_114132,2,2026-08-02T11:41:32Z,,,,+2.18400
260802_114147,2,2026-08-02T11:41:47Z,,,,+2.12800
260802_114202,2,2026-08-02T11:42:02Z,,,,+2.14900
260802_114217,2,2026-08-02T11:42:17Z,-2.14933,-2.14933,0.9951,+2.17400
260802_114232,2,2026-08-02T11:42:32Z,,,,+2.12900
260802_114247,2,2026-08-02T11:42:47Z,,,,+2.15800
260802_114302,2,2026-08-02T11:43:02Z,,,,+2.18600
260802_114317,2,2026-08-02T11:43:17Z,,,,+2.17700
260802_114332,2,2026-08-02T11:43:32Z,,,,+2.13300
260802_114347,2,2026-08-02T11:43:47Z,,,,+2.17400
260802_114402,2,2026-08-02T11:44:02Z,,,,+2.13300
260802_114417,2,2026-08-02T11:44:17Z,,,,+2.15500
260802_114432,2,2026-08-02T11:44:32Z,,,,+2.13400
260802_114447,2,2026-08-02T11:44:47Z,-2.14933,-2.14933,0.9833,+2.18900
260802_114502,2,2026-08-02T11:45:02Z,,,,+2.19000
260802_114517,2,2026-08-02T11:45:17Z,,,,+2.18200
260802_114532,2,2026-08-02T11:45:32Z,,,,+2.16100
260802_114547,2,2026-08-02T11:45:47Z,,,,+2.19600
260802_114602,2,2026-08-02T11:46:02Z,,,,+2.17300
260802_114617,2,2026-08-02T11:46:17Z,,,,+2.18500
260802_114632,2,2026-08-02T11:46:32Z,,,,+2.17900
260802_114647,2,2026-08-02T11:46:47Z,,,,+2.18600
260802_114702,2,2026-08-02T11:47:02Z,,,,+2.18800
260802_114717,2,2026-08-02T11:47:17Z,-2.14933,-2.14932,0.9778,+2.16300
260802_114732,2,2026-08-02T11:47:32Z,,,,+2.19900
260802_114747,2,2026-08-02T11:47:47Z,,,,+2.18500
260802_114802,2,2026-08-02T11:48:02Z,,,,+2.17900
260802_114817,2,2026-08-02T11:48:17Z,,,,+2.18900
260802_114832,2,2026-08-02T11:48:32Z,,,,+2.17900
260802_114847,2,2026-08-02T11:48:47Z,,,,+2.17600
260802_114902,2,2026-08-02T11:49:02Z,,,,+2.16500
260802_114917,2,2026-08-02T11:49:17Z,,,,+2.18900
260802_114932,2,2026-08-02T11:49:32Z,,,,+2.17900
260802_114947,2,2026-08-02T11:49:47Z,-2.14933,-2.14933,0.9956,+2.15700
260802_115002,2,2026-08-02T11:50:02Z,,,,+2.18600
260802_115017,2,2026-08-02T11:50:17Z,,,,+2.19800
260802_115032,2,2026-08-02T11:50:32Z,,,,+2.17300
260802_115047,2,2026-08-02T11:50:47Z,,,,+2.20500
260802_115102,2,2026-08-02T11:51:02Z,,,,+2.19700
260802_115117,2,2026-08-02T11:51:17Z,,,,+2.17000
260802_115132,2,2026-08-02T11:51:32Z,,,,+2.15300
260802_115147,2,2026-08-02T11:51:47Z,,,,+2.20700
260802_115202,2,2026-08-02T11:52:02Z,,,,+2.19000
260802_115217,2,2026-08-02T11:52:17Z,-2.18933,-2.18933,0.9795,+2.17700
260802_115232,2,2026-08-02T11:52:32Z,,,,+2.16400
260802_115247,2,2026-08-02T11:52:47Z,,,,+2.18900
260802_115302,2,2026-08-02T11:53:02Z,,,,+2.19300
260802_115317,2,2026-08-02T11:53:17Z,,,,+2.16300
260802_115332,2,2026-08-02T11:53:32Z,,,,+2.21700
260802_115347,2,2026-08-02T11:53:47Z,,,,+2.17200
260802_115402,2,2026-08-02T11:54:02Z,,,,+2.17200
260802_115417,2,2026-08-02T11:54:17Z,,,,+2.21800
260802_115432,2,2026-08-02T11:54:32Z,,,,+2.17400
260802_115447,2,2026-08-02T11:54:47Z,-2.18933,-2.18933,0.9915,+2.18900
260802_115502,2,2026-08-02T11:55:02Z,,,,+2.17100
260802_115517,2,2026-08-02T11:55:17Z,,,,+2.17000
260802_115532,2,2026-08-02T11:55:32Z,,,,+2.20700
260802_115547,2,2026-08-02T11:55:47Z,,,,+2.18400
260802_115602,2,2026-08-02T11:56:02Z,,,,+2.18200
260802_115617,2,2026-08-02T11:56:17Z,,,,+2.19100
260802_115632,2,2026-08-02T11:56:32Z,,,,+2.18000
260802_115647,2,2026-08-02T11:56:47Z,,,,+2.20100
260802_115702,2,2026-08-02T11:57:02Z,,,,+2.17200
260802_115717,2,2026-08-02T11:57:17Z,-2.18933,-2.18933,0.9948,+2.21300
260802_115732,2,2026-08-02T11:57:32Z,,,,+2.22300
260802_115747,2,2026-08-02T11:57:47Z,,,,+2.21800
260802_115802,2,2026-08-02T11:58:02Z,,,,+2.22700
260802_115817,2,2026-08-02T11:58:17Z,,,,+2.21800
260802_115832,2,2026-08-02T11:58:32Z,,,,+2.21300
260802_115847,2,2026-08-02T11:58:47Z,,,,+2.17800
260802_115902,2,2026-08-02T11:59:02Z,,,,+2.18900
260802_115917,2,2026-08-02T11:59:17Z,,,,+2.18900
260802_115932,2,2026-08-02T11:59:32Z,,,,+2.19700
260802_115947,2,2026-08-02T11:59:47Z,-2.18933,-2.18933,0.9875,+2.18300
260802_120002,2,2026-08-02T12:00:02Z,,,,+2.22700
260802_120017,2,2026-08-02T12:00:17Z,,,,+2.20200
260802_120032,2,2026-08-02T12:00:32Z,,,,+2.19100
260802_120047,2,2026-08-02T12:00:47Z,,,,+2.18200
260802_120102,2,2026-08-02T12:01:02Z,,,,+2.24100
260802_120117,2,2026-08-02T12:01:17Z,,,,+2.18700
260802_120132,2,2026-08-02T12:01:32Z,,,,+2.22700
260802_120147,2,2026-08-02T12:01:47Z,,,,+2.18700
260802_120202,2,2026-08-02T12:02:02Z,,,,+2.19500
260802_120217,2,2026-08-02T12:02:17Z,-2.18933,-2.18933,0.9913,+2.23900
260802_120232,2,2026-08-02T12:02:32Z,,,,+2.23800
260802_120247,2,2026-08-02T12:02:47Z,,,,+2.18900
260802_120302,2,2026-08-02T12:03:02Z,,,,+2.19100
260802_120317,2,2026-08-02T12:03:17Z,,,,+2.23700
260802_120332,2,2026-08-02T12:03:32Z,,,,+2.22100
260802_120347,2,2026-08-02T12:03:47Z,,,,+2.21700
260802_120402,2,2026-08-02T12:04:02Z,,,,+2.21900
260802_120417,2,2026-08-02T12:04:17Z,,,,+2.19900
260802_120432,2,2026-08-02T12:04:32Z,,,,+2.19700
260802_120447,2,2026-08-02T12:04:47Z,-2.18933,-2.18932,0.9757,+2.25000
260802_120502,2,2026-08-02T12:05:02Z,,,,+2.19400
260802_120517,2,2026-08-02T12:05:17Z,,,,+2.24400
260802_120532,2,2026-08-02T12:05:32Z,,,,+2.25200
260802_120547,2,2026-08-02T12:05:47Z,,,,+2.24900
260802_120602,2,2026-08-02T12:06:02Z,,,,+2.25000
260802_120617,2,2026-08-02T12:06:17Z,,,,+2.22500
260802_120632,2,2026-08-02T12:06:32Z,,,,+2.22800
260802_120647,2,2026-08-02T12:06:47Z,,,,+2.22500
260802_120702,2,2026-08-02T12:07:02Z,,,,+2.21600
260802_120717,2,2026-08-02T12:07:17Z,-2.22933,-2.22933,0.9914,+2.21300
260802_120732,2,2026-08-02T12:07:32Z,,,,+2.25300
260802_120747,2,2026-08-02T12:07:47Z,,,,+2.25700
260802_120802,2,2026-08-02T12:08:02Z,,,,+2.26200
260802_120817,2,2026-08-02T12:08:17Z,,,,+2.25200
260802_120832,2,2026-08-02T12:08:32Z,,,,+2.23900
260802_120847,2,2026-08-02T12:08:47Z,,,,+2.23100
260802_120902,2,2026-08-02T12:09:02Z,,,,+2.22500
260802_120917,2,2026-08-02T12:09:17Z,,,,+2.21800
260802_120932,2,2026-08-02T12:09:32Z,,,,+2.20900
260802_120947,2,2026-08-02T12:09:47Z,-2.22933,-2.22932,0.9749,+2.21700
260802_121002,2,2026-08-02T12:10:02Z,,,,+2.26200
260802_121017,2,2026-08-02T12:10:17Z,,,,+2.20900
260802_121032,2,2026-08-02T12:10:32Z,,,,+2.21000
260802_121047,2,2026-08-02T12:10:47Z,,,,+2.26500
260802_121102,2,2026-08-02T12:11:02Z,,,,+2.25900
260802_121117,2,2026-08-02T12:11:17Z,,,,+2.24900
260802_121132,2,2026-08-02T12:11:32Z,,,,+2.23200
260802_121147,2,2026-08-02T12:11:47Z,,,,+2.23400
260802_121202,2,2026-08-02T12:12:02Z,,,,+2.23000
260802_121217,2,2026-08-02T12:12:17Z,-2.22933,-2.22933,0.9791,+2.22900
260802_121232,2,2026-08-02T12:12:32Z,,,,+2.22600
260802_121247,2,2026-08-02T12:12:47Z,,,,+2.21200
260802_121302,2,2026-08-02T12:13:02Z,,,,+2.26100
260802_121317,2,2026-08-02T12:13:17Z,,,,+2.25400
260802_121332,2,2026-08-02T12:13:32Z,,,,+2.25900
260802_121347,2,2026-08-02T12:13:47Z,,,,+2.24600
260802_121402,2,2026-08-02T12:14:02Z,,,,+2.24200
260802_121417,2,2026-08-02T12:14:17Z,,,,+2.23600
260802_121432,2,2026-08-02T12:14:32Z,,,,+2.24100
260802_121447,2,2026-08-02T12:14:47Z,-2.22933,-2.22933,0.9857,+2.25400
260802_121502,2,2026-08-02T12:15:02Z,,,,+2.22300
260802_121517,2,2026-08-02T12:15:17Z,,,,+2.25400
260802_121532,2,2026-08-02T12:15:32Z,,,,+2.24300
260802_121547,2,2026-08-02T12:15:47Z,,,,+2.22600
260802_121602,2,2026-08-02T12:16:02Z,,,,+2.26800
260802_121617,2,2026-08-02T12:16:17Z,,,,+2.26500
260802_121632,2,2026-08-02T12:16:32Z,,,,+2.25300
260802_121647,2,2026-08-02T12:16:47Z,,,,+2.25600
260802_121702,2,2026-08-02T12:17:02Z,,,,+2.26400
260802_121717,2,2026-08-02T12:17:17Z,-2.22933,-2.22933,0.9892,+2.27400
260802_121732,2,2026-08-02T12:17:32Z,,,,+2.28400
260802_121747,2,2026-08-02T12:17:47Z,,,,+2.26300
260802_121802,2,2026-08-02T12:18:02Z,,,,+2.27400
260802_121817,2,2026-08-02T12:18:17Z,,,,+2.24700
260802_121832,2,2026-08-02T12:18:32Z,,,,+2.24500
260802_121847,2,2026-08-02T12:18:47Z,,,,+2.23000
260802_121902,2,2026-08-02T12:19:02Z,,,,+2.28600
260802_121917,2,2026-08-02T12:19:17Z,,,,+2.27400
260802_121932,2,2026-08-02T12:19:32Z,,,,+2.28800
260802_121947,2,2026-08-02T12:19:47Z,-2.26933,-2.26933,0.9920,+2.27200
260802_122002,2,2026-08-02T12:20:02Z,,,,+2.27600
260802_122017,2,2026-08-02T12:20:17Z,,,,+2.25900
260802_122032,2,2026-08-02T12:20:32Z,,,,+2.26100
260802_122047,2,2026-08-02T12:20:47Z,,,,+2.25100
260802_122102,2,2026-08-02T12:21:02Z,,,,+2.23900
260802_122117,2,2026-08-02T12:21:17Z,,,,+2.28900
260802_122132,2,2026-08-02T12:21:32Z,,,,+2.27900
260802_122147,2,2026-08-02T12:21:47Z,,,,+2.25800
260802_122202,2,2026-08-02T12:22:02Z,,,,+2.30000
260802_122217,2,2026-08-02T12:22:17Z,-2.26933,-2.26933,0.9930,+2.26500
260802_122232,2,2026-08-02T12:22:32Z,,,,+2.29900
260802_122247,2,2026-08-02T12:22:47Z,,,,+2.26600
260802_122302,2,2026-08-02T12:23:02Z,,,,+2.24800
260802_122317,2,2026-08-02T12:23:17Z,,,,+2.28600
260802_122332,2,2026-08-02T12:23:32Z,,,,+2.30300
260802_122347,2,2026-08-02T12:23:47Z,,,,+2.27400
260802_122402,2,2026-08-02T12:24:02Z,,,,+2.28200
260802_122417,2,2026-08-02T12:24:17Z,,,,+2.27300
260802_122432,2,2026-08-02T12:24:32Z,,,,+2.24800
260802_122447,2,2026-08-02T12:24:47Z,-2.26933,-2.26933,0.9938,+2.28700
260802_122502,2,2026-08-02T12:25:02Z,,,,+2.27400
260802_122517,2,2026-08-02T12:25:17Z,,,,+2.29200
260802_122532,2,2026-08-02T12:25:32Z,,,,+2.28600
260802_122547,2,2026-08-02T12:25:47Z,,,,+2.29200
260802_122602,2,2026-08-02T12:26:02Z,,,,+2.26900
260802_122617,2,2026-08-02T12:26:17Z,,,,+2.25800
260802_122632,2,2026-08-02T12:26:32Z,,,,+2.27100
260802_122647,2,2026-08-02T12:26:47Z,,,,+2.27400
260802_122702,2,2026-08-02T12:27:02Z,,,,+2.27500
260802_122717,2,2026-08-02T12:27:17Z,-2.26933,-2.26933,0.9869,+2.27400
260802_122732,2,2026-08-02T12:27:32Z,,,,+2.26900
260802_122747,2,2026-08-02T12:27:47Z,,,,+2.26900
260802_122802,2,2026-08-02T12:28:02Z,,,,+2.25800
260802_122817,2,2026-08-02T12:28:17Z,,,,+2.29600
260802_122832,2,2026-08-02T12:28:32Z,,,,+2.29300
260802_122847,2,2026-08-02T12:28:47Z,,,,+2.29800
260802_122902,2,2026-08-02T12:29:02Z,,,,+2.28800
260802_122917,2,2026-08-02T12:29:17Z,,,,+2.26900
260802_122932,2,2026-08-02T12:29:32Z,,,,+2.32000
260802_122947,2,2026-08-02T12:29:47Z,-2.26933,-2.26933,0.9854,+2.32200
260802_123002,2,2026-08-02T12:30:02Z,,,,+2.30200
260802_123017,2,2026-08-02T12:30:17Z,,,,+2.29100
260802_123032,2,2026-08-02T12:30:32Z,,,,+2.28000
260802_123047,2,2026-08-02T12:30:47Z,,,,+2.26800
260802_123102,2,2026-08-02T12:31:02Z,,,,+2.31700
260802_123117,2,2026-08-02T12:31:17Z,,,,+2.31600
260802_123132,2,2026-08-02T12:31:32Z,,,,+2.29600
260802_123147,2,2026-08-02T12:31:47Z,,,,+2.28600
260802_123202,2,2026-08-02T12:32:02Z,,,,+2.32200
260802_123217,2,2026-08-02T12:32:17Z,-2.26933,-2.26933,0.9901,+2.31400
260802_123232,2,2026-08-02T12:32:32Z,,,,+2.29300
260802_123247,2,2026-08-02T12:32:47Z,,,,+2.27700
260802_123302,2,2026-08-02T12:33:02Z,,,,+2.29400
260802_123317,2,2026-08-02T12:33:17Z,,,,+2.30000
260802_123332,2,2026-08-02T12:33:32Z,,,,+2.28800
260802_123347,2,2026-08-02T12:33:47Z,,,,+2.31400
260802_123402,2,2026-08-02T12:34:02Z,,,,+2.27500
260802_123417,2,2026-08-02T12:34:17Z,,,,+2.31900
260802_123432,2,2026-08-02T12:34:32Z,,,,+2.31000
260802_123447,2,2026-08-02T12:34:47Z,-2.30933,-2.30933,0.9942,+2.28300
260802_123502,2,2026-08-02T12:35:02Z,,,,+2.32800
260802_123517,2,2026-08-02T12:35:17Z,,,,+2.32300
260802_123532,2,2026-08-02T12:35:32Z,,,,+2.32300
260802_123547,2,2026-08-02T12:35:47Z,,,,+2.31300
260802_123602,2,2026-08-02T12:36:02Z,,,,+2.29600
260802_123617,2,2026-08-02T12:36:17Z,,,,+2.29300
260802_123632,2,2026-08-02T12:36:32Z,,,,+2.33000
260802_123647,2,2026-08-02T12:36:47Z,,,,+2.31200
260802_123702,2,2026-08-02T12:37:02Z,,,,+2.29600
260802_123717,2,2026-08-02T12:37:17Z,-2.30933,-2.30933,0.9945,+2.31500
260802_123732,2,2026-08-02T12:37:32Z,,,,+2.29100
260802_123747,2,2026-08-02T12:37:47Z,,,,+2.33500
260802_123802,2,2026-08-02T12:38:02Z,,,,+2.31700
260802_123817,2,2026-08-02T12:38:17Z,,,,+2.30200
260802_123832,2,2026-08-02T12:38:32Z,,,,+2.34300
260802_123847,2,2026-08-02T12:38:47Z,,,,+2.33900
260802_123902,2,2026-08-02T12:39:02Z,,,,+2.29800
260802_123917,2,2026-08-02T12:39:17Z,,,,+2.29800
260802_123932,2,2026-08-02T12:39:32Z,,,,+2.30700
260802_123947,2,2026-08-02T12:39:47Z,-2.30933,-2.30933,0.9833,+2.32300
260802_124002,2,2026-08-02T12:40:02Z,,,,+2.33100
260802_124017,2,2026-08-02T12:40:17Z,,,,+2.31700
260802_124032,2,2026-08-02T12:40:32Z,,,,+2.31500
260802_124047,2,2026-08-02T12:40:47Z,,,,+2.30200
260802_124102,2,2026-08-02T12:41:02Z,,,,+2.29400
260802_124117,2,2026-08-02T12:41:17Z,,,,+2.33100
260802_124132,2,2026-08-02T12:41:32Z,,,,+2.31800
260802_124147,2,2026-08-02T12:41:47Z,,,,+2.32600
260802_124202,2,2026-08-02T12:42:02Z,,,,+2.31400
260802_124217,2,2026-08-02T12:42:17Z,-2.30933,-2.30933,0.9943,+2.30900
260802_124232,2,2026-08-02T12:42:32Z,,,,+2.35800
260802_124247,2,2026-08-02T12:42:47Z,,,,+2.33500
260802_124302,2,2026-08-02T12:43:02Z,,,,+2.32200
260802_124317,2,2026-08-02T12:43:17Z,,,,+2.31500
260802_124332,2,2026-08-02T12:43:32Z,,,,+2.30900
260802_124347,2,2026-08-02T12:43:47Z,,,,+2.30900
260802_124402,2,2026-08-02T12:44:02Z,,,,+2.30200
260802_124417,2,2026-08-02T12:44:17Z,,,,+2.35600
260802_124432,2,2026-08-02T12:44:32Z,,,,+2.32600
260802_124447,2,2026-08-02T12:44:47Z,-2.30933,-2.30933,0.9924,+2.30600
260802_124502,2,2026-08-02T12:45:02Z,,,,+2.35200
260802_124517,2,2026-08-02T12:45:17Z,,,,+2.34200
260802_124532,2,2026-08-02T12:45:32Z,,,,+2.34000
260802_124547,2,2026-08-02T12:45:47Z,,,,+2.33000
260802_124602,2,2026-08-02T12:46:02Z,,,,+2.34600
260802_124617,2,2026-08-02T12:46:17Z,,,,+2.33000
260802_124632,2,2026-08-02T12:46:32Z,,,,+2.33000
260802_124647,2,2026-08-02T12:46:47Z,,,,+2.32900
260802_124702,2,2026-08-02T12:47:02Z,,,,+2.33200
260802_124717,2,2026-08-02T12:47:17Z,-2.34933,-2.34933,0.9917,+2.33300
260802_124732,2,2026-08-02T12:47:32Z,,,,+2.32900
260802_124747,2,2026-08-02T12:47:47Z,,,,+2.33400
260802_124802,2,2026-08-02T12:48:02Z,,,,+2.33200
260802_124817,2,2026-08-02T12:48:17Z,,,,+2.34100
260802_124832,2,2026-08-02T12:48:32Z,,,,+2.34600
260802_124847,2,2026-08-02T12:48:47Z,,,,+2.34200
260802_124902,2,2026-08-02T12:49:02Z,,,,+2.37000
260802_124917,2,2026-08-02T12:49:17Z,,,,+2.33000
260802_124932,2,2026-08-02T12:49:32Z,,,,+2.35600
260802_124947,2,2026-08-02T12:49:47Z,-2.34933,-2.34933,0.9826,+2.36200
260802_125002,2,2026-08-02T12:50:02Z,,,,+2.37100
260802_125017,2,2026-08-02T12:50:17Z,,,,+2.32000
260802_125032,2,2026-08-02T12:50:32Z,,,,+2.35200
260802_125047,2,2026-08-02T12:50:47Z,,,,+2.37900
260802_125102,2,2026-08-02T12:51:02Z,,,,+2.34500
260802_125117,2,2026-08-02T12:51:17Z,,,,+2.37600
260802_125132,2,2026-08-02T12:51:32Z,,,,+2.35300
260802_125147,2,2026-08-02T12:51:47Z,,,,+2.36700
260802_125202,2,2026-08-02T12:52:02Z,,,,+2.33300
260802_125217,2,2026-08-02T12:52:17Z,-2.34933,-2.34933,0.9931,+2.33600
260802_125232,2,2026-08-02T12:52:32Z,,,,+2.38300
260802_125247,2,2026-08-02T12:52:47Z,,,,+2.37700
260802_125302,2,2026-08-02T12:53:02Z,,,,+2.33900
260802_125317,2,2026-08-02T12:53:17Z,,,,+2.33900
260802_125332,2,2026-08-02T12:53:32Z,,,,+2.38400
260802_125347,2,2026-08-02T12:53:47Z,,,,+2.34400
260802_125402,2,2026-08-02T12:54:02Z,,,,+2.37800
260802_125417,2,2026-08-02T12:54:17Z,,,,+2.36300
260802_125432,2,2026-08-02T12:54:32Z,,,,+2.36900
260802_125447,2,2026-08-02T12:54:47Z,-2.34933,-2.34933,0.9930,+2.35700
260802_125502,2,2026-08-02T12:55:02Z,,,,+2.35400
260802_125517,2,2026-08-02T12:55:17Z,,,,+2.34200
260802_125532,2,2026-08-02T12:55:32Z,,,,+2.39500
260802_125547,2,2026-08-02T12:55:47Z,,,,+2.37100
260802_125602,2,2026-08-02T12:56:02Z,,,,+2.36400
260802_125617,2,2026-08-02T12:56:17Z,,,,+2.37700
260802_125632,2,2026-08-02T12:56:32Z,,,,+2.34000
260802_125647,2,2026-08-02T12:56:47Z,,,,+2.39200
260802_125702,2,2026-08-02T12:57:02Z,,,,+2.36200
260802_125717,2,2026-08-02T12:57:17Z,-2.34933,-2.34933,0.9966,+2.34700
260802_125732,2,2026-08-02T12:57:32Z,,,,+2.39600
260802_125747,2,2026-08-02T12:57:47Z,,,,+2.37400
260802_125802,2,2026-08-02T12:58:02Z,,,,+2.35000
260802_125817,2,2026-08-02T12:58:17Z,,,,+2.39800
260802_125832,2,2026-08-02T12:58:32Z,,,,+2.38400
260802_125847,2,2026-08-02T12:58:47Z,,,,+2.34700
260802_125902,2,2026-08-02T12:59:02Z,,,,+2.37000
260802_125917,2,2026-08-02T12:59:17Z,,,,+2.36800
260802_125932,2,2026-08-02T12:59:32Z,,,,+2.37900
260802_125947,2,2026-08-02T12:59:47Z,-2.34933,-2.34933,0.9933,+2.39300
260802_130002,2,2026-08-02T13:00:02Z,,,,+2.38200
260802_130017,2,2026-08-02T13:00:17Z,,,,+2.38300
260802_130032,2,2026-08-02T13:00:32Z,,,,+2.36500
260802_130047,2,2026-08-02T13:00:47Z,,,,+2.35400
260802_130102,2,2026-08-02T13:01:02Z,,,,+2.38700
260802_130117,2,2026-08-02T13:01:17Z,,,,+2.36000
260802_130132,2,2026-08-02T13:01:32Z,,,,+2.38000
260802_130147,2,2026-08-02T13:01:47Z,,,,+2.35500
260802_130202,2,2026-08-02T13:02:02Z,,,,+2.36100
260802_130217,2,2026-08-02T13:02:17Z,-2.38933,-2.38933,0.9917,+2.36400
260802_130232,2,2026-08-02T13:02:32Z,,,,+2.39600
260802_130247,2,2026-08-02T13:02:47Z,,,,+2.36700
260802_130302,2,2026-08-02T13:03:02Z,,,,+2.40400
260802_130317,2,2026-08-02T13:03:17Z,,,,+2.38200
260802_130332,2,2026-08-02T13:03:32Z,,,,+2.36700
260802_130347,2,2026-08-02T13:03:47Z,,,,+2.38600
260802_130402,2,2026-08-02T13:04:02Z,,,,+2.38000
260802_130417,2,2026-08-02T13:04:17Z,,,,+2.38300
260802_130432,2,2026-08-02T13:04:32Z,,,,+2.37700
260802_130447,2,2026-08-02T13:04:47Z,-2.38933,-2.38933,0.9945,+2.39800
260802_130502,2,2026-08-02T13:05:02Z,,,,+2.36900
260802_130517,2,2026-08-02T13:05:17Z,,,,+2.39300
260802_130532,2,2026-08-02T13:05:32Z,,,,+2.36600
260802_130547,2,2026-08-02T13:05:47Z,,,,+2.36600
260802_130602,2,2026-08-02T13:06:02Z,,,,+2.37000
260802_130617,2,2026-08-02T13:06:17Z,,,,+2.37300
260802_130632,2,2026-08-02T13:06:32Z,,,,+2.37600
260802_130647,2,2026-08-02T13:06:47Z,,,,+2.42600
260802_130702,2,2026-08-02T13:07:02Z,,,,+2.42100
260802_130717,2,2026-08-02T13:07:17Z,-2.38933,-2.38933,0.9856,+2.40800
260802_130732,2,2026-08-02T13:07:32Z,,,,+2.40700
260802_130747,2,2026-08-02T13:07:47Z,,,,+2.39400
260802_130802,2,2026-08-02T13:08:02Z,,,,+2.38300
260802_130817,2,2026-08-02T13:08:17Z,,,,+2.39400
260802_130832,2,2026-08-02T13:08:32Z,,,,+2.43000
260802_130847,2,2026-08-02T13:08:47Z,,,,+2.38400
260802_130902,2,2026-08-02T13:09:02Z,,,,+2.40300
260802_130917,2,2026-08-02T13:09:17Z,,,,+2.42100
260802_130932,2,2026-08-02T13:09:32Z,,,,+2.40300
260802_130947,2,2026-08-02T13:09:47Z,-2.38933,-2.38933,0.9922,+2.39200
260802_131002,2,2026-08-02T13:10:02Z,,,,+2.42900
260802_131017,2,2026-08-02T13:10:17Z,,,,+2.40200
260802_131032,2,2026-08-02T13:10:32Z,,,,+2.43600
260802_131047,2,2026-08-02T13:10:47Z,,,,+2.38800
260802_131102,2,2026-08-02T13:11:02Z,,,,+2.41500
260802_131117,2,2026-08-02T13:11:17Z,,,,+2.38600
260802_131132,2,2026-08-02T13:11:32Z,,,,+2.42800
260802_131147,2,2026-08-02T13:11:47Z,,,,+2.38700
260802_131202,2,2026-08-02T13:12:02Z,,,,+2.38900
260802_131217,2,2026-08-02T13:12:17Z,-2.38933,-2.38933,0.9839,+2.41500
260802_131232,2,2026-08-02T13:12:32Z,,,,+2.40400
260802_131247,2,2026-08-02T13:12:47Z,,,,+2.39800
260802_131302,2,2026-08-02T13:13:02Z,,,,+2.39600
260802_131317,2,2026-08-02T13:13:17Z,,,,+2.40000
260802_131332,2,2026-08-02T13:13:32Z,,,,+2.44500
260802_131347,2,2026-08-02T13:13:47Z,,,,+2.44600
260802_131402,2,2026-08-02T13:14:02Z,,,,+2.39600
260802_131417,2,2026-08-02T13:14:17Z,,,,+2.39200
260802_131432,2,2026-08-02T13:14:32Z,,,,+2.44900
260802_131447,2,2026-08-02T13:14:47Z,-2.38933,-2.38933,0.9901,+2.39000
260802_131502,2,2026-08-02T13:15:02Z,,,,+2.43400
260802_131517,2,2026-08-02T13:15:17Z,,,,+2.43200
260802_131532,2,2026-08-02T13:15:32Z,,,,+2.43700
260802_131547,2,2026-08-02T13:15:47Z,,,,+2.43600
260802_131602,2,2026-08-02T13:16:02Z,,,,+2.41500
260802_131617,2,2026-08-02T13:16:17Z,,,,+2.40900
260802_131632,2,2026-08-02T13:16:32Z,,,,+2.39800
260802_131647,2,2026-08-02T13:16:47Z,,,,+2.45800
260802_131702,2,2026-08-02T13:17:02Z,,,,+2.43700
260802_131717,2,2026-08-02T13:17:17Z,-2.42933,-2.42933,0.9823,+2.41000
260802_131732,2,2026-08-02T13:17:32Z,,,,+2.45800
260802_131747,2,2026-08-02T13:17:47Z,,,,+2.43500
260802_131802,2,2026-08-02T13:18:02Z,,,,+2.42000
260802_131817,2,2026-08-02T13:18:17Z,,,,+2.40200
260802_131832,2,2026-08-02T13:18:32Z,,,,+2.44900
260802_131847,2,2026-08-02T13:18:47Z,,,,+2.42400
260802_131902,2,2026-08-02T13:19:02Z,,,,+2.40500
260802_131917,2,2026-08-02T13:19:17Z,,,,+2.45300
260802_131932,2,2026-08-02T13:19:32Z,,,,+2.43300
260802_131947,2,2026-08-02T13:19:47Z,-2.42933,-2.42933,0.9925,+2.42600
260802_132002,2,2026-08-02T13:20:02Z,,,,+2.46000
260802_132017,2,2026-08-02T13:20:17Z,,,,+2.42900
260802_132032,2,2026-08-02T13:20:32Z,,,,+2.45600
260802_132047,2,2026-08-02T13:20:47Z,,,,+2.44200
260802_132102,2,2026-08-02T13:21:02Z,,,,+2.42800
260802_132117,2,2026-08-02T13:21:17Z,,,,+2.46900
260802_132132,2,2026-08-02T13:21:32Z,,,,+2.46000
260802_132147,2,2026-08-02T13:21:47Z,,,,+2.46200
260802_132202,2,2026-08-02T13:22:02Z,,,,+2.43800
260802_132217,2,2026-08-02T13:22:17Z,-2.42933,-2.42933,0.9932,+2.41200
260802_132232,2,2026-08-02T13:22:32Z,,,,+2.45200
260802_132247,2,2026-08-02T13:22:47Z,,,,+2.45600
260802_132302,2,2026-08-02T13:23:02Z,,,,+2.44600
260802_132317,2,2026-08-02T13:23:17Z,,,,+2.43500
260802_132332,2,2026-08-02T13:23:32Z,,,,+2.42700
260802_132347,2,2026-08-02T13:23:47Z,,,,+2.42400
260802_132402,2,2026-08-02T13:24:02Z,,,,+2.42400
260802_132417,2,2026-08-02T13:24:17Z,,,,+2.46600
260802_132432,2,2026-08-02T13:24:32Z,,,,+2.44800
260802_132447,2,2026-08-02T13:24:47Z,-2.42933,-2.42933,0.9810,+2.44300
260802_132502,2,2026-08-02T13:25:02Z,,,,+2.48000
260802_132517,2,2026-08-02T13:25:17Z,,,,+2.42700
260802_132532,2,2026-08-02T13:25:32Z,,,,+2.43900
260802_132547,2,2026-08-02T13:25:47Z,,,,+2.45000
260802_132602,2,2026-08-02T13:26:02Z,,,,+2.43900
260802_132617,2,2026-08-02T13:26:17Z,,,,+2.47900
260802_132632,2,2026-08-02T13:26:32Z,,,,+2.46800
260802_132647,2,2026-08-02T13:26:47Z,,,,+2.44800
260802_132702,2,2026-08-02T13:27:02Z,,,,+2.48500
260802_132717,2,2026-08-02T13:27:17Z,-2.42933,-2.42933,0.9847,+2.46500
260802_132732,2,2026-08-02T13:27:32Z,,,,+2.43400
260802_132747,2,2026-08-02T13:27:47Z,,,,+2.44900
260802_132802,2,2026-08-02T13:28:02Z,,,,+2.43800
260802_132817,2,2026-08-02T13:28:17Z,,,,+2.43600
260802_132832,2,2026-08-02T13:28:32Z,,,,+2.44100
260802_132847,2,2026-08-02T13:28:47Z,,,,+2.48100
260802_132902,2,2026-08-02T13:29:02Z,,,,+2.44900
260802_132917,2,2026-08-02T13:29:17Z,,,,+2.43500
260802_132932,2,2026-08-02T13:29:32Z,,,,+2.44300
260802_132947,2,2026-08-02T13:29:47Z,-2.46933,-2.46933,0.9930,+2.44200
260802_133002,2,2026-08-02T13:30:02Z,,,,+2.44300
260802_133017,2,2026-08-02T13:30:17Z,,,,+2.48700
260802_133032,2,2026-08-02T13:30:32Z,,,,+2.46200
260802_133047,2,2026-08-02T13:30:47Z,,,,+2.48100
260802_133102,2,2026-08-02T13:31:02Z,,,,+2.48900
260802_133117,2,2026-08-02T13:31:17Z,,,,+2.46600
260802_133132,2,2026-08-02T13:31:32Z,,,,+2.49400
260802_133147,2,2026-08-02T13:31:47Z,,,,+2.49700
260802_133202,2,2026-08-02T13:32:02Z,,,,+2.45500
260802_133217,2,2026-08-02T13:32:17Z,-2.46933,-2.46933,0.9919,+2.48100
260802_133232,2,2026-08-02T13:32:32Z,,,,+2.44000
260802_133247,2,2026-08-02T13:32:47Z,,,,+2.45600
260802_133302,2,2026-08-02T13:33:02Z,,,,+2.48300
260802_133317,2,2026-08-02T13:33:17Z,,,,+2.45100
260802_133332,2,2026-08-02T13:33:32Z,,,,+2.49900
260802_133347,2,2026-08-02T13:33:47Z,,,,+2.50300
260802_133402,2,2026-08-02T13:34:02Z,,,,+2.49900
260802_133417,2,2026-08-02T13:34:17Z,,,,+2.45500
260802_133432,2,2026-08-02T13:34:32Z,,,,+2.48500
260802_133447,2,2026-08-02T13:34:47Z,-2.46933,-2.46933,0.9859,+2.47300
260802_133502,2,2026-08-02T13:35:02Z,,,,+2.48900
260802_133517,2,2026-08-02T13:35:17Z,,,,+2.49700
260802_133532,2,2026-08-02T13:35:32Z,,,,+2.50300
260802_133547,2,2026-08-02T13:35:47Z,,,,+2.50100
260802_133602,2,2026-08-02T13:36:02Z,,,,+2.50500
260802_133617,2,2026-08-02T13:36:17Z,,,,+2.49700
260802_133632,2,2026-08-02T13:36:32Z,,,,+2.48800
260802_133647,2,2026-08-02T13:36:47Z,,,,+2.47700
260802_133702,2,2026-08-02T13:37:02Z,,,,+2.45400
260802_133717,2,2026-08-02T13:37:17Z,-2.46933,-2.46933,0.9888,+2.49400
260802_133732,2,2026-08-02T13:37:32Z,,,,+2.46600
260802_133747,2,2026-08-02T13:37:47Z,,,,+2.45600
260802_133802,2,2026-08-02T13:38:02Z,,,,+2.49900
260802_133817,2,2026-08-02T13:38:17Z,,,,+2.48200
260802_133832,2,2026-08-02T13:38:32Z,,,,+2.47100
260802_133847,2,2026-08-02T13:38:47Z,,,,+2.47600
260802_133902,2,2026-08-02T13:39:02Z,,,,+2.47800
260802_133917,2,2026-08-02T13:39:17Z,,,,+2.47100
260802_133932,2,2026-08-02T13:39:32Z,,,,+2.51400
260802_133947,2,2026-08-02T13:39:47Z,-2.46933,-2.46933,0.9933,+2.49400
260802_134002,2,2026-08-02T13:40:02Z,,,,+2.48400
260802_134017,2,2026-08-02T13:40:17Z,,,,+2.50400
260802_134032,2,2026-08-02T13:40:32Z,,,,+2.47200
260802_134047,2,2026-08-02T13:40:47Z,,,,+2.47200
260802_134102,2,2026-08-02T13:41:02Z,,,,+2.47300
260802_134117,2,2026-08-02T13:41:17Z,,,,+2.49400
260802_134132,2,2026-08-02T13:41:32Z,,,,+2.50900
260802_134147,2,2026-08-02T13:41:47Z,,,,+2.49400
260802_134202,2,2026-08-02T13:42:02Z,,,,+2.52600
260802_134217,2,2026-08-02T13:42:17Z,-2.46933,-2.46933,0.9872,+2.49400
260802_134232,2,2026-08-02T13:42:32Z,,,,+2.51100
260802_134247,2,2026-08-02T13:42:47Z,,,,+2.51800
260802_134302,2,2026-08-02T13:43:02Z,,,,+2.51600
260802_134317,2,2026-08-02T13:43:17Z,,,,+2.53200
260802_134345,2,2026-08-02T13:43:45Z,,,,+0.00000
260802_134400,3,2026-08-02T13:44:00Z,,,,+0.24500
260802_134415,3,2026-08-02T13:44:15Z,,,,+0.22900
260802_134430,3,2026-08-02T13:44:30Z,,,,+0.22400
260802_134445,3,2026-08-02T13:44:45Z,,,,+0.22500
260802_134500,3,2026-08-02T13:45:00Z,-0.23633,-0.23633,0.9793,+0.21300
260802_135015,3,2026-08-02T13:50:15Z,,,,+0.00000
260802_135030,4,2026-08-02T13:50:30Z,,,,+0.07500
260802_135045,4,2026-08-02T13:50:45Z,,,,+0.12700
260802_135100,4,2026-08-02T13:51:00Z,,,,+0.08600
260802_135115,4,2026-08-02T13:51:15Z,,,,+0.11100
260802_135130,4,2026-08-02T13:51:30Z,,,,+0.09600
260802_135145,4,2026-08-02T13:51:45Z,,,,+0.13100
260802_135200,4,2026-08-02T13:52:00Z,,,,+0.09400
260802_135215,4,2026-08-02T13:52:15Z,,,,+0.13600
260802_135230,4,2026-08-02T13:52:30Z,-0.08333,-0.08333,0.9794,+0.10400
260802_135245,4,2026-08-02T13:52:45Z,,,,+0.13300
260802_135300,4,2026-08-02T13:53:00Z,,,,+0.10000
260802_135315,4,2026-08-02T13:53:15Z,,,,+0.13900
260802_135330,4,2026-08-02T13:53:30Z,,,,+0.11000
260802_135345,4,2026-08-02T13:53:45Z,,,,+0.08700
260802_135400,4,2026-08-02T13:54:00Z,,,,+0.12400
260802_135415,4,2026-08-02T13:54:15Z,,,,+0.09100
260802_135430,4,2026-08-02T13:54:30Z,,,,+0.13000
260802_135445,4,2026-08-02T13:54:45Z,,,,+0.10800
260802_135500,4,2026-08-02T13:55:00Z,-0.08333,-0.08333,0.9814,+0.08600
260802_135515,4,2026-08-02T13:55:15Z,,,,+0.12500
260802_135530,4,2026-08-02T13:55:30Z,,,,+0.10200
260802_135545,4,2026-08-02T13:55:45Z,,,,+0.11500
260802_135600,4,2026-08-02T13:56:00Z,,,,+0.14100
260802_135615,4,2026-08-02T13:56:15Z,,,,+0.10500
260802_135630,4,2026-08-02T13:56:30Z,,,,+0.11200
260802_135645,4,2026-08-02T13:56:45Z,,,,+0.12400
260802_135700,4,2026-08-02T13:57:00Z,,,,+0.12500
260802_135715,4,2026-08-02T13:57:15Z,,,,+0.13600
260802_135730,4,2026-08-02T13:57:30Z,-0.12333,-0.12333,0.9809,+0.11600
260802_135745,4,2026-08-02T13:57:45Z,,,,+0.14600
260802_135800,4,2026-08-02T13:58:00Z,,,,+0.10800
260802_135815,4,2026-08-02T13:58:15Z,,,,+0.11800
260802_135830,4,2026-08-02T13:58:30Z,,,,+0.09900
260802_135845,4,2026-08-02T13:58:45Z,,,,+0.15600
260802_135900,4,2026-08-02T13:59:00Z,,,,+0.13700
260802_135915,4,2026-08-02T13:59:15Z,,,,+0.13500
260802_135930,4,2026-08-02T13:59:30Z,,,,+0.13100
260802_135945,4,2026-08-02T13:59:45Z,,,,+0.11200
260802_140000,4,2026-08-02T14:00:00Z,-0.12333,-0.12333,0.9923,+0.11100
260802_140015,4,2026-08-02T14:00:15Z,,,,+0.10900
260802_140030,4,2026-08-02T14:00:30Z,,,,+0.10100
260802_140045,4,2026-08-02T14:00:45Z,,,,+0.15800
260802_140100,4,2026-08-02T14:01:00Z,,,,+0.12100
260802_140115,4,2026-08-02T14:01:15Z,,,,+0.14500
260802_140130,4,2026-08-02T14:01:30Z,,,,+0.11200
260802_140145,4,2026-08-02T14:01:45Z,,,,+0.13600
260802_140200,4,2026-08-02T14:02:00Z,,,,+0.10800
260802_140215,4,2026-08-02T14:02:15Z,,,,+0.10800
260802_140230,4,2026-08-02T14:02:30Z,-0.12333,-0.12333,0.9909,+0.14500
260802_140245,4,2026-08-02T14:02:45Z,,,,+0.13200
260802_140300,4,2026-08-02T14:03:00Z,,,,+0.13300
260802_140315,4,2026-08-02T14:03:15Z,,,,+0.13200
260802_140330,4,2026-08-02T14:03:30Z,,,,+0.16100
260802_140345,4,2026-08-02T14:03:45Z,,,,+0.12400
260802_140400,4,2026-08-02T14:04:00Z,,,,+0.14800
260802_140415,4,2026-08-02T14:04:15Z,,,,+0.16600
260802_140430,4,2026-08-02T14:04:30Z,,,,+0.14000
260802_140445,4,2026-08-02T14:04:45Z,,,,+0.12000
260802_140500,4,2026-08-02T14:05:00Z,-0.12333,-0.12332,0.9496,+0.17200
260802_140515,4,2026-08-02T14:05:15Z,,,,+0.16800
260802_140530,4,2026-08-02T14:05:30Z,,,,+0.14800
260802_140545,4,2026-08-02T14:05:45Z,,,,+0.16500
260802_140600,4,2026-08-02T14:06:00Z,,,,+0.16600
260802_140615,4,2026-08-02T14:06:15Z,,,,+0.14300
260802_140630,4,2026-08-02T14:06:30Z,,,,+0.14300
260802_140645,4,2026-08-02T14:06:45Z,,,,+0.12700
260802_140700,4,2026-08-02T14:07:00Z,,,,+0.16100
260802_140715,4,2026-08-02T14:07:15Z,,,,+0.14600
260802_140730,4,2026-08-02T14:07:30Z,-0.12333,-0.12333,0.9801,+0.12700
260802_140745,4,2026-08-02T14:07:45Z,,,,+0.15500
260802_140800,4,2026-08-02T14:08:00Z,,,,+0.14700
260802_140815,4,2026-08-02T14:08:15Z,,,,+0.14700
260802_140830,4,2026-08-02T14:08:30Z,,,,+0.13300
260802_140845,4,2026-08-02T14:08:45Z,,,,+0.13500
260802_140900,4,2026-08-02T14:09:00Z,,,,+0.13100
260802_140915,4,2026-08-02T14:09:15Z,,,,+0.18200
260802_140930,4,2026-08-02T14:09:30Z,,,,+0.18100
260802_140945,4,2026-08-02T14:09:45Z,,,,+0.16900
260802_141000,4,2026-08-02T14:10:00Z,-0.12333,-0.12333,0.9645,+0.17800
260802_141015,4,2026-08-02T14:10:15Z,,,,+0.16500
260802_141030,4,2026-08-02T14:10:30Z,,,,+0.16100
260802_141045,4,2026-08-02T14:10:45Z,,,,+0.15100
260802_141100,4,2026-08-02T14:11:00Z,,,,+0.17700
260802_141115,4,2026-08-02T14:11:15Z,,,,+0.14200
260802_141130,4,2026-08-02T14:11:30Z,,,,+0.16900
260802_141145,4,2026-08-02T14:11:45Z,,,,+0.16600
260802_141200,4,2026-08-02T14:12:00Z,,,,+0.15300
260802_141215,4,2026-08-02T14:12:15Z,,,,+0.18000
260802_141230,4,2026-08-02T14:12:30Z,-0.16333,-0.16333,0.9774,+0.17700
260802_141245,4,2026-08-02T14:12:45Z,,,,+0.17200
260802_141300,4,2026-08-02T14:13:00Z,,,,+0.14800
260802_141315,4,2026-08-02T14:13:15Z,,,,+0.14900
260802_141330,4,2026-08-02T14:13:30Z,,,,+0.13900
260802_141345,4,2026-08-02T14:13:45Z,,,,+0.16500
260802_141400,4,2026-08-02T14:14:00Z,,,,+0.18600
260802_141415,4,2026-08-02T14:14:15Z,,,,+0.17100
260802_141430,4,2026-08-02T14:14:30Z,,,,+0.16900
260802_141445,4,2026-08-02T14:14:45Z,,,,+0.16500
260802_141500,4,2026-08-02T14:15:00Z,-0.16333,-0.16333,0.9861,+0.18500
260802_141515,4,2026-08-02T14:15:15Z,,,,+0.16800
260802_141530,4,2026-08-02T14:15:30Z,,,,+0.20300
260802_141545,4,2026-08-02T14:15:45Z,,,,+0.18700
260802_141600,4,2026-08-02T14:16:00Z,,,,+0.17200
260802_141615,4,2026-08-02T14:16:15Z,,,,+0.19800
260802_141630,4,2026-08-02T14:16:30Z,,,,+0.16900
260802_141645,4,2026-08-02T14:16:45Z,,,,+0.16200
260802_141700,4,2026-08-02T14:17:00Z,,,,+0.20600
260802_141715,4,2026-08-02T14:17:15Z,,,,+0.19200
260802_141730,4,2026-08-02T14:17:30Z,-0.16333,-0.16333,0.9585,+0.17500
260802_141745,4,2026-08-02T14:17:45Z,,,,+0.20900
260802_141800,4,2026-08-02T14:18:00Z,,,,+0.20200
260802_141815,4,2026-08-02T14:18:15Z,,,,+0.15400
260802_141830,4,2026-08-02T14:18:30Z,,,,+0.17700
260802_141845,4,2026-08-02T14:18:45Z,,,,+0.16200
260802_141900,4,2026-08-02T14:19:00Z,,,,+0.18000
260802_141915,4,2026-08-02T14:19:15Z,,,,+0.21000
260802_141930,4,2026-08-02T14:19:30Z,,,,+0.17300
260802_141945,4,2026-08-02T14:19:45Z,,,,+0.17900
260802_142000,4,2026-08-02T14:20:00Z,-0.16333,-0.16333,0.9753,+0.21400
260802_142015,4,2026-08-02T14:20:15Z,,,,+0.16800
260802_142030,4,2026-08-02T14:20:30Z,,,,+0.18200
260802_142045,4,2026-08-02T14:20:45Z,,,,+0.17500
260802_142100,4,2026-08-02T14:21:00Z,,,,+0.17700
260802_142115,4,2026-08-02T14:21:15Z,,,,+0.17900
260802_142130,4,2026-08-02T14:21:30Z,,,,+0.16900
260802_142145,4,2026-08-02T14:21:45Z,,,,+0.21700
260802_142200,4,2026-08-02T14:22:00Z,,,,+0.18100
260802_142215,4,2026-08-02T14:22:15Z,,,,+0.18200
260802_142230,4,2026-08-02T14:22:30Z,-0.16333,-0.16333,0.9414,+0.22200
260802_142245,4,2026-08-02T14:22:45Z,,,,+0.21400
260802_142300,4,2026-08-02T14:23:00Z,,,,+0.21300
260802_142315,4,2026-08-02T14:23:15Z,,,,+0.19300
260802_142330,4,2026-08-02T14:23:30Z,,,,+0.18400
260802_142345,4,2026-08-02T14:23:45Z,,,,+0.18700
260802_142400,4,2026-08-02T14:24:00Z,,,,+0.18500
260802_142415,4,2026-08-02T14:24:15Z,,,,+0.17200
260802_142430,4,2026-08-02T14:24:30Z,,,,+0.22700
260802_142445,4,2026-08-02T14:24:45Z,,,,+0.22700
260802_142500,4,2026-08-02T14:25:00Z,-0.20333,-0.20333,0.9811,+0.22900
260802_142515,4,2026-08-02T14:25:15Z,,,,+0.21700
260802_142530,4,2026-08-02T14:25:30Z,,,,+0.21700
260802_142545,4,2026-08-02T14:25:45Z,,,,+0.21100
260802_142600,4,2026-08-02T14:26:00Z,,,,+0.19900
260802_142615,4,2026-08-02T14:26:15Z,,,,+0.20600
260802_142630,4,2026-08-02T14:26:30Z,,,,+0.21500
260802_142645,4,2026-08-02T14:26:45Z,,,,+0.19200
260802_142700,4,2026-08-02T14:27:00Z,,,,+0.20700
260802_142715,4,2026-08-02T14:27:15Z,,,,+0.23500
260802_142730,4,2026-08-02T14:27:30Z,-0.20333,-0.20333,0.9609,+0.18300
260802_142745,4,2026-08-02T14:27:45Z,,,,+0.18400
260802_142800,4,2026-08-02T14:28:00Z,,,,+0.18500
260802_142815,4,2026-08-02T14:28:15Z,,,,+0.18100
260802_142830,4,2026-08-02T14:28:30Z,,,,+0.19300
260802_142845,4,2026-08-02T14:28:45Z,,,,+0.19000
260802_142900,4,2026-08-02T14:29:00Z,,,,+0.20500
260802_142915,4,2026-08-02T14:29:15Z,,,,+0.19400
260802_142930,4,2026-08-02T14:29:30Z,,,,+0.19200
260802_142945,4,2026-08-02T14:29:45Z,,,,+0.20800
260802_143000,4,2026-08-02T14:30:00Z,-0.20333,-0.20333,0.9634,+0.19900
260802_143015,4,2026-08-02T14:30:15Z,,,,+0.21600
260802_143030,4,2026-08-02T14:30:30Z,,,,+0.19200
260802_143045,4,2026-08-02T14:30:45Z,,,,+0.24200
260802_143100,4,2026-08-02T14:31:00Z,,,,+0.24600
260802_143115,4,2026-08-02T14:31:15Z,,,,+0.23100
260802_143130,4,2026-08-02T14:31:30Z,,,,+0.21200
260802_143145,4,2026-08-02T14:31:45Z,,,,+0.20900
260802_143200,4,2026-08-02T14:32:00Z,,,,+0.19700
260802_143215,4,2026-08-02T14:32:15Z,,,,+0.21100
260802_143230,4,2026-08-02T14:32:30Z,-0.20333,-0.20332,0.9460,+0.20600
260802_143245,4,2026-08-02T14:32:45Z,,,,+0.19500
260802_143300,4,2026-08-02T14:33:00Z,,,,+0.24900
260802_143315,4,2026-08-02T14:33:15Z,,,,+0.25300
260802_143330,4,2026-08-02T14:33:30Z,,,,+0.24000
260802_143345,4,2026-08-02T14:33:45Z,,,,+0.23700
260802_143400,4,2026-08-02T14:34:00Z,,,,+0.24500
260802_143415,4,2026-08-02T14:34:15Z,,,,+0.24500
260802_143430,4,2026-08-02T14:34:30Z,,,,+0.23700
260802_143445,4,2026-08-02T14:34:45Z,,,,+0.23500
260802_143500,4,2026-08-02T14:35:00Z,-0.20333,-0.20333,0.9713,+0.22300
260802_143515,4,2026-08-02T14:35:15Z,,,,+0.22500
260802_143530,4,2026-08-02T14:35:30Z,,,,+0.22600
260802_143545,4,2026-08-02T14:35:45Z,,,,+0.22100
260802_143600,4,2026-08-02T14:36:00Z,,,,+0.21100
260802_143615,4,2026-08-02T14:36:15Z,,,,+0.22900
260802_143630,4,2026-08-02T14:36:30Z,,,,+0.24500
260802_143645,4,2026-08-02T14:36:45Z,,,,+0.25200
260802_143700,4,2026-08-02T14:37:00Z,,,,+0.25100
260802_143715,4,2026-08-02T14:37:15Z,,,,+0.24700
260802_143730,4,2026-08-02T14:37:30Z,-0.20333,-0.20332,0.9789,+0.24600
260802_143745,4,2026-08-02T14:37:45Z,,,,+0.25900
260802_143800,4,2026-08-02T14:38:00Z,,,,+0.25400
260802_143815,4,2026-08-02T14:38:15Z,,,,+0.25800
260802_143830,4,2026-08-02T14:38:30Z,,,,+0.26500
260802_143845,4,2026-08-02T14:38:45Z,,,,+0.21900
260802_143900,4,2026-08-02T14:39:00Z,,,,+0.22000
260802_143915,4,2026-08-02T14:39:15Z,,,,+0.23700
260802_143930,4,2026-08-02T14:39:30Z,,,,+0.25400
260802_143945,4,2026-08-02T14:39:45Z,,,,+0.25900
260802_144000,4,2026-08-02T14:40:00Z,-0.24333,-0.24333,0.9915,+0.22000
260802_144015,4,2026-08-02T14:40:15Z,,,,+0.22000
260802_144030,4,2026-08-02T14:40:30Z,,,,+0.23900
260802_144045,4,2026-08-02T14:40:45Z,,,,+0.25100
260802_144100,4,2026-08-02T14:41:00Z,,,,+0.25700
260802_144115,4,2026-08-02T14:41:15Z,,,,+0.21900
260802_144130,4,2026-08-02T14:41:30Z,,,,+0.24800
260802_144145,4,2026-08-02T14:41:45Z,,,,+0.26700
260802_144200,4,2026-08-02T14:42:00Z,,,,+0.27700
260802_144215,4,2026-08-02T14:42:15Z,,,,+0.24100
260802_144230,4,2026-08-02T14:42:30Z,-0.24333,-0.24333,0.9894,+0.24700
260802_144245,4,2026-08-02T14:42:45Z,,,,+0.26800
260802_144300,4,2026-08-02T14:43:00Z,,,,+0.27300
260802_144315,4,2026-08-02T14:43:15Z,,,,+0.23300
260802_144330,4,2026-08-02T14:43:30Z,,,,+0.24400
260802_144345,4,2026-08-02T14:43:45Z,,,,+0.26500
260802_144400,4,2026-08-02T14:44:00Z,,,,+0.28000
260802_144415,4,2026-08-02T14:44:15Z,,,,+0.24000
260802_144430,4,2026-08-02T14:44:30Z,,,,+0.24300
260802_144445,4,2026-08-02T14:44:45Z,,,,+0.23700
260802_144500,4,2026-08-02T14:45:00Z,-0.24333,-0.24333,0.9954,+0.24100
260802_144515,4,2026-08-02T14:45:15Z,,,,+0.26100
260802_144530,4,2026-08-02T14:45:30Z,,,,+0.27700
260802_144545,4,2026-08-02T14:45:45Z,,,,+0.28200
260802_144600,4,2026-08-02T14:46:00Z,,,,+0.28400
260802_144615,4,2026-08-02T14:46:15Z,,,,+0.23300
260802_144630,4,2026-08-02T14:46:30Z,,,,+0.24300
260802_144645,4,2026-08-02T14:46:45Z,,,,+0.23900
260802_144700,4,2026-08-02T14:47:00Z,,,,+0.25500
260802_144715,4,2026-08-02T14:47:15Z,,,,+0.26600
260802_144730,4,2026-08-02T14:47:30Z,-0.24333,-0.24333,0.9873,+0.27600
260802_144745,4,2026-08-02T14:47:45Z,,,,+0.29400
260802_144800,4,2026-08-02T14:48:00Z,,,,+0.25000
260802_144815,4,2026-08-02T14:48:15Z,,,,+0.27200
260802_144830,4,2026-08-02T14:48:30Z,,,,+0.28300
260802_144845,4,2026-08-02T14:48:45Z,,,,+0.28800
260802_144900,4,2026-08-02T14:49:00Z,,,,+0.29400
260802_144915,4,2026-08-02T14:49:15Z,,,,+0.29500
260802_144930,4,2026-08-02T14:49:30Z,,,,+0.25700
260802_144945,4,2026-08-02T14:49:45Z,,,,+0.28700
260802_145000,4,2026-08-02T14:50:00Z,-0.24333,-0.24333,0.9876,+0.27800
260802_145015,4,2026-08-02T14:50:15Z,,,,+0.28300
260802_145030,4,2026-08-02T14:50:30Z,,,,+0.28900
260802_145045,4,2026-08-02T14:50:45Z,,,,+0.29600
260802_145100,4,2026-08-02T14:51:00Z,,,,+0.30300
260802_145115,4,2026-08-02T14:51:15Z,,,,+0.28700
260802_145130,4,2026-08-02T14:51:30Z,,,,+0.27200
260802_145145,4,2026-08-02T14:51:45Z,,,,+0.27500
260802_145200,4,2026-08-02T14:52:00Z,,,,+0.26600
260802_145215,4,2026-08-02T14:52:15Z,,,,+0.25700
260802_145230,4,2026-08-02T14:52:30Z,-0.28333,-0.28333,0.9729,+0.25200
260802_145245,4,2026-08-02T14:52:45Z,,,,+0.29700
260802_145300,4,2026-08-02T14:53:00Z,,,,+0.27600
260802_145315,4,2026-08-02T14:53:15Z,,,,+0.26100
260802_145330,4,2026-08-02T14:53:30Z,,,,+0.26000
260802_145345,4,2026-08-02T14:53:45Z,,,,+0.30600
260802_145400,4,2026-08-02T14:54:00Z,,,,+0.28800
260802_145415,4,2026-08-02T14:54:15Z,,,,+0.27600
260802_145430,4,2026-08-02T14:54:30Z,,,,+0.26600
260802_145445,4,2026-08-02T14:54:45Z,,,,+0.30700
260802_145500,4,2026-08-02T14:55:00Z,-0.28333,-0.28333,0.9596,+0.31200
260802_145515,4,2026-08-02T14:55:15Z,,,,+0.30400
260802_145530,4,2026-08-02T14:55:30Z,,,,+0.29000
260802_145545,4,2026-08-02T14:55:45Z,,,,+0.28200
260802_145600,4,2026-08-02T14:56:00Z,,,,+0.29200
260802_145615,4,2026-08-02T14:56:15Z,,,,+0.26800
260802_145630,4,2026-08-02T14:56:30Z,,,,+0.30900
260802_145645,4,2026-08-02T14:56:45Z,,,,+0.26700
260802_145700,4,2026-08-02T14:57:00Z,,,,+0.30600
260802_145715,4,2026-08-02T14:57:15Z,,,,+0.27000
260802_145730,4,2026-08-02T14:57:30Z,-0.28333,-0.28333,0.9753,+0.29700
260802_145745,4,2026-08-02T14:57:45Z,,,,+0.27400
260802_145800,4,2026-08-02T14:58:00Z,,,,+0.30400
260802_145815,4,2026-08-02T14:58:15Z,,,,+0.27000
260802_145830,4,2026-08-02T14:58:30Z,,,,+0.30300
260802_145845,4,2026-08-02T14:58:45Z,,,,+0.32500
260802_145900,4,2026-08-02T14:59:00Z,,,,+0.29500
260802_145915,4,2026-08-02T14:59:15Z,,,,+0.30800
260802_145930,4,2026-08-02T14:59:30Z,,,,+0.28600
260802_145945,4,2026-08-02T14:59:45Z,,,,+0.31900
260802_150000,4,2026-08-02T15:00:00Z,-0.28333,-0.28333,0.9727,+0.27600
260802_150015,4,2026-08-02T15:00:15Z,,,,+0.29500
260802_150030,4,2026-08-02T15:00:30Z,,,,+0.31100
260802_150045,4,2026-08-02T15:00:45Z,,,,+0.32700
260802_150100,4,2026-08-02T15:01:00Z,,,,+0.27700
260802_150115,4,2026-08-02T15:01:15Z,,,,+0.30000
260802_150130,4,2026-08-02T15:01:30Z,,,,+0.32400
260802_150145,4,2026-08-02T15:01:45Z,,,,+0.28700
260802_150200,4,2026-08-02T15:02:00Z,,,,+0.31400
260802_150215,4,2026-08-02T15:02:15Z,,,,+0.29900
260802_150230,4,2026-08-02T15:02:30Z,-0.28333,-0.28333,0.9888,+0.33400
260802_150245,4,2026-08-02T15:02:45Z,,,,+0.29800
260802_150300,4,2026-08-02T15:03:00Z,,,,+0.31500
260802_150315,4,2026-08-02T15:03:15Z,,,,+0.33700
260802_150330,4,2026-08-02T15:03:30Z,,,,+0.28800
260802_150345,4,2026-08-02T15:03:45Z,,,,+0.30700
260802_150400,4,2026-08-02T15:04:00Z,,,,+0.31600
260802_150415,4,2026-08-02T15:04:15Z,,,,+0.34300
260802_150430,4,2026-08-02T15:04:30Z,,,,+0.31300
260802_150445,4,2026-08-02T15:04:45Z,,,,+0.34300
260802_150500,4,2026-08-02T15:05:00Z,-0.28333,-0.28333,0.9916,+0.30700
260802_150515,4,2026-08-02T15:05:15Z,,,,+0.32900
260802_150530,4,2026-08-02T15:05:30Z,,,,+0.29800
260802_150545,4,2026-08-02T15:05:45Z,,,,+0.32300
260802_150600,4,2026-08-02T15:06:00Z,,,,+0.34600
260802_150615,4,2026-08-02T15:06:15Z,,,,+0.31400
260802_150630,4,2026-08-02T15:06:30Z,,,,+0.34300
260802_150645,4,2026-08-02T15:06:45Z,,,,+0.31100
260802_150700,4,2026-08-02T15:07:00Z,,,,+0.32800
260802_150715,4,2026-08-02T15:07:15Z,,,,+0.34600
260802_150730,4,2026-08-02T15:07:30Z,-0.32333,-0.32333,0.9794,+0.32600
260802_150745,4,2026-08-02T15:07:45Z,,,,+0.34400
260802_150800,4,2026-08-02T15:08:00Z,,,,+0.31400
260802_150815,4,2026-08-02T15:08:15Z,,,,+0.33600
260802_150830,4,2026-08-02T15:08:30Z,,,,+0.29900
260802_150845,4,2026-08-02T15:08:45Z,,,,+0.33800
260802_150900,4,2026-08-02T15:09:00Z,,,,+0.30400
260802_150915,4,2026-08-02T15:09:15Z,,,,+0.34200
260802_150930,4,2026-08-02T15:09:30Z,,,,+0.33600
260802_150945,4,2026-08-02T15:09:45Z,,,,+0.32700
260802_151000,4,2026-08-02T15:10:00Z,-0.32333,-0.32333,0.9790,+0.35700
260802_151015,4,2026-08-02T15:10:15Z,,,,+0.30300
260802_151030,4,2026-08-02T15:10:30Z,,,,+0.30900
260802_151045,4,2026-08-02T15:10:45Z,,,,+0.32600
260802_151100,4,2026-08-02T15:11:00Z,,,,+0.34900
260802_151115,4,2026-08-02T15:11:15Z,,,,+0.35600
260802_151130,4,2026-08-02T15:11:30Z,,,,+0.30800
260802_151145,4,2026-08-02T15:11:45Z,,,,+0.32800
260802_151200,4,2026-08-02T15:12:00Z,,,,+0.33400
260802_151215,4,2026-08-02T15:12:15Z,,,,+0.35000
260802_151230,4,2026-08-02T15:12:30Z,-0.32333,-0.32333,0.9818,+0.36300
260802_151245,4,2026-08-02T15:12:45Z,,,,+0.35900
260802_151300,4,2026-08-02T15:13:00Z,,,,+0.31200
260802_151315,4,2026-08-02T15:13:15Z,,,,+0.37200
260802_151330,4,2026-08-02T15:13:30Z,,,,+0.31300
260802_151345,4,2026-08-02T15:13:45Z,,,,+0.31500
260802_151400,4,2026-08-02T15:14:00Z,,,,+0.31800
260802_151415,4,2026-08-02T15:14:15Z,,,,+0.31600
260802_151430,4,2026-08-02T15:14:30Z,,,,+0.31900
260802_151445,4,2026-08-02T15:14:45Z,,,,+0.33800
260802_151500,4,2026-08-02T15:15:00Z,-0.32333,-0.32333,0.9869,+0.35400
260802_151515,4,2026-08-02T15:15:15Z,,,,+0.37100
260802_151530,4,2026-08-02T15:15:30Z,,,,+0.32500
260802_151545,4,2026-08-02T15:15:45Z,,,,+0.33500
260802_151600,4,2026-08-02T15:16:00Z,,,,+0.35600
260802_151615,4,2026-08-02T15:16:15Z,,,,+0.37400
260802_151630,4,2026-08-02T15:16:30Z,,,,+0.36600
260802_151645,4,2026-08-02T15:16:45Z,,,,+0.37200
260802_151700,4,2026-08-02T15:17:00Z,,,,+0.37600
260802_151715,4,2026-08-02T15:17:15Z,,,,+0.33200
260802_151730,4,2026-08-02T15:17:30Z,-0.32333,-0.32333,0.9709,+0.33200
260802_151745,4,2026-08-02T15:17:45Z,,,,+0.34800
260802_151800,4,2026-08-02T15:18:00Z,,,,+0.35600
260802_151815,4,2026-08-02T15:18:15Z,,,,+0.35200
260802_151830,4,2026-08-02T15:18:30Z,,,,+0.37000
260802_151845,4,2026-08-02T15:18:45Z,,,,+0.37900
260802_151900,4,2026-08-02T15:19:00Z,,,,+0.38400
260802_151915,4,2026-08-02T15:19:15Z,,,,+0.33200
260802_151930,4,2026-08-02T15:19:30Z,,,,+0.35200
260802_151945,4,2026-08-02T15:19:45Z,,,,+0.38100
260802_152000,4,2026-08-02T15:20:00Z,-0.36333,-0.36333,0.9833,+0.33800
260802_152015,4,2026-08-02T15:20:15Z,,,,+0.35800
260802_152030,4,2026-08-02T15:20:30Z,,,,+0.36300
260802_152045,4,2026-08-02T15:20:45Z,,,,+0.36700
260802_152100,4,2026-08-02T15:21:00Z,,,,+0.33700
260802_152115,4,2026-08-02T15:21:15Z,,,,+0.33900
260802_152130,4,2026-08-02T15:21:30Z,,,,+0.33800
260802_152145,4,2026-08-02T15:21:45Z,,,,+0.34900
260802_152200,4,2026-08-02T15:22:00Z,,,,+0.36300
260802_152215,4,2026-08-02T15:22:15Z,,,,+0.38100
260802_152230,4,2026-08-02T15:22:30Z,-0.36333,-0.36333,0.9695,+0.39600
260802_152245,4,2026-08-02T15:22:45Z,,,,+0.35600
260802_152300,4,2026-08-02T15:23:00Z,,,,+0.37700
260802_152315,4,2026-08-02T15:23:15Z,,,,+0.39800
260802_152330,4,2026-08-02T15:23:30Z,,,,+0.40000
260802_152345,4,2026-08-02T15:23:45Z,,,,+0.34400
260802_152400,4,2026-08-02T15:24:00Z,,,,+0.36400
260802_152415,4,2026-08-02T15:24:15Z,,,,+0.37200
260802_152430,4,2026-08-02T15:24:30Z,,,,+0.36900
260802_152445,4,2026-08-02T15:24:45Z,,,,+0.38400
260802_152500,4,2026-08-02T15:25:00Z,-0.36333,-0.36333,0.9862,+0.40300
260802_152515,4,2026-08-02T15:25:15Z,,,,+0.36400
260802_152530,4,2026-08-02T15:25:30Z,,,,+0.38900
260802_152545,4,2026-08-02T15:25:45Z,,,,+0.39700
260802_152600,4,2026-08-02T15:26:00Z,,,,+0.35600
260802_152615,4,2026-08-02T15:26:15Z,,,,+0.37200
260802_152630,4,2026-08-02T15:26:30Z,,,,+0.38800
260802_152645,4,2026-08-02T15:26:45Z,,,,+0.40900
260802_152700,4,2026-08-02T15:27:00Z,,,,+0.35400
260802_152715,4,2026-08-02T15:27:15Z,,,,+0.36700
260802_152730,4,2026-08-02T15:27:30Z,-0.36333,-0.36333,0.9875,+0.35700
260802_152745,4,2026-08-02T15:27:45Z,,,,+0.38000
260802_152800,4,2026-08-02T15:28:00Z,,,,+0.39000
260802_152815,4,2026-08-02T15:28:15Z,,,,+0.36200
260802_152830,4,2026-08-02T15:28:30Z,,,,+0.40400
260802_152845,4,2026-08-02T15:28:45Z,,,,+0.39200
260802_152900,4,2026-08-02T15:29:00Z,,,,+0.36800
260802_152915,4,2026-08-02T15:29:15Z,,,,+0.41000
260802_152930,4,2026-08-02T15:29:30Z,,,,+0.38700
260802_152945,4,2026-08-02T15:29:45Z,,,,+0.41200
260802_153000,4,2026-08-02T15:30:00Z,-0.36333,-0.36333,0.9863,+0.40000
260802_153015,4,2026-08-02T15:30:15Z,,,,+0.40700
260802_153030,4,2026-08-02T15:30:30Z,,,,+0.39700
260802_153045,4,2026-08-02T15:30:45Z,,,,+0.39200
260802_153100,4,2026-08-02T15:31:00Z,,,,+0.36900
260802_153115,4,2026-08-02T15:31:15Z,,,,+0.37100
260802_153130,4,2026-08-02T15:31:30Z,,,,+0.42200
260802_153145,4,2026-08-02T15:31:45Z,,,,+0.40200
260802_153200,4,2026-08-02T15:32:00Z,,,,+0.40900
260802_153215,4,2026-08-02T15:32:15Z,,,,+0.40700
260802_153230,4,2026-08-02T15:32:30Z,-0.36333,-0.36333,0.9770,+0.40700
260802_153245,4,2026-08-02T15:32:45Z,,,,+0.39400
260802_153300,4,2026-08-02T15:33:00Z,,,,+0.40300
260802_153315,4,2026-08-02T15:33:15Z,,,,+0.39900
260802_153330,4,2026-08-02T15:33:30Z,,,,+0.39700
260802_153345,4,2026-08-02T15:33:45Z,,,,+0.39200
260802_153400,4,2026-08-02T15:34:00Z,,,,+0.39100
260802_153415,4,2026-08-02T15:34:15Z,,,,+0.38200
260802_153430,4,2026-08-02T15:34:30Z,,,,+0.43100
260802_153445,4,2026-08-02T15:34:45Z,,,,+0.41100
260802_153500,4,2026-08-02T15:35:00Z,-0.40333,-0.40333,0.9875,+0.39600
260802_153515,4,2026-08-02T15:35:15Z,,,,+0.39400
260802_153530,4,2026-08-02T15:35:30Z,,,,+0.43600
260802_153545,4,2026-08-02T15:35:45Z,,,,+0.43000
260802_153600,4,2026-08-02T15:36:00Z,,,,+0.43200
260802_153615,4,2026-08-02T15:36:15Z,,,,+0.42000
260802_153630,4,2026-08-02T15:36:30Z,,,,+0.40900
260802_153645,4,2026-08-02T15:36:45Z,,,,+0.39700
260802_153700,4,2026-08-02T15:37:00Z,,,,+0.39300
260802_153715,4,2026-08-02T15:37:15Z,,,,+0.38700
260802_153730,4,2026-08-02T15:37:30Z,-0.40333,-0.40333,0.9709,+0.39800
260802_153745,4,2026-08-02T15:37:45Z,,,,+0.38500
260802_153800,4,2026-08-02T15:38:00Z,,,,+0.43000
260802_153815,4,2026-08-02T15:38:15Z,,,,+0.42100
260802_153830,4,2026-08-02T15:38:30Z,,,,+0.43200
260802_153845,4,2026-08-02T15:38:45Z,,,,+0.44500
260802_153900,4,2026-08-02T15:39:00Z,,,,+0.39100
260802_153915,4,2026-08-02T15:39:15Z,,,,+0.43200
260802_153930,4,2026-08-02T15:39:30Z,,,,+0.41400
260802_153945,4,2026-08-02T15:39:45Z,,,,+0.41400
260802_154000,4,2026-08-02T15:40:00Z,-0.40333,-0.40333,0.9827,+0.41300
260802_154015,4,2026-08-02T15:40:15Z,,,,+0.40800
260802_154030,4,2026-08-02T15:40:30Z,,,,+0.44300
260802_154045,4,2026-08-02T15:40:45Z,,,,+0.42200
260802_154100,4,2026-08-02T15:41:00Z,,,,+0.41500
260802_154115,4,2026-08-02T15:41:15Z,,,,+0.39700
260802_154130,4,2026-08-02T15:41:30Z,,,,+0.43600
260802_154145,4,2026-08-02T15:41:45Z,,,,+0.44000
260802_154200,4,2026-08-02T15:42:00Z,,,,+0.42800
260802_154215,4,2026-08-02T15:42:15Z,,,,+0.39800
260802_154230,4,2026-08-02T15:42:30Z,-0.40333,-0.40333,0.9821,+0.40000
260802_154245,4,2026-08-02T15:42:45Z,,,,+0.40100
260802_154300,4,2026-08-02T15:43:00Z,,,,+0.44700
260802_154315,4,2026-08-02T15:43:15Z,,,,+0.42600
260802_154330,4,2026-08-02T15:43:30Z,,,,+0.42000
260802_154345,4,2026-08-02T15:43:45Z,,,,+0.41200
260802_154400,4,2026-08-02T15:44:00Z,,,,+0.45700
260802_154415,4,2026-08-02T15:44:15Z,,,,+0.44600
260802_154430,4,2026-08-02T15:44:30Z,,,,+0.45400
260802_154445,4,2026-08-02T15:44:45Z,,,,+0.42600
260802_154500,4,2026-08-02T15:45:00Z,-0.40333,-0.40333,0.9814,+0.45500
260802_154515,4,2026-08-02T15:45:15Z,,,,+0.41300
260802_154530,4,2026-08-02T15:45:30Z,,,,+0.40600
260802_154545,4,2026-08-02T15:45:45Z,,,,+0.44900
260802_154600,4,2026-08-02T15:46:00Z,,,,+0.41800
260802_154615,4,2026-08-02T15:46:15Z,,,,+0.45500
260802_154630,4,2026-08-02T15:46:30Z,,,,+0.43700
260802_154645,4,2026-08-02T15:46:45Z,,,,+0.43500
260802_154700,4,2026-08-02T15:47:00Z,,,,+0.41800
260802_154715,4,2026-08-02T15:47:15Z,,,,+0.46300
260802_154730,4,2026-08-02T15:47:30Z,-0.40333,-0.40333,0.9688,+0.44800
260802_154745,4,2026-08-02T15:47:45Z,,,,+0.42900
260802_154800,4,2026-08-02T15:48:00Z,,,,+0.46900
260802_154815,4,2026-08-02T15:48:15Z,,,,+0.45300
260802_154830,4,2026-08-02T15:48:30Z,,,,+0.45800
260802_154845,4,2026-08-02T15:48:45Z,,,,+0.41700
260802_154900,4,2026-08-02T15:49:00Z,,,,+0.44700
260802_154915,4,2026-08-02T15:49:15Z,,,,+0.42700
260802_154930,4,2026-08-02T15:49:30Z,,,,+0.45800
260802_154945,4,2026-08-02T15:49:45Z,,,,+0.47400
260802_155000,4,2026-08-02T15:50:00Z,-0.44333,-0.44333,0.9846,+0.41900
260802_155015,4,2026-08-02T15:50:15Z,,,,+0.43900
260802_155030,4,2026-08-02T15:50:30Z,,,,+0.46400
260802_155045,4,2026-08-02T15:50:45Z,,,,+0.42200
260802_155100,4,2026-08-02T15:51:00Z,,,,+0.47600
260802_155115,4,2026-08-02T15:51:15Z,,,,+0.42300
260802_155130,4,2026-08-02T15:51:30Z,,,,+0.47600
260802_155145,4,2026-08-02T15:51:45Z,,,,+0.45300
260802_155200,4,2026-08-02T15:52:00Z,,,,+0.46500
