slot,cycle_utc,scenario,part,n_truth_rows,oversize,after_oversize,wav_sha256,fs,bits,channels,n_samples,rho_peak,rho_sign,rho_neighbour_max,ref_vs_neighbour_ref_rho,lag_ambiguous,g_sign,n_support,lag_lost,g_db,tau_ms,resid_db,step_db_max,drift_ppm,drift_dlag_samples,zero_run_ms,head_zero_ms,tail_zero_ms,click_max,tile_excess_db,clip_n,nondiscriminating,ref_mismatch
S1_p000_t000_s913544046,2026-09-29T17:31:30Z,S1,0,1,0,0,04d300ba3240573da20a6cca8f110be255e0ece11b433fccd47c5b0eb60a212c,12000,16,1,180000,0.6965899757685522,1,0.0320916239266248,0.02956592747315697,0,1,172800,0.0,-1.034447442533419,-316.62499915172276,-10.844393082019455,0.07386025538572152,0.00017681178435659953,2.1959669993520947e-05,0.08333333333333333,0.0,600.0,10.326627188901622,4.784731142687432,0,0,0
S1_p000_t001_s68344610,2026-09-29T17:31:45Z,S1,0,1,0,0,a6e5b74d9c409c32edc7e764bef1abff2c7007f38bd8b493f1a4eb4fd1179775,12000,16,1,180000,0.6986770209703425,1,0.03612429923845482,0.030887026653478054,0,1,172800,0.0,-1.025789022841625,-316.62499386147226,-10.872763774569762,0.11517144823152362,-0.0005955333857685753,-7.396405544568552e-05,0.08333333333333333,0.0,600.0,7.595708070961743,4.402372653890009,0,0,0
S1_p000_t002_s205210819,2026-09-29T17:32:00Z,S1,0,1,0,0,a22f6c5288bca4c04692b9b4d85c98fcd7853abbb61b61a2f3acd334142d33f4,12000,16,1,180000,0.6972935965963438,1,0.04648527151903533,0.04584283300923298,0,1,172800,0.0,-1.0260807748580674,-316.62500060644254,-10.880316882195615,0.11047453987284253,-0.0003078272246750328,-3.8231525650189724e-05,0.08333333333333333,0.0,600.0,5.412677948718784,4.512396693309872,0,0,0
S1_p001_t000_s1915168523,2026-09-29T17:32:15Z,S1,1,1,0,0,bd4ef2edde37213b8a99f54018433482652bb8929e9c22f75bd7227fb8cdc2e4,12000,16,1,180000,0.7084895105715693,1,0.07041588042021805,0.06898944693947938,0,1,172800,0.0,-0.9772731386850038,-316.62500026843554,-11.12791079176949,0.12954706371023947,-0.0004929817801021434,-6.1227351125126e-05,0.08333333333333333,0.0,600.0,7.610400835323091,7.2134307439654215,0,0,0
S1_p001_t001_s1105300121,2026-09-29T17:32:30Z,S1,1,1,0,0,d40e5c548e55f4dd898a0a4532f88713af43ac7c0f26a1b0e57421292bfbe155,12000,16,1,180000,0.7029453177579151,1,0.07092901224852527,0.06898944693947938,0,1,172800,0.0,-1.047840188100693,-316.625009955497,-10.256065470758944,0.13843260420520292,-0.0035807109651812153,-0.0004447171404535766,0.5833333333333334,0.0,600.0,14.292668387341651,7.601680177531121,0,0,0
S1_p001_t002_s1345625016,2026-09-29T17:32:45Z,S1,1,1,0,0,e6c5c87ed5b0cb8a86f16c254d1906110be7104348c7efba8dd5702e7e5fda36,12000,16,1,180000,0.8907389102213956,1,0.09111440947310671,0.08369050839214716,0,1,172800,0.0,-1.0435585637337224,-314.76453639177515,-10.350703540681035,0.14383022287290112,0.00668018994188253,0.0008296662304019264,0.08333333333333333,0.0,600.0,7.646305234887499,6.322989346134679,0,0,0
S1_p002_t000_s1491760006,2026-09-29T17:33:00Z,S1,2,1,0,0,5ad97194e992aa25b1f8d6ad24f3b72eafe49019daa9a0542871edeace769ac9,12000,16,1,180000,0.8952487411096621,1,0.11142185136765441,0.10617227651817505,0,1,172800,0.0,-0.990511778244425,-314.76469278258935,-10.594593043322579,0.15694465173723085,0.010349735061343873,0.0012854163951487863,0.08333333333333333,0.0,600.0,9.452133094111623,8.256105183847883,0,0,0
S1_p002_t001_s546635023,2026-09-29T17:33:15Z,S1,2,1,0,0,46ef63f5e35a10e1258ba85ab9bfbf9c191fbd51b8f37f8e2b5c3ea7234ca217,12000,16,1,180000,0.8952372954845953,1,0.11466325275754682,0.10617227651817505,0,1,172800,0.0,-0.9971333777108254,-314.76467145296374,-10.587038402802095,0.16762341428446564,0.011087032065407398,0.001376987208459468,0.08333333333333333,0.0,600.0,6.778211165678103,8.743897543530885,0,0,0
S1_p002_t002_s714902369,2026-09-29T17:33:30Z,S1,2,1,0,0,341efecbbd166309f538f6e915859359b6d4fd349a2043c760ecadb3f471fa00,12000,16,1,180000,0.8950457289727985,1,0.15515070635533723,0.14670016776381692,0,1,172800,0.0,-0.9874296823926312,-314.76464965161904,-10.636577481674623,0.09456240520217787,0.004601804924419932,0.0005715349680031068,0.08333333333333333,0.0,600.0,7.480863692034482,8.586967003943307,0,0,0
S1_p003_t000_s474144144,2026-09-29T17:33:45Z,S1,3,1,0,0,521bd09372c72249ecb3ab863e2188d618cb0417bb5b5bf52cc5e615b995392b,12000,16,1,180000,0.9048487642351114,1,0.22010998786996547,0.205272445875899,0,1,172800,0.0,-0.8920273083081999,-314.76495566303555,-11.163047498844431,0.28344217249426035,0.026546152357025045,0.0032969790304377966,0.08333333333333333,0.0,600.0,6.311566102555092,10.879374778272012,0,0,0
S1_p003_t001_s1226819330,2026-09-29T17:34:00Z,S1,3,1,0,0,25da0838af5727df8a7f46a5c903712e0ad66aa4cc0ec9b69af410ed12b5b2e1,12000,16,1,180000,0.9051922809157431,1,0.22041816901801375,0.2067914222664561,0,1,172800,0.0,-0.8877596425499625,-314.76497356577784,-11.193037870754537,0.24758250185640063,0.02610305929195638,0.0032419477579423983,0.08333333333333333,0.0,600.0,5.947613963364,11.23771369433526,0,0,0
S1_p003_t002_s1182452760,2026-09-29T17:34:15Z,S1,3,1,0,0,baf7418301f2c82827d2ef5f46e3cf2b67bdfc0b8a51cee8496d08f5b595aaf6,12000,16,1,180000,0.9048296215584959,1,0.27593362011741673,0.2618170648542017,0,1,172800,0.0,-0.888239832152526,-314.7649742595398,-11.177846798837798,0.2943022588748834,0.023932488871185206,0.00297236725282346,0.08333333333333333,0.0,600.0,5.212653781586476,11.241957917167568,0,0,0
S1_p004_t000_s184630235,2026-09-29T17:34:30Z,S1,4,1,0,0,7f8be13f5da05243bf289214c1efa88ba27e59a812af6dfcdebb1ac1377378a0,12000,16,1,180000,0.9167856921898447,1,0.341326747027207,0.3240614133098152,0,1,172800,0.0,-0.7581344911156487,-314.7654012576222,-12.015204788655945,0.3523802358504017,0.04504232561687076,0.005594166756964114,0.08333333333333333,0.0,600.0,11.09524642600895,13.733335861491284,0,0,0
S1_p004_t001_s792672454,2026-09-29T17:34:45Z,S1,4,1,0,0,d5a5279e032ad36e14908030892bf3c786f60e91f21ad8a1f21aead20c7af69f,12000,16,1,180000,0.9131158878158383,1,0.31357283537325176,0.3244084884058915,0,1,172800,0.0,-1.251807348982672,-305.8332491543436,-7.216553690450935,8.919876991265955,-0.029265143432897375,-0.003634672284078988,5.0,0.0,600.0,25.64971619850909,34.91820699271329,0,0,0
S1_p004_t002_s2116022063,2026-09-29T17:35:00Z,S1,4,1,0,0,0b76d4dc0c5ecabef38b1076733870041fbcbef3d3b90985ff6b727d3070c7c6,12000,16,1,180000,0.9696039458278223,1,0.42427059125399397,0.40085981705685186,0,1,172800,0.0,-0.7260273910941304,-305.8333338781152,-12.585457188446158,0.3079172992202653,0.0005594031122870518,6.947674773982726e-05,0.08333333333333333,0.0,600.0,11.371529432399958,13.31220823223822,0,0,0
S1_p005_t000_s528655056,2026-09-29T17:35:15Z,S1,5,1,0,0,13a0c11123ae98f4ad5ae6cb82656897b5317c220a160f1d33bdbd0805339eba,12000,16,1,180000,0.9771922830664659,1,0.5171063321656851,0.49594440376218796,0,1,172800,0.0,-0.5671571436055677,-305.83333197960985,-13.896254604686465,0.6156818191958358,-0.00035941383328816205,-4.463847926672315e-05,0.08333333333333333,0.0,600.0,9.278543152516917,15.963438719494272,0,0,0
S1_p005_t001_s108725431,2026-09-29T17:35:30Z,S1,5,1,0,0,8c8f1dc7cec091f8bc5adb7f76c35369b0f11356a1b1ca8ad874b6933fa326eb,12000,16,1,180000,0.9773647447310401,1,0.5170736873682383,0.49594440376218807,0,1,172800,0.0,-0.567209839906111,-305.83333313409514,-13.905458916396361,0.4639385992048316,7.427184779761921e-05,9.224414952768711e-06,0.08333333333333333,0.0,600.0,10.342235155274915,15.907099399057806,0,0,0
S1_p005_t002_s2006277236,2026-09-29T17:35:45Z,S1,5,1,0,0,4b0913338843a309d988b77cdf23714494a2bbdb839fc4d5b1a6b4bf9b68bc86,12000,16,1,180000,0.9771860347013137,1,0.5994946142749926,0.575200827769748,0,1,172800,0.0,-0.5681599692867763,-305.8333342562267,-13.861210952216156,0.5326943897358682,0.00044032641013021885,5.4687659485352924e-05,0.08333333333333333,0.0,600.0,20.507392841438282,15.684652319889416,0,1,0
S1_p006_t000_s147152921,2026-09-29T17:36:00Z,S1,6,1,0,0,586e114394f7c1fa83bd986e782aa8bdebe6c768de56bb334d7898882dfcc34c,12000,16,1,180000,0.9851255235682587,1,0.6881772670633525,0.6695122953158428,0,1,172800,0.0,-0.40290166904463576,-305.8333305216523,-15.778551213658043,0.6642674215230155,0.0009338792515262721,0.00011598593528105994,0.08333333333333333,0.0,600.0,21.984654599460107,17.684642644837446,0,1,0
S1_p006_t001_s1953053430,2026-09-29T17:36:15Z,S1,6,1,0,0,42fc4a4d5ff38856c1624d1537323ce077205652d13b75ec9b64398a707e3ba2,12000,16,1,180000,0.9850667579556445,1,0.6883355487785026,0.6695122953158428,0,1,172800,0.0,-0.4059185528464532,-305.83333117758593,-15.75692048091005,0.6213882350174501,0.0006483674428386653,8.052593966567656e-05,0.08333333333333333,0.0,600.0,17.548703511269995,17.84970475887317,0,1,0
S1_p006_t002_s147567551,2026-09-29T17:36:45Z,S1,6,1,0,0,5d61fd0dcb10d36580165fd33b269da00c8623c2ea770534c1b8fba2e07ec323,12000,16,1,180000,0.9852404304379071,1,0.7432452872142457,0.7239516056757861,0,1,172800,0.0,-0.40622762619590347,-325.7500021394213,-15.747967834390654,0.7108291663936533,-0.0003270706739810386,-4.062152356709703e-05,0.08333333333333333,0.0,600.0,22.058170666870684,17.78796843378546,0,1,0
S1_p007_t000_s1402667823,2026-09-29T17:37:00Z,S1,7,1,0,0,3ae17e19c737787d5e435d2e351d973205f2c354dc7886920343e213a6c6d346,12000,16,1,180000,0.9907916129360358,1,0.8024418733918018,0.7888016545704567,0,1,172800,0.0,-0.29048183126009125,-325.74999854088435,-17.839559222787113,0.7498291865496431,-0.0005781030821587125,-7.179924659794779e-05,0.08333333333333333,0.0,600.0,26.622871615615306,18.831786129961632,0,1,0
S1_p007_t001_s1425587327,2026-09-29T17:37:15Z,S1,7,1,0,0,ba4bf8bc4d656a89a6da138d583915fb78aac2eefd027e1fc6d4d173247a8986,12000,16,1,180000,0.9907334810582769,1,0.8026056455115195,0.7888016545704567,0,1,172800,0.0,-0.29327432374889306,-325.7499994742933,-17.78783509861755,0.8369423205083205,-7.782392483818371e-05,-9.66557581705274e-06,0.08333333333333333,0.0,600.0,17.851933824355353,18.807504669048395,0,1,0
S1_p007_t002_s718289455,2026-09-29T17:37:30Z,S1,7,1,0,0,05c43cbf23fc055dc2b9150480a017d5c379592d84b12c0c0d291db8263453b9,12000,16,1,180000,0.990724184019335,1,0.8527043454425829,0.8385280478656059,0,1,172800,0.0,-0.29385557816362395,-325.75000012031944,-17.784950385383308,0.8133042507450711,-9.873198861570685e-05,-1.2262315522093559e-05,0.08333333333333333,0.0,600.0,19.792034564953354,18.837954289110016,0,1,0
S1_p008_t000_s1206520285,2026-09-29T17:37:45Z,S1,8,1,0,0,bbd3a978fb6ba121c14d28cd0c36250c336d62cd4b9b00daab3302d3ceccc329,12000,16,1,180000,0.7861614739940951,1,0.713658248701915,0.8922877015429264,0,1,172800,1.0,-2.2347235851856455,-325.7447951224015,-2.1368924462072982,44.17258489280207,1041.0136474038534,129.29181298026378,7.083333333333333,0.0,600.0,10.914932088949211,42.094582123918194,0,1,0
S1_p008_t001_s1462033172,2026-09-29T17:38:00Z,S1,8,1,0,0,52902170030160e4eff2a0b27e2061f61ab8523f429913650ec3dadb9f98d96f,12000,16,1,180000,0.8987511108971901,1,0.8721679835258248,0.8922877015429264,0,1,172800,1.0,-0.19970353846752154,-314.95832944162373,-20.762537414517762,0.8570365152349512,-0.0008903689577688512,-0.00011058204381697578,0.08333333333333333,0.0,600.0,22.81019228068185,18.796456378649818,0,1,0
S1_p008_t002_s1537966073,2026-09-29T17:38:15Z,S1,8,1,0,0,72a43646d69ffd03757990e3cba0cba9e89f29e6fe03583782817517b1f8006d,12000,16,1,180000,0.8990302192870236,1,0.8927775692961835,0.9131794267773907,0,1,172800,1.0,-0.19980441260581566,-314.95832898093613,-20.68433435532024,0.8243271736216452,-0.0009191754401816109,-0.0001141597513196757,0.08333333333333333,0.0,600.0,36.701022636337115,18.718913120846747,0,1,0
S1_p009_t000_s758409719,2026-09-29T17:38:30Z,S1,9,1,0,0,48cddb7b3ec9f38828ede171f5a11674cd68f8aa526cf91244dbfee65712d12e,12000,16,1,180000,0.9099487006744327,-1,0.9098491084879367,0.9343002500583387,1,-1,172800,nan,-0.845310412871445,nan,-7.534387461520843,42.87451445525277,nan,nan,0.08333333333333333,0.0,600.0,7.307998547285445,13.61944024769575,0,1,0
S1_p009_t001_s1723470335,2026-09-29T17:38:45Z,S1,9,1,0,0,d67cbca0217f7aeb66689b4258a6b7b72931247720bb4294bd183d04cd04f05e,12000,16,1,180000,0.9098285086829128,-1,0.9099343857762836,0.9343002500583387,1,-1,172800,nan,-0.8457084407020505,nan,-7.525153315305623,40.624016808885784,nan,nan,0.08333333333333333,0.0,600.0,6.684450523210327,13.452659016259435,0,1,0
S1_p009_t002_s1581091521,2026-09-29T17:39:00Z,S1,9,1,0,0,0cfb148f173a4f722507e750df3ce7c47a596955a2d83995c4a1fe442c3fda08,12000,16,1,180000,0.9094434139823524,-1,0.9097098555996102,0.9342265314570748,1,-1,172800,nan,-0.8488583223829769,nan,-7.506581130371378,48.41284571455303,nan,nan,0.08333333333333333,0.0,600.0,6.027942457059306,13.555422714687875,0,1,0
S1b_p000_t000_s670279447,2026-09-29T17:39:30Z,S1b,0,1,0,0,a89d97944cd1fd917e1f9c12bae3afce1505a9fad90405f8c7eacf915c7ff29e,12000,16,1,180000,0.6926726849013436,1,0.04613585687382438,0.04314353477945923,0,1,172800,0.0,-1.0402278811646624,-327.70834275434754,-10.811766153977462,0.08723057873422319,0.001555685030410202,0.00019321296940688626,0.08333333333333333,0.0,600.0,7.551927324916886,4.595743016958157,0,0,0
S1b_p000_t001_s755619207,2026-09-29T17:39:45Z,S1b,0,1,0,0,bc3ca0e4016d8a1b5b4a61fec8d2b74e7cd247880abb3f9787c283f56d0daf52,12000,16,1,180000,0.6926784701380053,1,0.011634341578675145,0.011555912219765227,0,1,172800,0.0,-1.0463515438949258,-327.70833216859074,-10.796064757640824,0.0826032099663131,-0.0002055507712165625,-2.552899468355463e-05,0.08333333333333333,0.0,600.0,5.002663023702529,5.0820936784509545,0,0,0
S1b_p000_t002_s405040029,2026-09-29T17:40:00Z,S1b,0,1,0,0,77ef579e04a6161535bb0d55ea7cbd8a7b1b2f970e0ad160c5ea9a75f9d55e2e,12000,16,1,180000,0.6912977575202556,1,0.011691308131993773,0.011555912219765223,0,1,172800,0.0,-1.0536202966698982,-327.7083286229196,-10.756761937260421,0.08913837986647344,-0.003396998630150472,-0.0004219004358674283,0.08333333333333333,0.0,600.0,5.044591942197422,4.807094196164887,0,0,0
S1b_p001_t000_s421145395,2026-09-29T17:40:15Z,S1b,1,1,0,0,a0aa64109f77961ea830983f8e3127cd48a443551a01a99f784d6a87a913d244,12000,16,1,180000,0.6929948042687275,1,0.011966703615456703,0.011333582432054332,0,1,172800,0.0,-1.0421685312133175,-327.70831862187816,-10.793793030988612,0.08591983300853262,-0.0005263576865412363,-6.537257195304846e-05,0.08333333333333333,0.0,600.0,6.219755177374045,5.377607896999205,0,0,0
S1b_p001_t001_s617056408,2026-09-29T17:40:30Z,S1b,1,1,0,0,0dc83234bdee4717a73383853355254471064af0f5a56e2211ed1ef22dc684b7,12000,16,1,180000,0.6922262775499654,1,0.011809084909063239,0.011305349550454044,0,1,172800,0.0,-1.058564793364731,-327.7083419625645,-10.732371409612467,0.09970917276368171,-0.0005921963762000826,-7.354960553129786e-05,0.08333333333333333,0.0,600.0,9.416088255658408,4.773796722203628,0,0,0
S1b_p001_t002_s1338794941,2026-09-29T17:40:45Z,S1b,1,1,0,0,34c3a84a3c96acfc796c931880f8e00f98bec22a64820f6ec941832ea647411a,12000,16,1,180000,0.6922705148242368,1,0.011468700044747877,0.012603220098951503,0,1,172800,0.0,-1.049531031934209,-327.7083427155667,-10.785923273241444,0.08737512812797202,-0.0010938287655305639,-0.00013585134502136498,0.08333333333333333,0.0,600.0,10.90843287651811,4.9207287220086995,0,0,0
S1b_p002_t000_s265536591,2026-09-29T17:41:00Z,S1b,2,1,0,0,276db90a7b92ef356291d14def1a3afc3447420b8b98b9288a6a6d613644b311,12000,16,1,180000,0.6935864589328632,1,0.01224982404601474,0.0126032200989515,0,1,172800,0.0,-1.043314825287313,-327.7083228467248,-10.802844385901887,0.09144752018005381,-0.0028806493214098517,-0.0003577708844204608,0.08333333333333333,0.0,600.0,6.543316473821169,4.654204872777336,0,0,0
S1b_p002_t001_s984384874,2026-09-29T17:41:15Z,S1b,2,1,0,0,d186e202b275d9f391039f6b21564d4cbece10a5fe27635fc439a9b5192748be,12000,16,1,180000,0.9552942101956808,1,0.012477449124762384,0.01298530339325719,0,1,172800,0.0,-1.0397143610530444,-319.16666586403153,-10.78916896367499,0.08621182430994767,0.0004471538046177034,5.553560822590953e-05,0.08333333333333333,0.0,600.0,12.520245208655373,4.480419291771444,0,0,0
S1b_p002_t002_s1445559193,2026-09-29T17:41:30Z,S1b,2,1,0,0,dc201bdd0f0d0a39129c5f7ca720c816d5fe6825ff820841c1c6d6632562f108,12000,16,1,180000,0.9556043136495024,1,0.016925198971490224,0.015758898130045152,0,1,172800,0.0,-1.039745234084309,-319.16666508316604,-10.784602735642752,0.10259205913357256,-2.5350222401658975e-05,-3.1484469218412414e-06,0.08333333333333333,0.0,600.0,11.598277383760264,4.33128895842237,0,0,0
S1b_p003_t000_s799072493,2026-09-29T17:41:45Z,S1b,3,1,0,0,6b0116463f6603345a245eb9b286a8d06e506d8b21d2511e11a91c36b9bbc564,12000,16,1,180000,0.9558497228485626,1,0.01987746267436641,0.018272154502737295,0,1,172800,0.0,-1.0357140531141376,-319.1666662015953,-10.80780322524998,0.0823772033171431,-2.0870087002346444e-05,-2.5920230655174237e-06,0.08333333333333333,0.0,600.0,5.763054218715766,4.401590769279909,0,0,0
S1b_p003_t001_s1267271188,2026-09-29T17:42:00Z,S1b,3,1,0,0,d312e8332d33f987092a9e391aafbedeaf2c6a7b3aa3c9a7187bc43004692afc,12000,16,1,180000,0.9565041249459578,1,0.02155117299994306,0.020243011075190154,0,1,172800,0.0,-1.0279606743955048,-319.1666670682771,-10.863543101605655,0.07521962736550247,-0.00015339730833947697,-1.905163890114636e-05,0.08333333333333333,0.0,600.0,6.903934471289919,4.504224036725628,0,0,0
S1b_p003_t002_s60044557,2026-09-29T17:42:15Z,S1b,3,1,0,0,d24cf0980ab82a0e0b5980baa93c455c0b2feef9e2ae1eb27362c02388be0d51,12000,16,1,180000,0.9560964475671384,1,0.02155107428537425,0.020243011075190158,0,1,172800,0.0,-1.029721038388942,-319.16666515367433,-10.847187166175656,0.07981705255140045,-0.00017436446825577293,-2.1655718228430487e-05,0.08333333333333333,0.0,600.0,10.249914392373888,4.176451014811502,0,0,0
S2_p000_t000_s1289144792,2026-09-29T17:42:45Z,S2,0,1,0,0,ea1cec5131a94840df5a051763b49750452c83d600a21454849277a271838fe1,12000,16,1,180000,0.9687464736146943,1,0.33119429157058616,0.3034330082516182,0,1,172800,0.0,-0.6181724591365255,-315.5833336427434,-12.39244070936919,0.44983418467520975,0.00020945887137073144,2.6014372906502103e-05,0.08333333333333333,0.0,600.0,10.823138189310264,18.873872262407694,0,0,0
S2_p000_t001_s68113513,2026-09-29T17:43:00Z,S2,0,1,0,0,f6c6e7ad0d7b7704d8ac1155502c3b417909eebdb826c15535b686145ce22206,12000,16,1,180000,0.8533419692860995,1,0.3010790599835725,0.30742776009651607,0,1,172800,0.0,-1.3130353758930846,-313.5686179693166,-6.195026598561021,10.86595972238526,-0.11575585173546965,-0.01437664527384186,0.6666666666666666,0.0,600.0,19.853387369823007,34.86460311969809,0,0,0
S2_p000_t002_s492170927,2026-09-29T17:43:15Z,S2,0,1,0,0,64d004f3e0b8f2271d4ee973e08a1cfe38d5519dc7e89b21afae4f6e854fc376,12000,16,1,180000,0.9212390536989705,1,0.3350628210540632,0.30742776009651607,0,1,172800,0.0,-0.6574877213677073,-313.5689073621913,-11.672986522736117,0.4578274602730661,-0.0059354487502672705,-0.0007371708638856944,0.08333333333333333,0.0,600.0,8.839666887730754,14.818390345828288,0,0,0
S2_p001_t000_s2106742562,2026-09-29T17:43:30Z,S2,1,1,0,0,c9fb8cf51331bd41dab7536916b3202589aae8f1b4271cb2834f7ca0a36b30f9,12000,16,1,180000,0.920273799865557,1,0.3239373055256427,0.30578272388914524,0,1,172800,0.0,-0.7868352738543704,-313.5687614014636,-11.741163449243697,0.38251525398962344,-0.01083624289605816,-0.0013458396952046314,0.08333333333333333,0.0,600.0,14.40441734109937,11.959928571065017,0,0,0
S2_p001_t001_s1155555599,2026-09-29T17:43:45Z,S2,1,1,0,0,6c93812483618df38907138e2268b40327107d8a82cdb7e44de54832f6b4d868,12000,16,1,180000,0.9203539516307078,1,0.32546090757099555,0.30634906820550983,0,1,172800,0.0,-0.7836897927483493,-313.5687390105426,-11.74775571451454,0.3589542548441618,-0.015838506023828223,-0.001967110771147418,0.08333333333333333,0.0,600.0,7.686508488872227,11.569600680706138,0,0,0
S2_p001_t002_s1218472882,2026-09-29T17:44:00Z,S2,1,1,0,0,e3a25f82dde27465632c4ec84d2daf9c044063419be7a64c9670a7f78c73f29b,12000,16,1,180000,0.9206647036589743,1,0.3243915935158775,0.30634906820550983,0,1,172800,0.0,-0.7757137375200096,-313.56876199689395,-11.797107447405025,0.35759935590842296,-0.011341883050778089,-0.0014086391911405372,0.08333333333333333,0.0,600.0,5.647881584194389,11.71856279921938,0,0,0
S2_p002_t000_s1410889249,2026-09-29T17:44:15Z,S2,2,1,0,0,454cf93e6262645b64bd2ec06e79a18b7af43905947b5e621aff2f9f3e99a11e,12000,16,1,180000,0.9183034359390467,1,0.31338625943939574,0.3033898382135205,0,1,172800,0.0,-0.8934895895959355,-313.56858204707896,-11.75541154918731,0.3217638389919226,-0.014953669570412692,-0.0018572158533061156,0.08333333333333333,0.0,600.0,5.961904913062642,8.883388272329443,0,0,0
S2_p002_t001_s1295536992,2026-09-29T17:44:30Z,S2,2,1,0,0,854975053eda96bd3d4e075004ad85bbaa8d7b1c021ee346e6fbe80fdcfa65f3,12000,16,1,180000,0.3697572000694225,1,0.14595899522713288,0.3043322498678894,0,1,172800,0.0,-7.159763040376238,-304.7966989220864,5.45583119204288,10.744333530812263,848.0209337446377,105.32250392921651,3.5,0.0,600.0,6.987413014818449,21.133927970785372,0,0,0
S2_p002_t002_s1338324977,2026-09-29T17:44:45Z,S2,2,1,0,0,04d367068faebc5d001ff45826a1cd9e7845bcc3a86ddb187149edbc3be57cd0,12000,16,1,180000,0.7809943906274291,1,0.3113398821134586,0.3043322498678894,0,1,172800,0.0,-0.8473489552616567,-304.791660311091,-12.493997778418443,0.24244005468192592,0.001500053884256343,0.00018630369231686927,0.08333333333333333,0.0,600.0,9.416284554406749,9.224604926021481,0,0,0
S2_p003_t000_s1727962604,2026-09-29T17:45:00Z,S2,3,1,0,0,cec06b1aab5bb69ec19bb74845873b856b01b11db924c6ea1279a3039c9ea24b,12000,16,1,180000,0.7743971370692645,1,0.31288053659164305,0.3051709554492243,0,1,172800,0.0,-0.8739875252189845,-304.79166988729776,-12.51127995292194,0.21672415721469315,-0.00030919081498588914,-3.840088083961746e-05,0.08333333333333333,0.0,600.0,4.645039939255022,7.126887255215475,0,0,0
S2_p003_t001_s505940398,2026-09-29T17:45:15Z,S2,3,1,0,0,ef47a681f61b9c13535dbd70d91efda734a3c95e748b19f6113dd828878a6cfd,12000,16,1,180000,0.7748414410788786,1,0.31478035865017345,0.30689079226417026,0,1,172800,0.0,-0.8676750467862254,-304.79166499450304,-12.526442560352164,0.19233163335730413,-0.0016037421129814471,-0.00019918156294806977,0.08333333333333333,0.0,600.0,12.565079353897856,7.439842057217536,0,0,0
S2_p003_t002_s1702346768,2026-09-29T17:45:30Z,S2,3,1,0,0,f12869e8469807880cfab80c8a96742dfdc146515dc9411865e929e1aef8b437,12000,16,1,180000,0.7734241136389378,1,0.31501386813676024,0.30689079226417026,0,1,172800,0.0,-0.8776068273581171,-304.7916623068607,-12.4719634226016,0.20051360648310926,0.001739081475708821,0.00021599044112008414,0.08333333333333333,0.0,600.0,7.580821072569584,7.521328160394189,0,0,0
S2_p004_t000_s1635038415,2026-09-29T17:45:45Z,S2,4,1,0,0,062c29808344a901e327d74545e9a84ac4ff3fe493132344d394cd40ab728996,12000,16,1,180000,0.7679178424974005,1,0.3172752790175479,0.3040231133054214,0,1,172800,0.0,-0.8087661071487904,-304.7916595366745,-12.457519216529839,0.2899717112820328,-0.0006729767336699445,-8.358236436833977e-05,0.08333333333333333,0.0,600.0,14.684133708284099,10.255910064653746,0,0,0
S2_p004_t001_s1183238402,2026-09-29T17:46:00Z,S2,4,1,0,0,67b5850127963de4aaf088c944efb97cc3436f1cf457e82ce6aca255c10ea6e6,12000,16,1,180000,0.7681362254190957,1,0.31917442799283074,0.3069543546700123,0,1,172800,0.0,-0.8105480850858559,-304.79166184247634,-12.471202674785097,0.29974870383639524,0.0004754020958064285,5.904398949496681e-05,0.08333333333333333,0.0,600.0,4.804363550766756,10.622300804789946,0,0,0
S2_p004_t002_s333126784,2026-09-29T17:46:15Z,S2,4,1,0,0,8b2e32a26391461579dfd576a2a6cf0f280fa3545148fa78285488841e11bc3e,12000,16,1,180000,0.766791757812892,1,0.31930558501932677,0.3069543546700123,0,1,172800,0.0,-0.8150619342619557,-304.79166726699805,-12.425147891151912,0.3172260728780254,0.0017653611075519546,0.00021925431883573765,0.08333333333333333,0.0,600.0,9.225735598936694,10.242495483827717,0,0,0
S2_p005_t000_s356586922,2026-09-29T17:46:30Z,S2,5,1,0,0,fc0ffd5f048dc3b6048ba3d41f97f7f985cc6852dea65775607282262a9d844d,12000,16,1,180000,0.7606883252427024,1,0.3260229369269073,0.3024432576008823,0,1,172800,0.0,-0.6897161500362038,-304.7916695578879,-12.401373138893717,0.40071362660725257,7.449108568493647e-05,9.25164385989774e-06,0.08333333333333333,0.0,600.0,12.164885853403064,16.54600862077991,0,0,0
S2_p005_t001_s1328624968,2026-09-29T17:46:45Z,S2,5,1,0,0,83d56a1584d02d7db6f2c77583e7f89168db8ef86766a177553aff175fbe7b39,12000,16,1,180000,0.7605018715642317,1,0.3267425258005202,0.3024432576008823,0,1,172800,0.0,-0.6850599179119528,-304.7916740703434,-12.422151518704887,0.4079456471516466,-0.0004209020438903281,-5.227519204709097e-05,0.08333333333333333,0.0,600.0,11.160334980378567,16.598318436445922,0,0,0
S2_p005_t002_s843406380,2026-09-29T17:47:00Z,S2,5,1,0,0,de4a845768e6510a349f8e36d540a0f6b0d3195693baf343c183f253bb8ab4a2,12000,16,1,180000,0.761497821691252,1,0.3265672934791126,0.30237624104345756,0,1,172800,0.0,-0.6766106463526395,-304.79167084343624,-12.457758322712753,0.4198432667303112,-0.003328516966375458,-0.00041339515018989914,0.08333333333333333,0.0,600.0,9.275810526725198,16.40431538632306,0,0,0
S2_p006_t000_s1939969654,2026-09-29T17:47:15Z,S2,6,1,0,0,cc64639946e442ddaf7223e13433f1614bd85a81accca004fae438af1a0e431b,12000,16,1,180000,0.750847171752235,1,0.33317399197120506,0.3007940954549315,0,1,172800,0.0,-0.5808136371724802,-304.7916668425527,-12.346156784001515,0.4899704399118298,0.000681064054906889,8.458679349132581e-05,0.08333333333333333,0.0,600.0,10.474234617525632,20.18942222117928,0,0,0
S2_p006_t001_s441937503,2026-09-29T17:47:30Z,S2,6,1,0,0,06a18772a58216964c05b62ea1f7e4fa29ae0875b8b3b57430b1c81999820eac,12000,16,1,180000,0.7515391966279643,1,0.332986697442387,0.30158918785722183,0,1,172800,0.0,-0.5779502470778313,-304.79166617114,-12.371791889393894,0.4531898247721841,-0.00011727172520205308,-1.456491372664459e-05,0.08333333333333333,0.0,600.0,10.311125713230268,20.296017458918136,0,0,0
S2_p006_t002_s781512667,2026-09-29T17:48:00Z,S2,6,1,0,0,9c009572239f17f0110455c75890c4ea22d8f03299995c667d580b823ef03c45,12000,16,1,180000,0.9105368539225831,1,0.3320910464261469,0.30158918785722183,0,1,172800,0.0,-0.6108730725195705,-302.2343923342354,-11.78280946082529,0.4803113589551111,-0.052969260163858514,-0.0065786761738309,0.08333333333333333,0.0,600.0,6.968973606813064,18.12058618789957,0,0,0
S2_p007_t000_s1531496940,2026-09-29T17:48:15Z,S2,7,1,0,0,bfcdbada2e2f47284189d9d2cec3dd7e5e3f0233563e4d69ffdc90677c792846,12000,16,1,180000,0.907624079456275,1,0.3359038228992469,0.30472990527153115,0,1,172800,0.0,-0.5849230135757638,-302.23425710811773,-11.769413072439665,0.5459018598729523,-0.04594790945041759,-0.005706638457922963,0.08333333333333333,0.0,600.0,5.77481105775764,18.719690902363897,0,0,0
S2_p007_t001_s326924126,2026-09-29T17:48:30Z,S2,7,1,0,0,6a93b5aadad66cf4cca3f236dce3dda36448c5681b4d1c1abe55029183053969,12000,16,1,180000,0.9073225456810406,1,0.33712449800442595,0.30472990527153115,0,1,172800,0.0,-0.5910749877491347,-302.2342975282021,-11.752272147803655,0.49717838456829194,-0.05227714078117379,-0.0064927163307402225,0.08333333333333333,0.0,600.0,12.188686990977954,18.6341132909287,0,0,0
S2_p007_t002_s199391290,2026-09-29T17:48:45Z,S2,7,1,0,0,0378903f0f7965d52a986f83c1678823d39e5d8755293c4b09614053a804474b,12000,16,1,180000,0.9072351668306404,1,0.3357524997413833,0.30419482446468915,0,1,172800,0.0,-0.5928223715917152,-302.23429020542125,-11.740834872525799,0.5286078012676934,-0.0530037386050631,-0.006582958327271626,0.08333333333333333,0.0,600.0,9.454669670879232,18.43482783914733,0,0,0
S2_p008_t000_s2105928740,2026-09-29T17:49:00Z,S2,8,1,0,0,3c684af322610a55c34a8647d1b6bd37adcc8eea5ce5883d2aa0ca91e826ef20,12000,16,1,180000,0.9041781142723313,1,0.3343812032755894,0.30489149280800537,0,1,172800,0.0,-0.6693853524567284,-302.23425019039075,-11.768159191633568,0.45904886925759897,-0.05329271854791162,-0.006618849058213527,0.08333333333333333,0.0,600.0,7.66496327319385,17.679060973554567,0,0,0
S2_p008_t001_s2122849215,2026-09-29T17:49:15Z,S2,8,1,0,0,f265bed8fe112669c9f5665ac1ccdbfcd7df42bd3670da97522cb1db3205fdf5,12000,16,1,180000,0.9040599308912847,1,0.33202580735771176,0.3048914928080054,0,1,172800,0.0,-0.6744581768370784,-302.23426354250114,-11.748151255085924,0.4874832999721734,-0.05522926229460646,-0.006859363918465533,0.08333333333333333,0.0,600.0,4.805890568795617,17.684862761641572,0,0,0
S2_p008_t002_s1792617518,2026-09-29T17:49:30Z,S2,8,1,0,0,e261aa5a2393fda2b55d116607799e5123deee996681b27392e5a24b4ac40f71,12000,16,1,180000,0.9045010724771663,1,0.33045603502606735,0.3047006888356329,0,1,172800,0.0,-0.6649717217466915,-302.2342738269096,-11.808939836187873,0.42375996029971497,-0.05294327507903419,-0.006575448878265888,0.08333333333333333,0.0,600.0,5.652965881591541,17.587646468647662,0,0,0
S2_p009_t000_s1083440476,2026-09-29T17:49:45Z,S2,9,1,0,0,aa630059395624989f303e5ca681c9cb1c8908f73e2eb5eb814b8bf126414123,12000,16,1,180000,0.9009122283354744,1,0.31905916001651596,0.3026875971946869,0,1,172800,0.0,-0.8015496121582065,-302.2343583520057,-11.809557146390869,0.3283138306036979,-0.0413061136892374,-0.0051301367079759075,0.08333333333333333,0.0,600.0,5.848612414286541,15.258026807076927,0,0,0
S2_p009_t001_s406326303,2026-09-29T17:50:00Z,S2,9,1,0,0,0953bfa4d56190e99c97b0feb56190f67023d780880b9b1c4761323c2c73ba5b,12000,16,1,180000,0.900727824258,1,0.3212835177592805,0.30294233744614524,0,1,172800,0.0,-0.799933389916679,-302.23435082201104,-11.79266510020497,0.3917120413470571,-0.04977604602605475,-0.006182085364343948,0.08333333333333333,0.0,600.0,7.219165714634858,15.223339707305808,0,0,0
S2_p009_t002_s2144757372,2026-09-29T17:50:15Z,S2,9,1,0,0,4c545fbac9803b750137b1dc811a1cb393a9bfef34bf18c1b316b53bf5bb0c8a,12000,16,1,180000,0.9006021693981684,1,0.3213312090308464,0.30294233744614524,0,1,172800,0.0,-0.8038530162977807,-302.23436693025724,-11.777383900080752,0.30184010788924454,-0.04645193360401386,-0.005769237249751313,0.08333333333333333,0.0,600.0,11.31309277253751,15.4383116456348,0,0,0
S3_p000_t000_s1030001410,2026-09-29T17:50:45Z,S3,0,1,0,0,eafec3d3ff73aff560686d207fb4558265e1e8df30425627c996ad023eb5090f,12000,16,1,180000,0.9150327385760685,1,0.3188115683848593,0.3045154003390014,0,1,172800,0.0,-0.7854935490122545,-325.1819810306218,-11.817199800497974,0.3366492698314598,0.049053213977288,0.006092311069551215,0.08333333333333333,0.0,600.0,8.187807691237454,13.275192457207563,0,0,0
S3_p000_t001_s59102629,2026-09-29T17:51:00Z,S3,0,1,0,0,62b1db35886290d32d182868b1c985ac85d9b8910ca67301177f5a5ee7afb350,12000,16,1,180000,0.914835717949378,1,0.3175316321808986,0.306005539118961,0,1,172800,0.0,-0.7810141748241322,-325.18196063564454,-11.848440875497147,0.28462667104948935,0.046557733285784435,0.005782377358627855,0.08333333333333333,0.0,600.0,8.348571403938225,13.290978456211134,0,0,0
S3_p000_t002_s917633151,2026-09-29T17:51:15Z,S3,0,1,0,0,f5d164df8a616eeab29936f8335d2f40fdae7a38308be5269508abe4a13fac8e,12000,16,1,180000,0.757271384860163,1,0.30284591113360254,0.3124925690856233,0,1,172800,0.0,-2.3352897055062787,-316.6486560870441,-2.826869963222695,15.487726841640368,824.341880823251,102.38161291448614,5.75,0.0,600.0,15.046909346967059,26.35459884547446,0,0,0
S3_p001_t000_s1727488921,2026-09-29T17:51:30Z,S3,1,1,0,0,b73bb19a4430e7ce8eb66bdfb5a3377427f0c35b54a3b36d07e1a7f25379fdd5,12000,16,1,180000,0.9148900553985901,1,0.32252350120096224,0.31249256908562334,0,1,172800,0.0,-0.782528548696889,-316.6513405986152,-11.845985333135829,0.310180030442992,-0.03834970053292241,-0.004762956106787897,0.08333333333333333,0.0,600.0,7.99008559325768,13.151825701121862,0,0,0
S3_p001_t001_s1935099702,2026-09-29T17:51:45Z,S3,1,1,0,0,9aebb676fc3b7223ddbd3ab4fe351c6cb7970c81e6ce71ce51ad919275ae657e,12000,16,1,180000,0.9150470875147311,1,0.3231094806471893,0.3036466965444167,0,1,172800,0.0,-0.7732858502536626,-316.6513401076166,-11.879911412863052,0.32688264461714045,-0.03170041881993901,-0.003937128616598784,0.08333333333333333,0.0,600.0,9.049443877588025,13.178602108614903,0,0,0
S3_p001_t002_s1247340308,2026-09-29T17:52:00Z,S3,1,1,0,0,0766825eab05a4007f1ef43cff57dd76e28176109565851572487dbac5cff3c5,12000,16,1,180000,0.9145658089941993,1,0.3303879012967114,0.31098793742537856,0,1,172800,0.0,-0.784474128999592,-316.6513573170099,-11.845472762525155,0.3420474613756592,-0.03445334570338132,-0.004279036629668553,0.08333333333333333,0.0,600.0,5.000414399872471,13.229383989301486,0,0,0
S3_p002_t000_s2123842217,2026-09-29T17:52:15Z,S3,2,1,0,0,ae394ce2d28726491d1e4213c1d2acfb968600f58eeee86bade1dc26f1d67ebb,12000,16,1,180000,0.9147553772842493,1,0.3257480593294653,0.3109879374253786,0,1,172800,0.0,-0.7865730907068749,-316.65135122353115,-11.835926594043046,0.3859145573162326,-0.02521365918133103,-0.003131486043002951,0.08333333333333333,0.0,600.0,4.683099482736853,13.18276361976289,0,0,0
S3_p002_t001_s741456992,2026-09-29T17:52:30Z,S3,2,1,0,0,1c05857b45de77d55b5275f63e633a5d3cbb38543ea33608c6276590b7b8e561,12000,16,1,180000,0.9151057370812689,1,0.32304792747697153,0.3089446546828953,0,1,172800,0.0,-0.7723818047812352,-316.6513404655537,-11.89989352485106,0.3371675345421263,-0.025228847009824185,-0.003133372340926144,0.08333333333333333,0.0,600.0,5.780478901110556,13.244274373198843,0,0,0
S3_p002_t002_s859851708,2026-09-29T17:52:45Z,S3,2,1,0,0,de4c64b6d2b3709b350b9e257f3eab23f642e71a0839aedbe954d4a0d645cdcd,12000,16,1,180000,0.9149684995618149,1,0.3270463246642672,0.30962191609163897,0,1,172800,0.0,-0.7807052053506214,-316.65134007585766,-11.85107530650251,0.3455846734056988,-0.025900430561176233,-0.003216781674836966,0.08333333333333333,0.0,600.0,6.104969478636232,13.251914784612616,0,0,0
S3_p003_t000_s1497291008,2026-09-29T17:53:00Z,S3,3,1,0,0,27bb324c1c9427237f55f1a9fe8541a5c624bfe2bb6e528a598c5da0f1d5b760,12000,16,1,180000,0.9146800976565154,1,0.3238913591883612,0.30962191609163897,0,1,172800,0.0,-0.7839145671127011,-316.65135110519924,-11.82862805104622,0.4051701153512738,-0.013032404020971914,-0.0016185985145966697,0.08333333333333333,0.0,600.0,8.382304816925418,13.243625404445323,0,0,0
S3_p003_t001_s2122590732,2026-09-29T17:53:15Z,S3,3,1,0,0,2a6572acb292e29047be981df676645471f1c655fdf604eb597bc0b915401465,12000,16,1,180000,0.915033222944873,1,0.3238678599156542,0.3081507351143619,0,1,172800,0.0,-0.7824546229176796,-316.6513636444797,-11.87208998893189,0.3347208482275015,-0.010809201443953712,-0.001342481200936163,0.08333333333333333,0.0,600.0,5.17821772767188,13.350727199580186,0,0,0
S3_p003_t002_s1592902622,2026-09-29T17:53:30Z,S3,3,1,0,0,df3fe698be373f4de14fa2008fc66cc2e18027e9b7f4daa5186b4f644e79bf49,12000,16,1,180000,0.9150025855908069,1,0.3241460525874613,0.30907468233478935,0,1,172800,0.0,-0.7784553749237889,-316.6513486459911,-11.881895601369944,0.3483280581638154,-0.01262483832794075,-0.0015679796706535853,0.08333333333333333,0.0,600.0,10.174624479083558,13.388551835379554,0,0,0
S3_p004_t000_s1269981715,2026-09-29T17:53:45Z,S3,4,1,0,0,b621daea28d00cc389d326bbee618df4a1d310bbb9f16049e9791e90b2e97fb7,12000,16,1,180000,0.9147187966716468,1,0.32291390138720294,0.30907468233478935,0,1,172800,0.0,-0.7814325634851711,-316.65135837538645,-11.842141927447464,0.28985572180858965,-0.000631348263816533,-7.841219166948576e-05,0.08333333333333333,0.0,600.0,6.425789730558028,13.274740354196526,0,0,0
S3_p004_t001_s1736958637,2026-09-29T17:54:00Z,S3,4,1,0,0,33e0ada381ff41a5c5ce8b46072e88f6031c5f88054e1fee00c943de269d5892,12000,16,1,180000,0.9153628455633339,1,0.3238061602623337,0.30587392297740335,0,1,172800,0.0,-0.7687280162576944,-316.65133460793794,-11.924412667842017,0.37793992645149876,0.009004655865356623,0.001118360249165562,0.08333333333333333,0.0,600.0,5.914319780838171,13.00044875513246,0,0,0
S3_p004_t002_s204596110,2026-09-29T17:54:15Z,S3,4,1,0,0,02efad2bb0e7146a4aaad3c62410b1105bc8d47cbd5f590280f22622ea6c63d7,12000,16,1,180000,0.9146323025563449,1,0.327524847280586,0.3098034291956534,0,1,172800,0.0,-0.7876228427716893,-316.65133976063646,-11.821169580976584,0.40801034757600596,-0.0011478812648859074,-0.0001425645573362999,0.08333333333333333,0.0,600.0,5.120018490271956,13.23315999169347,0,0,0
S3_p005_t000_s1505505932,2026-09-29T17:54:30Z,S3,5,1,0,0,6d567c07e802e3086b3d5410663908cbce4950a1355895e91c2135f4c1253fae,12000,16,1,180000,0.7654030524763695,1,0.31824730093436876,0.3098034291956534,0,1,172800,0.0,-0.7400364923521605,-305.87500018330803,-12.521240167733545,0.29985200007682034,0.0012410684905440437,0.00015413822438858915,0.08333333333333333,0.0,600.0,8.978200249977496,13.53249495131931,0,0,0
S3_p005_t001_s574426862,2026-09-29T17:54:45Z,S3,5,1,0,0,78c12e8927fddd94990a756dc686bb4c45ff01f62aac26960d6c82e077488684,12000,16,1,180000,0.7655686957290804,1,0.31845441968318244,0.30714933256120186,0,1,172800,0.0,-0.7485954598151914,-305.8750036606986,-12.481008097650658,0.3401321742520511,0.0006996009209001251,8.688903517395374e-05,0.08333333333333333,0.0,600.0,5.49950799916439,13.266147919453639,0,0,0
S3_p005_t002_s2081296688,2026-09-29T17:55:00Z,S3,5,1,0,0,f8a497e2ea0017ecadbb81d1ff5d15e0f59200e945c52180d9e1de666c531e27,12000,16,1,180000,0.7647607352801207,1,0.3184870932340638,0.3081398667041193,0,1,172800,0.0,-0.7561575284601159,-305.87499775684773,-12.399271679403762,0.3107751763801805,-0.0013315199164781956,-0.00016537211058675894,0.08333333333333333,0.0,600.0,11.611372049224585,13.452420366565113,0,0,0
S3_p006_t000_s1872296474,2026-09-29T17:55:15Z,S3,6,1,0,0,984679bb0e9ed879786d43779ec06ebabc7edd154041d620ba4baf5e4b37e520,12000,16,1,180000,0.7659435858041188,1,0.3159438304146727,0.30846932747155437,0,1,172800,0.0,-0.7413139991904526,-305.87499777675293,-12.516275084270255,0.36996842362231697,-0.00014264132776867642,-1.7715767626214074e-05,0.08333333333333333,0.0,600.0,7.513547139865242,13.695603249839783,0,0,0
S3_p006_t001_s1187247710,2026-09-29T17:55:30Z,S3,6,1,0,0,f94853c9d783cf8632e8220eaf4b6b19475644247500721b523c5a4fa1062664,12000,16,1,180000,0.7662408707989937,1,0.31704445199955633,0.30846932747155437,0,1,172800,0.0,-0.7393747932826883,-305.87499876498805,-12.530988394678621,0.3439698370059959,-0.0001330231822033842,-1.6521213183295913e-05,0.08333333333333333,0.0,600.0,5.219757074231663,13.266354481628301,0,0,0
S3_p006_t002_s1223745501,2026-09-29T17:56:00Z,S3,6,1,0,0,7736353b05f2e4a7a984873a7762cb17ae39424966ac29c3a9865b590a7af359,12000,16,1,180000,0.9692672700319849,1,0.3293984064778074,0.3102179815871073,0,1,172800,0.0,-0.7375351993185877,-316.91666931261716,-12.506394104637167,0.3574121735195365,-0.00019877018497183334,-2.4686859433131758e-05,0.08333333333333333,0.0,600.0,5.5873742791942025,13.362228545152243,0,0,0
S3_p007_t000_s626911129,2026-09-29T17:56:15Z,S3,7,1,0,0,f4926e0ec284cbad92dc2acc59937a1acfeea45712966c01591ce67331355014,12000,16,1,180000,0.9689186563949796,1,0.32825891531320744,0.31021798158710734,0,1,172800,0.0,-0.7470252895354846,-316.9166667008182,-12.455939963394036,0.3189690542979426,5.17816258710796e-05,6.431174369936343e-06,0.08333333333333333,0.0,600.0,7.684304371057902,12.974533785175122,0,0,0
S3_p007_t001_s1969339727,2026-09-29T17:56:30Z,S3,7,1,0,0,0eade9ed58f914b1b8343eaa0dc84ef2ac6b6c3de4f8161bc5bfa91c1f57d28c,12000,16,1,180000,0.9687887353825373,1,0.3283565172894222,0.30784199682578184,0,1,172800,0.0,-0.7496828361273035,-316.9166662441894,-12.450306267082425,0.37067445882693145,-2.9247455310482333e-05,-3.632475454651285e-06,0.08333333333333333,0.0,600.0,6.832299845626809,13.82746560394967,0,0,0
S3_p007_t002_s115451501,2026-09-29T17:56:45Z,S3,7,1,0,0,b55e43f163eb649da34826f51443c016a9a01f676a300994ec5df71a688f45f4,12000,16,1,180000,0.9688968390888878,1,0.3270338881453316,0.3072873981760882,0,1,172800,0.0,-0.7485896923938201,-316.91666707416516,-12.455161002043928,0.35984775772871946,-5.653128213625754e-05,-7.021072178758914e-06,0.08333333333333333,0.0,600.0,5.760669990811858,13.32763011798857,0,0,0
S3_p008_t000_s1467476825,2026-09-29T17:57:00Z,S3,8,1,1,0,b7229cf741f6de1340b4cbe34820904df0d58ba219712a0891b0d03f6c6e7ee6,12000,16,1,180000,0.9124349654005582,1,0.3176640817173589,0.3072873981760882,0,1,172800,0.0,-0.7858627106981914,-348.59863119372375,-11.816821543219845,0.3036971940944278,-0.04835340360195054,-0.006005396020555054,0.08333333333333333,0.0,600.0,4.823469663147854,13.238217260185142,0,0,0
S3_p008_t001_s154111274,2026-09-29T17:57:30Z,S3,8,1,1,1,a8cc6b742711ca1c03f6d9475ef6495c9b9ad74668bb202489578fba81e883e1,12000,16,1,180000,0.9113973913817692,1,0.31831141388940465,0.3061175376827872,0,1,172800,0.0,-0.7835408772301558,-319.2652970385461,-11.831987471982352,0.3609765592335772,-0.051131796721496946,-0.006350466889216477,0.08333333333333333,0.0,600.0,6.151040160844294,13.224584075419836,0,0,0
S3_p008_t002_s1142253482,2026-09-29T17:58:00Z,S3,8,1,1,1,88a92172d7d62c21b291c49c8feab48c758f077490938146192317145651f6d0,12000,16,1,180000,0.8718407766598577,1,0.3211903811771394,0.30521026727056877,0,1,172800,0.0,-1.1734552444044797,-300.73471811509324,-7.841162710156278,33.47250489186986,0.04420870974581651,0.005490633333010919,3.833333333333333,0.0,600.0,17.912998670151968,20.912997509205724,0,0,0
S3_p009_t000_s395916349,2026-09-29T17:58:30Z,S3,9,1,1,1,8c2e40ac1be42089b2a81d7988561bd312479807056a99c7bc6742b05e749621,12000,16,1,180000,0.7597653169447025,1,0.3061000168541381,0.30497503258529995,0,1,172800,0.0,-0.7393950784371608,-313.2083400142219,-12.504106762547524,0.3565317487872316,-0.0004704515529456018,-5.842914197273785e-05,0.08333333333333333,0.0,600.0,5.150170255366539,13.38981469808257,0,0,0
S3_p009_t001_s1232141577,2026-09-29T17:59:00Z,S3,9,1,1,1,3785d53f2307ed038e0e2d2f04d5330ba938a42998dac137c4052ae61312fb6c,12000,16,1,180000,0.9078911008802655,1,0.314326507265841,0.30413342599477605,0,1,172800,0.0,-0.7926752732848044,-315.1819587097167,-11.789193578902555,0.3584139293462297,-0.053895086823198414,-0.006693661993267597,0.08333333333333333,0.0,600.0,4.753972126504266,13.515506363508752,0,0,0
S3_p009_t002_s1753739609,2026-09-29T17:59:30Z,S3,9,1,1,1,02a0bab8658bce3f80e8bc4b5a751c55f46503074b193ce5fb0586e989f1246c,12000,16,1,180000,0.9081766844921897,1,0.3726152437245849,0.3666786886862039,0,1,172800,0.0,-0.7901096289885705,-314.5680482734224,-11.781706203039393,0.3576290333737147,0.05403700770532586,0.006711288282986061,0.08333333333333333,0.0,600.0,16.02662935078485,13.507857466064193,0,0,0
S4_p000_t000_s1380025803,2026-09-29T18:00:15Z,S4,0,1,0,1,19c60dec8fd8fb3518133184247b1ae290db1eeaa456789353879c65d71b5e43,12000,16,1,180000,0.9502809649255063,1,0.3618710592088131,0.3666786886862039,0,1,172800,0.0,-0.06705886424159399,-319.8499665800433,-22.879060788425797,0.026381386840235794,0.04015823429170161,0.0049875723825607565,0.08333333333333333,0.0,600.0,30.758328623284342,11.729760611866212,0,0,0
S4_p000_t001_s1028796488,2026-09-29T18:00:30Z,S4,0,1,0,0,020a6958a7585e805f968cbac5d89c2e0060076c2a1cf077fc070309e079777e,12000,16,1,180000,0.9504734162455526,1,0.34750558052077696,0.3544964581009171,0,1,172800,0.0,-0.06551815926472428,-319.8499784676102,-22.93544406075314,0.046178513811598626,0.043212732008041856,0.005366934889934782,0.08333333333333333,0.0,600.0,15.921391822298105,11.844809423641296,0,0,0
S4_p000_t002_s1457782904,2026-09-29T18:00:45Z,S4,0,1,0,0,3d05a83b10234fa17194b440216f7823cf7d5380f8d9b76bb9beac0685144a5e,12000,16,1,180000,0.950437218181168,1,0.3482112001209058,0.3544964581009172,0,1,172800,0.0,-0.06411888383649084,-319.8499757798709,-22.87778540720877,0.026869778648371208,0.04624863937528484,0.005743988513131626,0.08333333333333333,0.0,600.0,36.06287197039187,11.691042965393066,0,0,0
S4_p001_t000_s1710814298,2026-09-29T18:01:00Z,S4,1,5,0,0,e5e97f26c113bbed15d77c3cc0db2a1fdb959e496524265dcf6724b7f8473acc,12000,16,1,180000,0.6768802667210089,1,0.4084280844203214,0.528638013864102,0,1,172800,0.0,-3.0016868860108747,-319.8487721812459,-0.024277673619256968,40.116426762905434,1068.510421672121,132.70685735083407,3.9166666666666665,0.0,600.0,12.433839741609122,24.131749030234303,0,1,0
S4_p001_t001_s1662193313,2026-09-29T18:01:15Z,S4,1,5,0,0,40ee07faf813c63cdb02fafebb856e3a29c4818bda06dcaf8d190cb760f0e6e3,12000,16,1,180000,0.8009580110923574,1,0.49564376888636275,0.528638013864102,0,1,172800,0.0,-0.009599531189412727,-308.7916672053422,-27.790096544107804,0.013296745503273467,-0.00011108415076870233,-1.3796429357171291e-05,0.08333333333333333,0.0,600.0,69.00352646258571,15.571265800408746,0,1,0
S4_p001_t002_s196226190,2026-09-29T18:01:30Z,S4,1,5,0,0,67dbc8487d8b44e04097afee2a3605c792358661959c96c0b5f73f53bd7a4d81,12000,16,1,180000,0.8004284845827323,1,0.495688867605191,0.5280675375406659,0,1,172800,0.0,-0.010378656648040229,-308.7916678844934,-27.904877437100247,0.0158790327632359,-2.750962973024362e-05,-3.416640993236797e-06,0.08333333333333333,0.0,600.0,52.45631893154964,15.466962399016573,0,1,0
S4_p002_t000_s139150452,2026-09-29T18:01:45Z,S4,2,10,0,0,dfbedd34e90500196a876919457d69304e00a0463beb5ee5a23d6aa52300a1ee,12000,16,1,180000,0.8135577657982308,1,0.6821168216759569,0.7797841592258578,0,1,172800,0.0,0.07921611608969348,-308.7916671837611,-28.74319565278647,0.10259500151504436,0.00026495287713563533,3.2906617434491636e-05,0.08333333333333333,0.0,600.0,83.41567510165876,14.730693239949353,0,1,0
S4_p002_t001_s1124369827,2026-09-29T18:02:00Z,S4,2,10,0,0,317aabfc9e3ef59f1793a015dfee2c6dc93cb1dd941d4595de446b7f03416796,12000,16,1,180000,0.8137460124597476,1,0.6828552092366431,0.7812619387918875,0,1,172800,0.0,0.07800152167843548,-308.791667922135,-28.68873640336458,0.0984459808501325,0.0004265746617468952,5.297971983964089e-05,0.08333333333333333,0.0,600.0,83.404398976941,14.796259125877246,0,1,0
S4_p002_t002_s820497043,2026-09-29T18:02:15Z,S4,2,10,0,0,a886b1e856da998450c6e84a898ade3c1adf7df137564118b26831fdf88195d5,12000,16,1,180000,0.813498803075592,1,0.6827773524657162,0.7812619387918875,0,1,172800,0.0,0.07873648936140328,-308.7916672313798,-28.383904229036325,0.10139954834737154,0.00018932036454233201,2.351321063542855e-05,0.08333333333333333,0.0,600.0,140.19483592904828,15.128964252834123,0,1,0
S4_p003_t000_s11459573,2026-09-29T18:02:30Z,S4,3,20,0,0,dafd83b7d9fdd2c2cfb1c4339a4e4d2eca9fe04f54cb84dbfc53dfe2cafce37a,12000,16,1,180000,0.8396263720494226,1,0.6957261038092555,0.8138162646274643,0,1,172800,0.0,-0.1184963475664765,-308.7916804468392,-28.669738660384017,0.11032118353813085,-0.00035287547164445624,-4.3826427827298176e-05,0.08333333333333333,0.0,600.0,237.15836937881755,10.10214760756975,0,1,0
S4_p003_t001_s1313953807,2026-09-29T18:02:45Z,S4,3,20,0,0,7d1e80e6c12c174808a9944e202d75998a67428137ff6544160a7db9e29d9f77,12000,16,1,180000,0.8398703928386028,1,0.6958442698938826,0.8138162646274643,0,1,172800,0.0,-0.11862365360834312,-308.7916766559277,-29.227483093786923,0.10242224458926283,-0.00022015901451177453,-2.7343309284333372e-05,0.08333333333333333,0.0,600.0,174.74396016738828,9.668878824069859,0,1,0
S4_p003_t002_s205499031,2026-09-29T18:03:00Z,S4,3,20,0,0,63cc0e1ba887bd8fd6223fb970858c53129052d4c2887468b1d16b434146c650,12000,16,1,180000,0.8396586291104626,1,0.6951827511706969,0.8123339203276186,0,1,172800,0.0,-0.11945243671748298,-308.7916789593025,-28.75535453858031,0.10412038765606375,-3.4590965525323524e-05,-4.296128736314131e-06,0.08333333333333333,0.0,600.0,213.8940126184536,10.368009655939396,0,1,0
S4_p004_t000_s984663940,2026-09-29T18:03:15Z,S4,4,30,0,0,02174dc78ec4419a5552e93641c270f09b6fd140e6e5ce7f6d7de3b88f385777,12000,16,1,180000,0.8590469644112114,1,0.7583092767837823,0.8676097313437321,0,1,172800,0.0,-0.06300243669530371,-308.79166660397885,-28.05376494736938,0.0429805712060886,1.2809318751670826e-05,1.5908917703200132e-06,0.08333333333333333,0.0,600.0,50.55465125778994,18.94884850636301,0,1,0
S4_p004_t001_s484615558,2026-09-29T18:03:30Z,S4,4,30,0,0,ece1d567e64899adbeb628298e0b2492b34a947cb519e66b127ab8f1aa7b4429,12000,16,1,180000,0.859680378391966,1,0.7586251877301582,0.8682260144619003,0,1,172800,0.0,-0.06328501517632121,-308.79166642869984,-28.007259484705024,0.055516477125922656,-9.409226434994125e-05,-1.1686071047734004e-05,0.08333333333333333,0.0,600.0,52.15840161287209,18.961253880478324,0,1,0
S4_p004_t002_s330630277,2026-09-29T18:03:45Z,S4,4,30,0,0,63bf5db4ed4f18c2d739018b797f529da0de496948247dc78e93963c817465d8,12000,16,1,180000,0.8594323540203814,1,0.7586502292043358,0.8682260144619003,0,1,172800,0.0,-0.06329295899569874,-308.79166601045716,-28.04251535781279,0.05474564167824428,-6.130540434934627e-05,-7.614008609380107e-06,0.08333333333333333,0.0,600.0,42.706566758526385,18.784738536505387,0,1,0
S5_p000_t000_s1561858501,2026-09-29T18:04:15Z,S5,0,1,0,0,7f8217fa23608577718e2cf21616cb25e586918a3b64a8a50195f3bccedd58cc,12000,16,1,180000,0.5126787471405972,1,0.0124872848067413,0.011612053423507095,0,1,172800,0.0,-3.644247916147081,-308.7915235930389,-0.12734913646103174,46.198770544763775,801.136570362203,99.49955976584488,4.833333333333334,0.0,600.0,11.769110262320359,12.214341896094577,0,0,0
S5_p000_t001_s960283802,2026-09-29T18:04:30Z,S5,0,1,0,0,cec31756c34dac07127d8a4288da8ad1de60e85f9a244a8c1693adb56d418caf,12000,16,1,180000,0.9547557419092476,1,0.011435892870175835,0.01140580408767393,0,1,172800,0.0,-1.044148713077608,-300.5000016825561,-10.77937465588371,0.10575505918409485,-0.00020612848540292275,-2.5600745630072197e-05,0.08333333333333333,0.0,600.0,5.82993938717922,4.875510185093744,0,0,0
S5_p000_t002_s892021093,2026-09-29T18:04:45Z,S5,0,1,0,0,08f5a94bed333c06f7e076ece627f58c3735efdd15fc929690ac71aa2c52bd60,12000,16,1,180000,0.9551388051992923,1,0.011003454012012434,0.010657549785587497,0,1,172800,0.0,-1.0500974619799979,-300.50000272910313,-10.764162135375095,0.06763508097753954,-0.000779050037153682,-9.6756456514413e-05,0.08333333333333333,0.0,600.0,14.244964633353543,4.629458870508196,0,0,0
S5_p000_t003_s1972790602,2026-09-29T18:05:00Z,S5,0,1,0,0,9222e5593024d03099b2be9fa5f48cfd8e4f0f8db0e07c1c7cb6f9c20f46b078,12000,16,1,180000,0.9544367943760447,1,0.0124610620236958,0.01270485432429288,0,1,172800,0.0,-1.0575903236445905,-300.5000000606954,-10.725219550050971,0.11813965468318333,0.00011984356060197424,1.4884330539643997e-05,0.08333333333333333,0.0,600.0,9.756316034648888,4.676061121857958,0,0,0
S5_p000_t004_s522357441,2026-09-29T18:05:15Z,S5,0,1,0,0,3485609e3aba4f0f11dcece73471fd9aaea15b3d2832b5c710fbacfe2101b728,12000,16,1,180000,0.9539457081908729,1,0.012273650694412584,0.012704854324292879,0,1,172800,0.0,-1.0611741398605048,-300.50000107839094,-10.699319987264694,0.08980069959717304,0.00012224369865149426,1.5182422885118285e-05,0.08333333333333333,0.0,600.0,8.61855304560227,4.69648611273606,0,0,0
S5_p000_t005_s434100809,2026-09-29T18:05:30Z,S5,0,1,0,0,5e5d1bc70dfa60ec28350a56c3c9f12ede6b90eb3c7021207ff682fd5b3ed6e4,12000,16,1,180000,0.9551250791246971,1,0.011665571323474257,0.011252553894009865,0,1,172800,0.0,-1.041766179900418,-300.4999995134464,-10.774519026316048,0.08874269251998225,7.081500561266075e-06,8.795082067081239e-07,0.08333333333333333,0.0,600.0,6.666257668886936,4.5726771699639475,0,0,0
S5_p000_t006_s1987541040,2026-09-29T18:05:45Z,S5,0,1,0,0,c06268f09fb1f5eae22858c695fcbd5194608b68af167c00bea5e441caa8949e,12000,16,1,180000,0.9543265759681593,1,0.011497043843733797,0.011252553894009865,0,1,172800,0.0,-1.0605073793728423,-300.5000005477747,-10.70625726754008,0.11851413442818391,-0.00016692161347941212,-2.0731330550916027e-05,0.08333333333333333,0.0,600.0,15.775717048606237,4.657676027368486,0,0,0
S5_p000_t007_s1550731733,2026-09-29T18:06:00Z,S5,0,1,0,0,cbd2dd84d67e03aa6b074062c6c694650149554de5e0a57a95f872272cd3399e,12000,16,1,180000,0.5578615666977957,1,0.011871033018652402,0.01264019616052306,0,1,172800,0.0,-5.716485792445384,-300.5002613952771,3.3758332691992883,40.668639758473724,1018.5349452029553,126.50000312431666,4.833333333333334,0.0,600.0,8.214898166902545,8.35621036595088,0,0,0
S5_p000_t008_s978267978,2026-09-29T18:06:15Z,S5,0,1,0,0,b4bcc30ffc4f7eea39fb54d94e5c38a828552657563d56c0087fb37fda1579ec,12000,16,1,180000,0.6911630367802492,1,0.011895798209789707,0.012640196160523061,0,1,172800,0.0,-1.053616741616181,-289.95833306582483,-10.767958727401332,0.10948545825384295,0.0005213770720206982,6.475398959082668e-05,0.08333333333333333,0.0,600.0,8.207685507048305,4.7478976266417865,0,0,0
S5_p000_t009_s1361001477,2026-09-29T18:06:30Z,S5,0,1,0,0,425061cacf3589f4ce71c45da3a85dbc89b07eb2446d67194b45f18ff698406f,12000,16,1,180000,0.6902731819709447,1,0.01113851867685653,0.011420613674509299,0,1,172800,0.0,-1.0531954012069398,-289.9583252548103,-10.7443906045294,0.08664049685404579,0.0006028858900913824,7.48772217775695e-05,0.08333333333333333,0.0,600.0,7.714642444699143,5.034104619522704,0,0,0
S5_p000_t010_s1672796167,2026-09-29T18:06:45Z,S5,0,1,0,0,eff1b3ef6e99b22197aed6b495545a305428d572573db49824d17450c9caebea,12000,16,1,180000,0.6895757720802828,1,0.01161301679097347,0.0114206136745093,0,1,172800,0.0,-1.060101765298704,-289.95833901624184,-10.733452664329073,0.09314392026546958,0.001129706778319591,0.00014030732245373656,0.08333333333333333,0.0,600.0,8.645184858487623,5.117200590296067,0,0,0
S5_p000_t011_s363339928,2026-09-29T18:07:00Z,S5,0,1,0,0,d00a772e10f99eb5d36a18ef187478a230b13f77a2c855ab839679a859dd1620,12000,16,1,180000,0.6897227496895048,1,0.01140360113391502,0.011843584048481388,0,1,172800,0.0,-1.058331444318426,-289.95834160001624,-10.72609082731255,0.09319233398050096,-0.0009096315053065694,-0.00011297441369606531,0.08333333333333333,0.0,600.0,5.912765762660988,5.070026163851581,0,0,0
S5_p000_t012_s920581965,2026-09-29T18:07:15Z,S5,0,1,0,0,0abed3c1d9c2fed1b5fb8ed33109ce0f9088a17f014df602eeff7ebfdb46ed31,12000,16,1,180000,0.689810435295048,1,0.011376394996148474,0.011843584048481388,0,1,172800,0.0,-1.0541907090053082,-289.9583358988815,-10.759775898302465,0.13945807330850118,-0.0025886307788633425,-0.0003215027654732694,0.08333333333333333,0.0,600.0,13.621334039060352,4.793517361039398,0,0,0
S5_p000_t013_s1985403058,2026-09-29T18:07:30Z,S5,0,1,0,0,cbb1100501e8c5ebb325e58465a0a9fb57c03716acd3a5843fd0163f717c0e84,12000,16,1,180000,0.6908159317097164,1,0.01198043058920682,0.011125160529121431,0,1,172800,0.0,-1.0433245160401632,-289.9583412318734,-10.800681707506328,0.07162527651821804,0.0011976037930825423,0.00014873999589326559,0.08333333333333333,0.0,600.0,4.827421034050947,5.037400257495371,0,0,0
S5_p000_t014_s1613680917,2026-09-29T18:07:45Z,S5,0,1,0,0,e19e573686ce5254f07987e13212d8cc6b9f8b97e43d9d05783bbc098ae14ffc,12000,16,1,180000,0.6900958920070699,1,0.011689527715287156,0.011461729475122348,0,1,172800,0.0,-1.0450752944251456,-289.9583275109908,-10.794906961949923,0.10388239238991367,-0.00010207448672893443,-1.2677447102760198e-05,0.08333333333333333,0.0,600.0,11.152015857493176,5.2254673495726776,0,0,0
S5_p000_t015_s1930000429,2026-09-29T18:08:00Z,S5,0,1,0,0,e3039f814b34ff88d8eccbc497132688937bd1943b4e672bbc159adcbb5ea081,12000,16,1,180000,0.6908627021810738,1,0.011646995432018914,0.011797850443511636,0,1,172800,0.0,-1.0478976665208126,-289.9583256031753,-10.781972058397397,0.11095448766586652,0.00037474120775658824,4.654210852095275e-05,0.08333333333333333,0.0,600.0,6.286375415764072,4.932441449399098,0,0,0
S5_p000_t016_s216305983,2026-09-29T18:08:15Z,S5,0,1,0,0,f0c433ec9618f4e63f8fc54313e0a775240ee532217178640ef7d4f219a74b0a,12000,16,1,180000,0.6893862391643126,1,0.012044593325909667,0.01194803245568392,0,1,172800,0.0,-1.0440012013538726,-289.9583335576705,-10.811144583645522,0.09024735383537048,0.0017210385055123052,0.00021374954030761728,0.08333333333333333,0.0,600.0,5.66350544813118,4.868600525336801,0,0,0
S5_p000_t017_s312112809,2026-09-29T18:08:30Z,S5,0,1,0,0,9c9f4eb0c76962c0e55dfa76ea74e1b76b75cca30a2869cadfddf35c7e03e41e,12000,16,1,180000,0.6906348473710908,1,0.012412139402697817,0.013242238465470636,0,1,172800,0.0,-1.0534639164227815,-289.95832756130767,-10.753662884023178,0.08254135040230862,-0.0006014023756272901,-7.469297224815818e-05,0.08333333333333333,0.0,600.0,5.420813365992303,4.776705676751826,0,0,0
S5_p000_t018_s1052303369,2026-09-29T18:08:45Z,S5,0,1,0,0,6b59e385d28f9426a5bd20341476056eb88dd1a0721090e69eada7e7beb2d2b1,12000,16,1,180000,0.690949810476067,1,0.011571530952823818,0.013242238465470636,0,1,172800,0.0,-1.0388692192150264,-289.9583328895739,-10.817782543919046,0.12502142301992178,-0.00035143837730721426,-4.3647943584801396e-05,0.08333333333333333,0.0,600.0,5.7687416582958155,5.5815967097854955,0,0,0
S5_p000_t019_s217579570,2026-09-29T18:09:00Z,S5,0,1,0,0,0fbfd7cb5e6da2fb0cea0063effc6ce3110121bf63440cb5974bb598b27f9fc7,12000,16,1,180000,0.6908147550498823,1,0.013066786576006526,0.011825340334323904,0,1,172800,0.0,-1.0478261552351347,-289.9583268851924,-10.78374150465438,0.07850179356165345,0.001974406470717462,0.0002452173348501674,0.08333333333333333,0.0,600.0,11.733326675227177,4.603514186199849,0,0,0
S5_p000_t020_s99964177,2026-09-29T18:09:30Z,S5,0,1,0,0,5bf0530c8b9d64f76edb6c0b84eb0ae9f287c5dfef8cc1a0b6409046b87884a1,12000,16,1,180000,0.6901768369129763,1,0.012598383284088192,0.011430700011323071,0,1,172800,0.0,-1.054014573608084,-300.6250055578603,-10.766234142266548,0.1122587180771957,8.402286081543857e-05,1.043547126755584e-05,0.08333333333333333,0.0,600.0,6.235658093834932,4.785583786346971,0,0,0
S5_p000_t021_s490683040,2026-09-29T18:09:45Z,S5,0,1,0,0,782c61f42f6c53b168f5ca81640d71d34c72adb900ab8cdd540121fe5ba6755b,12000,16,1,180000,0.6910607660550525,1,0.012014126461821258,0.01184653938728869,0,1,172800,0.0,-1.0487936910365359,-300.6250092528704,-10.7775367764207,0.07047705017111988,0.0018508859732590444,0.00022987633610682678,0.08333333333333333,0.0,600.0,12.671669218347605,4.756412969981019,0,0,0
S5_p000_t022_s1940961689,2026-09-29T18:10:00Z,S5,0,1,0,0,622b2191f6c8ff50387892e23665fdf3d36f65c535b02dba30e5c96758b06f94,12000,16,1,180000,0.6904025174389283,1,0.011715960057168804,0.01222168085676451,0,1,172800,0.0,-1.0545481046005105,-300.6249957515447,-10.738331802787616,0.1063508544570947,-0.0013176783265857598,-0.0001636530128052982,0.08333333333333333,0.0,600.0,10.188536822157557,5.089192847681523,0,0,0
S5_p000_t023_s1454648504,2026-09-29T18:10:15Z,S5,0,1,0,0,999ec353da8e28fb933f9797039799eb03fe59aaeb0b0a8e7d07b4c8411836cc,12000,16,1,180000,0.6898909623499015,1,0.011332653936575813,0.012221680856764509,0,1,172800,0.0,-1.0568759776843752,-300.6249917150204,-10.756738372972787,0.09306524838383501,0.00397090327216616,0.0004931782445964927,0.08333333333333333,0.0,600.0,7.974909544689359,4.854804768986967,0,0,0
S5_p000_t024_s558398644,2026-09-29T18:10:30Z,S5,0,1,0,0,d084ba30a3c78c56b18d440caa4ec246ccda0bb9bd53da1d2d310bb35bbe11d3,12000,16,1,180000,0.691452270016517,1,0.011334336535292996,0.011320390480114302,0,1,172800,0.0,-1.0589109863433717,-300.6249950743968,-10.723746645305166,0.14718031745880825,-0.00047260167478422807,-5.869618280485156e-05,0.08333333333333333,0.0,600.0,8.547390809018244,4.84414819591582,0,0,0
S5_p000_t025_s1286326493,2026-09-29T18:10:45Z,S5,0,1,0,0,1abed85e0ff976da670c0c73a3e06e72decf01a984b92423809c9a2cd4f9b746,12000,16,1,180000,0.6905835357023644,1,0.012817651083480017,0.011438325274920134,0,1,172800,0.0,-1.049447884100597,-300.6249976386213,-10.784519693172232,0.10142859404144122,0.0016816041610536398,0.00020885187359453994,0.08333333333333333,0.0,600.0,5.776592561251987,4.79728333211506,0,0,0
S5_p000_t026_s905618129,2026-09-29T18:11:00Z,S5,0,1,0,0,872b574ed9b83aaa6c471d7ca20efc116820ccace3c6e19ca1ae96379bfaba0d,12000,16,1,180000,0.8379880906426441,1,0.013109426171867592,0.013039589560558134,0,1,172800,0.0,-1.5810534294939207,-289.4856335566461,-6.509833037709588,35.93881599971067,0.00026304221182610473,3.266931662437855e-05,6.583333333333333,0.0,600.0,16.178261437057493,18.141412697117772,0,0,0
S5_p000_t027_s649442228,2026-09-29T18:11:15Z,S5,0,1,0,0,a54436d6562a5012b41e909703c563ddc7384a7292e327b351d69ae062208856,12000,16,1,180000,0.8838520607753894,1,0.012247909946895714,0.01321816363286422,0,1,172800,0.0,-1.1115316294250779,-289.48559399459066,-9.994851095257534,0.08765279712608375,0.0009793454736952997,0.00012163274914200883,0.08333333333333333,0.0,600.0,5.638225447374635,4.093756331635724,0,0,0
S5_p000_t028_s1033628820,2026-09-29T18:11:30Z,S5,0,1,0,0,b2e0c1a3965501e1a396ba48835b36e35ed452f66acc378171e3ebe805841fc6,12000,16,1,180000,0.8841484562361832,1,0.012264569852336536,0.01321816363286422,0,1,172800,0.0,-1.099897386978084,-289.4856119611504,-10.041666199948082,0.07498902178598653,-0.002708405404954494,-0.00033637853448453825,0.08333333333333333,0.0,600.0,6.383733618859942,3.9521396501280073,0,0,0
S5_p000_t029_s815515411,2026-09-29T18:11:45Z,S5,0,1,0,0,737465b64f94fa975464a1300932057c434196a8e6a9dae51aa9f7f31f3a8864,12000,16,1,180000,0.8829278222382878,1,0.011268325881823941,0.010522630375740043,0,1,172800,0.0,-1.1239837809454332,-289.4856421465126,-9.968891196658339,0.07772694806163762,0.0004923662502453219,6.115090354796848e-05,0.08333333333333333,0.0,600.0,6.696752595946433,4.460807857665858,0,0,0
S5_p000_t030_s1593614182,2026-09-29T18:12:00Z,S5,0,1,0,0,71008f35aebfd10cfbfa4b5dfad87782377d997c2201451bb28456b0bc98068a,12000,16,1,180000,0.8834445460556671,1,0.010959178867322028,0.011381903972451344,0,1,172800,0.0,-1.1208252273513122,-289.4856242007093,-9.980445390591921,0.08953862435777761,0.0012618982464454866,0.00015672523841203656,0.08333333333333333,0.0,600.0,5.415534009579235,3.932588972476248,0,0,0
S5_p000_t031_s1722507941,2026-09-29T18:12:15Z,S5,0,1,0,0,aae14d8355ee27bb3f5dd9b8c866534138bd3a942a4623416503b377e5794542,12000,16,1,180000,0.8833970058793448,1,0.011878043285030431,0.011381903972451344,0,1,172800,0.0,-1.1139255321449981,-289.48562445299706,-9.99589292455488,0.07513609659490794,0.003962362950099902,0.0004921175536765077,0.08333333333333333,0.0,600.0,11.891944303401424,3.787955636743881,0,0,0
S5_p000_t032_s1695726775,2026-09-29T18:12:30Z,S5,0,1,0,0,fda813d16c88d6109828cb7b904629a727fd55896be70149cd6979cf67ae4a68,12000,16,1,180000,0.8828537887164383,1,0.011625367986837585,0.011266541992162515,0,1,172800,0.0,-1.1255359179102837,-289.4856333607137,-9.959177179112302,0.09604709249820162,-0.004847779988294904,-0.0006020845789862506,0.08333333333333333,0.0,600.0,7.90000988186288,3.748133095799673,0,0,0
S5_p000_t033_s51254525,2026-09-29T18:12:45Z,S5,0,1,0,0,a440101d72974fa81a08748b084b17f65e89363a497b848dbf44e0561df07d92,12000,16,1,180000,0.8834490148269729,1,0.01197919915934651,0.011266541992162515,0,1,172800,0.0,-1.1159951858097397,-289.48561213556906,-9.983648573213856,0.11998261148786903,0.004055844312692118,0.0005037277519477357,0.08333333333333333,0.0,600.0,5.364419317272879,4.32830910505438,0,0,0
S5_p000_t034_s1745018624,2026-09-29T18:13:00Z,S5,0,1,0,0,83352c7c7cc800ef7946a90937b6bcb7bb1556a17ab30949f95a964a86552652,12000,16,1,180000,0.8828205737234966,1,0.01172754454868531,0.01173937934108169,0,1,172800,0.0,-1.1202628976305509,-289.4856547306699,-9.991553490980971,0.09998491840683718,0.0004054255743307724,5.035304548073327e-05,0.08333333333333333,0.0,600.0,7.23112245644338,4.212972036300157,0,0,0
S5_p000_t035_s977203227,2026-09-29T18:13:15Z,S5,0,1,0,0,d13f697dc0c50cb9e262694295508d07ff040d630ca9e4028500f5ae96291fb7,12000,16,1,180000,0.8836448367003443,1,0.011859415813550217,0.011906754434669618,0,1,172800,0.0,-1.1142193247123833,-289.4856194932472,-10.00743596342449,0.12498556010573272,-0.002836143477402357,-0.00035224334760641796,0.08333333333333333,0.0,600.0,4.946893460027965,4.149463492275239,0,0,0
S5_p000_t036_s2083372684,2026-09-29T18:13:30Z,S5,0,1,0,0,4e864a7ad7fef4f65e1c177d67af3e90e55585fa094339423a49e9f76178ae31,12000,16,1,180000,0.8830914206887627,1,0.011349946785551521,0.011941561547457529,0,1,172800,0.0,-1.1273892466146316,-289.48561588141456,-9.94753130924659,0.1288895605823966,-0.005882792062165856,-0.000730631008536875,0.08333333333333333,0.0,600.0,6.146094249663747,3.781029884524603,0,0,0
S5_p000_t037_s1544718727,2026-09-29T18:13:45Z,S5,0,1,0,0,4b9b10db0ec0f4a7879ae9e4c566fbd74dfcb9c41d8980d31207ae9675fda717,12000,16,1,180000,0.8827332461607461,1,0.011511569405083272,0.011941561547457529,0,1,172800,0.0,-1.1289946853306772,-289.48564155212017,-9.945566446764767,0.07606533271398043,0.005393786507543657,0.0006698974966639071,0.08333333333333333,0.0,600.0,7.769274996147882,3.5927312104771914,0,0,0
S5_p000_t038_s894361021,2026-09-29T18:14:00Z,S5,0,1,0,0,be17da8cf947bb1491ce87865eee5c31cbc7d546f6b19de485e8c62745fd0877,12000,16,1,180000,0.883236068783532,1,0.011493964054781617,0.01152536370534649,0,1,172800,0.0,-1.1218191857636173,-289.4856428567218,-9.987033626314098,0.08740917122950223,-0.003530960346180574,-0.0004385382130749349,0.08333333333333333,0.0,600.0,4.7450850310709,4.009382829864211,0,0,0
S5_p000_t039_s819664372,2026-09-29T18:14:15Z,S5,0,1,0,0,1773e472543b9198e247ea7a8c093748b9f098adcd4258f47426715d3a56327c,12000,16,1,180000,0.43627871018498215,1,0.012092385828235245,0.011299748597758093,0,1,172800,0.0,-5.0743553498176475,-281.12444747630923,2.398729065851531,45.24369248124057,807.7999398271412,100.32713692665129,5.583333333333333,0.0,600.0,8.798971677036336,9.220396907220188,0,0,0
S5_p000_t040_s857399851,2026-09-29T18:14:45Z,S5,0,1,0,0,9ba1c6869359023344f4373c204b53088de427c88a3b4139589b529b0e1df219,12000,16,1,180000,0.8848069884860904,1,0.012596280163574862,0.011434955377139051,0,1,172800,0.0,-1.0961786896892725,-300.5143937927447,-10.07193075871041,0.08968612024866204,0.0008891303151491735,0.00011042820688089705,0.08333333333333333,0.0,600.0,5.468351111418952,4.663026143277326,0,0,0
S5_p000_t041_s1795049623,2026-09-29T18:15:00Z,S5,0,1,0,0,899799ba093f77d7aa5043c08b56294c3da59504242bbe305dcaf9f20d815a3a,12000,16,1,180000,0.8043552331123185,1,0.011491590424271355,0.011434955377139051,0,1,172800,0.0,-2.540184601977966,-290.7499600765932,-2.792675035324259,54.72329490155947,943.4094793394164,117.16957051499685,3.9166666666666665,0.0,600.0,15.1945190205137,14.836167921164858,0,0,0
S5_p000_t042_s190457367,2026-09-29T18:15:15Z,S5,0,1,0,0,b1b56d8c23b1bc3a958cbcd6f36abd4981a1a5f9351430bad4cab4b99de020aa,12000,16,1,180000,0.9546661346603948,1,0.011016489793920298,0.01107464873018137,0,1,172800,0.0,-1.0493822393156929,-290.74999855546474,-10.78395995037554,0.12547892954410939,0.00019217415150149736,2.386764526818297e-05,0.08333333333333333,0.0,600.0,8.752997633834667,4.564642643093577,0,0,0
S5_p000_t043_s1463994837,2026-09-29T18:15:30Z,S5,0,1,0,0,ffe5c85be7976779fe2ae391de0f6700b20b12f37bb19b44bb1e4b8a2769510e,12000,16,1,180000,0.9545399953046638,1,0.011110673299279193,0.011512522855102006,0,1,172800,0.0,-1.0440528724193991,-290.7499991486584,-10.772036374888858,0.09107445683260007,-0.00018748818652095098,-2.328565778952907e-05,0.08333333333333333,0.0,600.0,5.177497962108869,5.0839147748134925,0,0,0
S5_p000_t044_s1305633241,2026-09-29T18:15:45Z,S5,0,1,0,0,a8e4867d3f1bb0bed8bd7e20ce32c5b8dd52aed4d80a0031e2b28dd7d54dc201,12000,16,1,180000,0.9545307117793969,1,0.011750659238928022,0.011678784634285913,0,1,172800,0.0,-1.0498967492843516,-290.7499984056898,-10.762139069412624,0.075066259507931,0.00016442507256509968,2.042126516244025e-05,0.08333333333333333,0.0,600.0,8.607534655210628,4.55382496445614,0,0,0
S5_p000_t045_s641567673,2026-09-29T18:16:00Z,S5,0,1,0,0,5cfcccab8fb934ef1a6eebc0cbe2cf1eb5e2dfbfbb03d49cc9a698bb419220a2,12000,16,1,180000,0.9544153558870935,1,0.011921657495723395,0.011678784634285915,0,1,172800,0.0,-1.0484662953537578,-290.7499982471394,-10.743214476839418,0.11626930374626368,0.000323981696106264,4.023787869300577e-05,0.08333333333333333,0.0,600.0,7.468717900856508,4.675732128909159,0,0,0
S5_p000_t046_s342352341,2026-09-29T18:16:15Z,S5,0,1,0,0,b22b9995470e3cbf173a0a9d796d425c9f9c3b39390a1b3c71dd6288f114e7f1,12000,16,1,180000,0.9534158094707406,1,0.012113875282392923,0.011684347577656472,0,1,172800,0.0,-1.0698536477748877,-290.75000055304554,-10.654596800493811,0.13300205954027336,-0.0002905754031209706,-3.6088883916818304e-05,0.08333333333333333,0.0,600.0,9.622748158848202,4.34014116205386,0,0,0
S5_p000_t047_s1976295519,2026-09-29T18:16:30Z,S5,0,1,0,0,b967c13b336adc61b6efc2e3ac3ec1b5518c1c5cd6b5cc4250a31f75091f34fa,12000,16,1,180000,0.9542909850048908,1,0.012854268905164942,0.012438424080307056,0,1,172800,0.0,-1.0527846237273593,-290.7499999516282,-10.752352766691178,0.08671351666733432,-0.0002617433599805298,-3.250800182286184e-05,0.08333333333333333,0.0,600.0,5.898141011536844,4.6537595576316395,0,0,0
S5_p000_t048_s26274461,2026-09-29T18:16:45Z,S5,0,1,0,0,85154beaa0b5537457768defba3810a67de7c53a9d6c9892e98e2783f384161a,12000,16,1,180000,0.9539737740222122,1,0.012690242407405732,0.012438424080307056,0,1,172800,0.0,-1.0659480018216658,-290.74999947674587,-10.681605924792878,0.09169770212536821,0.00043973954226684923,5.461477167045814e-05,0.08333333333333333,0.0,600.0,7.640163961504983,4.85297038517617,0,0,0
S5_p000_t049_s1345419483,2026-09-29T18:17:00Z,S5,0,1,0,0,3a6c707e7a044231fec273506ffa672bf189f7234746f1492037df194cf1732f,12000,16,1,180000,0.954570582755778,1,0.01210545143961894,0.013085355031554318,0,1,172800,0.0,-1.0457285770421831,-290.7499995728298,-10.773214246470362,0.09314195756458007,0.0003913278645556131,4.860213812207803e-05,0.08333333333333333,0.0,600.0,7.323466366748243,4.621678223650218,0,0,0
S5_p000_t050_s99021969,2026-09-29T18:17:15Z,S5,0,1,0,0,0307b9d5f22f6bef5b11312edf10f0554adb51eb2221702c1718d3e2bc043b4d,12000,16,1,180000,0.9543774865769554,1,0.01257880019853812,0.013085355031554316,0,1,172800,0.0,-1.0513086783394971,-290.7499982438658,-10.757071143549428,0.1633067301539493,0.00019109906312115318,2.3734121441520983e-05,0.08333333333333333,0.0,600.0,4.7114713477866115,4.590238893299655,0,0,0
S5_p000_t051_s1479934108,2026-09-29T18:17:30Z,S5,0,1,0,0,37dbe831bff8bf63e662a996361bb9fe4dbe010a1accdcc5813ce28aafb5c51d,12000,16,1,180000,0.9541134399577529,1,0.01194675693105085,0.011074855641030328,0,1,172800,0.0,-1.0585015183746358,-290.75000028608093,-10.711210010290062,0.08323956947145833,-4.6622668430631566e-05,-5.790442173747579e-06,0.08333333333333333,0.0,600.0,17.106738763903994,4.798489234153968,0,0,0
S5_p000_t052_s394618325,2026-09-29T18:17:45Z,S5,0,1,0,0,6fe2d91fcbebc29559151e1122a36ecb537243beb8245cbeb910e45ea10beefd,12000,16,1,180000,0.8499336139333927,1,0.014810607401855939,0.01454022921144404,0,1,172800,0.0,-2.0695079927587523,-290.7499922532661,-4.346998191769986,40.45562901757984,0.0025987966951067617,0.00032276535193886957,1.0,0.0,600.0,17.053387255885358,19.171621735937258,0,0,0
S5_p000_t053_s628411764,2026-09-29T18:18:00Z,S5,0,1,0,0,3e393b3241b503b53b271d06987ef51a6cf9fb53efe785452049e518132a15ed,12000,16,1,180000,0.954400628001079,1,0.014201469973982049,0.014540229211444043,0,1,172800,0.0,-1.0514886540473252,-288.74999863465325,-10.760375709221728,0.06587801208516858,-7.305758325055299e-05,-9.07360572455218e-06,0.08333333333333333,0.0,600.0,12.03511688784643,4.915696246216779,0,0,0
S5_p000_t054_s100976213,2026-09-29T18:18:15Z,S5,0,1,0,0,15742104af689740c710e610cd30bfaa52b5089498eb50bc0e3eebfcb472f7fe,12000,16,1,180000,0.9539732673290761,1,0.011929804699248876,0.012025786238237553,0,1,172800,0.0,-1.05523439894446,-288.74999815437513,-10.708152798781645,0.09911116982403567,0.0002031910814350117,2.5235925932065584e-05,0.08333333333333333,0.0,600.0,10.285815861213754,5.448875990213332,0,0,0
S5_p000_t055_s419571874,2026-09-29T18:18:30Z,S5,0,1,0,0,2eb61b0015429daa4116bde8caf5669c1d9b54edbb47b719527f86c539fcd963,12000,16,1,180000,0.9538992602539028,1,0.01222164028406456,0.010819566177967187,0,1,172800,0.0,-1.0619971741934944,-288.74999948543825,-10.709257983096991,0.07647404234821273,-0.00012889845845205189,-1.6008930742827943e-05,0.08333333333333333,0.0,600.0,4.706051184278389,4.701038239995126,0,0,0
S5_p000_t056_s1428634269,2026-09-29T18:18:45Z,S5,0,1,0,0,5f216811b19bf383b002c8f473d67e130f4298e3ff745051ffdeb16e3caeb555,12000,16,1,180000,0.9540408359313355,1,0.011501247114408015,0.011368428910441425,0,1,172800,0.0,-1.0490030504342713,-288.75000046585774,-10.764798890828173,0.13141620758236616,0.0004555834587289171,5.658255440721405e-05,0.08333333333333333,0.0,600.0,4.869882765867134,5.225172812241457,0,0,0
S5_p000_t057_s329242616,2026-09-29T18:19:00Z,S5,0,1,0,0,a9473542a689be6f749490b45a597157441439a0cd937cbb31e042fc84cf7be4,12000,16,1,180000,0.9541939523520399,1,0.011396776445239471,0.01152206920284912,0,1,172800,0.0,-1.0503759049119752,-288.74999810317786,-10.756333692383969,0.06955720090169346,-0.0006592384594991786,-8.1876098192879e-05,0.08333333333333333,0.0,600.0,17.39407405347533,4.831503704868123,0,0,0
S5_p000_t058_s2110013045,2026-09-29T18:19:15Z,S5,0,1,0,0,7baa937a7a853a3ac0d274669b7ee69c04513b3fa056ff288143b5bd2d94d4b3,12000,16,1,180000,0.9537173929966288,1,0.01117521137938327,0.01152206920284912,0,1,172800,0.0,-1.0641531598628213,-288.75000007954077,-10.695693286282292,0.08959024793633236,-0.00019205301173995466,-2.385259995207889e-05,0.08333333333333333,0.0,600.0,7.390979927470978,4.938999123311089,0,0,0
S5_p000_t059_s156085977,2026-09-29T18:19:30Z,S5,0,1,0,0,0efb31034c221f07b0babdb20f6f759009c98f9aa6dd45eb009b939de0435585,12000,16,1,180000,0.9541240611886567,1,0.01158576325354075,0.011479244942781833,0,1,172800,0.0,-1.0494805776181444,-288.75000155841315,-10.756218789525597,0.08673230499093149,-0.00015082367881886198,-1.873199926194502e-05,0.08333333333333333,0.0,600.0,11.951770411762766,4.829380012432975,0,0,0
S5_p001_t000_s1885087324,2026-09-29T18:20:00Z,S5,1,1,0,0,3761b566d1a6743ba65e9f1606a83ff75f178b65ff3dc41815007d10283a6ad5,12000,16,1,180000,0.8841442023080784,1,0.011746956285670514,0.011612135066804708,0,1,172800,0.0,-1.1192741772880686,-321.3477013234933,-9.997519491565436,0.07999533189463094,0.002678393017132513,0.00033265105594182387,0.08333333333333333,0.0,600.0,10.355663350650707,3.6881591890276857,0,0,0
S5_p001_t001_s1655700015,2026-09-29T18:20:15Z,S5,1,1,0,0,8a025bd0fd74cbad91ec9f86533705bad4f3fdbc4f15a2fe1ee39494ed3af723,12000,16,1,180000,0.8851254532659509,1,0.014003584583267321,0.011758077236549454,0,1,172800,0.0,-1.1055838155365998,-321.34772952595085,-10.039329949625378,0.08340718604141607,0.0016590853320557102,0.0002060550800706551,0.08333333333333333,0.0,600.0,6.259739840404478,4.400776598017746,0,0,0
S5_p001_t002_s1021903553,2026-09-29T18:20:30Z,S5,1,1,0,0,c42d74e1325dba5ffa884e0116ad5423e3e5d884ed313c913c662e0a4bcf3ca3,12000,16,1,180000,0.883779091861573,1,0.012566700991640704,0.011758077236549456,0,1,172800,0.0,-1.1281940635891337,-321.34768339007434,-9.953497831728185,0.1003231871980028,-0.004289851566327308,-0.000532790984834719,0.08333333333333333,0.0,600.0,5.060456677808172,3.9404479807934005,0,0,0
S5_p001_t003_s1644975509,2026-09-29T18:20:45Z,S5,1,1,0,0,411349f672f612d2bb5cbdb65ed3a470704354c0a256be70b46833f7e3d7b273,12000,16,1,180000,0.8133318206832778,1,0.011865917466256416,0.011663593173974689,0,1,172800,0.0,-1.8353630297698182,-321.34775478475785,-5.2170797104969395,40.747697842451565,-0.006539657613973882,-0.0008122123963403283,2.8333333333333335,0.0,600.0,17.386761662190683,17.5378950899152,0,0,0
S5_p001_t004_s1168327485,2026-09-29T18:21:00Z,S5,1,1,0,0,2d6757516153cceff03e4959c9ce023110b2248a8480daeffa0295d434305e8d,12000,16,1,180000,0.691795781583187,1,0.011702436684270168,0.01066601118346451,0,1,172800,0.0,-1.0383641400172419,-313.04165324993727,-10.811659940434833,0.10802297450247829,0.001138238419038573,0.00014136693516775267,0.08333333333333333,0.0,600.0,8.944785361992494,5.1252888501174105,0,0,0
S5_p001_t005_s821699653,2026-09-29T18:21:15Z,S5,1,1,0,0,c7518ea4c30252a2a7863c305b63cb561c0709ed904e4756f2615f9ca28ea617,12000,16,1,180000,0.6906935827733143,1,0.011338579235091779,0.012058580066831297,0,1,172800,0.0,-1.0554155320433025,-313.04167021110277,-10.759584302232295,0.09574228123650225,-0.0013375302793861147,-0.00016611858563919668,0.08333333333333333,0.0,600.0,12.501098046056692,4.966272383358609,0,0,0
S5_p001_t006_s1390326187,2026-09-29T18:21:30Z,S5,1,1,0,0,431884ad9b6c7050389c4bbeff9462d322fbd4f1c934cc08be4ca71e56123998,12000,16,1,180000,0.3713927548246213,1,0.011988066173728605,0.012058580066831297,0,1,172800,0.0,-6.466642617633351,-311.3751565953996,4.437753617283228,46.34228240865676,161.0335865043918,20.00004937667245,0.6666666666666666,0.0,600.0,7.289220053484004,9.46436760739203,0,0,0
S5_p001_t007_s62755090,2026-09-29T18:21:45Z,S5,1,1,0,0,c05d964f281eb562b48bd61da8583182786289661fb04db67d5948cce9656007,12000,16,1,180000,0.6899942483600895,1,0.013531037837265938,0.011815804920647007,0,1,172800,0.0,-1.0566126120652966,-311.37500084752173,-10.760521994875727,0.0890554538398583,0.0011208037436325705,0.00013920158335167798,0.08333333333333333,0.0,600.0,7.670953445074892,4.931131609197376,0,0,0
S5_p001_t008_s1060521833,2026-09-29T18:22:00Z,S5,1,1,0,0,0b615be43324f31513863fadf6eaba47811f7c058dfc11360d1eb86fb94b643f,12000,16,1,180000,0.6917204976487891,1,0.012033898081273543,0.01181528906755367,0,1,172800,0.0,-1.0435054820601841,-311.375005011753,-10.797603622963752,0.08096194763039188,0.0024586045654349047,0.0003053537698178843,0.08333333333333333,0.0,600.0,7.86238498151374,4.8068396432913,0,0,0
S5_p001_t009_s589950212,2026-09-29T18:22:15Z,S5,1,1,0,0,7f947243a71fa4a83c9f52cf7abb48099b43f226f1724590968ca21f2becf946,12000,16,1,180000,0.691750584063822,1,0.011713722778352273,0.012572497355329351,0,1,172800,0.0,-1.047731987954771,-311.3750053376619,-10.773479101850567,0.1265962430624837,-0.00040351907577501644,-5.01162621731055e-05,0.08333333333333333,0.0,600.0,10.235017698042585,4.823461080066215,0,0,0
S5_p001_t010_s1305069655,2026-09-29T18:22:30Z,S5,1,1,0,0,e09bea0fbb9b60bf579e27d6010bb2160c553757b9e01cd75397c8682ee26a68,12000,16,1,180000,0.6908962106815788,1,0.011532126048669938,0.01257249735532935,0,1,172800,0.0,-1.0552289025453485,-311.3750054058619,-10.725845096886484,0.07166023487031603,0.0011934817238975425,0.000148228043144627,0.08333333333333333,0.0,600.0,9.072704316643474,5.725516462657204,0,0,0
S5_p001_t011_s28593644,2026-09-29T18:22:45Z,S5,1,1,0,0,704df5e8c7a0bdf4da129f98fcf11f0aa712042345cfa53ed3f089586e2845a8,12000,16,1,180000,0.689951525658182,1,0.01092883668882524,0.011370134432934819,0,1,172800,0.0,-1.0496091189968209,-311.37500602568434,-10.782523269426001,0.08601426215715592,0.00104580526230806,0.00012988692196813645,0.08333333333333333,0.0,600.0,12.778885946108195,4.979446002120383,0,0,0
S5_p001_t012_s1865301797,2026-09-29T18:23:00Z,S5,1,1,0,0,89a54e5bcc9530003cb62e087dda8a5d5020bf084c8cb370852e0846697c52d4,12000,16,1,180000,0.690048792888842,1,0.01171084682605992,0.011697493707701075,0,1,172800,0.0,-1.0516473811634428,-311.3750011718633,-10.754099762542639,0.06511842046643002,0.0016319173614891078,0.00020268087246222422,0.08333333333333333,0.0,600.0,8.835445085050706,4.70759027766382,0,0,0
S5_p001_t013_s2060094721,2026-09-29T18:23:15Z,S5,1,1,0,0,8fc97de7ce7a2cd2e5adbfd7f9e7383165ec321e1c886e9f79b7a6e08361e441,12000,16,1,180000,0.6901547448034219,1,0.01197610406543183,0.011697493707701073,0,1,172800,0.0,-1.055436693580797,-311.37500202155206,-10.727436954044663,0.09624467607882925,0.0008030832248457545,9.974133035939303e-05,0.08333333333333333,0.0,600.0,12.013117637025273,4.679283408655907,0,0,0
S5_p001_t014_s1948411728,2026-09-29T18:23:30Z,S5,1,1,0,0,fc4c34a8c3f194e97130dad53af825028af2f51408b82fdb50600456d15e7baf,12000,16,1,180000,0.6918499424169912,1,0.011836213335631519,0.010943740424339411,0,1,172800,0.0,-1.050191140185434,-311.3750027961911,-10.784780975829126,0.09561943731985446,0.00019458156123203365,2.4166640741896117e-05,0.08333333333333333,0.0,600.0,12.051118691179685,4.986488237054721,0,0,0
S5_p001_t015_s391197292,2026-09-29T18:23:45Z,S5,1,1,0,0,c59c557c3b6465dab3fb031e237bb49854f972652962c99bdaebd0098d4434f9,12000,16,1,180000,0.6907666412989493,1,0.011876232045124772,0.010943740424339411,0,1,172800,0.0,-1.0567119242632226,-311.375002737439,-10.705717609301699,0.10793861801632172,-0.0013831586644355706,-0.000171785539805569,0.08333333333333333,0.0,600.0,7.627921938114713,4.565185145086892,0,0,0
S5_p001_t016_s1222798800,2026-09-29T18:24:00Z,S5,1,1,0,0,1d103d9454f35ea83aad4e5323d30419a7a5ffe12b8ed4999040cab60e7530d6,12000,16,1,180000,0.6923233702007385,1,0.011787853085316328,0.01155165604757784,0,1,172800,0.0,-1.0366768058625289,-311.37499786536375,-10.821981726640377,0.12671732087978474,-0.0005890353662101853,-7.315701441257261e-05,0.08333333333333333,0.0,600.0,4.414071397049949,4.92187585243802,0,0,0
S5_p001_t017_s1741812164,2026-09-29T18:24:15Z,S5,1,1,0,0,b24be5bccb2ceaf954ec1b13a57f650bc5b89cb40d5cc06601c82275168f299d,12000,16,1,180000,0.7850178576830082,1,0.012730081463163451,0.011551656047577838,0,1,172800,0.0,-2.1513716684476774,-302.6523821627658,-4.02358110275513,46.44408470467083,0.04197967790223634,0.00521379203610195,3.1666666666666665,0.0,600.0,15.917390446788922,15.943669827731357,0,0,0
S5_p001_t018_s761716013,2026-09-29T18:24:30Z,S5,1,1,0,0,aaffb6e3a3672ca3b8ebf07ddbcdea41a0d90b59525620449bba39ed0faa87ce,12000,16,1,180000,0.8840297148841151,1,0.011173186603260134,0.011175487216593947,0,1,172800,0.0,-1.1169804910440466,-302.652279893365,-10.004160914659433,0.08955637228237232,0.0007015636669703686,8.713280431038584e-05,0.08333333333333333,0.0,600.0,10.446632215494509,4.40995955360032,0,0,0
S5_p001_t019_s1418527271,2026-09-29T18:24:45Z,S5,1,1,0,0,fbc91b8f5deef775b8e93514709338d08e1f88d807fb77c352716e21fcdf1161,12000,16,1,180000,0.8849256155835854,1,0.010975330424030314,0.011217996666343173,0,1,172800,0.0,-1.0978740187930875,-302.6522894338523,-10.065668335621927,0.07634052011572809,0.002551079334781102,0.00031683895122114336,0.08333333333333333,0.0,600.0,8.599543064756164,4.505735633207119,0,0,0
S5_p001_t020_s783127692,2026-09-29T18:25:15Z,S5,1,1,0,0,462a917b05983401d320c577a021738f53a633286e04a8f0f48214239bd40534,12000,16,1,180000,0.8845481210415307,1,0.011296988511502432,0.01130698512478443,0,1,172800,0.0,-1.1129615637667185,-323.3189567309758,-10.019885736765701,0.09103186138023715,0.004032098733531681,0.0005007785985071678,0.08333333333333333,0.0,600.0,8.440180800276194,4.5735479930443725,0,0,0
S5_p001_t021_s1964437265,2026-09-29T18:25:30Z,S5,1,1,0,0,eed4ccc6ea7841909b5af327932168af0f7988f8f50a639e5c29c2e48ecb772b,12000,16,1,180000,0.8847919997505356,1,0.011821611245672202,0.01130698512478443,0,1,172800,0.0,-1.1121497649620034,-323.3189604321063,-10.014242937591524,0.08165309103113748,-0.006291653948814791,-0.0007814108371348993,0.08333333333333333,0.0,600.0,8.152042255835873,4.09511179099371,0,0,0
S5_p001_t022_s957459067,2026-09-29T18:25:45Z,S5,1,1,0,0,4ba089a23456263a680bbb75294bb7dc7cce35866096fe043e316816142e1f9e,12000,16,1,180000,0.685994063603011,1,0.011395927849704625,0.011415151531325126,0,1,172800,0.0,-3.334016625350225,-323.3191066526791,-0.8025187880918163,47.0622943174825,185.2000626844008,23.001477385277212,0.75,0.0,600.0,12.657058077490335,15.493236829594306,0,0,0
S5_p001_t023_s8860321,2026-09-29T18:26:00Z,S5,1,1,0,0,f2c9375e555a53ceb90578413803043231e2c5396c12f5cd816fca3f5110ccee,12000,16,1,180000,0.8839690662727084,1,0.012132767640513043,0.011415151531325125,0,1,172800,0.0,-1.1230425507170003,-321.40230452487776,-9.976346882049793,0.1250179225112369,-0.006987231656580147,-0.0008678001972839411,0.08333333333333333,0.0,600.0,8.553190000248593,4.16521173759138,0,0,0
S5_p001_t024_s1947352502,2026-09-29T18:26:15Z,S5,1,1,0,0,1b49310eccb72e7c6d5f6c79bc5bbae14cd31deb49eaa70e250f92baee43995c,12000,16,1,180000,0.8837739434499337,1,0.011632000083641502,0.011692016999606968,0,1,172800,0.0,-1.121748737037242,-321.4023087796546,-9.964030523842869,0.12926335150195942,0.0020062051253784156,0.0002491666641617485,0.08333333333333333,0.0,600.0,6.912916709294072,3.9903765667030298,0,0,0
S5_p001_t025_s530962326,2026-09-29T18:26:30Z,S5,1,1,0,0,a3609f598f5803b2a3c831d7eba165e73def892f2d51a6e2947a5fd1e69d8d0d,12000,16,1,180000,0.8839926582100515,1,0.012691747406006596,0.011754246126400688,0,1,172800,0.0,-1.1198826632727805,-321.4023191914633,-9.984691027408148,0.07215743867057393,0.0033602609479543694,0.0004173376892140368,0.08333333333333333,0.0,600.0,7.071396161144604,3.878516616575331,0,0,0
S5_p001_t026_s1487894653,2026-09-29T18:26:45Z,S5,1,1,0,0,d09f565418f764a15e0f871fcfbb391321a14ba22964d486c6c7cfdef807462d,12000,16,1,180000,0.8846153171390679,1,0.012825072243630425,0.011754246126400688,0,1,172800,0.0,-1.111518160521016,-321.40228396536924,-10.01860781148061,0.0776489712710926,-0.0051619311735292585,-0.0006411015278899868,0.08333333333333333,0.0,600.0,9.594491530956207,3.849608397042044,0,0,0
S5_p001_t027_s336917293,2026-09-29T18:27:00Z,S5,1,1,0,0,af2110109d622b696f659d6aec635ed958d416b17d6e35b5d719badd9da35b84,12000,16,1,180000,0.8850174928968281,1,0.011546678402274019,0.011497097383666202,0,1,172800,0.0,-1.1034126827313466,-321.40227576340294,-10.052507126914982,0.10025303420948081,0.005963737028378643,0.0007406842114505707,0.08333333333333333,0.0,600.0,5.02890760942244,4.149547332573003,0,0,0
S5_p001_t028_s362942692,2026-09-29T18:27:15Z,S5,1,1,0,0,a24376d95e59c56b93d62ac1967829499de72cbeacbe1b53e76c8f453ee479f5,12000,16,1,180000,0.8844872475240575,1,0.013327889518557732,0.013794725883134002,0,1,172800,0.0,-1.1247306292899102,-321.4022848269742,-9.965410280186259,0.11870180635534341,0.004188911802353699,0.0005202544680287247,0.08333333333333333,0.0,600.0,5.021911412736886,4.011220991735368,0,0,0
S5_p001_t029_s125804357,2026-09-29T18:27:30Z,S5,1,1,0,0,5c0184bc89e7e1fcc585e2c882092eb25101950e89a1488b76f06564451fde7c,12000,16,1,180000,0.6651347319842992,1,0.01158693412336083,0.013794725883134002,0,1,172800,0.0,-4.201610880164397,-313.8333883559947,0.9203573040400269,68.98598856736183,731.3132713073257,90.82764566982723,4.166666666666667,0.0,600.0,10.47042549318011,11.054861241797834,0,0,0
S5_p001_t030_s1238284527,2026-09-29T18:27:45Z,S5,1,1,0,0,dad2ee2dac8fedbe006053cd332037dd58dfc56f6a06269533fdac28af655fc9,12000,16,1,180000,0.95515183592769,1,0.01163924668500625,0.012303348513055432,0,1,172800,0.0,-1.0423235289122021,-313.8333329277193,-10.79761205790535,0.08622057753121551,0.00041803508295921077,5.191912123336806e-05,0.08333333333333333,0.0,600.0,5.792240600489169,5.6727108726343705,0,0,0
S5_p001_t031_s185959128,2026-09-29T18:28:00Z,S5,1,1,0,0,994806ff532dbad0ad0d75e581507759f8bb0bb236f02b28ef885610cf501a44,12000,16,1,180000,0.9552730972909615,1,0.011724077867196911,0.01166365529434014,0,1,172800,0.0,-1.044870312162431,-313.83333395363053,-10.768002939830454,0.09361729414273598,0.000333770945863687,4.1453683934378205e-05,0.08333333333333333,0.0,600.0,8.080914749190812,5.0026728019610145,0,0,0
S5_p001_t032_s1290207230,2026-09-29T18:28:15Z,S5,1,1,0,0,121d802557835c6552b7b6ffc36c4c62ed99202822e5f636ca1c16cf2b6bbeb9,12000,16,1,180000,0.5590876601969551,1,0.012049167536300046,0.01182170195224339,0,1,172800,0.0,-5.698583596725291,-311.8331049658779,3.3504338172170534,49.723213807722324,193.2396993902942,23.999984184875757,1.0,0.0,600.0,8.080887237748275,9.585214447825448,0,0,0
S5_p001_t033_s1071658190,2026-09-29T18:28:30Z,S5,1,1,0,0,c20c6717476f0ac9803ee013f325353c22cc21ae63ed028eaa74b4abbeacbe66,12000,16,1,180000,0.954939665619224,1,0.012625873350313583,0.011821701952243394,0,1,172800,0.0,-1.0638972351590876,-311.83333367328186,-10.708381121539329,0.06447938065585711,-0.0002209742995697665,-2.7444566057965858e-05,0.08333333333333333,0.0,600.0,9.210079621010577,5.027190238089022,0,0,0
S5_p001_t034_s264284341,2026-09-29T18:28:45Z,S5,1,1,0,0,1ac1d49b1cff6ca3fb720e217fde7487296636df5b05d75889e68877e236f217,12000,16,1,180000,0.9549679563696708,1,0.012243935245977505,0.011609161800808964,0,1,172800,0.0,-1.0515720645351279,-311.83333278328183,-10.745841990725225,0.08002645746763264,-3.090546082719889e-05,-3.838396423816448e-06,0.08333333333333333,0.0,600.0,7.11733437371246,4.805960111036313,0,0,0
S5_p001_t035_s1262033904,2026-09-29T18:29:00Z,S5,1,1,0,0,83a2b78dffd5cd81f2775d4fb76b003c682a111ae63f20df9f3a1cc86d06a47b,12000,16,1,180000,0.9554533375450873,1,0.012254378332861374,0.011250382661086605,0,1,172800,0.0,-1.0446075817896603,-311.83333633800794,-10.787584801044833,0.07829123417294889,7.625104851765478e-05,9.470227723795688e-06,0.08333333333333333,0.0,600.0,5.999345537262534,4.841843989444695,0,0,0
S5_p001_t036_s1103695776,2026-09-29T18:29:15Z,S5,1,1,0,0,bf4389d7c20c64c41a2a3e857d7db9f2f6e61d63e86d939b619218fd4440481f,12000,16,1,180000,0.9544507443898599,1,0.012780989598951041,0.012791163267020645,0,1,172800,0.0,-1.0649738861414764,-311.8333328571922,-10.69676100195252,0.14981488297610485,-0.0006028052425354585,-7.486720551241888e-05,0.08333333333333333,0.0,600.0,9.586220331722355,4.631068677650536,0,0,0
S5_p001_t037_s1633845900,2026-09-29T18:29:30Z,S5,1,1,0,0,cf1b8c7737430a9c6690ef263965b40c1195a851e4970dd1cdbaffa80bdcf48c,12000,16,1,180000,0.9546265127478799,1,0.012604412549359179,0.012791163267020641,0,1,172800,0.0,-1.0632435990901377,-311.83333400906184,-10.687300075685487,0.07931544269910817,-0.0003309199928829238,-4.109960127607337e-05,0.08333333333333333,0.0,600.0,12.647378327927331,4.771342773442538,0,0,0
S5_p001_t038_s1316886713,2026-09-29T18:29:45Z,S5,1,1,0,0,49c447fadbe35e1fbb37901a8c70c1a459e8d4bc8b869915cc1a9f348f4fbdef,12000,16,1,180000,0.9552021428085933,1,0.011260478996760415,0.01057359964982943,0,1,172800,0.0,-1.0435498154570586,-311.83333210852163,-10.762325521481163,0.09488057099808449,-3.42789752596052e-05,-4.257380169292446e-06,0.08333333333333333,0.0,600.0,4.929882165958722,5.018853331896157,0,0,0
S5_p001_t039_s1570360091,2026-09-29T18:30:00Z,S5,1,1,0,0,e8fdd532b8f54fad323bd4de0928d9b1bd39cd41bf0abd781aa5d03849613554,12000,16,1,180000,0.9554457942816357,1,0.011959228020385992,0.011196171779032286,0,1,172800,0.0,-1.0424238884689931,-311.83333332188823,-10.80435905012352,0.07669778313687861,0.0005394148282827894,6.699424284306588e-05,0.08333333333333333,0.0,600.0,5.925644159568044,5.134356040815884,0,0,0
S5_p001_t040_s255641872,2026-09-29T18:30:30Z,S5,1,1,0,0,82861cbf5575f7e31950594cca48199d6d3a909e0e91251d9c46315b6daec3be,12000,16,1,180000,0.6410328263390606,1,0.011128888755019802,0.011607060582618213,0,1,172800,0.0,-4.507029654107364,-290.4999569743668,1.4700838837185497,39.56764911767003,801.1403884809396,99.50003396855573,4.0,0.0,600.0,10.015375513919055,10.615252120099585,0,0,0
S5_p001_t041_s1560381157,2026-09-29T18:30:45Z,S5,1,1,0,0,0975a909afb747b606e840b05f7755bf7b35d657bbbe9b79c4ddd83e76accdb4,12000,16,1,180000,0.6901244815665807,1,0.013197551218052607,0.01253363199207295,0,1,172800,0.0,-1.041850931727226,-282.20833445625794,-10.781026313467505,0.06524793447518025,0.0009485854318425432,0.00011781241346398019,0.08333333333333333,0.0,600.0,5.920255480352606,4.97177100948345,0,0,0
S5_p001_t042_s520177207,2026-09-29T18:31:00Z,S5,1,1,0,0,a8076339b44594075fd1d20713cf348a39a183aa875ed60a8eae467e759f6afc,12000,16,1,180000,0.690357580083485,1,0.01377684440576467,0.012533631992072952,0,1,172800,0.0,-1.0586456562532445,-282.2083347743119,-10.746537144243186,0.0948603035410294,0.0010494150294826088,0.00013033524783168104,0.08333333333333333,0.0,600.0,6.349198934360605,5.1267636199495925,0,0,0
S5_p001_t043_s1065234686,2026-09-29T18:31:15Z,S5,1,1,0,0,abca5224168ce55bf386c438d2a7217c9b2add96d28e8976e01b9100c48843c5,12000,16,1,180000,0.6903647169283451,1,0.011681460336042832,0.011682577969342321,0,1,172800,0.0,-1.0530416058690004,-282.20833237478234,-10.769685206116378,0.08441227352131642,-0.000542616041222112,-6.739182708770386e-05,0.08333333333333333,0.0,600.0,5.639249242231615,4.6694819209740155,0,0,0
S5_p001_t044_s1775278461,2026-09-29T18:31:30Z,S5,1,1,0,0,ead49a9bf4fb66cf960dc72288f834b0dc388e8c712d5b3c3389c602bed97ca8,12000,16,1,180000,0.6902046375995378,1,0.011135077953224624,0.011823933187721984,0,1,172800,0.0,-1.0557523780907525,-282.20833568234957,-10.764032527401943,0.08775397567974341,0.002631107801898469,0.00032677832678018603,0.08333333333333333,0.0,600.0,10.339547690969276,4.897855796769033,0,0,0
S5_p001_t045_s1025061940,2026-09-29T18:31:45Z,S5,1,1,0,0,ff291864645defc72283335e2eb7e00163baecdd2c179c657ff0d40b18a499be,12000,16,1,180000,0.6911111847117807,1,0.011704628796776907,0.01213097723177856,0,1,172800,0.0,-1.0407121993573056,-282.20833220164667,-10.770057275309187,0.0698755467386728,-0.0004604997668377286,-5.7193150041712215e-05,0.08333333333333333,0.0,600.0,4.993791389206316,5.504603930906092,0,0,0
S5_p001_t046_s1355283976,2026-09-29T18:32:00Z,S5,1,1,0,0,ec8c17b85a7d8afeae7cf7951eba888f55ebb6ea423f4e574f0c3445511750fc,12000,16,1,180000,0.6899407335896679,1,0.011894528983767232,0.01213097723177856,0,1,172800,0.0,-1.0522244897359565,-282.20833308390627,-10.737275617804771,0.07420842420591561,0.002328780677560142,0.0002892299025916145,0.08333333333333333,0.0,600.0,4.686321289414346,5.174343360331793,0,0,0
S5_p001_t047_s8670849,2026-09-29T18:32:15Z,S5,1,1,0,0,66341589cda000ab00e9be495db7701ea2ca3059254fe28ff32767703a1eef6a,12000,16,1,180000,0.6908799015813522,1,0.011763214748708896,0.01188729198616384,0,1,172800,0.0,-1.0448480923533097,-282.2083366357765,-10.803361002094187,0.07268467478240305,0.0013743597180405594,0.0001706927282612014,0.08333333333333333,0.0,600.0,5.883191443672443,5.010126788308467,0,0,0
S5_p001_t048_s683044550,2026-09-29T18:32:30Z,S5,1,1,0,0,efee4a994b008578fc921257ff6a0c6d6b27b515af155c713ecc84c3d742ce51,12000,16,1,180000,0.8832061949937302,1,0.011873112360498013,0.011887291986163843,0,1,172800,0.0,-1.0983765095565212,-271.6810606493533,-10.058177425368783,0.055553576187560405,-0.008572560965183601,-0.001064694926753873,0.08333333333333333,0.0,600.0,9.937607928283901,4.3324366426048675,0,0,0
S5_p001_t049_s1419673414,2026-09-29T18:32:45Z,S5,1,1,0,0,87c19ee763dcf35a04bbc69d84cd681e12b0e190bf6c6775f5aeecdb8a639569,12000,16,1,180000,0.8832192303622808,1,0.011625390133735721,0.012476187310916514,0,1,172800,0.0,-1.1115881848280127,-271.68103199277294,-10.015777292011537,0.1235518843392431,0.00012843019295095793,1.5950773104123073e-05,0.08333333333333333,0.0,600.0,6.061541571946993,3.9909843907585363,0,0,0
S5_p001_t050_s1860529943,2026-09-29T18:33:00Z,S5,1,1,0,0,40ba296c6d7ee8571ca9cddfddbcdb63293eed0500684e91515de61cdf6cbb13,12000,16,1,180000,0.88304096127129,1,0.011834961451919255,0.012476187310916514,0,1,172800,0.0,-1.1042125790913717,-271.6810551849594,-10.039369818801923,0.09649058603991291,0.0005434935090387643,6.750080683559645e-05,0.08333333333333333,0.0,600.0,12.593746054496512,4.13919667441462,0,0,0
S5_p001_t051_s978485698,2026-09-29T18:33:15Z,S5,1,1,0,0,682b3d85ca437b7404f926ebd8699843b818f0e0f5755e8a5fee72be2d6c30f1,12000,16,1,180000,0.8833078818499941,1,0.01139030186586515,0.011215183543938707,0,1,172800,0.0,-1.109688730416409,-271.6810527603041,-10.035838112476487,0.08556097331095526,-0.0011046946890851891,-0.00013720087099500233,0.08333333333333333,0.0,600.0,9.95582091395727,4.253186249531413,0,0,0
S5_p001_t052_s800179956,2026-09-29T18:33:30Z,S5,1,1,0,0,f039a85c92143b8631dfd6e9b8183c3082259e97f906ec9a17ab87febe0ccb67,12000,16,1,180000,0.8828663269492409,1,0.01133748166657495,0.0112288047081808,0,1,172800,0.0,-1.1170532268632603,-271.68105352774546,-9.979929155491321,0.11438868118262696,0.009800543699591761,0.0012172079264018976,0.08333333333333333,0.0,600.0,9.369866655884216,4.54461195183556,0,0,0
S5_p001_t053_s230175689,2026-09-29T18:33:45Z,S5,1,1,0,0,7596c7131bd22044974cb2404b31accd3b322622975792446b65cc9133087448,12000,16,1,180000,0.883070666457915,1,0.0116392593106311,0.011278256551537354,0,1,172800,0.0,-1.1105501862007592,-271.68105370289106,-9.995166197572479,0.07667104652041987,-0.0019336576216255359,-0.0002401564092906483,0.08333333333333333,0.0,600.0,6.0417833334594295,4.514058610064469,0,0,0
S5_p001_t054_s1158910655,2026-09-29T18:34:00Z,S5,1,1,0,0,0a2b983345fa4ad9d0574a84e85bc711153b90b6884db550695bf05ac4004f58,12000,16,1,180000,0.882147394031677,1,0.011685485104931378,0.011760632094508684,0,1,172800,0.0,-1.1314485310197848,-271.6810299162037,-9.925457631648465,0.1258743876358598,-0.0016425515359106795,-0.00020400161565703456,0.08333333333333333,0.0,600.0,8.607526140239388,4.174819104024908,0,0,0
S5_p001_t055_s55591962,2026-09-29T18:34:15Z,S5,1,1,0,0,a17e3014baec08c959fc1287626cfa311c66e8274b1b61e4aaab0dd24165bb9e,12000,16,1,180000,0.882964389508178,1,0.011464556382607457,0.011988525367485186,0,1,172800,0.0,-1.1150860358736696,-271.68105161783814,-9.991984331076702,0.10780440828287233,-0.003293519299319135,-0.00040904850993683795,0.08333333333333333,0.0,600.0,9.049849271373649,4.083094225703415,0,0,0
S5_p001_t056_s1696699799,2026-09-29T18:34:30Z,S5,1,1,0,0,ce6505b09bd7d028de93fda60e5172fda39c5236dece1c4d1a9a223c438ba472,12000,16,1,180000,0.8827996585152552,1,0.011609786273569135,0.012946098866177964,0,1,172800,0.0,-1.114372045177873,-271.68105387362874,-9.99981707661856,0.10927512102520665,0.004249801955637718,0.0005278169032862934,0.08333333333333333,0.0,600.0,9.186439983224505,4.315593577712958,0,0,0
S5_p001_t057_s639385521,2026-09-29T18:34:45Z,S5,1,1,0,0,a88487f34ff2f9b4a36059924ae30e3cf68ef55cc5d11b5f24e9d5106f3cf4d9,12000,16,1,180000,0.8829232087158572,1,0.01170798219053978,0.012946098866177966,0,1,172800,0.0,-1.118878585311562,-271.6810478811876,-9.978103606061058,0.11627617951200654,0.0008971578738596589,0.00011142521361762192,0.08333333333333333,0.0,600.0,4.726888537908167,4.569374905260774,0,0,0
S5_p001_t058_s455409832,2026-09-29T18:35:00Z,S5,1,1,0,0,17235b1e789d1aec9d80998494de05e86b2e91660c4be04eae9ae02aea09bdac,12000,16,1,180000,0.8828972967684777,1,0.01186181341474705,0.011877803507190515,0,1,172800,0.0,-1.1223713952617105,-271.6810459601662,-9.981641160441862,0.155704324328149,-0.008708863371623255,-0.0010816234130288649,0.08333333333333333,0.0,600.0,5.527965490510012,3.9722909569418654,0,0,0
S5_p001_t059_s1555299053,2026-09-29T18:35:15Z,S5,1,1,0,0,f2ec4663d564e17e8c180690d4936dac397cbfd174fcd92c4177d18b944fc52e,12000,16,1,180000,0.882683732766818,1,0.010806552990805803,0.01113855425576945,0,1,172800,0.0,-1.1128759149092706,-271.6810273085478,-10.0093743531389,0.07927387087905155,-0.003676452004479977,-0.00045660798605240416,0.08333333333333333,0.0,600.0,9.646259574708804,4.222651015311349,0,0,0
S5_p002_t000_s1138448492,2026-09-29T18:35:45Z,S5,2,1,0,0,ed39c1b05db25b9de1561852fcfa2b5b0c81b83066d965110992cf4048b4dd54,12000,16,1,180000,0.9803996500290608,-1,0.9803996500290608,0.9999999999995622,1,-1,171600,nan,-0.12657973768633704,nan,-42.191447458618924,4.772210693803338e-07,nan,nan,0.0,0.0,600.0,1.0032752903571753,70.76667772679434,0,1,0
S5_p002_t001_s1850764392,2026-09-29T18:36:00Z,S5,2,1,0,0,8a307d952a5fcea68c392695fc5e11a5972fc9d2f9fe076db378cc57edc57665,12000,16,1,180000,0.9803996509765582,-1,0.9803996509765582,0.9999999999995622,1,-1,171600,nan,-0.12657973374625975,nan,-42.191446651075324,2.961872591885414e-07,nan,nan,0.0,0.0,600.0,1.0032770094805181,70.76667982466735,0,1,0
S5_p002_t002_s321598820,2026-09-29T18:36:15Z,S5,2,1,0,0,2c4e8b6ebf1902f2ddccd2d4fd6cd28099ce56cea3adeb7b4be3386ab3c77605,12000,16,1,180000,0.980399651177024,-1,0.980399651177024,0.9999999999995622,1,-1,171600,nan,-0.12657972403287815,nan,-42.19144825265218,4.6345143823103757e-07,nan,nan,0.0,0.0,600.0,1.0032736189619196,70.76667985747689,0,1,0
S5_p002_t003_s121880670,2026-09-29T18:36:30Z,S5,2,1,0,0,0396c20d16ceaeecb2ed6923b40252e7769d8eb1b1d9b518b626bd19caea018d,12000,16,1,180000,0.9803996508548182,-1,0.9803996508548182,0.9999999999995622,1,-1,171600,nan,-0.12657972496083278,nan,-42.19144840595046,2.874464082458373e-07,nan,nan,0.0,0.0,600.0,1.003276186222491,70.76668083481363,0,1,0
S5_p002_t004_s476275882,2026-09-29T18:36:45Z,S5,2,1,0,0,9770148da874cbc44d18a3f700ba40f00ed411166aad1594d1dc66f821d69187,12000,16,1,180000,0.9803996500610926,-1,0.9803996500610926,0.9999999999995622,1,-1,171600,nan,-0.1265797272473267,nan,-42.19144681349819,4.667135148651992e-07,nan,nan,0.0,0.0,600.0,1.0032736086789165,70.7666790446102,0,1,0
S5_p002_t005_s1101140010,2026-09-29T18:37:00Z,S5,2,1,0,0,b0b1838bca5f2abfaeeaf993313da2c3ae39cd88aa5e95cd3da3dc94cec142b5,12000,16,1,180000,0.9803996504662882,-1,0.9803996504662882,0.9999999999995622,1,-1,171600,nan,-0.12657973983031187,nan,-42.19144770370874,3.0248308298900907e-07,nan,nan,0.0,0.0,600.0,1.0032752833425822,70.76667830007908,0,1,0
S5_p002_t006_s993856876,2026-09-29T18:37:15Z,S5,2,1,0,0,46bc26b1eb064f0ae486834d13c01bf74bbb43b105412f29d397b2d9078f95a2,12000,16,1,180000,0.978247827585751,-1,0.978247827585751,0.9999999999995622,1,-1,148120,nan,-0.12657983121462002,nan,-42.18980310684518,4.713840476177069e-07,nan,nan,0.0,0.0,600.0,1.0034710029334266,70.76832293450349,0,1,0
S5_p002_t007_s494561765,2026-09-29T18:37:30Z,S5,2,1,0,0,891f50f1dee5b7361d5d05415745ab873ecc189412bd628035d0c90dffb92102,12000,16,1,180000,0.9803991072191487,1,0.9803991072191487,0.9999999999995622,1,1,171598,nan,-0.1265880315402743,nan,-42.187293477392,9.52255311242565e-07,nan,nan,0.0,0.0,600.0,0.9511202126297821,70.20571183083938,0,1,0
S5_p002_t008_s569656867,2026-09-29T18:37:45Z,S5,2,1,0,0,5e2a959a250632425ade584cdeea6bf20da286a717bea0ccdf431802143418ce,12000,16,1,180000,0.9803991067121353,1,0.9803991067121353,0.9999999999995622,1,1,171598,nan,-0.1265880405362805,nan,-42.18729401956126,8.138751689683997e-07,nan,nan,0.0,0.0,600.0,0.9511484217871836,70.20571254582931,0,1,0
S5_p002_t009_s1938674575,2026-09-29T18:38:00Z,S5,2,1,0,0,8857970529a30a47c4a69dc1d4be069138aac28fdc5ff1734232693a880ab450,12000,16,1,180000,0.9803991075106375,1,0.9803991075106375,0.9999999999995622,1,1,171598,nan,-0.12658805779114382,nan,-42.18729399298741,9.784318154059015e-07,nan,nan,0.0,0.0,600.0,0.9510971720675289,70.20571306991329,0,1,0
S5_p002_t010_s1527196527,2026-09-29T18:38:15Z,S5,2,1,0,0,f529cb6d906942b698ee25c5a7487eb11c4c0a08a8352910623e47d3bc8f8695,12000,16,1,180000,0.9803991073321413,1,0.9803991073321413,0.9999999999995622,1,1,171598,nan,-0.12658803206234567,nan,-42.18729405789298,8.572616172166542e-07,nan,nan,0.0,0.0,600.0,0.9513728640631841,70.20571218126858,0,1,0
S5_p002_t011_s1240012615,2026-09-29T18:38:30Z,S5,2,1,0,0,8195ec5511cf79b005e0318816131630ea7e6f1c596bc94d531c405b72c2bf06,12000,16,1,180000,0.9803991069340702,1,0.9803991069340702,0.9999999999995622,1,1,171598,nan,-0.1265880220042445,nan,-42.18729415765004,9.131632774526784e-07,nan,nan,0.0,0.0,600.0,0.9513975610563395,70.2057121306562,0,1,0
S5_p002_t012_s1128565587,2026-09-29T18:38:45Z,S5,2,1,0,0,a846a26f55b06559086eabdf959aee232eb0bdf2df5682d3a202f2039f061518,12000,16,1,180000,0.9803991069793675,1,0.9803991069793675,0.9999999999995622,1,1,171598,nan,-0.12658801875387268,nan,-42.18729348014209,8.431230967339014e-07,nan,nan,0.0,0.0,600.0,0.9511329414070769,70.20571288326462,0,1,0
S5_p002_t013_s1398407335,2026-09-29T18:39:00Z,S5,2,1,0,0,c53d20a7195c97c9b55868df9cc586b1ea07f4464e94441c9686b01dfe8b3e5a,12000,16,1,180000,0.980399106365036,1,0.980399106365036,0.9999999999995622,1,1,171598,nan,-0.1265880470165875,nan,-42.18729400206277,9.381507063077746e-07,nan,nan,0.0,0.0,600.0,0.9513858648522877,70.20571177669667,0,1,0
S5_p002_t014_s1843803682,2026-09-29T18:39:15Z,S5,2,1,0,0,b08cb4505875ff5d5fa1d61b314a6ddfeb2dc677678b4a0e264854389a36e25d,12000,16,1,180000,0.9803991076101889,1,0.9803991076101889,0.9999999999995622,1,1,171598,nan,-0.1265880479252874,nan,-42.187293054423655,9.690729470319678e-07,nan,nan,0.0,0.0,600.0,0.9513508756563119,70.20571308502481,0,1,0
S5_p002_t015_s1476197660,2026-09-29T18:39:30Z,S5,2,1,0,0,2332b2a6d68d2c0e89072c94fff80a2e51d0e7cd537343f162ced0659ff9997a,12000,16,1,180000,0.9803991069656256,1,0.9803991069656256,0.9999999999995622,1,1,171598,nan,-0.1265880217086042,nan,-42.18729330469876,9.127866594002025e-07,nan,nan,0.0,0.0,600.0,0.9511012018022732,70.20571238104507,0,1,0
S5_p002_t016_s1921035023,2026-09-29T18:39:45Z,S5,2,1,0,0,f1aeeb2e774297aa3ea8ac39d31b4c23b49a656c0928698521a33a58a74da2ca,12000,16,1,180000,0.9803991072934176,1,0.9803991072934176,0.9999999999995622,1,1,171598,nan,-0.12658802531135074,nan,-42.18729218721815,9.460494307260836e-07,nan,nan,0.0,0.0,600.0,0.9511169841133774,70.20571310660598,0,1,0
S5_p002_t017_s1351552590,2026-09-29T18:40:00Z,S5,2,1,0,0,75f7f6239e0d1cef9d076d7391ea200453b5a159b8e9ff55abb9e7d5fb2f8a35,12000,16,1,180000,0.9803991069991593,1,0.9803991069991593,0.9999999999995622,1,1,171598,nan,-0.12658803861307416,nan,-42.1872938502408,9.296506311958331e-07,nan,nan,0.0,0.0,600.0,0.9511478191061711,70.2057130218923,0,1,0
S5_p002_t018_s1167112926,2026-09-29T18:40:15Z,S5,2,1,0,0,61a156700a779dd7e18c82cb2469f72d603c86a32700864440e92e7671a7ca1e,12000,16,1,180000,0.9803991075708364,1,0.9803991075708364,0.9999999999995622,1,1,171598,nan,-0.1265880485833877,nan,-42.18729389813117,9.69179277623876e-07,nan,nan,0.0,0.0,600.0,0.9511154395523738,70.20571447121046,0,1,0
S5_p002_t019_s1353429191,2026-09-29T18:40:30Z,S5,2,1,0,0,a60eb249cc2964cd327b44ff9cda9682af8c02286675ad256d665beebfe3e838,12000,16,1,180000,0.9803991073671948,1,0.9803991073671948,0.9999999999995622,1,1,171598,nan,-0.12658803836339427,nan,-42.18729415502237,9.294410847884311e-07,nan,nan,0.0,0.0,600.0,0.9539014643013469,70.20571190777916,0,1,0
S5_p002_t020_s1002632261,2026-09-29T18:41:00Z,S5,2,1,0,0,6367f5ceab6ca0b93cf539f63e16dbaaa283a47c29a29be108b74cb989a8a5a3,12000,16,1,180000,0.9235165711357985,-1,0.9235165711357985,0.9999999999995622,1,-1,171600,nan,-0.1263223647690542,nan,-93.78757326637157,6.996005149143924e-07,nan,nan,0.0,0.0,600.0,2.702796757065318,2.6244962544317616,0,1,0
S5_p002_t021_s1152143633,2026-09-29T18:41:15Z,S5,2,1,0,0,fe7d4985de14861327aa3e406deaf6fb603e7c883852b024f0ea0577cb881bfd,12000,16,1,180000,0.9235165710712324,-1,0.9235165710712324,0.9999999999995622,1,-1,171600,nan,-0.1263223374866408,nan,-93.78829266724439,6.720070388130667e-07,nan,nan,0.0,0.0,600.0,2.703462071859426,2.62443697772781,0,1,0
S5_p002_t022_s1274144205,2026-09-29T18:41:30Z,S5,2,1,0,0,e98f605844b31b8146b7d9822a87bc1cbd71c8ac5335d1cd72e4e5cc429867f0,12000,16,1,180000,0.923516570151524,-1,0.923516570151524,0.9999999999995622,1,-1,171600,nan,-0.12632236665248525,nan,-93.78763113319502,7.01485126931447e-07,nan,nan,0.0,0.0,600.0,2.7029599523652217,2.6246448467561634,0,1,0
S5_p002_t023_s236274386,2026-09-29T18:41:45Z,S5,2,1,0,0,e497ddfc08397a0464eb21740d4d1595aeb301610504aba36a662deec702d4b9,12000,16,1,180000,0.9235165706982451,-1,0.9235165706982451,0.9999999999995622,1,-1,171600,nan,-0.1263223583384533,nan,-93.78780881919441,6.931479322699718e-07,nan,nan,0.0,0.0,600.0,2.7026464146638065,2.6246645416995062,0,1,0
S5_p002_t024_s1250788590,2026-09-29T18:42:00Z,S5,2,1,0,0,301c78857e87d9875100a7dff369d9f9a3f09959bb73984a3b4fc49a4cd7808d,12000,16,1,180000,0.9235165707036144,-1,0.9235165707036144,0.9999999999995622,1,-1,171600,nan,-0.12632234791249763,nan,-93.78819456992514,6.826906252590727e-07,nan,nan,0.0,0.0,600.0,2.7026834233674437,2.6245737174209935,0,1,0
S5_p002_t025_s1053143358,2026-09-29T18:42:15Z,S5,2,1,0,0,04086959501b21a5bace423a3cc342d13a914ae7987665386abab6f78b33b984,12000,16,1,180000,0.9235165713767054,-1,0.9235165713767054,0.9999999999995622,1,-1,171600,nan,-0.12632236986769474,nan,-93.78776185862633,7.046928867717383e-07,nan,nan,0.0,0.0,600.0,2.703141958063001,2.624245396469748,0,1,0
S5_p002_t026_s1195050127,2026-09-29T18:42:30Z,S5,2,1,0,0,c002c881a33a6356d59b6a00ed1ac5f39cf20f090ea3dd0550d5d0aa914d6dfd,12000,16,1,180000,0.9235165707266291,-1,0.9235165707266291,0.9999999999995622,1,-1,171600,nan,-0.12632235434308386,nan,-93.7879398011844,6.891653102950415e-07,nan,nan,0.0,0.0,600.0,2.7032127092959874,2.624669207783175,0,1,0
S5_p002_t027_s1857563192,2026-09-29T18:42:45Z,S5,2,1,0,0,5b28a866f8bd736f21b9c45f2ce30f7625c796549657f3d04cd43e9397c8c65d,12000,16,1,180000,0.9235165703560027,-1,0.9235165703560027,0.9999999999995622,1,-1,171600,nan,-0.12632237175122854,nan,-93.78762345754768,7.065807929300458e-07,nan,nan,0.0,0.0,600.0,2.702880431742605,2.6248120239695356,0,1,0
S5_p002_t028_s926067461,2026-09-29T18:43:00Z,S5,2,1,0,0,837e8f12aaf1cbae72d5e2fd27cfe9c211e75f16122424585f3293027a80bb1e,12000,16,1,180000,0.9235165707832229,-1,0.9235165707832229,0.9999999999995622,1,-1,171600,nan,-0.1263223770783754,nan,-93.78748359714535,7.119072706858602e-07,nan,nan,0.0,0.0,600.0,2.7022119618652645,2.624687677962326,0,1,0
S5_p002_t029_s2039212308,2026-09-29T18:43:15Z,S5,2,1,0,0,c6a9c15ef12a21a2aac4b37fad5cced0a395680ca9d3dae19da0175dd8c8a627,12000,16,1,180000,0.9235165716757867,-1,0.9235165716757867,0.9999999999995622,1,-1,171600,nan,-0.12632234602913603,nan,-93.7878610531987,6.89245302907233e-07,nan,nan,0.0,0.0,600.0,2.703209616350933,2.624409354113097,0,1,0
S5_p003_t000_s1714205886,2026-09-29T18:43:30Z,S5,3,1,0,0,c51b2d6985d91b40aa713d0dc4b946ca2a3d97304665e906d30330d0598a0a91,12000,16,1,180000,0.9161486591236275,1,0.9161486591236275,1.0000000000009506,1,1,171611,nan,0.02407503041979176,nan,-28.14360329036104,0.002573775616266946,nan,nan,0.0,0.0,600.0,174.36256129925258,73.4251324446654,0,1,0
S5_p003_t001_s1934708211,2026-09-29T18:43:45Z,S5,3,1,0,0,cfb95a97f4740f052d4c20fa00d1a2572ab6e64914f2fb3025b53470205246b8,12000,16,1,180000,0.9161486563913634,1,0.9161486563913634,1.0000000000009506,1,1,171611,nan,0.02407493456367655,nan,-28.143605141489658,0.0025728988226070113,nan,nan,0.0,0.0,600.0,174.36191795860134,73.43552018358781,0,1,0
S5_p003_t002_s1951162110,2026-09-29T18:44:00Z,S5,3,1,0,0,6ca63872ad4627406bba8b584067395c009e33137656eb6ba20f2548f40a21a4,12000,16,1,180000,0.9053737329532981,1,0.9053737329532981,1.0000000000009506,1,1,130807,nan,-0.4067339040673306,nan,-9.787484312859807,25.270129686252094,nan,nan,5.583333333333333,0.0,600.0,56.9724513969867,78.34657159736166,0,1,0
S5_p003_t003_s1445156187,2026-09-29T18:44:15Z,S5,3,1,0,0,f8e1d9ad0e39ea4f2fefb0c3876c18d6584a447761fbeae7dc790ad7c181f83f,12000,16,1,180000,0.977841342808242,1,0.977841342808242,1.0000000000009506,1,1,171593,nan,0.023155539208333017,nan,-27.754084395411684,0.0020528657195792396,nan,nan,0.0,0.0,600.0,47.77081728272797,73.18349409769485,0,1,0
S5_p003_t004_s332708724,2026-09-29T18:44:30Z,S5,3,1,0,0,76704af25c7a83fc14dea9cefb5e6ac4d2b6f3b8e1e3b6579c1916b5fa52e720,12000,16,1,180000,0.9778413450759592,1,0.9778413450759592,1.0000000000009506,1,1,171593,nan,0.023155495883280905,nan,-27.75408943233799,0.0020529397574212244,nan,nan,0.0,0.0,600.0,47.770653315965205,73.21772631319264,0,1,0
S5_p003_t005_s1838982444,2026-09-29T18:44:45Z,S5,3,1,0,0,5def7555d91baae4f8994030141847434eb3ea46f10b0f542d6251953437461b,12000,16,1,180000,0.9778413453286973,1,0.9778413453286973,1.0000000000009506,1,1,171593,nan,0.02315560079392967,nan,-27.75408300215787,0.002055231789804606,nan,nan,0.0,0.0,600.0,47.77473838395673,73.22013294127497,0,1,0
S5_p003_t006_s1432963864,2026-09-29T18:45:00Z,S5,3,1,0,0,4b05776520d737e115b66fe252f193ce5588c436a5c7d721d1183f5b086262d5,12000,16,1,180000,0.9778413414427183,1,0.9778413414427183,1.0000000000009506,1,1,171593,nan,0.023155589948370657,nan,-27.754085104391052,0.0020511031452178953,nan,nan,0.0,0.0,600.0,47.770828022945636,73.22498230341837,0,1,0
S5_p003_t007_s1060432322,2026-09-29T18:45:15Z,S5,3,1,0,0,01d7c34436aa843910a1986d768cc1fdc74b198975e6ff9f28e201f8ba9156f9,12000,16,1,180000,0.9778413436359666,1,0.9778413436359666,1.0000000000009506,1,1,171593,nan,0.023155592635953483,nan,-27.75408343385198,0.002051087138287206,nan,nan,0.0,0.0,600.0,47.77430865282667,73.23502591467218,0,1,0
S5_p003_t008_s328444916,2026-09-29T18:45:30Z,S5,3,1,0,0,c816ab52d2cecb11a44074464808748331148781c88fc69a96531192d01a0b33,12000,16,1,180000,0.977841341603242,1,0.977841341603242,1.0000000000009506,1,1,171593,nan,0.023155465360271358,nan,-27.754088867220524,0.002053744454425528,nan,nan,0.0,0.0,600.0,47.77046918153553,73.22498817660937,0,1,0
S5_p003_t009_s2116983884,2026-09-29T18:45:45Z,S5,3,1,0,0,ac06e1385239e4eb6b86c820bf247fd92b62dccafdaee93b697629021b18f684,12000,16,1,180000,0.9778413471503122,1,0.9778413471503122,1.0000000000009506,1,1,171593,nan,0.023155604568378348,nan,-27.754089051369068,0.0020529466631846616,nan,nan,0.0,0.0,600.0,47.77100679003512,73.23111589232792,0,1,0
S5_p003_t010_s1100042289,2026-09-29T18:46:15Z,S5,3,1,0,0,27f0c9285adc4bd9da66d450f8909b27695c0f16a8733bd8c3427839828d2bff,12000,16,1,180000,0.9161486578275427,1,0.9161486578275427,1.0000000000009506,1,1,171611,nan,0.024075050589293698,nan,-28.14360036851062,0.002573084877826744,nan,nan,0.0,0.0,600.0,174.36275364073023,73.42399524198994,0,1,0
S5_p003_t011_s635744766,2026-09-29T18:46:30Z,S5,3,1,0,0,5852d2616b2973abbbd79e60540b0b5400faea241b6204fb91aa4ae23b444907,12000,16,1,180000,0.9161486564802542,1,0.9161486564802542,1.0000000000009506,1,1,171611,nan,0.02407504020351484,nan,-28.14360227393415,0.002575319370908437,nan,nan,0.0,0.0,600.0,174.36105029658503,73.43553593761412,0,1,0
S5_p003_t012_s961338442,2026-09-29T18:46:45Z,S5,3,1,0,0,958c578a53e85c4ef64dcc40aaa01f1f440853bddb5be714978ec676131d40f9,12000,16,1,180000,0.9161486643187154,1,0.9161486643187154,1.0000000000009506,1,1,171611,nan,0.024075097097248838,nan,-28.14359654530279,0.002569450593137286,nan,nan,0.0,0.0,600.0,174.362111276437,73.4037353362568,0,1,0
S5_p003_t013_s1294474057,2026-09-29T18:47:00Z,S5,3,1,0,0,b162b7f7f810b9c2f0b7b825784205b1b4e6585d9fcc5a2f51359a356a8e648a,12000,16,1,180000,0.9161486569192046,1,0.9161486569192046,1.0000000000009506,1,1,171611,nan,0.024075021716782205,nan,-28.143599703398223,0.0025746989265825852,nan,nan,0.0,0.0,600.0,174.36238072054127,73.44546359628967,0,1,0
S5_p003_t014_s1681705495,2026-09-29T18:47:15Z,S5,3,1,0,0,9489248008808f0598b20e082cf939967925c2da74b3cc9748771eed00a6f336,12000,16,1,180000,0.8066753938425187,1,0.8066753938425187,1.0000000000009506,1,1,135611,nan,-1.013453343380564,nan,-5.677220231645762,15.535466556702588,nan,nan,9.833333333333332,0.0,600.0,42.386344764924296,103.67681082779035,0,1,0
S5_p003_t015_s710608608,2026-09-29T18:47:30Z,S5,3,1,0,0,8ec686bd8ef56d86afe77220f8b832c65ee9613faef114c06b6a1e39d9f17d19,12000,16,1,180000,0.9778446694537347,1,0.9778446694537347,1.0000000000009506,1,1,171595,nan,0.02315402405195425,nan,-27.76745048399015,0.002137660320254016,nan,nan,0.0,0.0,600.0,41.10959612497384,73.23416390643703,0,1,0
S5_p003_t016_s384136078,2026-09-29T18:47:45Z,S5,3,1,0,0,459e29826233bef8f2be7783f7daf25d1cb099f2f8738086fa2ac88d7d2d67a1,12000,16,1,180000,0.9778446671596862,1,0.9778446671596862,1.0000000000009506,1,1,171595,nan,0.023153899246709332,nan,-27.76744604519381,0.002141270721378751,nan,nan,0.0,0.0,600.0,41.10916340671094,73.22608440263791,0,1,0
S5_p003_t017_s414741158,2026-09-29T18:48:00Z,S5,3,1,0,0,6577f4de6b28546debf297b6118e44cc7bc8188205a3669e9afdd270f5f6cb2c,12000,16,1,180000,0.9778446649957828,1,0.9778446649957828,1.0000000000009506,1,1,171595,nan,0.02315398517595147,nan,-27.767447722832777,0.002136543417813193,nan,nan,0.0,0.0,600.0,41.11035643371713,73.1643449811029,0,1,0
S5_p003_t018_s1550145401,2026-09-29T18:48:15Z,S5,3,1,0,0,8d4d464df6e4e9bdc094d0112855c0d33989ea9b208da56cf91e8b0674d32754,12000,16,1,180000,0.9778446689117993,1,0.9778446689117993,1.0000000000009506,1,1,171595,nan,0.02315397404842348,nan,-27.76744474768649,0.0021386503074245786,nan,nan,0.0,0.0,600.0,41.10989594043826,73.23423841305926,0,1,0
S5_p003_t019_s247667753,2026-09-29T18:48:30Z,S5,3,1,0,0,1d6f090a465aa1f492f14048d2f0a5a799f9175347349e6cd7cda98ecf2b7c93,12000,16,1,180000,0.9778446683651235,1,0.9778446683651235,1.0000000000009506,1,1,171595,nan,0.023153905028983388,nan,-27.76744944974007,0.0021382574708756993,nan,nan,0.0,0.0,600.0,41.10945010931055,73.16576607663913,0,1,0
S5_p003_t020_s1583609065,2026-09-29T18:48:45Z,S5,3,1,0,0,463dbe3f29349271c427a2cfccbcf191d138f21a120bc60c5a8925e3bf21a497,12000,16,1,180000,0.9778446686500825,1,0.9778446686500825,1.0000000000009506,1,1,171595,nan,0.02315404770033335,nan,-27.767449300211986,0.0021379320920188374,nan,nan,0.0,0.0,600.0,41.110688260835985,73.23579075421347,0,1,0
S5_p003_t021_s796570551,2026-09-29T18:49:00Z,S5,3,1,0,0,dfa14480eeec3935bab69f495050fd82532bc7354855cb0b385c85a7eebf2fd7,12000,16,1,180000,0.977844668449503,1,0.977844668449503,1.0000000000009506,1,1,171595,nan,0.02315401293512301,nan,-27.76744593495919,0.002134443350704047,nan,nan,0.0,0.0,600.0,41.110109158939466,73.18651454212956,0,1,0
S5_p003_t022_s1559731172,2026-09-29T18:49:15Z,S5,3,1,0,0,d83f8aa996221fef8a2a82bf22d7e23f2d254d078812f5f137bf982e96cec6ec,12000,16,1,180000,0.9778446676961621,1,0.9778446676961621,1.0000000000009506,1,1,171595,nan,0.023154049949173156,nan,-27.767449705140137,0.0021360748738983217,nan,nan,0.0,0.0,600.0,41.109635969960905,73.23788781500306,0,1,0
S5_p003_t023_s844389843,2026-09-29T18:49:30Z,S5,3,1,0,0,62236c78f2d34dfe0637e6d76cb2340f7657aa50774594bb56d10c6063a842fe,12000,16,1,180000,0.977844667382506,1,0.977844667382506,1.0000000000009506,1,1,171595,nan,0.023153951202929363,nan,-27.767447475921607,0.0021387728092390813,nan,nan,0.0,0.0,600.0,41.109195655572414,73.18649389497119,0,1,0
S5_p003_t024_s1173993624,2026-09-29T18:49:45Z,S5,3,1,0,0,e7a211b93b219224bf4b64566870b299e28126a64d6cee5db262a8afb68e8a8c,12000,16,1,180000,0.9778446688259813,1,0.9778446688259813,1.0000000000009506,1,1,171595,nan,0.023154015762053844,nan,-27.767447918147017,0.002137041602515692,nan,nan,0.0,0.0,600.0,41.110434702683264,73.23416581660614,0,1,0
S5_p003_t025_s412349045,2026-09-29T18:50:00Z,S5,3,1,0,0,27e9f1d1dc5c086dda3607e9b1c754efef2273ba49d3a1cc40bd5406f5130f7c,12000,16,1,180000,0.9778446660661687,1,0.9778446660661687,1.0000000000009506,1,1,171595,nan,0.02315395671966714,nan,-27.767446157509717,0.0021385975251998197,nan,nan,0.0,0.0,600.0,41.10993875067246,73.18651106222151,0,1,0
S5_p003_t026_s1487682954,2026-09-29T18:50:15Z,S5,3,1,0,0,c569c2c336dfaffc10d0aa79e2a89a2bad8c244a4209a790f1712e471691331b,12000,16,1,180000,0.97784466811056,1,0.97784466811056,1.0000000000009506,1,1,171595,nan,0.02315390603510391,nan,-27.767450294781845,0.0021388596168746975,nan,nan,0.0,0.0,600.0,41.109505416935754,73.21951006713414,0,1,0
S5_p003_t027_s1191930151,2026-09-29T18:50:30Z,S5,3,1,0,0,8ef506cd85610e9c51794971e64e1f0e30a3ce116c187f9f671107d6a6b78309,12000,16,1,180000,0.9778446687297674,1,0.9778446687297674,1.0000000000009506,1,1,171595,nan,0.023154003575062313,nan,-27.76744759274193,0.0021414399992457206,nan,nan,0.0,0.0,600.0,41.114407587064946,73.21045007125966,0,1,0
S5_p003_t028_s66415985,2026-09-29T18:50:45Z,S5,3,1,0,0,5cbf2d93d0f7f60f52c6349a4ab70a7fe5b0bce345194b1b170bcb856e95a043,12000,16,1,180000,0.8234551590265358,1,0.8234551590265358,1.0000000000009506,1,1,130829,nan,-1.2035018676791427,nan,-4.847353238581199,21.214471491162232,nan,nan,3.1666666666666665,0.0,600.0,28.222899432592527,102.88726540631801,0,1,0
S5_p003_t029_s1759722470,2026-09-29T18:51:00Z,S5,3,1,0,0,b379657569f48b3b2374d8a1fc55718cfbed17b14581eb43245143f274ba4861,12000,16,1,180000,0.9777859628034742,1,0.9777859628034742,1.0000000000009506,1,1,171601,nan,0.02231719223479328,nan,-27.511687177404664,0.025161149185937235,nan,nan,0.0,0.0,600.0,107.17616277600565,73.2051479408551,0,1,0
S7_p000_t000_s1928618341,2026-09-29T18:51:30Z,S7,0,2,0,0,3dd43bb9298962dd374615b86a934dd009fe33f17f3ca6e2a288b5b1678d7dd2,12000,16,1,180000,0.9576764787181626,1,0.5151836706235893,0.5173745417804761,0,1,172800,0.0,-0.07017290688436975,-295.60052205060373,-24.595995059584517,0.04941509801696628,0.06252308396487705,0.007765241982269799,0.08333333333333333,0.0,600.0,43.1378095986381,14.133708941027416,0,1,0
S7_p000_t001_s1519748887,2026-09-29T18:51:45Z,S7,0,2,0,0,1074ee47b86f927082744e1b9f1fee30a393e21580bf97c661db35cc7fc6ed3b,12000,16,1,180000,0.4188674614046976,1,0.28709671254178365,0.519610581061896,0,1,172800,1.0,-7.023433063196985,-294.1131802716512,5.9901598637995965,32.640497927607484,146.60940037003377,18.208594307157455,0.5,0.0,600.0,6.139985252653097,22.8123086168876,0,1,0
S7_p000_t002_s1888808097,2026-09-29T18:52:00Z,S7,0,2,0,0,eb15c5006f35c9c1c7680f8a8ee4a87e43b1afd555cfe726eb060b2b29219ad8,12000,16,1,180000,0.9963207616413431,1,0.5180085395813735,0.519610581061896,0,1,172800,0.0,-0.06055843614023306,-294.08333018016367,-29.41696229433664,0.05407912904077805,5.753840263407136e-06,7.146154530346394e-07,0.08333333333333333,0.0,600.0,127.52227213194091,5.46523934301063,0,1,0
S7_p000_t003_s1567484507,2026-09-29T18:52:15Z,S7,0,2,0,0,6a6d9cd61a25786bd071504caf8064272e112c06a3230e330e1d482258e8587f,12000,16,1,180000,0.9964727009150164,1,0.5179335686704446,0.5195043430058967,0,1,172800,0.0,-0.05990988155401947,-294.0833318195897,-29.760877835840617,0.04289172495336329,4.479340860148114e-06,5.563251761486754e-07,0.08333333333333333,0.0,600.0,93.42974693881044,6.2451779756108365,0,1,0
S7_p000_t004_s1587104087,2026-09-29T18:52:30Z,S7,0,2,0,0,1944d18e00b495b4b2d743e4b4418818fa2254d663eb6c7d2c3654158919c20b,12000,16,1,180000,0.9964740768807541,1,0.5178822937270705,0.5194035063955749,0,1,172800,0.0,-0.05965443758295301,-294.08333093162946,-29.881489704249216,0.04626734471770924,0.00012419930119219954,1.54253048094688e-05,0.08333333333333333,0.0,600.0,68.12712335572746,5.628748014863984,0,1,0
S7_p001_t000_s1163046826,2026-09-29T18:52:45Z,S7,1,2,0,0,9d32cec4577af62adfc70fc8f7a96fd202bb26902fd172119841039bddb0d1be,12000,16,1,180000,0.994561159407376,1,0.25347895945283716,0.2551217701044732,0,1,172800,0.0,-0.037527845019224244,-294.0833342327611,-27.996689273095292,0.02999694089771822,-7.622820093983926e-05,-9.467390100326156e-06,0.08333333333333333,0.0,600.0,91.69415837963443,6.20160234275167,0,0,0
S7_p001_t001_s641673168,2026-09-29T18:53:00Z,S7,1,2,0,0,d0ca0a313712cb37214bac134cc0a4a454ab18cf5653dd4db6f5773e2c658fce,12000,16,1,180000,0.9945044643136123,1,0.2534957067831716,0.2551217701044732,0,1,172800,0.0,-0.0383533220210142,-294.08333304487195,-27.904200639273448,0.0253803940008794,7.250578495454183e-05,9.005073479784187e-06,0.08333333333333333,0.0,600.0,96.31693650851686,5.644724304590573,0,0,0
S7_p001_t002_s1425528308,2026-09-29T18:53:15Z,S7,1,2,0,0,2de5b0bc065c150f5cc9657d0c635c8cad51ba0068041f0edff0fe0b4eaac1ab,12000,16,1,180000,0.994171821992542,1,0.2539641447586369,0.25459545097861797,0,1,172800,0.0,-0.04003100869425849,-294.0833338499403,-28.037223457644018,0.027340904943649068,-0.00026524856287186445,-3.2943341011559824e-05,0.08333333333333333,0.0,600.0,70.43047776286961,6.38034015017921,0,0,0
S7_p001_t003_s961284984,2026-09-29T18:53:30Z,S7,1,2,0,0,c3dc5755a0f8422477b369691925b05bea91042ffb7aa34b7a312f763a9cc84b,12000,16,1,180000,0.994751649939137,1,0.2537405225461028,0.2545954509786179,0,1,172800,0.0,-0.037320929803803624,-294.0833335451571,-28.186777940703806,0.01857069529422391,-2.7977836647804737e-05,-3.4747913559840526e-06,0.08333333333333333,0.0,600.0,34.764572718357506,5.866786053205591,0,0,0
S7_p001_t004_s990723452,2026-09-29T18:53:45Z,S7,1,2,0,0,0b7e5c68d67ea6b5e4609e7fa3e85a14b253edca2d63b12ac15143ed97211aa7,12000,16,1,180000,0.9947018925725304,1,0.2530787799603815,0.2538033491403863,0,1,172800,0.0,-0.03918416794502135,-294.08333306029516,-28.091911952698297,0.0262031740946614,-4.637183937321939e-05,-5.759289706475101e-06,0.08333333333333333,0.0,600.0,48.72083771005311,6.192450901005824,0,0,0
S7_p002_t000_s98455044,2026-09-29T18:54:00Z,S7,2,3,0,0,ec30ce96cfcb0af1d753587fe583b55ea8cb9dc1829e8a1bfed66ecacdbe614a,12000,16,1,180000,0.8663793220861853,1,0.544849202574622,0.6209508036808066,0,1,172800,0.0,-1.0281800204029006,-282.65072689155085,-6.064813323042823,16.312383728156853,0.6215176416798475,0.07719124806135369,10.416666666666666,0.0,600.0,42.68777924764741,41.178769313328914,0,1,0
S7_p002_t001_s1384128433,2026-09-29T18:54:15Z,S7,2,3,0,0,86619354fbd91842dfed778d0057eb68195a42aaeb1bd28729e7c194bf46473f,12000,16,1,180000,0.9621421262795055,1,0.613813140431298,0.6209508036808066,0,1,172800,0.0,-0.07602816817672285,-282.6490811943992,-25.944403898567053,0.051238665793234904,-0.06581274821143102,-0.00817381170236331,0.08333333333333333,0.0,600.0,38.39708789184966,14.710734274836101,0,1,0
S7_p002_t002_s1361330484,2026-09-29T18:54:30Z,S7,2,3,0,0,6b6a486a6187eab653ce50720a6d9bfc17880e34f8f3b10cfbc01eb5d2c02adf,12000,16,1,180000,0.9621378299364648,1,0.6123305050941149,0.6197701897798836,0,1,172800,0.0,-0.07634099619729548,-282.649078997747,-25.87566654319248,0.04547687009896224,-0.06786805367127238,-0.008429076529864687,0.08333333333333333,0.0,600.0,52.24821249268455,14.729702713467558,0,1,0
S7_p002_t003_s1078092554,2026-09-29T18:54:45Z,S7,2,3,0,0,13267b42295fac29b4b65a8004d57d8d0dbd785b57c7729d2679991a8451b9a3,12000,16,1,180000,0.9622911562822158,1,0.6136774229375949,0.6200506262983498,0,1,172800,0.0,-0.07586195795728773,-282.6490772140569,-25.851008023717938,0.04772116227608091,-0.06691390661173774,-0.008310573373364605,0.08333333333333333,0.0,600.0,48.64619469801285,14.769719982465917,0,1,0
S7_p002_t004_s924921264,2026-09-29T18:55:00Z,S7,2,3,0,0,e0c977cfa976c9c4953d52ebfcae8370673889eac505f58f403f0ef738bfd45e,12000,16,1,180000,0.9620604170546326,1,0.6138157104970768,0.6200506262983498,0,1,172800,0.0,-0.07642603465994868,-282.64909183873596,-25.821020950142422,0.043892926534952206,-0.06887084118819849,-0.008553620733891876,0.08333333333333333,0.0,600.0,57.66613948902492,14.735113860764976,0,1,0
S7_p003_t000_s763598906,2026-09-29T18:55:15Z,S7,3,2,0,0,dfd3af6bd6a5a1d31d398dab9ca0988da9c3517f9b5d37726118dc0348e1bc38,12000,16,1,180000,0.9575425038983267,1,0.515843822629774,0.5209269121406312,0,1,172800,0.0,-0.072256458000757,-282.6494748037021,-24.50989525841011,0.04242739740837374,-0.05436036064634276,-0.006751448071554478,0.08333333333333333,0.0,600.0,56.81251641707039,14.844908000928086,0,1,0
S7_p003_t001_s1480126732,2026-09-29T18:55:30Z,S7,3,2,0,0,3cde0916d23207cec8aa8c29f4901209a71891176a5402e3e375b25489cb27d0,12000,16,1,180000,0.9575718842870282,1,0.5177700771777584,0.5209269121406312,0,1,172800,0.0,-0.07163308073977,-282.64946957292466,-24.630753698768668,0.04591243435474409,-0.05541388311011156,-0.006882293454509636,0.08333333333333333,0.0,600.0,28.861502717011867,15.128885393378313,0,1,0
S7_p003_t002_s348040279,2026-09-29T18:55:45Z,S7,3,2,0,0,5d683a04c59c1cc8247a3452b34173d472c46bfea6d680c228f6a20ad180c9d6,12000,16,1,180000,0.9574111594247126,1,0.5173648560409171,0.5206966482409549,0,1,172800,0.0,-0.07220429667164413,-282.6494927201711,-24.61882556016032,0.04692482920304143,-0.0534812369405038,-0.006642262665536691,0.08333333333333333,0.0,600.0,18.72943936351314,14.96094896320351,0,1,0
S7_p003_t003_s750677479,2026-09-29T18:56:00Z,S7,3,2,0,0,01b6e2dd1e1a4cd1cb4dda1c0755b6eab0c317ead83d5a6592aeec2624a991a0,12000,16,1,180000,0.9573023225962966,1,0.5144690547729709,0.5184811033296005,0,1,172800,0.0,-0.07336789165249649,-282.6494947723253,-24.526740469633044,0.04565113396911929,-0.054335525234059046,-0.006748363563019666,0.08333333333333333,0.0,600.0,44.68267937050307,14.923215485325962,0,1,0
S7_p003_t004_s258894362,2026-09-29T18:56:15Z,S7,3,2,0,0,1cd822eab6175e9830dbd21acb9c5095c80333ed5542d9a10f7f0cd47ab6c2bc,12000,16,1,180000,0.9577127984254753,1,0.5155499581123674,0.5184811033296005,0,1,172800,0.0,-0.07239545956398379,-282.64946418994504,-24.705143631405623,0.026098572276112307,-0.05432475934554825,-0.006747026461198402,0.08333333333333333,0.0,600.0,15.518331991023437,15.070135725444388,0,1,0
S7_p004_t000_s139254338,2026-09-29T18:56:45Z,S7,4,2,0,0,261df437e1e600eb2e62a1f2d20500916623d419a7903367471abe544a9af967,12000,16,1,180000,0.9588910179593437,1,0.5168029735442184,0.5248937613908201,0,1,172800,0.0,-0.0708564027300413,-343.9827980964831,-24.68094455841721,0.037414682049966716,-0.056109956449210796,-0.006968744371079083,0.08333333333333333,0.0,600.0,31.235984860114318,14.246531363235757,0,1,0
S7_p004_t001_s1221387494,2026-09-29T18:57:00Z,S7,4,2,0,0,cf8e6dcb7d4be2b783b8509ef504812ccdccf329d55c954eb5f8917caf722c75,12000,16,1,180000,0.9584658469897832,1,0.5191040930691994,0.5248937613908201,0,1,172800,0.0,-0.0724479286567866,-343.9828103899442,-24.497920080541885,0.04063222870973304,-0.05716329658637946,-0.0070995671094351565,0.08333333333333333,0.0,600.0,57.44438962447001,14.595662078143597,0,1,0
S7_p004_t002_s1203773898,2026-09-29T18:57:15Z,S7,4,2,0,0,24b3ccf741c2ab6cc900e61474c542b38725d7dbc8731d19e69eeb1c0c35d480,12000,16,1,180000,0.6939282688895912,1,0.4882867117373627,0.5252303196234194,0,1,172800,1.0,-2.9966177339855897,-343.98518525914244,-0.14379658562083694,48.56878728384945,761.6161566750259,94.59120342672486,5.083333333333333,0.0,600.0,8.263855349838343,15.001491663706476,0,1,0
S7_p004_t003_s43333996,2026-09-29T18:57:30Z,S7,4,2,0,0,fc97e809beb14289a0f1c0695b13df2b442f2eca85b24fec014bbb20febbcd71,12000,16,1,180000,0.9583506458179409,1,0.5206699949562166,0.5252303196234194,0,1,172800,0.0,-0.07194292104407472,-336.10053057838496,-24.428205735149753,0.034355174467564406,0.05676611479159455,0.00705023792488646,0.08333333333333333,0.0,600.0,77.65410170074307,14.223368700359044,0,1,0
S7_p004_t004_s1033654550,2026-09-29T18:57:45Z,S7,4,2,0,0,8c4d5ea3ff8c5706ef1a3a910256decc7f14b2b700dd077ec9d12e66da79665c,12000,16,1,180000,0.9585780273033471,1,0.5185273486367502,0.523848509483097,0,1,172800,0.0,-0.07190709274453759,-336.1005630584641,-24.600056207959877,0.052880542345736935,0.060245402122112504,0.007482358452762128,0.08333333333333333,0.0,600.0,43.66038000916404,14.287422648508317,0,1,0
S7_p005_t000_s600798252,2026-09-29T18:58:00Z,S7,5,2,0,0,64d56820a67e7a76084f1e029cf9ac8d573eeeea2d3832aece2be5cfcc4b2828,12000,16,1,180000,0.9579656210185052,1,0.5094927596503251,0.5145159131504455,0,1,172800,0.0,-0.06925702989183802,-336.10050225004613,-24.498184846165,0.04006129086026261,0.06441902134861628,0.008000713613455446,0.08333333333333333,0.0,600.0,46.90632298959429,15.13631089607729,0,1,0
S7_p005_t001_s1358512429,2026-09-29T18:58:15Z,S7,5,2,0,0,7fbe5becae47106c8ef01e53b47e2b2eadaa828f82c2f5c291c2780034d134b8,12000,16,1,180000,0.9578254326948841,1,0.5105614758068447,0.5145159131504456,0,1,172800,0.0,-0.06843241479039694,-336.10048799124945,-24.348090587573562,0.040084720939914914,0.058826914017428136,0.007306185067136539,0.08333333333333333,0.0,600.0,68.1087939813348,15.101813475890978,0,1,0
S7_p005_t002_s475029750,2026-09-29T18:58:30Z,S7,5,2,0,0,16c377e17f171a84dc86b738e3a76d47745ba8182b05c2985fe1af8e10661310,12000,16,1,180000,0.957863393327379,1,0.5105984912542588,0.515820579951814,0,1,172800,0.0,-0.06967610446740437,-336.1004757225813,-24.42772778304426,0.04511321292951695,0.06623286258141468,0.008225989066886541,0.08333333333333333,0.0,600.0,39.81739684990776,15.399545858653944,0,1,0
S7_p005_t003_s686156291,2026-09-29T18:58:45Z,S7,5,2,0,0,dab50d0c07823ecff5acd4cbab86f43893437e4005a92f8a1a129a3eb265014a,12000,16,1,180000,0.9579636881245529,1,0.510328030235663,0.515820579951814,0,1,172800,0.0,-0.06951480760662722,-336.1004996333468,-24.523035960049747,0.03509513017499141,0.06191926253604206,0.007690248568451352,0.08333333333333333,0.0,600.0,39.410816518567124,15.38095943361384,0,1,0
S7_p005_t004_s1322737522,2026-09-29T18:59:00Z,S7,5,2,0,0,97902a7bd1cf14e4af0df649c7fb132fe51764ce5d65575f8c1e91f11260214b,12000,16,1,180000,0.9580449081126057,1,0.5069188486711205,0.5155979631963823,0,1,172800,0.0,-0.06723734809009138,-336.1005108466973,-24.47582947476617,0.04501266582485348,0.06359094807659037,0.00789786856921637,0.08333333333333333,0.0,600.0,56.72969116987473,15.073477076258854,0,1,0
S7_p006_t000_s1641734052,2026-09-29T18:59:15Z,S7,6,2,0,0,98dce6351768ba8793cd513a1096c3ac73270bf71b3b29d915382f1c11e50398,12000,16,1,180000,0.9586458291939438,1,0.5295323003565745,0.531623992137858,0,1,172800,0.0,-0.06512941256678587,-336.10056613805807,-24.73159030917783,0.0320423436065639,0.06546343581222396,0.00813042780100659,0.16666666666666666,0.0,600.0,43.00158559438339,15.088378079354882,0,1,0
S7_p006_t001_s67837340,2026-09-29T18:59:30Z,S7,6,2,0,0,64213c506d8720c55d34cecfaea4847717ee71f91dd2f86f3335350d9dc0adbb,12000,16,1,180000,0.9587036667459689,1,0.5289400073396919,0.531623992137858,0,1,172800,0.0,-0.06431154134148967,-336.100577437046,-24.69444537837708,0.040946566013744114,0.055612875462147354,0.006907007906647777,0.08333333333333333,0.0,600.0,55.36760714124079,15.108578245750564,0,1,0
S7_p006_t002_s1202997263,2026-09-29T18:59:45Z,S7,6,2,0,0,997f021e1e8ea8d1f24826f3cd4f71785ae9ca49f6e7a3b9bf8a068e231d926f,12000,16,1,180000,0.9588950123426636,1,0.5273311805370935,0.5302036272884406,0,1,172800,0.0,-0.06448426637143785,-336.1005780860887,-24.759064197312334,0.03899453618130427,0.06003714749750471,0.00745649364489509,0.08333333333333333,0.0,600.0,40.69606225256179,15.099054661083544,0,1,0
S7_p006_t003_s902359725,2026-09-29T19:00:00Z,S7,6,2,0,0,23f2583fd3db41c0fd1055e6312fc767d1e643eee9fbf3908e1b2dfaab3bcb37,12000,16,1,180000,0.9585190483257292,1,0.5261926580870998,0.5299111188707443,0,1,172800,0.0,-0.06419138416859517,-336.10056579745833,-24.758248190468,0.0394133397110389,0.06093948716539822,0.007568562426968128,0.08333333333333333,0.0,600.0,28.73727061936721,14.633607575862179,0,1,0
S7_p006_t004_s291698731,2026-09-29T19:00:15Z,S7,6,2,0,0,e10c97170a02dd59064335d5fa7272373f2ce89227040c667995eaef4e7bab4b,12000,16,1,180000,0.9585568609199189,1,0.523438085000564,0.5298739916717151,0,1,172800,0.0,-0.06487530357355945,-336.1005752380127,-24.799333243305796,0.039489218444780344,0.06346026741187046,0.007881638292019488,0.08333333333333333,0.0,600.0,24.48221977179776,14.75333051398389,0,1,0
S7_p007_t000_s526185734,2026-09-29T19:00:30Z,S7,7,2,0,0,7d0e44cb617b881b1050aa4024bda69bc3180ca2b948707b20182788e7ebb6ae,12000,16,1,180000,0.6660979025126252,1,0.3912976590103269,0.5220729717626843,0,1,172800,0.0,-3.1922303264262544,-336.10211447119457,0.27698572470740707,43.87777432853039,1022.627559315731,127.00829761189516,4.583333333333333,0.0,600.0,10.848484690665687,28.566528289963095,0,1,0
S7_p007_t001_s318655740,2026-09-29T19:00:45Z,S7,7,2,0,0,0d793eb376f46715b0a600e9375bccc7771e46f4c7bfa3d4d11f52f5efd2dfe0,12000,16,1,180000,0.9578414939777607,1,0.5170279274009346,0.5220729717626843,0,1,172800,0.0,-0.05389643575331144,-325.51719832979626,-24.563439375962037,0.02801968550192619,0.05505944939338391,0.006838273495759495,0.08333333333333333,0.0,600.0,45.115385710793944,14.139276314514944,0,1,0
S7_p007_t002_s1737849473,2026-09-29T19:01:00Z,S7,7,2,0,0,2dc04b1527905b54ce6366b5a160e6d439a141922e9550b3f4e81c6943afdfd4,12000,16,1,180000,0.9579355349690781,1,0.5154499143551075,0.5196156555619112,0,1,172800,0.0,-0.055655529126906175,-325.5172134849108,-24.546402278275927,0.02103171782932851,0.05770651132201564,0.0071670332931716985,0.08333333333333333,0.0,600.0,57.585805334768544,13.990911402205207,0,1,0
S7_p007_t003_s438300082,2026-09-29T19:01:15Z,S7,7,2,0,0,b91601f83d5572764b716598b94215ee18cfea5647ead17722a8312ac6704693,12000,16,1,180000,0.9578616688177414,1,0.5158718999375003,0.5232371159668855,0,1,172800,0.0,-0.05510535438167544,-325.51720457207983,-24.616599750705554,0.026211442607160722,0.06248130319980703,0.0077600528948096326,0.08333333333333333,0.0,600.0,35.9441558956987,14.245853651774818,0,1,0
S7_p007_t004_s994742111,2026-09-29T19:01:30Z,S7,7,2,0,0,549dbad540f227789e6741e88c91f4a74b55715b2900eb271fa271fcc6e16b3d,12000,16,1,180000,0.9578683550191588,1,0.5168062557919122,0.5232371159668855,0,1,172800,0.0,-0.05495981667542719,-325.51719567593864,-24.373558695785306,0.016533363346179473,0.05933238579575168,0.007368963651060767,0.08333333333333333,0.0,600.0,74.93963504529577,14.242803307690426,0,1,0
S7_p008_t000_s434073307,2026-09-29T19:02:00Z,S7,8,2,0,0,86bba4587c1c8ab7c95a9c87ed909d4117c90ac5d8ac44e13cff8e7c2c62cbff,12000,16,1,180000,0.9583021849127993,1,0.5187937952624976,0.5191450223152942,0,1,172800,0.0,-0.07027255578122701,-335.5171945995656,-24.636811496760163,0.035275505491052704,0.057779296378332796,0.007176073051596177,0.08333333333333333,0.0,600.0,35.36251835650168,14.717312461384735,0,1,0
S7_p008_t001_s1584181983,2026-09-29T19:02:15Z,S7,8,2,0,0,c225131af728aaef602db50357b6ebf447c08d2223294f3d5ed18f32d46b64f2,12000,16,1,180000,0.9582354625408079,1,0.5167969357728548,0.5191450223152942,0,1,172800,0.0,-0.07098990713982416,-335.5171726883794,-24.504410783500347,0.03307005872718962,0.059702125749276816,0.007414884613808681,0.08333333333333333,0.0,600.0,49.52100281599656,14.875889798524513,0,1,0
S7_p008_t002_s69311790,2026-09-29T19:02:30Z,S7,8,2,0,0,a9793c589ffa0d8493064aef9724d9c4c6e8d5d7ab4de2489a97b75957686207,12000,16,1,180000,0.9583042068768112,1,0.5168636461394455,0.5175979408315418,0,1,172800,0.0,-0.07011564746061896,-335.5171864224794,-24.61166792086521,0.043985480403107666,0.04928980961617114,0.006121695774709224,0.08333333333333333,0.0,600.0,34.609908527189916,14.669942671682568,0,1,0
S7_p008_t003_s449200011,2026-09-29T19:02:45Z,S7,8,2,0,0,388059406f7a8c96a70e5625bd6b90efbb83cf90a4f1938479264b13c41abd7e,12000,16,1,180000,0.9585857466552514,1,0.5183618754882936,0.5213817679223924,0,1,172800,0.0,-0.06894730058589463,-335.51720230093144,-24.64394139552169,0.03372289035550256,0.05219369929235405,0.006482353064711788,0.08333333333333333,0.0,600.0,36.79581776953528,14.555319473695093,0,1,0
S7_p008_t004_s63363653,2026-09-29T19:03:00Z,S7,8,2,0,0,091bec8f39f1c749cfd87638bc25e75d596585a8ada65116cb02be5c9e79d8ca,12000,16,1,180000,0.9585401286824924,1,0.516157438903089,0.5213817679223924,0,1,172800,0.0,-0.06958147587976511,-335.5172005536703,-24.67252842911464,0.030619192616684006,0.046117511304463,0.0057277026689916966,0.08333333333333333,0.0,600.0,29.4724974156243,14.377241173891889,0,1,0
S7_p009_t000_s244638474,2026-09-29T19:03:15Z,S7,9,2,0,0,508837b3c43066dd0ce4f0e27d452a927c14751731c2fe30745a607b6b188205,12000,16,1,180000,0.9582385297517221,1,0.516554946713471,0.5185299109364768,0,1,172800,0.0,-0.06895915656708498,-335.5171799089482,-24.62166448127971,0.024684691872593655,0.02989025517573885,0.003712309912316414,0.08333333333333333,0.0,600.0,20.531258939228568,14.403774543723888,0,1,0
S7_p009_t001_s1024747382,2026-09-29T19:03:30Z,S7,9,2,0,0,cb5c6c5232405e133e67a55df459b0ab1ee5e875cfac63f494db46bf9bf7e7e1,12000,16,1,180000,0.9584039006452002,1,0.5191534244281827,0.5193471255338729,0,1,172800,0.0,-0.07001871586676403,-335.5171922526066,-24.63548605612879,0.04070522229110086,0.029989691949885162,0.0037246597607918375,0.08333333333333333,0.0,600.0,30.446009001471964,14.298026587530252,0,1,0
S7_p009_t002_s1710014650,2026-09-29T19:03:45Z,S7,9,2,0,0,4befdfc5a5b7f7cbe93f2a74cc9d2a80d90818aab79e883e3a7b5f975cf66c6c,12000,16,1,180000,0.7528094805862476,1,0.41252694368264675,0.5193471255338729,0,1,172800,0.0,-2.1627017938054927,-335.51738084567415,-2.046779067260334,30.242179145286947,982.3122045278702,122.00121117795243,7.75,0.0,600.0,20.025437046217153,34.24289380395028,0,1,0
S7_p009_t003_s884232894,2026-09-29T19:04:00Z,S7,9,2,0,0,f8f68b8c891118237c2c71d358ffc0a70431c54ac8a905f6cda129b5fb475448,12000,16,1,180000,0.9581862760403475,1,0.5157984064194323,0.5185942515513206,0,1,172800,0.0,-0.06950962346611617,-325.3505158862323,-24.60892201761659,0.03504274201689575,0.03372487068002564,0.0041885614887178235,0.08333333333333333,0.0,600.0,39.60917193569747,14.45911493767164,0,1,0
S7_p009_t004_s381684354,2026-09-29T19:04:15Z,S7,9,2,0,0,afde2ace41c057a4991b725d05f3f7119c881e9b8f10da24ee7644531da8a89e,12000,16,1,180000,0.9579985017116682,1,0.5155840207596664,0.5157235389015721,0,1,172800,0.0,-0.06822526840386853,-325.3504930074935,-24.541741732681068,0.03405780925569601,0.030312647881284276,0.003764770241559745,0.08333333333333333,0.0,600.0,36.514192297325614,14.37357717071454,0,1,0
S7_p010_t000_s1725325771,2026-09-29T19:04:30Z,S7,10,2,0,0,e21b47a96158f6639658ab7aab59f5a206d8786aa55e7c4490d8c06d35fa370a,12000,16,1,180000,0.9584549407706059,1,0.5239667921089223,0.5242532269908602,0,1,172800,0.0,-0.07116256428606864,-325.35055237201357,-24.720041788287904,0.021893829617769513,0.003879436648529601,0.0004818182728740794,0.08333333333333333,0.0,600.0,26.659752753337784,14.674629386776694,0,1,0
S7_p010_t001_s225898935,2026-09-29T19:04:45Z,S7,10,2,0,0,bed0202648e72ca9011b8ff0d2c8c32ddee24155ad5540b030f7c7c5ca32ff4a,12000,16,1,180000,0.9586564869548073,1,0.5254570603603647,0.5272178306604747,0,1,172800,0.0,-0.07036779164777596,-325.35054551732355,-24.65036588413885,0.019807606263654756,0.0018439715749023206,0.00022901758165971842,0.08333333333333333,0.0,600.0,51.03690171428048,14.610370210737816,0,1,0
S7_p010_t002_s121109330,2026-09-29T19:05:00Z,S7,10,2,0,0,23342cc181fba091bca3ccad931eebec788e9d423b8181a2833f7a7a7e383963,12000,16,1,180000,0.9586935542375234,1,0.5290646461627665,0.5282837824331416,0,1,172800,0.0,-0.06957777446024561,-325.35057989659134,-24.792565804723896,0.02146379476481204,0.005150801873056776,0.0006397192910299054,0.08333333333333333,0.0,600.0,29.240337462642174,14.744877585031496,0,1,0
S7_p010_t003_s1579862089,2026-09-29T19:05:15Z,S7,10,2,0,0,25cf591195ba2ba9432795ec2d4cd52cc534ebe5fa8b91b458f14ed270047b6a,12000,16,1,180000,0.958724677692354,1,0.5260542120667394,0.5282837824331416,0,1,172800,0.0,-0.0701173018307998,-325.3505605146638,-24.759182450149115,0.014581129079889624,0.007531623774767984,0.0009354126095786341,0.08333333333333333,0.0,600.0,36.33479976361226,14.758578222487962,0,1,0
S7_p010_t004_s535444324,2026-09-29T19:05:30Z,S7,10,2,0,0,0cb3a2afd92b3c3d349dbd580abef567a0a6bd92349724f61d70af8613ad23db,12000,16,1,180000,0.9586821360718247,1,0.5264457345925387,0.5279076612815669,0,1,172800,0.0,-0.07019140340333699,-325.35056190072044,-24.782798531574212,0.013429078579664381,0.007203378024961893,0.0008946451439442171,0.08333333333333333,0.0,600.0,14.537581828820601,14.71147019650234,0,1,0
S7_p011_t000_s204855309,2026-09-29T19:05:45Z,S7,11,2,0,0,4a6c1d404b2d158b3ceed85475651f16a7d39b1cbfc9946287fc2ea5cd89d64c,12000,16,1,180000,0.9550050021165328,1,0.44556527445772603,0.45231929108613933,0,1,172800,0.0,-0.06618191657715998,-325.3502690357976,-23.775901185874893,0.03273982483324033,0.048930870877027126,0.006077116301185015,0.08333333333333333,0.0,600.0,46.211397251859474,13.434583882987345,0,0,0
S7_p011_t001_s469311326,2026-09-29T19:06:00Z,S7,11,2,0,0,504b860c2d5e3de7a135c5903db9f93e4091157706cf4c3ae2a9e757d7ae71a1,12000,16,1,180000,0.9547151044141677,1,0.44790175346364486,0.45231929108613933,0,1,172800,0.0,-0.06790913933377171,-325.3502533857154,-23.81998695397271,0.03006937251596396,0.04665055362108362,0.005793905458631343,0.08333333333333333,0.0,600.0,10.85270005540902,13.277913526936763,0,0,0
S7_p011_t002_s1591257218,2026-09-29T19:06:15Z,S7,11,2,0,0,c0f993c1f9407eda26a8d817ccc33c4f8c224b36e726ef338edc8df2e2f3e4f3,12000,16,1,180000,0.9548704324494645,1,0.44675990157935813,0.4518750769272966,0,1,172800,0.0,-0.06857579002186695,-325.35026685641185,-23.807398727819532,0.039231353062185066,0.04873588083845075,0.0060528989283739065,0.08333333333333333,0.0,600.0,27.705202935018328,13.477429165562267,0,0,0
S7_p011_t003_s912460123,2026-09-29T19:06:30Z,S7,11,2,0,0,1d7226f1c33b910116db8987d53074d9f761698affe3cb24b6f3c0ab55806bf8,12000,16,1,180000,0.9546182930244101,1,0.4470531315220572,0.45187507692729667,0,1,172800,0.0,-0.06820561270240545,-325.3502697817209,-23.854173174790084,0.027100994760469968,0.051239749538496616,0.006363874413182202,0.08333333333333333,0.0,600.0,11.182498285410004,13.377384997573763,0,0,0
S7_p011_t004_s1430561939,2026-09-29T19:06:45Z,S7,11,2,0,0,1798201f6573e007ee20a07f80a9769331a7ba421f1350302efa261337d9b34d,12000,16,1,180000,0.9548179353004151,1,0.4463866366847011,0.4515977985426414,0,1,172800,0.0,-0.06695440340956092,-325.3502685347673,-23.8163207594448,0.03598720640418311,0.052125037865008446,0.0064738254527583194,0.08333333333333333,0.0,600.0,27.14802309201772,13.406000764172486,0,0,0
S7_p012_t000_s516013663,2026-09-29T19:07:15Z,S7,12,2,0,0,92ecf50528e1cebe9a8ff8017a901ee0dbac7ab77810fbb25cedf468cd348c55,12000,16,1,180000,0.5474773803951596,1,0.26106982797883577,0.40891764220161214,0,1,172800,0.0,-5.200973777000421,-325.3294085281632,3.5662568664669525,50.61193179240726,969.4259530048587,120.40076451129744,3.9166666666666665,0.0,600.0,8.372497638979956,22.735917308068593,0,0,0
S7_p012_t001_s603633460,2026-09-29T19:07:30Z,S7,12,2,0,0,3a38c22adb74af8231a8db2692cf152cce43ca22c86e4e3bcb1cee8f0d4048ad,12000,16,1,180000,0.9528986342087559,1,0.40567663090839085,0.40980042810956596,0,1,172800,0.0,-0.06683409149214777,-325.31654630120886,-23.330640555551806,0.02964036296361876,-0.044974030490387305,-0.005585684638845123,0.08333333333333333,0.0,600.0,40.38808090242366,12.73125133159009,0,0,0
S7_p012_t002_s71905326,2026-09-29T19:07:45Z,S7,12,2,0,0,9f4e010bd53d656392782537292cb73186b281ed7b9e5aa146e9395fa1c887e8,12000,16,1,180000,0.953222680277331,1,0.40691398652430316,0.41032089237967717,0,1,172800,0.0,-0.06732325868532092,-325.31650353152816,-23.478123286410742,0.0294612262141761,-0.0474234608233157,-0.005889898987334163,0.08333333333333333,0.0,600.0,27.13523403770382,12.556520336768205,0,0,0
S7_p012_t003_s1310018168,2026-09-29T19:08:00Z,S7,12,2,0,0,0fb3542c34f5e8e27c479769ecfc0570bfedd65fc1a3244d5e13b2d07842ef8c,12000,16,1,180000,0.9531541107190655,1,0.4073697835003657,0.4115563588735712,0,1,172800,0.0,-0.06824578487746809,-325.31651246766586,-23.37898383504832,0.034928187983399986,-0.048250049526373934,-0.00599255965107659,0.08333333333333333,0.0,600.0,45.403299034920906,12.679232286763247,0,0,0
S7_p012_t004_s1348406889,2026-09-29T19:08:15Z,S7,12,2,0,0,1d7543ec6c129d6ee7c3ec8482e0f1f380b70bf2820addcb70569056b3446d9f,12000,16,1,180000,0.9531332390061558,1,0.4060065680959991,0.4115563588735712,0,1,172800,0.0,-0.06801898393973926,-325.316504556924,-23.42154383076133,0.03224246238899874,-0.04655468807347018,-0.005781999149348849,0.08333333333333333,0.0,600.0,41.107787310040415,12.83477256977922,0,0,0
S7_p013_t000_s1579884569,2026-09-29T19:08:30Z,S7,13,2,0,0,4850cf71584d78b9cbaa4daa64819ef42d05649e8a8fbb04f7c196e4c0446b40,12000,16,1,180000,0.9516296699950487,1,0.3720800661520109,0.3758831749902286,0,1,172800,0.0,-0.06734722112455915,-325.3166244533131,-23.063096679144817,0.051774556407775826,-0.04479023704645532,-0.005562857860695658,0.08333333333333333,0.0,600.0,48.74292166384226,12.338064306165062,0,0,0
S7_p013_t001_s1427301707,2026-09-29T19:08:45Z,S7,13,2,0,0,a2021e880106b7e2246aac2736115cd3035d7310f30425cbcc788c7a9ef5db4e,12000,16,1,180000,0.9514996111647664,1,0.37254168503397256,0.3761492632807654,0,1,172800,0.0,-0.06857295397095013,-325.3166193280571,-23.110061230362604,0.03436837612574462,-0.0407466706412883,-0.005060655000306724,0.08333333333333333,0.0,600.0,29.136176368701868,12.450318674845951,0,0,0
S7_p013_t002_s773490239,2026-09-29T19:09:00Z,S7,13,2,0,0,e1f8706d8b9b0557fc243e562ce9a27be559be27dbd17a6f966c980f6a38372e,12000,16,1,180000,0.9512144950904314,1,0.3716579460070798,0.37614926328076553,0,1,172800,0.0,-0.06606201561439184,-325.3166393140279,-23.00086369622662,0.0221071680835319,-0.04140651025937139,-0.005142605761193408,0.08333333333333333,0.0,600.0,44.91281916880222,12.50559779472971,0,0,0
S7_p013_t003_s811508310,2026-09-29T19:09:15Z,S7,13,2,0,0,e621aa453552af46feadd103e4122dd29a616d8cd53776190d4e53ced94bfd79,12000,16,1,180000,0.9513756526542657,1,0.36947673708418577,0.37662107669554673,0,1,172800,0.0,-0.06665575194968357,-325.3166309305549,-23.074193244415614,0.034654947981004144,-0.040348768074991256,-0.0050112362973777635,0.08333333333333333,0.0,600.0,28.62661809813617,12.170273710074413,0,0,0
S7_p013_t004_s1152378489,2026-09-29T19:09:30Z,S7,13,2,0,0,8d187ce65a3bd013dd0d39c714e276a236f5f3b0bb90f1585a6b60b0a41923a0,12000,16,1,180000,0.9512600118682086,1,0.4096455003615827,0.418668082892591,0,1,172800,0.0,-0.06754674239107132,-325.31664147646916,-23.005703537433565,0.022892155192479377,-0.04053920318896568,-0.005034887957663159,0.08333333333333333,0.0,600.0,39.080012645234376,12.466203184786567,0,0,0
S7_p014_t000_s169517745,2026-09-29T19:09:45Z,S7,14,2,0,0,eb8bf8363ec620d5ee715921bb3a9c4e564f05b8370e697145a92daccddf4e1d,12000,16,1,180000,0.9588352069656811,1,0.5288706835862115,0.5355012409278291,0,1,172800,0.0,-0.0746281439125787,-325.3160866730747,-24.692042475845373,0.048111096269187234,-0.05737108824729587,-0.007125374418137653,0.08333333333333333,0.0,600.0,59.54110733964101,14.04740421888016,0,1,0
S7_p014_t001_s1958578526,2026-09-29T19:10:00Z,S7,14,2,0,0,bff3046e1fb930691ca23a8b0d765a9cb05c3cfb6087264bdb521e82942dbcd3,12000,16,1,180000,0.9588480933999812,1,0.5289519578749113,0.5355012409278291,0,1,172800,0.0,-0.07315042196514208,-325.31609551368456,-24.761706545019322,0.04815123764883614,-0.0595660533124954,-0.007397984689305304,0.08333333333333333,0.0,600.0,41.07729042063552,14.158474228046561,0,1,0
S7_p014_t002_s300372675,2026-09-29T19:10:15Z,S7,14,2,0,0,98c632c1605172bab2cc5717925221fc6300ec2c9437b4630517e26089f6b8a8,12000,16,1,180000,0.9587187118906202,1,0.5287643923643796,0.5333600952674142,0,1,172800,0.0,-0.07502941533687615,-325.31610842704447,-24.690832924455353,0.04579442086089515,-0.0625400617949094,-0.007767350594804157,0.08333333333333333,0.0,600.0,40.71105511276222,14.148578166741697,0,1,0
S7_p014_t003_s1706399720,2026-09-29T19:10:30Z,S7,14,2,0,0,3877d5076616fd26e8c906b99a6ee8d6db4b7f6dea05abb9266e63514373bf39,12000,16,1,180000,0.7999345207325406,1,0.44526088514605255,0.5339815998564005,0,1,172800,0.0,-1.735232776401035,-317.1526063509622,-3.2814224098574716,38.951771619871295,1.4482398694209564,0.17986849530234394,6.75,0.0,600.0,21.634698907727078,36.00694735559232,0,1,0
S7_p014_t004_s1200012924,2026-09-29T19:10:45Z,S7,14,2,0,0,e7d0b30fe2e8da0f9de6a34aea3a4e62ae9f7e798704deb73533eccf0b7b6d06,12000,16,1,180000,0.9586756668158524,1,0.5257022269944903,0.5339815998564005,0,1,172800,0.0,-0.07418348044876745,-315.48276730263024,-24.763059824488714,0.04439422826875428,-0.059995155249542534,-0.007451278291682684,0.08333333333333333,0.0,600.0,33.31681268196972,14.141702961251283,0,1,0
S7_p015_t000_s1755520088,2026-09-29T19:11:00Z,S7,15,2,0,0,e7d4ef75eed6adc64e2fb26b6c931b2e36acbf6247d2b57664504d4b99f3afcf,12000,16,1,180000,0.9578521735272083,1,0.5162175360046563,0.520557629727911,0,1,172800,0.0,-0.07056957673585387,-315.4828185912841,-24.591165272002268,0.039617318845514074,-0.05823108413673828,-0.007232184187614621,0.08333333333333333,0.0,600.0,28.138759581599516,14.986932305558975,0,1,0
S7_p015_t001_s1047827504,2026-09-29T19:11:15Z,S7,15,2,0,0,7812193ca6a57b2caeeb65ebd896516bf0bbfb7de9772e8d476383c498b57b2c,12000,16,1,180000,0.9581441258823056,1,0.5157109122096525,0.520557629727911,0,1,172800,0.0,-0.07082437650247358,-315.4827908889735,-24.693274857413204,0.039057798040859806,-0.05896611194427117,-0.007323473171254591,0.08333333333333333,0.0,600.0,23.663334541715994,14.842044764582825,0,1,0
S7_p015_t002_s1284285689,2026-09-29T19:11:30Z,S7,15,2,0,0,62259796c4a611b9e19bcad0a64eacd78288ae7b706355d2b3432bc274bba693,12000,16,1,180000,0.9578209456395453,1,0.5132537292164349,0.5186439775608325,0,1,172800,0.0,-0.07027084978430136,-315.48283500651814,-24.56864379402124,0.030438886463451022,-0.056453892663237575,-0.00701146056098878,0.08333333333333333,0.0,600.0,26.41892045440142,14.7404525183172,0,1,0
S7_p015_t003_s734715196,2026-09-29T19:11:45Z,S7,15,2,0,0,8e3be69188dfcc4c5ee3a1f492ea2975bb2e780ead392ccd24156a96219498d3,12000,16,1,180000,0.9579843316558827,1,0.5165509500093829,0.519670351524659,0,1,172800,0.0,-0.071472903482911,-315.48281323225154,-24.583503645159425,0.041573763358171756,-0.05745016134148229,-0.0071351951382894185,0.08333333333333333,0.0,600.0,34.60670849309178,15.180256831223016,0,1,0
S7_p015_t004_s1450783488,2026-09-29T19:12:00Z,S7,15,2,0,0,307d9388d9665b1f3c42565793297dfb3b6aef990d0dfdc0469e209412815e88,12000,16,1,180000,0.9577930724684974,1,0.5153092440011627,0.519670351524659,0,1,172800,0.0,-0.07280330665869951,-315.48282646275703,-24.60883283322385,0.04047759381579477,-0.058006506305478746,-0.007204292070127849,0.08333333333333333,0.0,600.0,27.474156912543283,14.910457138157414,0,1,0
S7_p016_t000_s313172177,2026-09-29T19:12:30Z,S7,16,2,0,0,262d00561271ed677f2e0ccafce1e218ed1e88a48d73f57142f2d01e780f736b,12000,16,1,180000,0.9585846321248953,1,0.5135211774979286,0.5191460956900235,0,1,172800,0.0,-0.07079942672586118,-336.2328050850083,-24.606835765591594,0.04797765173294949,-0.06700801580306721,-0.008322261546709342,0.08333333333333333,0.0,600.0,31.60236877400478,14.1347085946943,0,1,0
S7_p016_t001_s95670008,2026-09-29T19:12:45Z,S7,16,2,0,0,a976439d719870d51d1e5ed6397cb30ed0c5aac884c916642b944b7d5eba3cbc,12000,16,1,180000,0.9582573879125438,1,0.5133458580476106,0.5211593739572735,0,1,172800,0.0,-0.07025459887116733,-336.23281587096426,-24.54011249170097,0.0353581986505065,-0.06577723208743183,-0.008169400670794857,0.08333333333333333,0.0,600.0,47.82835280460995,14.570806111976717,0,1,0
S7_p016_t002_s762227068,2026-09-29T19:13:00Z,S7,16,2,0,0,e63dbbd68a302586040422df60cddfbe4a8ab7920e182fc29f166e491465d64d,12000,16,1,180000,0.9584320228321875,1,0.5163238178138252,0.5211593739572736,0,1,172800,0.0,-0.07073841270579283,-336.23280917232114,-24.556438247784683,0.04368805454910622,-0.06280701772358588,-0.007800505987233919,0.08333333333333333,0.0,600.0,65.27999144059612,14.165667470330202,0,1,0
S7_p016_t003_s804352794,2026-09-29T19:13:15Z,S7,16,2,0,0,b1ad709ebe900885e5291089496fc8c8ceac0c396d64844db93dace89e36a008,12000,16,1,180000,0.9584809818747158,1,0.5147732028902615,0.5214470255829986,0,1,172800,0.0,-0.07000668222501344,-336.2328050904265,-24.667582669656714,0.026614790357448754,-0.06659433209622503,-0.008270882857686956,0.08333333333333333,0.0,600.0,22.501355837830964,14.438327585924544,0,1,0
S7_p016_t004_s1354763437,2026-09-29T19:13:30Z,S7,16,2,0,0,51411cb60d261d7c29d03296c67a7ed816b4579b58d1546197599a09171cfc45,12000,16,1,180000,0.9583704334539488,1,0.5168811159296794,0.5214470255829986,0,1,172800,0.0,-0.07137506230637787,-336.2328078020631,-24.480646968553618,0.03986955754010048,-0.06042720093588648,-0.007504937501835229,0.08333333333333333,0.0,600.0,52.39712167773473,14.350992499761697,0,1,0
S7_p017_t000_s1440417717,2026-09-29T19:13:45Z,S7,17,2,0,0,79cdcb66f58661d19281f8279b4ab5a43511165dcba9b6b08378d36b4ab9170a,12000,16,1,180000,0.6287186509832987,1,0.3900546923265361,0.5129358880074271,0,1,172800,0.0,-3.344158822688874,-336.2205260959885,0.5404048296733079,45.49486204668447,777.7162864989574,96.59080735059752,3.833333333333333,0.0,600.0,11.770739941003043,27.332420821025806,0,1,0
S7_p017_t001_s1958295760,2026-09-29T19:14:00Z,S7,17,2,0,0,8cee12cf55f229260b8054b350c78d291cc02a26b9bdd7e27a18dcb5f3dd5b6a,12000,16,1,180000,0.9578104837499392,1,0.5108950313790401,0.5153969240471419,0,1,172800,0.0,-0.07006658804434499,-328.1838327555888,-24.294082211862627,0.056247582286272364,0.05407067725440047,0.00671546997364203,0.08333333333333333,0.0,600.0,71.19055186299059,15.211285359260566,0,1,0
S7_p017_t002_s1141094124,2026-09-29T19:14:15Z,S7,17,2,0,0,6e3e83e90d99b26047964f0e70107779cd0ba2d111b57d8bfc7e6e1ae61b2b45,12000,16,1,180000,0.958132789718555,1,0.5097549532624386,0.5167923516845173,0,1,172800,0.0,-0.06891417664511017,-328.1838623854158,-24.433898960966612,0.04287415544155823,0.05229511617526515,0.006494948838735581,0.08333333333333333,0.0,600.0,65.30925193497261,15.346245968568908,0,1,0
S7_p017_t003_s678609270,2026-09-29T19:14:30Z,S7,17,2,0,0,77abfdbf8a03ae9ef8710b8db87056fd2f1449a84a6afecf08d6b53f02fb3e7f,12000,16,1,180000,0.9579681368286369,1,0.509657667865591,0.5167923516845172,0,1,172800,0.0,-0.06802882187732394,-328.1838349701078,-24.450966191925623,0.03803042501860933,0.05183328313875629,0.006437590099267254,0.08333333333333333,0.0,600.0,48.87295555514302,15.175879856249281,0,1,0
S7_p017_t004_s2097649527,2026-09-29T19:14:45Z,S7,17,2,0,0,9ef01b0ba64be3e80886cfce0bb3cb67c046efd514c64421170a71dc1af25668,12000,16,1,180000,0.9134342512340619,1,0.5090960613885126,0.516102839019976,0,1,172800,0.0,-0.493810173580604,-328.18385559771986,-9.736708213085057,57.35300648684807,0.051842149738147346,0.006438691313178424,6.166666666666667,0.0,600.0,53.13826319059033,26.270721803023985,0,1,0
S7_p018_t000_s54616312,2026-09-29T19:15:00Z,S7,18,2,0,0,e90fb15faf1652db6fad4dfe9fa89889f6bdb087b647fc928e168980042b9a87,12000,16,1,180000,0.9968847566899366,1,0.5201437411873927,0.5214536280039387,0,1,172800,0.0,-0.05720812462772776,-318.0000000488538,-29.859507181085448,0.031736674284123204,-0.00018353761696692913,-2.2795004952058662e-05,0.08333333333333333,0.0,600.0,58.08613131761905,6.198758509611375,0,1,0
S7_p018_t001_s952590612,2026-09-29T19:15:15Z,S7,18,2,0,0,bfc023f510f38d675d631070bca2b35e35ea18dc7ef48154503f5432dd048a9a,12000,16,1,180000,0.9968777778486202,1,0.5201700356869206,0.5214536280039387,0,1,172800,0.0,-0.05715773239049289,-317.9999998021418,-30.04682367388575,0.04076059980521483,-0.00013282475611611557,-1.6496569060109323e-05,0.08333333333333333,0.0,600.0,29.84955362182223,5.460063039382406,0,1,0
S7_p018_t002_s42992291,2026-09-29T19:15:30Z,S7,18,2,0,0,c80bc94b0d80e4b0246063c4084a782709e7f361cebcfeb4ea06372691c6dc7e,12000,16,1,180000,0.9969472716850458,1,0.5164338150961754,0.518290137308101,0,1,172800,0.0,-0.05734595016655259,-317.99999950038546,-29.994236043902085,0.0447410630819446,-2.9536264804542002e-05,-3.6683450161945075e-06,0.08333333333333333,0.0,600.0,44.45733785936848,5.955117346982856,0,1,0
S7_p018_t003_s1754123281,2026-09-29T19:15:45Z,S7,18,2,0,0,623b28f3fca59142cea5fd0748e6991dff5966a954f88b3db04abc87ec0e39eb,12000,16,1,180000,0.9967762990841033,1,0.517964341409535,0.5199347640260285,0,1,172800,0.0,-0.056193261049328716,-318.000000916151,-29.977116466312957,0.04335842767287223,4.210789185604458e-05,5.229715952737024e-06,0.08333333333333333,0.0,600.0,54.290927262010364,5.937137477054712,0,1,0
S7_p018_t004_s2136748643,2026-09-29T19:16:00Z,S7,18,2,0,0,bc84c2f5a44fe3c65fb1a27f77789e2ca7ebbf471927abf1909bd6318f0b5ed8,12000,16,1,180000,0.9969088151567098,1,0.517905029894431,0.5199347640260283,0,1,172800,0.0,-0.05637023127701198,-317.9999998544948,-30.093060728509435,0.049183579717778717,0.00012590429070227007,1.5637061096640537e-05,0.08333333333333333,0.0,600.0,13.30479256453786,5.961148864074744,0,1,0
S7_p019_t000_s2055416690,2026-09-29T19:16:15Z,S7,19,2,0,0,d6092565e999f59db8263c5b3a17a427c216a02a289e3ff256101f0405056646,12000,16,1,180000,0.9969380994894327,1,0.5198853645558473,0.5215612309893869,0,1,172800,0.0,-0.06022987441051542,-317.99999964314947,-29.706910304816347,0.04151281356525838,-0.00025226212047006134,-3.133045083814068e-05,0.08333333333333333,0.0,600.0,97.48139479000848,5.652516025101622,0,1,0
S7_p019_t001_s2007325368,2026-09-29T19:16:30Z,S7,19,2,0,0,a3ce4c00538a0e95025b861bf4dffd6396ec0d72600cc66cc2154a08a714a682,12000,16,1,180000,0.9967234577948977,1,0.5200493238926261,0.5215612309893868,0,1,172800,0.0,-0.06055188246974193,-318.0000002489505,-29.962237904885562,0.05161150758505235,4.736882858131917e-05,5.8831137721426785e-06,0.08333333333333333,0.0,600.0,54.67661321528371,6.3480255338122955,0,1,0
S7_p019_t002_s1837273558,2026-09-29T19:16:45Z,S7,19,2,0,0,fdde61cb25eb948571a748c6778fb85710fdd286425cb0f363608f1427785c2e,12000,16,1,180000,0.9969183511747904,1,0.5189410464087624,0.5203377358061028,0,1,172800,0.0,-0.06021377283121092,-317.9999990292059,-29.945198498807986,0.03885492229980747,-0.00024255313747559846,-3.0124614568194374e-05,0.08333333333333333,0.0,600.0,58.54598038471497,5.675120986661806,0,1,0
S7_p019_t003_s1703565559,2026-09-29T19:17:00Z,S7,19,2,0,0,4ee94557230646fb834a80e11a9a4fc4401e96126e0629f80e6ee62872b72cec,12000,16,1,180000,0.9970109523010989,1,0.5187290730632633,0.5203377358061028,0,1,172800,0.0,-0.06029250943476237,-317.9999999354004,-29.934094703049627,0.040770424097775655,-0.00018295412497964053,-2.2722536414221395e-05,0.08333333333333333,0.0,600.0,57.73661099981039,6.155034524067852,0,1,0
S7_p019_t004_s989415578,2026-09-29T19:17:15Z,S7,19,2,0,0,3ef2671d52dc2c9ea557c54c9cd970f5079f3ecbfc615898bde3474c722707ef,12000,16,1,180000,0.9969707630711245,1,0.518663452586486,0.5200752091190527,0,1,172800,0.0,-0.05863293852860148,-317.9999997492554,-30.050567356008493,0.042862964284825625,1.0087776794995986e-05,1.2528817023849115e-06,0.08333333333333333,0.0,600.0,22.75620437713988,5.552675825266889,0,1,0
S7_p020_t000_s11753295,2026-09-29T19:17:45Z,S7,20,2,0,0,bc557223215faa7370efb59c875a40a635be9e0f87eef79a221eb20e89a01585,12000,16,1,180000,0.8484674226590925,1,0.515289442650684,0.5254288041486718,0,1,172800,0.0,-0.06097430476278899,-328.3749969469166,-29.261623258887145,0.04515634110633913,-0.0001910672925389889,-2.373017559875734e-05,0.08333333333333333,0.0,600.0,122.01774525904882,5.748350865518551,0,1,0
S7_p020_t001_s127051996,2026-09-29T19:18:00Z,S7,20,2,0,0,5aeb7e141129421031e52d8426176b8f304f355acea40d3e7c207d15d7109c57,12000,16,1,180000,0.8490067439769087,1,0.5153017846068517,0.5256669929855555,0,1,172800,0.0,-0.05950190947987072,-328.37499850784116,-29.379626271884106,0.05602708221559085,1.1850460100521488e-06,1.4718034435645677e-07,0.08333333333333333,0.0,600.0,122.90187053034208,6.3089590455914735,0,1,0
S7_p020_t002_s1814410164,2026-09-29T19:18:15Z,S7,20,2,0,0,71a98c2e31315f5828921dbb31a2d1b99378d3f7b03849d894f87dc2a285960c,12000,16,1,180000,0.848678860160557,1,0.5144194934319908,0.5271756313819506,0,1,172800,0.0,-0.06097386675884144,-328.3749994344671,-29.55205976415208,0.04404340622867321,-0.0002868544883387027,-3.56267537426902e-05,0.08333333333333333,0.0,600.0,102.54248011493722,5.93016370416785,0,1,0
S7_p020_t003_s622957244,2026-09-29T19:18:30Z,S7,20,2,0,0,94165789c52e4e956ca8d43d0c173bde04a28ece7a5a50b7f86ab787685ebe15,12000,16,1,180000,0.8495367111801473,1,0.5142472458354712,0.5282992499915897,0,1,172800,0.0,-0.060460447785885905,-328.3749957212476,-29.081521412818773,0.05493008299840772,-0.00011819992635816247,-1.4680194453831064e-05,0.08333333333333333,0.0,600.0,141.33186828237405,5.760882863569403,0,1,0
S7_p020_t004_s1019946476,2026-09-29T19:18:45Z,S7,20,2,0,0,db4982c18bf709d64d3ffc7b3376d10a8613d7729b418b221a7507be102ac879,12000,16,1,180000,0.8492787701161543,1,0.514355398419375,0.5282992499915897,0,1,172800,0.0,-0.06005450641849688,-328.3749983566625,-29.180128294743483,0.05069008773984096,1.2064432792822927e-05,1.4983784240030218e-06,0.08333333333333333,0.0,600.0,114.71865821736648,6.070686707608229,0,1,0
S8_p000_t000_s1451638557,2026-09-29T19:19:15Z,S8,0,12,0,0,5ec493fddb36639f8da637dd91fae708d48075df2ea06854052774f8c1be4561,12000,16,1,180000,0.8628868797993251,1,0.6932228657318706,0.7813339612689649,0,1,172800,0.0,-0.09083843607846738,-328.37499738241485,-29.22356992811359,0.10282994816900531,6.928456207727669e-05,8.60500404087361e-06,0.08333333333333333,0.0,600.0,121.32033717398026,15.594104728956948,0,1,0
S8_p000_t001_s686175255,2026-09-29T19:19:30Z,S8,0,12,0,0,1d2068efcc54e0e2fc9c2bfd38019d43fbcf96cf0d0d549254b2789fdc0c0fd4,12000,16,1,180000,0.8624773564534982,1,0.6933774838327913,0.782031835052609,0,1,172800,0.0,-0.08961587970623326,-328.37499644647323,-28.857648752151594,0.09036612932205476,0.00010579378314110703,1.3139376278559212e-05,0.08333333333333333,0.0,600.0,158.98398807829886,15.230715911269437,0,1,0
S8_p000_t002_s147853078,2026-09-29T19:19:45Z,S8,0,12,0,0,3f2519ce64b7ca98598cf6b8224e5d6a5fac365714c572ce58d48cdf8be10ece,12000,16,1,180000,0.8630002566351878,1,0.6935558698255311,0.782031835052609,0,1,172800,0.0,-0.09091837170325331,-328.3749965453135,-28.901308085580357,0.08167262079984078,-0.00019065034987415132,-2.3678392153669847e-05,0.08333333333333333,0.0,600.0,141.52822621259426,15.43508169895417,0,1,0
S8_p000_t003_s1651849846,2026-09-29T19:20:00Z,S8,0,12,0,0,ee9c13220b4f5c812c482584925663e49ee4396379a67766c5243a1594ea0007,12000,16,1,180000,0.8624817702271846,1,0.6933719325071324,0.7812855341615296,0,1,172800,0.0,-0.08988838907628986,-328.3749974021951,-29.125571427035702,0.10423517205264592,0.00022200811951268137,2.7572964427236002e-05,0.08333333333333333,0.0,600.0,136.67816242233144,15.282739458841322,0,1,0
S8_p000_t004_s285589846,2026-09-29T19:20:15Z,S8,0,12,0,0,2cbee4a85b6c8ec09b2b7f1d9faa100966a5e9e42a8cfbecb5da79d4b1ba5091,12000,16,1,180000,0.7405214195338029,1,0.6199784423711416,0.7807268557375117,0,1,172800,0.0,-1.6201079122501825,-328.37879433564257,-3.7279633893985036,38.94706134535185,1008.7859658756487,125.2891993898238,4.166666666666667,0.0,600.0,20.417865906688633,29.412596882590776,0,1,0
