slot,cycle_utc,scenario,part,n_truth_rows,oversize,after_oversize,wav_sha256,fs,bits,channels,n_samples,rho_peak,rho_sign,rho_neighbour_max,ref_vs_neighbour_ref_rho,lag_ambiguous,g_sign,n_support,lag_lost,g_db,tau_ms,resid_db,step_db_max,drift_ppm,drift_dlag_samples,zero_run_ms,head_zero_ms,tail_zero_ms,click_max,tile_excess_db,clip_n,nondiscriminating,ref_mismatch
S1_p000_t000_s913544046,2026-09-29T17:31:30Z,S1,0,1,0,0,d87e1861d92def36c2b3f25f1ba5b74bf9b9541d3b5681b6084ece970b3f1cd0,12000,16,1,180000,0.8263581777308537,1,0.03715245102484579,0.02956592747315697,0,1,172969,0.0,-2.866080560503007,-385.93926133010916,-7.523845766073958,0.20082923442688405,0.01645693049953568,0.002046699075435754,0.08333333333333333,0.0,46.66666666666667,4.895151468699432,5.35247996246354,0,0,0
S1_p000_t001_s68344610,2026-09-29T17:31:45Z,S1,0,1,0,0,9817bf4affca614f5a3eb9d8f1510b9a455a792f4743fa125209ce4e48fb7023,12000,16,1,180000,0.8276944610094248,1,0.040030890716646075,0.030887026653478054,0,1,173529,0.0,-2.838512300464202,-339.27262033249707,-7.56070708718199,0.18271530733801228,0.012435635294744795,0.001553546610466583,0.08333333333333333,0.0,0.08333333333333333,5.456148180950072,5.688968084456968,0,0,0
S1_p000_t002_s205210819,2026-09-29T17:32:00Z,S1,0,1,0,0,2c7a4e7b99c435b12ed54123fa15c67596ae9226a8c3e790979a8de1b6366e22,12000,16,1,180000,0.826964861718926,1,0.05466119205458044,0.04584283300923298,0,1,173530,0.0,-2.85924973609899,-339.18924264221886,-7.523386992813167,0.1142792367088375,0.015797020041790177,0.001973490119780763,0.08333333333333333,0.0,2.3333333333333335,4.640993397555361,5.757977846933144,0,0,0
S1_p001_t000_s1915168523,2026-09-29T17:32:15Z,S1,1,1,0,0,7c62afcfec4ee6bb8a55f624526d74d897824ec0a4ea9ce98b994d2c724666ca,12000,16,1,180000,0.8324390486629603,1,0.0802208628848803,0.06898944693947938,0,1,173558,0.0,-2.706133873851368,-336.8563391137577,-7.749032552199547,0.2853888420527513,0.021835887336996623,0.00272852513808175,0.08333333333333333,0.0,5.333333333333333,4.983251159083359,8.784420846594722,0,0,0
S1_p001_t001_s1105300121,2026-09-29T17:32:30Z,S1,1,1,0,0,2c28734981922f4f004b1bf4b09243742e2872256c22799ebd95876bf0ccb610,12000,16,1,180000,0.8182324546055255,1,0.08259317526769375,0.06898944693947938,0,1,173622,0.0,-2.827791568446859,-331.5229934982623,-7.029731257244109,0.31136342479717716,0.02661927810465581,0.0033279421486440697,1.3333333333333333,0.0,0.0,11.265489522848515,9.037160612196834,0,0,0
S1_p001_t002_s1345625016,2026-09-29T17:32:45Z,S1,1,1,0,0,c8ee15703ed57940fbb489e144dad0d61a6f9ebb02ab7ebed5b6a92724fe6eac,12000,16,1,180000,0.9284838801528924,1,0.10493505707663708,0.08369050839214716,0,1,173638,0.0,-2.6410831582448973,-330.17225146884084,-8.436198653513898,0.2369170807325291,0.015981785762167328,0.001998298564558354,0.08333333333333333,0.0,0.3333333333333333,4.887436042591432,8.12246237402207,0,0,0
S1_p002_t000_s1491760006,2026-09-29T17:33:00Z,S1,2,1,0,0,f1aaedb8447c65234a1309e590c19b36f53d290a62d7624c2eb0951d9f16a858,12000,16,1,180000,0.9310872741545789,1,0.12927672660928763,0.10617227651817505,0,1,173642,0.0,-2.4919206498018758,-329.83918563754133,-8.638714070222361,0.4242006684042192,0.030705172362927722,0.0038393747522604826,0.08333333333333333,0.0,0.0,4.682601801451925,10.06942045435652,0,0,0
S1_p002_t001_s546635023,2026-09-29T17:33:15Z,S1,2,1,0,0,c9c9ee56af2572766bb49e516f0ac810d10464740b066ff15c106075799211af,12000,16,1,180000,0.9308055768679295,1,0.13208542968573134,0.10617227651817505,0,1,173586,0.0,-2.4969676283482283,-334.50584732159587,-8.615466954261402,0.41148117663751876,0.029050531847030957,0.0036308516723693174,0.08333333333333333,0.0,0.0,4.598277699823104,10.44192689461311,0,0,0
S1_p002_t002_s714902369,2026-09-29T17:33:30Z,S1,2,1,0,0,eee647151005947059738298e9715344c1692fb934dea2dad96930ee495aa047,12000,16,1,180000,0.9307103490703359,1,0.180043879562403,0.14670016776381692,0,1,173531,0.0,-2.514481438484003,-339.0891552325617,-8.60889004185229,0.35942510999198846,0.026134713286602725,0.0032649835961819917,0.08333333333333333,0.0,8.083333333333332,5.026367402165689,10.481450125571206,0,0,0
S1_p003_t000_s474144144,2026-09-29T17:33:45Z,S1,3,1,0,0,b3d1ae71f4f88e5e5d761c68fa0fb03dd487c5e7bf00c570ea6d094e7e4eda55,12000,16,1,180000,0.9358769773108642,1,0.24896669047922138,0.205272445875899,0,1,173628,0.0,-2.215144899305762,-331.0064378757943,-9.0376057775655,0.6969260263751821,0.055081720130795986,0.006886647141072899,0.08333333333333333,0.0,0.25,5.190617507859861,13.345637937539387,0,0,0
S1_p003_t001_s1226819330,2026-09-29T17:34:00Z,S1,3,1,0,0,74cd76a5b281307ff8a467380319bcedb51d1620615787a06b0493bd63bf6691,12000,16,1,180000,0.9365337838384066,1,0.24911415721365232,0.2067914222664561,0,1,173631,0.0,-2.2011630389455723,-330.75643896655004,-9.088877226577866,0.6036980260162348,0.05768203330136363,0.007211926941636193,0.08333333333333333,0.0,0.0,4.813047608336989,13.329707497995516,0,0,0
S1_p003_t002_s1182452760,2026-09-29T17:34:15Z,S1,3,1,0,0,6d15c31d9556b00dd79c35ed4146a781b545bd51abe16f080bd300b262612fe8,12000,16,1,180000,0.9363754478884305,1,0.3108031388608579,0.2618170648542017,0,1,173563,0.0,-2.2013781685523726,-336.42310217723326,-9.07167125442301,0.6974237333437604,0.05624497176917868,0.007028427917248337,0.08333333333333333,0.0,5.916666666666666,5.11990848657162,13.353177666125616,0,0,0
S1_p004_t000_s184630235,2026-09-29T17:34:30Z,S1,4,1,0,0,b5b8d87df73a0c944cac3a7ac8e4680deadb52e3b041ad762888461716163493,12000,16,1,180000,0.9437478456598336,1,0.37715039413271784,0.3240614133098152,0,1,173634,0.0,-1.8566052624608713,-330.5072303858554,-9.755653117768464,1.0647672918800388,0.0901221287057719,0.011268149996340071,0.08333333333333333,0.0,0.6666666666666666,4.980511850988841,15.83256590623681,0,0,0
S1_p004_t001_s792672454,2026-09-29T17:34:45Z,S1,4,1,0,0,549ba11c321c7d011399e90999bf527b8210a0876d389960e91a93d2f966d600,12000,16,1,180000,0.8829998540828927,1,0.34654372559967406,0.3244084884058915,0,1,173749,0.0,-2.4016106860036563,-320.9088222715448,-6.022505650120083,7.852382493282982,-0.022984363713123727,-0.002876424165606295,8.333333333333334,0.0,0.0,18.1646576581141,30.425484929740847,0,0,0
S1_p004_t002_s2116022063,2026-09-29T17:35:00Z,S1,4,1,0,0,ab56604160bcbd62ca97b3e9ee9b4daef8ce1080d345bc69c4d1ddbe3c2007ea,12000,16,1,180000,0.9384689571266882,1,0.4679173105825299,0.40085981705685186,0,1,173741,0.0,-1.8653923911315635,-321.575635656886,-9.697021446046248,0.9413031137649063,0.027411485844702835,0.003430245927120268,0.08333333333333333,0.0,0.0,4.6409913555244655,15.866508953199336,0,0,0
S1_p005_t000_s528655056,2026-09-29T17:35:15Z,S1,5,1,0,0,80039347fcfbd5c1677068e0774f941deafb5bf83846c9e84d0915a67e458e97,12000,16,1,180000,0.9529920106402096,1,0.5539437941616089,0.49594440376218796,0,1,173728,0.0,-1.406110869407412,-322.6593777438684,-10.90872839032302,1.5728172885367955,0.04158831754700045,0.005203779821385979,0.08333333333333333,0.0,0.0,4.889591430863234,18.668020089615055,0,0,0
S1_p005_t001_s108725431,2026-09-29T17:35:30Z,S1,5,1,0,0,0f45a8a291e37e08f2194300d86a97c4af443c1a8c7a44a2d016e6a181f1c26c,12000,16,1,180000,0.9530822401101315,1,0.5538489264376505,0.49594440376218807,0,1,173630,0.0,-1.4041739550830254,-330.82604833386296,-10.920240242363729,1.4743128168498962,0.03950632549750193,0.004939396864301671,0.08333333333333333,0.0,9.166666666666666,5.227459742976023,18.713203989545367,0,0,0
S1_p005_t002_s2006277236,2026-09-29T17:35:45Z,S1,5,1,0,0,29bc295608b4875d790957cd3f19658b2c21916224626aa33583787acec69e9c,12000,16,1,180000,0.9530339400311739,1,0.6426641624207613,0.575200827769748,0,1,173740,0.0,-1.405660743850057,-321.65937088591755,-10.912589633052981,1.4718789178973326,0.03734783050022674,0.004673632813137374,0.08333333333333333,0.0,0.0,4.985606054267987,18.809915291926494,0,1,0
S1_p006_t000_s147152921,2026-09-29T17:36:00Z,S1,6,1,0,0,8d1e97c816cf1e5ede23216812600f29bdeec79b9651d3fec7080fcf21382765,12000,16,1,180000,0.9686931931527127,1,0.7185257994004279,0.6695122953158428,0,1,173654,0.0,-0.9475411256024079,-328.8265093744564,-12.780076974303402,1.8816727029516342,0.041491966252459676,0.005188653363802587,0.08333333333333333,0.0,0.0,4.538737644812748,20.5280863238345,0,1,0
S1_p006_t001_s1953053430,2026-09-29T17:36:15Z,S1,6,1,0,0,7997a54dfc04f0b3aea423986831d6f73a9db85ff9c7c39b7af7bbb3c2412152,12000,16,1,180000,0.9684390003482776,1,0.7175011024605015,0.6695122953158428,0,1,173646,0.0,-0.9543926155875257,-329.49319617969866,-12.73262674527105,1.967727949519428,0.04461365123610571,0.005578669405167602,0.08333333333333333,0.0,348.75,4.514545469642209,20.556556117912834,0,1,0
S1_p006_t002_s147567551,2026-09-29T17:36:45Z,S1,6,1,0,0,fa77ecd2c1884ba8f17a581f3d84145b735555e5f8823a2ec8bad25cb4d90609,12000,16,1,180000,0.9684439976036763,1,0.7765905515210642,0.7239516056757861,0,1,173414,0.0,-0.9533850196982321,-348.8265167154762,-12.735930372212698,1.9544847412309143,0.04399382946346704,0.0054909578429942485,0.08333333333333333,0.0,5.0,4.363455817911443,20.373565748187083,0,1,0
S1_p007_t000_s1402667823,2026-09-29T17:37:00Z,S1,7,1,0,0,6a8f4f86caabc4354dba14734fd11a135e24d65f4e0936de6b6d1439dcd1a47d,12000,16,1,180000,0.9794183376439767,1,0.8239640625355904,0.7888016545704567,0,1,173474,0.0,-0.6499393306438268,-343.82691115305045,-14.734039927350366,2.213365267172147,0.04112696685492727,0.005135606605108478,0.08333333333333333,0.0,0.0,4.966506719240457,21.96273481210718,0,1,0
S1_p007_t001_s1425587327,2026-09-29T17:37:15Z,S1,7,1,0,0,3073849a553d995cf66498e86c085e38c12516d09d0ea3f209384943f06e4492,12000,16,1,180000,0.979397789383757,1,0.823933389107605,0.7888016545704567,0,1,173418,0.0,-0.649521840691435,-348.493585201526,-14.72448051601219,2.3261897547675976,0.04053202326235523,0.00505904501551413,0.08333333333333333,0.0,3.0,4.8586978751265795,22.00538298460694,0,1,0
S1_p007_t002_s718289455,2026-09-29T17:37:30Z,S1,7,1,0,0,8925481c37f30fe790422c421248deb432a31b17db75d11cac50407c7dd3c346,12000,16,1,180000,0.9792302553597894,1,0.875252908994778,0.8385280478656059,0,1,173454,0.0,-0.6547616431814693,-345.49357188212946,-14.689042612732921,2.2507830373110953,0.03965950365558331,0.0049515683504068875,0.08333333333333333,0.0,0.0,4.7395593501055995,22.023072323866014,0,1,0
S1_p008_t000_s1206520285,2026-09-29T17:37:45Z,S1,8,1,0,0,d06824995e6eb91ba3552af227fe815d091bc4526785f3cad62e9d15569e19c1,12000,16,1,180000,0.7783481472580331,1,0.7202931760298753,0.8922877015429264,0,1,173403,1.0,-2.422611718322824,-349.7383128166208,-2.071753024195858,37.98756576806078,1036.575561092799,129.36566659994241,10.083333333333332,0.0,7.916666666666667,10.762399124212989,42.75393069950902,0,1,0
S1_p008_t001_s1462033172,2026-09-29T17:38:00Z,S1,8,1,0,0,98eeb2bec126a8fd8167d84a7e8d2997ab0207abd03436b64f5fc303f72171e7,12000,16,1,180000,0.9301626091625605,1,0.8911267520177464,0.8922877015429264,0,1,173628,1.0,-0.4088507759758417,-331.03332422362473,-17.2513863338775,2.556102578911478,0.11182997538478953,0.013981654502458696,0.08333333333333333,0.0,0.0,4.538917980700338,24.816051456083898,0,1,0
S1_p008_t002_s1537966073,2026-09-29T17:38:15Z,S1,8,1,0,0,f0fd66a0d8ee385d36a53f516d3dbe7a298ea7eaca3086ccc485c50078c06932,12000,16,1,180000,0.930277618912351,1,0.9117289483286928,0.9131794267773907,0,1,173528,1.0,-0.40565892535967274,-339.36668890057325,-17.29854175604641,2.7242971157340956,0.11948094080504047,0.014926276011010486,0.08333333333333333,0.0,5.333333333333333,4.864031954433435,24.842612646273178,0,1,0
S1_p009_t000_s758409719,2026-09-29T17:38:30Z,S1,9,1,0,0,da0170bfca2b4f9c44e3298619a7c848252b46dc8ba92cf5a9367fd584597383,12000,16,1,180000,0.9350783536216655,1,0.9244886643443974,0.9343002500583387,1,1,173592,nan,-0.30425693394037917,nan,-19.458227148903678,2.632599525313876,nan,nan,0.08333333333333333,0.0,0.0,4.4256239284664876,25.1611237803707,0,1,0
S1_p009_t001_s1723470335,2026-09-29T17:38:45Z,S1,9,1,0,0,fdc5d0c4a243277df52a12969bd11c0108a22d9590f88e82d9bad3180acd91fa,12000,16,1,180000,0.9350348124582094,1,0.9248856150371159,0.9343002500583387,1,1,173590,nan,-0.30500009891367597,nan,-19.437360261166518,2.708690963249905,nan,nan,0.08333333333333333,0.0,0.0,4.9954412701066495,25.089774511768926,0,1,0
S1_p009_t002_s1581091521,2026-09-29T17:39:00Z,S1,9,1,0,0,92f43ba08240806dca4a5ae31cfe60a21bd4cb0fcbb82c8d5ea0c1a750c3a8c6,12000,16,1,180000,0.935004960944566,1,0.9248084426504588,0.9342265314570748,1,1,173555,nan,-0.30595036097563355,nan,-19.412346936352552,2.8025072779303226,nan,nan,0.08333333333333333,0.0,365.75,4.5110164045651775,25.218681108335176,0,1,0
S1b_p000_t000_s670279447,2026-09-29T17:39:30Z,S1b,0,1,0,0,8b49208c77a7d7e3fe4c1c9624e8f6777a0ffe10d54ffd8fa471ea56db8cf1c4,12000,16,1,180000,0.8242964128246901,1,0.0543181792587225,0.04314353477945923,0,1,173386,0.0,-2.9194003752904782,-351.18910604638404,-7.462542844638129,0.12867888699349198,-0.0008623505092183368,-0.00010760754594230093,0.08333333333333333,0.0,4.75,5.17247873043145,1.9316760407034534,0,0,0
S1b_p000_t001_s755619207,2026-09-29T17:39:45Z,S1b,0,1,0,0,0cddbbce9b5e1683b619eae10f0a800a4947e2d594e28e7923ac5a8ce967b6c0,12000,16,1,180000,0.8243705602051362,1,0.011930743131542737,0.011555912219765227,0,1,173443,0.0,-2.922265140391585,-346.43908911486994,-7.448291565266084,0.13726465195685777,-0.003142535493215566,-0.0003923172735085245,0.08333333333333333,0.0,0.0,4.5426222091827,2.1478155281215594,0,0,0
S1b_p000_t002_s405040029,2026-09-29T17:40:00Z,S1b,0,1,0,0,000d17254dd073b5340d7754a25bc3e4d159ce83b7d4a10976d6e0e89fc9a59f,12000,16,1,180000,0.8237813933328609,1,0.011435970462036427,0.011555912219765223,0,1,173408,0.0,-2.9439206561557323,-349.3557006226068,-7.412538990101823,0.13792861186957941,-0.0035854021489102024,-0.0004474797005968867,0.08333333333333333,0.0,0.9166666666666666,4.72265952966974,2.053735014837093,0,0,0
S1b_p001_t000_s421145395,2026-09-29T17:40:15Z,S1b,1,1,0,0,b5cbabd81a3079d7073af7b922bef83fac5fffc9e315cd8aa357bbab330b4b23,12000,16,1,180000,0.8250765688221035,1,0.01237615511846903,0.011333582432054332,0,1,173419,0.0,-2.918392270357744,-348.439051443081,-7.458481691614576,0.1202429061804304,-0.00912765722489947,-0.0011392867918402771,0.08333333333333333,0.0,4.75,4.74394713480095,2.1951967689179104,0,0,0
S1b_p001_t001_s617056408,2026-09-29T17:40:30Z,S1b,1,1,0,0,5be04d3e29e22339f6111920594aed2866cbfb5898b82c51564a7affadf3cf0f,12000,16,1,180000,0.8235795415573356,1,0.012405498904023437,0.011305349550454044,0,1,173476,0.0,-2.940550126240173,-343.68907934201405,-7.393039897697515,0.17107127095955643,0.007904499763860562,0.0009870665035123238,0.08333333333333333,0.0,0.0,4.923386280133653,2.31728002850884,0,0,0
S1b_p001_t002_s1338794941,2026-09-29T17:40:45Z,S1b,1,1,0,0,b07273d8cd4661e42a22d844ade4df5e825a644b420ddd98724138e1c6fd41be,12000,16,1,180000,0.8242365181966881,1,0.012356245501071556,0.012603220098951503,0,1,173466,0.0,-2.9271525096266093,-344.52240506071513,-7.440527677942962,0.18138094060330573,0.0008838975217222021,0.00011036698015232105,0.08333333333333333,0.0,0.0,4.551023602403016,2.356508767214337,0,0,0
S1b_p002_t000_s265536591,2026-09-29T17:41:00Z,S1b,2,1,0,0,0cf5d7c9a602244e8a3fac686527baaef311c36e719ddc1dcbaec133e2c202c2,12000,16,1,180000,0.8252270897430417,1,0.014185095406434527,0.0126032200989515,0,1,173406,0.0,-2.9086542159359547,-349.522418460269,-7.462895894177054,0.15782762864782138,0.014215914666719646,0.0017742030140652787,0.08333333333333333,0.0,0.4166666666666667,5.1581093161414415,2.500824257073014,0,0,0
S1b_p002_t001_s984384874,2026-09-29T17:41:15Z,S1b,2,1,0,0,3f32cba51ba1ecd03d9ba73587d75ea9b4e99ac390089a24e962502f4c6fd3c4,12000,16,1,180000,0.9128267941705239,1,0.014082187899217044,0.01298530339325719,0,1,173513,0.0,-2.792406625893288,-340.5750585778569,-8.164032686459215,0.11648938727502062,0.00034530508753479697,4.3132403789059026e-05,0.08333333333333333,0.0,0.0,4.603090298180537,2.5449099981771983,0,0,0
S1b_p002_t002_s1445559193,2026-09-29T17:41:30Z,S1b,2,1,0,0,e7c86c6a1790699e26fb08fe0e48205b76d845eb766799d438b5b6420fe6d66d,12000,16,1,180000,0.9122456985019136,1,0.018597577783419174,0.015758898130045152,0,1,173502,0.0,-2.813997794620075,-341.49169077547896,-8.14885032169886,0.13325218158920976,-0.0038270347498527307,-0.00047799664025660604,0.08333333333333333,0.0,6.75,4.678293426662231,3.0993274666966784,0,0,0
S1b_p003_t000_s799072493,2026-09-29T17:41:45Z,S1b,3,1,0,0,cd70ec2621f1b6a407918e36e19b5ccdf79397f9c3338357cd2241511e6f3ed5,12000,16,1,180000,0.9130660549607716,1,0.022423003317719473,0.018272154502737295,0,1,173583,0.0,-2.78172005882419,-334.7417231677191,-8.18034810951856,0.13506802533525455,0.00037831213349421455,4.728182875624043e-05,0.08333333333333333,0.0,0.0,5.471571361003333,3.8670434230422828,0,0,0
S1b_p003_t001_s1267271188,2026-09-29T17:42:00Z,S1b,3,1,0,0,4d2018def78ec9fa7130aaac390c7553a1bc5f3b11144d603c9e98be425b4007,12000,16,1,180000,0.9127564551124409,1,0.023639603475968763,0.020243011075190154,0,1,173515,0.0,-2.796704294715442,-340.40837267267125,-8.172501997852056,0.17649825801269453,-0.0015066272041387976,-0.00018819732395058963,0.08333333333333333,0.0,3.5,4.719409480800977,4.139453660401139,0,0,0
S1b_p003_t002_s60044557,2026-09-29T17:42:15Z,S1b,3,1,0,0,ed25f7cc252b747f10004892732d3d5eb0537a9097969c17fda3d72d6421829b,12000,16,1,180000,0.9126696717158043,1,0.024230404413466477,0.020243011075190158,0,1,173557,0.0,-2.789875523136438,-336.9083901438771,-8.163321979463458,0.12397327435323555,0.006483211720480468,0.0008101097205326369,0.08333333333333333,0.0,366.16666666666663,4.551190787805133,4.135931182450474,0,0,0
S2_p000_t000_s1289144792,2026-09-29T17:42:45Z,S2,0,1,0,0,ed7d8e4efe4f72025b0eec01d5262c1781ffa5ddd6fc067e1fc140545262fef1,12000,16,1,180000,0.9363992696749109,1,0.3601812188389177,0.3034330082516182,0,1,173576,0.0,-1.87421400075367,-335.3251075140476,-9.523172875258687,0.9662664353560746,0.002369558560799834,0.00029613321157739847,0.08333333333333333,0.0,0.6666666666666666,4.348235293279464,16.337518006819465,0,0,0
S2_p000_t001_s68113513,2026-09-29T17:43:00Z,S2,0,1,0,0,41c7e100a0c34c6edad5cc74ded2169e4e88464ee7e6a9c81450ba0b3e125b32,12000,16,1,180000,0.7938659219088277,1,0.3266948376676355,0.30742776009651607,0,1,173608,0.0,-2.5563168821690434,-332.6383722295395,-5.173431045068021,10.096137917707349,-0.16924025473586649,-0.021156047283511725,1.3333333333333333,0.0,1.5,16.123133897080137,30.807945788814266,0,0,0
S2_p000_t002_s492170927,2026-09-29T17:43:15Z,S2,0,1,0,0,239e4f1cbca50a32601538ac6b648e74bdf32cf543825ec265d3da2bd8f1994b,12000,16,1,180000,0.8576810915118614,1,0.36307537070721174,0.30742776009651607,0,1,173626,0.0,-1.9159559156989137,-331.1388143792507,-9.047008887963408,1.0795469025878999,-0.0010034060348810049,-0.00012544983610496274,0.08333333333333333,0.0,1.4166666666666667,5.125275469492643,16.346959117638196,0,0,0
S2_p001_t000_s2106742562,2026-09-29T17:43:30Z,S2,1,1,0,0,f776d8a8fd49ff634ea1d89504f55fc7b8986f04e2770a0bef8a9c4c43862ced,12000,16,1,180000,0.856628611186812,1,0.36076310193295413,0.30578272388914524,0,1,173643,0.0,-1.92245341629067,-329.7223334002683,-9.023311243449427,1.1785570959024787,0.004918563872743313,0.0006150221452116966,0.08333333333333333,0.0,0.0,4.691490176750686,16.275382924809335,0,0,0
S2_p001_t001_s1155555599,2026-09-29T17:43:45Z,S2,1,1,0,0,bdd955cc4bbd8e47932f5b03ad646575675309d2bfb81550eb11e3eced49051e,12000,16,1,180000,0.8569622138131403,1,0.36243378657954395,0.30634906820550983,0,1,173558,0.0,-1.9176121420598804,-336.80567070253227,-9.05155010074299,1.1014715372574777,0.011987962995096198,0.0014979679040152405,0.08333333333333333,0.0,2.6666666666666665,4.985584206578429,16.029849767068843,0,0,0
S2_p001_t002_s1218472882,2026-09-29T17:44:00Z,S2,1,1,0,0,a1380a3a38cef52ac47c1942bea390da7e0d77538996e23b25e5a170786149e8,12000,16,1,180000,0.8566552727124521,1,0.36180832564718013,0.30634906820550983,0,1,173590,0.0,-1.9169958021763485,-334.13898315024863,-9.059243494677734,1.083348297503183,0.014416722407965162,0.0018019173003267497,0.08333333333333333,0.0,0.0,4.811547478899039,16.189697153954526,0,0,0
S2_p002_t000_s1410889249,2026-09-29T17:44:15Z,S2,2,1,0,0,176e5433588af1615108e6a4b753b7177b2b3e70ea5cbf29ccdfd05846cdc1c9,12000,16,1,180000,0.8545885975752915,1,0.357156552252036,0.3033898382135205,0,1,173543,0.0,-1.93151352137635,-338.0558689820543,-9.009626643344497,1.0894369883038872,0.01377964311025974,0.0017216423898389621,0.08333333333333333,0.0,4.166666666666667,4.76896620374551,16.18897742140177,0,0,0
S2_p002_t001_s1295536992,2026-09-29T17:44:30Z,S2,2,1,0,0,35114c136d16d76e564287910301e8a2841ddb13e8bc6a1ded9a1e63da15a788,12000,16,1,180000,0.38986034830816785,1,0.16618474149299672,0.3043322498678894,0,1,173699,0.0,-8.613921725381356,-325.1114788744629,6.264473973640507,7.533342396856026,842.4839553823056,105.39221536646028,8.166666666666666,0.0,1.5,6.557213400500523,20.646217973640756,0,0,0
S2_p002_t002_s1338324977,2026-09-29T17:44:45Z,S2,2,1,0,0,a22adc176c01308c3b33ae986c3833b8e03dc04dc76ee8520deccad3f158e749,12000,16,1,180000,0.874011364254758,1,0.356294831413565,0.3043322498678894,0,1,173717,0.0,-1.924121064642128,-323.6072413271704,-9.012975452563099,0.9563489009591861,0.08029095552767894,0.010045602900845552,0.08333333333333333,0.0,0.0,4.906191363480607,15.809381900808784,0,0,0
S2_p003_t000_s1727962604,2026-09-29T17:45:00Z,S2,3,1,0,0,5cbd43d6ae9e1c8d4ecaa33772063d7ca1453f0c0da7d385b0ff75c1be171572,12000,16,1,180000,0.8689793853257176,1,0.35912160903470214,0.3051709554492243,0,1,173676,0.0,-1.9361041208775307,-327.02463418358457,-9.024168488118761,1.0373140074926794,0.104873238625783,0.013116915447881183,0.08333333333333333,0.0,0.3333333333333333,4.6606342830321115,15.756879295774093,0,0,0
S2_p003_t001_s505940398,2026-09-29T17:45:15Z,S2,3,1,0,0,b1e45a3771c4908094623dc59b6bdac00c92c928f600fe906d288768e61a167d,12000,16,1,180000,0.8693675169872248,1,0.36044951915192125,0.30689079226417026,0,1,173680,0.0,-1.9285703324869092,-326.69130765955504,-9.039936237946137,0.9779751655554326,0.09615509539911017,0.012026887022329902,0.08333333333333333,0.0,1.5,4.6310837107870215,15.964385590899441,0,0,0
S2_p003_t002_s1702346768,2026-09-29T17:45:30Z,S2,3,1,0,0,9d6f4bb537cc8cf832f130111e8032d5fa41250eeaa39d99fb8758847a5e5278,12000,16,1,180000,0.8684634389678787,1,0.3619392567768238,0.30689079226417026,0,1,173698,0.0,-1.949142373884396,-325.19123702596517,-9.002462070445393,0.9471000812784601,0.1138889178678134,0.014247048069591983,0.08333333333333333,0.0,0.5,4.700891381315025,16.067732835903698,0,0,0
S2_p004_t000_s1635038415,2026-09-29T17:45:45Z,S2,4,1,0,0,87075bdc26a8dd243ef8b5f7201de94d9df97f1f634149021f6e1cda54b247f4,12000,16,1,180000,0.8632724168571131,1,0.3577419321667705,0.3040231133054214,0,1,173704,0.0,-1.9668293830025192,-324.6918384825082,-9.02881766907132,1.0081943766009076,0.126032996297137,0.015766979902764433,0.08333333333333333,0.0,0.0,4.735186017622159,15.87433613320514,0,0,0
S2_p004_t001_s1183238402,2026-09-29T17:46:00Z,S2,4,1,0,0,565238361139e698008234fef13aa0f37cd7189d29bc34158cee9c1dbf8b4e59,12000,16,1,180000,0.8631972562614771,1,0.35810347499446243,0.3069543546700123,0,1,173681,0.0,-1.966918264109845,-326.6085163649483,-9.024628790614148,0.9831343167228358,0.1180161110873012,0.014761337158688548,0.08333333333333333,0.0,1.5833333333333333,4.532911221008776,15.747699682645086,0,0,0
S2_p004_t002_s333126784,2026-09-29T17:46:15Z,S2,4,1,0,0,7bbacb4cee65da15ba6bb35b11d0a5e09a7731b4c3585348d6ee6bf2486e90aa,12000,16,1,180000,0.8625875335848677,1,0.36036960391311756,0.3069543546700123,0,1,173700,0.0,-1.98058508699037,-325.0251589282416,-9.000555880738329,1.016604503946835,0.12907785504251842,0.01614738151010897,0.08333333333333333,0.0,0.0,4.948029862946456,15.699422547694883,0,0,0
S2_p005_t000_s356586922,2026-09-29T17:46:30Z,S2,5,1,0,0,2ebe0479ee5037c5c0e63c924559b1b8276331f3ccfe8c05bdf22dede01de772,12000,16,1,180000,0.8576774425886452,1,0.3527109991627565,0.3024432576008823,0,1,173679,0.0,-2.0092092314988923,-326.7755027344659,-9.052942843894202,0.9541637513569213,0.14474519308161646,0.01810429451506934,0.08333333333333333,0.0,6.0,4.9999863809318414,15.34524790534026,0,0,0
S2_p005_t001_s1328624968,2026-09-29T17:46:45Z,S2,5,1,0,0,e5d7112c1e5d3eb1f19d0ca9bd1d51580f1ebd724448043a703101c4b4e28342,12000,16,1,180000,0.8577825682121386,1,0.35556989287105345,0.3024432576008823,0,1,173751,0.0,-2.0096316060534827,-320.7754751477478,-9.062133493985964,0.9962445777402561,0.13317390149148034,0.016666580597757275,0.08333333333333333,0.0,0.0,4.8430130286638535,15.41296053564566,0,0,0
S2_p005_t002_s843406380,2026-09-29T17:47:00Z,S2,5,1,0,0,821409a16bdc6f696874635a399c8ee7537b1cb943497862ab8b754b7c97852b,12000,16,1,180000,0.8584982534846338,1,0.3541896455999275,0.30237624104345756,0,1,173650,0.0,-1.9945753099907133,-329.1921726179535,-9.097531470652685,0.8692698545055317,0.11401901758065185,0.014257850110425352,0.08333333333333333,0.0,5.5,4.740628865483355,15.439027113525643,0,0,0
S2_p006_t000_s1939969654,2026-09-29T17:47:15Z,S2,6,1,0,0,bbb609655a09d42fc58b10338c14a21751ef3cbd708f4ec759535f4a18fcaa84,12000,16,1,180000,0.85280568053039,1,0.35189645336472997,0.3007940954549315,0,1,173716,0.0,-2.071100468911856,-323.6921156031216,-9.118535512960973,0.8891040769677393,0.12549254988677297,0.01570087488653371,0.08333333333333333,0.0,0.5833333333333334,4.592728512036489,14.510093853287,0,0,0
S2_p006_t001_s441937503,2026-09-29T17:47:30Z,S2,6,1,0,0,2fb4956eff86eb0f953703772a3f3f1b884b636b1c5a0d13a904aed18f9821f4,12000,16,1,180000,0.8531728422014958,1,0.34903876263381506,0.30158918785722183,0,1,173723,0.0,-2.060416264482235,-323.10881917197855,-9.142136811560542,0.820903649187314,0.11307885199837649,0.014148539040888863,0.08333333333333333,0.0,358.6666666666667,4.632896546492897,14.345973302391183,0,0,0
S2_p006_t002_s781512667,2026-09-29T17:48:00Z,S2,6,1,0,0,ea2846d3b7b7842eb4a098a22c8665e0c944a185f1533ca3f9fa752078c9a7b3,12000,16,1,180000,0.8358632667229194,1,0.3491832229332294,0.30158918785722183,0,1,173748,0.0,-2.0649995852439575,-320.97216157203246,-9.147982711032977,1.0015971109701296,-0.0043288375334551744,-0.0005417367019617814,0.08333333333333333,0.0,0.0,4.496152067755959,14.113570494672095,0,0,0
S2_p007_t000_s1531496940,2026-09-29T17:48:15Z,S2,7,1,0,0,12a362ba00c78d454b66fae202fc666773ee8d57ce32c8875e1728acafb30efd,12000,16,1,180000,0.8279813342461342,1,0.3451656342204485,0.30472990527153115,0,1,173697,0.0,-2.127004042733243,-325.2216802993129,-9.287243916864785,0.8243808596989362,-0.016287437781381635,-0.002037477029261936,0.08333333333333333,0.0,1.4166666666666667,4.722006937179741,12.868988108802862,0,0,0
S2_p007_t001_s326924126,2026-09-29T17:48:30Z,S2,7,1,0,0,be0719c2b2163446d20bdd5cacf3f3ddd62f98985759a1ebe5ce3c31838557fb,12000,16,1,180000,0.8262981835900948,1,0.3452489996138018,0.30472990527153115,0,1,173714,0.0,-2.1519008885344055,-323.80499411661003,-9.226308756755232,0.7920600479178685,-0.005919853220879148,-0.000740644676170632,0.08333333333333333,0.0,6.25,5.040076961719361,12.866239137774098,0,0,0
S2_p007_t002_s199391290,2026-09-29T17:48:45Z,S2,7,1,0,0,604a27e783a2eb4f9b10c3c091458abd30136e223bdd51900d2ba1bd34d41ac9,12000,16,1,180000,0.8262142316374829,1,0.342876328320756,0.30419482446468915,0,1,173789,0.0,-2.1519167779625556,-317.55497423736296,-9.226794142718282,0.8314066709386204,-0.012352291815870628,-0.0015463463555533963,0.08333333333333333,0.0,0.0,5.03232266428691,12.855681782154678,0,0,0
S2_p008_t000_s2105928740,2026-09-29T17:49:00Z,S2,8,1,0,0,913c58a7aad46870a1ee4ef41f5ee4da8dff5ac03e829b32d5ff7cfd7caa2ea5,12000,16,1,180000,0.8160768874887149,1,0.3380375070122648,0.30489149280800537,0,1,173678,0.0,-2.253954447350064,-326.8044322538093,-9.360777537170563,0.706355465932911,-0.03327165678211491,-0.004161485743679805,0.08333333333333333,0.0,4.416666666666667,4.545521133111873,11.455375569363213,0,0,0
S2_p008_t001_s2122849215,2026-09-29T17:49:15Z,S2,8,1,0,0,203adf9d481133d1b4dac60be989acac204f38e5a06284c46b951ee5a530f911,12000,16,1,180000,0.8161202197447367,1,0.34035433042542934,0.3048914928080054,0,1,173731,0.0,-2.2565186534112023,-322.3877907022761,-9.323179667473596,0.7949918993742654,-0.039424597826428064,-0.004933160501423117,0.08333333333333333,0.0,4.583333333333333,4.614324301846947,11.403441285602113,0,0,0
S2_p008_t002_s1792617518,2026-09-29T17:49:30Z,S2,8,1,0,0,11e59b875db8c3aa493603c15facf23f48c8c939504fab36761285e4976ef4bb,12000,16,1,180000,0.8162095568413532,1,0.3363118290419193,0.3047006888356329,0,1,173786,0.0,-2.257500788494362,-317.8044527397457,-9.33254067410981,0.6678492668224918,-0.03535059234658963,-0.004425328552315477,0.08333333333333333,0.0,0.0,4.807216149576983,11.285567298806887,0,0,0
S2_p009_t000_s1083440476,2026-09-29T17:49:45Z,S2,9,1,0,0,a5f11132c9753a5e3ec277d4912e73ae30e7b0c45ada169b7fea434ece3607ef,12000,16,1,180000,0.8031669847252781,1,0.32573243795509443,0.3026875971946869,0,1,173712,0.0,-2.4148774850736725,-323.97058052321216,-9.388392441250858,0.576307829017207,-0.04270429590768098,-0.005342734461009968,0.08333333333333333,0.0,0.0,4.57942371724549,9.130355213213694,0,0,0
S2_p009_t001_s406326303,2026-09-29T17:50:00Z,S2,9,1,0,0,9fd672d420f8481c22f1236126074412ef0dd76148ca1391cbe558c6e6ccb27e,12000,16,1,180000,0.8029227187042453,1,0.3301751138539412,0.30294233744614524,0,1,173696,0.0,-2.415574719798456,-325.303862886778,-9.384751728141639,0.5385099351595704,-0.05428053850246166,-0.006790169683426939,0.08333333333333333,0.0,3.25,5.391843926437812,9.124346545540943,0,0,0
S2_p009_t002_s2144757372,2026-09-29T17:50:15Z,S2,9,1,0,0,ce24b6f667967be623086823962d3d610d3a31ad43489b3ec362d50d97f9876a,12000,16,1,180000,0.8021416247391626,1,0.3302708902431948,0.30294233744614524,0,1,173735,0.0,-2.427508503583108,-322.05387301099654,-9.36259007813025,0.43750361858582887,-0.056358289983792095,-0.007052281900541857,0.08333333333333333,0.0,356.3333333333333,4.647573222611018,9.379282479385266,0,0,0
S3_p000_t000_s1030001410,2026-09-29T17:50:45Z,S3,0,1,0,0,4255cdb2835cf89678e290807b98c652f6bc7a9c48f30b46d53f410876d69342,12000,16,1,180000,0.9422401206556364,1,0.3520845449630645,0.3045154003390014,0,1,173473,0.0,-1.9189382851995123,-343.9237528601431,-9.61061827119158,0.957528916735392,0.09338541573532037,0.01166113024828519,0.08333333333333333,0.0,0.0,4.790901446415554,15.445397479738595,0,0,0
S3_p000_t001_s59102629,2026-09-29T17:51:00Z,S3,0,1,0,0,14a019952afa6172879691cf82d9d438245a08cf89a7b8bd42357974160c80ca,12000,16,1,180000,0.9421804303521005,1,0.35406854724043835,0.306005539118961,0,1,173450,0.0,-1.9314108779183696,-345.8403808434529,-9.60691133633404,0.8795443009541715,0.08465518581138878,0.010569030638180266,0.08333333333333333,0.0,1.8333333333333333,4.926005801031223,15.418834803130872,0,0,0
S3_p000_t002_s917633151,2026-09-29T17:51:15Z,S3,0,1,0,0,e6d880998e09550332a30577cfc392310c5d6354d7043409b6212e098d4d903f,12000,16,1,180000,0.7024739253794653,1,0.3363390728818425,0.3124925690856233,0,1,173574,0.0,-3.4494270683114694,-335.46833634970125,-2.417641218658092,12.923379882697548,819.7287221680423,102.44313786678458,7.916666666666667,0.0,3.25,11.55447535329479,23.86737423054521,0,0,0
S3_p001_t000_s1727488921,2026-09-29T17:51:30Z,S3,1,1,0,0,02c129c7572ff13674771a061db49b229a8172c6e4c2a46750fe05bf8b5ca8d5,12000,16,1,180000,0.8466698854088895,1,0.3539771787453863,0.31249256908562334,0,1,173613,0.0,-1.9718984422537442,-332.2226201448508,-9.078352981346727,0.9889593184675871,0.022850986401479163,0.002856624661035312,0.08333333333333333,0.0,0.0,4.500367807791564,15.311729903127452,0,0,0
S3_p001_t001_s1935099702,2026-09-29T17:51:45Z,S3,1,1,0,0,60515b4b7ebcd1da3f6e7f3e5f06b352ab0b3ae149d6c1cdcd1d0989c9766675,12000,16,1,180000,0.8463827487261557,1,0.3558568364326923,0.3036466965444167,0,1,173571,0.0,-1.9723857434800016,-335.72258201266294,-9.09284372157925,0.9241431707802715,0.025027046415815386,0.003127604963538033,0.08333333333333333,0.0,1.5833333333333333,4.722371432988144,15.222022654354216,0,0,0
S3_p001_t002_s1247340308,2026-09-29T17:52:00Z,S3,1,1,0,0,e8eeb40bc81d2b4edef05e9abfd07624fe11fae72890a846d5cf90e6397b247d,12000,16,1,180000,0.8462344563163327,1,0.36354737913732704,0.31098793742537856,0,1,173590,0.0,-1.9792105823113655,-334.13927787683133,-9.061323381138722,0.9952932522750445,0.013037098853975396,0.0016294809115606768,0.08333333333333333,0.0,0.0,4.954596104899247,15.259958719517684,0,0,0
S3_p002_t000_s2123842217,2026-09-29T17:52:15Z,S3,2,1,0,0,1f5a8703a690f1ed68c1ce07b160a88929223e542785b4747b08a76e1ce2f408,12000,16,1,180000,0.8464180741867773,1,0.3578023827123907,0.3109879374253786,0,1,173544,0.0,-1.9737702520002733,-337.9726240869926,-9.069257508214449,1.0758493112796879,0.00922361239067884,0.0011524165793161956,0.08333333333333333,0.0,5.583333333333333,4.556461432210212,15.143786966621946,0,0,0
S3_p002_t001_s741456992,2026-09-29T17:52:30Z,S3,2,1,0,0,68eac76f1c88e09c561157164bbc2dd40f3347fa8c0cfce2d558c08cb343cc65,12000,16,1,180000,0.8464789922583481,1,0.35492504947804493,0.3089446546828953,0,1,173611,0.0,-1.971081836912694,-332.3892383583946,-9.092245936946638,0.9060711669002972,0.0177600093081805,0.0022201610036063357,0.08333333333333333,0.0,0.75,4.737366907221164,15.175676681910472,0,0,0
S3_p002_t002_s859851708,2026-09-29T17:52:45Z,S3,2,1,0,0,772f2745574c945c2d5c91d0924c0994f30aaa0e65d0ed1198523d32ff7070fc,12000,16,1,180000,0.8465695741386299,1,0.36100801477684935,0.30962191609163897,0,1,173620,0.0,-1.9705268280749615,-331.63928253676505,-9.080029146637306,1.002674501749445,0.01737261531113683,0.002171889620967704,0.08333333333333333,0.0,0.0,4.704909000217603,15.508210635585332,0,0,0
S3_p003_t000_s1497291008,2026-09-29T17:53:00Z,S3,3,1,0,0,abab64deca0dcac95516cf75b853efa9a7365815c4fed6446435fb628e2f25ed,12000,16,1,180000,0.8463144390765535,1,0.3570278977501543,0.30962191609163897,0,1,173533,0.0,-1.9746938918177426,-338.8892829736645,-9.07127852768848,1.0172792350634612,0.015740410863284638,0.001966465269561013,0.08333333333333333,0.0,0.8333333333333334,4.757094159529097,15.288799224957565,0,0,0
S3_p003_t001_s2122590732,2026-09-29T17:53:15Z,S3,3,1,0,0,3ae09b671760dfb18cab557de3265616c4fd8f433f4794ee39dd5d9915d108e0,12000,16,1,180000,0.8465401008939414,1,0.3575138600223304,0.3081507351143619,0,1,173543,0.0,-1.9739599942874033,-338.0559611575506,-9.06987510457856,0.9175671792796456,-0.000902081352886054,-0.00011270694631093647,0.08333333333333333,0.0,3.0,4.9081376343754375,15.238299277034598,0,0,0
S3_p003_t002_s1592902622,2026-09-29T17:53:30Z,S3,3,1,0,0,d2ae724559eab3fdcc49d319396bc2588e81f08ca0a37af99ad4a6b54d815d9f,12000,16,1,180000,0.8463986561106036,1,0.35694697705765377,0.30907468233478935,0,1,173579,0.0,-1.9718774819513707,-335.05593663236084,-9.09240844585023,1.028063655378289,0.002496955813948327,0.0003120620467598201,0.08333333333333333,0.0,0.0,4.893334285053526,15.461972639444625,0,0,0
S3_p004_t000_s1269981715,2026-09-29T17:53:45Z,S3,4,1,0,0,23b9029c3e3ab5f2cd0813ce8cb12591d877c5608affb278477b35b8d71cf965,12000,16,1,180000,0.8461324540025995,1,0.3553655980153435,0.30907468233478935,0,1,173512,0.0,-1.9788336029238511,-340.6392927884044,-9.064594168372677,1.0219452917340635,0.012224144597138914,0.0015269179016286216,0.08333333333333333,0.0,3.416666666666667,4.802058497990833,15.310096014137303,0,0,0
S3_p004_t001_s1736958637,2026-09-29T17:54:00Z,S3,4,1,0,0,e068c906b23517ccd3a3d150476a476cabb551006818d3cd9cde9a6465f1d920,12000,16,1,180000,0.8470023027835163,1,0.3569173686766516,0.30587392297740335,0,1,173553,0.0,-1.9624830452544266,-337.222590324264,-9.11261680597454,0.9834459715140791,0.011391805213442302,0.001423417453224829,0.08333333333333333,0.0,0.0,4.577524981085463,15.244850155940856,0,0,0
S3_p004_t002_s204596110,2026-09-29T17:54:15Z,S3,4,1,0,0,642753c77d31923db00079bd837452ccdf7cb6ce54d96e69e0959b8abc4222f9,12000,16,1,180000,0.8463247053011755,1,0.36123548938602734,0.3098034291956534,0,1,173524,0.0,-1.976764268257579,-339.6392953354607,-9.056873236211963,1.0531846373752458,0.000100965768192098,1.2612845694093267e-05,0.08333333333333333,0.0,7.416666666666667,4.969039631510242,15.41645478198864,0,0,0
S3_p005_t000_s1505505932,2026-09-29T17:54:30Z,S3,5,1,0,0,fd49fc3e79d3f53c4ba43ae22900b090d122826952ca8d86c3421cae48def21e,12000,16,1,180000,0.8610882137645436,1,0.3546886339867372,0.3098034291956534,0,1,173743,0.0,-1.9718716408471135,-321.44207544436114,-9.08997842214269,0.9329902418218772,-0.03150153299752041,-0.003942133340842702,0.08333333333333333,0.0,0.0,4.886644615744979,15.717812160030318,0,0,0
S3_p005_t001_s574426862,2026-09-29T17:54:45Z,S3,5,1,0,0,f6965ca7240bbd471f46876b0868881134bf72643827154329bdafb94186bfbf,12000,16,1,180000,0.8609059786326727,1,0.3541464222176828,0.30714933256120186,0,1,173660,0.0,-1.9739010617900121,-328.3587606404126,-9.068067906691995,1.0554215650331962,-0.025227336555013292,-0.0031548802548968524,0.08333333333333333,0.0,2.6666666666666665,5.02302804824608,15.536735343005809,0,0,0
S3_p005_t002_s2081296688,2026-09-29T17:55:00Z,S3,5,1,0,0,12950026149cd5c2c834f50e7f281dabc0dd52170616f37b58ae75ea3fe9b8e3,12000,16,1,180000,0.8606064888694703,1,0.3551949678844859,0.3081398667041193,0,1,173692,0.0,-1.9850426987012462,-325.6920278024924,-9.030477354974083,0.8975645847413087,-0.02966695326608237,-0.0037110391840542434,0.08333333333333333,0.0,1.6666666666666667,4.560181620881761,15.514647587874002,0,0,0
S3_p006_t000_s1872296474,2026-09-29T17:55:15Z,S3,6,1,0,0,edf5162a7c646ab8f7a8d8396e1f24b09fd8739620e2b22346f8d9470b669af1,12000,16,1,180000,0.861441350654856,1,0.35350829619664653,0.30846932747155437,0,1,173712,0.0,-1.966001346883439,-324.0254090289982,-9.103413617303858,0.9861589062197902,-0.0869309571004413,-0.010875932042836212,0.08333333333333333,0.0,0.0,4.781299092854833,15.843756022450645,0,0,0
S3_p006_t001_s1187247710,2026-09-29T17:55:30Z,S3,6,1,0,0,0ddaf67b430a7d8f8d17d2014192b31d16fbe89600b6c7cbe85b894b7dc24c02,12000,16,1,180000,0.8616479901824032,1,0.35192911022883694,0.30846932747155437,0,1,173686,0.0,-1.9629888699779385,-326.1920773081001,-9.100007305263802,0.9877531112133553,-0.08940627805092441,-0.011183294883721828,0.08333333333333333,0.0,350.8333333333333,5.055508938386292,15.449126688343469,0,0,0
S3_p006_t002_s1223745501,2026-09-29T17:56:00Z,S3,6,1,0,0,ac31e1655bb034234df6a118ca5abcd4b5cfa1108a86a8d64381c29b12241c24,12000,16,1,180000,0.9369098167963497,1,0.3639449241575487,0.3102179815871073,0,1,173495,0.0,-1.9167849060041264,-342.07558678540835,-9.587121956700532,0.9928879126185197,-0.013006242036031433,-0.0016243885866060737,0.08333333333333333,0.0,3.5833333333333335,4.707989386712624,15.13487824275084,0,0,0
S3_p007_t000_s626911129,2026-09-29T17:56:15Z,S3,7,1,0,0,32e1e4388fea13eb5086f9d1321c63d48d77a47e8060bf7d14dff590f2fd9585,12000,16,1,180000,0.9369931040822812,1,0.36325172397630456,0.31021798158710734,0,1,173538,0.0,-1.9124966972397632,-338.49227832129753,-9.585962850794404,0.9196209707458418,-0.028261507994656505,-0.0035308797628204047,0.08333333333333333,0.0,0.0,4.4222921566235955,15.120422662939802,0,0,0
S3_p007_t001_s1969339727,2026-09-29T17:56:30Z,S3,7,1,0,0,eb3d9762faef261c961e0d19e66d256ee2e1a85a7f5c9bfcaf708291a5f4d50b,12000,16,1,180000,0.9367233397555952,1,0.3627518759497705,0.30784199682578184,0,1,173521,0.0,-1.9197400783900846,-339.9089561724492,-9.563557906630551,1.0734937956774404,-0.018859180188304864,-0.0023558699299428554,0.08333333333333333,0.0,0.0,4.690922107954698,15.63682918154022,0,0,0
S3_p007_t002_s115451501,2026-09-29T17:56:45Z,S3,7,1,0,0,b210cb8150267b298ff915d954491cedcd23292fd5c35bb9d0943c1565121db4,12000,16,1,180000,0.9362641994589311,1,0.3619884023873504,0.3072873981760882,0,1,173497,0.0,-1.9234925409511874,-341.90893405913266,-9.567762861882962,1.003175119727254,-0.024038547115321524,-0.0030022943419680814,0.08333333333333333,0.0,2.8333333333333335,4.760566518726828,15.425261680093508,0,0,0
S3_p008_t000_s1467476825,2026-09-29T17:57:00Z,S3,8,1,1,0,b513b2ce79ef44f45f3ba2a31dbec74a8233dfa3b894a8d0faf53895bfc679e5,12000,16,1,180000,0.9422414228134568,1,0.35834598929959083,0.3072873981760882,0,1,173151,0.0,-1.9235646071564068,-370.7570938353407,-9.610947420173877,0.9684984519251556,-0.08884138390362216,-0.011065105523812235,0.08333333333333333,0.0,357.9166666666667,4.671428301623084,15.62794314067444,0,0,0
S3_p008_t001_s154111274,2026-09-29T17:57:30Z,S3,8,1,1,1,cd78b69c6b58064888e147648569e0046dc55be5ca1ddac7c4803ba1051e52a5,12000,16,1,180000,0.9421330528286278,1,0.35939657944802966,0.3061175376827872,0,1,173508,0.0,-1.927095354175651,-341.00707837288127,-9.59976184698389,0.991010376596097,-0.08809585016709788,-0.011003700260971527,0.08333333333333333,0.0,330.8333333333333,4.881448164546503,15.47632209711458,0,0,0
S3_p008_t002_s1142253482,2026-09-29T17:58:00Z,S3,8,1,1,1,eae68fdb8bbb171dff0638db628c7b77f2f299cbd71bc1a0ce7dc6105ea69ba8,12000,16,1,180000,0.8138714892465505,1,0.35901944680412434,0.30521026727056877,0,1,173759,0.0,-2.346898270442553,-320.0560143957961,-6.596582059114108,35.26771171903678,-0.0032339333459907573,-0.00040474939578416524,8.25,0.0,314.33333333333337,12.206764539705604,16.889871382337805,0,0,0
S3_p009_t000_s395916349,2026-09-29T17:58:30Z,S3,9,1,1,1,25b14da37c627924816082ddf8ae3964d5197696311c8c2d0e6de063e213b251,12000,16,1,180000,0.8615855998881136,1,0.3505980727356358,0.30497503258529995,0,1,173488,0.0,-1.971811151867505,-342.6920543323134,-9.098864565682035,1.0245861457205274,-0.1670318815634722,-0.02085994356093579,0.08333333333333333,0.0,41.916666666666664,4.4891078002006,15.684806700273896,0,0,0
S3_p009_t001_s1232141577,2026-09-29T17:59:00Z,S3,9,1,1,1,bc2f407ea217acdd00dbd72fe0451c8316a123e8e0253f73070fc76f39f9471b,12000,16,1,180000,0.9419384561812294,1,0.35915107579243705,0.30413342599477605,0,1,173559,0.0,-1.9344814456967907,-336.75707901262894,-9.575956141862465,0.9674017597072488,-0.10214997882829956,-0.012764354904447828,0.08333333333333333,0.0,28.583333333333332,5.495109542259832,15.63253462586053,0,0,0
S3_p009_t002_s1753739609,2026-09-29T17:59:30Z,S3,9,1,1,1,00111bceaab61cbd67a5632d48b2d0ba571e58ff5c4add1c2be3eea99642b34c,12000,16,1,180000,0.8457994820905335,1,0.4186239963562536,0.3666786886862039,0,1,173550,0.0,-1.9894083141617713,-337.47263008986374,-9.035537169632965,1.0223727787645795,-0.033632942567741964,-0.004202368907954224,0.08333333333333333,0.0,24.583333333333332,4.675734613982099,15.563589899044556,0,0,0
S4_p000_t000_s1380025803,2026-09-29T18:00:15Z,S4,0,1,0,1,a8500d55d7e694cb09dec1bcc592b48b2f0b49a67ecd35b413278d440ab4995e,12000,16,1,180000,0.9730869136812736,1,0.39670751616338307,0.3666786886862039,0,1,173388,0.0,-1.1120340189257198,-351.00810323566657,-13.765366388343827,0.5975619077925985,0.09663733681633653,0.012058986711963371,0.08333333333333333,0.0,0.0,4.6927365367259215,15.723513591432127,0,0,0
S4_p000_t001_s1028796488,2026-09-29T18:00:30Z,S4,0,1,0,0,fa3f87bb2dc15413d00a1d96f4d65ec78ffdfce648648bcd199461780d26fc7a,12000,16,1,180000,0.973222185986827,1,0.38432512767471544,0.3544964581009171,0,1,173378,0.0,-1.103273896945495,-351.8414608703861,-13.798357246863171,0.6038783593995294,0.10436088589402576,0.01302173389831296,0.08333333333333333,0.0,6.75,4.701870684319207,15.66737426480639,0,0,0
S4_p000_t002_s1457782904,2026-09-29T18:00:45Z,S4,0,1,0,0,665e55110b867a544b3c9fe60dfb0c0c2bbbda73e0836286464b22e08bec025f,12000,16,1,180000,0.9732042554688678,1,0.3830758011917117,0.3544964581009172,0,1,173459,0.0,-1.104498305328475,-345.0914581089079,-13.793591089787473,0.6441355329300438,0.10633170593378447,0.013276257807774527,0.08333333333333333,0.0,0.0,4.616448671984397,15.647173621407681,0,0,0
S4_p001_t000_s1710814298,2026-09-29T18:01:00Z,S4,1,5,0,0,d3edeaed5f1202b67984efba1a73791559ad87d89b0cdb939a149e1266203dcf,12000,16,1,180000,0.6944058754294352,1,0.4229790965299269,0.528638013864102,0,1,173435,0.0,-4.1953809528663895,-347.0888207170404,0.19238584073117557,48.721144829975785,1063.656076187484,132.7793789587122,10.416666666666666,0.0,0.0,13.49283551883013,22.274477223765313,0,1,0
S4_p001_t001_s1662193313,2026-09-29T18:01:15Z,S4,1,5,0,0,d0786cd8abd38685d0154fa742bc0b160971009b35ec0fd6661236be642cdbea,12000,16,1,180000,0.8994188304586394,1,0.5268327837166399,0.528638013864102,0,1,173534,0.0,-1.2187655672532904,-338.85970207733226,-14.956182301803382,0.49612047958968797,0.07347494723217515,0.009179372107610106,0.08333333333333333,0.0,0.0,4.685354714970335,10.634108598512066,0,1,0
S4_p001_t002_s196226190,2026-09-29T18:01:30Z,S4,1,5,0,0,5520f890f0c29b65b29a381f3ab8586a062da530d13ab8b13c3b669fd4bc1cb6,12000,16,1,180000,0.8992018798543557,1,0.5242085444452022,0.5280675375406659,0,1,173457,0.0,-1.2215803146884159,-345.27636481284327,-14.957637113396684,0.4535447969243057,0.07043998482873602,0.008794784305791836,0.08333333333333333,0.0,5.5,4.914971942537219,10.670146137650045,0,1,0
S4_p002_t000_s139150452,2026-09-29T18:01:45Z,S4,2,10,0,0,8e3a9ea741b2d6aebdac327ccea977b3fb06f53a8ab6ee04093ab4cdb598781e,12000,16,1,180000,0.9014775952153301,1,0.7176162813134354,0.7797841592258578,0,1,173523,0.0,-0.9916209565822809,-339.7776677775303,-17.708876549709135,0.6947317214239546,0.051677517115939715,0.006455607115640305,0.08333333333333333,0.0,1.75,5.5522717060573195,11.89495679067078,0,1,0
S4_p002_t001_s1124369827,2026-09-29T18:02:00Z,S4,2,10,0,0,9ff53e4d200262d25132bb8c63881b38ea8cb09a34d525287cd3a8f4bb5b8e94,12000,16,1,180000,0.9016397607621703,1,0.7159539713489932,0.7812619387918875,0,1,173544,0.0,-0.9895676113241924,-338.0276658128423,-17.740380620181813,0.6527639965910105,0.05167209312202404,0.006456014658851927,0.08333333333333333,0.0,0.0,5.215681094414557,11.750526354690042,0,1,0
S4_p002_t002_s820497043,2026-09-29T18:02:15Z,S4,2,10,0,0,d97a8d4e4b2b11b64de9da4cf082c099a8b70adbbf3500db1214e6e23ebe094f,12000,16,1,180000,0.9015385855044711,1,0.7189869387429177,0.7812619387918875,0,1,173490,0.0,-0.990607641471458,-342.5276672149872,-17.740017418716825,0.6925040846312136,0.05435605685527751,0.006788419228541898,0.08333333333333333,0.0,1.25,4.992978363179271,11.747801838234238,0,1,0
S4_p003_t000_s11459573,2026-09-29T18:02:30Z,S4,3,20,0,0,2a5af20dd4a9a4b96faee8607d3b12a60b284a4024bbf4e446d90070dc07156f,12000,16,1,180000,0.9143306881706,1,0.7609452586261838,0.8138162646274643,0,1,173505,0.0,-0.8205209694943529,-341.27825757453746,-17.695212164552878,0.8101349831026807,0.061150083468221705,0.007637828875431296,0.08333333333333333,0.0,1.6666666666666667,5.686119920182251,17.474715592652416,0,1,0
S4_p003_t001_s1313953807,2026-09-29T18:02:45Z,S4,3,20,0,0,3cbfdcdf40329643461b954687e904876be7773a2afce6cff503507b8f336794,12000,16,1,180000,0.9143746037254072,1,0.7601151046741539,0.8138162646274643,0,1,173525,0.0,-0.8197962546131615,-339.61159589818755,-17.696632757476905,0.8620357980407274,0.06495721230886263,0.008114649833260046,0.08333333333333333,0.0,0.0,5.376713101033243,17.658898297947538,0,1,0
S4_p003_t002_s205499031,2026-09-29T18:03:00Z,S4,3,20,0,0,b256a5e56aef7f6659192e4afa3ea361cb6b46d56d79b5b2df0bd73c3a4bed68,12000,16,1,180000,0.9143496769577696,1,0.7603179783857842,0.8123339203276186,0,1,173495,0.0,-0.8206817922873832,-342.11158544304516,-17.70114469352583,0.8517197796827218,0.05853100030908897,0.007310112221603049,0.08333333333333333,0.0,0.0,5.530978292054066,17.589244268408187,0,1,0
S4_p004_t000_s984663940,2026-09-29T18:03:15Z,S4,4,30,0,0,561f44f02e8724a2c34099dbd8e39f091c5d42b7c0e7cf3f86171a02d9dc5f1c,12000,16,1,180000,0.9225734354173535,1,0.8147016500762498,0.8676097313437321,0,1,173485,0.0,-0.668990908779894,-342.9457255965208,-18.76682331090029,1.024805650359647,0.060367838781239636,0.007538916810517549,0.08333333333333333,0.0,1.9166666666666665,6.228309286486561,17.093734456919645,0,1,0
S4_p004_t001_s484615558,2026-09-29T18:03:30Z,S4,4,30,0,0,d6f0c6756535fb856c4952621e926090cdb61ec43b34decdb95b12d31f3ef1e2,12000,16,1,180000,0.9228359584207813,1,0.8161734760375284,0.8682260144619003,0,1,173508,0.0,-0.6641701428280415,-341.0290923324325,-18.79452902401987,1.0052916861961234,0.06206615086724606,0.007752434640224237,0.08333333333333333,0.0,0.0,6.26279068823985,17.114413026000033,0,1,0
S4_p004_t002_s330630277,2026-09-29T18:03:45Z,S4,4,30,0,0,13490c2b158d2c45a50cf2cedc0a71031866c36b2ef9034d0b779bf123aba4f7,12000,16,1,180000,0.9227422974161494,1,0.8151027470358889,0.8682260144619003,0,1,173454,0.0,-0.6655668367731777,-345.5290807804892,-18.7935490777259,1.0083686739259512,0.06187879366965044,0.007725691147243197,0.08333333333333333,0.0,371.4166666666667,6.276400287354587,17.13823694869649,0,1,0
S5_p000_t000_s1561858501,2026-09-29T18:04:15Z,S5,0,1,0,0,cf1c4ab548e6890fc27719fb4707ae2fa87136eab213f559f522d99afa544794,12000,16,1,180000,0.6036532486890241,1,0.013681340977525144,0.011612053423507095,0,1,173532,0.0,-5.607343359036207,-339.0222783804141,0.728734094305959,50.276103090457475,795.3927488019941,99.36841610783313,7.75,0.0,0.0,9.984893832370195,9.191048004189868,0,0,0
S5_p000_t001_s960283802,2026-09-29T18:04:30Z,S5,0,1,0,0,80578b418276e8ade193ae85dff6306626cdf6bbdda44b29fd68112faa5cb1e2,12000,16,1,180000,0.911688016427272,1,0.01070419259356384,0.01140580408767393,0,1,173626,0.0,-2.8390509594366864,-331.15834400475006,-8.121746995336828,0.1431182339480197,-0.0009105948772649724,-0.00011384621393517591,0.08333333333333333,0.0,0.0,5.1282700754789525,2.4961446377813945,0,0,0
S5_p000_t002_s892021093,2026-09-29T18:04:45Z,S5,0,1,0,0,79147f418c1e6adbcfa79392cb9af6d63c8159c544bfd2e135d1c73c213f676d,12000,16,1,180000,0.9113464144887152,1,0.010844093223057256,0.010657549785587497,0,1,173570,0.0,-2.8459888891038663,-335.82500205485667,-8.108179367316774,0.1855149333922328,-0.0023306403499538868,-0.0002912554632530373,0.08333333333333333,0.0,0.0,5.084090479647897,2.6962764605429888,0,0,0
S5_p000_t003_s1972790602,2026-09-29T18:05:00Z,S5,0,1,0,0,25b0b21be59d571d04e133254458a715417aebeb9713511a5a5b64dc23c43744,12000,16,1,180000,0.911374432074802,1,0.012899653329131023,0.01270485432429288,0,1,173563,0.0,-2.839940770455569,-336.40838754768146,-8.08884470027548,0.1454844739815465,0.0010567185861912686,0.0001320486112490471,0.08333333333333333,0.0,2.0,5.422691895105784,2.2855328230924403,0,0,0
S5_p000_t004_s522357441,2026-09-29T18:05:15Z,S5,0,1,0,0,abc80577d165e23ee78f2d5455188e3b68b23384e7a3776be58b2b6e4857a8f8,12000,16,1,180000,0.9111972880325947,1,0.01203610095253336,0.012704854324292879,0,1,173587,0.0,-2.8465117171896965,-334.40836742572475,-8.081760966500092,0.13607106191342672,-0.0008907393106597069,-0.00011132905274280347,0.08333333333333333,0.0,4.083333333333333,4.729270430106588,2.220453287114737,0,0,0
S5_p000_t005_s434100809,2026-09-29T18:05:30Z,S5,0,1,0,0,94607c9a335b6a8ca305535f5b281beffa6644e93e20d94c914a625d166cdacc,12000,16,1,180000,0.9117684171421178,1,0.011049058916741532,0.011252553894009865,0,1,173636,0.0,-2.8327582405744907,-330.3249991660044,-8.131750889302328,0.17512273895891955,-0.002072933426171998,-0.00025918715800798964,0.08333333333333333,0.0,0.9166666666666666,4.664031765511087,2.340784890819562,0,0,0
S5_p000_t006_s1987541040,2026-09-29T18:05:45Z,S5,0,1,0,0,9ea69fd03d227765f00c105ab6e771a346032d281c4dbc748acabab9bf16e69a,12000,16,1,180000,0.911035671738271,1,0.011788882400326975,0.011252553894009865,0,1,173647,0.0,-2.8523411751004204,-329.40837555000815,-8.072478258240105,0.12869542786934896,0.0025927306292116343,0.0003242080015297688,0.08333333333333333,0.0,0.0,4.710602122039282,2.1989645811969147,0,0,0
S5_p000_t007_s1550731733,2026-09-29T18:06:00Z,S5,0,1,0,0,5ea492e5a32e99c3bf48a1b4039ce64e76c216b06f179af82023b578002291d6,12000,16,1,180000,0.5262123577036972,1,0.011800659002309661,0.01264019616052306,0,1,173621,0.0,-7.5806397385249475,-331.5753544377652,3.8689238743775833,44.33713631629247,1012.9034685180046,126.63217873065241,9.916666666666668,0.0,0.0,7.407935527971522,6.307058544404118,0,0,0
S5_p000_t008_s978267978,2026-09-29T18:06:15Z,S5,0,1,0,0,649826fc12264d298ffb6d8318916027b5cafae4fefe6ddb8ddda1fabccf409d,12000,16,1,180000,0.8243464815692337,1,0.01202589958729745,0.012640196160523061,0,1,173713,0.0,-2.938895998133658,-323.93902024016217,-7.418915090260146,0.17575348436583763,0.0013344118026467119,0.00016694959504093276,0.08333333333333333,0.0,0.8333333333333334,4.576295190970384,2.115098922996816,0,0,0
S5_p000_t009_s1361001477,2026-09-29T18:06:30Z,S5,0,1,0,0,d1dbfb844ee5fbad493e70dc82eb766628fee7e8c1172ba42227fabf3d47d8ca,12000,16,1,180000,0.8236883000038598,1,0.011307832338351812,0.011420613674509299,0,1,173723,0.0,-2.9452392200406985,-323.105691575478,-7.423202506118866,0.12312458757806254,-0.0014702862483974683,-0.00018396368568573962,0.08333333333333333,0.0,0.0,4.960774976787403,2.026859164205944,0,0,0
S5_p000_t010_s1672796167,2026-09-29T18:06:45Z,S5,0,1,0,0,ffcc08a016947ef4bede3ea53292a0482eeca5f1022aa59ea85ca2dbb2df5ed0,12000,16,1,180000,0.8230993465284508,1,0.012037252924505344,0.0114206136745093,0,1,173679,0.0,-2.955855249556713,-326.7723548975682,-7.392316575984523,0.10747330093159962,-0.0018966365911409,-0.0002372256149101304,0.08333333333333333,0.0,3.1666666666666665,4.8698090421517195,2.341505802312969,0,0,0
S5_p000_t011_s363339928,2026-09-29T18:07:00Z,S5,0,1,0,0,f8ce327876913bc61f1b8e4cc11d60fe2489ffc10086fa1b02a9168f1e29ab0a,12000,16,1,180000,0.82315689449082,1,0.01165937372723865,0.011843584048481388,0,1,173717,0.0,-2.954061391220013,-323.605699458553,-7.409569413416754,0.14241869707887256,0.001243304078245618,0.00015555598974970053,0.08333333333333333,0.0,0.0,4.812130753135909,2.3822400182501418,0,0,0
S5_p000_t012_s920581965,2026-09-29T18:07:15Z,S5,0,1,0,0,3e44f98a0b3d7968585220d588caf5acfed2dfeaa82dee1b44481b6e60efb9c2,12000,16,1,180000,0.8233605344345508,1,0.011791286912995762,0.011843584048481388,0,1,173712,0.0,-2.952633248820443,-324.0223544516108,-7.40181525051983,0.20148862804273143,0.008744122728911568,0.0010939771946141263,0.08333333333333333,0.0,0.0,4.659234608264515,2.05582213428733,0,0,0
S5_p000_t013_s1985403058,2026-09-29T18:07:30Z,S5,0,1,0,0,7c03162ba7a909e60c06e5ecbd7d83748474a87caaa8bfd80ae77d1f50be37d0,12000,16,1,180000,0.8237763624842483,1,0.011349217056203148,0.011125160529121431,0,1,173705,0.0,-2.9372163502736166,-324.6057534210322,-7.429828028279385,0.12752880965541644,0.010078354043447032,0.0012608323258973542,0.08333333333333333,0.0,0.0,5.252511412931054,2.2332333150542,0,0,0
S5_p000_t014_s1613680917,2026-09-29T18:07:45Z,S5,0,1,0,0,a0966dff2a1cce53415086ca4dda1cc69244f566f4d03dda4d718efbb6934df0,12000,16,1,180000,0.8243554540465607,1,0.011341640620355307,0.011461729475122348,0,1,173666,0.0,-2.939236730569344,-327.85567494382303,-7.440159339849227,0.18571772242656467,0.00138795822293382,0.00017358360719299526,0.08333333333333333,0.0,8.833333333333334,4.762124502089239,2.4896683373923243,0,0,0
S5_p000_t015_s1930000429,2026-09-29T18:08:00Z,S5,0,1,0,0,380f20241c4135e700279807f1e93ba9929026a525f8096b2d3627c9e407c4a6,12000,16,1,180000,0.8241725177461611,1,0.011484719477172948,0.011797850443511636,0,1,173772,0.0,-2.9356467126877432,-319.0223616917083,-7.4420453078158335,0.1665843826577286,0.004005831960971404,0.0005014099865547905,0.08333333333333333,0.0,0.0,5.046720576122381,2.042188520888249,0,0,0
S5_p000_t016_s216305983,2026-09-29T18:08:15Z,S5,0,1,0,0,826e0e3f05ee8c7f70f7f49ee2e396648ea6740a46a6508cff2c0bd95c6b616a,12000,16,1,180000,0.8233029322648847,1,0.011917107286969321,0.01194803245568392,0,1,173755,0.0,-2.951677282728518,-320.4390237702252,-7.4184897014721045,0.14113001671897557,-0.0022379039254712633,-0.000280080389984505,0.08333333333333333,0.0,0.0,4.98638044346857,1.7630772838141118,0,0,0
S5_p000_t017_s312112809,2026-09-29T18:08:30Z,S5,0,1,0,0,5e72b994c0b883560ee69e40c457905e02dcc8acf0bc395894ff82b806f5f867,12000,16,1,180000,0.824353675439571,1,0.011576131108001517,0.013242238465470636,0,1,173674,0.0,-2.9402562587410426,-327.18897401795766,-7.428680533394142,0.140727025959184,-0.018644404221232525,-0.0023318929247579945,0.08333333333333333,0.0,0.0,5.065850080916562,1.9583703208295475,0,0,0
S5_p000_t018_s1052303369,2026-09-29T18:08:45Z,S5,0,1,0,0,7d99650da438229a155d9b4e949662239a910ecc43b1430bc3d8a328aefb935d,12000,16,1,180000,0.8246941426662527,1,0.012147687291735489,0.013242238465470636,0,1,173662,0.0,-2.926102794012053,-328.18903846149624,-7.466415704873993,0.13631345219908117,-0.010394820517382683,-0.0012999762539038784,0.08333333333333333,0.0,8.25,5.010821205367804,1.9286512017106696,0,0,0
S5_p000_t019_s217579570,2026-09-29T18:09:00Z,S5,0,1,0,0,c48c926c9bad0e3055aad6e53b58e2f9fe45804dd024542d310369051cf33f15,12000,16,1,180000,0.8239360166630256,1,0.01289908891339108,0.011825340334323904,0,1,173761,0.0,-2.9390489378496136,-319.9390362635635,-7.4186404300742215,0.07697526072381665,0.001523854194459788,0.0001907240671243926,0.08333333333333333,0.0,359.0833333333333,4.8584582737841915,2.370126219576096,0,0,0
S5_p000_t020_s99964177,2026-09-29T18:09:30Z,S5,0,1,0,0,9fd5a04b3fa0f5c22da02ea72f5732bc8a33ec767208a78b08d8198e13de1c72,12000,16,1,180000,0.8232139108919148,1,0.01304477910499579,0.011430700011323071,0,1,173545,0.0,-2.9497907994228436,-337.93905210845395,-7.408451618911993,0.17843861441468004,0.0055145754949851985,0.0006890076060699357,0.08333333333333333,0.0,2.8333333333333335,4.677008032923154,2.2799348510202986,0,0,0
S5_p000_t021_s490683040,2026-09-29T18:09:45Z,S5,0,1,0,0,bd7fd7694743d5982de20ed94a11f7b1a89c2fe92e7510e609eaaaf4fb8c7666,12000,16,1,180000,0.8237357670239915,1,0.01119224542476852,0.01184653938728869,0,1,173579,0.0,-2.9372218590770904,-335.10574499520834,-7.42240640199883,0.11859972974225615,-0.0015360745050633509,-0.00019197398341930239,0.08333333333333333,0.0,3.1666666666666665,4.695763597059194,2.2543861082218077,0,0,0
S5_p000_t022_s1940961689,2026-09-29T18:10:00Z,S5,0,1,0,0,92b5f517c8f47da64b0cd23444da8f41f58fb6f77e2fb4c7950462091d540acb,12000,16,1,180000,0.8237572963312262,1,0.012470212295716562,0.01222168085676451,0,1,173617,0.0,-2.9489153981296483,-331.9389900252651,-7.407890462847445,0.17353387237750517,-0.002274081826245259,-0.00028429433950805105,0.08333333333333333,0.0,0.0,5.309679896742635,1.8859605431116684,0,0,0
S5_p000_t023_s1454648504,2026-09-29T18:10:15Z,S5,0,1,0,0,9863b107e895e8ea0e0c6b08e7600c12b465033fae518559ed6e217db93f067e,12000,16,1,180000,0.8232258087821355,1,0.01139298909612149,0.012221680856764509,0,1,173604,0.0,-2.9544819364810158,-333.02236983671656,-7.3968359630113225,0.11872892157995826,0.02136173480210994,0.0026702595737333468,0.08333333333333333,0.0,0.4166666666666667,5.045124265423461,2.1524542896392767,0,0,0
S5_p000_t024_s558398644,2026-09-29T18:10:30Z,S5,0,1,0,0,0d3345ba49a32c8c99251f2fe979b315da7ecf917252581adf934086f6b3d5c4,12000,16,1,180000,0.8242798491124128,1,0.0116476229217521,0.011320390480114302,0,1,173609,0.0,-2.9367301309720393,-332.6056624603928,-7.422810874110644,0.14367581622321135,-0.004649460981782711,-0.0005812151689497114,0.16666666666666666,0.0,0.0,4.748462394529126,2.3150780938976916,0,0,0
S5_p000_t025_s1286326493,2026-09-29T18:10:45Z,S5,0,1,0,0,8f486afd27a6239f407bce87b10aec4d86b0aa0b424728635bac66caa1303255,12000,16,1,180000,0.8237809770374028,1,0.011672195976241672,0.011438325274920134,0,1,173602,0.0,-2.944298236789897,-333.1890197144282,-7.418572728897551,0.11957952520141131,0.005763922916230513,0.0007204903645288141,0.08333333333333333,0.0,0.16666666666666666,5.334355488424319,1.974663684268358,0,0,0
S5_p000_t026_s905618129,2026-09-29T18:11:00Z,S5,0,1,0,0,3fb8205d93e1f3fbe8fcbd357d7386abd9d2be7c5ecd8cc5eec4a6a9ebc65a0b,12000,16,1,180000,0.748379153016273,1,0.012565187177812291,0.013039589560558134,0,1,173737,0.0,-3.3639758928915415,-321.8887669177062,-5.20263454156371,32.668428810323036,-0.011973396798453736,-0.0014982910083745082,10.5,0.0,0.3333333333333333,12.829393295677512,13.18266295764553,0,0,0
S5_p000_t027_s649442228,2026-09-29T18:11:15Z,S5,0,1,0,0,56f75b4d7910817666daca63258b0b106de1741284ec9e344968544a6b39c593,12000,16,1,180000,0.7871992460889201,1,0.011867233692227136,0.01321816363286422,0,1,173741,0.0,-2.9154020670550085,-321.5553696363543,-7.52526470398681,0.11556188574797364,0.0007403393928241233,9.264533127861796e-05,0.08333333333333333,0.0,0.0,4.860421106858803,2.8546827625123767,0,0,0
S5_p000_t028_s1033628820,2026-09-29T18:11:30Z,S5,0,1,0,0,04f2b02ddc8f928882d6a159ab7b2f914ad13996b48c4c49ed544e86c30cf480,12000,16,1,180000,0.7869798344520894,1,0.013410709501535459,0.01321816363286422,0,1,173678,0.0,-2.9155562009751117,-326.80535990163906,-7.543709742237461,0.14645857514104643,-0.012457519513159019,-0.0015581367106278776,0.08333333333333333,0.0,8.0,5.217038116066033,2.1909839336517463,0,0,0
S5_p000_t029_s815515411,2026-09-29T18:11:45Z,S5,0,1,0,0,c61a113d51628d1688fa6e0f0e4a0103671c51fb61fc180edc44ec30997cad02,12000,16,1,180000,0.7851138714742877,1,0.012122611556441667,0.010522630375740043,0,1,173774,0.0,-2.9458970989457436,-318.80538901662413,-7.487047990283793,0.16879562811196797,0.012865848128172238,0.0016104439418995753,0.08333333333333333,0.0,0.0,5.637189117451989,2.4807623991070207,0,0,0
S5_p000_t030_s1593614182,2026-09-29T18:12:00Z,S5,0,1,0,0,98ff1d829af099a8712eb668ba75874c25f1d55894717f93f8812f50610a8e93,12000,16,1,180000,0.7867458092741964,1,0.011807848799628082,0.011381903972451344,0,1,173766,0.0,-2.9200033961653853,-319.472078370872,-7.520740921249161,0.12642868792876455,0.006138568455987681,0.0007683277822252421,0.08333333333333333,0.0,0.0,4.696977559069091,2.1883150033114616,0,0,0
S5_p000_t031_s1722507941,2026-09-29T18:12:15Z,S5,0,1,0,0,08791b1b8270e4a253558df8b4c1b13a37a2ca1bc8518157f35dabeddedf0af8,12000,16,1,180000,0.7862352209257004,1,0.012607330249427734,0.011381903972451344,0,1,173711,0.0,-2.93225517691974,-324.0554120712938,-7.509847485241253,0.1892678830246741,-0.0005196568912754386,-6.501375401057885e-05,0.08333333333333333,0.0,0.0,4.596943243709598,3.1304765791028286,0,0,0
S5_p000_t032_s1695726775,2026-09-29T18:12:30Z,S5,0,1,0,0,4236028a7c9141a710f2e54c29ff7240d7decd4efcb77450ca686f21d30eebc0,12000,16,1,180000,0.7856642326599274,1,0.012350778935906892,0.011266541992162515,0,1,173683,0.0,-2.9457416045180635,-326.3887534344437,-7.467581732746434,0.13577935150214987,0.0008238368444044692,0.00010304633633495541,0.08333333333333333,0.0,0.75,4.845962925031801,2.2557656359560765,0,0,0
S5_p000_t033_s51254525,2026-09-29T18:12:45Z,S5,0,1,0,0,da0d8443d7b8eb4b27e37edfcf32969d8be667cb4c9baafe45031f9048ca71e2,12000,16,1,180000,0.7862081494321203,1,0.011231657212426034,0.011266541992162515,0,1,173692,0.0,-2.9284476504047356,-325.6387110481567,-7.5102141202283965,0.14453582832421635,0.0006844921398731672,8.562312177673448e-05,0.08333333333333333,0.0,4.75,4.867348890172679,2.232366648312785,0,0,0
S5_p000_t034_s1745018624,2026-09-29T18:13:00Z,S5,0,1,0,0,5bbf3cb254ade0156219cab4ea3cfefed12b2fb9109d28bab8961d5bf4d45cf4,12000,16,1,180000,0.7843433533103358,1,0.01247923118032364,0.01173937934108169,0,1,173749,0.0,-2.95708870162747,-320.88870212615376,-7.467857349383928,0.1457193608643335,0.011312735574807092,0.001415754918980383,0.08333333333333333,0.0,0.0,5.348512623108413,2.1450382995815804,0,0,0
S5_p000_t035_s977203227,2026-09-29T18:13:15Z,S5,0,1,0,0,b89c365c6ab7d00e470b024f71163cdae1213fdac1f269e68fce1719dbabc73d,12000,16,1,180000,0.7866496595636927,1,0.012623040884134414,0.011906754434669618,0,1,173687,0.0,-2.9252493573964906,-326.0553774533073,-7.512775496429608,0.14073563824162144,0.001475339588012759,0.00018454285236657597,0.08333333333333333,0.0,4.0,5.095721944104524,2.1775033707925124,0,0,0
S5_p000_t036_s2083372684,2026-09-29T18:13:30Z,S5,0,1,0,0,eec107956a89367667772181e92e44a5f25fd731591ac9a660562872c8ea184f,12000,16,1,180000,0.7862290031133565,1,0.011568390911332117,0.011941561547457529,0,1,173735,0.0,-2.9325179890612962,-322.05539644231675,-7.493173146490092,0.10747496413056998,-0.012456829739122833,-0.0015587604757456575,0.08333333333333333,0.0,0.0,4.833179666602195,2.2057375757336026,0,0,0
S5_p000_t037_s1544718727,2026-09-29T18:13:45Z,S5,0,1,0,0,7ecf70c5498918eb2738b815bf7e1612d234dc312357b1b89662be6e9d48bae1,12000,16,1,180000,0.7852822716184862,1,0.012037125695844099,0.011941561547457529,0,1,173677,0.0,-2.9498239583814807,-326.8887395310534,-7.471531937465233,0.1598711738525009,-0.003327976812650843,-0.0004162466998423042,0.08333333333333333,0.0,1.5833333333333333,4.900944772933152,1.8405267749134016,0,0,0
S5_p000_t038_s894361021,2026-09-29T18:14:00Z,S5,0,1,0,0,6e53f4e1a64e559da216f011db493bd4e89b1316e321b3cf4bd568b2dc032e11,12000,16,1,180000,0.7858438798429298,1,0.01229612505284697,0.01152536370534649,0,1,173696,0.0,-2.9406634363446322,-325.305437485317,-7.479615696980657,0.11765138951127405,0.0054819712701389125,0.0006857617140667571,0.08333333333333333,0.0,5.0,4.85492976730271,2.1134803775273605,0,0,0
S5_p000_t039_s819664372,2026-09-29T18:14:15Z,S5,0,1,0,0,a23d6b4df2843f7bb98128dca967e7ce9bcc00cb7d2393cc14902c5ec45ecbd9,12000,16,1,180000,0.5248238426458165,1,0.012715213839495688,0.011299748597758093,0,1,173857,0.0,-6.8976184898838975,-311.9388158680916,2.8757519003587415,50.4953929438464,801.538911102809,100.39675631018235,7.75,0.0,343.1666666666667,7.985443204158296,7.416029559688685,0,0,0
S5_p000_t040_s857399851,2026-09-29T18:14:45Z,S5,0,1,0,0,c9518f4d2a2020db9ecdd01b48b53a6b51f2fff8dbb11262034076ea11fbae65,12000,16,1,180000,0.9259401137003254,1,0.011905097304061644,0.011434955377139051,0,1,173558,0.0,-2.809418601738487,-336.8386026592004,-8.240062565619771,0.14799961217850194,0.0014129598959461702,0.00017655781675784965,0.08333333333333333,0.0,3.6666666666666665,4.995271389410551,2.0762869516326563,0,0,0
S5_p000_t041_s1795049623,2026-09-29T18:15:00Z,S5,0,1,0,0,c016ac83e3784ab7db87b4e531df1fbab91bf3966f445e40454d06515e84d6d4,12000,16,1,180000,0.7729118858132923,1,0.01159221796046936,0.011434955377139051,0,1,173719,0.0,-4.283880625429717,-323.4083218771284,-2.154568064713274,43.599372019050556,936.4043788336577,117.16010666653074,9.083333333333334,0.0,0.3333333333333333,12.51580896217325,11.324235210844494,0,0,0
S5_p000_t042_s190457367,2026-09-29T18:15:15Z,S5,0,1,0,0,077aabc1312bd7a96ac46f03e8d7a7b092dd796260781b2741256873e31f09f1,12000,16,1,180000,0.9111887890497822,1,0.012252215660252723,0.01107464873018137,0,1,173723,0.0,-2.8514461050676445,-323.07501283676356,-8.0956272528524,0.1289240412042152,-0.0009637241256733274,-0.0001205821263283724,0.08333333333333333,0.0,0.0,5.172540728146689,2.3550138875494744,0,0,0
S5_p000_t043_s1463994837,2026-09-29T18:15:30Z,S5,0,1,0,0,9f318cfc45f3ac087bdcca5a1e310a88951bae5e23c8b4f542ec0c4e0c50ca2a,12000,16,1,180000,0.9118266348428206,1,0.0118461822813816,0.011512522855102006,0,1,173708,0.0,-2.8317160938088817,-324.325028328741,-8.122790469891841,0.13652278211674246,0.004878493293139077,0.0006103287819314573,0.08333333333333333,0.0,4.416666666666667,4.687234533095091,2.1817611414331703,0,0,0
S5_p000_t044_s1305633241,2026-09-29T18:15:45Z,S5,0,1,0,0,2b9aa0c17feb5a27cc0bd4e2f8d7526f822c9e62c3cd44e6cbbe45726939675d,12000,16,1,180000,0.9114018563971296,1,0.011249710016237566,0.011678784634285913,0,1,173761,0.0,-2.8507172822391498,-319.90834134917714,-8.103478483748102,0.13666753157770545,-0.0004353338729547302,-5.4485952205141075e-05,0.08333333333333333,0.0,0.0,5.233147266367434,2.2607949526257745,0,0,0
S5_p000_t045_s641567673,2026-09-29T18:16:00Z,S5,0,1,0,0,63a023da614d33f08e32aec02b5957eedb3326b69705fe3ea0511f670029af4b,12000,16,1,180000,0.9117249091983622,1,0.01176052798333686,0.011678784634285915,0,1,173744,0.0,-2.843430778894523,-321.32501020624414,-8.129020944380525,0.18101478962106649,0.0017308227290072312,0.00021659861795342294,0.08333333333333333,0.0,0.0,4.747685162390654,2.6317076212434767,0,0,0
S5_p000_t046_s342352341,2026-09-29T18:16:15Z,S5,0,1,0,0,f3cd4d757e08319beb85f48940811f94f5de38533cb23d655b41a0ddca5aa29f,12000,16,1,180000,0.9109752917277351,1,0.01371014999078059,0.011684347577656472,0,1,173710,0.0,-2.860180511921784,-324.1583602198195,-8.081747277579082,0.11956117930847684,-0.0006774506480331639,-8.475449567413307e-05,0.08333333333333333,0.0,0.8333333333333334,4.739434491242982,2.142371115430142,0,0,0
S5_p000_t047_s1976295519,2026-09-29T18:16:30Z,S5,0,1,0,0,2b039de21ef2c1a1d357536d9881903cb041afdd054c3d39de0d120e057b1ddc,12000,16,1,180000,0.9113880083182017,1,0.013449755975246253,0.012438424080307056,0,1,173720,0.0,-2.8471080553766495,-323.3250094775467,-8.10356630272665,0.09201031987336065,0.0017088826571886174,0.00021381198030212545,0.08333333333333333,0.0,1.1666666666666667,5.112031846140563,2.1304162509848674,0,0,0
S5_p000_t048_s26274461,2026-09-29T18:16:45Z,S5,0,1,0,0,105a0b8a3c0605ee45622d913068216b8df516f66064b03379cebf2f7610c73f,12000,16,1,180000,0.9108876303513339,1,0.012542466461653148,0.012438424080307056,0,1,173734,0.0,-2.8570776429187124,-322.158364333601,-8.064364153104655,0.13251811753681456,-0.00219372709576132,-0.00027450545894680545,0.08333333333333333,0.0,0.0,4.822597432838396,2.632019127206579,0,0,0
S5_p000_t049_s1345419483,2026-09-29T18:17:00Z,S5,0,1,0,0,742e4f181f0a1e7962400e0020b62c71e8713132f3ea314d9cb164dbd56b83e0,12000,16,1,180000,0.9119740552984917,1,0.01230763121591565,0.013085355031554318,0,1,173691,0.0,-2.829096562798651,-325.7416838123045,-8.137962001747999,0.15228261073257376,-0.0029938313167175113,-0.0003744953655768768,0.08333333333333333,0.0,0.0,5.254994835773724,2.3499567184485466,0,0,0
S5_p000_t050_s99021969,2026-09-29T18:17:15Z,S5,0,1,0,0,34be7bfbfd2ca7f5c1dd4e7684a0ba3a8a385c11ee04d60653b584bc97900015,12000,16,1,180000,0.9116502038049632,1,0.011411212361601444,0.013085355031554316,0,1,173670,0.0,-2.8402260588267456,-327.4916878861155,-8.114718200839029,0.17757082926759188,0.004465338853657698,0.000558470999749261,0.08333333333333333,0.0,1.9166666666666665,4.775725469394392,2.482207622572953,0,0,0
S5_p000_t051_s1479934108,2026-09-29T18:17:30Z,S5,0,1,0,0,3a62912faed0a85f74798c009684a04ba0a49b51249cb0e7a687c82af31e826a,12000,16,1,180000,0.9113532572454855,1,0.01221041202676295,0.011074855641030328,0,1,173693,0.0,-2.846960861119969,-325.5750284590692,-8.094610731039225,0.12505897463887095,0.004222383432127169,0.0005281821659082198,0.08333333333333333,0.0,3.0,4.834212027299628,2.7412896359289114,0,0,0
S5_p000_t052_s394618325,2026-09-29T18:17:45Z,S5,0,1,0,0,efc2bb6e0d60471cce1ad3dab2d6ba716d7209efab0727c58bfea9718bbbd1d4,12000,16,1,180000,0.801001434637246,1,0.013998196584109732,0.01454022921144404,0,1,173729,0.0,-3.9301205523518874,-322.57503498712987,-3.198021128605984,48.21087266977422,-0.0003003790638124186,-3.75855311176565e-05,1.5,0.0,0.0,13.056924234979888,14.39711569489659,0,0,0
S5_p000_t053_s628411764,2026-09-29T18:18:00Z,S5,0,1,0,0,ad56d0532b5bc4e6d8b2427dd30ff99aa62414aa80029af2e0f2fb1a83015c49,12000,16,1,180000,0.9117417663694585,1,0.013672254939288158,0.014540229211444043,0,1,173722,0.0,-2.833418293922294,-323.15836268942076,-8.117308425353853,0.1265484373207013,-0.003132410782931718,-0.00039192723716041655,0.08333333333333333,0.0,0.0,4.9978215396502925,1.9541215105347556,0,0,0
S5_p000_t054_s100976213,2026-09-29T18:18:15Z,S5,0,1,0,0,bd5c9f99c873e21145769282dd7c7bc202f4b539d5f1335646e1395d487bf689,12000,16,1,180000,0.9115220836471847,1,0.011655311054093516,0.012025786238237553,0,1,173722,0.0,-2.838708808161814,-323.15837591687404,-8.09511763888901,0.1296210008861841,0.0006173066918107653,7.723741327936295e-05,0.08333333333333333,0.0,3.0833333333333335,4.654418120130389,2.207163872233109,0,0,0
S5_p000_t055_s419571874,2026-09-29T18:18:30Z,S5,0,1,0,0,ffc730ec0e8ffd5457ffb7397b2dda5c865057fc2f49185013ccda72c29a4e15,12000,16,1,180000,0.910353441368743,1,0.011845310509629175,0.010819566177967187,0,1,173759,0.0,-2.8808504671109962,-320.07503405643,-8.0384279832179,0.1432169922177217,-0.0007813199041979567,-9.778765524970368e-05,0.08333333333333333,0.0,0.0,4.901710331221592,2.0660372228922315,0,0,0
S5_p000_t056_s1428634269,2026-09-29T18:18:45Z,S5,0,1,0,0,1ed9b6d16cca73cddccf1519597c58e829510e6992a3c3276b9f6822c2fa3575,12000,16,1,180000,0.9113428172680079,1,0.011362081816617773,0.011368428910441425,0,1,173737,0.0,-2.836976423184845,-321.9083533626599,-8.10091862664523,0.1319876233749041,0.0046793187697138265,0.0005855465542481397,0.08333333333333333,0.0,0.75,5.052497367389913,2.1248275187142647,0,0,0
S5_p000_t057_s329242616,2026-09-29T18:19:00Z,S5,0,1,0,0,5fc16e29132e9d7e587ab865b17998682e180c85478b34613653644657077d7d,12000,16,1,180000,0.9116950518298756,1,0.011068086574310444,0.01152206920284912,0,1,173746,0.0,-2.837923144559104,-321.1583718127895,-8.10861601338037,0.13048634755115587,0.001190892143747153,0.00014903300643709372,0.08333333333333333,0.0,0.0,4.834208343023976,2.1299660375983636,0,0,0
S5_p000_t058_s2110013045,2026-09-29T18:19:15Z,S5,0,1,0,0,3af0b544edcdb7c1446e6e68f8ff9debb9611df25e768d842b71e1d849ca0d0d,12000,16,1,180000,0.9110588735719441,1,0.010733456285681198,0.01152206920284912,0,1,173742,0.0,-2.8564284822940307,-321.49169537839896,-8.08095257103277,0.12454422040620952,0.003257810163473073,0.0004076823638570204,0.08333333333333333,0.0,3.1666666666666665,5.545921180458614,2.59430600919944,0,0,0
S5_p000_t059_s156085977,2026-09-29T18:19:30Z,S5,0,1,0,0,1d4b5955f8a536e5f85bee0b4f7181029b9f40b1f4f776cfda8d3c4c3a4562fc,12000,16,1,180000,0.9115111615625319,1,0.012016857792095544,0.011479244942781833,0,1,173780,0.0,-2.8450194027467752,-318.3250279132796,-8.109020811412998,0.14970332310378834,0.0023723847574474767,0.00029697037916776026,0.08333333333333333,0.0,354.25,4.766245795196655,2.1429740636618573,0,0,0
S5_p001_t000_s1885087324,2026-09-29T18:20:00Z,S5,1,1,0,0,18ee4a7ba2b85c66108428b58a14e1d8371e1afc4d3a32d688c35bdc38d65057,12000,16,1,180000,0.9250540484819509,1,0.012297146116097307,0.011612135066804708,0,1,173388,0.0,-2.8382894699316843,-351.00525391472,-8.178569102108275,0.1514008412145693,0.0009664118431579651,0.00012059466826030985,0.08333333333333333,0.0,0.0,4.897140082296602,2.539621308864292,0,0,0
S5_p001_t001_s1655700015,2026-09-29T18:20:15Z,S5,1,1,0,0,41c93fac8eb909ca47be66fa26e0240bb7a2c5679b26a630b41d6155f6427efb,12000,16,1,180000,0.9254150035304691,1,0.01407320042767714,0.011758077236549454,0,1,173340,0.0,-2.8197171512954378,-355.0052746525956,-8.20447062685211,0.14197393377637893,-0.0032156517655301626,-0.0004011139699287014,0.08333333333333333,0.0,0.0,4.745898619162536,1.9364093684216965,0,0,0
S5_p001_t002_s1021903553,2026-09-29T18:20:30Z,S5,1,1,0,0,3f6b65d1f8053feba9711e69183abeeded4092ba09f5974d2f6e16e9c6616105,12000,16,1,180000,0.9244647261904876,1,0.012751273645744512,0.011758077236549456,0,1,173321,0.0,-2.8596951404307998,-356.5885681184233,-8.134805106334358,0.11605212024450197,-0.0021959897718414234,-0.0002738816483542905,0.08333333333333333,0.0,0.0,4.825746191265405,2.0174083192377426,0,0,0
S5_p001_t003_s1644975509,2026-09-29T18:20:45Z,S5,1,1,0,0,4af07754034be84a2254f0c0079028e5a9144bfd5fd55aa0dc2b527d64f552af,12000,16,1,180000,0.8409681106134635,1,0.012325011896183445,0.011663593173974689,0,1,173307,0.0,-3.6045096938454035,-357.75526856649293,-4.206331006927111,35.60611968579718,-0.0028578187736759816,-0.0003563842901712633,7.833333333333333,0.0,7.083333333333333,15.491843248090085,12.877443153572807,0,0,0
S5_p001_t004_s1168327485,2026-09-29T18:21:00Z,S5,1,1,0,0,fc39988d5ac05070a73b25849722ff925ce79ebd5cf912f30a45845978d28932,12000,16,1,180000,0.824842117979651,1,0.011422370496055732,0.01066601118346451,0,1,173492,0.0,-2.926685086974896,-342.35569422492273,-7.457814205191152,0.1940205104982135,0.022318803379470155,0.0027873953540620278,0.08333333333333333,0.0,0.0,4.989977516463782,2.3009947783073716,0,0,0
S5_p001_t005_s821699653,2026-09-29T18:21:15Z,S5,1,1,0,0,383ce7dfafa68defc04ad3521cac4a1773c9db66f6ce0297e162be84e41e5c21,12000,16,1,180000,0.8232733715162468,1,0.011077259349610171,0.012058580066831297,0,1,173450,0.0,-2.9461207742451796,-345.8557433283355,-7.400627398685412,0.1499008539529479,-0.010910298755715133,-0.001362128979053523,0.08333333333333333,0.0,0.0,4.890898146626836,2.0857813815684505,0,0,0
S5_p001_t006_s1390326187,2026-09-29T18:21:30Z,S5,1,1,0,0,c64fbcf5bbc5eca331d1bed6c9cc5211f7cfeaa90e939a22e1f4bcab350b7338,12000,16,1,180000,0.44658021762097977,1,0.011698258165476585,0.012058580066831297,0,1,173429,0.0,-8.298746229302695,-347.60571123384034,4.865107119213276,65.08128305266662,160.21765125628667,19.999488753368496,1.0833333333333333,0.0,4.75,6.661842635316813,8.03825837814562,0,0,0
S5_p001_t007_s62755090,2026-09-29T18:21:45Z,S5,1,1,0,0,d81ae5c5800dbfd7250f926a53576eb4ae6454b901652cec964ff37721e7c4d0,12000,16,1,180000,0.8231993661920706,1,0.012327816261177248,0.011815804920647007,0,1,173486,0.0,-2.9484575308515653,-342.8557097913708,-7.4273138872485305,0.1369693966063339,0.003550866082888607,0.0004434463598954608,0.08333333333333333,0.0,0.0,4.774475849571416,1.9908244675250741,0,0,0
S5_p001_t008_s1060521833,2026-09-29T18:22:00Z,S5,1,1,0,0,8ea73592cf618606a80d695f4dc9aebf3c0933aea7822c969460b5ea59d2107a,12000,16,1,180000,0.8242151457402696,1,0.01222733031834556,0.01181528906755367,0,1,173404,0.0,-2.9327570803978267,-349.68904425115034,-7.435396622005247,0.10538721653309067,0.001996143145914017,0.00024912265689636115,0.08333333333333333,0.0,7.0,4.719793431875307,2.2858493930177244,0,0,0
S5_p001_t009_s589950212,2026-09-29T18:22:15Z,S5,1,1,0,0,dae8d6dd5a14e19404801ad19d33db51d653d1c759f7c2621ed1df4a547cee14,12000,16,1,180000,0.8238991213265293,1,0.012700992507808909,0.012572497355329351,0,1,173488,0.0,-2.932694119180497,-342.68908372267225,-7.424631481185334,0.13369937256068598,0.00932976313100772,0.00116515679837903,0.08333333333333333,0.0,1.4166666666666667,5.230737985475993,2.056139499639458,0,0,0
S5_p001_t010_s1305069655,2026-09-29T18:22:30Z,S5,1,1,0,0,cffda2ce79e4409da178c218a7d1d70ae0dcc5e4fcdd53febc8ef92f23f1ce7b,12000,16,1,180000,0.8237272521371549,1,0.011881048132085625,0.01257249735532935,0,1,173505,0.0,-2.948823058775423,-341.27233728304964,-7.398630645062366,0.11706131322926874,-0.003001196655605948,-0.0003748584658751497,0.08333333333333333,0.0,0.0,5.312728864703266,2.4156969312769596,0,0,0
S5_p001_t011_s28593644,2026-09-29T18:22:45Z,S5,1,1,0,0,23aa4cf4c02c63ad82354f655a711eb103dce44d3c9d3d86863a0e7cd23e7bac,12000,16,1,180000,0.8232548459206167,1,0.011131152409783943,0.011370134432934819,0,1,173490,0.0,-2.9566566167099277,-342.52236866494303,-7.396394245539596,0.11775301536596756,-0.0016767443972326534,-0.00020940525428159162,0.08333333333333333,0.0,0.0,5.185905419945438,2.014720078226321,0,0,0
S5_p001_t012_s1865301797,2026-09-29T18:23:00Z,S5,1,1,0,0,7853cc7c050f332a24688aa1889e4754d0f7f49b79e1a95cf9c5da1c62479e1f,12000,16,1,180000,0.8235044705365612,1,0.01131935898868911,0.011697493707701075,0,1,173436,0.0,-2.9514342825963036,-347.02233851583094,-7.40525042671219,0.17438471084202434,-0.0034937931587753525,-0.0004361441751825623,0.08333333333333333,0.0,5.416666666666667,4.95677863412075,2.816919788478392,0,0,0
S5_p001_t013_s2060094721,2026-09-29T18:23:15Z,S5,1,1,0,0,9f7badbc164acd44670dfb0e70307a953f2586abf72138cb5d4739cb531e7bc6,12000,16,1,180000,0.8234746638602098,1,0.01246898766937401,0.011697493707701073,0,1,173501,0.0,-2.9513655946338533,-341.605691905838,-7.403509642085876,0.11624738143416966,-0.004854070909263721,-0.0006062686024961295,0.08333333333333333,0.0,0.0,4.736724794713766,1.983219890910667,0,0,0
S5_p001_t014_s1948411728,2026-09-29T18:23:30Z,S5,1,1,0,0,ad2d9db41829b8bfce29f27324c9c9153db2af5e1827f893e412aa1b8ecc307b,12000,16,1,180000,0.8242334865478665,1,0.011612069605188527,0.010943740424339411,0,1,173464,0.0,-2.9279779521388005,-344.68905101256433,-7.430799841365083,0.11979348529407322,0.007997112113302094,0.0009985354126911261,0.08333333333333333,0.0,0.0,5.032448573202474,1.9547083095879725,0,0,0
S5_p001_t015_s391197292,2026-09-29T18:23:45Z,S5,1,1,0,0,4c0329bf49a1555c7a6242edbf8ba88467d82d3cda9b2c7a5aec5e5b5e854455,12000,16,1,180000,0.8236039302476968,1,0.0116767738926034,0.010943740424339411,0,1,173448,0.0,-2.948760557668792,-346.0223618688584,-7.401162937017263,0.1251405769081961,0.005438754859118974,0.0006790067891415674,0.08333333333333333,0.0,0.0,5.054894815779518,1.991292204990909,0,0,0
S5_p001_t016_s1222798800,2026-09-29T18:24:00Z,S5,1,1,0,0,99390790a00a1665377de54c28958285cf7576c8ef1137ff1b75e08bb2949349,12000,16,1,180000,0.8249363843090106,1,0.012141973388845052,0.01155165604757784,0,1,173445,0.0,-2.9217269216919632,-346.2723736802448,-7.4566411526210015,0.14441070176303566,-0.0072702619202782565,-0.0009076413089132984,0.08333333333333333,0.0,0.0,4.92845290743403,2.0247365868302833,0,0,0
S5_p001_t017_s1741812164,2026-09-29T18:24:15Z,S5,1,1,0,0,a088f4dba8727602a46b122ef63cdd5552a9a694fe9d476474c832a16c521942,12000,16,1,180000,0.7008733583393945,1,0.01380572170291437,0.011551656047577838,0,1,173501,0.0,-3.948134497637603,-341.5555339782004,-3.1365109161809954,49.79216391425894,0.052454594050104233,0.006551526342263969,8.166666666666666,0.0,5.416666666666667,12.898084171713961,12.142602619720295,0,0,0
S5_p001_t018_s761716013,2026-09-29T18:24:30Z,S5,1,1,0,0,5ad6b98db529df0155f1c8d08872f58d8a45d312c6746679555841fd88baad8a,12000,16,1,180000,0.7870308620316506,1,0.012569103222824828,0.011175487216593947,0,1,173566,0.0,-2.9166491289348877,-336.13874795982576,-7.541882546257531,0.13993093918002994,-0.0008312843364880424,-0.00010388061582489172,0.08333333333333333,0.0,1.1666666666666667,4.616201817816034,2.7939982605898015,0,0,0
S5_p001_t019_s1418527271,2026-09-29T18:24:45Z,S5,1,1,0,0,7229b89fb51e0278895d1eafff60e6c2e41915587017cd1032535cb076eb8ef3,12000,16,1,180000,0.787484447043851,1,0.011413425510014612,0.011217996666343173,0,1,173580,0.0,-2.9097030332836593,-334.97205510900613,-7.546905159477493,0.13123192957859814,-0.010040866368109296,-0.0012548873969535634,0.08333333333333333,0.0,372.83333333333337,4.540158951183217,2.645583049611184,0,0,0
S5_p001_t020_s783127692,2026-09-29T18:25:15Z,S5,1,1,0,0,ce4cbe55e447fe0138813b46b1002ad54a01ffec9f3c1f11d6c1437d4975e066,12000,16,1,180000,0.786298119682897,1,0.012081992998750301,0.01130698512478443,0,1,173300,0.0,-2.9296548924701864,-358.30539224710446,-7.509732967837493,0.17514016783015052,0.0025397329934584685,0.00031669962481828406,0.08333333333333333,0.0,0.0,4.99766623228044,2.357690416617278,0,0,0
S5_p001_t021_s1964437265,2026-09-29T18:25:30Z,S5,1,1,0,0,61f761afd58bb145f596dd5d6beca5522fcc5c2c2d5069ffff10e053f4bacb33,12000,16,1,180000,0.7867646417021958,1,0.011773954720398867,0.01130698512478443,0,1,173278,0.0,-2.923302051054683,-360.1387270324473,-7.514093546018756,0.1200156564142102,-0.00559638536078254,-0.0006977349412409239,0.08333333333333333,0.0,5.333333333333333,5.247460635364885,1.978495129735961,0,0,0
S5_p001_t022_s957459067,2026-09-29T18:25:45Z,S5,1,1,0,0,2420b9a2f1f38e61bed11b29daf4444f137d4be4ccf285a31cc8f80817bf8ddb,12000,16,1,180000,0.6025838172610111,1,0.011902148610859628,0.011415151531325126,0,1,173342,0.0,-5.1981450763034545,-354.80559636842855,-0.07258634974771043,44.55778960211849,184.4042563199192,23.00258693334672,1.25,0.0,1.25,10.422307835114252,12.3938623577685,0,0,0
S5_p001_t023_s8860321,2026-09-29T18:26:00Z,S5,1,1,0,0,0d659bee1dd53f07fef41fae5368e0c2535be721224183e3b831a04eec641b7f,12000,16,1,180000,0.7848778102912863,1,0.01284845409775528,0.011415151531325125,0,1,173380,0.0,-2.9435445654689345,-351.6386691479268,-7.491393933804689,0.14604537402269852,-0.0005506147749193311,-6.870461038488429e-05,0.08333333333333333,0.0,0.0,5.193092732145543,2.5995441210702492,0,0,0
S5_p001_t024_s1947352502,2026-09-29T18:26:15Z,S5,1,1,0,0,248db7d0a361f85d26e616a3f29bc2c3106e65287a5e19799a323f8a47fbdd3e,12000,16,1,180000,0.7853065014824269,1,0.012189748089714276,0.011692016999606968,0,1,173299,0.0,-2.948560595989119,-358.38876809597787,-7.491163364323579,0.14040574237788686,0.005046560850734426,0.0006292909984040307,0.08333333333333333,0.0,1.6666666666666667,4.730064150592418,2.12012355224699,0,0,0
S5_p001_t025_s530962326,2026-09-29T18:26:30Z,S5,1,1,0,0,a26a6617f2b971ed6d0cdb462ed14f579e3b9706e7c154bf4ade311ed0964207,12000,16,1,180000,0.7851489041215519,1,0.012350625715280644,0.011754246126400688,0,1,173319,0.0,-2.949990272701583,-356.7220681579414,-7.4864622770122775,0.11406900304657962,0.005389257858956441,0.0006721320723954705,0.08333333333333333,0.0,2.25,4.759203103355562,2.323820961621334,0,0,0
S5_p001_t026_s1487894653,2026-09-29T18:26:45Z,S5,1,1,0,0,3a95ca6cf64b1b527582c1babb1e1ee4c5684a7b67ff491611b6fba9b60013e3,12000,16,1,180000,0.7873503817302574,1,0.011559616862954657,0.011754246126400688,0,1,173346,0.0,-2.9179227569769726,-354.47210566343347,-7.536551825860858,0.11024460453192068,-0.006215573757644425,-0.0007753555328235961,0.08333333333333333,0.0,3.5,4.744757228474263,2.5864182283240558,0,0,0
S5_p001_t027_s336917293,2026-09-29T18:27:00Z,S5,1,1,0,0,e4723b3305653dff15278d69e4911b22e94044a8c238e14b973dc6135143f7ea,12000,16,1,180000,0.7869876645869657,1,0.011633675677558785,0.011497097383666202,0,1,173388,0.0,-2.9112802538762512,-350.97202459969657,-7.544512893293622,0.16944088204455143,0.007712175845384882,0.000962371575042198,0.08333333333333333,0.0,0.0,5.097650904109129,2.3836506497356247,0,0,0
S5_p001_t028_s362942692,2026-09-29T18:27:15Z,S5,1,1,0,0,478d02b645d9a31aeb41fc41c3464e2f36e2a1af5e28044a27be575157541e40,12000,16,1,180000,0.7872155401849869,1,0.012079116540073029,0.013794725883134002,0,1,173345,0.0,-2.9222908799746277,-354.5554440510653,-7.507408035152455,0.17938549108373533,0.005051919969996732,0.0006301916528173024,0.08333333333333333,0.0,0.0,4.656828000273682,2.3497807071449865,0,0,0
S5_p001_t029_s125804357,2026-09-29T18:27:30Z,S5,1,1,0,0,6a01154c16a9fafcfac51ef135d7625444a78deda5e29c4b1e4122b04a6343d9,12000,16,1,180000,0.6392364864318097,1,0.01184158213476579,0.013794725883134002,0,1,173392,0.0,-5.960269752110461,-350.65846048931417,1.3326812283578904,50.80991529831927,727.3366854684494,90.76434497960781,7.083333333333333,0.0,7.666666666666666,9.812033565999965,8.830317166071577,0,0,0
S5_p001_t030_s1238284527,2026-09-29T18:27:45Z,S5,1,1,0,0,0a0755aa626fef9c4f67a72863910ddf3b40a6e5189aca69f8e61e1baa78f34c,12000,16,1,180000,0.9121597648798276,1,0.011564801463875387,0.012303348513055432,0,1,173484,0.0,-2.8220412893115006,-342.99169825661374,-8.142861718667564,0.08571955819964687,0.0021498081930219955,0.00026847234676097287,0.08333333333333333,0.0,0.0,5.178596210960886,2.2882709533165646,0,0,0
S5_p001_t031_s185959128,2026-09-29T18:28:00Z,S5,1,1,0,0,9e0fffaf4f63b69420f47e37516ec61ea29a05ab3c5c4dbc3d733008f8b2ad48,12000,16,1,180000,0.911802963332248,1,0.01183467576678951,0.01166365529434014,0,1,173393,0.0,-2.827922285232674,-350.57502164739043,-8.126004032716613,0.13645574195783566,-0.00015802126260733038,-1.9719631382031366e-05,0.08333333333333333,0.0,0.3333333333333333,5.416038760204717,2.388828805859978,0,0,0
S5_p001_t032_s1290207230,2026-09-29T18:28:15Z,S5,1,1,0,0,ffdcec694d7ba76a02ffa6d296730abe631d75ecb89152a32ee3192065436165,12000,16,1,180000,0.5391373416765999,1,0.01113394280198766,0.01182170195224339,0,1,173421,0.0,-7.412285865977685,-348.2413929892803,3.638023921622435,76.55182345447399,192.28536038904272,24.00086639839992,1.4166666666666667,0.0,0.0,7.657461703635259,8.26482616117724,0,0,0
S5_p001_t033_s1071658190,2026-09-29T18:28:30Z,S5,1,1,0,0,5836d7aed2b6aafb9facc6acc2b861d77be013211436682850e95aa17fd3041f,12000,16,1,180000,0.9110301393686433,1,0.011617030771650487,0.011821701952243394,0,1,173420,0.0,-2.8569805218912023,-348.32505165081784,-8.068561436009865,0.1533535039519867,0.0028902990814494867,0.000360761350748362,0.08333333333333333,0.0,6.75,5.170458788096755,2.4393257566954207,0,0,0
S5_p001_t034_s264284341,2026-09-29T18:28:45Z,S5,1,1,0,0,999c90d8ff8c1868c732d34e4a66c59073a297c8aad15028ea40d1cb298a33d6,12000,16,1,180000,0.9117521944450345,1,0.011528046210073821,0.011609161800808964,0,1,173501,0.0,-2.8303374996829604,-341.57504124220515,-8.112933562590715,0.13537099781679968,0.0019334296205727147,0.00024148342617991148,0.08333333333333333,0.0,0.0,4.602194032768441,2.365911450141581,0,0,0
S5_p001_t035_s1262033904,2026-09-29T18:29:00Z,S5,1,1,0,0,2683dccbc2fd5215706ff415104df2c54dc75a88f371caea6dbd65528b0ec88f,12000,16,1,180000,0.9117719630062945,1,0.012876991850436515,0.011250382661086605,0,1,173433,0.0,-2.8353601065156813,-347.24169717352925,-8.120196921076092,0.1423855220318041,2.504197062446037e-05,3.126014235022012e-06,0.08333333333333333,0.0,3.5833333333333335,4.6018553944775755,2.5979322282023576,0,0,0
S5_p001_t036_s1103695776,2026-09-29T18:29:15Z,S5,1,1,0,0,889362ee2163ee80c1699d046e1c90ff6d99353f394c93eb88888889eb04c9fa,12000,16,1,180000,0.9111289586942587,1,0.013181523200808162,0.012791163267020645,0,1,173476,0.0,-2.854468391554312,-343.6583884388704,-8.071010297687543,0.15352836455693358,0.0005615547338012427,7.012358582869638e-05,0.08333333333333333,0.0,0.0,4.561457594078931,2.648879724720523,0,0,0
S5_p001_t037_s1633845900,2026-09-29T18:29:30Z,S5,1,1,0,0,06fd9c32fb59b5430bc891f2beff692dae3458331f5cc9229a9a2833bea04228,12000,16,1,180000,0.9113153777304662,1,0.012519126245566814,0.012791163267020641,0,1,173391,0.0,-2.8489426211217346,-350.74171719560275,-8.090038319376987,0.10754531664145037,0.001502001554652617,0.00018743327200354543,0.08333333333333333,0.0,1.9166666666666665,4.771036213141673,2.329563464207453,0,0,0
S5_p001_t038_s1316886713,2026-09-29T18:29:45Z,S5,1,1,0,0,254660b9f92ca6f2b115d63b0fccbb1106a19a1be08c9f1b60f1c82e57df5c93,12000,16,1,180000,0.9117270510447999,1,0.010581197106756096,0.01057359964982943,0,1,173414,0.0,-2.83849302830363,-348.82499839444245,-8.134089358603767,0.13712108127090444,-0.00044324178966279065,-5.532189425139222e-05,0.08333333333333333,0.0,0.0,5.085240594122387,2.451387414605149,0,0,0
S5_p001_t039_s1570360091,2026-09-29T18:30:00Z,S5,1,1,0,0,19428850177a4e9aba25e9ce2c98fbde91213e03ebf264a9819a0aa79dcff82c,12000,16,1,180000,0.9120589789112351,1,0.011929234826179887,0.011196171779032286,0,1,173403,0.0,-2.819058401144276,-349.7416979367711,-8.134086975266046,0.15208282016842017,-0.011546400025081088,-0.001441002269530145,0.08333333333333333,0.0,380.25,4.9399774751166605,2.5072184469767937,0,0,0
S5_p001_t040_s255641872,2026-09-29T18:30:30Z,S5,1,1,0,0,14c8e383e31bd864b3a8ce5d7d2f7267012b9bb4ba248ed8282dd64def341c7e,12000,16,1,180000,0.6032136002440017,1,0.0108944217753835,0.011607060582618213,0,1,173728,0.0,-6.386806363206815,-322.6583190886722,2.055609127949224,49.80423826247382,796.2616418893799,99.63303420305056,7.833333333333333,0.0,0.0,9.190023901743201,8.36952310312915,0,0,0
S5_p001_t041_s1560381157,2026-09-29T18:30:45Z,S5,1,1,0,0,d0b5d8a39040a0af3eb06d57b22a836d14cd171793b8b959ca8b802b96bee841,12000,16,1,180000,0.8241798252613594,1,0.014074247949887854,0.01253363199207295,0,1,173763,0.0,-2.939143423980492,-319.77234216351036,-7.447802804642839,0.1150881432765899,-0.0029363307200189247,-0.00036751408924828866,0.08333333333333333,0.0,2.3333333333333335,5.069613079237367,1.9509082253934897,0,0,0
S5_p001_t042_s520177207,2026-09-29T18:31:00Z,S5,1,1,0,0,d6a59d95bd3bba4a362beb14829bb715409c34d7c1193311ac39c090fcbd1433,12000,16,1,180000,0.8238396360979098,1,0.011834643664997667,0.012533631992072952,0,1,173791,0.0,-2.9418092336326334,-317.4390367882328,-7.4141926647666345,0.1955491275192579,-0.003546680527399456,-0.00044400538854461047,0.08333333333333333,0.0,0.0,5.523600812332923,2.180812726320695,0,0,0
S5_p001_t043_s1065234686,2026-09-29T18:31:15Z,S5,1,1,0,0,de05905d67717e80a7d3fa6eb712cbc17be504efdc590ac3c8bf9f04302663e3,12000,16,1,180000,0.824081347011066,1,0.011539888990284712,0.011682577969342321,0,1,173783,0.0,-2.9384669218112354,-318.1056870925149,-7.419665117294966,0.17680115665309643,0.0006224991553188066,7.792506676196354e-05,0.08333333333333333,0.0,0.0,4.649412585835645,1.8608052406227507,0,0,0
S5_p001_t044_s1775278461,2026-09-29T18:31:30Z,S5,1,1,0,0,3252f0e9e7ed4b5b5e3fc235ca0604f110ef3e7bf3f39080b966ffdbd7435f89,12000,16,1,180000,0.8237201137187239,1,0.012560865613346218,0.011823933187721984,0,1,173763,0.0,-2.94742605057282,-319.7723315948224,-7.410792264541203,0.1391193550586667,-0.0021911559965451886,-0.0002742472756835923,0.08333333333333333,0.0,3.6666666666666665,5.136308027640941,2.123963148051085,0,0,0
S5_p001_t045_s1025061940,2026-09-29T18:31:45Z,S5,1,1,0,0,981e03616c1d19835a5db1a006a6aaf28f191d0eb73970847ff6b2afc8ad7647,12000,16,1,180000,0.8246996605939204,1,0.011765037656702296,0.01213097723177856,0,1,173807,0.0,-2.927133517250215,-316.10569661252947,-7.446589454761469,0.15953033244956172,0.0024536577898800604,0.00030721022358193295,0.08333333333333333,0.0,0.0,4.837494770364073,2.1294825118122676,0,0,0
S5_p001_t046_s1355283976,2026-09-29T18:32:00Z,S5,1,1,0,0,5c964b63cb1ab8b2c6daf92ac89a8c0b731afdbabe3ebd8434d1155a275421d4,12000,16,1,180000,0.823588209202379,1,0.011589909797941233,0.01213097723177856,0,1,173776,0.0,-2.9435560684880437,-318.6890444275693,-7.413711867951822,0.14188049679617515,-0.001412057628200669,-0.00017675290155239054,0.08333333333333333,0.0,4.0,4.955461079214904,3.0092281108730026,0,0,0
S5_p001_t047_s8670849,2026-09-29T18:32:15Z,S5,1,1,0,0,f39a878f4d833336ca0999617f8d57ec91c15b796b67ac8fc69340c8eb1f2e76,12000,16,1,180000,0.8243294556836895,1,0.011442762723638807,0.01188729198616384,0,1,173824,0.0,-2.935310306318975,-314.68901879472287,-7.432626723689625,0.11110061816982353,-0.0037297098804065475,-0.0004670417306442687,0.08333333333333333,0.0,0.0,4.815088254037272,2.0345057468560723,0,0,0
S5_p001_t048_s683044550,2026-09-29T18:32:30Z,S5,1,1,0,0,c63c18e8b6a2e1f905c94c3cb08587ce531c22f796e12fca0f643dd2681fc291,12000,16,1,180000,0.9255011844589554,1,0.011402681510609577,0.011887291986163843,0,1,173884,0.0,-2.825583156604078,-309.671924466551,-8.209589912572204,0.13830763408631894,-0.012494338831507008,-0.001565315757488861,0.08333333333333333,0.0,6.5,4.925283151796194,1.9440580785539918,0,0,0
S5_p001_t049_s1419673414,2026-09-29T18:32:45Z,S5,1,1,0,0,8a1fed1a8664b235e804ccc5511db459961a06762b1af0b14c4b937a38029850,12000,16,1,180000,0.9250775797062515,1,0.011935656855868166,0.012476187310916514,0,1,173962,0.0,-2.8456295912506353,-303.17191164121084,-8.175926052173441,0.11316407346444982,0.0030428722389690666,0.0003814544638771622,0.08333333333333333,0.0,0.0,4.813600383964701,2.2663023416156842,0,0,0
S5_p001_t050_s1860529943,2026-09-29T18:33:00Z,S5,1,1,0,0,7bb76c0fbc50972f51d1526e13a93d6bf0d8f0b4745bb88b08af7a65e27dda7d,12000,16,1,180000,0.9254042911780562,1,0.011858735106863012,0.012476187310916514,0,1,173894,0.0,-2.828114590055404,-308.83860260500296,-8.20129977868045,0.13450386356020672,0.000999821197260689,0.00012526959744718624,0.08333333333333333,0.0,6.0,4.965962571598788,2.2461266765578984,0,0,0
S5_p001_t051_s978485698,2026-09-29T18:33:15Z,S5,1,1,0,0,1aade987411df40b8735283b8c222c2c8d9ac5fc7bb594eab881fa4137e2b73e,12000,16,1,180000,0.925484025853286,1,0.01128886752724834,0.011215183543938707,0,1,173966,0.0,-2.8147998661277445,-302.83862033553726,-8.20953151310646,0.12207415298214722,-0.002020709726218173,-0.00025332425411761506,0.08333333333333333,0.0,0.0,4.975211590927448,2.5974937104147,0,0,0
S5_p001_t052_s800179956,2026-09-29T18:33:30Z,S5,1,1,0,0,90fcd8c9886476335f6111743ff9d22a13dfd6b5c02f2682e96c7869ea52e821,12000,16,1,180000,0.9251524274878442,1,0.011096826808786561,0.0112288047081808,0,1,173957,0.0,-2.836560455291206,-303.5885855076249,-8.187338580959576,0.11843035892648532,0.008136776700766757,0.0010199856433246168,0.08333333333333333,0.0,1.1666666666666667,5.115593729801299,1.8878077369054072,0,0,0
S5_p001_t053_s230175689,2026-09-29T18:33:45Z,S5,1,1,0,0,53a3c5b8df8425e519f363fcfe409bc194fd69e5a56002432fb7b7f8150a14d8,12000,16,1,180000,0.9254272027502458,1,0.010844690456465664,0.011278256551537354,0,1,173971,0.0,-2.8254169669698936,-302.4219234971837,-8.203237614448412,0.15221133166189477,0.005540492932540043,0.0006946060584596125,0.08333333333333333,0.0,0.5,4.796452803592226,2.703997816927339,0,0,0
S5_p001_t054_s1158910655,2026-09-29T18:34:00Z,S5,1,1,0,0,61ddda4228aafe745986d582c9657ebba67dd617c8a32074fba56cd54b6690c2,12000,16,1,180000,0.9247419675998401,1,0.011660572913661066,0.011760632094508684,0,1,173977,0.0,-2.850589783719281,-301.92189423894825,-8.152565843556376,0.17158589122999474,-0.000615085089861964,-7.711629314144375e-05,0.08333333333333333,0.0,0.0,4.937945477077557,1.9609070430453261,0,0,0
S5_p001_t055_s55591962,2026-09-29T18:34:15Z,S5,1,1,0,0,1af99a6ad3656c41fa1ff689d64a5b829023ee3aec9a0f7486184033f6c3ef13,12000,16,1,180000,0.9249931941605504,1,0.011916177280593184,0.011988525367485186,0,1,173934,0.0,-2.8271850684579136,-305.5052794674848,-8.174387374356632,0.11613842531239095,-0.0013361287232663815,-0.0001674596851444221,0.08333333333333333,0.0,0.0,4.50481587293591,2.2702646427682334,0,0,0
S5_p001_t056_s1696699799,2026-09-29T18:34:30Z,S5,1,1,0,0,0a59a90a4e587e8e5acadfe447669dc38173b0f109fee41a72897fefdcc8bb91,12000,16,1,180000,0.925125556428894,1,0.011337445942501299,0.012946098866177964,0,1,173870,0.0,-2.833810989593232,-310.83859359709277,-8.181886053032246,0.11319670652228267,0.0012409601177119462,0.00015545259202554007,0.08333333333333333,0.0,5.5,4.920128139069992,2.5501551624191636,0,0,0
S5_p001_t057_s639385521,2026-09-29T18:34:45Z,S5,1,1,0,0,957fe00d1fc8e1b721903171a363a60fffa6215ca07685fb8297c3328ec76117,12000,16,1,180000,0.9250350503241114,1,0.011689188927444114,0.012946098866177966,0,1,173936,0.0,-2.836730494826687,-305.3385990880706,-8.178604795737668,0.19810172735757445,-0.0011385201861763565,-0.00014269528901422746,0.08333333333333333,0.0,0.0,4.949212329373163,2.44091516059315,0,0,0
S5_p001_t058_s455409832,2026-09-29T18:35:00Z,S5,1,1,0,0,03d743ca7d2d42e8649148e4145964d977f66a5b6a071e008fbf49fefc32dc29,12000,16,1,180000,0.9251080857487936,1,0.011840061314750669,0.011877803507190515,0,1,173888,0.0,-2.824839027908052,-309.33860231885893,-8.179778899319995,0.22805675272722173,-0.00732886662238203,-0.000918204383651755,0.08333333333333333,0.0,4.416666666666667,5.446904627767201,2.2056992314929147,0,0,0
S5_p001_t059_s1555299053,2026-09-29T18:35:15Z,S5,1,1,0,0,f147dbacfd7846406949646c5823a779722af95d5ff0e8bb72f1b292a413093d,12000,16,1,180000,0.9249503489727018,1,0.011208952908362088,0.01113855425576945,0,1,173941,0.0,-2.839109171650854,-304.9219178135754,-8.176988923874696,0.19956194760332405,-0.004300692615205835,-0.0005390445116972842,0.08333333333333333,0.0,338.08333333333337,4.810106698957192,2.6020138150935046,0,0,0
S5_p002_t000_s1138448492,2026-09-29T18:35:45Z,S5,2,1,0,0,9b9a10bd4fdea3c7e2221a4e9259120c0dd524ee04a7db1ae4f3ab6c637efb33,12000,16,1,180000,0.9899905227126232,1,0.9899905227126232,0.9999999999995622,1,1,173551,nan,-0.1418408213995841,nan,-43.80642427277979,8.625454368658729e-08,nan,nan,0.0,0.0,0.0,0.9484131085943285,175.86095939260878,0,1,0
S5_p002_t001_s1850764392,2026-09-29T18:36:00Z,S5,2,1,0,0,6dac047185619fe4ce3dd0dd691705bd3fac58aef0896e587d3d3c8a39f7c7fa,12000,16,1,180000,0.9899905066035314,1,0.9899905066035314,0.9999999999995622,1,1,173542,nan,-0.141841431176233,nan,-43.7992451400934,4.0138869298975974e-07,nan,nan,0.0,0.0,4.083333333333333,0.9484216048616153,176.53723332743698,0,1,0
S5_p002_t002_s321598820,2026-09-29T18:36:15Z,S5,2,1,0,0,937b6d0ae8e7c601e1a842671933adca12e7e49e4907b9a8063c19c9ad2a0188,12000,16,1,180000,0.9899905226908217,1,0.9899905226908217,0.9999999999995622,1,1,173591,nan,-0.14184082136592388,nan,-43.806424622562965,8.623590130818898e-08,nan,nan,0.0,0.0,0.0,0.948389107840163,175.86089882327167,0,1,0
S5_p002_t003_s121880670,2026-09-29T18:36:30Z,S5,2,1,0,0,9ce1e6b11aaf4f8ad7bc021589024dfc2f16a7cecd1b814a2a21e6b913fadb26,12000,16,1,180000,0.9899903935642209,1,0.9899903935642209,0.9999999999995622,1,1,173569,nan,-0.1418412583180964,nan,-43.801282790613094,3.1509780886034635e-07,nan,nan,0.0,0.0,2.3333333333333335,0.950877510846233,176.3379741909477,0,1,0
S5_p002_t004_s476275882,2026-09-29T18:36:45Z,S5,2,1,0,0,5e1d45abf884c53b0d162e7127c1caddc943bb23785f9d6306706e94a8802252,12000,16,1,180000,0.9899903935696835,1,0.9899903935696835,0.9999999999995622,1,1,173597,nan,-0.14184125864254796,nan,-43.801283823218846,3.1197906787007036e-07,nan,nan,0.0,0.0,0.0,0.9483891187411059,176.33776566551515,0,1,0
S5_p002_t005_s1101140010,2026-09-29T18:37:00Z,S5,2,1,0,0,a4bd72599af26a6e89900582dadf8d58f5ce0ae4a19dad01fa603ebd3b60185c,12000,16,1,180000,0.9899903935610989,1,0.9899903935610989,0.9999999999995622,1,1,173553,nan,-0.14184125837328584,nan,-43.801282174603095,3.1510874626207525e-07,nan,nan,0.0,0.0,2.8333333333333335,0.9508775110558029,176.33784715336918,0,1,0
S5_p002_t006_s993856876,2026-09-29T18:37:15Z,S5,2,1,0,0,8d16ea3950e1b928f7405b5a0b14c52511460f4523e3af72445a471ae25d1881,12000,16,1,180000,0.9874242127051575,-1,0.9874242127051575,0.9999999999995622,1,-1,147743,nan,-0.14184102146491334,nan,-43.80198860209505,1.0124086159833828e-07,nan,nan,0.0,0.0,0.0,0.9505159091332402,175.86090540325696,0,1,0
S5_p002_t007_s494561765,2026-09-29T18:37:30Z,S5,2,1,0,0,b8742529b0ae918462933045673e10469da56b316e6f800fbd2efda0160a6b14,12000,16,1,180000,0.9899903935743642,1,0.9899903935743642,0.9999999999995622,1,1,173621,nan,-0.14184125856257504,nan,-43.801284739423636,3.119372565612772e-07,nan,nan,0.0,0.0,0.08333333333333333,0.9483744595536265,176.337767221798,0,1,0
S5_p002_t008_s569656867,2026-09-29T18:37:45Z,S5,2,1,0,0,0c85e99bda47689f8f0f8e7f966185d5f67791ada9afbd6333ad4efc1c840cb4,12000,16,1,180000,0.9899905065673198,1,0.9899905065673198,0.9999999999995622,1,1,173622,nan,-0.14184143082142353,nan,-43.799249127319,4.01310547752791e-07,nan,nan,0.0,0.0,7.0,0.9483733238712163,176.53712073523616,0,1,0
S5_p002_t009_s1938674575,2026-09-29T18:38:00Z,S5,2,1,0,0,4ebe2bee6f14726614fe433e71cacba19aca485cd6b2701d808bb1cb97d4f37e,12000,16,1,180000,0.9899905065293336,1,0.9899905065293336,0.9999999999995622,1,1,173706,nan,-0.14184143092999685,nan,-43.79925333322332,3.976235652879058e-07,nan,nan,0.0,0.0,1.5833333333333333,0.9508784421174231,176.53715724407746,0,1,0
S5_p002_t010_s1527196527,2026-09-29T18:38:15Z,S5,2,1,0,0,79368697978c9d8cd78a75c71a1a0114814d3b17f5ce71bac7ae646d162078d2,12000,16,1,180000,0.9899903935946326,1,0.9899903935946326,0.9999999999995622,1,1,173725,nan,-0.14184125821656685,nan,-43.801288704382046,3.117562542309585e-07,nan,nan,0.0,0.0,1.4166666666666667,0.9483088618295585,176.3377575471386,0,1,0
S5_p002_t011_s1240012615,2026-09-29T18:38:30Z,S5,2,1,0,0,176d9b833098d5352ad518d18c28bcbbf60cf53a973d133efc8fb74195b680a9,12000,16,1,180000,0.9899905065130652,1,0.9899905065130652,0.9999999999995622,1,1,173742,nan,-0.14184143028932944,nan,-43.79925510398418,4.012014958219462e-07,nan,nan,0.0,0.0,0.0,0.9482971877839581,176.53711380295547,0,1,0
S5_p002_t012_s1128565587,2026-09-29T18:38:45Z,S5,2,1,0,0,472265e463035b48d3a72ec01bd2ab7f1a6d9534aeafb2c21263c6447c3dd1ae,12000,16,1,180000,0.9899903935938538,1,0.9899903935938538,0.9999999999995622,1,1,173721,nan,-0.14184125779577103,nan,-43.80128859748919,3.1500981976817973e-07,nan,nan,0.0,0.0,0.0,0.9508775088715096,176.33797524576983,0,1,0
S5_p002_t013_s1398407335,2026-09-29T18:39:00Z,S5,2,1,0,0,013a22206431d5e38a7e4f700d207008a5f5fb8048240d2b2db8b2975bdab021,12000,16,1,180000,0.9899903935790437,1,0.9899903935790437,0.9999999999995622,1,1,173645,nan,-0.14184125848262175,nan,-43.801285655563014,3.118959486314033e-07,nan,nan,0.0,0.0,5.833333333333334,0.9483596244169716,176.33794858412048,0,1,0
S5_p002_t014_s1843803682,2026-09-29T18:39:15Z,S5,2,1,0,0,39ffd923044f303d14e0b78026f23761a7ec73b4d2cbaba4e9439bfa0d965436,12000,16,1,180000,0.9899905226232997,1,0.9899905226232997,0.9999999999995622,1,1,173715,nan,-0.14184082101285528,nan,-43.80642564289252,8.79789849034612e-08,nan,nan,0.0,0.0,1.25,0.9508757788241603,175.86109774104568,0,1,0
S5_p002_t015_s1476197660,2026-09-29T18:39:30Z,S5,2,1,0,0,29619b13bc810369be9c0d0d0626c1163be9190988c4f8700edb07e17e8de6c7,12000,16,1,180000,0.9899905065184869,1,0.9899905065184869,0.9999999999995622,1,1,173730,nan,-0.14184143082657646,nan,-43.79925452709817,3.975687587031806e-07,nan,nan,0.0,0.0,0.0,0.950878441709132,176.53715537591643,0,1,0
S5_p002_t016_s1921035023,2026-09-29T18:39:45Z,S5,2,1,0,0,270da9e59b2494aaa9eab165505bd596bc00bbf04665e1b300eefb06dd34f589,12000,16,1,180000,0.9899903935860606,1,0.9899903935860606,0.9999999999995622,1,1,173681,nan,-0.14184125793341623,nan,-43.80128706496212,3.150311854067538e-07,nan,nan,0.0,0.0,0.0,0.9508775093926245,176.33785811361182,0,1,0
S5_p002_t017_s1351552590,2026-09-29T18:40:00Z,S5,2,1,0,0,a31fe3a02bac77ed69ddc345aa3337bf28e53ece82f0a968c6ca474be1232022,12000,16,1,180000,0.9899904096951716,1,0.9899904096951716,0.9999999999995622,1,1,173640,nan,-0.14184064840285585,nan,-43.80846219064903,1.1850167003372427e-09,nan,nan,0.0,0.0,3.0833333333333335,0.9860483146545054,175.69902957682032,0,1,0
S5_p002_t018_s1167112926,2026-09-29T18:40:15Z,S5,2,1,0,0,d411e987d5e5c0906920ef6020a9a0923d166e932b4bd85b2eb19d1a44265cdc,12000,16,1,180000,0.989990393585281,1,0.989990393585281,0.9999999999995622,1,1,173677,nan,-0.1418412583759618,nan,-43.80128687965032,3.1184071388475726e-07,nan,nan,0.0,0.0,3.25,0.9483395650356307,176.33787219127203,0,1,0
S5_p002_t019_s1353429191,2026-09-29T18:40:30Z,S5,2,1,0,0,9a463ef35fd2e25525120b77f628e87e2056fa92122284d4c58d80cbb81b85e2,12000,16,1,180000,0.9898667773348492,-1,0.9898667773348492,0.9999999999995622,1,-1,173640,nan,-0.14184119041788293,nan,-43.7954537550036,1.1860089933004612e-09,nan,nan,0.0,0.0,360.1666666666667,0.9860497590820655,175.69903419340503,0,1,0
S5_p002_t020_s1002632261,2026-09-29T18:41:00Z,S5,2,1,0,0,313dfba9a4f754f7e8fbe034a1bc37c2f13caa8f73bb3640f0a7701ac0ce1b35,12000,16,1,180000,0.9434306918815244,1,0.9434306918815244,0.9999999999995622,1,1,173438,nan,-0.14176167796286893,nan,-46.414111458109616,3.4236135882373097e-07,nan,nan,0.0,0.0,2.916666666666667,0.905569671636626,176.60398885849216,0,1,0
S5_p002_t021_s1152143633,2026-09-29T18:41:15Z,S5,2,1,0,0,2cac667e826d3b4d9604d2363029903c2bc6fc81e278ec921d4fb57ce5c715de,12000,16,1,180000,0.9434300970022155,1,0.9434300970022155,0.9999999999995622,1,1,173473,nan,-0.14176137176535308,nan,-46.42102471163645,1.9299043714783145e-07,nan,nan,0.0,0.0,2.25,0.9072250565783235,176.15016644264296,0,1,0
S5_p002_t022_s1274144205,2026-09-29T18:41:30Z,S5,2,1,0,0,88d3528acce16ced04831d22b642437ae94c66ddec8e78baecefa67910e2447b,12000,16,1,180000,0.9434303060770066,1,0.9434303060770066,0.9999999999995622,1,1,173500,nan,-0.14176098648952884,nan,-46.42972920311025,1.0767680491527329e-11,nan,nan,0.0,0.0,1.5833333333333333,1.030520334086071,175.64724933413618,0,1,0
S5_p002_t023_s236274386,2026-09-29T18:41:45Z,S5,2,1,0,0,ccfc9f026c908000c5c86e3bfcf8ed11a6bf92835e20478699250a4862b2391b,12000,16,1,180000,0.9434309007472642,1,0.9434309007472642,0.9999999999995622,1,1,173519,nan,-0.14176129290735645,nan,-46.42281369920838,1.4804539712636237e-07,nan,nan,0.0,0.0,0.0,0.9055408030363402,176.0261767167121,0,1,0
S5_p002_t024_s1250788590,2026-09-29T18:42:00Z,S5,2,1,0,0,eb8c27bc9f4e9781094eba889c86cc337106aa763737e19583dcc5183f6070a1,12000,16,1,180000,0.9434300970309382,1,0.9434300970309382,0.9999999999995622,1,1,173489,nan,-0.1417613717304934,nan,-46.4210254295968,1.9300118939884462e-07,nan,nan,0.0,0.0,2.5833333333333335,0.9072250571664197,176.15014152208803,0,1,0
S5_p002_t025_s1053143358,2026-09-29T18:42:15Z,S5,2,1,0,0,4fb1773db3d65838f98e89fa3dddf591823160f26c6cc5cf747ec2371747bc1e,12000,16,1,180000,0.9434303060889302,1,0.9434303060889302,0.9999999999995622,1,1,173520,nan,-0.14176098654936878,nan,-46.429728918472584,9.251323767244965e-10,nan,nan,0.0,0.0,0.5,1.030516215150369,175.64730525089163,0,1,0
S5_p002_t026_s1195050127,2026-09-29T18:42:30Z,S5,2,1,0,0,f984bf0613a9520cc63e39c9aad4ab663f5f46b13df4f9f4056b12254204fc81,12000,16,1,180000,0.9434306917393402,1,0.9434306917393402,0.9999999999995622,1,1,173526,nan,-0.1417616776138204,nan,-46.4141188784028,3.4239777568474236e-07,nan,nan,0.0,0.0,0.0,0.9055345776735941,176.60423179966273,0,1,0
S5_p002_t027_s1857563192,2026-09-29T18:42:45Z,S5,2,1,0,0,29bba381aa75f241711049d9858c3e1564c3d6e571437b4986cc4def31b7cbf9,12000,16,1,180000,0.9434306918104142,1,0.9434306918104142,0.9999999999995622,1,1,173482,nan,-0.14176167867754502,nan,-46.41411517928969,3.360994523765097e-07,nan,nan,0.0,0.0,3.25,0.9072205331238679,176.60384274603896,0,1,0
S5_p002_t028_s926067461,2026-09-29T18:43:00Z,S5,2,1,0,0,4a7ff5079779a0f8f5d921976ac097d27f05fc30c447c7d7fdeea1c84dc03eff,12000,16,1,180000,0.9434300970883672,1,0.9434300970883672,0.9999999999995622,1,1,173521,nan,-0.14176137166070452,nan,-46.42102686577453,1.9302139784478466e-07,nan,nan,0.0,0.0,0.0,0.9072250583015612,176.14989340948966,0,1,0
S5_p002_t029_s2039212308,2026-09-29T18:43:15Z,S5,2,1,0,0,ff2cf79677302c6316876da92f6d5c031a343726c0b2f7acef6477631fa41338,12000,16,1,180000,0.9434306910618675,1,0.9434306910618675,0.9999999999995622,1,1,173426,nan,-0.14176167888806646,nan,-46.41411045341188,3.362018793787331e-07,nan,nan,0.0,0.0,5.75,0.907220529677253,176.60380410713006,0,1,0
S5_p003_t000_s1714205886,2026-09-29T18:43:30Z,S5,3,1,0,0,acb35f9f9018724fe83113e7243638e5fefb335bbb18af63496346718698a2d4,12000,16,1,180000,0.9481648026063045,1,0.9481648026063045,1.0000000000009506,1,1,173495,nan,-0.2571474856256838,nan,-27.047483465185707,9.41728771182378e-06,nan,nan,0.0,0.0,0.0,2.394256551787071,81.81074795943502,0,1,0
S5_p003_t001_s1934708211,2026-09-29T18:43:45Z,S5,3,1,0,0,8216c4699fda4b4577b90bf18319bccf4ed031635b86f6a704bb8fa72fbb15f0,12000,16,1,180000,0.9481642614842596,1,0.9481642614842596,1.0000000000009506,1,1,173430,nan,-0.2571378860100414,nan,-27.04767231254214,5.565368142836361e-09,nan,nan,0.0,0.0,7.166666666666667,2.4468440750996647,81.8110536578543,0,1,0
S5_p003_t002_s1951162110,2026-09-29T18:44:00Z,S5,3,1,0,0,c5bbb4d950224eb6298211fa853a4565edbb585b55d444295606acdd5328c297,12000,16,1,180000,0.9455467939222606,1,0.9455467939222606,1.0000000000009506,1,1,138023,nan,-0.7171759401620369,nan,-9.957218353280261,37.683482699125584,nan,nan,7.833333333333333,0.0,0.0,71.21550507741841,83.0961407598101,0,1,0
S5_p003_t003_s1445156187,2026-09-29T18:44:15Z,S5,3,1,0,0,4ce273df0fa67b8eb9806b151bbbc7038c10d08c1fd12d01a52f1ecd3b30f3be,12000,16,1,180000,0.991873909965029,1,0.991873909965029,1.0000000000009506,1,1,173522,nan,-0.2569567428550346,nan,-27.128969169899296,1.410476749324425e-05,nan,nan,0.0,0.0,6.416666666666667,2.409217962500567,81.73222863322303,0,1,0
S5_p003_t004_s332708724,2026-09-29T18:44:30Z,S5,3,1,0,0,c8031236d45274c17d7ef6ebc2afe3f76b8bf5456a1ae428aca65516eabc9a0d,12000,16,1,180000,0.9918736716952252,1,0.9918736716952252,1.0000000000009506,1,1,173599,nan,-0.2569536769837079,nan,-27.12932847353185,1.2327133029110865e-05,nan,nan,0.0,0.0,3.0,2.461027711981131,81.73361870062723,0,1,0
S5_p003_t005_s1838982444,2026-09-29T18:44:45Z,S5,3,1,0,0,06c08a7da31ce608fea48f45696731cc31b77390f29f9d8038f531e1fc6fa76a,12000,16,1,180000,0.9918736922691526,1,0.9918736922691526,1.0000000000009506,1,1,173635,nan,-0.25695572253868987,nan,-27.129267523618967,1.434816148407061e-05,nan,nan,0.0,0.0,0.0,2.357404939909484,81.73352800445147,0,1,0
S5_p003_t006_s1432963864,2026-09-29T18:45:00Z,S5,3,1,0,0,33d49b3bfcc76c7c16f9952886f9b88f74abb183ea8d77382695e866c6eab91d,12000,16,1,180000,0.9918736722320517,1,0.9918736722320517,1.0000000000009506,1,1,173624,nan,-0.2569524975274827,nan,-27.129363457169397,1.1162740592012056e-05,nan,nan,0.0,0.0,0.0,2.46156326779152,81.73365430812652,0,1,0
S5_p003_t007_s1060432322,2026-09-29T18:45:15Z,S5,3,1,0,0,b5f38d3ff762006fa5f1fe43d88ce9094b07015adf1c20fba4619a02c50f27bf,12000,16,1,180000,0.9918736639549777,1,0.9918736639549777,1.0000000000009506,1,1,173572,nan,-0.25695362372397246,nan,-27.129275711317,1.2226217122049504e-05,nan,nan,0.0,0.0,4.166666666666667,2.461386864997217,81.73355243343211,0,1,0
S5_p003_t008_s328444916,2026-09-29T18:45:30Z,S5,3,1,0,0,abad374447a71dd5d7d852a0d7b102c9cb5817d67296216c172eb3e870316fa5,12000,16,1,180000,0.9918736821603361,1,0.9918736821603361,1.0000000000009506,1,1,173622,nan,-0.2569520635954059,nan,-27.129378921119493,1.073173456903615e-05,nan,nan,0.0,0.0,0.0,2.487970110839362,81.7336583079167,0,1,0
S5_p003_t009_s2116983884,2026-09-29T18:45:45Z,S5,3,1,0,0,523863c8e414af028695823d132a3b0fa20ae4b61aeb8cc1b5f7cbf3bc409216,12000,16,1,180000,0.9917873341734159,1,0.9917873341734159,1.0000000000009506,1,1,173549,nan,-0.2569429732058537,nan,-27.129150080005285,9.154784326620196e-07,nan,nan,0.0,0.0,365.9166666666667,2.4604334169553392,81.73299210658007,0,1,0
S5_p003_t010_s1100042289,2026-09-29T18:46:15Z,S5,3,1,0,0,c3fab69fe7dfc682ca93ec832ee4dd4e63bec492d19912ff45376088aeb22c36,12000,16,1,180000,0.9481647422966247,1,0.9481647422966247,1.0000000000009506,1,1,173534,nan,-0.2571496464688489,nan,-27.04739946062551,1.1524208700798488e-05,nan,nan,0.0,0.0,6.166666666666667,2.466867990907516,81.81067487750025,0,1,0
S5_p003_t011_s635744766,2026-09-29T18:46:30Z,S5,3,1,0,0,d21ccc78e741654aace3277299609779c33e96a40b91f60ec9e5f51406cf8f5f,12000,16,1,180000,0.9481658799368448,1,0.9481658799368448,1.0000000000009506,1,1,173608,nan,-0.25714709513728445,nan,-27.046057436806223,6.3684050007912594e-06,nan,nan,0.0,0.0,0.0,2.4676891797994736,81.8088187452675,0,1,0
S5_p003_t012_s961338442,2026-09-29T18:46:45Z,S5,3,1,0,0,98af34c4be23617518346dccccda3b1f3b761c3bdc8abe37ad704e202bb5ee00,12000,16,1,180000,0.9481647422966245,1,0.9481647422966245,1.0000000000009506,1,1,173534,nan,-0.2571496464688489,nan,-27.04739946062551,1.1524208700798488e-05,nan,nan,0.0,0.0,0.0,2.466867990907516,81.81067487750025,0,1,0
S5_p003_t013_s1294474057,2026-09-29T18:47:00Z,S5,3,1,0,0,80b1beb2d5473f22a1a00331938f0b73b7c3ca01328fb26597a66a56fa483c40,12000,16,1,180000,0.9481648025887518,1,0.9481648025887518,1.0000000000009506,1,1,173525,nan,-0.25714748400416765,nan,-27.047483478865967,9.41566091436654e-06,nan,nan,0.0,0.0,0.0,2.3942565835576506,81.81074797772489,0,1,0
S5_p003_t014_s1681705495,2026-09-29T18:47:15Z,S5,3,1,0,0,7d19fecd52ffb1e91456e36870afc361452058dcb178e04252108a532b0f9da9,12000,16,1,180000,0.8249324465038246,1,0.8249324465038246,1.0000000000009506,1,1,135602,nan,-1.3204067447238805,nan,-5.549452288063881,16.158508819136674,nan,nan,10.416666666666666,0.0,0.6666666666666666,52.86929793943213,100.10660333721326,0,1,0
S5_p003_t015_s710608608,2026-09-29T18:47:30Z,S5,3,1,0,0,5bc7176ad89d0544814e1a8da02449d843e0233a143e918b478bff75a38ff7dd,12000,16,1,180000,0.9918736821922641,1,0.9918736821922641,1.0000000000009506,1,1,173633,nan,-0.2569542256446175,nan,-27.129242554860102,1.2742877641413626e-05,nan,nan,0.0,0.0,7.166666666666667,2.460675760249336,81.7334547073481,0,1,0
S5_p003_t016_s384136078,2026-09-29T18:47:45Z,S5,3,1,0,0,ac0dabe4cfa39c373ba2298d686ee402a37c640fbce6ba651a5350f42f78728d,12000,16,1,180000,0.9918736716909083,1,0.9918736716909083,1.0000000000009506,1,1,173719,nan,-0.25695366845802364,nan,-27.12932858898334,1.2318621472305812e-05,nan,nan,0.0,0.0,0.0,2.46099788380367,81.73361875438694,0,1,0
S5_p003_t017_s414741158,2026-09-29T18:48:00Z,S5,3,1,0,0,8edde14d44c6cccff9bd4ca746151916cdd3f2bfd12279875b8533bd1aa7a2b6,12000,16,1,180000,0.9918741292168166,1,0.9918741292168166,1.0000000000009506,1,1,173669,nan,-0.2569426402558069,nan,-27.12932184807542,9.146388776861558e-07,nan,nan,0.0,0.0,2.0,2.4612727347695005,81.73332832303225,0,1,0
S5_p003_t018_s1550145401,2026-09-29T18:48:15Z,S5,3,1,0,0,ce7c8448d3fbb258d6c0d501e3811ac95abf71db6f945a12aaf8161853cbf19b,12000,16,1,180000,0.9918736821864979,1,0.9918736821864979,1.0000000000009506,1,1,173693,nan,-0.2569542211947134,nan,-27.129242642095658,1.2738480754348934e-05,nan,nan,0.0,0.0,0.0,2.4606609716579815,81.73345477952404,0,1,0
S5_p003_t019_s247667753,2026-09-29T18:48:30Z,S5,3,1,0,0,c663c11b5269f5af869285776e547889ed535456088bbeba0025762d95a778c5,12000,16,1,180000,0.9918736911399266,1,0.9918736911399266,1.0000000000009506,1,1,173648,nan,-0.2569511841375874,nan,-27.12943165338174,9.867351328883116e-06,nan,nan,0.0,0.0,0.0,2.4879605180404254,81.7336617985651,0,1,0
S5_p003_t020_s1583609065,2026-09-29T18:48:45Z,S5,3,1,0,0,5be4f4a67cc36b27e4b4f7c172d22a404a23ea7f3ed67911c28f75e11bc0bf25,12000,16,1,180000,0.9918737024433107,1,0.9918737024433107,1.0000000000009506,1,1,173617,nan,-0.2569511926008425,nan,-27.129380772540696,9.787496055753777e-06,nan,nan,0.0,0.0,4.916666666666666,2.4618913811988956,81.73356230214907,0,1,0
S5_p003_t021_s796570551,2026-09-29T18:49:00Z,S5,3,1,0,0,e18c18cb608cc65af098b2323fe5c9b297b328ddf1638f873b4595858116709a,12000,16,1,180000,0.9918736775077206,1,0.9918736775077206,1.0000000000009506,1,1,173676,nan,-0.2569499570382467,nan,-27.129373976066674,8.534854642194056e-06,nan,nan,0.0,0.0,0.0,2.3485931949764653,81.73355693223569,0,1,0
S5_p003_t022_s1559731172,2026-09-29T18:49:15Z,S5,3,1,0,0,91d2825f7f11eb3f6f21be400f855798ca0229b2d74b9fb2df2091c35461bee9,12000,16,1,180000,0.9918736833248228,1,0.9918736833248228,1.0000000000009506,1,1,173666,nan,-0.25695560795707456,nan,-27.129229818956063,1.4198165671278808e-05,nan,nan,0.0,0.0,0.0,2.4186639413666144,81.73348662563184,0,1,0
S5_p003_t023_s844389843,2026-09-29T18:49:30Z,S5,3,1,0,0,e044978411fada60ac74aece355eef1c313befc007931ad313b098fdc6e4b064,12000,16,1,180000,0.9918736667607536,1,0.9918736667607536,1.0000000000009506,1,1,173630,nan,-0.25695369714552463,nan,-27.129330338119747,1.2353729706018532e-05,nan,nan,0.0,0.0,8.333333333333334,2.4186587138448234,81.73362026452098,0,1,0
S5_p003_t024_s1173993624,2026-09-29T18:49:45Z,S5,3,1,0,0,3fdea1be3a806158a31f9ed1efe4ee81c6c2666e0d8a957fb0241b9fccfb444b,12000,16,1,180000,0.9918736656362532,1,0.9918736656362532,1.0000000000009506,1,1,173730,nan,-0.25694124318487266,nan,-27.129540914148684,6.163365927471663e-09,nan,nan,0.0,0.0,0.0,2.487876661010337,81.73382509667584,0,1,0
S5_p003_t025_s412349045,2026-09-29T18:50:00Z,S5,3,1,0,0,af70c6093ae648c0d2910de55833bbdbfcb6b89870d4d9a2f772876311e5ba49,12000,16,1,180000,0.9918736698029088,1,0.9918736698029088,1.0000000000009506,1,1,173656,nan,-0.25695277267562555,nan,-27.129350966426692,1.1429473789395188e-05,nan,nan,0.0,0.0,5.666666666666667,2.4615356887949376,81.7336442140214,0,1,0
S5_p003_t026_s1487682954,2026-09-29T18:50:15Z,S5,3,1,0,0,aa95846f33972e56916736d9418e908945f440b04cec05d022e6eaedecb768d8,12000,16,1,180000,0.991873695719305,1,0.991873695719305,1.0000000000009506,1,1,173724,nan,-0.25695565536701925,nan,-27.129271383914386,1.4276406140169364e-05,nan,nan,0.0,0.0,0.0,2.4186672473314896,81.73353058579026,0,1,0
S5_p003_t027_s1191930151,2026-09-29T18:50:30Z,S5,3,1,0,0,220320b826faec51ad69bd0e152b2ea788f8fd3391dbcb0594c3241d8f21fd0b,12000,16,1,180000,0.9918736656363687,1,0.9918736656363687,1.0000000000009506,1,1,173640,nan,-0.2569412431319417,nan,-27.129540937649097,5.960699009649512e-09,nan,nan,0.0,0.0,0.0,2.4878534634064446,81.73382519544896,0,1,0
S5_p003_t028_s66415985,2026-09-29T18:50:45Z,S5,3,1,0,0,0e3d7cb0e30ad0172687032a06d41c3da55dafc63506c5f5b67bb223177f1e73,12000,16,1,180000,0.8623038083883775,1,0.8623038083883775,1.0000000000009506,1,1,137989,nan,-1.5083134129382902,nan,-4.9351399876470845,25.330558137429566,nan,nan,7.333333333333333,0.0,1.25,32.5743586502291,99.67571847562166,0,1,0
S5_p003_t029_s1759722470,2026-09-29T18:51:00Z,S5,3,1,0,0,3ada60a1f53c831c452eb9ac83e051386fe5597251b254c447b208b7563b7f64,12000,16,1,180000,0.9917848470004709,1,0.9917848470004709,1.0000000000009506,1,1,173711,nan,-0.2569517149147852,nan,-27.129310196402336,1.0241448812576873e-05,nan,nan,0.0,0.0,354.08333333333337,2.4617117943654114,81.73351436264406,0,1,0
S7_p000_t000_s1928618341,2026-09-29T18:51:30Z,S7,0,2,0,0,25c45e26279cae9dc23d33e11f20c99ac316a6105f35dcad3f4a615b3fdecec9,12000,16,1,180000,0.977005982051422,1,0.5523704566101533,0.5173745417804761,0,1,173592,0.0,-0.8520116230755302,-334.00930240961014,-14.89292516475221,0.8197117018700656,0.14781027656992907,0.018474806468475435,0.08333333333333333,0.0,4.416666666666667,4.564217484088462,18.302522736959908,0,1,0
S7_p000_t001_s1519748887,2026-09-29T18:51:45Z,S7,0,2,0,0,126d327e632a51087cd6c1943fce92e712ce13e38a83c1b86fa2816ea0bb4379,12000,16,1,180000,0.4155563702699315,1,0.30569842122287055,0.519610581061896,0,1,173663,1.0,-7.961419196249601,-328.11483114092454,6.337334112218285,48.04886331873088,145.69146550766163,18.220320367853674,0.9166666666666666,0.0,0.0,5.708810721838785,22.364625961323014,0,1,0
S7_p000_t002_s1888808097,2026-09-29T18:52:00Z,S7,0,2,0,0,f9c6ad42bc944e74c95abb4e4c902d15aaa3512e6e063c3825d75a79b2772e5f,12000,16,1,180000,0.9755608450170002,1,0.5524405035304356,0.519610581061896,0,1,173596,0.0,-0.8548546745851806,-333.65862097303096,-14.756954393259988,0.9075572448340296,0.07287630572371705,0.00910910095763029,0.08333333333333333,0.0,5.75,4.811701278615449,17.41218869532662,0,1,0
S7_p000_t003_s1567484507,2026-09-29T18:52:15Z,S7,0,2,0,0,85beb5585ec61dee14f3fee347f5cd30fdf14da701ea502ec3cb4f5d72600d59,12000,16,1,180000,0.9754902104205201,1,0.552968355980401,0.5195043430058967,0,1,173665,0.0,-0.855323905399597,-327.90863904504903,-14.723413294033012,0.8660154361002336,0.07635018326182333,0.009548582969273411,0.08333333333333333,0.0,0.0,4.853821638864729,17.26725173287122,0,1,0
S7_p000_t004_s1587104087,2026-09-29T18:52:30Z,S7,0,2,0,0,6e15eeb2e60e3594cbec764fbb9d133c45b82d426ac5e4383ada63f42f870cf2,12000,16,1,180000,0.9752539530058141,1,0.5540333319823292,0.5194035063955749,0,1,173640,0.0,-0.8639223447868118,-329.9919436019536,-14.693767798086558,0.8723297323615828,0.07301687412996449,0.0091298839074625,0.08333333333333333,0.0,1.9166666666666665,5.2671240405184,17.237302026581418,0,1,0
S7_p001_t000_s1163046826,2026-09-29T18:52:45Z,S7,1,2,0,0,db89facfbe9070e7a14f9f58249822c2bea2461cdfbce0f08e82b28a5bb62dcd,12000,16,1,180000,0.9638154174805544,1,0.28246134118366084,0.2551217701044732,0,1,173663,0.0,-1.2557800593079784,-328.07438256183923,-13.136970730037628,0.5361416726656167,0.041068406312793494,0.005136055961884267,0.08333333333333333,0.0,2.0,5.104888824416554,14.680075349921895,0,0,0
S7_p001_t001_s641673168,2026-09-29T18:53:00Z,S7,1,2,0,0,7b2e4d119a3b43103ca8d35f34751a49959003b5407582b66ca8ee6162f847cb,12000,16,1,180000,0.963185089091401,1,0.28143510404339983,0.2551217701044732,0,1,173687,0.0,-1.2766974050183733,-326.0743605765565,-13.06223964321303,0.40756690324826406,0.04094691972044449,0.005121845453231799,0.08333333333333333,0.0,0.0,6.227283099232441,14.269078332824382,0,0,0
S7_p001_t002_s1425528308,2026-09-29T18:53:15Z,S7,1,2,0,0,e7424943f89a634e538c78cf7c278fc451a94fa6a87f347a8d03350b4eaecfec,12000,16,1,180000,0.9636082894663872,1,0.2795918229209392,0.25459545097861797,0,1,173642,0.0,-1.2619637492523412,-329.8243765249026,-13.11128308235842,0.49477806985173617,0.04114587278947379,0.005144879933595803,0.08333333333333333,0.0,5.5,5.275677101284598,14.667451472608604,0,0,0
S7_p001_t003_s961284984,2026-09-29T18:53:30Z,S7,1,2,0,0,c886db15d1a80784c7d90347b6a202dec9bb7220188b43a47fe952abc6ad0dbe,12000,16,1,180000,0.9633384282397336,1,0.28099471332703285,0.2545954509786179,0,1,173708,0.0,-1.2719082810395197,-324.32436224509064,-13.081913055516397,0.4556178119843983,0.039873612716566496,0.004988428192518768,0.08333333333333333,0.0,0.0,4.71184785601798,14.620078599838154,0,0,0
S7_p001_t004_s990723452,2026-09-29T18:53:45Z,S7,1,2,0,0,7796cf584b3e684ccfe048131735a1464dae90410cb0df237ac278efced305d7,12000,16,1,180000,0.9634238446338061,1,0.2813669117352024,0.2538033491403863,0,1,173613,0.0,-1.2701590175717101,-332.24103039602835,-13.093536492614891,0.47731837186437354,0.04002629116368143,0.005003726684662979,0.08333333333333333,0.0,0.16666666666666666,4.7706119994905345,14.252543317829984,0,0,0
S7_p002_t000_s98455044,2026-09-29T18:54:00Z,S7,2,3,0,0,bbaf9625ad85fc00adf5ebd085ab1d7ba47d53d795df950f0167a0ddeb03e8a4,12000,16,1,180000,0.834218325073294,1,0.5731513405783754,0.6209508036808066,0,1,173752,0.0,-1.6628852010366377,-320.6408705733987,-5.524869091681063,16.255204350916777,0.9771028935323858,0.12228442712557808,10.833333333333334,0.0,3.6666666666666665,25.71321032938557,39.65367980037954,0,1,0
S7_p002_t001_s1384128433,2026-09-29T18:54:15Z,S7,2,3,0,0,12de55e7d16b125974dc6ed6966f8fac75c1760baadab4af2c8efa751ebc8356,12000,16,1,180000,0.9245943934979466,1,0.643268535109233,0.6209508036808066,0,1,173796,0.0,-0.7093386824867935,-316.9720715500498,-15.571352387251583,1.0130169539695142,0.08248349109877631,0.010326438184620201,0.08333333333333333,0.0,0.0,4.798942710371759,17.56829997449014,0,1,0
S7_p002_t002_s1361330484,2026-09-29T18:54:30Z,S7,2,3,0,0,1bfd23fe529e12953516a99b3abf468bbb6019cdef4247cfc6496a6048332cf1,12000,16,1,180000,0.9245754840079267,1,0.6412812815971302,0.6197701897798836,0,1,173763,0.0,-0.7090636874617193,-319.72206906381626,-15.577995274886531,0.9925880068708117,0.08948477791515984,0.01120000428863932,0.08333333333333333,0.0,0.0,5.000841534408464,17.79041182903616,0,1,0
S7_p002_t003_s1078092554,2026-09-29T18:54:45Z,S7,2,3,0,0,e44187003105e27a43687bea48f1133357ecd8dc6ac59b178a17ad9b2f6b3e7c,12000,16,1,180000,0.9247218321171532,1,0.6429585811347788,0.6200506262983498,0,1,173746,0.0,-0.7078367767873088,-321.1387472008937,-15.575137126804412,1.0161492278583188,0.08338090374424804,0.010434619818170177,0.08333333333333333,0.0,0.0,5.21212151368376,17.883963663933645,0,1,0
S7_p002_t004_s924921264,2026-09-29T18:55:00Z,S7,2,3,0,0,445a8412847e1f7c6748fb8d9b6b2a3bf94e604274b9ddaaabed36481fb4db6f,12000,16,1,180000,0.9244087391325044,1,0.6433343270521674,0.6200506262983498,0,1,173738,0.0,-0.7119337316531104,-321.8054064542994,-15.541488057573352,1.0262287344371297,0.08794313811885882,0.011004852531641518,0.08333333333333333,0.0,7.083333333333333,4.9251459989101685,17.748993091398788,0,1,0
S7_p003_t000_s763598906,2026-09-29T18:55:15Z,S7,3,2,0,0,5e4378f01f721ace1bf052465d898c3d6719f062fb9794166e0b71f16a31cc9e,12000,16,1,180000,0.9130497191316698,1,0.5490650349295968,0.5209269121406312,0,1,173823,0.0,-0.8599639279470692,-314.7216136066254,-14.656647147492128,0.9123269160907848,0.07986039444922535,0.010000198453326448,0.08333333333333333,0.0,0.0,4.9219078426791505,17.921088308827116,0,1,0
S7_p003_t001_s1480126732,2026-09-29T18:55:30Z,S7,3,2,0,0,b1f4e5c40c3289b269e42b3c2dd172207d3d71202db211e2a699eff2ba5b32db,12000,16,1,180000,0.9131084983021036,1,0.5501199498371303,0.5209269121406312,0,1,173799,0.0,-0.8582780862401722,-316.72161476955745,-14.669399145267427,0.9393827632115983,0.08419238375451148,0.010540633868913574,0.08333333333333333,0.0,3.0833333333333335,4.691827163446066,18.246239464083608,0,1,0
S7_p003_t002_s348040279,2026-09-29T18:55:45Z,S7,3,2,0,0,3c399080a226a88400d69f436fad49d4728432a336710a30f797768f2a2452c2,12000,16,1,180000,0.9126846129061221,1,0.5501672750103418,0.5206966482409549,0,1,173836,0.0,-0.8648613467005289,-313.6382656924361,-14.628412372100769,0.8940815898828258,0.08032726321962144,0.010059704482046072,0.08333333333333333,0.0,0.0,4.988814736088293,17.989503062467616,0,1,0
S7_p003_t003_s750677479,2026-09-29T18:56:00Z,S7,3,2,0,0,8e6ec379310a34158d73afd957ad0593b183f10909dfb0e7eab3e6170a67bd44,12000,16,1,180000,0.912512730917867,1,0.5475755066991457,0.5184811033296005,0,1,173757,0.0,-0.8670938526009314,-320.22158903954914,-14.617389714260248,0.8776299304171296,0.07635348267276217,0.009556020123909548,0.08333333333333333,0.0,2.5833333333333335,4.9897150115661795,17.997622405723142,0,1,0
S7_p003_t004_s258894362,2026-09-29T18:56:15Z,S7,3,2,0,0,f5339ef56fa9832ff689061e58f0244ad086434f118c6c22e6cf606b2f2b70fa,12000,16,1,180000,0.9132739412894636,1,0.5471085500239807,0.5184811033296005,0,1,173788,0.0,-0.8554846236569751,-317.638284616473,-14.689267351320442,0.9121381504944486,0.07896828530710445,0.009885723764455179,0.08333333333333333,0.0,352.91666666666663,5.460356170526545,18.08162722977532,0,1,0
S7_p004_t000_s139254338,2026-09-29T18:56:45Z,S7,4,2,0,0,b919d6cc0424f69fb045e34dc7804729f55af9e8723833a068493f35b41c6bac,12000,16,1,180000,0.9138764146910046,1,0.5514751467486496,0.5248937613908201,0,1,173552,0.0,-0.8498591754568098,-337.3049794248485,-14.701064451089813,0.8557644850373418,0.08039679592619242,0.010045579650977743,0.08333333333333333,0.0,0.0,5.396497456475388,17.210175343055237,0,1,0
S7_p004_t001_s1221387494,2026-09-29T18:57:00Z,S7,4,2,0,0,201888cc732731e82ac87f9ed9f34c05c4ed9a76d4e09b693d01f0ffa591610c,12000,16,1,180000,0.9133198070014183,1,0.5526271576380786,0.5248937613908201,0,1,173525,0.0,-0.8560918164950586,-339.5549586091917,-14.676744056902649,0.8668855694550366,0.08201345940268255,0.010245367388961313,0.08333333333333333,0.0,0.16666666666666666,4.735702747016714,17.463193817523837,0,1,0
S7_p004_t002_s1203773898,2026-09-29T18:57:15Z,S7,4,2,0,0,e4e14c2bb76cc88b3161c7497e8f97c114f30d3fe88ecd48877547604cfbb290,12000,16,1,180000,0.6933109865541986,1,0.5232248298821379,0.5252303196234194,0,1,173622,1.0,-3.868252475098901,-331.50625627982845,0.29707123372026056,6.564425567782739,756.3799221038215,94.56261786141977,7.25,0.0,0.0,8.449739511178265,16.92871222989861,0,1,0
S7_p004_t003_s43333996,2026-09-29T18:57:30Z,S7,4,2,0,0,2fc056631af0b2f013e38cb3bd113c1cbd7bc83fba6115a66c285c5ce4c3b6c5,12000,16,1,180000,0.9770549812652104,1,0.5590068348490584,0.5252303196234194,0,1,173561,0.0,-0.8481363809889996,-336.5926580991193,-14.91095984644387,0.82488135860815,0.1312330721181821,0.016398753458815918,0.08333333333333333,0.0,0.0,5.280619109332826,18.516522774077956,0,1,0
S7_p004_t004_s1033654550,2026-09-29T18:57:45Z,S7,4,2,0,0,7be07bc261dad5252f6fecae41bead27e1e3795fbdf719b3508b29721c4bf8aa,12000,16,1,180000,0.9773250906761356,1,0.5567663419820638,0.523848509483097,0,1,173556,0.0,-0.8376927979921321,-337.009359340272,-14.992565805341457,0.8604599433973372,0.13604689208972318,0.01699960335417927,0.08333333333333333,0.0,1.3333333333333333,4.800052320650344,18.479033040079297,0,1,0
S7_p005_t000_s600798252,2026-09-29T18:58:00Z,S7,5,2,0,0,79b8ff4e3274ec06467b91442419841b3e4bca9a22043af2f98d1be7b1a6fd7e,12000,16,1,180000,0.9768142151880781,1,0.5458039558888916,0.5145159131504455,0,1,173572,0.0,-0.8621157479306036,-335.6759298551521,-14.840173675200619,0.8233758963175536,0.13982655198992539,0.017474124202180974,0.08333333333333333,0.0,0.0,4.641352606036052,19.118049288153415,0,1,0
S7_p005_t001_s1358512429,2026-09-29T18:58:15Z,S7,5,2,0,0,4fe75f1696773c957fe8550baa9b3406da82581ee3331a58f626aaba1449173d,12000,16,1,180000,0.9766983082057875,1,0.5478792592196399,0.5145159131504456,0,1,173547,0.0,-0.8675921763011509,-337.7592415208953,-14.803526503125902,0.8261846509340743,0.12953630062679952,0.016184913081815466,0.08333333333333333,0.0,7.25,5.114516038910724,19.16574266979566,0,1,0
S7_p005_t002_s475029750,2026-09-29T18:58:30Z,S7,5,2,0,0,1710012d92dbe88ce5678ea07ebf72b7822005c0b9160d0e347e78868c0297c4,12000,16,1,180000,0.9766572193333953,1,0.5480112406357979,0.515820579951814,0,1,173634,0.0,-0.8683851018061692,-330.5092420327813,-14.7891766139644,0.8374472512284663,0.14263857346564301,0.017834386117556278,0.08333333333333333,0.0,0.0,4.571117919058508,19.414053949887304,0,1,0
S7_p005_t003_s686156291,2026-09-29T18:58:45Z,S7,5,2,0,0,a81b4dfebf4bedf9b9c325b83d1f3fbca28ea823b22e7e80c3ca298628e71e72,12000,16,1,180000,0.9768105010364516,1,0.5467227059262275,0.515820579951814,0,1,173602,0.0,-0.8613451442524025,-333.175933123873,-14.83713737640944,0.8822074249929469,0.13911875725534628,0.017389844656918285,0.08333333333333333,0.0,0.0,5.059964104741879,19.239144533633755,0,1,0
S7_p005_t004_s1322737522,2026-09-29T18:59:00Z,S7,5,2,0,0,040ad7d4d9172d3fa2bba6240b18a89d0a9830be8abac64eec60044281e3f4c1,12000,16,1,180000,0.9769267824840618,1,0.5444277283367872,0.5155979631963823,0,1,173514,0.0,-0.8571866942519628,-340.50927343255654,-14.866917007389201,0.8190168249366158,0.13941561417101886,0.017414683197330305,0.08333333333333333,0.0,4.75,4.768109123465027,19.14055191781309,0,1,0
S7_p006_t000_s1641734052,2026-09-29T18:59:15Z,S7,6,2,0,0,63d07653a4180414c19c1cfede56d8481c5521877709b7393fce0bd04371db7e,12000,16,1,180000,0.9771759028551755,1,0.5658830385748536,0.531623992137858,0,1,173571,0.0,-0.8388572349353174,-335.75939339691286,-14.96831329124907,0.8931366737748854,0.13148319721534832,0.016431323672804865,0.08333333333333333,0.0,0.0,5.691150444188773,19.119498810761154,0,1,0
S7_p006_t001_s67837340,2026-09-29T18:59:30Z,S7,6,2,0,0,c4bb6de21dd528139b73b671c672fa6b61cba207e986c2b4393446e9b1910b4f,12000,16,1,180000,0.9772922751596732,1,0.565806376197435,0.531623992137858,0,1,173524,0.0,-0.8366674928129907,-339.6760542450581,-14.996509017211645,0.814460485122595,0.12768913776347113,0.01595118246768834,0.08333333333333333,0.0,0.0,4.979467858272653,19.210276199132533,0,1,0
S7_p006_t002_s1202997263,2026-09-29T18:59:45Z,S7,6,2,0,0,f3bc35e35f9c4c08dc95372b61ba217877bff8c6f2e05f980e24dce1ae524d91,12000,16,1,180000,0.9773021351835118,1,0.5635678525264612,0.5302036272884406,0,1,173500,0.0,-0.8318478306606274,-341.67608627122837,-15.00109314353802,0.8850268346145118,0.13178703277111373,0.01645993681904656,0.08333333333333333,0.0,8.333333333333334,4.5894590337531564,19.181013273497,0,1,0
S7_p006_t003_s902359725,2026-09-29T19:00:00Z,S7,6,2,0,0,dbe8b43ea9ba52446191a0ae4cd0b7604bf78f55605e5cd104e27d14281b8716,12000,16,1,180000,0.9772260653055457,1,0.561586769333675,0.5299111188707443,0,1,173600,0.0,-0.838749952016762,-333.3427141746336,-14.973752053949301,0.9068657763963237,0.12997058030180503,0.016246062596565025,0.08333333333333333,0.0,0.0,5.960088796686385,18.73490978922082,0,1,0
S7_p006_t004_s291698731,2026-09-29T19:00:15Z,S7,6,2,0,0,3aadf83a5a913576a1cb76a4435d66cf3d1ebf2591b6c0f2d6b1cb22c6335c45,12000,16,1,180000,0.9772445423099974,1,0.5616858227808175,0.5298739916717151,0,1,173575,0.0,-0.836589789403106,-335.42606020784115,-14.988633299252648,0.8366717432619202,0.13693205010564466,0.017112809097852733,0.08333333333333333,0.0,0.0,5.071859844335604,19.017472497455806,0,1,0
S7_p007_t000_s526185734,2026-09-29T19:00:30Z,S7,7,2,0,0,59ae7d85d231ee30ad7843f9ac60dd3d957fdbf90b20cf51362f9ab23c1d7acc,12000,16,1,180000,0.6807277034919426,1,0.41787258409916705,0.5220729717626843,0,1,173477,0.0,-3.9410473513953184,-343.59467163023083,0.4325905662170066,45.81058313088114,1017.1549450634367,127.01722376479665,10.083333333333332,0.0,6.333333333333333,10.09376977207805,27.874217016325353,0,1,0
S7_p007_t001_s318655740,2026-09-29T19:00:45Z,S7,7,2,0,0,109f12a6d64e94e24b665852f62ed8794bd19000b48978a36b40c7898ed5d888,12000,16,1,180000,0.9768960829470295,1,0.5550038572104604,0.5220729717626843,0,1,173680,0.0,-0.8583851335553649,-326.67596469571436,-14.881567173277155,0.8188039863793628,0.1313441280734519,0.016428260851171217,0.08333333333333333,0.0,0.0,4.445444280699254,17.955206824859836,0,1,0
S7_p007_t002_s1737849473,2026-09-29T19:01:00Z,S7,7,2,0,0,09f062ddc28845e66ac8a3adf507741035f16283af2ee692bf807f33acfc199d,12000,16,1,180000,0.9769861331644404,1,0.5520234942124078,0.5196156555619112,0,1,173666,0.0,-0.8538985987435077,-327.8426546635753,-14.913979373500934,0.7956276845878321,0.12267282383576057,0.01534195404019556,0.08333333333333333,0.0,0.25,4.912807342637642,18.079656847780864,0,1,0
S7_p007_t003_s438300082,2026-09-29T19:01:15Z,S7,7,2,0,0,e50b935743b01ff1bc2e0a7fb9e32486636e35314305c134acb40899042f79c0,12000,16,1,180000,0.976934302932782,1,0.5536565630000424,0.5232371159668855,0,1,173669,0.0,-0.8565862164686253,-327.59264047918134,-14.896288381919696,0.816553153300013,0.13504746309154111,0.016889981066469772,0.08333333333333333,0.0,0.0,4.864455672192066,17.958811989847582,0,1,0
S7_p007_t004_s994742111,2026-09-29T19:01:30Z,S7,7,2,0,0,0bf1776f6a71a4918ffd5950187f54e2cc7f1e7723b0dc34cce9a50b153f8de3,12000,16,1,180000,0.9768130292117306,1,0.5534799146827758,0.5232371159668855,0,1,173633,0.0,-0.8561773684393834,-330.5926559920621,-14.875418969686283,0.8824453432763963,0.13198645752718174,0.01650239877108106,0.08333333333333333,0.0,368.4166666666667,5.247468778971723,18.12513447888441,0,1,0
S7_p008_t000_s434073307,2026-09-29T19:02:00Z,S7,8,2,0,0,a17cd51fac79a47132df46a4fb34fcd19f7c2d6d46aa59ca44825aead059adb0,12000,16,1,180000,0.9770024915488299,1,0.5556182387684743,0.5191450223152942,0,1,173445,0.0,-0.8500181408713978,-346.25932337184105,-14.899941780910044,0.9417710351312403,0.123928603247803,0.01547161861526547,0.08333333333333333,0.0,3.0833333333333335,5.051205404693068,18.543581377640937,0,1,0
S7_p008_t001_s1584181983,2026-09-29T19:02:15Z,S7,8,2,0,0,781467b87f29597445f9d9f278ff775b8ea4557fbb450ef4772a62f876759e42,12000,16,1,180000,0.9768374757407482,1,0.5550454954492547,0.5191450223152942,0,1,173482,0.0,-0.8560052197804748,-343.175974162518,-14.850792795930829,0.8780798643337815,0.131572056581588,0.016430718425908708,0.08333333333333333,0.0,2.5,4.7275199409156015,18.854879499481704,0,1,0
S7_p008_t002_s69311790,2026-09-29T19:02:30Z,S7,8,2,0,0,407aeb6234ac33b0c22a69d860959070550640c184b2aa217c22a301208c68f5,12000,16,1,180000,0.976973936058692,1,0.5539804366821746,0.5175979408315418,0,1,173512,0.0,-0.8523637983899552,-340.6759736991183,-14.884493828134847,0.8019088021900377,0.11168906412584446,0.013951080999959231,0.08333333333333333,0.0,0.0,4.765443862898013,18.707470234808987,0,1,0
S7_p008_t003_s449200011,2026-09-29T19:02:45Z,S7,8,2,0,0,4ed58317ac7c846419a06e30a9e3cad79793787f48ea96eb5f04fcaa14b89c53,12000,16,1,180000,0.9771008155075563,1,0.5548485923168291,0.5213817679223924,0,1,173473,0.0,-0.844020668399756,-343.9260145472781,-14.925934821552628,0.7660194738965573,0.11620836142798287,0.01451105429987365,0.08333333333333333,0.0,1.75,4.999639852513596,18.496577886898493,0,1,0
S7_p008_t004_s63363653,2026-09-29T19:03:00Z,S7,8,2,0,0,d51a95a2bbcaf8ea655036500623d0540ef5d242d27ccadf4464e41262aff9e4,12000,16,1,180000,0.9770567009134529,1,0.5544421006395063,0.5213817679223924,0,1,173494,0.0,-0.8464647537692377,-342.1760063740172,-14.914275736312842,0.8414872321730926,0.110961853487243,0.013858247805728752,0.08333333333333333,0.0,0.3333333333333333,4.817440489204397,18.54294469270007,0,1,0
S7_p009_t000_s244638474,2026-09-29T19:03:15Z,S7,9,2,0,0,c75983a30fbda4cf82e838cfe27cf28129c12ca378700db9e595d2ed1f0a63bb,12000,16,1,180000,0.976912835171064,1,0.5521332641912542,0.5185299109364768,0,1,173498,0.0,-0.8568298062666273,-341.842618574412,-14.870529395964166,0.8092494695051266,0.06984714519657646,0.008723629046471615,0.08333333333333333,0.0,0.0,4.639850025721132,18.589424897315915,0,1,0
S7_p009_t001_s1024747382,2026-09-29T19:03:30Z,S7,9,2,0,0,544cd6d2f5a945d19e9ad218d24cdff0a086c45cb65f2ac6b4340a670282de55,12000,16,1,180000,0.9770194564992716,1,0.5556263992203534,0.5193471255338729,0,1,173448,0.0,-0.8482316717754802,-346.0093255723617,-14.902750858778901,0.8324422261210163,0.07163567358973978,0.008943427304984652,0.08333333333333333,0.0,6.916666666666666,5.411382808143195,18.414380528347117,0,1,0
S7_p009_t002_s1710014650,2026-09-29T19:03:45Z,S7,9,2,0,0,33736cd1b0baf67e35ef359b1d0bf18cde67d9641777dd8a100505d99944c385,12000,16,1,180000,0.7640395479546991,1,0.44058588538238597,0.5193471255338729,0,1,173531,0.0,-2.9638745317157937,-339.09290326894734,-1.6812742720665468,31.60861237786042,976.6196478634779,122.00811598793643,9.5,0.0,0.3333333333333333,15.642045254389831,32.806155640219345,0,1,0
S7_p009_t003_s884232894,2026-09-29T19:04:00Z,S7,9,2,0,0,422a442a961a10558fdcd0d968875b9bc57b89f649b9e6eff2b1382449fd6671,12000,16,1,180000,0.9768943187187391,1,0.5527340158630417,0.5185942515513206,0,1,173657,0.0,-0.8539508581947179,-328.5926445302163,-14.868290464552889,0.9065328406095184,0.07820375062275708,0.009779770034128887,0.08333333333333333,0.0,0.25,4.925175082825511,18.467429552463802,0,1,0
S7_p009_t004_s381684354,2026-09-29T19:04:15Z,S7,9,2,0,0,9b2f4dcb7429ea2423ee5695d4119818ea0688e56664a1dd1b9dd18af3da9fd1,12000,16,1,180000,0.9767464713811733,1,0.5522336669251661,0.5157235389015721,0,1,173660,0.0,-0.861262134662817,-328.3426116409464,-14.818677964402951,0.8562193803533492,0.07002231714860896,0.00875685093797074,0.08333333333333333,0.0,0.0,4.797798900306249,18.392199098495315,0,1,0
S7_p010_t000_s1725325771,2026-09-29T19:04:30Z,S7,10,2,0,0,49bb8b725f9d105ace9c17fbeffddb260b4bf216c8f3863ab250d894904808e3,12000,16,1,180000,0.9771692085730849,1,0.5607920655845013,0.5242532269908602,0,1,173572,0.0,-0.8408157665511562,-335.6760324829496,-14.954383507006277,0.2441617556738984,0.010836138050170778,0.0013541921721298422,0.08333333333333333,0.0,6.166666666666667,5.252798194404574,18.704605154584947,0,1,0
S7_p010_t001_s225898935,2026-09-29T19:04:45Z,S7,10,2,0,0,094883d71e08283dfda112feed357943d5d719701fcf0c5d5904164331776c31,12000,16,1,180000,0.9771427123654844,1,0.5620255446313278,0.5272178306604747,0,1,173646,0.0,-0.8386057401480136,-329.509378089769,-14.943494677411099,0.2609140634707186,0.012353814878757915,0.0015447704276994045,0.08333333333333333,0.0,0.0,4.645964273616121,18.818676486098962,0,1,0
S7_p010_t002_s121109330,2026-09-29T19:05:00Z,S7,10,2,0,0,5690961695eb4cc7da0aaa71314189c36f86952b40903405accd4085a5d6cac2,12000,16,1,180000,0.9773499035354858,1,0.5650429093194028,0.5282837824331416,0,1,173544,0.0,-0.8316416324429532,-338.00941263588294,-15.01045006065966,0.24967038743964412,0.019336266960606273,0.0024159118665920687,0.08333333333333333,0.0,8.083333333333332,4.785776648959509,18.79121651140619,0,1,0
S7_p010_t003_s1579862089,2026-09-29T19:05:15Z,S7,10,2,0,0,b216bf6210e0019f7922ba33a2239482d8509cd826c163aecdb5cc090d604257,12000,16,1,180000,0.9772406893108924,1,0.5635824319283389,0.5282837824331416,0,1,173641,0.0,-0.8363027605004204,-329.92605566868224,-14.974121535204583,0.2606913729010341,0.019269546617345316,0.002409444839486241,0.08333333333333333,0.0,0.0,5.102004390783593,18.97146028815978,0,1,0
S7_p010_t004_s535444324,2026-09-29T19:05:30Z,S7,10,2,0,0,0e1302c843db7fcddcb1f741a9a7ec3271b1e86d4eb130246df9d9d20140834f,12000,16,1,180000,0.9772635906425906,1,0.5637294460749885,0.5279076612815669,0,1,173592,0.0,-0.83552141185745,-334.0093881040381,-14.979138502090304,0.2678131018834874,0.020858218253379475,0.0026070686994899006,0.08333333333333333,0.0,1.8333333333333333,5.575801471998726,18.750294606273027,0,1,0
S7_p011_t000_s204855309,2026-09-29T19:05:45Z,S7,11,2,0,0,6a3775df218cd7896dc6f43355477a5cf720c098decaaa52e184e257570f31b8,12000,16,1,180000,0.9752579072199214,1,0.4848089385949666,0.45231929108613933,0,1,173614,0.0,-0.9584728253583846,-332.1754633482845,-14.358406543562925,0.7471868222773957,0.11895247162459092,0.014870486382733361,0.08333333333333333,0.0,0.0,4.988426065242889,17.446823193289053,0,0,0
S7_p011_t001_s469311326,2026-09-29T19:06:00Z,S7,11,2,0,0,4a8116aa11b555946cf272af6163a787adb13e4a71f80dfed9f4906e15bcb401,12000,16,1,180000,0.9751044505268327,1,0.48518567423961884,0.45231929108613933,0,1,173608,0.0,-0.9659852953255861,-332.6754364113052,-14.322048663095636,0.7135671229073232,0.11379795251536383,0.01422542685213557,0.08333333333333333,0.0,3.1666666666666665,5.1061378593461,17.388141387763852,0,0,0
S7_p011_t002_s1591257218,2026-09-29T19:06:15Z,S7,11,2,0,0,3c2c0ae751ab1e2d1ea66b86cf8098abba83305f193b42d20570a56253b320be,12000,16,1,180000,0.9752123253914822,1,0.4825494429246763,0.4518750769272966,0,1,173646,0.0,-0.9602415311061501,-329.5087929045354,-14.349074102432375,0.7139872467727649,0.11621124771992296,0.014531519259890047,0.08333333333333333,0.0,0.0,4.77887281004924,17.639370965288958,0,0,0
S7_p011_t003_s912460123,2026-09-29T19:06:30Z,S7,11,2,0,0,4ea146134bf57783f8586603d68505b9b313858d32c335e5b5e34a402185b2c2,12000,16,1,180000,0.9752536930082246,1,0.48409923272510635,0.45187507692729667,0,1,173551,0.0,-0.9614670769513984,-337.4254486773194,-14.358831378119277,0.7700253382674556,0.12116492703028467,0.01513943646750704,0.08333333333333333,0.0,3.1666666666666665,4.900883547797439,17.409697044185112,0,0,0
S7_p011_t004_s1430561939,2026-09-29T19:06:45Z,S7,11,2,0,0,945910259078ee6bf05b7ca3090f97ce177170edb0115c424a2ace6a55c0a99a,12000,16,1,180000,0.9751806690869728,1,0.4843981904513653,0.4515977985426414,0,1,173589,0.0,-0.9616755044132002,-334.25878342897886,-14.351590311066499,0.7646592848685629,0.12256932084430591,0.015319571704367263,0.08333333333333333,0.0,364.75,4.511330345913325,17.51806811650467,0,0,0
S7_p012_t000_s516013663,2026-09-29T19:07:15Z,S7,12,2,0,0,5bf77685919d8cbd3859368e66967a9cfa2565c3eb18fe98af99e044f31657f4,12000,16,1,180000,0.5301416446555324,1,0.28491842993190425,0.40891764220161214,0,1,173634,0.0,-6.2151121451311395,-330.4901222569036,3.8629408668327505,46.06235621400469,963.4230108097961,120.45870588757043,9.5,0.0,0.0,8.46088625960388,22.4576552700141,0,0,0
S7_p012_t001_s603633460,2026-09-29T19:07:30Z,S7,12,2,0,0,3047766050031eadd564fbc00c18e632525159d75e6395ca2cd9a1f41dab0be5,12000,16,1,180000,0.8993451005390571,1,0.4382393548312128,0.40980042810956596,0,1,173597,0.0,-1.039005563655603,-333.5544449185624,-13.824585024134326,0.7036730236998257,0.06820658419501026,0.008525481991455308,0.08333333333333333,0.0,5.25,5.0668851984768475,15.822093825400907,0,0,0
S7_p012_t002_s71905326,2026-09-29T19:07:45Z,S7,12,2,0,0,7dc7457f6d6154b700c30a59f7002f2a9bebeab4a2d923ed614e55ed35f8320a,12000,16,1,180000,0.9005773096775432,1,0.4399672851189645,0.41032089237967717,0,1,173660,0.0,-1.0214461642035335,-328.3044734608114,-13.916246300954636,0.6949811009238359,0.06754883790201326,0.008447522570349975,0.08333333333333333,0.0,0.0,6.1198168551961425,15.500686854646029,0,0,0
S7_p012_t003_s1310018168,2026-09-29T19:08:00Z,S7,12,2,0,0,4d26bae4352147a221357c1e83d12c3222247a7279a1df059dff601a2ef1a907,12000,16,1,180000,0.9002835138271411,1,0.4413143482992512,0.4115563588735712,0,1,173649,0.0,-1.0258219171204808,-329.22113374869997,-13.893725665479105,0.7104335622879379,0.06882446185106679,0.00860629248109035,0.08333333333333333,0.0,0.0,5.120353633171646,15.94547196474947,0,0,0
S7_p012_t004_s1348406889,2026-09-29T19:08:15Z,S7,12,2,0,0,e82f310e36f983d7f91b8c253513736d254899fa7a519c8c5f4ae5f1290df277,12000,16,1,180000,0.9006758453746038,1,0.4398385862752882,0.4115563588735712,0,1,173573,0.0,-1.02090529524807,-335.55448086904045,-13.90944177861435,0.7102050895920462,0.06903797424898876,0.008627744679870375,0.08333333333333333,0.0,6.5,4.933391992178733,15.581940602145803,0,0,0
S7_p013_t000_s1579884569,2026-09-29T19:08:30Z,S7,13,2,0,0,4963778eb972224655a4f2f05710c69740319ebc81d7d8c11e8e8586333bfb82,12000,16,1,180000,0.8962393416050386,1,0.4051587171839932,0.3758831749902286,0,1,173651,0.0,-1.0790482536211579,-329.0543099357292,-13.686136364247236,0.6502357913321344,0.0663536247156002,0.00829745441706109,0.08333333333333333,0.0,0.0,4.893519124191186,15.37590475673616,0,0,0
S7_p013_t001_s1427301707,2026-09-29T19:08:45Z,S7,13,2,0,0,00fa718dc75f44f88a21825f9982deeee4a98dfb7ff6cfde0b836e52a1590cb9,12000,16,1,180000,0.8962934979147406,1,0.40614620098804327,0.3761492632807654,0,1,173630,0.0,-1.0783003334532828,-330.80431517034594,-13.689895888821502,0.6855248853803154,0.06953980951063417,0.008694423303495569,0.08333333333333333,0.0,0.0,5.073281437651192,15.404390168482124,0,0,0
S7_p013_t002_s773490239,2026-09-29T19:09:00Z,S7,13,2,0,0,0cbc4d044cc3dbbf862070efe831f89cdc39de328f59de55ea12b9538f6520b3,12000,16,1,180000,0.8958525776092741,1,0.40352800257470256,0.37614926328076553,0,1,173580,0.0,-1.0843242563965,-334.9709713810953,-13.655649179988359,0.6389553557247456,0.07063217499489433,0.008827467966511904,0.08333333333333333,0.0,2.916666666666667,5.6232948564429615,15.303142702265614,0,0,0
S7_p013_t003_s811508310,2026-09-29T19:09:15Z,S7,13,2,0,0,792f4d885c90a5de3b9e41e971e0d4ea5eb21372c43c44f744788fc32048b9d8,12000,16,1,180000,0.8957596092492206,1,0.40449776617154537,0.37662107669554673,0,1,173615,0.0,-1.084875413902712,-332.05429838415756,-13.66678898758462,0.5920351868526968,0.06789319687470315,0.008487532220897265,0.08333333333333333,0.0,0.0,5.053536983043126,15.30426570158074,0,0,0
S7_p013_t004_s1152378489,2026-09-29T19:09:30Z,S7,13,2,0,0,9012c50bd18801640a483718f545adfd4d47141dde94ff6f642054bd98faf66a,12000,16,1,180000,0.8952757509281004,1,0.4467585728660316,0.418668082892591,0,1,173544,0.0,-1.0907390206391572,-337.9709549872053,-13.63925842929694,0.6317292365630617,0.07139607042668997,0.008920367831251497,0.08333333333333333,0.0,9.5,4.716205061572324,15.387096741713517,0,0,0
S7_p014_t000_s169517745,2026-09-29T19:09:45Z,S7,14,2,0,0,b8affeb1d28bcb246aea0d947ddfe424f73a13169299a8da3c155b94a313581b,12000,16,1,180000,0.9149700907410216,1,0.5623733746862964,0.5355012409278291,0,1,173658,0.0,-0.8344742584850463,-328.47167704495706,-14.79831996528901,0.8850166052553722,0.07955659216679777,0.00994902919001106,0.08333333333333333,0.0,0.0,5.684534793165496,17.05705561601126,0,1,0
S7_p014_t001_s1958578526,2026-09-29T19:10:00Z,S7,14,2,0,0,37b6f089288ac84b8b62d9ad01c68dddd914f908912e21ba318ebe846e105868,12000,16,1,180000,0.9149343484067088,1,0.5614424751706754,0.5355012409278291,0,1,173622,0.0,-0.8356206703452368,-331.4716836899764,-14.782264082117047,0.886925345257938,0.08556889405459675,0.010697823134705686,0.08333333333333333,0.0,2.5833333333333335,4.828212931535964,17.000819888126088,0,1,0
S7_p014_t002_s300372675,2026-09-29T19:10:15Z,S7,14,2,0,0,70f1dd68bb282a2a969011c1ef0a38b356ebea3f654d8ed8f19a65bf2d02b8eb,12000,16,1,180000,0.9146747790228014,1,0.5622527647904332,0.5333600952674142,0,1,173653,0.0,-0.8398128032358049,-328.8883486877912,-14.749867238684129,0.8769239172106666,0.0772975447034027,0.009666135262705211,0.08333333333333333,0.0,0.0,4.857818052722155,17.124786839485676,0,1,0
S7_p014_t003_s1706399720,2026-09-29T19:10:30Z,S7,14,2,0,0,16ce53e990479934283a378e881e6c446cb61d07e2f381959d9cd03df531077f,12000,16,1,180000,0.7634099080790142,1,0.47634411985882497,0.5339815998564005,0,1,173712,0.0,-2.5366337801125853,-323.9762246525952,-2.785409925835454,47.75990318223531,2.070712129610393,0.25906679453555626,7.5,0.0,0.0,14.905891420680845,34.538425885963385,0,1,0
S7_p014_t004_s1200012924,2026-09-29T19:10:45Z,S7,14,2,0,0,05ba3c3e618ced750af0f89b30f0eb8f66ef3c8b766de10daed977dd0ae1b51b,12000,16,1,180000,0.9146329091756491,1,0.558596404576321,0.5339815998564005,0,1,173719,0.0,-0.8392558077494321,-323.3883384875062,-14.764466227088096,0.8636755659498146,0.08311933222535194,0.010399641490039357,0.08333333333333333,0.0,3.0833333333333335,5.072544753985331,17.274993988771875,0,1,0
S7_p015_t000_s1755520088,2026-09-29T19:11:00Z,S7,15,2,0,0,ac95afd603f961c88aa3294afd9ac779d5dbcfb2391f75c3df0d7d8543c0c10b,12000,16,1,180000,0.9128401408799148,1,0.5502367448138724,0.520557629727911,0,1,173756,0.0,-0.8619849290469885,-320.3049411953301,-14.646231782918802,0.8806715691566871,0.07767019444933237,0.009720735516111745,0.08333333333333333,0.0,0.0,5.192207520838033,17.9803609946169,0,1,0
S7_p015_t001_s1047827504,2026-09-29T19:11:15Z,S7,15,2,0,0,9234c879f21f7ae6c23cf5fe6f8e474d554fc8d9070953e34e288b8e0632a52f,12000,16,1,180000,0.9136058927041965,1,0.5490165858593766,0.520557629727911,0,1,173749,0.0,-0.8514487816065853,-320.88828588587177,-14.71964723826217,0.8387070357877222,0.07348078824564544,0.00919590020657779,0.08333333333333333,0.0,0.0,5.301332553745363,17.845737369923704,0,1,0
S7_p015_t002_s1284285689,2026-09-29T19:11:30Z,S7,15,2,0,0,8663139eeb75db9155ef04ab52a33f907e6e05fa11f1f39e39a000a2694b5622,12000,16,1,180000,0.9124536337641556,1,0.5492791211002741,0.5186439775608325,0,1,173716,0.0,-0.8673592316505991,-323.6382592803463,-14.615251828165459,0.891721882136517,0.06989973128529359,0.008745434980028222,0.08333333333333333,0.0,3.9166666666666665,4.757341956223109,17.764128324312654,0,1,0
S7_p015_t003_s734715196,2026-09-29T19:11:45Z,S7,15,2,0,0,2d2eb01ddb5dc4c5b35b7bb2fa93f7576adab18caa6b450092b77768937a8b2b,12000,16,1,180000,0.9130961326041422,1,0.5496137605032712,0.519670351524659,0,1,173763,0.0,-0.8588876302914472,-319.7216154760923,-14.662210183350204,0.9097802241507571,0.0738833264925855,0.009247311027138494,0.08333333333333333,0.0,0.0,4.753253495850887,17.998562154926713,0,1,0
S7_p015_t004_s1450783488,2026-09-29T19:12:00Z,S7,15,2,0,0,bda35da7ecaa880abc25948eb3666bcbbc8aa058835be98b7dc9d01812765b46,12000,16,1,180000,0.9128372168483453,1,0.5498431824574779,0.519670351524659,0,1,173753,0.0,-0.8625461910116767,-320.55495328891266,-14.6276810062021,0.846498863205545,0.06892883110598781,0.00862651214174548,0.08333333333333333,0.0,343.75,5.261484731764136,18.09193714390643,0,1,0
S7_p016_t000_s313172177,2026-09-29T19:12:30Z,S7,16,2,0,0,5fd3475f7ca620417e0b13804371838f58075ce30cb1606897cdf4745468c9e2,12000,16,1,180000,0.9134473342353051,1,0.5480857211414519,0.5191460956900235,0,1,173520,0.0,-0.8543771939268343,-339.9716227772745,-14.691208700461093,0.9489103864036605,0.08706616546571505,0.010876131257646193,0.08333333333333333,0.0,0.0,4.790905270218635,17.171610531313235,0,1,0
S7_p016_t001_s95670008,2026-09-29T19:12:45Z,S7,16,2,0,0,389fa17424bad93ef044dcfaa64192f336794163349ec3503120fb60927deb4e,12000,16,1,180000,0.9130502198784389,1,0.5483297106261907,0.5211593739572735,0,1,173458,0.0,-0.8597268575581416,-345.138282352075,-14.657630873225969,0.881889632707371,0.08387567601656892,0.010472381404724729,0.08333333333333333,0.0,0.0,4.688692274473008,17.35130295362676,0,1,0
S7_p016_t002_s762227068,2026-09-29T19:13:00Z,S7,16,2,0,0,c8556b7f4442890da2c4172d50570a143e2699ab3990d8c314d2a7a91bc5090b,12000,16,1,180000,0.9134297241600978,1,0.5502469221798227,0.5211593739572736,0,1,173436,0.0,-0.8546896141531767,-346.97161884134465,-14.688299914128738,0.8407486231752681,0.08705654761388966,0.010867617064832302,0.08333333333333333,0.0,5.75,4.818939259800681,17.104309012710196,0,1,0
S7_p016_t003_s804352794,2026-09-29T19:13:15Z,S7,16,2,0,0,6b5199a6e45a5028dad3ae71ed211d8a12db7d5fd8f297d339d3279a377c9481,12000,16,1,180000,0.9131757253465523,1,0.5498374841781029,0.5214470255829986,0,1,173505,0.0,-0.8572669271448825,-341.2216010205533,-14.691064399156089,0.9430551882885021,0.09661204486817172,0.012067134240169253,0.08333333333333333,0.0,0.0,5.006541742807158,17.400119494740075,0,1,0
S7_p016_t004_s1354763437,2026-09-29T19:13:30Z,S7,16,2,0,0,044246592c9384a0077d12e432f606fc116a04eb8e41dc10f00e23e82fe6758f,12000,16,1,180000,0.9132748338778097,1,0.5497482887307797,0.5214470255829986,0,1,173423,0.0,-0.856248121702011,-348.05495325826575,-14.679447587852748,0.9188207046037716,0.0866401424798233,0.010814509224474023,0.08333333333333333,0.0,3.25,4.694684542493439,17.180828982535594,0,1,0
S7_p017_t000_s1440417717,2026-09-29T19:13:45Z,S7,17,2,0,0,0dcdce581fecf3f54898d96b5d35839d75e56c2d450375b8b64f03018d1488cb,12000,16,1,180000,0.6152749715736123,1,0.41773699213572946,0.5129358880074271,0,1,173463,0.0,-3.9878445329127614,-344.7873721725209,0.5021208710308315,40.72237609345623,773.3552987414603,96.56191595615746,7.416666666666667,0.0,0.0,9.953361528492396,26.225599076963597,0,1,0
S7_p017_t001_s1958295760,2026-09-29T19:14:00Z,S7,17,2,0,0,3f1bbcb188cb5a6283478aae94b11884bf45a14ad068b2f5bd12436e800e70ec,12000,16,1,180000,0.9768377835855685,1,0.5489144549320896,0.5153969240471419,0,1,173539,0.0,-0.8615119463390176,-338.42592885973806,-14.841862458467432,0.764569349544635,0.12659107228628227,0.01581590879823125,0.08333333333333333,0.0,1.5,5.266136930921651,19.281923414584966,0,1,0
S7_p017_t002_s1141094124,2026-09-29T19:14:15Z,S7,17,2,0,0,8221089964f43dfbfe96abd7751d14fee6434b74dbdd44f89f9f87a7543ea812,12000,16,1,180000,0.9770726279789483,1,0.5476493669491869,0.5167923516845173,0,1,173557,0.0,-0.8517903774612244,-336.9259602551635,-14.91110829255871,0.8766323241840073,0.12318497383966809,0.015392578406135726,0.08333333333333333,0.0,0.0,4.824322013198132,19.435302229513205,0,1,0
S7_p017_t003_s678609270,2026-09-29T19:14:30Z,S7,17,2,0,0,6476a17ba9175cdfadb84540e7126d7e4b1451118ae655bb5d3ed3b1f0db137c,12000,16,1,180000,0.9768306270174768,1,0.5481763758137587,0.5167923516845172,0,1,173531,0.0,-0.8585228805878643,-339.092612370591,-14.844517019383899,0.8927292266828762,0.12514654416164706,0.015634432615570404,0.08333333333333333,0.0,0.6666666666666666,4.744393573960483,19.360059817907157,0,1,0
S7_p017_t004_s2097649527,2026-09-29T19:14:45Z,S7,17,2,0,0,9fd716bddd1846829dc145ab68220073d0fa71534577e184b195829ac0645e32,12000,16,1,180000,0.9305825109344147,1,0.5463742793363118,0.516102839019976,0,1,173539,0.0,-1.265403348776311,-338.42607294299887,-8.77101340209569,54.01834178945795,0.0817601584234737,0.010214868912953534,9.583333333333332,0.0,5.583333333333333,19.07405457564109,21.510669733889568,0,1,0
S7_p018_t000_s54616312,2026-09-29T19:15:00Z,S7,18,2,0,0,7e10e21736abfd887c328cdab2a4f4b15a8176581dfeb14fe9fce3eb23dab119,12000,16,1,180000,0.9755127331455019,1,0.5539409543145344,0.5214536280039387,0,1,173728,0.0,-0.8563976018577562,-322.6586253338707,-14.744205879467533,0.8251674804328144,0.06822759227789624,0.008537045711364044,0.08333333333333333,0.0,0.0,5.03552670703916,17.877676398685423,0,1,0
S7_p018_t001_s952590612,2026-09-29T19:15:15Z,S7,18,2,0,0,160656e55e5aba2f050970d52b033398a482050ec8d5906137025a5f1902e81a,12000,16,1,180000,0.9756446379751926,1,0.5538280017258894,0.5214536280039387,0,1,173639,0.0,-0.8513501727182659,-330.07531139704224,-14.757820624539361,0.83103476872683,0.06493034903593696,0.008118696052406449,0.08333333333333333,0.0,1.25,5.289803023886486,17.602828340374014,0,1,0
S7_p018_t002_s42992291,2026-09-29T19:15:30Z,S7,18,2,0,0,6e56033b9ef610fc5055dde0795a69a83d8a5612f4ca58af1eb68769959d3b7b,12000,16,1,180000,0.9753408864893749,1,0.551999027459369,0.518290137308101,0,1,173654,0.0,-0.8628645265791414,-328.82527416907095,-14.713641555164227,0.8604109106708075,0.06425785896730851,0.008035573779579863,0.08333333333333333,0.0,0.0,5.798851857865146,17.90526638527019,0,1,0
S7_p018_t003_s1754123281,2026-09-29T19:15:45Z,S7,18,2,0,0,1b91cf38e59394920e71da492e2d84dd268a2b154645430cf8bf8b3c50ef3342,12000,16,1,180000,0.9753352675829828,1,0.553943942926082,0.5199347640260285,0,1,173639,0.0,-0.8605711912821273,-330.0752926900338,-14.701049953688132,0.9225427273043417,0.06301010440314007,0.007878594424255425,0.08333333333333333,0.0,1.6666666666666667,4.942590077264552,17.818010187856242,0,1,0
S7_p018_t004_s2136748643,2026-09-29T19:16:00Z,S7,18,2,0,0,32bb7236d723f502b0127b13b264736020425dc777260fbeebe60ad60b9623e0,12000,16,1,180000,0.9754269626535644,1,0.5523487649060267,0.5199347640260283,0,1,173659,0.0,-0.8596604895484273,-328.4086126028269,-14.738022222158474,0.8478289621152446,0.06137881378156628,0.007675850315081334,0.08333333333333333,0.0,4.75,4.852184864594426,17.805988634658227,0,1,0
S7_p019_t000_s2055416690,2026-09-29T19:16:15Z,S7,19,2,0,0,8099c5bc51106b60938ed0a945d9645f1fca710ad79627a94a364e0945017f98,12000,16,1,180000,0.9753674023625876,1,0.5566727449651728,0.5215612309893869,0,1,173716,0.0,-0.8589408207737368,-323.65864047706236,-14.69981760397581,0.8665307944486335,0.07162937167752775,0.008961837208062207,0.08333333333333333,0.0,0.0,5.24679058686761,17.55623777316634,0,1,0
S7_p019_t001_s2007325368,2026-09-29T19:16:30Z,S7,19,2,0,0,a28412ee34fd7554b88edb533339b0646b928fd7c80f190e9618649287a071d6,12000,16,1,180000,0.9757143147355013,1,0.5556765172697352,0.5215612309893868,0,1,173706,0.0,-0.8497654233170769,-324.4919634276545,-14.786823686921235,0.8170362447675373,0.07102101617389152,0.008885013207418524,0.08333333333333333,0.0,0.0,4.819845806639247,17.73488466725347,0,1,0
S7_p019_t002_s1837273558,2026-09-29T19:16:45Z,S7,19,2,0,0,d72e371d2fd153f1920d1c752c3b3033f9f0b2e359f309611008310016ef4a86,12000,16,1,180000,0.9754314914078624,1,0.5553811103518563,0.5203377358061028,0,1,173699,0.0,-0.8566995785419079,-325.07530840105454,-14.711413071895105,0.8630457953173732,0.06697056755713464,0.008377817089694872,0.08333333333333333,0.0,0.0,4.865393081739705,17.61327761001533,0,1,0
S7_p019_t003_s1703565559,2026-09-29T19:17:00Z,S7,19,2,0,0,29e2041a2a281a07442621ad4eab8d4c2cdd31d5463ffe78cef11e2c8482096b,12000,16,1,180000,0.97559992448036,1,0.5541491674218207,0.5203377358061028,0,1,173634,0.0,-0.8529915820116529,-330.49196795464496,-14.753521218079575,0.9111468002084628,0.07032990423598959,0.00879348858643425,0.08333333333333333,0.0,5.416666666666667,4.956256242735381,17.810790183098998,0,1,0
S7_p019_t004_s989415578,2026-09-29T19:17:15Z,S7,19,2,0,0,213534cdd6515da029663d1fa55506d3493e29b8dd88eb573a16a9395092032e,12000,16,1,180000,0.9753908283114001,1,0.5537583739403851,0.5200752091190527,0,1,173699,0.0,-0.8578277792972522,-325.0753004814166,-14.712895268530557,0.8060979362338458,0.06873060123515837,0.008597992022714607,0.08333333333333333,0.0,351.5,4.798589306802462,17.717070693402583,0,1,0
S7_p020_t000_s11753295,2026-09-29T19:17:45Z,S7,20,2,0,0,7da09792ce8948deba159ef857cbdef33cd8612f37660ccfdd51f5b2cc144ecf,12000,16,1,180000,0.916180023184159,1,0.5544769741908452,0.5254288041486718,0,1,173568,0.0,-0.8504990943851204,-336.0288270615777,-14.83013144826969,0.866938418078828,0.15396575486872283,0.019240484522924817,0.08333333333333333,0.0,0.0,4.405702589578704,18.877546866869345,0,1,0
S7_p020_t001_s127051996,2026-09-29T19:18:00Z,S7,20,2,0,0,2bf5b5ff2af2e8be8a4b94c11c74a75324173b565d79f6a58472338058dd65d4,12000,16,1,180000,0.9163837013743045,1,0.552309451760382,0.5256669929855555,0,1,173561,0.0,-0.8442856660175995,-336.61221060851193,-14.861156400458551,0.8764254251563185,0.18714096159743854,0.02338494742025432,0.08333333333333333,0.0,0.16666666666666666,4.780507968667185,18.859965180103657,0,1,0
S7_p020_t002_s1814410164,2026-09-29T19:18:15Z,S7,20,2,0,0,072b14108701d7b6fdfd0547ca6f50c234aa1a8a22444e0067a3f4a362c37d09,12000,16,1,180000,0.9162545018173406,1,0.5511176574249266,0.5271756313819506,0,1,173563,0.0,-0.8480322533498214,-336.4455079842234,-14.847768484229762,0.8875505618935092,0.17588734763683395,0.021979058848046407,0.08333333333333333,0.0,0.4166666666666667,4.942346402967835,18.921863203362516,0,1,0
S7_p020_t003_s622957244,2026-09-29T19:18:30Z,S7,20,2,0,0,9f6192116fb0136a457580e1d1da3bf802bd4f3b983a1f9afb4cac47b4df7ebc,12000,16,1,180000,0.9166670562596343,1,0.5517002219136607,0.5282992499915897,0,1,173568,0.0,-0.8393450932180029,-336.02889390500604,-14.891802148787214,0.8781080244518893,0.18673726596563298,0.023335809178661293,0.08333333333333333,0.0,2.0,4.7055615620204545,18.80804336898972,0,1,0
S7_p020_t004_s1019946476,2026-09-29T19:18:45Z,S7,20,2,0,0,66a6cd6470ecd57f105c8a8e4786a41dded479c03ed18f0268b328ef356a112f,12000,16,1,180000,0.9165389623818903,1,0.5511895069508581,0.5282992499915897,0,1,173592,0.0,-0.841467671501416,-334.0288740292223,-14.89131697774371,0.8774101042352491,0.17050373345682712,0.02131126164476882,0.08333333333333333,0.0,364.5833333333333,5.227199809562032,19.032584009108607,0,1,0
S8_p000_t000_s1451638557,2026-09-29T19:19:15Z,S8,0,12,0,0,33c3ff532dd150075a6630f0bd5f3e719bcc888295eefc77358bc46e306ff83a,12000,16,1,180000,0.9247036637336936,1,0.7469842789782437,0.7813339612689649,0,1,173560,0.0,-0.6780658429000972,-336.69571860440374,-17.513185276038122,0.9707463175538495,0.08509990424163644,0.010633913834226405,0.08333333333333333,0.0,3.75,5.169025467317706,17.897618761155535,0,1,0
S8_p000_t001_s686175255,2026-09-29T19:19:30Z,S8,0,12,0,0,212a65227c4d9b541e225dcc0bf9ad529158889b073a5c74a7c9b66b6ea63fb4,12000,16,1,180000,0.9246294539946148,1,0.747590672600548,0.782031835052609,0,1,173605,0.0,-0.6809996895930981,-332.94568524570303,-17.51333110444911,0.9653711085399395,0.08494606523483977,0.010618512992550677,0.08333333333333333,0.0,0.0,5.321689707170277,17.913038689182336,0,1,0
S8_p000_t002_s147853078,2026-09-29T19:19:45Z,S8,0,12,0,0,0e9f389cc7909cf237d27941ee8e33f02d7d0cdb8ad77adf452b8e0fc7db5f22,12000,16,1,180000,0.9248558951659491,1,0.7472857896377982,0.782031835052609,0,1,173531,0.0,-0.6761701802532715,-339.1123849503808,-17.546978038118073,0.9740387313393144,0.08602352039544005,0.01074683237948193,0.08333333333333333,0.0,3.3333333333333335,4.744947727354863,18.041211231831078,0,1,0
S8_p000_t003_s1651849846,2026-09-29T19:20:00Z,S8,0,12,0,0,110837872fdbaf732dea5f2035d623f7bb75a5f0d07075000f5c637865d6047e,12000,16,1,180000,0.9246098100859599,1,0.7469696903629058,0.7812855341615296,0,1,173571,0.0,-0.6816626229081006,-335.7790163816377,-17.496473428326432,0.9790757767614634,0.08256866390647853,0.010318523359728715,0.08333333333333333,0.0,1.0833333333333333,5.48406504032091,17.891291800852553,0,1,0
S8_p000_t004_s285589846,2026-09-29T19:20:15Z,S8,0,12,0,0,36923169668e6349639c68110d478d4475d0f70029ed99a0685f85a542f9fd6b,12000,16,1,180000,0.7682670257331696,1,0.6440572412181332,0.7807268557375117,0,1,173584,0.0,-2.1667087647112555,-334.6990329721945,-3.6243661103193494,39.916232470569696,1002.1143137854461,125.24625116553261,10.0,0.0,338.75,17.970340937823654,27.426689256201616,0,1,0
