slot,cycle_utc,scenario,part,n_truth_rows,oversize,after_oversize,wav_sha256,fs,bits,channels,n_samples,rho_peak,rho_sign,rho_neighbour_max,ref_vs_neighbour_ref_rho,lag_ambiguous,g_sign,n_support,lag_lost,g_db,tau_ms,resid_db,step_db_max,drift_ppm,drift_dlag_samples,zero_run_ms,head_zero_ms,tail_zero_ms,click_max,tile_excess_db,clip_n,nondiscriminating,ref_mismatch
S1_p000_t000_s913544046,2026-10-04T13:31:15Z,S1,0,1,0,0,7b0342b9db4f8d605dd2e13504298864dfdc4bc5014534c29a870648b2df0fbc,12000,16,1,180000,0.9555006799392199,1,0.03232580457929054,0.02956592747315697,0,1,172800,0.0,-1.0367501590011514,-302.66666698159617,-10.81829151978242,0.09240331838091641,4.318424344381605e-05,5.363396667235065e-06,0.08333333333333333,0.0,600.0,10.647722118843081,4.809564179677681,0,0,0
S1_p000_t001_s68344610,2026-10-04T13:31:30Z,S1,0,1,0,0,7dadb199ae2bc841c8ff5c3c4cd6a4ecc4d2b076dbaebd47ef5528fbf6d175ff,12000,16,1,180000,0.9554785645933742,1,0.033562481294344346,0.030887026653478054,0,1,172800,0.0,-1.027513209311738,-302.6666662335216,-10.850896919309498,0.12049545311506957,-0.0005517831741367376,-6.853036666143453e-05,0.08333333333333333,0.0,600.0,5.920210800050139,4.211658530531837,0,0,0
S1_p000_t002_s205210819,2026-10-04T13:31:45Z,S1,0,1,0,0,f97edb68c70a0ac1b704c2a66e12dffa36215d4db0ef0d14b2da4e24087f9f08,12000,16,1,180000,0.9558822117605255,1,0.049071980744083615,0.04584283300923298,0,1,172800,0.0,-1.0276617597560709,-302.6666655476923,-10.85605469056318,0.10678603275065435,0.000247409045962031,3.072770869039232e-05,0.08333333333333333,0.0,600.0,4.51978006997412,4.409029301064623,0,0,0
S1_p001_t000_s1915168523,2026-10-04T13:32:00Z,S1,1,1,0,0,ac537af153e58ac507504eeb305ec9f31ee4fbb467529c90750e831b80e986b7,12000,16,1,180000,0.957941257718902,1,0.07284684948240551,0.06898944693947938,0,1,172800,0.0,-0.9793330399274048,-302.6666656107906,-11.104938589250883,0.11736103609160707,-0.0003100149022196933,-3.8503230825881474e-05,0.08333333333333333,0.0,600.0,12.92112018902253,7.222376034150777,0,0,0
S1_p001_t001_s1105300121,2026-10-04T13:32:15Z,S1,1,1,0,0,9ce982531fc8993d20b8846baa7b45234eec89b1482e4c0d02a41ac8efc3f574,12000,16,1,180000,0.9577678337300697,1,0.07275023614109134,0.06898944693947938,0,1,172800,0.0,-0.9839431557190499,-302.6666674120491,-11.048585742941547,0.11261584464123586,-0.00039918477309634727,-4.9577950449020136e-05,0.08333333333333333,0.0,600.0,12.579590910533861,7.490886807338467,0,0,0
S1_p001_t002_s1345625016,2026-10-04T13:32:30Z,S1,1,1,0,0,de0a5828980d2f0639fbc85ea731d0426a55e30aaa0425a69226dd06f41385be,12000,16,1,180000,0.957867394527614,1,0.09060959096902982,0.08369050839214716,0,1,172800,0.0,-0.9862233053671677,-302.6666667000136,-11.075056303877757,0.14126870967657743,6.694510192191671e-05,8.314447768498212e-06,0.08333333333333333,0.0,600.0,8.550727524483879,6.619641909214823,0,0,0
S1_p002_t000_s1491760006,2026-10-04T13:32:45Z,S1,2,1,0,0,47fbbfed53ace66c1e6547b85177be2bdace6753c292d056dd71ba29939a5da7,12000,16,1,180000,0.9595418865187264,1,0.11485219093606917,0.10617227651817505,0,1,172800,0.0,-0.9387531819302587,-302.666666586676,-11.282699000714164,0.15121731708821434,0.00020491107199096528,2.5449545319133904e-05,0.08333333333333333,0.0,600.0,9.118550328043572,8.70383757520159,0,0,0
S1_p002_t001_s546635023,2026-10-04T13:33:00Z,S1,2,1,0,0,011f5df3c19b8ebf0cf392610815a4f93013c9d0a7b804811021791d98199f16,12000,16,1,180000,0.9596332987087394,1,0.11496217457820405,0.10617227651817505,0,1,172800,0.0,-0.945318600053773,-302.66666512270785,-11.28055987849146,0.17183156284588447,-0.0001644360679619234,-2.0422630768734962e-05,0.08333333333333333,0.0,600.0,10.578001942670973,8.794669637526306,0,0,0
S1_p002_t002_s714902369,2026-10-04T13:33:15Z,S1,2,1,0,0,d00f2130bff9d053016c615be6768fe97a69650974931044a005a42e8fe58c76,12000,16,1,180000,0.9601519846255048,1,0.1570159680759052,0.14670016776381692,0,1,172800,0.0,-0.9339926590351466,-302.6666655125379,-11.351905156114853,0.09547216129230783,-0.0002603639960534509,-3.233668758184649e-05,0.08333333333333333,0.0,600.0,6.9895007912969085,8.550414724972718,0,0,0
S1_p003_t000_s474144144,2026-10-04T13:33:30Z,S1,3,1,0,0,9e5786b55d2d8cfecd9faa2e6a1a386020e7139f1e0b3ea84a3b541d9b07e10c,12000,16,1,180000,0.9641661459025102,1,0.22028497530915114,0.205272445875899,0,1,172800,0.0,-0.8477850514715651,-302.6666669351398,-11.81569119217884,0.27008579253026804,0.0003536521135395852,4.3922885197389405e-05,0.08333333333333333,0.0,600.0,9.454874919415449,10.847508835591125,0,0,0
S1_p003_t001_s1226819330,2026-10-04T13:33:45Z,S1,3,1,0,0,bf184f2bd911bc216c3a56427889b89d181c2bd91c72ea53d849cce7ed91f4cf,12000,16,1,180000,0.9643242939744163,1,0.22046299062008975,0.2067914222664561,0,1,172800,0.0,-0.8452032840324784,-302.66666690555456,-11.84003744855717,0.2411915535938225,-0.00034559898677847704,-4.2922702959913295e-05,0.08333333333333333,0.0,600.0,6.03077667106642,11.396807044785271,0,0,0
S1_p003_t002_s1182452760,2026-10-04T13:34:00Z,S1,3,1,0,0,3d36c28a6a3cc9267fa61e062900991c83b4014085dc13a8650b7504e927797f,12000,16,1,180000,0.9638589977094643,1,0.2801704965743031,0.2618170648542017,0,1,172800,0.0,-0.8455650230100817,-302.66666585591156,-11.822017407759969,0.2860028839173444,-0.00031227135317046106,-3.8783477521064924e-05,0.08333333333333333,0.0,600.0,6.298755405757641,11.393134962187979,0,0,0
S1_p004_t000_s184630235,2026-10-04T13:34:15Z,S1,4,1,0,0,205ceddd14e79ebc56dc88b62caff31b15bab963d92b8b37cc9a95f36f151729,12000,16,1,180000,0.969588303779199,1,0.34328145257378834,0.3240614133098152,0,1,172800,0.0,-0.7250039198499879,-302.66666635135334,-12.608486171003738,0.33631637013870314,-0.0008304172760665451,-0.00010313616485291277,0.08333333333333333,0.0,600.0,8.031459330016844,13.508906501178634,0,0,0
S1_p004_t001_s792672454,2026-10-04T13:34:30Z,S1,4,1,0,0,1cd72a59a03e95c153ac1a563f00c0305ad9756aac21d60266263c7a21e6e059,12000,16,1,180000,0.969584131661191,1,0.34392684773530197,0.3244084884058915,0,1,172800,0.0,-0.7266512745887521,-302.66666716870714,-12.586143145921252,0.3246270836136719,-0.0003739674950381023,-4.644601494874223e-05,0.08333333333333333,0.0,600.0,8.937898503792681,13.691031385523036,0,0,0
S1_p004_t002_s2116022063,2026-10-04T13:34:45Z,S1,4,1,0,0,61f3d5599ad7230fd5fcd0a78560b47152d6666af3349018629e568b0ffdc3a5,12000,16,1,180000,0.8898302689058063,1,0.42483524146059154,0.40085981705685186,0,1,172800,0.0,-1.4731641106803677,-302.6666604342087,-5.974593124029108,37.76311558789751,0.0025013498790817067,0.0003106626522821898,5.333333333333333,0.0,600.0,15.885775606332121,19.58706491868311,0,0,0
S1_p005_t000_s528655056,2026-10-04T13:35:00Z,S1,5,1,0,0,c08c3003551df935c08f61f0441710632a80b2bb7f38295d166248b4087cfba0,12000,16,1,180000,0.9769904871077707,1,0.5172862013293487,0.49594440376218796,0,1,172800,0.0,-0.5666784631915901,-292.7499980305808,-13.898763865566217,0.6177978446627435,-0.0007844664655595803,-9.742916608956875e-05,0.08333333333333333,0.0,600.0,14.677466216887813,15.964392224945247,0,0,0
S1_p005_t001_s108725431,2026-10-04T13:35:15Z,S1,5,1,0,0,edb4404d1caa31e33ec0d8ad09f54407aee7ae48a878daa59853dae900b3f60e,12000,16,1,180000,0.9771522483261913,1,0.5172195498091555,0.49594440376218807,0,1,172800,0.0,-0.5667269011332416,-292.7499997886704,-13.909170578263527,0.4636407609402315,-2.9987226194617367e-05,-3.724353518919088e-06,0.08333333333333333,0.0,600.0,11.63774710292681,15.775800268591698,0,0,0
S1_p005_t002_s2006277236,2026-10-04T13:35:30Z,S1,5,1,0,0,58cc9ccd221aace94df86edadaf8ad9f8929a4e77ac690a85aa651c1714550fd,12000,16,1,180000,0.976985616534573,1,0.5996820646868035,0.575200827769748,0,1,172800,0.0,-0.5676626151714119,-292.75000090633637,-13.868896710192764,0.5242651532569794,0.0006654022197264218,8.264162488558213e-05,0.08333333333333333,0.0,600.0,15.925941286501315,15.667860645830139,0,1,0
S1_p006_t000_s147152921,2026-10-04T13:35:45Z,S1,6,1,0,0,00da945d23ff94cf9ef46d521c4701e126d1f5160f406d2c8b74e374a29deb7b,12000,16,1,180000,0.985023035706747,1,0.6882863837069604,0.6695122953158428,0,1,172800,0.0,-0.4021644085669478,-292.7499986771666,-15.794664111230967,0.6718438016133877,0.0008657285334513276,0.00010752175239758799,0.08333333333333333,0.0,600.0,21.612715467957397,17.60419271329559,0,1,0
S1_p006_t001_s1953053430,2026-10-04T13:36:00Z,S1,6,1,0,0,a1a5029ce0b0c808da39079ae8ce10661fa8db66a803407f13867174e9a26382,12000,16,1,180000,0.9849466382215573,1,0.6884649301912672,0.6695122953158428,0,1,172800,0.0,-0.40541249652717887,-292.7499991678942,-15.766431893803144,0.6247544332810514,0.0005584468276498775,6.935797910045949e-05,0.08333333333333333,0.0,600.0,14.718548456542702,17.837843830841255,0,1,0
S1_p006_t002_s147567551,2026-10-04T13:36:30Z,S1,6,1,0,0,8b20a8963ea932cfba8e48ebc0a9a5dcf07213e8b4142e7b4578980fea9f580d,12000,16,1,180000,0.9850981943417426,1,0.743294999562197,0.7239516056757861,0,1,172800,0.0,-0.4060894207153055,-314.0833346525348,-15.747279698703426,0.7084059409273703,-1.6190020651264928e-05,-2.0107681848458014e-06,0.08333333333333333,0.0,600.0,23.679608022412115,17.615295937915377,0,1,0
S1_p007_t000_s1402667823,2026-10-04T13:36:45Z,S1,7,1,0,0,f7cd6b9edefc66a44d84503a56bad06dc207e45da0933b95a036b6a9af9de43b,12000,16,1,180000,0.9906925769265199,1,0.8024775677748757,0.7888016545704567,0,1,172800,0.0,-0.29009118619325575,-314.08333186549015,-17.84076505947654,0.7554547093199805,-0.0003615696413909466,-4.4906226321472786e-05,0.08333333333333333,0.0,600.0,29.01046827422035,18.834239684243958,0,1,0
S1_p007_t001_s1425587327,2026-10-04T13:37:00Z,S1,7,1,0,0,3ea96ceaec53fbf9dd6340fce909c3e4d734559f1c1374c6138d013010b3ad90,12000,16,1,180000,0.9906118822678225,1,0.8026803506824857,0.7888016545704567,0,1,172800,0.0,-0.2935209163728512,-314.0833322747203,-17.766965695352447,0.842896593087214,0.000185008038011427,2.297762830494321e-05,0.08333333333333333,0.0,600.0,25.470888143085798,18.80101531788576,0,1,0
S1_p007_t002_s718289455,2026-10-04T13:37:15Z,S1,7,1,0,0,e27f51004bdb99334a99566e2fd683a89e8a3c4ee388d878eaa4e51c7bb7da2a,12000,16,1,180000,0.9906050996396006,1,0.8527428863661265,0.8385280478656059,0,1,172800,0.0,-0.2941629180992951,-314.08333268012274,-17.769571031656596,0.8003661873563296,0.00010150779356969354,1.2607064945768798e-05,0.08333333333333333,0.0,600.0,27.231759944888143,18.864109198668174,0,1,0
S1_p008_t000_s1206520285,2026-10-04T13:37:30Z,S1,8,1,0,0,b567f75eecf5168d86c319db44e70827f8918bb324f5ff94c82498b7cc03a14e,12000,16,1,180000,0.9951906397097724,1,0.9001100261922879,0.8922877015429264,0,1,172800,1.0,-0.19884819502552084,-314.0833322129929,-20.751351080639072,0.934152411290608,-4.067515466905908e-05,-5.0517728595878e-06,0.08333333333333333,0.0,600.0,30.778609646443574,18.675146515677973,0,1,0
S1_p008_t001_s1462033172,2026-10-04T13:37:45Z,S1,8,1,0,0,91fbdecb9a2263c825021e054be25dd149f7bbc96eba5fb36dd82d4a5a650581,12000,16,1,180000,0.9951593134255685,1,0.9002425714443929,0.8922877015429264,0,1,172800,1.0,-0.2004607140427095,-314.0833330792351,-20.71144724434133,0.8594954326454163,0.0004057764604008392,5.039662482886342e-05,0.08333333333333333,0.0,600.0,33.571702310166586,18.849396651602767,0,1,0
S1_p008_t002_s1537966073,2026-10-04T13:38:00Z,S1,8,1,0,0,266b0d902bd5888d0e19bfddf78e9d6e62e031e9171af2008f89ee5fecb91b4d,12000,16,1,180000,0.9951355572916462,1,0.9210048299281668,0.9131794267773907,0,1,172800,1.0,-0.2004610927418814,-314.0833326694161,-20.681217943985573,0.8278620606741063,0.0002721543640951409,3.380102771188831e-05,0.08333333333333333,0.0,600.0,32.22150742781402,18.776445147945147,0,1,0
S1_p009_t000_s758409719,2026-10-04T13:38:15Z,S1,9,1,0,0,03cc41f8f9cb3b6b8ba3e358248896cebc35fbe1ef76e8b682118ae9d9fd730c,12000,16,1,180000,0.9119442525576027,1,0.8722117319887802,0.9343002500583387,1,1,172800,nan,-0.8709098209501415,nan,-7.384830910959833,16.592987006788167,nan,nan,6.0,0.0,600.0,20.841264842774933,46.858995187910324,0,1,0
S1_p009_t001_s1723470335,2026-10-04T13:38:30Z,S1,9,1,0,0,480f24f46a939d218438af06400387eaf620cd27d10b311a2d326a5ea8f09ad8,12000,16,1,180000,0.9742878473981208,1,0.9316904673573612,0.9343002500583387,1,1,172800,nan,-0.16313193849272128,nan,-22.629033737868216,0.9054151744331446,nan,nan,0.08333333333333333,0.0,600.0,42.276626057632605,22.371480406003194,0,1,0
S1_p009_t002_s1581091521,2026-10-04T13:38:45Z,S1,9,1,0,0,2c763f6c68aa9957548f7dbb78b309009f08d77a8c12ca02fd486d2fbb2b96d0,12000,16,1,180000,0.9742651612172866,1,0.9314984196941528,0.9342265314570748,1,1,172800,nan,-0.16387763402122618,nan,-22.585659556989167,1.0069544676139384,nan,nan,0.08333333333333333,0.0,600.0,38.833964252209526,22.448670497945717,0,1,0
S1b_p000_t000_s670279447,2026-10-04T13:39:15Z,S1b,0,1,0,0,e03fbeea39daf153b9a92578429704f8c81fc2924e464dea4fcd6eaa0fa145a5,12000,16,1,180000,0.884957915176564,1,0.046052486026443094,0.04314353477945923,0,1,172800,0.0,-1.1047860957924014,-315.4022703221999,-10.039496448921973,0.08729850414068926,-0.0012739695628034209,-0.00015822447176105925,0.08333333333333333,0.0,600.0,9.814105200587605,4.128510645220821,0,0,0
S1b_p000_t001_s755619207,2026-10-04T13:39:30Z,S1b,0,1,0,0,079865f708974ab8489279fbd6700ff85fec152dc8c917e03f9a8f773bef23a2,12000,16,1,180000,0.8847594312563861,1,0.011012205683224065,0.011555912219765227,0,1,172800,0.0,-1.1096708230646342,-315.4022839789395,-10.02525160294586,0.07491538272858948,0.010449633924090032,0.0012978236341041338,0.08333333333333333,0.0,600.0,10.300847985875725,4.467061795954107,0,0,0
S1b_p000_t002_s405040029,2026-10-04T13:39:45Z,S1b,0,1,0,0,56fc55d9982ea728a9c8b31da339d694f2d2b7406a7a8d936116622dec077c04,12000,16,1,180000,0.8843323673281005,1,0.011641599989673776,0.011555912219765223,0,1,172800,0.0,-1.1179302121779595,-315.4022861579754,-9.99099148530031,0.0863096184949675,-0.0016961299846410588,-0.00021065595183245023,0.08333333333333333,0.0,600.0,4.635095376083855,4.16151465977254,0,0,0
S1b_p001_t000_s421145395,2026-10-04T13:40:00Z,S1b,1,1,0,0,e1310d82f7a92cfa486ad376adc5025d24dfb22f2047a4342561e43d2bda1242,12000,16,1,180000,0.8849405520875072,1,0.011741559019948352,0.011333582432054332,0,1,172800,0.0,-1.1063568437729225,-315.40226784393906,-10.025422519529492,0.07233595159586657,0.005037831493634687,0.0006256885958464409,0.08333333333333333,0.0,600.0,9.013984153417576,4.397006493843843,0,0,0
S1b_p001_t001_s617056408,2026-10-04T13:40:15Z,S1b,1,1,0,0,5ffa429fd9b3b4ef1051d4d501c90821e0ea04768118063f8098f9b48bb8c208,12000,16,1,180000,0.884513392859699,1,0.011744579894412355,0.011305349550454044,0,1,172800,0.0,-1.1238326576153426,-315.4023005288121,-9.968505868206211,0.08386291231171042,-0.00016646569811933927,-2.0674706775025697e-05,0.08333333333333333,0.0,600.0,4.70195966170427,3.9270946795708013,0,0,0
S1b_p001_t002_s1338794941,2026-10-04T13:40:30Z,S1b,1,1,0,0,f06d06f43a91edbd4980c1352bd7cb4f81d4341f64c8eb99983b497f8b787f89,12000,16,1,180000,0.8845346329211389,1,0.011265732721546774,0.012603220098951503,0,1,172800,0.0,-1.1139164602702032,-315.4022755887436,-10.022569067823428,0.09580417239720707,-0.0028728108264057897,-0.0003567973590179463,0.08333333333333333,0.0,600.0,4.851482232248172,4.210646189610698,0,0,0
S1b_p002_t000_s265536591,2026-10-04T13:40:45Z,S1b,2,1,0,0,cdeddee3f7cb716e33a496923a79a1a2849944e01e2addd77be8f5ee28bb0a62,12000,16,1,180000,0.885207490859414,1,0.01192905706241017,0.0126032200989515,0,1,172800,0.0,-1.1058327933196526,-315.4022683401351,-10.041302651431263,0.09571143256560372,-0.006198201914603713,-0.0007698042813899519,0.08333333333333333,0.0,600.0,6.0455945922377206,4.0755458500674795,0,0,0
S1b_p002_t001_s984384874,2026-10-04T13:41:00Z,S1b,2,1,0,0,b00c739c5ced99a10adeec634a46bcfb3898cc2ecfc92265cd249352edd71ab6,12000,16,1,180000,0.8854953102661178,1,0.013148387957503279,0.01298530339325719,0,1,172800,0.0,-1.0996842747894422,-315.4022403093325,-10.066007585422165,0.08590647980822202,-0.0033205233970984437,-0.00041240236487283255,0.08333333333333333,0.0,600.0,5.03928711456639,4.002206607842179,0,0,0
S1b_p002_t002_s1445559193,2026-10-04T13:41:15Z,S1b,2,1,0,0,52d1a1dabc9d8982411e16dd159f3f20aa4fb94116eaf828df620be1ea417909,12000,16,1,180000,0.8852784187469147,1,0.01786677084456789,0.015758898130045152,0,1,172800,0.0,-1.1011173148712312,-315.40225088713186,-10.051919754406612,0.10788376778407649,-0.00034889146553905435,-4.3331622237019474e-05,0.08333333333333333,0.0,600.0,6.708515248474463,3.8076945981614663,0,0,0
S1b_p003_t000_s799072493,2026-10-04T13:41:30Z,S1b,3,1,0,0,8c916ba93aada44e69d2de41c7cead1021a265dc677acb716ad825c0c00f713f,12000,16,1,180000,0.5269037310303646,1,0.015399019722589037,0.018272154502737295,0,1,172800,0.0,-5.600351765174489,-315.40202967106234,3.209929710908876,49.26237542709943,1926.9820097783793,239.32731165045516,4.75,0.0,600.0,8.298449166766346,9.22889074815454,0,0,0
S1b_p003_t001_s1267271188,2026-10-04T13:41:45Z,S1b,3,1,0,0,9cc970908270117e9db2a8ad2428eb45cdd457db30ef7e4913b319479704c09d,12000,16,1,180000,0.6940341333223129,1,0.020733484853823803,0.020243011075190154,0,1,172800,0.0,-1.0247023097972783,-295.4583313417812,-10.888961477609003,0.07384863687775334,-9.264823152552614e-05,-1.1506725059007294e-05,0.08333333333333333,0.0,600.0,7.547569321861252,4.387651950424531,0,0,0
S1b_p003_t002_s60044557,2026-10-04T13:42:00Z,S1b,3,1,0,0,d06e9df35d9bfb21e68b0c77ee3aa38fbd396930d4549e1c8d8e16e84655d830,12000,16,1,180000,0.6947977535224757,1,0.020789598134660095,0.020243011075190158,0,1,172800,0.0,-1.0269781252908432,-295.4583418699628,-10.877852169240303,0.09375634554337195,-4.243194300659051e-06,-5.269962457532529e-07,0.08333333333333333,0.0,600.0,5.370914846744001,4.305515782571236,0,0,0
S2_p000_t000_s1289144792,2026-10-04T13:42:30Z,S2,0,1,0,0,97bf490d683b43937212c075c2c8b68d6348f8a3f6b9143c720b0cb18bc7427e,12000,16,1,180000,0.7911057834673643,1,0.3302226286239629,0.3034330082516182,0,1,172800,0.0,-0.6165903111268931,-316.1249888421953,-12.416107537131854,0.44982968751720787,-0.0006339090342516851,-7.873023423599079e-05,0.08333333333333333,0.0,600.0,13.599208717783194,18.840661287056307,0,0,0
S2_p000_t001_s68113513,2026-10-04T13:42:45Z,S2,0,1,0,0,6ad8899b5612f34e4ecee7096175ec8b72bf9e7e72d2ccc3537d57a4b2cdaeab,12000,16,1,180000,0.7922077151467469,1,0.33409686292971175,0.30742776009651607,0,1,172800,0.0,-0.623096580249541,-316.12500140148404,-12.362269968190084,0.47270084141123425,-0.00022993056105786143,-2.8556915822264273e-05,0.08333333333333333,0.0,600.0,8.22729576139804,19.049983009467578,0,0,0
S2_p000_t002_s492170927,2026-10-04T13:43:00Z,S2,0,1,0,0,2a767299de4dc34dafac49af77893d1b53e2b3966fe2b7c62c0057e11ed15cb7,12000,16,1,180000,0.7922409097756619,1,0.33381976910807903,0.30742776009651607,0,1,172800,0.0,-0.6165540808539458,-316.1250078990828,-12.38014982131898,0.43620371628072396,0.0018580588861003974,0.00023076719753589714,0.08333333333333333,0.0,600.0,10.717046589734887,18.75351325183934,0,0,0
S2_p001_t000_s2106742562,2026-10-04T13:43:15Z,S2,1,1,0,0,3aaf9000bd241925185a802353e2bc0c0b6ccf18ae99603be3f3cf4a9239bf0a,12000,16,1,180000,0.7873147219676205,1,0.3226849208015823,0.30578272388914524,0,1,172800,0.0,-0.7451881108441872,-316.125000507224,-12.452016602145328,0.3626316004841277,-0.0020211913715964674,-0.00025102792596953805,0.08333333333333333,0.0,600.0,9.301231958357754,13.974909915625986,0,0,0
S2_p001_t001_s1155555599,2026-10-04T13:43:30Z,S2,1,1,0,0,4319ca9a1f7c2603bc76b91ae55fa7becf62059261be6b93bb831584c0a9eb26,12000,16,1,180000,0.7875476438263315,1,0.32298875820058903,0.30634906820550983,0,1,172800,0.0,-0.7432523685784522,-316.1250019086462,-12.448240273795172,0.33895842111690844,0.00014923541333654482,1.8534739865572192e-05,0.08333333333333333,0.0,600.0,6.754953095710504,13.405925083199815,0,0,0
S2_p001_t002_s1218472882,2026-10-04T13:43:45Z,S2,1,1,0,0,39161ae594f87936a10dfb0cf90d5415de5459500f2fd448cdd08e887a461d64,12000,16,1,180000,0.7874068369354332,1,0.3227346430476582,0.30634906820550983,0,1,172800,0.0,-0.7347258085157987,-316.12498979771533,-12.510271833650732,0.34584207357602414,-0.0003604053046597606,-4.4761618028132943e-05,0.08333333333333333,0.0,600.0,11.19154603948076,13.436643353241905,0,0,0
S2_p002_t000_s1410889249,2026-10-04T13:44:00Z,S2,2,1,0,0,964aeab4e0a6960fc8ffe3925c570a08b0084b5cec37b825d49a4395c9616de1,12000,16,1,180000,0.7803134897591072,1,0.3098763966250355,0.3033898382135205,0,1,172800,0.0,-0.8530730206780472,-316.12501360229606,-12.449925938146363,0.3002968531869996,-0.00022318475512429726,-2.7719100216927473e-05,0.08333333333333333,0.0,600.0,10.565587894478684,9.097365506856546,0,0,0
S2_p002_t001_s1295536992,2026-10-04T13:44:15Z,S2,2,1,0,0,e850d16c469ea5c0e9d8aad3361ec0209d54b951c5519156e00360ea49ca541a,12000,16,1,180000,0.7795549706035823,1,0.311448263804661,0.3043322498678894,0,1,172800,0.0,-0.8540547821806826,-316.1249935015858,-12.435456802317448,0.21988196883866196,0.001665861293862814,0.0002068966409751738,0.08333333333333333,0.0,600.0,15.732601765859211,9.005629136452042,0,0,0
S2_p002_t002_s1338324977,2026-10-04T13:44:30Z,S2,2,1,0,0,341616c999055eec7da090aec000e7b87b1fd8ff5e7ee00a109e1b95659650ac,12000,16,1,180000,0.781156664597523,1,0.3113596551486759,0.3043322498678894,0,1,172800,0.0,-0.847704857130531,-316.12499907664335,-12.492180023803614,0.24521600357047577,0.0008438475656206519,0.00010480417995495372,0.08333333333333333,0.0,600.0,12.247346493470506,9.210635989092653,0,0,0
S2_p003_t000_s1727962604,2026-10-04T13:44:45Z,S2,3,1,0,0,7d688029e99e9bc5ad443cfcbc1e13f5c8d8eca0892074fd5ecb74eceb7e1ff2,12000,16,1,180000,0.7746156271097271,1,0.3127647682037635,0.3051709554492243,0,1,172800,0.0,-0.873842952607289,-316.1250047912787,-12.509719315280684,0.2099399463186472,6.167827755158965e-05,7.660318715352332e-06,0.08333333333333333,0.0,600.0,4.974026566632132,7.119127578969874,0,0,0
S2_p003_t001_s505940398,2026-10-04T13:45:00Z,S2,3,1,0,0,57a920f7a0ab899bae243237122d5058e8dd70fddd9190d6aa221d6367b18980,12000,16,1,180000,0.7749697682903248,1,0.31450862072773944,0.30689079226417026,0,1,172800,0.0,-0.8683159891869557,-316.12500466241,-12.517553922915576,0.1943515316995756,-0.0017475187420178356,-0.00021703833272113116,0.08333333333333333,0.0,600.0,15.863267046871208,7.455564818841474,0,0,0
S2_p003_t002_s1702346768,2026-10-04T13:45:15Z,S2,3,1,0,0,9e5db79ad40bde0089a9b210f9c9e5534d6e44346898f33ea20a2a88688ddc1e,12000,16,1,180000,0.7735275403713185,1,0.31474563059669264,0.30689079226417026,0,1,172800,0.0,-0.8779065173956829,-316.1249949226124,-12.466215292035903,0.20002885271803164,0.001211831155538863,0.00015050700585561572,0.08333333333333333,0.0,600.0,13.381417087194448,7.520923108293768,0,0,0
S2_p004_t000_s1635038415,2026-10-04T13:45:30Z,S2,4,1,0,0,00624cafc49d1612b447539378d3b25b84af1548714dea1cd5df3651abc00759,12000,16,1,180000,0.7680883047646425,1,0.31720634912526907,0.3040231133054214,0,1,172800,0.0,-0.8085142759443508,-316.12499303168806,-12.461404517138181,0.30482702782020427,-1.3235440723813426e-05,-1.6438152670161799e-06,0.08333333333333333,0.0,600.0,10.711227597959473,10.299996616247455,0,0,0
S2_p004_t001_s1183238402,2026-10-04T13:45:45Z,S2,4,1,0,0,2d01cd351920dfbb3fe3b8195270967337f9cf434bd9c7fbdbbb097c8d226b0f,12000,16,1,180000,0.7682308885475743,1,0.31903757016329837,0.3069543546700123,0,1,172800,0.0,-0.8112894007336379,-316.12499388237427,-12.456518828117114,0.30379463581913574,0.0005976871983697718,7.423155466312892e-05,0.08333333333333333,0.0,600.0,15.957074770059226,10.634233941951202,0,0,0
S2_p004_t002_s333126784,2026-10-04T13:46:00Z,S2,4,1,0,0,f4105c470607858d93909faa206c44b3c843926058774282fc45c88c02842a05,12000,16,1,180000,0.7669243737236008,1,0.31919037382828747,0.3069543546700123,0,1,172800,0.0,-0.8154780923646943,-316.12499726030546,-12.420889459758266,0.30791899854799754,0.0016543789287451372,0.00020547055419228855,0.08333333333333333,0.0,600.0,8.042148206928255,10.246488487357318,0,0,0
S2_p005_t000_s356586922,2026-10-04T13:46:15Z,S2,5,1,0,0,c7fb1d91e2fef016027eed7dcfc283e1c6afc52f6d7a8d143fcdbdb7dab3b61a,12000,16,1,180000,0.7608938214508361,1,0.3258965278367398,0.3024432576008823,0,1,172800,0.0,-0.6897999974922366,-316.1250030414576,-12.400051164160015,0.4002450228647637,-0.00014397078584870002,-1.7880883660836844e-05,0.08333333333333333,0.0,600.0,12.018259806597388,16.570646121820857,0,0,0
S2_p005_t001_s1328624968,2026-10-04T13:46:30Z,S2,5,1,0,0,6f72655b936ba484cb602d76e40724cb5478d22f8da1ab2c09676263ef85416b,12000,16,1,180000,0.7606315871751881,1,0.3266372074560536,0.3024432576008823,0,1,172800,0.0,-0.685190526309926,-316.12500355396025,-12.421842469992548,0.4077859993035491,-0.0003732157950820886,-4.635265531760524e-05,0.08333333333333333,0.0,600.0,12.730433327972156,16.597399042965307,0,0,0
S2_p005_t002_s843406380,2026-10-04T13:46:45Z,S2,5,1,0,0,d2064b93a5c5d745affcaf4379f69b241c62e3c69d16de136fa68060877d6375,12000,16,1,180000,0.7616778485739853,1,0.32650044104368126,0.30237624104345756,0,1,172800,0.0,-0.6769062509539742,-316.12500575030936,-12.454411354057909,0.42014836306204084,-0.0031456040658955973,-0.0003906777337761014,0.08333333333333333,0.0,600.0,12.544044092821112,16.408206356234043,0,0,0
S2_p006_t000_s1939969654,2026-10-04T13:47:00Z,S2,6,1,0,0,c76937747f43e16ac8a0b7c4524838378b79c2974cdb9325833675a446d23f28,12000,16,1,180000,0.7509951500845377,1,0.3330218064681624,0.3007940954549315,0,1,172800,0.0,-0.5812543692148533,-316.1250012096019,-12.343450331984531,0.4968129953718447,0.0009269006382945918,0.00011511920547491172,0.08333333333333333,0.0,600.0,8.418445639144833,20.199205252448074,0,0,0
S2_p006_t001_s441937503,2026-10-04T13:47:15Z,S2,6,1,0,0,a658d92257315bec95657c2a0560d9b1f93a0f8f6bbf14dda7c478ef8ac6cb2b,12000,16,1,180000,0.75164829769824,1,0.3328687896276104,0.30158918785722183,0,1,172800,0.0,-0.5782235953312218,-316.12500244861076,-12.370665094861682,0.45429922948378054,-0.001008790099208565,-0.00012528971274150535,0.16666666666666666,0.0,600.0,11.001483652953766,20.31795071786362,0,0,0
S2_p006_t002_s781512667,2026-10-04T13:47:45Z,S2,6,1,0,0,7641c2fc96499498fc9e9a3626663f110f342a12f126ab6eb35538af3e41eeda,12000,16,1,180000,0.9107228005071301,1,0.331929300342029,0.30158918785722183,0,1,172800,0.0,-0.6113652363609383,-313.98439254636776,-11.780184052328364,0.5234576518659888,-0.052689660154946256,-0.0065439504119240155,0.08333333333333333,0.0,600.0,6.553704345986927,18.149715193211826,0,0,0
S2_p007_t000_s1531496940,2026-10-04T13:48:00Z,S2,7,1,0,0,001da2d11e731ba516e8d7d632c9f7928e8eee92b6f24cd00d113a55315273c1,12000,16,1,180000,0.9078160900626204,1,0.33564063296879504,0.30472990527153115,0,1,172800,0.0,-0.5859154411749569,-313.9842569231987,-11.75843250843592,0.5479055815574517,-0.0465008878128385,-0.005775317264578916,0.08333333333333333,0.0,600.0,11.962718902703324,18.75829992658349,0,0,0
S2_p007_t001_s326924126,2026-10-04T13:48:15Z,S2,7,1,0,0,a3985bdda14f6138d64e4b6cd6a1b30397de65db0a8e5bb909125844d9a09a63,12000,16,1,180000,0.6287266724276077,1,0.3036372075339247,0.30472990527153115,0,1,172800,0.0,-3.8451149314379007,-303.4316606536892,0.9858983449962544,15.18021004608116,1019.5543761469543,126.62661440869942,4.083333333333333,0.0,600.0,10.359947220265346,20.2168650393102,0,0,0
S2_p007_t002_s199391290,2026-10-04T13:48:30Z,S2,7,1,0,0,5a49298601a839c4700f2f909276b9fd09550b332a5cc7f98c7d73a776550970,12000,16,1,180000,0.9072496986165584,1,0.33656172971233306,0.30419482446468915,0,1,172800,0.0,-0.5930780288754384,-303.43237522161206,-11.737667284753016,0.5270892133978247,0.05324450683410539,0.006612861259782221,0.08333333333333333,0.0,600.0,12.743280557105532,18.4484229082986,0,0,0
S2_p008_t000_s2105928740,2026-10-04T13:48:45Z,S2,8,1,0,0,3e1d882633c37c68b8db4c12d39d542cae1cbb08dc885cf590ccd4aa76f0a8a5,12000,16,1,180000,0.9041889547001332,1,0.33187711510479084,0.30489149280800537,0,1,172800,0.0,-0.6698581242463906,-303.43241733542226,-11.767684185635172,0.45363895797301323,0.0532673398026524,0.006615697068809823,0.08333333333333333,0.0,600.0,5.458987712194714,17.691578703658845,0,0,0
S2_p008_t001_s2122849215,2026-10-04T13:49:00Z,S2,8,1,0,0,ddf72899eecc570f4207c57e8d70a896bf6274a926d46c1b2e11994fb357310b,12000,16,1,180000,0.9040626560241534,1,0.33453986740794356,0.3048914928080054,0,1,172800,0.0,-0.673666207895756,-303.43240413061477,-11.747903055864272,0.4858287624249489,0.0544656269799687,0.006764521939658152,0.08333333333333333,0.0,600.0,6.860031130204983,17.65899144304803,0,0,0
S2_p008_t002_s1792617518,2026-10-04T13:49:15Z,S2,8,1,0,0,8deac882597906d73c403389fc99dac88be0574daee240aa4ed10d96767b4b1b,12000,16,1,180000,0.9044912799217866,1,0.33052715941871125,0.3047006888356329,0,1,172800,0.0,-0.6644384403743503,-303.4323956779954,-11.808108229796911,0.41969691206160986,0.05274320649257769,0.006550600759965164,0.08333333333333333,0.0,600.0,9.03490095249,17.52375380810029,0,0,0
S2_p009_t000_s1083440476,2026-10-04T13:49:30Z,S2,9,1,0,0,b77a8f151f9e86ce38178329f7cbd8f3c236cb2b350fa75e6322619877f0096f,12000,16,1,180000,0.9008687875653617,1,0.3212736612104124,0.3026875971946869,0,1,172800,0.0,-0.8017486223443554,-303.432307994494,-11.804606478871394,0.32094381172590614,0.04172429132057795,0.00518207353343314,0.08333333333333333,0.0,600.0,9.77817610216619,15.208261200823415,0,0,0
S2_p009_t001_s406326303,2026-10-04T13:49:45Z,S2,9,1,0,0,ed0125cd06bde5b93ff5938c526e84833fb27f2dff221122d2d8b4ba7ae23cb5,12000,16,1,180000,0.900715539432134,1,0.32132225540211,0.30294233744614524,0,1,172800,0.0,-0.8005504049833978,-303.43231372239705,-11.784418675641696,0.3865846138065375,0.04920708336271968,0.0061114213394830585,0.08333333333333333,0.0,600.0,18.46179567475923,15.204582225191892,0,0,0
S2_p009_t002_s2144757372,2026-10-04T13:50:00Z,S2,9,1,0,0,be8a90004085ed386dbe2c684a5f60719d5b93315ab91ef60cff6d785020fbc0,12000,16,1,180000,0.9006650289639148,1,0.3211407225160574,0.30294233744614524,0,1,172800,0.0,-0.8040630814885131,-303.4322952929918,-11.77914214595589,0.3005535700105688,0.0462088670624251,0.005739048871419072,0.08333333333333333,0.0,600.0,10.637001750238998,15.535636843648177,0,0,0
S3_p000_t000_s1030001410,2026-10-04T13:50:30Z,S3,0,1,0,0,0e31094b008180854ee6ff91e546247a5d3f3cbf4d8c5ee51e478ee2ce0ad64b,12000,16,1,180000,0.7656589947974658,1,0.3125458319943132,0.3045154003390014,0,1,172800,0.0,-0.750183746944876,-311.62498841665547,-12.4342055729554,0.3334565206597917,-0.0004939442233332096,-6.134688464953797e-05,0.08333333333333333,0.0,600.0,10.022587716822832,13.318327571251558,0,0,0
S3_p000_t001_s59102629,2026-10-04T13:50:45Z,S3,0,1,0,0,e8a7fa6f934a9759d74147d889bed732d877dc667daaef24fa606d0d2428a315,12000,16,1,180000,0.7642984092544552,1,0.3125619825059613,0.306005539118961,0,1,172800,0.0,-0.7443786596948005,-311.624999922568,-12.481131181026877,0.2860485891281416,3.0688624864728904e-05,3.8114658309496008e-06,0.08333333333333333,0.0,600.0,9.33943788647394,13.447766979698008,0,0,0
S3_p000_t002_s917633151,2026-10-04T13:51:00Z,S3,0,1,0,0,2270be70c9eb4b4de7e3d819e3121a1655f2eda2dc08bcd05b408ef45ab840b1,12000,16,1,180000,0.7642747979568918,1,0.3140314780902377,0.3124925690856233,0,1,172800,0.0,-0.7476519166147584,-311.6249987924372,-12.475167148022287,0.3411684428998104,0.0005357631226216543,6.654070830336423e-05,0.08333333333333333,0.0,600.0,6.34878861490624,13.282623214219848,0,0,0
S3_p001_t000_s1727488921,2026-10-04T13:51:15Z,S3,1,1,0,0,5944ccad1eea71c9e5c7d987a06c1222d0667bc97d3be34cf63ba349942bb887,12000,16,1,180000,0.7657509017354119,1,0.31525683407372707,0.31249256908562334,0,1,172800,0.0,-0.7469690840979614,-311.6250000017523,-12.45991468416577,0.3001537371113466,-0.0004164669152901355,-5.172435794520425e-05,0.08333333333333333,0.0,600.0,9.56791714440747,13.167231957134206,0,0,0
S3_p001_t001_s1935099702,2026-10-04T13:51:30Z,S3,1,1,0,0,52e74359564b97ef6cbe0acb46efb373e1c002a052ec71d44bd946afcfdd964d,12000,16,1,180000,0.7267747659791135,1,0.3155643378891448,0.3036466965444167,0,1,172800,0.0,-1.2304096588935016,-311.62499884385335,-7.387660237940951,37.88665758281466,-0.0024457667567789098,-0.00030375933965842705,6.666666666666667,0.0,600.0,19.020933718387923,20.70698675748272,0,0,0
S3_p001_t002_s1247340308,2026-10-04T13:51:45Z,S3,1,1,0,0,7752d99817ca43359c088bda34ddd4688a029b6a79af034a4c87d843d4b6ff9a,12000,16,1,180000,0.9142502303497896,1,0.32786557682353845,0.31098793742537856,0,1,172800,0.0,-0.7839158753051011,-300.84864171150787,-11.84776937784788,0.34366304251283897,0.03400104449692503,0.0042228617244290945,0.08333333333333333,0.0,600.0,7.548924870345732,13.162327307937847,0,0,0
S3_p002_t000_s2123842217,2026-10-04T13:52:00Z,S3,2,1,0,0,ef5e1b5b73090944755d31b3f69f9dac88d0d9aecb14790d4d19d8a24e700ffd,12000,16,1,180000,0.9143623577936403,1,0.3254999267201182,0.3109879374253786,0,1,172800,0.0,-0.7868489889461799,-300.8486523674286,-11.836211967066983,0.4177202363736577,0.02418589385386019,0.0030038396448617277,0.08333333333333333,0.0,600.0,6.881042590941011,13.251835767613375,0,0,0
S3_p002_t001_s741456992,2026-10-04T13:52:15Z,S3,2,1,0,0,d60409ea06d0344711c703989284db03d08dca7974bb415d4230a20ce60eddef,12000,16,1,180000,0.914788935258095,1,0.32520624244858065,0.3089446546828953,0,1,172800,0.0,-0.7723218657755936,-300.8486572884928,-11.902878280422426,0.34765695814415065,0.02385316465502371,0.0029625153438246343,0.08333333333333333,0.0,600.0,4.704167479420476,13.305545516355314,0,0,0
S3_p002_t002_s859851708,2026-10-04T13:52:30Z,S3,2,1,0,0,7fc45811e61af58708cec7a5cfda3985d9c1b450b18247c5b9671c7cf67e4c26,12000,16,1,180000,0.9146614282433069,1,0.32641193394491363,0.30962191609163897,0,1,172800,0.0,-0.7807686525788895,-300.84865815873246,-11.852943203549613,0.33788002104522036,0.025425711728775027,0.0031578225452904007,0.08333333333333333,0.0,600.0,8.16007223929034,13.29959763075582,0,0,0
S3_p003_t000_s1497291008,2026-10-04T13:52:45Z,S3,3,1,0,0,a263024b9cbd6ad7468b6b8f453a47e206cc2f2a4f07855bb7d2bf81fa50c27f,12000,16,1,180000,0.9143501309218253,1,0.32394446976005165,0.30962191609163897,0,1,172800,0.0,-0.7841603035004417,-300.848648507875,-11.827022254567419,0.41342499759965895,0.012526563602106373,0.0015557741462544072,0.08333333333333333,0.0,600.0,8.869345273489506,13.298238088425922,0,0,0
S3_p003_t001_s2122590732,2026-10-04T13:53:00Z,S3,3,1,0,0,7a5896fed8eb7ec6ce9283d48bce8bd5b3d1278ad3d606af1f24fb777c259a89,12000,16,1,180000,0.9146761740790592,1,0.32407796176980075,0.3081507351143619,0,1,172800,0.0,-0.7823345465779437,-300.848635857929,-11.8715152872552,0.3457576287609646,0.009951320141775785,0.0012359340589682688,0.08333333333333333,0.0,600.0,5.110954389686785,13.334794305502324,0,0,0
S3_p003_t002_s1592902622,2026-10-04T13:53:15Z,S3,3,1,0,0,154762f26a23105a5bdb07794d1729f11199512bffeb781d86a6ca525e32ea76,12000,16,1,180000,0.9146742171753247,1,0.32526229956772784,0.30907468233478935,0,1,172800,0.0,-0.7786587181952529,-300.84865297284824,-11.880954725042487,0.35813716485790614,0.011539196918690962,0.00143314517890758,0.08333333333333333,0.0,600.0,10.19093574164128,13.397808061655187,0,0,0
S3_p004_t000_s1269981715,2026-10-04T13:53:30Z,S3,4,1,0,0,5f8090c7172f1f17cb04aed93cfebccd4314794ffdadceda12035019f61e0125,12000,16,1,180000,0.9142797063928353,1,0.3239224629596049,0.30907468233478935,0,1,172800,0.0,-0.78159018156779,-300.84864386947385,-11.840182965342498,0.3163802813694441,0.0003140160110552196,3.9000160541036166e-05,0.08333333333333333,0.0,600.0,6.089092865484261,13.248351596242582,0,0,0
S3_p004_t001_s1736958637,2026-10-04T13:53:45Z,S3,4,1,0,0,62f2ab24cae1b1f60ab8a78ff63e4a04e763e628959d1ee25435cec586fa9cfe,12000,16,1,180000,0.9150081351223937,1,0.3225972694106139,0.30587392297740335,0,1,172800,0.0,-0.7686975276439761,-300.84866606854666,-11.92062912925778,0.3781279245116125,-0.009659928314879402,-0.0011997437768513919,0.08333333333333333,0.0,600.0,12.377826084321558,13.084074153366775,0,0,0
S3_p004_t002_s204596110,2026-10-04T13:54:00Z,S3,4,1,0,0,527df49c2b07cd72c4d62d184d369b2559103aca4161d511386013fd022288ff,12000,16,1,180000,0.9142140325934907,1,0.326165305352281,0.3098034291956534,0,1,172800,0.0,-0.7875769700385633,-300.84866239531766,-11.819701960640911,0.40741985334756586,-1.294942127050623e-05,-1.6082922229543328e-06,0.08333333333333333,0.0,600.0,8.729468550903228,13.232766542460741,0,0,0
S3_p005_t000_s1505505932,2026-10-04T13:54:15Z,S3,5,1,0,0,46150d148635aae4deeb870a66481e818c49a397a02d1c70b2352c3c3a5173ad,12000,16,1,180000,0.914717818953535,1,0.32847071614180184,0.3098034291956534,0,1,172800,0.0,-0.7754666569910802,-300.84865186777887,-11.894134530488467,0.3000853054140794,-0.01521992292508694,-0.0018902839874499477,0.08333333333333333,0.0,600.0,8.439069461857809,13.24634876003133,0,0,0
S3_p005_t001_s574426862,2026-10-04T13:54:30Z,S3,5,1,0,0,6845f26932a82bda8547d4ee2811abd23944483d11e3c1e799c68119b93807ac,12000,16,1,180000,0.9146451775590468,1,0.3272884929660325,0.30714933256120186,0,1,172800,0.0,-0.7833354701703379,-300.8486480846077,-11.860143226035245,0.34210436967492674,-0.010931640848219668,-0.0013576879300671862,0.08333333333333333,0.0,600.0,4.567667161935534,13.262903836920504,0,0,0
S3_p005_t002_s2081296688,2026-10-04T13:54:45Z,S3,5,1,0,0,30352faa874bad7235f53a601cf3369803641c4bdd55c6fac99ba4bdfba8fa08,12000,16,1,180000,0.9139600405603324,1,0.3258616660620488,0.3081398667041193,0,1,172800,0.0,-0.792146818103206,-300.84863290138554,-11.787883571407498,0.316044663586745,-0.007822138313259784,-0.0009714939342302387,0.08333333333333333,0.0,600.0,7.764815347911878,13.305570192192953,0,0,0
S3_p006_t000_s1872296474,2026-10-04T13:55:00Z,S3,6,1,0,0,db93fa7286be6007952a6d2283c718f0bcef519ed67dea9d7762694eaff12d02,12000,16,1,180000,0.7741097470266829,1,0.2990534314437347,0.30846932747155437,0,1,172800,0.0,-2.6918584709648963,-290.3316721008032,-1.8443058394188137,48.67138466748115,1016.10986756713,126.19881333210242,4.75,0.0,600.0,13.407712057755562,24.280929725477293,0,0,0
S3_p006_t001_s1187247710,2026-10-04T13:55:15Z,S3,6,1,0,0,4b4e2a9b168f7c5686e6807668901b109db7ac063b68483ffe14c2550e754111,12000,16,1,180000,0.9687322277514591,1,0.32838056251948117,0.30846932747155437,0,1,172800,0.0,-0.7405182825934987,-290.3333351618373,-12.510139044703187,0.3543598073258825,-0.00044523043400448374,-5.529672944248887e-05,0.08333333333333333,0.0,600.0,6.681932931938526,13.37091814429208,0,0,0
S3_p006_t002_s1223745501,2026-10-04T13:55:45Z,S3,6,1,0,0,e7f5d82f83a103017a99781c996cfaf4150647367696c1ab01891e1ec91e2ff6,12000,16,1,180000,0.9149829351085143,1,0.3262091085490295,0.3102179815871073,0,1,172800,0.0,-0.7719098670117703,-313.23467260711186,-11.907042829156216,0.36337226188726657,0.026065317989628554,0.0032372603636758868,0.08333333333333333,0.0,600.0,5.684477262770562,13.236808681137259,0,0,0
S3_p007_t000_s626911129,2026-10-04T13:56:00Z,S3,7,1,0,0,741d09c60c36786e8434f5674166b3dba42524b918d0d2730323c192125c6bb4,12000,16,1,180000,0.9147887733355927,1,0.32617253224227566,0.31021798158710734,0,1,172800,0.0,-0.7814129967928729,-313.23466964334085,-11.863389819390399,0.33408487161827527,0.0377695329414354,0.004690900452260394,0.08333333333333333,0.0,600.0,5.30788574560175,12.926603549558436,0,0,0
S3_p007_t001_s1969339727,2026-10-04T13:56:15Z,S3,7,1,0,0,354624544a3fe425944650ecf15e1257dc69541aeff7880c04a2a77d96f4de48,12000,16,1,180000,0.9144680236736893,1,0.32514312370109466,0.30784199682578184,0,1,172800,0.0,-0.784207274678554,-313.234683301643,-11.849077968200683,0.37408810329623143,0.04201003151716841,0.0052175618943692825,0.08333333333333333,0.0,600.0,11.933750613956176,13.700095324083483,0,0,0
S3_p007_t002_s115451501,2026-10-04T13:56:30Z,S3,7,1,0,0,1c0bbeb62a80fce3bb8179a20f832751169696ff5ea03d0eaa811c9946418950,12000,16,1,180000,0.9144348521561921,1,0.32372171510321396,0.3072873981760882,0,1,172800,0.0,-0.7832593520989074,-313.23468209553477,-11.856058407945012,0.36900218713204397,0.04026056778721373,0.005000281998036371,0.08333333333333333,0.0,600.0,7.023547574254205,13.153816835328554,0,0,0
S3_p008_t000_s1467476825,2026-10-04T13:56:45Z,S3,8,1,1,0,fc61b5a694a22eaeb916ea4c030f3f6b3d3cea485a9833d3b7b7f4268bf84e16,12000,16,1,180000,0.7633641903289625,1,0.31195830535847774,0.3072873981760882,0,1,172800,0.0,-0.7492609182590784,-364.958335553476,-12.442122200522563,0.2952408700105943,0.00013202983249726338,1.6397841136495117e-05,0.08333333333333333,0.0,600.0,4.3729339300784495,13.321002424967679,0,0,0
S3_p008_t001_s154111274,2026-10-04T13:57:15Z,S3,8,1,1,1,7179a79e18e06ff19e7515d37b8e0f1024d59027b0e85464b0c89d18bb633f2e,12000,16,1,180000,0.7615626013084255,1,0.3106009935807478,0.3061175376827872,0,1,172800,0.0,-0.7471301565991264,-314.2916628616689,-12.457662683015592,0.3420210907153698,0.00011449787913494641,1.4220407592802076e-05,0.08333333333333333,0.0,600.0,9.547582437782284,13.392728166084229,0,0,0
S3_p008_t002_s1142253482,2026-10-04T13:57:45Z,S3,8,1,1,1,950a33a35aff5b93e959f454dc2925bd668e74a676f125afe07c74a81111c85b,12000,16,1,180000,0.9107970424320834,1,0.31871518163429063,0.30521026727056877,0,1,172800,0.0,-0.7863434686079889,-311.51527319822645,-11.81083202354889,0.3110998241960906,-0.039035866605737275,-0.004848176560699358,0.08333333333333333,0.0,600.0,6.340163445119248,13.197463772770137,0,0,0
S3_p009_t000_s395916349,2026-10-04T13:58:15Z,S3,9,1,1,1,0f7e32e1ef4dd5c00e3bfca301f364688d3d62e35f7ec0816fba7a72ef2b75c0,12000,16,1,180000,0.4484017131487835,1,0.13492371335283415,0.30497503258529995,0,1,172800,0.0,-5.416967999421227,-304.0357123976234,3.2187616308634093,12.618427242021395,982.3023237769432,121.99998400844879,4.666666666666667,0.0,600.0,8.26371085047798,24.34266422494011,0,0,0
S3_p009_t001_s1232141577,2026-10-04T13:58:45Z,S3,9,1,1,1,300e2abf4bf96101cf3ab8171e471646dda2e182bfe386dbf932f6ef11e27102,12000,16,1,180000,0.7584778059038754,1,0.30646975126056714,0.30413342599477605,0,1,172800,0.0,-0.7569436469963652,-310.12500078839366,-12.40686552738395,0.35487685733617275,-0.002396949428378795,-0.0002976963251057896,0.08333333333333333,0.0,600.0,7.4970545695693716,13.744620691393601,0,0,0
S3_p009_t002_s1753739609,2026-10-04T13:59:15Z,S3,9,1,1,1,d564c7659f76321034dee78b3f07a516ef3823a97dde43c6fee1029c12d06ea5,12000,16,1,180000,0.7589343171552366,1,0.3638804072416647,0.3666786886862039,0,1,172800,0.0,-0.7530723519945238,-310.79166234683,-12.411197979312398,0.3238722291245913,0.00047450115063898236,5.8932093907060334e-05,0.08333333333333333,0.0,600.0,5.445089752138063,13.69078988994032,0,0,0
S4_p000_t000_s1380025803,2026-10-04T13:59:45Z,S4,0,1,0,1,00e490ab6c877cf3a317e3afb628e9539f04f6e79ae0d71cbc310e58de37d5d6,12000,16,1,180000,0.8217245231240636,1,0.35399257146879287,0.3666786886862039,0,1,172800,0.0,-0.051055413478840746,-301.4583298843166,-28.500845684121305,0.031127025267608098,-0.00030715211170382153,-3.8147677969391225e-05,0.08333333333333333,0.0,600.0,85.64532940666847,5.555726758939942,0,0,0
S4_p000_t001_s1028796488,2026-10-04T14:00:00Z,S4,0,1,0,0,77f693673eac769d2565416356f7e62da704ec0487c3914fd712ecd00dbc0376,12000,16,1,180000,0.8225105337857781,1,0.3425640841586209,0.3544964581009171,0,1,172800,0.0,-0.04984972278118411,-301.4583330645419,-28.603224746633703,0.0489989539523187,2.1030419147372674e-05,2.611935997265391e-06,0.08333333333333333,0.0,600.0,64.0954212269302,5.685266041001041,0,0,0
S4_p000_t002_s1457782904,2026-10-04T14:00:15Z,S4,0,1,0,0,222c03a59ea88495fb939ad92e858bf24c746156daa426e90b67c72dd3f0b51f,12000,16,1,180000,0.8224253264043763,1,0.3424268103356525,0.3544964581009172,0,1,172800,0.0,-0.04793205687112736,-301.4583303892711,-28.621294344657045,0.03171419775847061,-0.00028771389411988007,-3.5733490221900865e-05,0.08333333333333333,0.0,600.0,55.64288456861607,5.788736630193236,0,0,0
S4_p001_t000_s1710814298,2026-10-04T14:00:30Z,S4,1,5,0,0,72b79ecafda60f8fd49bd545be643c69340ef3ee7fedcf4615ea78750df8c0df,12000,16,1,180000,0.8000449711290021,1,0.49387368654276226,0.528638013864102,0,1,172800,0.0,-0.008739393577035477,-301.4583319486604,-27.868755938534335,0.024401705174062573,-6.73227313747342e-05,-8.361348591279238e-06,0.08333333333333333,0.0,600.0,48.75258272714168,15.341272101828256,0,1,0
S4_p001_t001_s1662193313,2026-10-04T14:00:45Z,S4,1,5,0,0,7ac9ef45ac841869716910412f012f2a0760572848731b9a9b730d998aebe79d,12000,16,1,180000,0.8008908446235294,1,0.4956700978823306,0.528638013864102,0,1,172800,0.0,-0.009406917158651993,-301.45833326203075,-27.976892290035984,0.013205012656800675,0.00013361032467706417,1.6594135104242014e-05,0.08333333333333333,0.0,600.0,34.60903067419157,15.57936086788089,0,1,0
S4_p001_t002_s196226190,2026-10-04T14:01:00Z,S4,1,5,0,0,9a18e564ab779c13a1b6edfe8be078ccb04d3cca2ebd79eb28769f21cbae6406,12000,16,1,180000,0.8003795446528226,1,0.4958238709019321,0.5280675375406659,0,1,172800,0.0,-0.010545821221389008,-301.45833456257486,-28.026179306893777,0.01669001361427255,6.251891829489771e-05,7.764724614389706e-06,0.08333333333333333,0.0,600.0,24.44303418227235,15.447545277757499,0,1,0
S4_p002_t000_s139150452,2026-10-04T14:01:15Z,S4,2,10,0,0,bc708434f5b5a6de658b806bf0f1cf7ce97fa0a78e5b68deb2b875d20b57a39e,12000,16,1,180000,0.8135135193994548,1,0.6821869175757849,0.7797841592258578,0,1,172800,0.0,0.07900969352556275,-301.4583345302993,-28.71704628962034,0.10235065394379814,1.0800690790785376e-05,1.3414241948339622e-06,0.08333333333333333,0.0,600.0,78.16108582302749,14.734972486788287,0,1,0
S4_p002_t001_s1124369827,2026-10-04T14:01:30Z,S4,2,10,0,0,58f45ff2ac2443362b04f77ee9c563c0af1752146b78aac74fbd4a7e58949cc9,12000,16,1,180000,0.801908774359342,1,0.6829778671713544,0.7812619387918875,0,1,172800,0.0,-0.05657468767157708,-301.4583195703423,-14.852659176496793,40.37296300915101,0.007139380385068185,0.0008866967650646984,4.333333333333333,0.0,600.0,65.45493040000173,29.25766736693907,0,1,0
S4_p002_t002_s820497043,2026-10-04T14:01:45Z,S4,2,10,0,0,27968af93a4d22e7ac4db8355a894e057a272c48b5d6f83c73fa04e4e877db38,12000,16,1,180000,0.997907324583634,1,0.7837778181986814,0.7812619387918875,0,1,172800,0.0,0.07769646255495542,-292.41666872029055,-28.562219152075436,0.0991980190002017,-5.5576330274455826e-05,-6.902469067426864e-06,0.08333333333333333,0.0,600.0,105.50636741030685,15.088840714626011,0,1,0
S4_p003_t000_s11459573,2026-10-04T14:02:00Z,S4,3,20,0,0,54db70224fed86a296137b9b66181408fe7665fb63d1c716c1234d6c66409796,12000,16,1,180000,0.9982875355974299,1,0.8114317312885828,0.8138162646274643,0,1,172800,0.0,-0.11793513429702972,-292.41666698464724,-29.703964376394577,0.1113559403878501,-4.3468296687301616e-05,-5.398675511969486e-06,0.08333333333333333,0.0,600.0,104.16836369465321,10.011557059442687,0,1,0
S4_p003_t001_s1313953807,2026-10-04T14:02:15Z,S4,3,20,0,0,a93df18796023bcb141e61ce99e28f965b56958a186ae36eb1377827fbe4a3b8,12000,16,1,180000,0.9983279713943835,1,0.8114529582670735,0.8138162646274643,0,1,172800,0.0,-0.11863443322242609,-292.4166684513257,-29.67708142372949,0.10202857260584001,-2.9058673537310827e-05,-3.6090291359869298e-06,0.08333333333333333,0.0,600.0,121.95516118107557,9.663253339677066,0,1,0
S4_p003_t002_s205499031,2026-10-04T14:02:30Z,S4,3,20,0,0,3c9f46cfa5ce88c1ed025a5d7d2503c91dd4c66d9afcb05bc06fdafd144d154b,12000,16,1,180000,0.9982758278130778,1,0.8100548411962265,0.8123339203276186,0,1,172800,0.0,-0.11847497065718292,-292.41666742797554,-29.784090397265246,0.10032292999908149,-0.00010252356612301665,-1.2733221865346422e-05,0.08333333333333333,0.0,600.0,87.28809817722592,10.318926158797076,0,1,0
S4_p004_t000_s984663940,2026-10-04T14:02:45Z,S4,4,30,0,0,2051b4758aa483d9637b929ef09092d9d3422b821e5e718acaca6638b6429f1e,12000,16,1,180000,0.9984361564886084,1,0.866545884048378,0.8676097313431396,0,1,172800,0.0,-0.06300046265713734,-292.4166663737548,-28.086076533784894,0.044457961538019765,-0.00021811039962824113,-2.708887541302829e-05,0.08333333333333333,0.0,600.0,29.942227645079775,18.97666340976955,0,1,0
S4_p004_t001_s484615558,2026-10-04T14:03:00Z,S4,4,30,0,0,c0a79a4c0bfa84a681580921919167de2bd7f16189f3a01322e6d1af88667e5d,12000,16,1,180000,0.9984359354722595,1,0.867162922426481,0.8682260144608435,0,1,172800,0.0,-0.06319836219248244,-292.4166661478188,-28.082175354536002,0.05690484058195232,-0.00019286832975118386,-2.3953860818437533e-05,0.08333333333333333,0.0,600.0,24.67359759573932,18.947670409088573,0,1,0
S4_p004_t002_s330630277,2026-10-04T14:03:15Z,S4,4,30,0,0,f6561502be1028d7a3f482de56b0b02951b6c747679f0b11bf69759222c11e93,12000,16,1,180000,0.9983728229903941,1,0.8672143061720591,0.8682260144608435,0,1,172800,0.0,-0.0632484624137867,-292.41666701827734,-28.069914161633367,0.05461417692071294,-0.00012207510988980553,-1.5161484498094069e-05,0.08333333333333333,0.0,600.0,35.88336248881799,18.77057648243522,0,1,0
S5_p000_t000_s1561858501,2026-10-04T14:03:45Z,S5,0,1,0,0,a1a4bfedd921cb6ed3b7de8a7be7d1de6b8376281c17f0dc95ba73c11098daf5,12000,16,1,180000,0.9552024093202719,1,0.012758910548947563,0.011612053422064868,0,1,172800,0.0,-1.045330327643552,-313.0833319582125,-10.75385017104827,0.07184918993239016,-0.00028702752212594716,-3.564824419299839e-05,0.08333333333333333,0.0,600.0,9.140310594543745,4.748499965644779,0,0,0
S5_p000_t001_s960283802,2026-10-04T14:04:00Z,S5,0,1,0,0,46a146dc45dfc9ad66b8eb8d57f17f8d78f2cddb2422dc31036538754a600879,12000,16,1,180000,0.9551414541566204,1,0.011411203808338058,0.01140580408767393,0,1,172800,0.0,-1.043758366819207,-313.08333506868075,-10.777161275241836,0.12191481133910467,-0.0003367546747602074,-4.1824257095868234e-05,0.08333333333333333,0.0,600.0,8.936706976195634,4.9117215353750705,0,0,0
S5_p000_t002_s892021093,2026-10-04T14:04:15Z,S5,0,1,0,0,49813771ece36f5ed859a2dc389082a790a5519e7172a104e1e5f356dd7c5e24,12000,16,1,180000,0.9555650471141082,1,0.01112100297427665,0.010657549785587497,0,1,172800,0.0,-1.0498659808987278,-313.0833347501406,-10.769962837104803,0.09522661583208733,-0.000571377231241029,-7.096390936567332e-05,0.08333333333333333,0.0,600.0,6.996177283036967,4.591647241633041,0,0,0
S5_p000_t003_s1972790602,2026-10-04T14:04:30Z,S5,0,1,0,0,b826e9c247c3898a1787e737235d26593fe122691688beb9166883cc01da319c,12000,16,1,180000,0.9547933332840951,1,0.012395254955469039,0.01270485432429288,0,1,172800,0.0,-1.0577862243681444,-313.08333401799246,-10.722788229355677,0.10218224018032965,0.00043982983779834094,5.462598619487835e-05,0.08333333333333333,0.0,600.0,9.979822015911926,4.683243691418791,0,0,0
S5_p000_t004_s522357441,2026-10-04T14:04:45Z,S5,0,1,0,0,7e1f5b888e8baaa0e18dc207500fe69937dc2266cea4d604b58b0933724c419d,12000,16,1,180000,0.9543164850971271,1,0.012237480099440578,0.012704854324292879,0,1,172800,0.0,-1.0619196840712428,-313.0833343576208,-10.698241675160922,0.07389520315699843,0.0002170292405293043,2.6954597615258535e-05,0.08333333333333333,0.0,600.0,10.80073181886729,4.646299597933532,0,0,0
S5_p000_t005_s434100809,2026-10-04T14:05:00Z,S5,0,1,0,0,8d43cb0ac3e9c578c2fcc9daa581ade55f7bfd4833dbfa65e39659cc5a55d379,12000,16,1,180000,0.5381316747305459,1,0.01233637025593117,0.011252553894009865,0,1,172800,0.0,-6.03198702307938,-313.08343052984435,3.8322163061147125,60.843471357516954,919.2818219862094,114.17296372704322,2.6666666666666665,0.0,600.0,8.395929460469334,8.842411417703035,0,0,0
S5_p000_t006_s1987541040,2026-10-04T14:05:15Z,S5,0,1,0,0,8e131ccee5f810154e4dc39e13f6955075d51e18e013c13a407b62d3d0ddb048,12000,16,1,180000,0.8837334118846266,1,0.01163407473555165,0.011252553894009865,0,1,172800,0.0,-1.122734294740159,-303.5689745719865,-9.970822257317282,0.12155388875534315,0.0019144349841195784,0.00023776899615768343,0.08333333333333333,0.0,600.0,5.06088640444112,3.9457874041860337,0,0,0
S5_p000_t007_s1550731733,2026-10-04T14:05:30Z,S5,0,1,0,0,0d0652b1836ced29ff02668e7a493801c87bddbaad94aba79412e197fb5d1160,12000,16,1,180000,0.8842562519916863,1,0.011572173368294933,0.01264019616052306,0,1,172800,0.0,-1.1074145899475765,-303.5689482735318,-10.027545835711765,0.09219068292429614,-0.0038055990475078377,-0.0004726477905023785,0.08333333333333333,0.0,600.0,5.186998406696966,4.201521532984808,0,0,0
S5_p000_t008_s978267978,2026-10-04T14:05:45Z,S5,0,1,0,0,a88f51a3294ebde7a5807e93eee1d4790d6fa591652614df1c6ba2e12e242b1e,12000,16,1,180000,0.8843923633409686,1,0.012646073798251426,0.012640196160523061,0,1,172800,0.0,-1.1184359727077366,-303.56894654164716,-9.99951830161251,0.09405887704027184,-0.0015169122771110694,-0.0001883974709926406,0.08333333333333333,0.0,600.0,6.830327460343085,3.828639118251642,0,0,0
S5_p000_t009_s1361001477,2026-10-04T14:06:00Z,S5,0,1,0,0,154bc953ed38b912956ab671b31ae909a9efa6239f4bd45d502243f7fbd0ef24,12000,16,1,180000,0.8838457967327249,1,0.011870431873241482,0.011420613674509299,0,1,172800,0.0,-1.1172843956697367,-303.5689509763166,-9.979400975229186,0.0722277152484236,0.001569684319850156,0.00019495165315674967,0.08333333333333333,0.0,600.0,11.18679004200197,4.223113798953409,0,0,0
S5_p000_t010_s1672796167,2026-10-04T14:06:15Z,S5,0,1,0,0,0244174223b414acbe85ba8eec2474f62d2eabaf74a10d0b921def0f60109f04,12000,16,1,180000,0.8835405366932986,1,0.01196106976405424,0.0114206136745093,0,1,172800,0.0,-1.1260147542491725,-303.56897125991117,-9.963379077635357,0.08506976107579511,0.0018598484446016225,0.0002309894571226323,0.08333333333333333,0.0,600.0,9.255669667110142,4.416503654768506,0,0,0
S5_p000_t011_s363339928,2026-10-04T14:06:30Z,S5,0,1,0,0,b6924e05780e5612e2a8a0875ca1f3c11121772513e561a730b2845c90cb5d30,12000,16,1,180000,0.8834687917282255,1,0.011613597570432286,0.011843584048481388,0,1,172800,0.0,-1.122976066004799,-303.56894610797883,-9.959284454637222,0.09639553268203804,0.0010411803633375788,0.00012931251876580063,0.08333333333333333,0.0,600.0,10.991352063944964,4.250213733685841,0,0,0
S5_p000_t012_s920581965,2026-10-04T14:06:45Z,S5,0,1,0,0,299db9fa2b4019538a56a4ed0b1d45e55de3bac07ad727c8a5066ecf87e0824c,12000,16,1,180000,0.8838924708903578,1,0.01163800932561788,0.011843584048481388,0,1,172800,0.0,-1.1189256350404828,-303.5689637238817,-9.991602623168493,0.12370123425973129,-0.0017213913394848396,-0.0002137933615813381,0.08333333333333333,0.0,600.0,5.669088755882291,3.92915242220704,0,0,0
S5_p000_t013_s1985403058,2026-10-04T14:07:00Z,S5,0,1,0,0,fbdb505699e3bd56db4b982e746f165f209e7b7f4faa8c0dc2bf5df426c2773e,12000,16,1,180000,0.884203306605458,1,0.011410763625381237,0.011125160529121431,0,1,172800,0.0,-1.1086626057646183,-303.5689380965159,-10.020396258412676,0.07124613091996515,-0.007655006055365032,-0.0009507364420642261,0.08333333333333333,0.0,600.0,13.694077791501321,4.199125890139601,0,0,0
S5_p000_t014_s1613680917,2026-10-04T14:07:15Z,S5,0,1,0,0,491c40cb2b746b28e2d1f6e3c6be92e9bf0d44ff399aab471c25042b37208856,12000,16,1,180000,0.8839475394457595,1,0.012021784747362275,0.011461729475122348,0,1,172800,0.0,-1.1094222994486662,-303.5689389235934,-10.028319784389737,0.09371726582888407,-0.0032959652753216475,-0.000409352295264398,0.08333333333333333,0.0,600.0,7.711182238598025,4.182323924773211,0,0,0
S5_p000_t015_s1930000429,2026-10-04T14:07:30Z,S5,0,1,0,0,faf7d5bce831226737c73c955e9b786d3dc3d256921697775c786bf975656136,12000,16,1,180000,0.8842521747463519,1,0.0124159235034173,0.011797850443511636,0,1,172800,0.0,-1.1115634098240337,-303.56894649871356,-10.012172704580774,0.11226166079447575,-0.00490638691795364,-0.0006093634424360062,0.08333333333333333,0.0,600.0,5.399037463029059,4.237286939561491,0,0,0
S5_p000_t016_s216305983,2026-10-04T14:07:45Z,S5,0,1,0,0,78ed982baff5fcd5765e2b48d2afc7be1479943eefe02d1a86228c06723123ac,12000,16,1,180000,0.8838879600501187,1,0.011748900363009207,0.01194803245568392,0,1,172800,0.0,-1.1096362705778477,-303.5689664219177,-10.02558730615647,0.09183970819138673,-0.0017750973904727303,-0.00022046354570193216,0.08333333333333333,0.0,600.0,10.989209268640534,4.025507589012317,0,0,0
S5_p000_t017_s312112809,2026-10-04T14:08:00Z,S5,0,1,0,0,956a1e71bbd5b839d5be7b93962d82b33674394b9385e21d7dc19bc01c9565f2,12000,16,1,180000,0.8839102123717177,1,0.013162835055666499,0.013242238465470636,0,1,172800,0.0,-1.1178711831758466,-303.56895809311266,-9.985429011823681,0.08412494824382687,0.0055129622415013195,0.0006846988844699808,0.08333333333333333,0.0,600.0,7.589054839990036,4.224779052273149,0,0,0
S5_p000_t018_s1052303369,2026-10-04T14:08:15Z,S5,0,1,0,0,2241b6c36bce3c086684a62654b83a0fe37fcd07fc760940915c5d94044c0871,12000,16,1,180000,0.884295327610698,1,0.012050343383583302,0.013242238465470636,0,1,172800,0.0,-1.1033029707480937,-303.56894011529283,-10.039386073279575,0.09922594701967713,0.0030825856460921786,0.0003828509720733564,0.08333333333333333,0.0,600.0,10.114550891992698,4.607375273535764,0,0,0
S5_p000_t019_s217579570,2026-10-04T14:08:30Z,S5,0,1,0,0,642c021e2ceb234f6f4e92e5bed8467068644b8670f1639e1f9a582d0e03e265,12000,16,1,180000,0.9544710296373502,1,0.01198347745208678,0.011825340334323904,0,1,172800,0.0,-1.0497522818418603,-292.99999956105665,-10.759670888176839,0.07662825256750899,2.7478664671656144e-05,3.41279519489035e-06,0.08333333333333333,0.0,600.0,6.481212860259924,4.644262784780489,0,0,0
S5_p000_t020_s99964177,2026-10-04T14:09:00Z,S5,0,1,0,0,d0b936682c61ef45b2e4dc5c9bf51605fda25690361838a6ba98908da4dff92a,12000,16,1,180000,0.9549797750650716,1,0.011952449294128415,0.011430700011323071,0,1,172800,0.0,-1.0566862082696487,-314.3333324823458,-10.735984844972641,0.11614957116093477,0.00012435123026173113,1.544417409604648e-05,0.08333333333333333,0.0,600.0,11.33791586623569,4.939863097053371,0,0,0
S5_p000_t021_s490683040,2026-10-04T14:09:15Z,S5,0,1,0,0,3573d254777abb8de4ca56917ffe129a396efe226e14501489e14a5b2771b8bb,12000,16,1,180000,0.9548343553788167,1,0.011952811643050383,0.01184653938728869,0,1,172800,0.0,-1.050438780345229,-314.3333344499618,-10.756911325906769,0.07237514212841022,-0.0004021577445916461,-4.994718756279326e-05,0.08333333333333333,0.0,600.0,8.268683063732574,4.814339433397738,0,0,0
S5_p000_t022_s1940961689,2026-10-04T14:09:30Z,S5,0,1,0,0,f178d369e0a26acefd0f6d9c00df1280e8fdee5e9b3116a74a57d8efb145f422,12000,16,1,180000,0.9549466458847522,1,0.01280420226793031,0.01222168085676451,0,1,172800,0.0,-1.0560115928694809,-314.3333352175887,-10.716308922385998,0.1150395776761011,-0.0002884822940442298,-3.582892395570525e-05,0.08333333333333333,0.0,600.0,5.656961995208212,4.845388713703604,0,0,0
S5_p000_t023_s1454648504,2026-10-04T14:09:45Z,S5,0,1,0,0,a0d58dcfc24f85bf7ae1437a692f09adfdeed2325425109fb62d48cc6682dc3e,12000,16,1,180000,0.9549792617774603,1,0.012166303940014162,0.012221680856764509,0,1,172800,0.0,-1.0584857744799288,-314.333331921492,-10.732971013270642,0.09694739808649247,-7.795370567082329e-05,-9.681694336904911e-06,0.08333333333333333,0.0,600.0,6.758008654642396,4.843498796574201,0,0,0
S5_p000_t024_s558398644,2026-10-04T14:10:00Z,S5,0,1,0,0,0ffac1880be082256f821eddec981d1ea70afe3d5bfdd7ff89593b0631d5301e,12000,16,1,180000,0.9548545510185346,1,0.011835305071711065,0.011320390480114302,0,1,172800,0.0,-1.060750819374336,-314.333330921448,-10.698152725643704,0.14262514200824172,-0.000955754485493669,-0.00011870279558934271,0.08333333333333333,0.0,600.0,4.656125967621161,4.750589704360352,0,0,0
S5_p000_t025_s1286326493,2026-10-04T14:10:15Z,S5,0,1,0,0,5a8ee576208b27870daf4faf012be30d944dc0012bd0798f1570aded68417acc,12000,16,1,180000,0.9552212558356858,1,0.011827957193184344,0.011438325274920134,0,1,172800,0.0,-1.0513250366079963,-314.3333316292459,-10.757339887987351,0.09331086439465801,0.0005144796372582084,6.389734198819497e-05,0.08333333333333333,0.0,600.0,5.995410888994547,4.8157502328932145,0,0,0
S5_p000_t026_s905618129,2026-10-04T14:10:30Z,S5,0,1,0,0,d62c277118966b5b4f19d3d5b37ce8f60e3b1cd54578d772a0e7e651052f3b4b,12000,16,1,180000,0.9549242090481493,1,0.013512932928591907,0.013039589560558134,0,1,172800,0.0,-1.0558176829619552,-314.3333334440825,-10.723635382861012,0.10290409533451193,-0.0006320679625177218,-7.850157680877601e-05,0.08333333333333333,0.0,600.0,6.763283613584583,4.801235244129347,0,0,0
S5_p000_t027_s649442228,2026-10-04T14:10:45Z,S5,0,1,0,0,f2ca85e4f44dbe8b104ed1b7c6b4308854ceb4dad12ed2278ef2b7d40260c6df,12000,16,1,180000,0.954973376192463,1,0.01220132761035008,0.01321816363286422,0,1,172800,0.0,-1.0513424952485961,-314.3333344333635,-10.720985892478312,0.0701096096494147,-0.0005919384438893111,-7.351757085416466e-05,0.08333333333333333,0.0,600.0,9.665136647506289,4.628945936694641,0,0,0
S5_p000_t028_s1033628820,2026-10-04T14:11:00Z,S5,0,1,0,0,fec2a33ae0dc8fa1409328f15e3f3c76501d7b92d0617bb5ca76853c10844b15,12000,16,1,180000,0.9556479719928257,1,0.012608695148363661,0.01321816363286422,0,1,172800,0.0,-1.0375155118403918,-314.33333373435926,-10.788513544645042,0.08476996116651377,-0.0002337090268382229,-2.9026193715253612e-05,0.08333333333333333,0.0,600.0,12.63466519648341,4.547106910336037,0,0,0
S5_p000_t029_s815515411,2026-10-04T14:11:15Z,S5,0,1,0,0,1cf1a0a03264e0a0aeb93513bcf638692afa7f74903f1ee1e779865233a1c4a5,12000,16,1,180000,0.9547454300376254,1,0.011503154702689401,0.010522630375740043,0,1,172800,0.0,-1.0614528043289482,-314.33333305801654,-10.71223276991061,0.08638435620838715,-0.00016723535392817464,-2.0770296487171436e-05,0.08333333333333333,0.0,600.0,8.037689025953972,5.272202991731952,0,0,0
S5_p000_t030_s1593614182,2026-10-04T14:11:30Z,S5,0,1,0,0,450145fd09da9f8e44fef87b66290a028af76bef7498ecf56088052fb20fb078,12000,16,1,180000,0.9547234450089694,1,0.011716731391571224,0.011381903972451344,0,1,172800,0.0,-1.057924597459555,-314.3333335904372,-10.718072415357657,0.07824036385103375,0.00014083701720158287,1.749167586240219e-05,0.08333333333333333,0.0,600.0,8.620272250193398,4.5496301699277755,0,0,0
S5_p000_t031_s1722507941,2026-10-04T14:11:45Z,S5,0,1,0,0,40fb8238b56478c0cf93f6393483fd387cd7ebdd36fe434c8c7d3f4cf7df8944,12000,16,1,180000,0.7096990570446611,1,0.011858199162402992,0.011381903972451344,0,1,172800,0.0,-3.630093037385713,-303.74998579431485,-0.16602226171472967,60.745225772665265,1022.5649959127187,127.00052736236785,4.083333333333333,0.0,600.0,12.117622912001075,12.471225697232896,0,0,0
S5_p000_t032_s1695726775,2026-10-04T14:12:00Z,S5,0,1,0,0,db902dbef127af07d53580688fff2038c8ede126f1ef0d8b758b055c5365a42a,12000,16,1,180000,0.9542849045962798,1,0.011515479580160585,0.011266541992162515,0,1,172800,0.0,-1.0619930063363048,-303.7499987512638,-10.707113417674961,0.08426649883983275,0.0005885792201774519,7.310036198759917e-05,0.08333333333333333,0.0,600.0,8.993802704274065,4.257904367445987,0,0,0
S5_p000_t033_s51254525,2026-10-04T14:12:15Z,S5,0,1,0,0,f36c7c948eea8bf900ef49aedffc80c6df8d7ae7b5f85251d635c84883507617,12000,16,1,180000,0.9546446593523816,1,0.011290334688910716,0.011266541992162515,0,1,172800,0.0,-1.0539124529613897,-303.7499979851412,-10.715273827904285,0.133506195594246,-0.0007010380225603087,-8.706752032594522e-05,0.08333333333333333,0.0,600.0,12.823108568088458,4.985458052835334,0,0,0
S5_p000_t034_s1745018624,2026-10-04T14:12:30Z,S5,0,1,0,0,473b50909da748baa43553d72406b160e9ccbac2b538a3fb99c40cba239de339,12000,16,1,180000,0.9547317749875868,1,0.011288079355184492,0.01173937934108169,0,1,172800,0.0,-1.056211510779535,-303.7500008070704,-10.747560030524166,0.10377656175820835,8.778640610227474e-05,1.0902896065090317e-05,0.08333333333333333,0.0,600.0,13.621467183780325,5.2720179967910195,0,0,0
S5_p000_t035_s977203227,2026-10-04T14:12:45Z,S5,0,1,0,0,812ec0b1f3da1a90b96c244151dc9d4549e2a7b6bf627f51a426cd751e2cc30b,12000,16,1,180000,0.9548349841737702,1,0.011484381291743475,0.011906754434669618,0,1,172800,0.0,-1.0510986244843799,-303.75000129060027,-10.750598277966708,0.13411040088132495,0.00034031853441381836,4.2266881337127415e-05,0.08333333333333333,0.0,600.0,8.15399853625509,4.828253992766322,0,0,0
S5_p000_t036_s2083372684,2026-10-04T14:13:00Z,S5,0,1,0,0,0aafc0e204d02ba001ca5dc1ff012d5f150ee7f25f7496a824e6e2441f79e11f,12000,16,1,180000,0.9541053218198088,1,0.011674387973093994,0.011941561547457529,0,1,172800,0.0,-1.0650103333904803,-303.75000106596724,-10.678991886427596,0.09556718576294367,-0.0002914099621612736,-3.6192534480505856e-05,0.08333333333333333,0.0,600.0,5.004568442726738,4.302057713127658,0,0,0
S5_p000_t037_s1544718727,2026-10-04T14:13:15Z,S5,0,1,0,0,7d6576a68e59a9db076e068ba4b71eedfa498b401d754124fb827f87a648918b,12000,16,1,180000,0.9541338845502942,1,0.011324876936006544,0.011941561547457529,0,1,172800,0.0,-1.0655676875995637,-303.74999745318564,-10.684261665088748,0.0777943367862078,-0.00017556067442883497,-2.1804284642712446e-05,0.08333333333333333,0.0,600.0,13.283330823188422,4.244312785906716,0,0,0
S5_p000_t038_s894361021,2026-10-04T14:13:30Z,S5,0,1,0,0,6490ba1498fcef6a3fe398903bfcc60c3a48febbd1478a7717ff90e27bed860e,12000,16,1,180000,0.9546233326626371,1,0.011743058686140766,0.01152536370534649,0,1,172800,0.0,-1.0593092541229128,-303.7500015442717,-10.729371882060937,0.08784221375368494,-0.00022247986341103894,-2.7631554075924214e-05,0.08333333333333333,0.0,600.0,5.667194095908003,4.660102505779855,0,0,0
S5_p000_t039_s819664372,2026-10-04T14:13:45Z,S5,0,1,0,0,c098d787393457ba50fea36c8c8f1b4dd11f2c4dae4d1b8f10d7c40dcf39d3f3,12000,16,1,180000,0.9547054484406502,1,0.011821389791046624,0.011299748597758093,0,1,172800,0.0,-1.0486466081865047,-303.7500000595828,-10.760253258669984,0.08051316133629,5.7584398030308294e-05,7.151867066568229e-06,0.08333333333333333,0.0,600.0,4.91399604586801,4.553439087036339,0,0,0
S5_p000_t040_s857399851,2026-10-04T14:14:15Z,S5,0,1,0,0,d941c82f93fe7d4c058bc89ba0535cffbc2e73edc956b190cb93b8316ecb4f35,12000,16,1,180000,0.8850884841402242,1,0.011401922093424452,0.011434955377139051,0,1,172800,0.0,-1.0952406706993811,-311.1522660792416,-10.069928164860034,0.08506672750483088,-0.0015341397096081076,-0.00019053708365390776,0.08333333333333333,0.0,600.0,8.031639327087756,4.600407965577303,0,0,0
S5_p000_t041_s1795049623,2026-10-04T14:14:30Z,S5,0,1,0,0,5457b05fa37f5fc6bcd8b5a94358220a7cc58bcd6a4bca9f70f4b8adb2c8637f,12000,16,1,180000,0.8838894604428219,1,0.011965453373912851,0.011434955377139051,0,1,172800,0.0,-1.1191488791621682,-311.15227892413895,-9.96604747521042,0.09258707524382472,-0.0007132680856464109,-8.858646970111295e-05,0.08333333333333333,0.0,600.0,6.2233241947963345,4.240771553830097,0,0,0
S5_p000_t042_s190457367,2026-10-04T14:14:45Z,S5,0,1,0,0,cadd479d766d54512d6955148594bb5b952556592f795a6e0417ad5bc41378e0,12000,16,1,180000,0.884198219409101,1,0.011249544488747192,0.01107464873018137,0,1,172800,0.0,-1.1117300893543116,-311.15230622123636,-10.029649154846222,0.11050495935059157,0.001280258783327755,0.0001590055803717405,0.08333333333333333,0.0,600.0,7.07177202424038,3.8874413998701227,0,0,0
S5_p000_t043_s1463994837,2026-10-04T14:15:00Z,S5,0,1,0,0,6aba910b54e215146aa940c1fc15f182fcd2ae210b38a4f2240eae202d777094,12000,16,1,180000,0.8486849337284511,1,0.011573405476410134,0.011512522855102006,0,1,172800,0.0,-1.4677592169625213,-311.1522641375456,-7.12083991303044,3.24018584556716,0.008871837688903542,0.0011018644972864422,5.0,0.0,600.0,16.98982845266909,3.8415930403582883,0,0,0
S5_p000_t044_s1305633241,2026-10-04T14:15:15Z,S5,0,1,0,0,fbe101f08d36af082ef9355f66036d94e9870ff4e6a029769141cc6c7d4677f8,12000,16,1,180000,0.8839584599454228,1,0.012664856109531305,0.011678784634285913,0,1,172800,0.0,-1.1124565540873683,-300.59770817425544,-10.014701606129854,0.07613549685290358,-0.0033055744319761167,-0.0004105457333025697,0.08333333333333333,0.0,600.0,5.771094734099549,3.8731896991613852,0,0,0
S5_p000_t045_s641567673,2026-10-04T14:15:30Z,S5,0,1,0,0,2aa90bc7c6dbc9712e5e9202f75574e0eed0828014a63ddfd86c39295f6f8f4e,12000,16,1,180000,0.883844211906982,1,0.011895094582461003,0.011678784634285915,0,1,172800,0.0,-1.1107625642394643,-300.5977367263895,-10.003323529479902,0.10651452741527873,-0.002476168106305846,-0.00030753512646697345,0.08333333333333333,0.0,600.0,6.1906513975961435,4.308586627423024,0,0,0
S5_p000_t046_s342352341,2026-10-04T14:15:45Z,S5,0,1,0,0,d157fc016c1d81e8220e065abc9c78f461e05df01bfd4c2fbc61ba391466878f,12000,16,1,180000,0.882924415420182,1,0.012253529723491833,0.011684347577656472,0,1,172800,0.0,-1.1318652217641052,-300.59770564924656,-9.925763347832758,0.13308959506617246,0.0005718312499592255,7.102029758243589e-05,0.08333333333333333,0.0,600.0,5.052546739256322,3.862550813142725,0,0,0
S5_p000_t047_s1976295519,2026-10-04T14:16:00Z,S5,0,1,0,0,04af4b4121b5e34fc09658d47b1d28d760e798017ae79c900be31b7bee7392ce,12000,16,1,180000,0.883643134086787,1,0.011268387365590537,0.012438424080307056,0,1,172800,0.0,-1.1157459545631276,-300.597718824222,-9.997636249806103,0.09794168064023563,0.007282502409031334,0.0009044722341968736,0.08333333333333333,0.0,600.0,17.23505321845798,4.004813654217381,0,0,0
S5_p000_t048_s26274461,2026-10-04T14:16:15Z,S5,0,1,0,0,b13001d22e52dde1a6c71583def0ee08ab33080724a82b34ade4a0dae366985b,12000,16,1,180000,0.8834079875630292,1,0.013381665228652513,0.012438424080307056,0,1,172800,0.0,-1.1295138993279612,-300.59770028796873,-9.94061023065356,0.09796307878159768,0.002739423382779493,0.00034023090529444744,0.08333333333333333,0.0,600.0,7.035564437443554,4.0111925630383904,0,0,0
S5_p000_t049_s1345419483,2026-10-04T14:16:30Z,S5,0,1,0,0,75d85adecf951e6367cbe0a59d3b94b189bf6185d5fb3440e207db376cfb3df6,12000,16,1,180000,0.8843052910224648,1,0.01194871685890212,0.013085355031554318,0,1,172800,0.0,-1.106757733168479,-300.59774263610234,-10.033979449075083,0.1010031762951271,-0.0017666445848816244,-0.000219413724153128,0.08333333333333333,0.0,600.0,7.092571971564853,3.913983573898066,0,0,0
S5_p000_t050_s99021969,2026-10-04T14:16:45Z,S5,0,1,0,0,f5414e32f434204611ee1cf4c39b851e191c91693124e003e588a9da750f8422,12000,16,1,180000,0.8839804798971029,1,0.012749920749482809,0.013085355031554316,0,1,172800,0.0,-1.114282224787213,-300.597716487239,-10.008872834355119,0.15826784720037035,0.00016523343378180172,2.052166200883221e-05,0.08333333333333333,0.0,600.0,7.618499202071148,3.8466384294577303,0,0,0
S5_p000_t051_s1479934108,2026-10-04T14:17:00Z,S5,0,1,0,0,66f9b030208da7ddc111d83c43ee9d7cffa15164dd4cd21133716e44b3de6131,12000,16,1,180000,0.883611179539942,1,0.0119920122405784,0.011074855641030328,0,1,172800,0.0,-1.1206246514987508,-300.59771001620476,-9.976254272454844,0.08144247597087116,-0.00464412060108262,-0.0005767904904132592,0.08333333333333333,0.0,600.0,10.621066411061802,4.036923163033428,0,0,0
S5_p000_t052_s394618325,2026-10-04T14:17:15Z,S5,0,1,0,0,85ab79e04ff514a70edc0106fa00010f7b1f60c026811a468e48cab51c404ae7,12000,16,1,180000,0.883274723192086,1,0.013635771033622283,0.01454022921144404,0,1,172800,0.0,-1.1289188433034938,-300.59769387589705,-9.940319671039017,0.10436140953821932,0.008315460207384889,0.0010327635268367885,0.08333333333333333,0.0,600.0,13.565276479531141,4.391369733937969,0,0,0
S5_p000_t053_s628411764,2026-10-04T14:17:30Z,S5,0,1,0,0,a26b90e9b521dbfebf0b1cb64b330e9fa445f92a4ed9422c597fac6e3f911283,12000,16,1,180000,0.884108752497989,1,0.013235480192574697,0.014540229211444043,0,1,172800,0.0,-1.114395670019857,-300.59771910712817,-10.012621528772263,0.0722327168735004,-0.0014715357902685005,-0.00018276180207976722,0.08333333333333333,0.0,600.0,11.70581369339264,3.9980363723951164,0,0,0
S5_p000_t054_s100976213,2026-10-04T14:17:45Z,S5,0,1,0,0,a48069f94dfc15b752dc0ac667564bbc0df832e90fd21a9627fd65f94209b16a,12000,16,1,180000,0.8838693504079825,1,0.01137023249409275,0.012025786238237553,0,1,172800,0.0,-1.1167736314205277,-300.5977160294593,-9.977429998608399,0.1138321120976604,0.002617885450932779,0.0003251361372349493,0.08333333333333333,0.0,600.0,4.945387467997736,4.753386721905441,0,0,0
S5_p000_t055_s419571874,2026-10-04T14:18:00Z,S5,0,1,0,0,b980a96537dafda2679125d9d4af5083c8247cae6ea23edd882a9cfb2c907713,12000,16,1,180000,0.8828432031554506,1,0.011991702910408212,0.010819566177967187,0,1,172800,0.0,-1.1272992360039273,-300.5976692115698,-9.95270037215095,0.0751199153342461,0.0032522802635004126,0.0004039267041662242,0.08333333333333333,0.0,600.0,5.112263975935804,4.042045669780274,0,0,0
S5_p000_t056_s1428634269,2026-10-04T14:18:15Z,S5,0,1,0,0,767a8c215531dc8e7f52610a1615883ed05ca60d01c15242bd8a5166e7ea5439,12000,16,1,180000,0.8839163894727843,1,0.01176132960744998,0.011368428910441425,0,1,172800,0.0,-1.1120385787826064,-300.59770651574456,-10.014631914168639,0.12010630681160406,-0.004401829910511294,-0.0005466984712256817,0.08333333333333333,0.0,600.0,7.494799250103843,4.3596847483692756,0,0,0
S5_p000_t057_s329242616,2026-10-04T14:18:30Z,S5,0,1,0,0,9cd31a7826ac9eb645814d7e2d392dbbd6a69459b7b88f8b3ec1cd60f1ea10c1,12000,16,1,180000,0.5704179116935545,1,0.012076453502046697,0.01152206920284912,0,1,172800,0.0,-5.523395736063902,-289.9998760790125,3.0825149323044228,59.02461652794027,1023.9493479406714,127.1724611155355,3.0833333333333335,0.0,600.0,8.20840443663816,8.336623291412463,0,0,0
S5_p000_t058_s2110013045,2026-10-04T14:18:45Z,S5,0,1,0,0,e9e5ab58b24ee3310d875920506305aa391e67a7924e2f5309b055faff2b3e96,12000,16,1,180000,0.9537577642081073,1,0.011173302212574128,0.01152206920284912,0,1,172800,0.0,-1.063871173225909,-289.9999990144066,-10.697011942523815,0.08996815692431684,-0.00020769815427502757,-2.5795695364649873e-05,0.08333333333333333,0.0,600.0,8.795186847733634,4.934236880119325,0,0,0
S5_p000_t059_s156085977,2026-10-04T14:19:00Z,S5,0,1,0,0,aeeed6debe10c8e0abaa728086839c59f33c25942f2231828ae97759ce16028d,12000,16,1,180000,0.9541806392115967,1,0.011581632508007148,0.011479244942781833,0,1,172800,0.0,-1.0492253442731339,-289.9999993561457,-10.759984295126142,0.0882402496239979,-0.00015234762324356935,-1.8921270111604827e-05,0.08333333333333333,0.0,600.0,4.896479208371792,4.823203119039601,0,0,0
S5_p001_t000_s1885087324,2026-10-04T14:19:30Z,S5,1,1,0,0,434959a022bbad8f843dd8bb85387ac77d02e3928c1a2a1c3c119cde0273d6ad,12000,16,1,180000,0.8837467113080535,1,0.011962231363756026,0.011612135066804708,0,1,172800,0.0,-1.1187107111446641,-303.2643674273562,-10.001417773617973,0.08052482101650855,0.0018089474171047322,0.00022466765130957356,0.08333333333333333,0.0,600.0,5.154114585961406,3.6900769031669127,0,0,0
S5_p001_t001_s1655700015,2026-10-04T14:19:45Z,S5,1,1,0,0,e02d3de2bebcb9bd13c6b4861ca822abedea356854951d3b06e6b24bff6285a8,12000,16,1,180000,0.8845489660782162,1,0.013922958740929118,0.011758077236549454,0,1,172800,0.0,-1.1051306265543883,-303.264397915024,-10.040481274972484,0.08390535919398473,0.002100886194509782,0.0002609258635857259,0.08333333333333333,0.0,600.0,8.262336188528584,4.358040763028171,0,0,0
S5_p001_t002_s1021903553,2026-10-04T14:20:00Z,S5,1,1,0,0,2ef95b785fa9d0afa36b4463c6408c959fe52dd8c07f1eaeaa35d03754fdd9c0,12000,16,1,180000,0.8832352935179141,1,0.012610480574314051,0.011758077236549456,0,1,172800,0.0,-1.1278389029522167,-303.2643529721445,-9.953089225684117,0.08855453003828666,-0.004770571802017378,-0.0005924954766669543,0.08333333333333333,0.0,600.0,10.96919638181894,3.9922982624833674,0,0,0
S5_p001_t003_s1644975509,2026-10-04T14:20:15Z,S5,1,1,0,0,5cf824e9c59fbaaecb6a037595a42bea297f9f8fd4b22bf2f5338f1c929231b4,12000,16,1,180000,0.8846246716986365,1,0.011951929087166456,0.011663593173974689,0,1,172800,0.0,-1.0993780698008833,-303.26439896870096,-10.055689340727865,0.08044488049027139,0.001875978552606125,0.00023299278427657555,0.08333333333333333,0.0,600.0,5.162617927314775,3.717412340788826,0,0,0
S5_p001_t004_s1168327485,2026-10-04T14:20:30Z,S5,1,1,0,0,05db868457e9adf752cbee3026526a6495c27c4beb3805d6b59dbe070f0859cc,12000,16,1,180000,0.8843224036674991,1,0.012053199002788331,0.01066601118346451,0,1,172800,0.0,-1.1018269921831774,-303.264393737536,-10.043167978399419,0.11279825109416292,0.00697364926220591,0.0008661132910674496,0.08333333333333333,0.0,600.0,7.32242338517889,4.340343081217917,0,0,0
S5_p001_t005_s821699653,2026-10-04T14:20:45Z,S5,1,1,0,0,c5724b92452ded9a537018531ff476deba598d7bbefd646173e4ae8e3afbeeb7,12000,16,1,180000,0.8837394574996525,1,0.010814079945282145,0.012058580066831297,0,1,172800,0.0,-1.119989056875105,-303.26437865213666,-9.990114922502338,0.10273364152998313,-0.0020472097648206937,-0.0002542593583712005,0.08333333333333333,0.0,600.0,4.896718800924054,4.217474944507131,0,0,0
S5_p001_t006_s1390326187,2026-10-04T14:21:00Z,S5,1,1,0,0,d8f8f8fd5d952f2e9efb2c9b01ba9c48990397de1a27489c89680ff4f3e867c0,12000,16,1,180000,0.8848307928762522,1,0.013265210742661349,0.012058580066831297,0,1,172800,0.0,-1.1018202291204846,-303.2643833425603,-10.060010286596466,0.07494600961925514,-0.0034344133549128993,-0.00042654726985347224,0.08333333333333333,0.0,600.0,5.073055429076854,4.473541683667364,0,0,0
S5_p001_t007_s62755090,2026-10-04T14:21:15Z,S5,1,1,0,0,9e225bad6e8ac2dee75b0cc348b3022a6ac56ad64e6aae47ac7e97f7efce0401,12000,16,1,180000,0.8837297562604509,1,0.012110726522680812,0.011815804920647007,0,1,172800,0.0,-1.121049782647031,-303.2643740527607,-9.986704852118406,0.09957687735862307,0.00422294153763422,0.0005244808930910949,0.08333333333333333,0.0,600.0,7.148020301628294,4.18124509913498,0,0,0
S5_p001_t008_s1060521833,2026-10-04T14:21:30Z,S5,1,1,0,0,d8b907e2afc3bc56926e5acc07a0390d32040a24815d24c42ee6656b1c1b3e2c,12000,16,1,180000,0.8844361357823712,1,0.012420358479000285,0.01181528906755367,0,1,172800,0.0,-1.1085075011316043,-303.26438861121886,-10.021955490653795,0.08348115043424136,-0.0032200736404395616,-0.00039992670599531266,0.08333333333333333,0.0,600.0,13.554511896703895,3.9266427279301657,0,0,0
S5_p001_t009_s589950212,2026-10-04T14:21:45Z,S5,1,1,0,0,397d1109bbc79e4cbc84848c12d22c08b37f1092350cd48b896a0870812bb873,12000,16,1,180000,0.7992218569816195,1,0.012659166176793907,0.012572497355329351,0,1,172800,0.0,-1.9926551631045764,-303.26436859002087,-4.6091131682623505,74.52008672352609,0.011224900083809506,0.0013941101406089729,3.5,0.0,600.0,15.27514677466708,16.48603590008381,0,0,0
S5_p001_t010_s1305069655,2026-10-04T14:22:00Z,S5,1,1,0,0,ba6ef806d78602e890e9ed5e287e26093326716a272b0b2aa2464ada01ab64aa,12000,16,1,180000,0.6904975696777093,1,0.011613557414742163,0.01257249735532935,0,1,172800,0.0,-1.0558907916653473,-292.70834230348794,-10.722762443285509,0.07418056535913527,0.00024405293450035495,3.0310886359075084e-05,0.08333333333333333,0.0,600.0,8.458318709682048,5.742331787478509,0,0,0
S5_p001_t011_s28593644,2026-10-04T14:22:15Z,S5,1,1,0,0,b66e28f08f21858f479beecf60f7e2641da0bc27f8fd8ce95b876b76bfb552bf,12000,16,1,180000,0.689520595107295,1,0.011033128168303215,0.011370134432934819,0,1,172800,0.0,-1.049588411605763,-292.7083407527941,-10.785503855809832,0.08312884214214056,0.0002608381308922433,3.239557418055483e-05,0.08333333333333333,0.0,600.0,8.041797493228234,4.9929918897706855,0,0,0
S5_p001_t012_s1865301797,2026-10-04T14:22:30Z,S5,1,1,0,0,e1d374b6c46c783cd997baeefc44a7a2f6d0dc9026056b284e71831cdb1aa283,12000,16,1,180000,0.6895842704998334,1,0.01165520017330361,0.011697493707701075,0,1,172800,0.0,-1.0518361574191302,-292.7083360019727,-10.755591172142502,0.07190930702693997,0.0005292380594399078,6.573030850631767e-05,0.08333333333333333,0.0,600.0,4.949981006312161,4.798887325737252,0,0,0
S5_p001_t013_s2060094721,2026-10-04T14:22:45Z,S5,1,1,0,0,5ca3e928465e54e65d397451461931295c65b0ecaf4ad7a53a5363a27fc90321,12000,16,1,180000,0.689677514046733,1,0.012105760173018109,0.011697493707701073,0,1,172800,0.0,-1.0564545684220321,-292.7083316806966,-10.719319867054457,0.10182484508549,-0.0005704768609244991,-7.085208517310093e-05,0.08333333333333333,0.0,600.0,18.368259744663238,4.7369098164121946,0,0,0
S5_p001_t014_s1948411728,2026-10-04T14:23:00Z,S5,1,1,0,0,bb74fb9d8cf92c2f21d41e858f774098debb4e483f0323fca2bc7771f77c2586,12000,16,1,180000,0.6914416484376962,1,0.011863331987179952,0.010943740424339411,0,1,172800,0.0,-1.0500552441770714,-292.7083303576358,-10.790049412512326,0.09850739765257513,-0.00040337194689370865,-5.0097989060304826e-05,0.08333333333333333,0.0,600.0,5.545594723069895,4.9944808432883905,0,0,0
S5_p001_t015_s391197292,2026-10-04T14:23:15Z,S5,1,1,0,0,d5267cf80e73c72ba4b33313b73e0de0b376573c2f41f7ccdd79834defdf6c50,12000,16,1,180000,0.6903680107971608,1,0.011922154971512057,0.010943740424339411,0,1,172800,0.0,-1.057083467539624,-292.70834030182596,-10.701804760868372,0.10943393214821151,-0.0014302223057639247,-0.00017763074993126793,0.08333333333333333,0.0,600.0,8.636952550808271,4.624936284876439,0,0,0
S5_p001_t016_s1222798800,2026-10-04T14:23:30Z,S5,1,1,0,0,42285d509c964ba3e3cf5aef44eafaef064ec7d85c090ab20b237b9866a59d00,12000,16,1,180000,0.6918618142970645,1,0.011791914773757465,0.01155165604757784,0,1,172800,0.0,-1.0362474983521388,-292.70833764981825,-10.820335257350177,0.13705506673752807,-0.0007960283248698779,-9.88651258921891e-05,0.08333333333333333,0.0,600.0,7.092451923007745,4.880758649368502,0,0,0
S5_p001_t017_s1741812164,2026-10-04T14:23:45Z,S5,1,1,0,0,7947a88ddd09c03499825a48c18abe1b6e7ec504d2a8e562e4e41c8a5c580943,12000,16,1,180000,0.6902471508164345,1,0.012270557055983386,0.011551656047577838,0,1,172800,0.0,-1.0497970558357645,-292.70832273502066,-10.775161622817393,0.10777786544270984,-0.00014722212798479696,-1.8284693851455813e-05,0.08333333333333333,0.0,600.0,4.384866154550071,4.626646362527156,0,0,0
S5_p001_t018_s761716013,2026-10-04T14:24:00Z,S5,1,1,0,0,bb61c1b0f1b089d4a244317686c296ac96b27d660f07587048d908ba22d84270,12000,16,1,180000,0.6911304038407129,1,0.011400756212219143,0.011175487216593947,0,1,172800,0.0,-1.0529733948230753,-292.70834314040866,-10.767922329277235,0.08964011056151105,0.0015114243584877275,0.00018771588247545878,0.08333333333333333,0.0,600.0,8.629327158537901,5.421505209505899,0,0,0
S5_p001_t019_s1418527271,2026-10-04T14:24:15Z,S5,1,1,0,0,b9047ab2b725fe066614f73670afc78b2a831bf5d5c5fbf9fdcde7e3a538b1cf,12000,16,1,180000,0.6920079561806267,1,0.01089121583989666,0.011217996666343173,0,1,172800,0.0,-1.0333364967871999,-292.7083319881767,-10.846481380243508,0.06697732951954516,0.002443018742388324,0.00030341804176714504,0.08333333333333333,0.0,600.0,5.800072987498155,4.999062902699175,0,0,0
S5_p001_t020_s783127692,2026-10-04T14:24:45Z,S5,1,1,0,0,3bf7e65bd6e813a7683f91d14f2f42411ea32eea9d7482c09ca8a6617fbb7969,12000,16,1,180000,0.6906351635430678,1,0.011698899818380917,0.01130698512478443,0,1,172800,0.0,-1.048958807063627,-303.37500520224603,-10.799434062108709,0.09994520348935894,0.00021331712059990707,2.649355974426726e-05,0.08333333333333333,0.0,600.0,4.789213480548119,5.236030273002546,0,0,0
S5_p001_t021_s1964437265,2026-10-04T14:25:00Z,S5,1,1,0,0,476949840a5887eadd55489530341267d27f78c787c329428454609ab90282d9,12000,16,1,180000,0.6912011827039466,1,0.011670467537930964,0.01130698512478443,0,1,172800,0.0,-1.049108724091403,-303.37499504057087,-10.781765700665996,0.0879623135576582,0.0015263448263827895,0.00018956897474708967,0.08333333333333333,0.0,600.0,10.194991326275487,4.959622113944166,0,0,0
S5_p001_t022_s957459067,2026-10-04T14:25:15Z,S5,1,1,0,0,1d9d8025d09cf63b90e6c64be916b2291fd75713f141d6b188f1850891b93445,12000,16,1,180000,0.4562226185319966,1,0.011403517977053631,0.011415151531325126,0,1,172800,0.0,-4.649302345592698,-292.04179351674185,1.6943648257279764,63.68290174755146,1095.023417864614,135.99971845194932,7.75,0.0,600.0,9.589836338495694,10.291613319994006,0,0,0
S5_p001_t023_s8860321,2026-10-04T14:25:30Z,S5,1,1,0,0,c3d56d8aff2ad7844645e5f2a3241ceefd619ed6145a0279dbd6a4f88d298cf7,12000,16,1,180000,0.6892499712251483,1,0.011821355115483453,0.011415151531325125,0,1,172800,0.0,-1.0573620393673326,-292.04164856853095,-10.75171881477602,0.12015005325845193,0.0019292259201620157,0.000239606000832282,0.08333333333333333,0.0,600.0,8.196330218512516,4.722058113108331,0,0,0
S5_p001_t024_s1947352502,2026-10-04T14:25:45Z,S5,1,1,0,0,d72d1375bf45e1a873176e942860dad9cb68f799c121c25d41ffa342c6a11986,12000,16,1,180000,0.6888718296850777,1,0.011250802001638695,0.011692016999606968,0,1,172800,0.0,-1.0563386913977981,-292.0416710268406,-10.737770427932535,0.14296516000281748,0.0003034527520001754,3.768822489291779e-05,0.08333333333333333,0.0,600.0,4.644307966595119,4.794578859555463,0,0,0
S5_p001_t025_s530962326,2026-10-04T14:26:00Z,S5,1,1,0,0,09296d045792a596f6a542898c307ace6485bd6299672b3edf16226c875e0ed2,12000,16,1,180000,0.688792430975579,1,0.012687728095512857,0.011754246126400688,0,1,172800,0.0,-1.0529692636606138,-292.0416682284522,-10.767417448249173,0.08688890271916537,0.0020122592904615604,0.0002499185793567449,0.08333333333333333,0.0,600.0,6.744185331111068,4.519335628266856,0,0,0
S5_p001_t026_s1487894653,2026-10-04T14:26:15Z,S5,1,1,0,0,3d4ef8be0bc71fd8e027053e6ff57a0aa623cb4ceb2963f1ce5afdc3039e459d,12000,16,1,180000,0.6909372474739759,1,0.013429017668861143,0.011754246126400688,0,1,172800,0.0,-1.0461796008105708,-292.0416714732419,-10.791542308338514,0.0787723866193926,0.0004324733754255951,5.371232828110806e-05,0.08333333333333333,0.0,600.0,6.659048725503821,4.456970202148447,0,0,0
S5_p001_t027_s336917293,2026-10-04T14:26:30Z,S5,1,1,0,0,bb3157b8ef9045cf25547b4ecd3ae0cc5495cfa00e87f95a1e2871382839967b,12000,16,1,180000,0.691469363083361,1,0.011395602854542714,0.011497097383666202,0,1,172800,0.0,-1.0392171113448023,-292.04165744278,-10.822200707111875,0.08488280256358591,-0.002077871994142398,-0.00025806754592849757,0.08333333333333333,0.0,600.0,15.917382069656073,5.10251776784737,0,0,0
S5_p001_t028_s362942692,2026-10-04T14:26:45Z,S5,1,1,0,0,9ab759eb6c6dc12507cbca826d1e57b4203ec1824b140b99f58246fac6348fc3,12000,16,1,180000,0.6915200360434717,1,0.012882221836601395,0.013794725883134002,0,1,172800,0.0,-1.0601616470428734,-292.0416720169845,-10.72560052956127,0.08343256367695956,0.0012908572364401648,0.0001603218870513956,0.08333333333333333,0.0,600.0,8.551062180961251,4.374243907926899,0,0,0
S5_p001_t029_s125804357,2026-10-04T14:27:00Z,S5,1,1,0,0,a7d82130f376b4f2571cc1a6a8bafaa5f5f96993744bb03fc3c757d41b03b1c7,12000,16,1,180000,0.6894494454973041,1,0.012586366707573286,0.013794725883134002,0,1,172800,0.0,-1.0567111890893373,-292.04166840873523,-10.745600387694765,0.09142494337381674,6.651482784188264e-06,8.26100858830614e-07,0.08333333333333333,0.0,600.0,6.8634975069571444,5.073996694256321,0,0,0
S5_p001_t030_s1238284527,2026-10-04T14:27:15Z,S5,1,1,0,0,d542999c9811f36ca4bbc5c200582403b5b54ebb509549a03cff0651267de6ca,12000,16,1,180000,0.691630457618992,1,0.013071656882325979,0.012303348513055432,0,1,172800,0.0,-1.040764221544735,-292.0416680047929,-10.818477266701041,0.09113350159306992,0.0005919063840509534,7.35135890863603e-05,0.08333333333333333,0.0,600.0,6.656123266537188,5.732777305163247,0,0,0
S5_p001_t031_s185959128,2026-10-04T14:27:30Z,S5,1,1,0,0,bd8cafa9ad731864589f5add81b520f1b6e9c57b60a8820f83d0f7d93253e8cd,12000,16,1,180000,0.6917878691302531,1,0.011803956014880082,0.01166365529434014,0,1,172800,0.0,-1.0432797120285382,-292.0416719987,-10.792727713395397,0.10472268502592727,0.0035853923460003154,0.00044529855858854717,0.08333333333333333,0.0,600.0,8.596916891921742,4.966841690611225,0,0,0
S5_p001_t032_s1290207230,2026-10-04T14:27:45Z,S5,1,1,0,0,dd387513e2f39ba673819b6982a876135d48b08bb9c777a6a5d72b8a1bda3af7,12000,16,1,180000,0.6911418740819573,1,0.011440661574220364,0.01182170195224339,0,1,172800,0.0,-1.0459384978602206,-292.0416750139363,-10.781289260655196,0.09443156384391,0.001318204732581747,0.0001637183913771878,0.08333333333333333,0.0,600.0,9.31818071975792,5.215929530147627,0,0,0
S5_p001_t033_s1071658190,2026-10-04T14:28:00Z,S5,1,1,0,0,afe1b5b7faf58b55f2d596f29c6c1ddd3aedfa3a547b23383605b40b6dc86c1b,12000,16,1,180000,0.6900904257327056,1,0.011671407253120566,0.011821701952243394,0,1,172800,0.0,-1.061260367123284,-292.04166057378944,-10.737069597296252,0.08005045825896684,0.00017411407125191562,2.1624619421345415e-05,0.08333333333333333,0.0,600.0,8.600294538580034,4.897653346399577,0,0,0
S5_p001_t034_s264284341,2026-10-04T14:28:15Z,S5,1,1,0,0,05c4c0c7f6d5e19542144f2e22a91674457375da68231feca0019efc85fce3b1,12000,16,1,180000,0.6918303630657541,1,0.011644705878999193,0.011609161800808964,0,1,172800,0.0,-1.049770077544327,-292.04167341276843,-10.769015104501246,0.08502956908765416,-0.0001701412289709944,-2.1131200355739566e-05,0.08333333333333333,0.0,600.0,8.02615373556294,4.912278294043195,0,0,0
S5_p001_t035_s1262033904,2026-10-04T14:28:30Z,S5,1,1,0,0,d9b83e059e4c73ee4114ff1deb22a4df264ea9a3cbdb17737356db931abbf152,12000,16,1,180000,0.4068368907804327,1,0.012054443842949234,0.011250382661086605,0,1,172800,0.0,-5.652554538305954,-292.04186312959973,3.2812747948018304,52.07751900260021,920.5268416762194,114.32759268250311,3.9166666666666665,0.0,600.0,8.37385296781642,8.383664163714514,0,0,0
S5_p001_t036_s1103695776,2026-10-04T14:28:45Z,S5,1,1,0,0,6540f1b42b1b81b6ebce2bb8621efe635edc34fd0e6afc23d81866f747a62238,12000,16,1,180000,0.8828227305111839,1,0.012573568520315114,0.012791163267020645,0,1,172800,0.0,-1.126969832183685,-282.5143590453803,-9.96026220433801,0.13617147648312258,0.00044287300335041883,5.500394127011532e-05,0.08333333333333333,0.0,600.0,4.642619057027975,4.239511602732927,0,0,0
S5_p001_t037_s1633845900,2026-10-04T14:29:00Z,S5,1,1,0,0,3e67a78ac980b77f938618cd20224315644e8e67584062f759b99cbd9f71e477,12000,16,1,180000,0.882994793737058,1,0.012153112929785997,0.012791163267020641,0,1,172800,0.0,-1.12556767806664,-282.51436839806837,-9.956805421725882,0.07294261793241699,-0.003505484806279185,-0.0004353742019702622,0.08333333333333333,0.0,600.0,4.463720927660566,3.8150274193929117,0,0,0
S5_p001_t038_s1316886713,2026-10-04T14:29:15Z,S5,1,1,0,0,28f531494cbfab1bd8c7959939fb2890b75cbc1c4d0b003181f25d53b7fc6dee,12000,16,1,180000,0.8834439328927188,1,0.011832622125677109,0.01057359964982943,0,1,172800,0.0,-1.1062864585025527,-282.51439459181586,-10.01566537252147,0.08318674894224594,-0.001488777194938126,-0.00018490315005692537,0.08333333333333333,0.0,600.0,9.013012308470426,4.132842801005959,0,0,0
S5_p001_t039_s1570360091,2026-10-04T14:29:30Z,S5,1,1,0,0,23f10c8ea0124e6c294396b8ff1925b5f29b6554f39ae090b8f6e293fa5b2cc9,12000,16,1,180000,0.8842013051317084,1,0.01202529462546954,0.011196171779032286,0,1,172800,0.0,-1.1044036387088105,-282.5143931743053,-10.057703004710932,0.07234881300971498,0.010050252229770917,0.0012482212264330883,0.08333333333333333,0.0,600.0,8.204587845799493,4.325489886514978,0,0,0
S5_p001_t040_s255641872,2026-10-04T14:30:00Z,S5,1,1,0,0,0670bebe59eae00d9776ba33fa190d92fb6cef8bb88ff84bb0172b5807b4684a,12000,16,1,180000,0.8838498705131087,1,0.012078809117073928,0.011607060582618213,0,1,172800,0.0,-1.1090312911005815,-305.1810423564293,-10.017388956806816,0.07259221341375936,0.002457223685658913,0.0003051822673114657,0.08333333333333333,0.0,600.0,9.642240211751222,4.504742745122758,0,0,0
S5_p001_t041_s1560381157,2026-10-04T14:30:15Z,S5,1,1,0,0,9293f78ed1fbaf5bc8dc59f069ad3c2213a0ad2b3e77c99bc6380f9be3ec5100,12000,16,1,180000,0.8842107430145946,1,0.014468921306039346,0.01253363199207295,0,1,172800,0.0,-1.1058031209795296,-305.18107051478364,-10.015143979306702,0.07395707611361556,0.0004798261960565602,5.959345389783266e-05,0.08333333333333333,0.0,600.0,7.415133570796162,4.300512231906044,0,0,0
S5_p001_t042_s520177207,2026-10-04T14:30:30Z,S5,1,1,0,0,830d09d6271d570d5d66fdddfb671164963742b026b62adb7b123bf8b4bc41df,12000,16,1,180000,0.883904400220534,1,0.011841596455238409,0.012533631992072952,0,1,172800,0.0,-1.122587598858992,-305.18104796736526,-9.980748478716823,0.10421518933519114,-0.0035706435644712424,-0.00044346678942019935,0.08333333333333333,0.0,600.0,6.337053767748207,4.665770420207893,0,0,0
S5_p001_t043_s1065234686,2026-10-04T14:30:45Z,S5,1,1,0,0,7016f60b71a28cc24608002fdfdb777005f0282ad788928d12aa9e5574ed2010,12000,16,1,180000,0.8839100014468962,1,0.011435732855621474,0.011682577969342321,0,1,172800,0.0,-1.1175779619581925,-305.1810344242707,-9.994708067936733,0.08742908747556592,0.0036424742767307517,0.0004523880202214059,0.08333333333333333,0.0,600.0,11.457211056437375,4.08549580868015,0,0,0
S5_p001_t044_s1775278461,2026-10-04T14:31:00Z,S5,1,1,0,0,6eb466c616a28bdd118fc98ec1b662723fbabc57e553734fa8680c0565b629d6,12000,16,1,180000,0.8839533623702305,1,0.012273067336086692,0.011823933187721984,0,1,172800,0.0,-1.1216371644988596,-305.18103015955484,-9.991007815944643,0.0878917135885647,-0.0008506667071529447,-0.00010565110369498143,0.08333333333333333,0.0,600.0,8.780437502627061,4.214077589386845,0,0,0
S5_p001_t045_s1025061940,2026-10-04T14:31:15Z,S5,1,1,0,0,24cb691a1defc6b07f193a051f9ebfbb1f6812f2abe5b46016f78f793cc5b846,12000,16,1,180000,0.8839757924075966,1,0.010941544535183196,0.01213097723177856,0,1,172800,0.0,-1.106349115152153,-305.1810628530111,-10.001102744086767,0.06625564577409723,0.0007871318954761874,9.776020715435152e-05,0.08333333333333333,0.0,600.0,9.805436488357175,4.4664769500034085,0,0,0
S5_p001_t046_s1355283976,2026-10-04T14:31:30Z,S5,1,1,0,0,1088d300c7518e893d56ef39ad84625983f26697e01dfec5eeccb0e0260e0982,12000,16,1,180000,0.883816391064652,1,0.012422963518688978,0.01213097723177856,0,1,172800,0.0,-1.117170586968159,-305.1810412127634,-9.970670217082207,0.07859293189442575,-0.0010737611667457504,-0.0001333589893874887,0.08333333333333333,0.0,600.0,5.731221575644116,4.531771285043512,0,0,0
S5_p001_t047_s8670849,2026-10-04T14:31:45Z,S5,1,1,0,0,fe3d7133e79e1c0113d46291609f229dca6ddd54f737be45c45165c2a8168e7c,12000,16,1,180000,0.7438156807556964,1,0.011207645355106596,0.01188729198616384,0,1,172800,0.0,-2.6168367434124913,-305.18103490707716,-2.562486009008283,39.56733576295922,971.5717234832916,120.66726491317786,3.9166666666666665,0.0,600.0,14.444734390968412,14.245162760575932,0,0,0
S5_p001_t048_s683044550,2026-10-04T14:32:00Z,S5,1,1,0,0,3d9e2010aebf4e43976c446a0e8deae1b0fbfc2372e5f954573efab7e4d37d43,12000,16,1,180000,0.6907218119353847,1,0.011744645903493785,0.011887291986163843,0,1,172800,0.0,-1.0351938332889168,-295.1249979678784,-10.829338020148398,0.06752411197188653,-0.00039049860732503393,-4.849914603255456e-05,0.08333333333333333,0.0,600.0,14.481344974184514,4.67093985213524,0,0,0
S5_p001_t049_s1419673414,2026-10-04T14:32:15Z,S5,1,1,0,0,fb42f2ab537cbb6ec664c3b25abf0b3092dc1949b5d8ec99fd198bd45be34390,12000,16,1,180000,0.689788359642227,1,0.011770951778437792,0.012476187310916514,0,1,172800,0.0,-1.0478223203686219,-295.12500337689926,-10.79065318442707,0.11812400041705431,-0.001366610573908522,-0.0001697303000582906,0.08333333333333333,0.0,600.0,10.196852369082913,4.794946886455504,0,0,0
S5_p001_t050_s1860529943,2026-10-04T14:32:30Z,S5,1,1,0,0,90ca2e6ec6e980e4dafa0161197ed3f22e48c3bdd1e928bcb1ea6a9c47e0d83e,12000,16,1,180000,0.6905064548476431,1,0.011927448291449731,0.012476187310916514,0,1,172800,0.0,-1.038766609668811,-295.12500627571046,-10.818594793083093,0.10366401680193169,0.002126781745388542,0.0002641420392137661,0.08333333333333333,0.0,600.0,6.920206549174918,4.749749344942953,0,0,0
S5_p001_t051_s978485698,2026-10-04T14:32:45Z,S5,1,1,0,0,6161f89f03c03b2e5363c7be8bbf13d80eeb0878a5dd81a3327403dc6ebe9dee,12000,16,1,180000,0.6919152689112525,1,0.011144835564107565,0.011215183543938707,0,1,172800,0.0,-1.046193609542214,-295.1250103588209,-10.804543095711194,0.06922175874993504,-0.0007936439677595222,-9.856899350779713e-05,0.08333333333333333,0.0,600.0,8.35157815806573,4.893353523584971,0,0,0
S5_p001_t052_s800179956,2026-10-04T14:33:00Z,S5,1,1,0,0,2197696b2f5f0d08358ffe6990202f07d8da724b0240faa32baf986f543a7c61,12000,16,1,180000,0.6903436128517971,1,0.011258090618562321,0.0112288047081808,0,1,172800,0.0,-1.0523752667568034,-295.1249968262752,-10.744758641531524,0.10714711237672978,4.9182508852199564e-05,6.108369234425481e-06,0.08333333333333333,0.0,600.0,9.103828955393837,5.00531483522847,0,0,0
S5_p001_t053_s230175689,2026-10-04T14:33:15Z,S5,1,1,0,0,02f313210ab1124346d3a6f9aa99b047933c4a0283de6417cbef254d6411e6e9,12000,16,1,180000,0.6909345677172383,1,0.011763509143217991,0.011278256551537354,0,1,172800,0.0,-1.0471040720189915,-295.1249999482085,-10.756396442128256,0.08466937851577364,0.0024529878875292777,0.00030465618965536123,0.08333333333333333,0.0,600.0,11.100110945191355,4.981368896245318,0,0,0
S5_p001_t054_s1158910655,2026-10-04T14:33:30Z,S5,1,1,0,0,ad4e185de8735a4036c85cfa8c821e33010ef2f4fa682cbc902b6cc1a52eff32,12000,16,1,180000,0.6894071358881247,1,0.011434124560196029,0.011760632094508684,0,1,172800,0.0,-1.064664294045424,-295.12500167702035,-10.691391559850263,0.11603919808213674,-0.00047205279834191833,-5.8628013448469574e-05,0.08333333333333333,0.0,600.0,11.560814416077157,4.818115553739791,0,0,0
S5_p001_t055_s55591962,2026-10-04T14:33:45Z,S5,1,1,0,0,15adfcce59aefe0de033df5ae6200dcfcf839f0ed359dddde82ee02d66609472,12000,16,1,180000,0.6911389060022086,1,0.011238847731859692,0.011988525367485186,0,1,172800,0.0,-1.0511732054909535,-295.1250025450366,-10.753014786983336,0.12015139934445551,-2.6056604333534444e-05,-3.2361781450163107e-06,0.08333333333333333,0.0,600.0,13.878852231541732,5.006226242243895,0,0,0
S5_p001_t056_s1696699799,2026-10-04T14:34:00Z,S5,1,1,0,0,9de934adcd8d629d498c3cbe2bf0f926dd4553a7305723e74f254bc75664e24b,12000,16,1,180000,0.690674799330096,1,0.011346276480111458,0.012946098866177964,0,1,172800,0.0,-1.050114040318393,-295.12500553860747,-10.76546969251754,0.10378475289414196,0.00016636566307550948,2.066228262265213e-05,0.08333333333333333,0.0,600.0,11.966861724382579,4.814392659577274,0,0,0
S5_p001_t057_s639385521,2026-10-04T14:34:15Z,S5,1,1,0,0,4c0c800824c3e86ffc38ced22fdc0750550fbd33007f2a285db9c07bf529e630,12000,16,1,180000,0.6905201775979936,1,0.011830819715853556,0.012946098866177966,0,1,172800,0.0,-1.054026656321902,-295.1249957373402,-10.743287278957192,0.10196585992185858,0.0012986659453792383,0.00016129171308421064,0.08333333333333333,0.0,600.0,7.371779536270551,5.342456050773584,0,0,0
S5_p001_t058_s455409832,2026-10-04T14:34:30Z,S5,1,1,0,0,d1929ec1de7425e193fb7ab502907af5072fdf78fa22fd81c23a68c814bba158,12000,16,1,180000,0.6914000003963887,1,0.012846248400838528,0.011877803507190515,0,1,172800,0.0,-1.0575345407111363,-295.1249981107454,-10.742147476623433,0.1539209600861098,0.00040445501728040504,5.0232504236191744e-05,0.08333333333333333,0.0,600.0,11.138700740030055,4.5414495461443325,0,0,0
S5_p001_t059_s1555299053,2026-10-04T14:34:45Z,S5,1,1,0,0,fc9287daff86ff4ec4a045583bf608bf2e97cc047707c14c8e0f6539c9a71506,12000,16,1,180000,0.690123319780602,1,0.011247847706921296,0.01113855425576945,0,1,172800,0.0,-1.0474999882389806,-295.1249930216697,-10.792217443819336,0.08536785964614685,-0.0020212893269248807,-0.0002510400918254163,0.08333333333333333,0.0,600.0,5.495185659692657,4.812161512868498,0,0,0
S5_p002_t000_s1138448492,2026-10-04T14:35:15Z,S5,2,1,0,0,0f6ccd5d913e99f4c75833463e1bec393dafe0857b44e39ac0989a0c1e852e9a,12000,16,1,180000,0.9762916045390805,-1,0.9762916045390805,0.9999999999995622,1,-1,171615,nan,-0.27467219179855623,nan,-14.68175159029438,0.28349263501291755,nan,nan,5.833333333333334,0.0,600.0833333333333,6.253856836052756,103.34262267453241,0,1,0
S5_p002_t001_s1850764392,2026-10-04T14:35:30Z,S5,2,1,0,0,41fd83614535f24a716bb0daff2fe60064e7c419278c15f644e78f335c504d8d,12000,16,1,180000,0.9996063970058218,-1,0.9996063970058218,0.9999999999995622,1,-1,171599,nan,-0.12630310136841727,nan,-98.51287401056717,3.9577854077427436e-07,nan,nan,0.08333333333333333,0.0,600.0833333333333,13.81668649713684,1.5916731603466343,0,1,0
S5_p002_t002_s321598820,2026-10-04T14:35:45Z,S5,2,1,0,0,5e2e6849f1dce02b05b25dd36667e8e2d56852bf898035cf7d98abb61eca9e50,12000,16,1,180000,0.9996063968034683,-1,0.9996063968034683,0.9999999999995622,1,-1,171599,nan,-0.12630308354538772,nan,-98.51455375476144,4.3037881606882954e-07,nan,nan,0.08333333333333333,0.0,600.0833333333333,13.829269269211853,1.591676782144025,0,1,0
S5_p002_t003_s121880670,2026-10-04T14:36:00Z,S5,2,1,0,0,7411e848429461415d4460a8ad21569dc95f781f319e78d9e1729dc342d9be1e,12000,16,1,180000,0.9996063966444289,-1,0.9996063966444289,0.9999999999995622,1,-1,171599,nan,-0.1263031181720883,nan,-98.513215321302,4.1258361245483613e-07,nan,nan,0.08333333333333333,0.0,600.0833333333333,13.809171635456442,1.5916764622125912,0,1,0
S5_p002_t004_s476275882,2026-10-04T14:36:15Z,S5,2,1,0,0,277950709ad30d5c0c45d91f868d23fcb1b8bd0c76015f0a789938f27073350b,12000,16,1,180000,0.9996063972125904,-1,0.9996063972125904,0.9999999999995622,1,-1,171599,nan,-0.1263030919472428,nan,-98.51300064236861,3.8635971375065033e-07,nan,nan,0.08333333333333333,0.0,600.0833333333333,13.823511957854597,1.5916760204883265,0,1,0
S5_p002_t005_s1101140010,2026-10-04T14:36:30Z,S5,2,1,0,0,9a58a9451c9a78eba431eb10305dde81e057fbcaba33f8b2a4d42d2c54929c68,12000,16,1,180000,0.9996063965728873,-1,0.9996063965728873,0.9999999999995622,1,-1,171599,nan,-0.12630311078953893,nan,-98.51348963772429,4.052007911500314e-07,nan,nan,0.08333333333333333,0.0,600.0833333333333,13.813171416598557,1.591674660051071,0,1,0
S5_p002_t006_s993856876,2026-10-04T14:36:45Z,S5,2,1,0,0,4cb4dc573e8b49573a5a3f7c33951a1c1eacfe97dc3ddb0db07bdcf1117b0cb5,12000,16,1,180000,0.9996063965200614,-1,0.9996063965200614,0.9999999999995622,1,-1,171599,nan,-0.126303083967586,nan,-98.51578965225421,3.783771501970842e-07,nan,nan,0.08333333333333333,0.0,600.0833333333333,13.829961116832244,1.5916731653448333,0,1,0
S5_p002_t007_s494561765,2026-10-04T14:37:00Z,S5,2,1,0,0,1cf7757bbcd472fc5be00e7d2463a2aec9a2fc49b6be080f11750b3d02b5fc26,12000,16,1,180000,0.9996063962184253,-1,0.9996063962184253,0.9999999999995622,1,-1,171599,nan,-0.12630310629007674,nan,-98.51421987168386,4.076348498385056e-07,nan,nan,0.08333333333333333,0.0,600.0833333333333,13.817294278111861,1.591676789050277,0,1,0
S5_p002_t008_s569656867,2026-10-04T14:37:15Z,S5,2,1,0,0,aa7377cd60a9af36cb36f99d115a0881f442613f1dad565a36d9816ea3884261,12000,16,1,180000,0.9996063970053137,-1,0.9996063970053137,0.9999999999995622,1,-1,171599,nan,-0.1263031048485835,nan,-98.51253649203242,3.9925870779500994e-07,nan,nan,0.08333333333333333,0.0,600.0833333333333,13.814751672017323,1.5916731603489254,0,1,0
S5_p002_t009_s1938674575,2026-10-04T14:37:30Z,S5,2,1,0,0,385eb69f03afa62c78bcc11e17312c845d4377f4432076c8e65f25379dd157b8,12000,16,1,180000,0.9996063968034683,-1,0.9996063968034683,0.9999999999995622,1,-1,171599,nan,-0.12630308354538772,nan,-98.51455375476144,4.3037881606882954e-07,nan,nan,0.08333333333333333,0.0,600.0833333333333,13.829269269211853,1.591676782144025,0,1,0
S5_p002_t010_s1527196527,2026-10-04T14:37:45Z,S5,2,1,0,0,dfbb92802b2f73b08575c48f4ef40f745d917861738cd51b9c976a80726ae736,12000,16,1,180000,0.9996063967169985,-1,0.9996063967169985,0.9999999999995622,1,-1,171599,nan,-0.1263030860062297,nan,-98.5145979819822,3.804160238132506e-07,nan,nan,0.08333333333333333,0.0,600.0833333333333,13.830615213023947,1.5916746737261551,0,1,0
S5_p002_t011_s1240012615,2026-10-04T14:38:00Z,S5,2,1,0,0,489e3f7129054adbc40f8d49ab50c48d94b9d029f1a87b8025e3f3e8901a663f,12000,16,1,180000,0.9996063955063662,-1,0.9996063955063662,0.9999999999995622,1,-1,171599,nan,-0.12630308990856878,nan,-98.51591681226813,4.2401650232398504e-07,nan,nan,0.08333333333333333,0.0,600.0833333333333,13.82623264400949,1.5916774075083497,0,1,0
S5_p002_t012_s1128565587,2026-10-04T14:38:15Z,S5,2,1,0,0,e9c5a371ee36c95b8c0aac83743157a1e768b534eb857a684672003701d6beb8,12000,16,1,180000,0.9996063965728808,-1,0.9996063965728808,0.9999999999995622,1,-1,171599,nan,-0.1263031107896035,nan,-98.51307079922206,4.052034719802634e-07,nan,nan,0.08333333333333333,0.0,600.0833333333333,13.814007821451254,1.5916746600641474,0,1,0
S5_p002_t013_s1398407335,2026-10-04T14:38:30Z,S5,2,1,0,0,44e52a1010aca80bc07422b5e912c9a5a67d357f8e10eecdc7e6315bd1a9e79c,12000,16,1,180000,0.8616153507135853,1,0.8616153507135853,0.9999999999995622,1,1,135603,nan,-1.234340076812584,nan,-5.381944002690737,4.099484252862754,nan,nan,5.75,0.0,600.0,12.895086651661888,112.9118664329628,0,1,0
S5_p002_t014_s1843803682,2026-10-04T14:38:45Z,S5,2,1,0,0,5fb3c3fc988093deef47ac4de98c188ca7e3fd7cfd02e9e15c5d5f0134037509,12000,16,1,180000,0.9235163540673451,1,0.9235163540673451,0.9999999999995622,1,1,171600,nan,-0.12632179543616695,nan,-93.75243728130525,7.800535247189792e-07,nan,nan,0.0,0.0,600.0,2.7756616549057784,2.356052944544017,0,1,0
S5_p002_t015_s1476197660,2026-10-04T14:39:00Z,S5,2,1,0,0,a2297ab2e6f6ed876b7246a71751d3a735df0a7b6a8913c7b0c6e5c784749903,12000,16,1,180000,0.9235163538588118,1,0.9235163538588118,0.9999999999995622,1,1,171600,nan,-0.1263218136244215,nan,-93.75169760490775,7.618830092386718e-07,nan,nan,0.0,0.0,600.0,2.7761866275154348,2.3560524968122665,0,1,0
S5_p002_t016_s1921035023,2026-10-04T14:39:15Z,S5,2,1,0,0,22822180f787e52eb853769e270d30318e6f257ceb84aad597deb20f6f3e7290,12000,16,1,180000,0.9235163551048375,1,0.9235163551048375,0.9999999999995622,1,1,171600,nan,-0.12632183989817292,nan,-93.75163550922933,7.106922895377321e-07,nan,nan,0.0,0.0,600.0,2.7766590756046203,2.3560529247510327,0,1,0
S5_p002_t017_s1351552590,2026-10-04T14:39:30Z,S5,2,1,0,0,ab1b7b8fa33ed1207cc6b08e25803f91ed03b7905c58d850bab42c5096708a9e,12000,16,1,180000,0.923516355528756,1,0.923516355528756,0.9999999999995622,1,1,171600,nan,-0.1263218246019088,nan,-93.75177319151094,7.509851802345301e-07,nan,nan,0.0,0.0,600.0,2.776162162108155,2.356052338378509,0,1,0
S5_p002_t018_s1167112926,2026-10-04T14:39:45Z,S5,2,1,0,0,da873d72a5b4e3bfdb4b28b72a7a34ab632eb324abca14933dbe530274c80222,12000,16,1,180000,0.9235163539002356,1,0.9235163539002356,0.9999999999995622,1,1,171600,nan,-0.1263218039786352,nan,-93.75210725696039,6.209039839474922e-07,nan,nan,0.0,0.0,600.0,2.775673097589082,2.356052934276377,0,1,0
S5_p002_t019_s1353429191,2026-10-04T14:40:00Z,S5,2,1,0,0,6a4cc1375a4b539743b4f3e78554c6421de0c8f69137b4f45888995cae6a076b,12000,16,1,180000,0.9235163552772746,1,0.9235163552772746,0.9999999999995622,1,1,171600,nan,-0.12632182781717383,nan,-93.75176067249932,6.382077223894045e-07,nan,nan,0.0,0.0,600.0,2.7762162433479443,2.3560524421349824,0,1,0
S5_p002_t020_s1002632261,2026-10-04T14:40:30Z,S5,2,1,0,0,f93e27c221d76ac27c100f43b7447ccc34f0ad6d20f4593b64d49bf5cf4e4219,12000,16,1,180000,0.9235163552611766,1,0.9235163552611766,0.9999999999995622,1,1,171600,nan,-0.12632185565134788,nan,-93.75094529305849,7.264175511614035e-07,nan,nan,0.0,0.0,600.0,2.7766321824443816,2.356052831597223,0,1,0
S5_p002_t021_s1152143633,2026-10-04T14:40:45Z,S5,2,1,0,0,9c61c42cd96a0498618d00dbc2a797b3149d26247264d2272fbaaf27a3c68d87,12000,16,1,180000,0.9235163551631731,1,0.9235163551631731,0.9999999999995622,1,1,171600,nan,-0.12632182914891596,nan,-93.75208050053486,6.460753803091226e-07,nan,nan,0.0,0.0,600.0,2.7757302301068765,2.35605320319265,0,1,0
S5_p002_t022_s1274144205,2026-10-04T14:41:00Z,S5,2,1,0,0,35651c732f65cc955a76c9f4b9db95dae61f6f28b071095a8e9db3c7a41c3ee3,12000,16,1,180000,0.9235163548576433,1,0.9235163548576433,0.9999999999995622,1,1,171600,nan,-0.12632179410433286,nan,-93.75261283912018,7.813864336922953e-07,nan,nan,0.0,0.0,600.0,2.775976178501103,2.356052844050682,0,1,0
S5_p002_t023_s236274386,2026-10-04T14:41:15Z,S5,2,1,0,0,c990475dfa06b5a04296cb4e495154de4cf905a94dcf8377fdd7e6bfade1ddaf,12000,16,1,180000,0.9235163535961227,1,0.9235163535961227,0.9999999999995622,1,1,171600,nan,-0.12632180131499152,nan,-93.75199132812931,7.572355179908563e-07,nan,nan,0.0,0.0,600.0,2.776077743437671,2.3560532184694964,0,1,0
S5_p002_t024_s1250788590,2026-10-04T14:41:30Z,S5,2,1,0,0,22a95cfc89e7493db263d803da7e316ed4af69c8105a707250e497adeb80dfcf,12000,16,1,180000,0.9235163550961375,1,0.9235163550961375,0.9999999999995622,1,1,171600,nan,-0.12632179355267042,nan,-93.7524807064227,7.819453646925015e-07,nan,nan,0.0,0.0,600.0,2.775980443087056,2.3560523045887307,0,1,0
S5_p002_t025_s1053143358,2026-10-04T14:41:45Z,S5,2,1,0,0,f0157e815cfbc3a720044c54c2e6571b70c09df0b03449f5091d1d8bb099adef,12000,16,1,180000,0.9235163552772747,1,0.9235163552772747,0.9999999999995622,1,1,171600,nan,-0.12632182781721493,nan,-93.75166488232858,6.382077648198098e-07,nan,nan,0.0,0.0,600.0,2.776139298273321,2.3560524421355344,0,1,0
S5_p002_t026_s1195050127,2026-10-04T14:42:00Z,S5,2,1,0,0,414826e0cad688f3a1a39b7da18dd038688d9e868c9dea2c9bb65f96538b21d9,12000,16,1,180000,0.9232402002519097,1,0.9232402002519097,0.9999999999995622,1,1,171599,nan,-0.5014395181137485,nan,-10.479181331658447,1.637315075663658,nan,nan,3.0,0.0,600.0,8.172551570171876,106.63409163250651,0,1,0
S5_p002_t027_s1857563192,2026-10-04T14:42:15Z,S5,2,1,0,0,5bb6d5dd8489eba1a8a4efb7d6a1b983f6917ceae8a7926b5c861e5999e3149c,12000,16,1,180000,0.9235165779582541,1,0.9235165779582541,0.9999999999995622,1,1,171599,nan,-0.12632447297342864,nan,-93.71558634846254,6.937482279986308e-07,nan,nan,0.0,0.0,600.0,2.2665053332825202,4.82486155686265,0,1,0
S5_p002_t028_s926067461,2026-10-04T14:42:30Z,S5,2,1,0,0,b2fe9845efb4417145a09bb372dae653d75e89202beccdb0e255b3b1bc89ef01,12000,16,1,180000,0.9235165778324049,1,0.9235165778324049,0.9999999999995622,1,1,171599,nan,-0.12632445933210756,nan,-93.71577895285796,8.102512151159743e-07,nan,nan,0.0,0.0,600.0,2.2665183813598597,4.820331989709059,0,1,0
S5_p002_t029_s2039212308,2026-10-04T14:42:45Z,S5,2,1,0,0,08271438deea1ff7e4c0bfd3823195485676fc3f5e346331d12b630376af9fa4,12000,16,1,180000,0.9235165778763961,1,0.9235165778763961,0.9999999999995622,1,1,171599,nan,-0.12632451288828223,nan,-93.71509812607643,8.634830408251335e-07,nan,nan,0.0,0.0,600.0,2.265457113868967,4.818911494758099,0,1,0
S5_p003_t000_s1714205886,2026-10-04T14:43:00Z,S5,3,1,0,0,34652c0ed2beccff88ee818fa76a1078977da879391ed37242022e1c9fa8bc44,12000,16,1,180000,0.9161636634921949,1,0.9161636634921949,1.0000000000009506,1,1,171607,nan,0.02362844703231723,nan,-28.210726206424596,0.014873514693219897,nan,nan,0.0,0.0,600.0,141.31814342970327,73.44763746759544,0,1,0
S5_p003_t001_s1934708211,2026-10-04T14:43:15Z,S5,3,1,0,0,e22c7c710f85bda76a6b06e9b827877a679eef1a18158d30c1ad1a0b14bbe6fb,12000,16,1,180000,0.9161636683842933,1,0.9161636683842933,1.0000000000009506,1,1,171607,nan,0.02362825587127164,nan,-28.210731387353846,0.014876864723291272,nan,nan,0.0,0.0,600.0,141.3196188550701,73.46756215898439,0,1,0
S5_p003_t002_s1951162110,2026-10-04T14:43:30Z,S5,3,1,0,0,aebbd28740fe9efe26a67f9ad0dcf5fc6e4d158cdd1165aaa38cb3a0a5a79dfb,12000,16,1,180000,0.9161636639872817,1,0.9161636639872817,1.0000000000009506,1,1,171607,nan,0.02362836531884087,nan,-28.210723943679554,0.014882450451588494,nan,nan,0.0,0.0,600.0,141.31995498563654,73.46459659651147,0,1,0
S5_p003_t003_s1445156187,2026-10-04T14:43:45Z,S5,3,1,0,0,dfb5247c1d6e68c36ec56b400f52e494e8208a96fd3f50bed33e176f04f72211,12000,16,1,180000,0.9161636676552721,1,0.9161636676552721,1.0000000000009506,1,1,171607,nan,0.02362834077728027,nan,-28.210723753354664,0.014874520629260087,nan,nan,0.0,0.0,600.0,141.317866359144,73.47701967879547,0,1,0
S5_p003_t004_s332708724,2026-10-04T14:44:00Z,S5,3,1,0,0,2f1870923513909a374e3d47d077dfb3ed3b685b7e42260c3ee35ecbadd337ea,12000,16,1,180000,0.9161636687242919,1,0.9161636687242919,1.0000000000009506,1,1,171607,nan,0.023628439513818777,nan,-28.21072227459647,0.014872052318374629,nan,nan,0.0,0.0,600.0,141.31954643223926,73.46462074158451,0,1,0
S5_p003_t005_s1838982444,2026-10-04T14:44:15Z,S5,3,1,0,0,166bb6199d4a7c6a9344fd4978644734b1fa543ff04108c94d934a69b40db5b6,12000,16,1,180000,0.9161636607172573,1,0.9161636607172573,1.0000000000009506,1,1,171607,nan,0.02362827348402615,nan,-28.210728953456176,0.014878778223853,nan,nan,0.0,0.0,600.0,141.3200967122431,73.47768219694471,0,1,0
S5_p003_t006_s1432963864,2026-10-04T14:44:30Z,S5,3,1,0,0,f5eeb7f93d3d2c23326379d487d74bbecf29d92a550c18467ee579031de561be,12000,16,1,180000,0.9161636634354896,1,0.9161636634354896,1.0000000000009506,1,1,171607,nan,0.02362844096409907,nan,-28.210721920243213,0.014874820706293949,nan,nan,0.0,0.0,600.0,141.31859104190974,73.42576803770724,0,1,0
S5_p003_t007_s1060432322,2026-10-04T14:44:45Z,S5,3,1,0,0,c13f8205e091425e63ced6eae1ec6e6ededaf67b56bc686ed1137c05d72b35ab,12000,16,1,180000,0.9161636626577152,1,0.9161636626577152,1.0000000000009506,1,1,171607,nan,0.0236283890214364,nan,-28.210726982088058,0.014873832159761853,nan,nan,0.0,0.0,600.0,141.31865396275117,73.47769712980734,0,1,0
S5_p003_t008_s328444916,2026-10-04T14:45:00Z,S5,3,1,0,0,b4ba7ee40d41de8988655052ea43f7ec1c73172d1ea0ababc12cd5a09db55ef7,12000,16,1,180000,0.9161636722529435,1,0.9161636722529435,1.0000000000009506,1,1,171607,nan,0.023628285046865576,nan,-28.210729711532224,0.014876486902288457,nan,nan,0.0,0.0,600.0,141.3197571061433,73.4618772754553,0,1,0
S5_p003_t009_s2116983884,2026-10-04T14:45:15Z,S5,3,1,0,0,b2aa3c2cf00b16cf6b456dd8fdf7477b0e1e86e1889907b0b8824471974b4d30,12000,16,1,180000,0.9374884725259234,1,0.9374884725259234,1.0000000000009506,1,1,171637,nan,-0.12394530290068305,nan,-14.510243070701353,0.33087870493018745,nan,nan,3.1666666666666665,0.0,600.0,26.1374053346613,90.59173464220677,0,1,0
S5_p003_t010_s1100042289,2026-10-04T14:45:45Z,S5,3,1,0,0,3dbeaaa4a87ae210b9c05e6ac055dfe4083349d8be71725814463442209a431e,12000,16,1,180000,0.9988400555176972,1,0.9988400555176972,1.0000000000009506,1,1,171581,nan,0.02406329736775948,nan,-28.138792993728124,0.002771803389970851,nan,nan,0.08333333333333333,0.0,600.0,112.8516268247473,72.06164395466561,0,1,0
S5_p003_t011_s635744766,2026-10-04T14:46:00Z,S5,3,1,0,0,4546203246a733d7ad4740e2e2a3d5acb9016a463675f66cf104e30de0f99b0c,12000,16,1,180000,0.9988400542365442,1,0.9988400542365442,1.0000000000009506,1,1,171581,nan,0.02406319583312249,nan,-28.138787680721634,0.002776321174193943,nan,nan,0.08333333333333333,0.0,600.0,112.85159649397643,72.03736210928957,0,1,0
S5_p003_t012_s961338442,2026-10-04T14:46:15Z,S5,3,1,0,0,823f92b4d545851b83714382e21418b1edbb23ef19e9701260b57f8305db887f,12000,16,1,180000,0.9988400536742069,1,0.9988400536742069,1.0000000000009506,1,1,171581,nan,0.024063282133467336,nan,-28.138786125255496,0.0027770259860428015,nan,nan,0.08333333333333333,0.0,600.0,112.85151822090015,72.04970121368649,0,1,0
S5_p003_t013_s1294474057,2026-10-04T14:46:30Z,S5,3,1,0,0,0b4897adaa36e945f2c3a56a7fa771693122994e7bd1faf960edac806bea564e,12000,16,1,180000,0.9988400553098636,1,0.9988400553098636,1.0000000000009506,1,1,171581,nan,0.024063388936607318,nan,-28.138790002869037,0.00277450060279207,nan,nan,0.08333333333333333,0.0,600.0,112.85171964846724,72.02781873309101,0,1,0
S5_p003_t014_s1681705495,2026-10-04T14:46:45Z,S5,3,1,0,0,a199ba083834e09de92859861ad60604ae79fb5911147b363108545e23cdc678,12000,16,1,180000,0.9988400563232778,1,0.9988400563232778,1.0000000000009506,1,1,171581,nan,0.02406332415841116,nan,-28.13879121271993,0.002772340425014827,nan,nan,0.08333333333333333,0.0,600.0,112.85171398657408,72.02778656668302,0,1,0
S5_p003_t015_s710608608,2026-10-04T14:47:00Z,S5,3,1,0,0,33d6dc72e9fec3cce4ec697031b21ef91a42eaa6d25ac2a1d4d9cf73f3c77341,12000,16,1,180000,0.9988551231363726,1,0.9988551231363726,1.0000000000009506,1,1,171581,nan,0.02424611526417208,nan,-28.22558985945934,0.0022693616160179724,nan,nan,0.08333333333333333,0.0,600.0,106.52415735940153,72.05143560843239,0,1,0
S5_p003_t016_s384136078,2026-10-04T14:47:15Z,S5,3,1,0,0,32d13d522157937453567835062a81921d55255963cf1e1525d58f9b705888ec,12000,16,1,180000,0.9988400544271335,1,0.9988400544271335,1.0000000000009506,1,1,171581,nan,0.02406323413504772,nan,-28.13878733460674,0.0027751831182921995,nan,nan,0.08333333333333333,0.0,600.0,112.85134636786296,72.0244899692723,0,1,0
S5_p003_t017_s414741158,2026-10-04T14:47:30Z,S5,3,1,0,0,0509ff456b0d62d37e7c25b159efc2366509ab268a469879ed5af7a3d0099579,12000,16,1,180000,0.9988400533679852,1,0.9988400533679852,1.0000000000009506,1,1,171581,nan,0.024063320154993403,nan,-28.138789948417944,0.002772456442037774,nan,nan,0.08333333333333333,0.0,600.0,112.85170629437674,72.03733143051458,0,1,0
S5_p003_t018_s1550145401,2026-10-04T14:47:45Z,S5,3,1,0,0,35532dc9bdc85f1d07209c890216bc3cf872bd42ca5876aec543c7c3c5af0097,12000,16,1,180000,0.9988400526721435,1,0.9988400526721435,1.0000000000009506,1,1,171581,nan,0.024063250446189063,nan,-28.138783192366613,0.0027746125786449936,nan,nan,0.08333333333333333,0.0,600.0,112.85165949816471,72.05470359025112,0,1,0
S5_p003_t019_s247667753,2026-10-04T14:48:00Z,S5,3,1,0,0,b69c8e423b046135779221910fc2a88f9563725023f58e63552f179faef04ef7,12000,16,1,180000,0.9988400547441981,1,0.9988400547441981,1.0000000000009506,1,1,171581,nan,0.02406329666760205,nan,-28.138787578946086,0.0027761712696512276,nan,nan,0.08333333333333333,0.0,600.0,112.85154040319834,72.04051502470043,0,1,0
S5_p003_t020_s1583609065,2026-10-04T14:48:15Z,S5,3,1,0,0,b177220fa139ea21c629deb13ebf5abeaf9c6e06ba365951eb7dd4850ef77f39,12000,16,1,180000,0.998840057456119,1,0.998840057456119,1.0000000000009506,1,1,171581,nan,0.024063393990293877,nan,-28.138791731082616,0.002774934465059647,nan,nan,0.08333333333333333,0.0,600.0,112.8516924609391,72.06020127398294,0,1,0
S5_p003_t021_s796570551,2026-10-04T14:48:30Z,S5,3,1,0,0,4c0c782fb2c888a8783a59835e6b41fb4f3d7148e88808857387f79db06fcbef,12000,16,1,180000,0.9967615735023799,1,0.9967615735023799,1.0000000000009506,1,1,155771,nan,0.024053148771181677,nan,-28.112493501309114,0.0027599859604834466,nan,nan,0.08333333333333333,0.0,600.0,112.84480414415793,72.06938172305262,0,1,0
S5_p003_t022_s1559731172,2026-10-04T14:48:45Z,S5,3,1,0,0,6333aa35e3c62b5cc1385cc4fd07436450bc589df4dd3aa005ed4782bc8086c5,12000,16,1,180000,0.9778064549065942,1,0.9778064549065942,1.0000000000009506,1,1,171611,nan,0.023118386395001685,nan,-27.565743963437885,0.0027331973585614853,nan,nan,0.0,0.0,600.0,111.04915165715344,72.76276604182019,0,1,0
S5_p003_t023_s844389843,2026-10-04T14:49:00Z,S5,3,1,0,0,58437892fdf037a540c7757c940c2a2f85748c24ebbc0a99192883ef065b94c5,12000,16,1,180000,0.9778230571730945,1,0.9778230571730945,1.0000000000009506,1,1,171611,nan,0.023304207097137545,nan,-27.642530151763907,0.002423613448528588,nan,nan,0.0,0.0,600.0,94.37779016240769,72.77483931226458,0,1,0
S5_p003_t024_s1173993624,2026-10-04T14:49:15Z,S5,3,1,0,0,9992ca8e87f08a7a4bdf0912e49f155b5b2e3e0dcf735ea7947210940e6e9480,12000,16,1,180000,0.9778064590981891,1,0.9778064590981891,1.0000000000009506,1,1,171611,nan,0.023118408423911108,nan,-27.565747901882848,0.0027304649610830293,nan,nan,0.0,0.0,600.0,111.04835895781387,72.72519166149736,0,1,0
S5_p003_t025_s412349045,2026-10-04T14:49:30Z,S5,3,1,0,0,709d40a3500dce4714c010bd60828ad6ae91451a44ae4fc25e61ada59987d37a,12000,16,1,180000,0.9778064556044721,1,0.9778064556044721,1.0000000000009506,1,1,171611,nan,0.02311829350518694,nan,-27.56574071014576,0.002732656030309893,nan,nan,0.0,0.0,600.0,111.04965681934148,72.79458178509299,0,1,0
S5_p003_t026_s1487682954,2026-10-04T14:49:45Z,S5,3,1,0,0,2f99ab4b055138e810a980ad979d81a083430533988358e6dfbef1a3f62aa13a,12000,16,1,180000,0.9778064529011843,1,0.9778064529011843,1.0000000000009506,1,1,171611,nan,0.023118386390244796,nan,-27.565742299932495,0.0027338407015437293,nan,nan,0.0,0.0,600.0,111.04888220444153,72.73343534397073,0,1,0
S5_p003_t027_s1191930151,2026-10-04T14:50:00Z,S5,3,1,0,0,45ead7ad9ac078af53a341aff518141982a569eaf4231678ec0e5109de3c8171,12000,16,1,180000,0.9778064580748286,1,0.9778064580748286,1.0000000000009506,1,1,171611,nan,0.023118275462705343,nan,-27.565750856701854,0.0027317904716071834,nan,nan,0.0,0.0,600.0,111.0487743277975,72.79172986070022,0,1,0
S5_p003_t028_s66415985,2026-10-04T14:50:15Z,S5,3,1,0,0,d6f6179c5398829e72e9f0a15f64ff1cdfe38d498d4c2f11415cac565661c061,12000,16,1,180000,0.9778064548704233,1,0.9778064548704233,1.0000000000009506,1,1,171611,nan,0.0231184142209334,nan,-27.565740774314044,0.0027314037109756745,nan,nan,0.0,0.0,600.0,111.04811953802258,72.72733974936209,0,1,0
S5_p003_t029_s1759722470,2026-10-04T14:50:30Z,S5,3,1,0,0,1da4158dd771ea1923d15ea12ca2a36a260dbbb189726e3734d6a965b0c57fe9,12000,16,1,180000,0.9778064549065942,1,0.9778064549065942,1.0000000000009506,1,1,171611,nan,0.023118386395001685,nan,-27.565743963437885,0.0027331973585614853,nan,nan,0.0,0.0,600.0,111.04915165715344,72.76276604182019,0,1,0
S7_p000_t000_s1928618341,2026-10-04T14:51:00Z,S7,0,2,0,0,9244314b43f68e620f202e96f1b42ad46706809c9efb65a024748883b15c5e15,12000,16,1,180000,0.9575585026114143,1,0.5138510504770522,0.5173745417804761,0,1,172800,0.0,-0.07054076056628024,-291.39946991076005,-24.481536970801688,0.04995737051259645,-0.0627499120079411,-0.007793413571562269,0.08333333333333333,0.0,600.0,70.36694071964547,14.115432895185151,0,1,0
S7_p000_t001_s1519748887,2026-10-04T14:51:15Z,S7,0,2,0,0,4f886e9f1681a551d660e4775374beb1eb249813aacfc204abe11c64cee966a3,12000,16,1,180000,0.9575162334537445,1,0.5155306419329829,0.519610581061896,0,1,172800,0.0,-0.07272212628892412,-291.39947419910095,-24.540894641403987,0.03790839901627005,-0.06701473482900332,-0.008323096036292554,0.08333333333333333,0.0,600.0,48.324668817461514,14.1050887030753,0,1,0
S7_p000_t002_s1888808097,2026-10-04T14:51:30Z,S7,0,2,0,0,3417f317d885b1aa3521781d641c05084e9efe84dbafff4888cba3322e232226,12000,16,1,180000,0.9575406519423447,1,0.5161980990978478,0.519610581061896,0,1,172800,0.0,-0.07144551957512205,-291.3994554104107,-24.503435428438245,0.0486794780029816,-0.05927905384822022,-0.007362339929841255,0.08333333333333333,0.0,600.0,78.56730927057585,14.35618094352791,0,1,0
S7_p000_t003_s1567484507,2026-10-04T14:51:45Z,S7,0,2,0,0,eb75d37ae5247d0ed3d3dc1c5b9a68ad2e36909954b63f392f5ac6f865c0167c,12000,16,1,180000,0.9576852181845975,1,0.5145361255038471,0.5195043430058967,0,1,172800,0.0,-0.0707867487485573,-291.3994698353151,-24.576788141790793,0.03821025205534864,-0.06007765342631616,-0.007461524400241615,0.08333333333333333,0.0,600.0,45.52122341931937,14.088138306834656,0,1,0
S7_p000_t004_s1587104087,2026-10-04T14:52:00Z,S7,0,2,0,0,f9e185415179b01d13cbd250e581d683658d61a95380accf2d462150d375a47e,12000,16,1,180000,0.36050407824925085,1,0.19523269069452123,0.5194035063955749,0,1,172800,0.0,-8.403654618033698,-291.3965662271706,7.659354638556126,42.27012776487904,1111.070382023895,137.9927193066037,6.833333333333334,0.0,600.0,7.184139363184984,20.83646498016617,0,1,0
S7_p001_t000_s1163046826,2026-10-04T14:52:15Z,S7,1,2,0,0,5e74b00d76b2e6f6f4f5d531ab7660a53b4698acd8ebffdc85b067af89369d9a,12000,16,1,180000,0.9453343846408377,1,0.25098175500533193,0.2551217701044732,0,1,172800,0.0,-0.05704761753780643,-279.900264114096,-22.151549646324288,0.022920066354743772,-0.03141003960208517,-0.0039010640984997735,0.08333333333333333,0.0,600.0,29.578693435248624,11.572909446629547,0,0,0
S7_p001_t001_s641673168,2026-10-04T14:52:30Z,S7,1,2,0,0,dd15f96597ae8415a59793838d615652ff7125af9feffc1b4d8acc588e6289a7,12000,16,1,180000,0.9446934008349369,1,0.2524902465641849,0.2551217701044732,0,1,172800,0.0,-0.05793548608373379,-279.9002996182432,-22.069270167046533,0.016163710979814293,-0.03426751644506773,-0.004255957007444522,0.08333333333333333,0.0,600.0,18.945201585018467,11.087040142012976,0,0,0
S7_p001_t002_s1425528308,2026-10-04T14:52:45Z,S7,1,2,0,0,29cf7810f62e6238aa1584ef19ed341e9d8e77d3fa6d9f67df1216c7521e4cce,12000,16,1,180000,0.9447603268910963,1,0.25098630964201024,0.25459545097861797,0,1,172800,0.0,-0.0601052075830369,-279.9002750759282,-22.106393799875697,0.02198737240036961,-0.03202587858590227,-0.00397755006861189,0.08333333333333333,0.0,600.0,31.18250281230641,11.146418986610652,0,0,0
S7_p001_t003_s961284984,2026-10-04T14:53:00Z,S7,1,2,0,0,0c2d25e000c1ac95e78a4e65bf022efcc52d67fd7aaadde849671fa53ab68270,12000,16,1,180000,0.9450281154071586,1,0.25194586269131447,0.2545954509786179,0,1,172800,0.0,-0.057754177223183524,-279.90028934589037,-22.048954443721268,0.014280636216558965,-0.027818522933559634,-0.0034550049113022396,0.08333333333333333,0.0,600.0,47.09717432103366,11.512089505058906,0,0,0
S7_p001_t004_s990723452,2026-10-04T14:53:15Z,S7,1,2,0,0,f049eb05ac74f523ea571c372d7600d5a0e360fa44d1f4ef1b7906f6f8b43774,12000,16,1,180000,0.94496023332645,1,0.25272107750116024,0.2538033491403863,0,1,172800,0.0,-0.058867650485758566,-279.90028025618506,-22.105086985679886,0.02142543967296226,-0.027026349639486098,-0.0033566185725248943,0.08333333333333333,0.0,600.0,32.768063281917875,10.810972059607005,0,0,0
S7_p002_t000_s98455044,2026-10-04T14:53:30Z,S7,2,3,0,0,f127524a1bd5224af54b8f523749b1cebb197d3e245b1d68577a37d07e86f61f,12000,16,1,180000,0.9622193970228119,1,0.612825496109373,0.6209508036808066,0,1,172800,0.0,-0.07630022825855812,-279.8990768243299,-25.891189168542105,0.05880232464597794,-0.0738026938296503,-0.009166146968254907,0.08333333333333333,0.0,600.0,51.91842945680898,14.693157246256723,0,1,0
S7_p002_t001_s1384128433,2026-10-04T14:53:45Z,S7,2,3,0,0,5cb82a5cd60c46406f4d74e46fff0162d897ff0e30e3d1b629a368e0eda3a8a7,12000,16,1,180000,0.9620878085132664,1,0.613815346283864,0.6209508036808066,0,1,172800,0.0,-0.0758983082579213,-279.8990776275635,-25.87342664979262,0.052624021101490136,-0.06627335016259595,-0.00823101754349409,0.08333333333333333,0.0,600.0,47.583663335672725,14.711103235029938,0,1,0
S7_p002_t002_s1361330484,2026-10-04T14:54:00Z,S7,2,3,0,0,3c137e9f1a8a32423ed55f6f17a4086d9afcf08eb14011e75d5dc0383297b989,12000,16,1,180000,0.9621002018711131,1,0.6123694030945976,0.6197701897798836,0,1,172800,0.0,-0.0762410972481132,-279.89907714820276,-25.891663072470013,0.04579102643520794,-0.06802569924504957,-0.008448655794836668,0.08333333333333333,0.0,600.0,46.16246292168128,14.726422200316897,0,1,0
S7_p002_t003_s1078092554,2026-10-04T14:54:15Z,S7,2,3,0,0,2f767498d89301e12fe1d40e092cb5c39d3c7e51cd715d3e80eec1dcb579707d,12000,16,1,180000,0.9621887452978004,1,0.6137250822171287,0.6200506262983498,0,1,172800,0.0,-0.0762415144478003,-279.8990736731618,-25.645780028733043,0.04785337183592735,-0.06672680823272151,-0.008287336128887546,0.08333333333333333,0.0,600.0,73.86378130468637,14.768413637598387,0,1,0
S7_p002_t004_s924921264,2026-10-04T14:54:30Z,S7,2,3,0,0,2a36c9c66ad61a5ceb827ed0a4bc14949c25f025c2401a917a9fd3f7cfd967d9,12000,16,1,180000,0.962048907504969,1,0.6138047566481648,0.6200506262983498,0,1,172800,0.0,-0.07646357855622662,-279.8990916793052,-25.901201473294208,0.043241140776699175,-0.06916160630676768,-0.008589733180087933,0.08333333333333333,0.0,600.0,39.96837531850546,14.736576494879934,0,1,0
S7_p003_t000_s763598906,2026-10-04T14:54:45Z,S7,3,2,0,0,3a0a18709347ece0ba8b69b479a5af73fd4ae9410f133647b3e5dc76dd7d276e,12000,16,1,180000,0.9575707288064632,1,0.5158647680554973,0.5209269121406312,0,1,172800,0.0,-0.07187918630995926,-279.8994781736419,-24.60950874916833,0.04217231254220237,-0.054198053203724374,-0.0067312898117961595,0.08333333333333333,0.0,600.0,30.14299461409039,14.84121442893085,0,1,0
S7_p003_t001_s1480126732,2026-10-04T14:55:00Z,S7,3,2,0,0,f4bab17939dec5cf8fcd2eebe12b6088c915a58abd7f01c7fa6d8aedccb5ac54,12000,16,1,180000,0.9580430632645467,1,0.5165315208794129,0.5209269121406312,0,1,172800,0.0,-0.07219205188330406,-319.8994799690536,-24.49642530917812,0.04150274282031044,-0.05766488105071859,-0.007161862896737148,0.08333333333333333,0.0,600.0,52.364281880234024,15.034508859272153,0,1,0
S7_p003_t002_s348040279,2026-10-04T14:55:15Z,S7,3,2,0,0,7174881b297137ef9ec6aa8258f432b267427c57e4cfe92734bda0e21440709c,12000,16,1,180000,0.828286132279645,1,0.48544131778600547,0.5206966482409549,0,1,172800,0.0,-1.411690176684335,-279.90175859858084,-4.370367531325412,39.41960639977535,1007.1987443386948,125.09206964937721,3.833333333333333,0.0,600.0,23.722691346346636,33.325592654870015,0,1,0
S7_p003_t003_s750677479,2026-10-04T14:55:30Z,S7,3,2,0,0,8eae8c3e34a4cab10d222684a6c5cf7fcaa2bb53cc1d7543ecf89860005062da,12000,16,1,180000,0.9571485238568715,1,0.51468298225338,0.5184811033296005,0,1,172800,0.0,-0.07309928640866394,-269.4828277603083,-24.59194695965687,0.04630510261003835,-0.05325309600385364,-0.006613928017486614,0.08333333333333333,0.0,600.0,29.88983309661058,14.902294026124041,0,1,0
S7_p003_t004_s258894362,2026-10-04T14:55:45Z,S7,3,2,0,0,3e48685e63272c698778b0d43ec84761a52dcf9433a26b977bd8fd9c4ec27ee4,12000,16,1,180000,0.957529470479583,1,0.5157866060894242,0.5184811033296005,0,1,172800,0.0,-0.07252556362594215,-269.48279618177304,-24.70523311570861,0.025975071247433916,-0.05341983212356066,-0.006634636310081987,0.08333333333333333,0.0,600.0,18.631582375948245,15.082592558911509,0,1,0
S7_p004_t000_s139254338,2026-10-04T14:56:15Z,S7,4,2,0,0,e24c629c6676e11b38dc3bd6091d9f0b7fdc1742738a08235f5eec84fd4c0dd7,12000,16,1,180000,0.9972547121401741,1,0.5228204047568613,0.5248937613908201,0,1,172800,0.0,-0.06060271331394382,-326.1666662801005,-29.90216166070185,0.04232639965235009,-0.0002085796899857429,-2.59051803368493e-05,0.08333333333333333,0.0,600.0,81.89121706317262,6.154373780786329,0,1,0
S7_p004_t001_s1221387494,2026-10-04T14:56:30Z,S7,4,2,0,0,5b3685f30f97607bb4e653177872cddfcb4b5ab7d6c93522d9fb102db89f711c,12000,16,1,180000,0.9970251436536933,1,0.5231945712463666,0.5248937613908201,0,1,172800,0.0,-0.06151098358732895,-326.1666656529881,-29.649073549651423,0.04685045687010339,-0.0001443894896809942,-1.7932885839400114e-05,0.08333333333333333,0.0,600.0,107.04979183723907,5.6196088070280235,0,1,0
S7_p004_t002_s1203773898,2026-10-04T14:56:45Z,S7,4,2,0,0,677cec74cd740a4aff8a45bb49777c8e64ccb01121f6bd4b06e6000e5407f457,12000,16,1,180000,0.9964539167699109,1,0.5242730680621047,0.5252303196234194,0,1,172800,0.0,-0.06119187349293395,-286.16666557400697,-30.008571574119607,0.043177870930473414,-0.00024057993058326863,-2.98795462185808e-05,0.08333333333333333,0.0,600.0,60.268020713400425,6.146755163126002,0,1,0
S7_p004_t003_s43333996,2026-10-04T14:57:00Z,S7,4,2,0,0,1313258e8a4edd75b741edc2a66bbef4aeef1cab33c4c4bd99b5ff290b69cac8,12000,16,1,180000,0.9963756711205114,1,0.5243069649934421,0.5252303196234194,0,1,172800,0.0,-0.06069120966223751,-286.1666675012166,-29.944051387676097,0.041621447315676824,-0.00038255416400179403,-4.7512462060694816e-05,0.08333333333333333,0.0,600.0,67.90370369226468,5.887075889696548,0,1,0
S7_p004_t004_s1033654550,2026-10-04T14:57:15Z,S7,4,2,0,0,683640bd04aa7a03f9fdd7ca1cb853b96b89625934403955ea983b0b28a2b80b,12000,16,1,180000,0.9969739296989535,1,0.5223570976931298,0.523848509483097,0,1,172800,0.0,-0.06135409567017146,-326.1666663903464,-29.966536109409773,0.058896656483540456,-8.666526740363157e-05,-1.0763652880996233e-05,0.08333333333333333,0.0,600.0,73.51879969001905,5.777281092983376,0,1,0
S7_p005_t000_s600798252,2026-10-04T14:57:30Z,S7,5,2,0,0,9115b5e425f6254b061d2d90227b2ea15fd26ccbb0664058540bafc2b454889b,12000,16,1,180000,0.9963383484376543,1,0.5130199175510901,0.5145159131504455,0,1,172800,0.0,-0.058287914101676226,-286.16666634870853,-29.953672277536242,0.04883779665372892,-0.0005412431178221768,-6.722131274727872e-05,0.08333333333333333,0.0,600.0,38.161770790645164,5.942765424368826,0,1,0
S7_p005_t001_s1358512429,2026-10-04T14:57:45Z,S7,5,2,0,0,eb1ec437e676dc0c24941e9114e51b2d7bf41c76cf85b65aabd4ccf655e57662,12000,16,1,180000,0.9961907765099435,1,0.5130181976993263,0.5145159131504456,0,1,172800,0.0,-0.057728369087527605,-286.16666542687074,-29.336575168529357,0.04492532929038059,-0.00013983639947591655,-1.7367401142109884e-05,0.08333333333333333,0.0,600.0,127.38091755740584,5.970367513822836,0,1,0
S7_p005_t002_s475029750,2026-10-04T14:58:00Z,S7,5,2,0,0,09e70966166e8074dff95357e380dabaaba888b47f8aa4560b17073aa432f02b,12000,16,1,180000,0.9964945456898399,1,0.5138698933353288,0.515820579951814,0,1,172800,0.0,-0.05859822369358897,-286.1666667605059,-29.87733464485117,0.05465792603917039,-0.00022839301060764724,-2.8365955131448573e-05,0.08333333333333333,0.0,600.0,48.16278376358237,6.786731414921917,0,1,0
S7_p005_t003_s686156291,2026-10-04T14:58:15Z,S7,5,2,0,0,a19bc731c84cc2e2cb30006d3b06e76802028cc29e5e9982832866e687421767,12000,16,1,180000,0.9962283194050793,1,0.514020791164465,0.515820579951814,0,1,172800,0.0,-0.05902996930619081,-286.1666662299176,-29.714671274100006,0.04308682561226196,-0.00032433454106321074,-4.0281701330968644e-05,0.08333333333333333,0.0,600.0,74.48777443705256,6.661841738028086,0,1,0
S7_p005_t004_s1322737522,2026-10-04T14:58:30Z,S7,5,2,0,0,c76cde90d48005c66fe3373c56ee2a93d160ba8e17c46d6f9de0fb7bfd9b9f90,12000,16,1,180000,0.9962183456424684,1,0.5136245445037823,0.5155979631963823,0,1,172800,0.0,-0.05640980549271312,-286.16666625836723,-29.76079194125351,0.046890298532185945,-0.00029971658353053905,-3.722420024132589e-05,0.08333333333333333,0.0,600.0,80.21171531557597,5.9267453481890255,0,1,0
S7_p006_t000_s1641734052,2026-10-04T14:58:45Z,S7,6,2,0,0,ebe220391d7e6a7223dd35390c21a89d39e918d275c412cfb66002b5deadcb0a,12000,16,1,180000,0.9272651083853933,1,0.4918031589587873,0.531623992137858,0,1,172800,0.0,-0.6832092883216313,-274.9175840161018,-8.085342109162767,36.2042338688068,0.3672699762666118,0.04561419651236065,3.9166666666666665,0.0,600.0,67.49648776310366,42.78788384275596,0,1,0
S7_p006_t001_s67837340,2026-10-04T14:59:00Z,S7,6,2,0,0,9f15731168b4ebd0c5d1c6f678e41eefe08ef47379120093d3166695a6b3d0f8,12000,16,1,180000,0.9963366845467536,1,0.5306924520516832,0.531623992137858,0,1,172800,0.0,-0.05376087133091857,-274.9166672277109,-30.144568399143793,0.041872549243118284,2.356867886002326e-05,2.927182777057169e-06,0.08333333333333333,0.0,600.0,43.70378290774516,5.5225151025372305,0,1,0
S7_p006_t002_s1202997263,2026-10-04T14:59:15Z,S7,6,2,0,0,bae37cad086085afb6fecef004b32a6579e7572f076deba2043f0464c1411025,12000,16,1,180000,0.9962911261358306,1,0.5296425192033039,0.5302036272884406,0,1,172800,0.0,-0.054758986178830536,-274.91666743434934,-29.87255615785363,0.04869046910416155,-2.912128834952607e-05,-3.616805770434439e-06,0.08333333333333333,0.0,600.0,89.10024284882195,5.079402624928627,0,1,0
S7_p006_t003_s902359725,2026-10-04T14:59:30Z,S7,6,2,0,0,afe65e6e4fd2dc6fd7135a9bbffc87198701f4b584ce5d8f3630e7d53c5b182e,12000,16,1,180000,0.9961682903847007,1,0.5293817054676844,0.5299111188707443,0,1,172800,0.0,-0.05442785542642436,-274.9166676314502,-30.095707911140273,0.046161197657999455,0.00010743529007038181,1.334324815616128e-05,0.08333333333333333,0.0,600.0,52.306423982761224,5.565229157535229,0,1,0
S7_p006_t004_s291698731,2026-10-04T14:59:45Z,S7,6,2,0,0,3b41f48515f0e3b2fe98092e061c20a74dab8d1b5ec38a9b2e92a8f6b5543d3b,12000,16,1,180000,0.9961318903838075,1,0.5293565040929681,0.5298739916717151,0,1,172800,0.0,-0.054976771361202825,-274.91666693246646,-30.152111809256482,0.044163108787899266,4.679599879701117e-05,5.811969458591193e-06,0.08333333333333333,0.0,600.0,32.94124132640379,5.784619341281875,0,1,0
S7_p007_t000_s526185734,2026-10-04T15:00:00Z,S7,7,2,0,0,282e4c71ee288e24151aa8b9c86cf976c747d294a8e66ae3e8acf2f74e1ab1d4,12000,16,1,180000,0.9960687703249993,1,0.5217308133302788,0.5220729717626843,0,1,172800,0.0,-0.04445235345189293,-274.916665595884,-29.69652608264927,0.029327439512354978,0.00015860352804506007,1.969824097614037e-05,0.08333333333333333,0.0,600.0,88.16847843832291,5.804340783719759,0,1,0
S7_p007_t001_s318655740,2026-10-04T15:00:15Z,S7,7,2,0,0,908b833fb2078b4f8b65328c8e873aa0e9a983d8af71f4b486be1e61d8238c48,12000,16,1,180000,0.996187069166568,1,0.5216326341023225,0.5220729717626843,0,1,172800,0.0,-0.04326896598635099,-274.91666690294124,-30.050452131765955,0.027972858878612707,0.0004308454488915315,5.3510143061430426e-05,0.08333333333333333,0.0,600.0,32.9893702851035,5.779107297941852,0,1,0
S7_p007_t002_s1737849473,2026-10-04T15:00:30Z,S7,7,2,0,0,0105a3ae4e60bc8bee93a0a38793de611e2dc0eba78ad0ec017d5ea634a45fda,12000,16,1,180000,0.9960772594436854,1,0.5192545688503704,0.5196156555619112,0,1,172800,0.0,-0.04512801444137079,-274.9166653190611,-29.969249698435117,0.02625187402177926,5.610156093831483e-05,6.9677016654168256e-06,0.08333333333333333,0.0,600.0,59.73749451008616,5.255857149019429,0,1,0
S7_p007_t003_s438300082,2026-10-04T15:00:45Z,S7,7,2,0,0,326a00cd4fa2ffcca4302933bf8dc361535bd2752f7eb614a8334e3dd9ef7600,12000,16,1,180000,0.9962273316955801,1,0.5224007808631865,0.5232371159668855,0,1,172800,0.0,-0.044717299824139675,-274.9166650642158,-29.91131981840336,0.03358104616267367,-2.133989398264881e-06,-2.650372152857017e-07,0.08333333333333333,0.0,600.0,58.44576712672671,5.735963041969824,0,1,0
S7_p007_t004_s994742111,2026-10-04T15:01:00Z,S7,7,2,0,0,125b827cd1befde961a4e498fb1044cf2dc02c9ca61f5a4c1576c02f25b00efe,12000,16,1,180000,0.9962012318060683,1,0.5223895518731466,0.5232371159668855,0,1,172800,0.0,-0.04424965785257313,-274.9166681569095,-29.859668752708735,0.019775141408537134,-1.596399439707748e-05,-1.982696176128229e-06,0.08333333333333333,0.0,600.0,83.66815105792425,5.4270963400144705,0,1,0
S7_p008_t000_s434073307,2026-10-04T15:01:30Z,S7,8,2,0,0,cbec6c1b86c65694845eabcd00d376f26457547e4aa8f9d18ba7d8ff4dafd41b,12000,16,1,180000,0.9576663174107491,1,0.5169562663085622,0.5191450223152942,0,1,172800,0.0,-0.07059243152255427,-299.5661355410248,-24.604456264553257,0.03618845795764584,-0.05620725482188653,-0.006980828634368663,0.08333333333333333,0.0,600.0,33.107535832483094,14.596169318823124,0,1,0
S7_p008_t001_s1584181983,2026-10-04T15:01:45Z,S7,8,2,0,0,46765364cce975e805062dbbad88354c92070fdbb4823733338eaebafa34ec68,12000,16,1,180000,0.957691408239762,1,0.5187264405357422,0.5191450223152942,0,1,172800,0.0,-0.07060692281680836,-299.56615991594117,-24.5810807276384,0.03122072255475486,-0.05857828503896223,-0.007275305845269031,0.08333333333333333,0.0,600.0,30.095611518718627,14.67470161556578,0,1,0
S7_p008_t002_s69311790,2026-10-04T15:02:00Z,S7,8,2,0,0,28d18d4189edd6b0c402fc9c3d015ee11539342d8f873a1846d3880696022118,12000,16,1,180000,0.9195034962581531,1,0.5159683634316281,0.5175979408315418,0,1,172800,0.0,-0.43318157106117094,-299.56604983617035,-10.432892728334117,46.742766264057394,-0.013737904241386068,-0.0017062202309716668,3.25,0.0,600.0,51.12436707190222,26.8895324602525,0,1,0
S7_p008_t003_s449200011,2026-10-04T15:02:15Z,S7,8,2,0,0,e490774f748849ccbd22354e19e67f9e68e17a6a23a00f659f851761b2ef51b4,12000,16,1,180000,0.9966232663326244,1,0.5222741634451002,0.5213817679223924,0,1,172800,0.0,-0.05837143514686505,-289.3333326310549,-30.040464474283326,0.03690331074701957,-8.166674096792146e-05,-1.014284589473391e-05,0.08333333333333333,0.0,600.0,32.86329492177874,5.8075182594098465,0,1,0
S7_p008_t004_s63363653,2026-10-04T15:02:30Z,S7,8,2,0,0,c4bf2c7f2c8ccba21df53d25829968a2f61ef21d483287c826cd49dfcfc55bc4,12000,16,1,180000,0.9965590367602148,1,0.5223311535867663,0.5213817679223924,0,1,172800,0.0,-0.05903721043265496,-289.3333330882839,-29.769458688128427,0.03567133020927449,4.8390807327654675e-05,6.010041488480056e-06,0.08333333333333333,0.0,600.0,107.08215211147919,6.03323743052787,0,1,0
S7_p009_t000_s244638474,2026-10-04T15:02:45Z,S7,9,2,0,0,341fa7f9f25938c5424bddcb980cf66f503c9ba31f316b719afdb790d3c9a47b,12000,16,1,180000,0.9964511682904168,1,0.5194827574750442,0.5185299109364768,0,1,172800,0.0,-0.05880223853116365,-289.33333338306693,-29.885367745354575,0.03448591840113603,4.76152455664128e-05,5.9137182688573375e-06,0.08333333333333333,0.0,600.0,51.62829079106763,5.806454240320971,0,1,0
S7_p009_t001_s1024747382,2026-10-04T15:03:00Z,S7,9,2,0,0,12f8de784161aff4cc7d85d318848ab33c2e9602d3d6cb3c1dc7353d85ca8072,12000,16,1,180000,0.9964711237467107,1,0.5204564352488347,0.5193471255338729,0,1,172800,0.0,-0.05934230558231346,-289.3333330273205,-29.943913195490573,0.04699702008287708,-0.00015493725705306762,-1.9242897451476892e-05,0.08333333333333333,0.0,600.0,57.64402025536274,6.0422855872449315,0,1,0
S7_p009_t002_s1710014650,2026-10-04T15:03:15Z,S7,9,2,0,0,e21de12f0a4a9c12a49a44cf9195555d8d10465cfafdd0c9e481cd4adbf33f72,12000,16,1,180000,0.9964521297966367,1,0.5204679903198404,0.5193471255338729,0,1,172800,0.0,-0.05912091133963276,-289.33333245399865,-30.023559691350805,0.04376525395265016,2.185835092552085e-05,2.7147634682478383e-06,0.08333333333333333,0.0,600.0,46.329027187402595,5.821750202027497,0,1,0
S7_p009_t003_s884232894,2026-10-04T15:03:30Z,S7,9,2,0,0,bd43610b13af6646f58c2d472a6d0d9a4a5bf83870feb34ea3b3e8161dc104a6,12000,16,1,180000,0.9965296887298813,1,0.5196883453593257,0.5185942515513206,0,1,172800,0.0,-0.05878077826710504,-289.3333332441458,-30.030088879223943,0.04295042102579345,-4.419863928411695e-05,-5.489382601808757e-06,0.08333333333333333,0.0,600.0,35.08031329467002,5.883341948066908,0,1,0
S7_p009_t004_s381684354,2026-10-04T15:03:45Z,S7,9,2,0,0,19cb5a3d8872c5a9cb720ed73d1b09bedc19ee7fa34a60646cbbed41b1423355,12000,16,1,180000,0.9965541818235618,1,0.5170597949553973,0.5157235389015721,0,1,172800,0.0,-0.05757803815026047,-289.33333267633253,-29.833828691320686,0.035902773016755,-0.00011676157979790561,-1.4501554687740281e-05,0.08333333333333333,0.0,600.0,59.50342561723986,5.734545815066342,0,1,0
S7_p010_t000_s1725325771,2026-10-04T15:04:00Z,S7,10,2,0,0,416b8c4b70b034a4398ead13fbf7428a9c4b00ac6d141a539728cadf85f2eb40,12000,16,1,180000,0.9964609930817134,1,0.5255158039623593,0.5242532269908602,0,1,172800,0.0,-0.06082666376009558,-289.33333357229884,-30.06786302281458,0.02090352561594127,-0.00038011687666949893,-4.7209755848598434e-05,0.08333333333333333,0.0,600.0,54.374022442487885,5.637495071759392,0,1,0
S7_p010_t001_s225898935,2026-10-04T15:04:15Z,S7,10,2,0,0,a8b1b94023ed55d776dcfd45b08970875443dd6003577a9a6a2ea0a606d5e1d4,12000,16,1,180000,0.9966229447533694,1,0.5283588140532103,0.5272178306604747,0,1,172800,0.0,-0.05960581662409572,-289.3333326254997,-30.09334462631214,0.02047898883865439,-0.00018147066177613962,-2.253829325127299e-05,0.08333333333333333,0.0,600.0,52.820914766861065,6.736783198347393,0,1,0
S7_p010_t002_s121109330,2026-10-04T15:04:30Z,S7,10,2,0,0,679de3a46766435b574fb4d20c3ca099402999034fa1eb642f9d8520b93d70ee,12000,16,1,180000,0.9964598050695895,1,0.5294398522028925,0.5282837824331416,0,1,172800,0.0,-0.0592849829799653,-289.3333335535317,-30.096244290841604,0.022839098413434362,6.124733342239849e-05,7.606796316395048e-06,0.08333333333333333,0.0,600.0,58.82540413750786,5.899002262182707,0,1,0
S7_p010_t003_s1579862089,2026-10-04T15:04:45Z,S7,10,2,0,0,c5b7ac750e2db2b46be86c773556326d966701eab97716157909f492ee49454e,12000,16,1,180000,0.9965972760803276,1,0.5293758564360923,0.5282837824331416,0,1,172800,0.0,-0.060034355052522595,-289.33333346907057,-29.875426444613513,0.015095093152701286,-0.00019112834024170012,-2.373775760133867e-05,0.08333333333333333,0.0,600.0,87.4410835892983,5.959019841047742,0,1,0
S7_p010_t004_s535444324,2026-10-04T15:05:00Z,S7,10,2,0,0,edaa18a97b91e966611febb782667a2b07114f37af58abbdeed0ecceb252227f,12000,16,1,180000,0.9965144378204982,1,0.5289312632802818,0.5279076612815669,0,1,172800,0.0,-0.06022358632172595,-289.33333325334087,-30.13011921048968,0.013935653138748108,-0.00027379983273582536,-3.400539162612404e-05,0.08333333333333333,0.0,600.0,28.16327132384587,5.936256659297046,0,1,0
S7_p011_t000_s204855309,2026-10-04T15:05:15Z,S7,11,2,0,0,10229ec1249aa73a1a79b353827226ca771a004a739d00b8623a632ec672de5d,12000,16,1,180000,0.9959942304614545,1,0.45116699255692405,0.45231929108613933,0,1,172800,0.0,-0.05328807172711184,-289.33333312034057,-29.41446600230011,0.04063021204548053,-2.099575234180259e-05,-2.607630449347198e-06,0.08333333333333333,0.0,600.0,54.63076022227976,5.805240774953956,0,0,0
S7_p011_t001_s469311326,2026-10-04T15:05:30Z,S7,11,2,0,0,59241e1676cdb9da398a40175a9b18af3b2f964f441401dd548f04e430b5965a,12000,16,1,180000,0.812070380779773,1,0.3603544322018564,0.45231929108613933,0,1,172800,0.0,-1.4677959374374339,-279.7667478785564,-4.147846948717701,14.50885963054372,-0.058796734772720155,-0.0073024368653022975,4.083333333333333,0.0,600.0,35.33125674267871,34.982037882516586,0,0,0
S7_p011_t002_s1591257218,2026-10-04T15:05:45Z,S7,11,2,0,0,21e0870f59eaa3e724b1b98d28ac59b7d7cb83e36f3a94dad5bf1ebf201259eb,12000,16,1,180000,0.9539961383562466,1,0.4473067429174065,0.4518750769272966,0,1,172800,0.0,-0.06867574338785659,-279.76693421068614,-23.812812937711136,0.037471604053708356,0.04883719455209902,0.006065481888981594,0.08333333333333333,0.0,600.0,27.35252931945421,13.502873861795774,0,0,0
S7_p011_t003_s912460123,2026-10-04T15:06:00Z,S7,11,2,0,0,ba0a06ad1dfb99aaa8d21b996e1e21cb56cfd878fae1502445cffac72c263312,12000,16,1,180000,0.9536643162180873,1,0.4473843097596408,0.45187507692729667,0,1,172800,0.0,-0.0690917449724113,-279.7669361583945,-23.736685640990874,0.03028860603982867,0.05011215486862577,0.0062238294103735825,0.08333333333333333,0.0,600.0,56.822767114226245,13.268136000747312,0,0,0
S7_p011_t004_s1430561939,2026-10-04T15:06:15Z,S7,11,2,0,0,a43985b3a969265fdb8df0f159ea94bdf4abcccbeb00d34f49fcd0e6a920aa14,12000,16,1,180000,0.9540572914857901,1,0.44688246381606067,0.4515977985426414,0,1,172800,0.0,-0.06707186447328356,-279.76693724326105,-23.843616131117656,0.03601425394899423,0.052103599916837676,0.006471162902471406,0.08333333333333333,0.0,600.0,21.106011977173058,13.359161141973779,0,0,0
S7_p012_t000_s516013663,2026-10-04T15:06:45Z,S7,12,2,0,0,482624c9239cc17a1f5b9f7e78ef6fa0ccec5b9d13910fe5f26dc326327547f7,12000,16,1,180000,0.9526272500099915,1,0.40582442453624246,0.40891764220161214,0,1,172800,0.0,-0.06689294381355111,-301.10014794611254,-23.435151260684158,0.03818009969481086,0.04581616044174656,0.005690275494544039,0.08333333333333333,0.0,600.0,35.30328840939643,12.716760704850552,0,0,0
S7_p012_t001_s603633460,2026-10-04T15:07:00Z,S7,12,2,0,0,71095bf4b9f936e8e55a97eb30b8dfa1b554e57b62d93e126f3ff977c5bc8966,12000,16,1,180000,0.9524397538212995,1,0.40481619898745935,0.40980042810956596,0,1,172800,0.0,-0.06697981413350881,-301.10011779190734,-23.346103244766333,0.03229615144742179,0.04474405082900597,0.0055571216248608835,0.08333333333333333,0.0,600.0,32.01825518357195,12.858279716068186,0,0,0
S7_p012_t002_s71905326,2026-10-04T15:07:15Z,S7,12,2,0,0,e98ffda0e2a1b1e2098d058c3c8d6ebd9c46c1bcd88336beacb71c1e4da09f5f,12000,16,1,180000,0.9528199184787829,1,0.40608206119961404,0.41032089237967717,0,1,172800,0.0,-0.06723998117241205,-301.1001637647466,-23.49203742840618,0.03298177886651218,0.04715096671134468,0.005856055763615586,0.08333333333333333,0.0,600.0,25.53900308814443,12.595762781400362,0,0,0
S7_p012_t003_s1310018168,2026-10-04T15:07:30Z,S7,12,2,0,0,8b9f4b0316e7671ebfc289b713a6d09ff843ac1dea395f6080182f58be740f0c,12000,16,1,180000,0.9527903957659623,1,0.4074210808722532,0.4115563588735712,0,1,172800,0.0,-0.06804973950549743,-301.10015218184344,-23.456993449144203,0.034189791554803596,0.04730895993079028,0.0058756782054842915,0.08333333333333333,0.0,600.0,26.65555623262917,12.60042416639205,0,0,0
S7_p012_t004_s1348406889,2026-10-04T15:07:45Z,S7,12,2,0,0,9fc4152cef8c67019be785e42235125fd7f23a9193b7eab52901b4dc0dbdff26,12000,16,1,180000,0.9527071352517995,1,0.40793264491857145,0.4115563588735712,0,1,172800,0.0,-0.06761151279002488,-301.1001621687695,-23.493003129819023,0.034410087779547543,0.04573131827923966,0.005679738267645007,0.08333333333333333,0.0,600.0,22.79022731427587,12.894879944049793,0,0,0
S7_p013_t000_s1579884569,2026-10-04T15:08:00Z,S7,13,2,0,0,2e571325b34f6f747023c29f260dfb290e06017f654986ef906d4ef0f932cb3e,12000,16,1,180000,0.9510944195476027,1,0.37284490987143615,0.3758831749902286,0,1,172800,0.0,-0.06758488748229571,-301.10004194822676,-23.074386152273068,0.04988052788468521,0.04381214463791319,0.005441380739739543,0.08333333333333333,0.0,600.0,38.41958635350181,12.293090541237957,0,0,0
S7_p013_t001_s1427301707,2026-10-04T15:08:15Z,S7,13,2,0,0,758d0952328e65a779f91e0f2acfe4514bc012a6a65243122e54f5aec027c9b9,12000,16,1,180000,0.95104084668019,1,0.37269145913127866,0.3761492632807654,0,1,172800,0.0,-0.06853611319539853,-301.10004727223105,-23.093388706646422,0.03665760188294005,0.04047843838979609,0.005027341091135895,0.08333333333333333,0.0,600.0,39.444809128454914,12.468900261902364,0,0,0
S7_p013_t002_s773490239,2026-10-04T15:08:30Z,S7,13,2,0,0,c4739ff23356ce8d3853f8eecc51465b160ecf7de0f1952e92f05b4733727a1b,12000,16,1,180000,0.9507579674401493,1,0.37226274667694353,0.37614926328076553,0,1,172800,0.0,-0.06550198669287513,-301.1000289196072,-23.078965212550887,0.024062369757721136,0.040511272248435926,0.005031418990711245,0.08333333333333333,0.0,600.0,28.020151546862515,12.4486334559961,0,0,0
S7_p013_t003_s811508310,2026-10-04T15:08:45Z,S7,13,2,0,0,03e2188653ca53d858b6f3b33a46a78aca336e2d4f28f12e58447eece243d09d,12000,16,1,180000,0.5986204353286001,1,0.2539967631983643,0.37662107669554673,0,1,172800,0.0,-3.8612002170481836,-301.10640555106204,1.482499294319,55.4596839746348,871.2035589168921,108.20173961036016,3.75,0.0,600.0,9.651361165724984,26.049124265439616,0,0,0
S7_p013_t004_s1152378489,2026-10-04T15:09:00Z,S7,13,2,0,0,4afaa12b7a91039a8568f670d87b098c5902da3601a48b88e31ab6a46adcbf77,12000,16,1,180000,0.9955059059545206,1,0.41605893300208613,0.418668082892591,0,1,172800,0.0,-0.05182691072153352,-292.0833309084459,-28.63471755020196,0.024398955568554002,8.333244289626753e-05,1.0349722742830636e-05,0.08333333333333333,0.0,600.0,79.25026512814821,5.785140058865311,0,0,0
S7_p014_t000_s169517745,2026-10-04T15:09:15Z,S7,14,2,0,0,4a488196351dd55f89537462ce5fd12985be217b2ae00f92cb4c4981091940ab,12000,16,1,180000,0.9965566964871754,1,0.5338628613425003,0.5355012409278291,0,1,172800,0.0,-0.06455407378779954,-292.08333225015303,-29.994197394424873,0.0561369509381589,-0.0001328705281626335,-1.6502253856742755e-05,0.08333333333333333,0.0,600.0,52.04430769162123,5.737717723070391,0,1,0
S7_p014_t001_s1958578526,2026-10-04T15:09:30Z,S7,14,2,0,0,750b33fb3e5062fff77421c9f4e337cfd5369712fef37f4a92d9d14b79b65337,12000,16,1,180000,0.9965124775660782,1,0.5337621370121131,0.5355012409278291,0,1,172800,0.0,-0.06323916691680893,-292.0833309798248,-29.828852689640676,0.05511077429819642,-0.0002076559155478353,-2.5790449399210047e-05,0.08333333333333333,0.0,600.0,95.96424372824666,5.936166918443147,0,1,0
S7_p014_t002_s300372675,2026-10-04T15:09:45Z,S7,14,2,0,0,df2a52f69b6ab4238c39cf3812e1a8fb6222f0f4cbedc969e319a98f70e2c590,12000,16,1,180000,0.9971785405546791,1,0.5317977586097381,0.5333600952674142,0,1,172800,0.0,-0.06469453185347461,-332.08333449218543,-29.923528126157603,0.052087594810348414,-7.939987679418781e-05,-9.861305898084538e-06,0.08333333333333333,0.0,600.0,76.64101980190077,6.131837680671466,0,1,0
S7_p014_t003_s1706399720,2026-10-04T15:10:00Z,S7,14,2,0,0,ff007a2ba5a4571066d79ddbd2b9e9e397cd2dd618f1889e2ebdb3592a37ea21,12000,16,1,180000,0.996601615034258,1,0.5321469665455344,0.5339815998564005,0,1,172800,0.0,-0.06591410118461818,-292.08333142968877,-29.90865952919291,0.0544263830916004,-3.5609736823234924e-05,-4.422658093972132e-06,0.08333333333333333,0.0,600.0,78.79993922249034,5.3848622225871985,0,1,0
S7_p014_t004_s1200012924,2026-10-04T15:10:15Z,S7,14,2,0,0,de12e4897f51878d01517ae49c26c10326da6f3d96358bb0247010c3a49450b9,12000,16,1,180000,0.9965869982206209,1,0.53204004771489,0.5339815998564005,0,1,172800,0.0,-0.06409441783915944,-292.0833313157206,-29.976930223784862,0.04963968363069859,-0.00030343482177764934,-3.76859979951405e-05,0.08333333333333333,0.0,600.0,53.27014363682407,5.86090028495414,0,1,0
S7_p015_t000_s1755520088,2026-10-04T15:10:30Z,S7,15,2,0,0,2cde5c5507c16cd051088f72943744fce841a25b361aa43f39108d1013951fb8,12000,16,1,180000,0.9964379227581858,1,0.5186099431913416,0.520557629727911,0,1,172800,0.0,-0.05987976626334133,-292.08333268937406,-29.956982927043434,0.043366891145123015,-8.424360722872699e-05,-1.0462887530593434e-05,0.08333333333333333,0.0,600.0,41.15634286065461,6.115331057542985,0,1,0
S7_p015_t001_s1047827504,2026-10-04T15:10:45Z,S7,15,2,0,0,fdab13c0571831c41be67d4081100eba4dee8b63bfd4dfcd5b140c657a4c968c,12000,16,1,180000,0.9964287254898934,1,0.5186469991777983,0.520557629727911,0,1,172800,0.0,-0.06034412382669026,-292.0833333252716,-30.05907489721865,0.04073289422784256,-0.00011531889805621709,-1.432237650078605e-05,0.08333333333333333,0.0,600.0,22.092289124026024,6.117895934421743,0,1,0
S7_p015_t002_s1284285689,2026-10-04T15:11:00Z,S7,15,2,0,0,b1f3b10f85f185854ba13c17f5f3883dcb8b6da30a722089798e52834c10d549,12000,16,1,180000,0.9964573063398077,1,0.5170966043356159,0.5186439775608325,0,1,172800,0.0,-0.05945737986767837,-292.083333251514,-29.899055476005977,0.037819263578526795,-7.64799783181896e-05,-9.498660347162513e-06,0.08333333333333333,0.0,600.0,43.68915314117991,5.594964338242601,0,1,0
S7_p015_t003_s734715196,2026-10-04T15:11:15Z,S7,15,2,0,0,2230813da07fa737c862f74c7e9766a861319fe7e76afaaadd03c13d22e5d056,12000,16,1,180000,0.9964164012043509,1,0.5182227891200571,0.519670351524659,0,1,172800,0.0,-0.06080669865727798,-292.0833327626321,-29.950674280700987,0.04800867004538374,-0.00017070974188122478,-2.1201808522164356e-05,0.08333333333333333,0.0,600.0,50.272721829580995,5.943196634320982,0,1,0
S7_p015_t004_s1450783488,2026-10-04T15:11:30Z,S7,15,2,0,0,8c9443cc901d37fc895401e6d66748ec693bc4c3bebd8ec28734d5bfb8208256,12000,16,1,180000,0.9963675785389361,1,0.5183114883615473,0.519670351524659,0,1,172800,0.0,-0.06223764999292946,-292.08333406422753,-29.809524382726945,0.04523744612957604,-1.5551738414868755e-05,-1.9314948076498695e-06,0.08333333333333333,0.0,600.0,62.30200328915782,6.4068467537253895,0,1,0
S7_p016_t000_s313172177,2026-10-04T15:12:00Z,S7,16,2,0,0,9f96f45111f57dc1836055d5ffe5664851ba131647e55836bc96f24d197e1cab,12000,16,1,180000,0.9965562446728029,1,0.5174113709997643,0.5191460956900235,0,1,172800,0.0,-0.06067686106775695,-292.7499951947975,-29.674616865964254,0.051205245621565434,0.00024871227692668715,3.088956736974069e-05,0.08333333333333333,0.0,600.0,71.85929567332438,6.318060910537607,0,1,0
S7_p016_t001_s95670008,2026-10-04T15:12:15Z,S7,16,2,0,0,075d6493c4dede710854cd7049406f79b122eb5c568c10ebe8d0003203e738d0,12000,16,1,180000,0.8367188488076788,1,0.4984256025179345,0.5211593739572735,0,1,172800,0.0,-0.17482381202687386,-283.2083701157632,-15.704878212199805,3.4663427716475375,-0.02220512794659279,-0.002757832480710931,3.75,0.0,600.0,176.24790143303525,24.093605918554633,0,1,0
S7_p016_t002_s762227068,2026-10-04T15:12:30Z,S7,16,2,0,0,d57e1cd33eb62409474aec2ee419802154a27eb3b0a800b8646998e4698c4efc,12000,16,1,180000,0.8483187118706468,1,0.5072282350106799,0.5211593739572736,0,1,172800,0.0,-0.06030258750886187,-283.20832922747286,-29.77212332562906,0.04972205639863895,7.313378944239183e-05,9.08307038116618e-06,0.08333333333333333,0.0,600.0,78.08111837865461,5.349665953618899,0,1,0
S7_p016_t003_s804352794,2026-10-04T15:12:45Z,S7,16,2,0,0,81ff22f1a84a67c61699d65a7f75c0a938d60ac5c497211c0db046c4ec9c704c,12000,16,1,180000,0.8480024957536827,1,0.5080142425076827,0.5214470255829986,0,1,172800,0.0,-0.05982992852136899,-283.20833130529536,-29.815048699608052,0.032462661740553414,0.0009319890904532426,0.00011575118105611182,0.08333333333333333,0.0,600.0,78.96676757143386,5.300776142828192,0,1,0
S7_p016_t004_s1354763437,2026-10-04T15:13:00Z,S7,16,2,0,0,3fbf4ed39ff21f0eec8de86d9c4a6bcb935cb09f9b5da40d7905734e1010cdfb,12000,16,1,180000,0.8479771537816243,1,0.5081267160129674,0.5214470255829986,0,1,172800,0.0,-0.06096463148201988,-283.20832870580546,-29.44286887657928,0.050256785038615075,-1.6940929729585024e-06,-2.104029590555001e-07,0.08333333333333333,0.0,600.0,109.81071906694419,5.699040313998332,0,1,0
S7_p017_t000_s1440417717,2026-10-04T15:13:15Z,S7,17,2,0,0,0f544c9512274ef163d57d0dcf4487b956d697f51d81b156c8a993f94792f963,12000,16,1,180000,0.8470195793199052,1,0.5034975085413184,0.5129358880074271,0,1,172800,0.0,-0.05956048534033324,-283.208330148409,-29.72172096339183,0.036803380723862765,-0.0002372446675363493,-2.9465313218679512e-05,0.08333333333333333,0.0,600.0,74.06940391314345,6.176879015145065,0,1,0
S7_p017_t001_s1958295760,2026-10-04T15:13:30Z,S7,17,2,0,0,b4d145d91dd616e22a646e70e6cfac5aa4d235928012e1243e64925d19189665,12000,16,1,180000,0.846671923222519,1,0.5046248705018989,0.5153969240471419,0,1,172800,0.0,-0.058780521651496095,-283.2083314385266,-29.870356375124125,0.056755943802858005,0.0005091288919770589,6.323279012576677e-05,0.08333333333333333,0.0,600.0,53.969727293420746,5.207051891455078,0,1,0
S7_p017_t002_s1141094124,2026-10-04T15:13:45Z,S7,17,2,0,0,6d9cbb373f5cd5893ab4be6efe7b05cb2486ca358dd83b01e3df0fdf5122bff0,12000,16,1,180000,0.8476827217809187,1,0.5045278122865453,0.5167923516845173,0,1,172800,0.0,-0.0580309453999854,-283.2083340008946,-29.923663858479305,0.0491840018283492,-0.0004368719112865748,-5.425861763797002e-05,0.08333333333333333,0.0,600.0,62.4374203483101,6.479606452133647,0,1,0
S7_p017_t003_s678609270,2026-10-04T15:14:00Z,S7,17,2,0,0,81ce82f0823dd8184c8873d8d9a0b1fcb91582f6d5e28f82f093b93e7910df0c,12000,16,1,180000,0.8471553544132377,1,0.5026404975057269,0.5167923516845172,0,1,172800,0.0,-0.057532689771153694,-283.2083304004973,-29.799009796111008,0.042756934690086526,-0.0006782327676858129,-8.423515328104259e-05,0.08333333333333333,0.0,600.0,83.4326109067303,5.993293413856685,0,1,0
S7_p017_t004_s2097649527,2026-10-04T15:14:15Z,S7,17,2,0,0,f4a0fd391f2e2dc56bc3b56be4901a1b2ab3f8b73ff75273cda17c5e8cc0f473,12000,16,1,180000,0.8466886553123165,1,0.5011988831064463,0.516102839019976,0,1,172800,0.0,-0.058439481668019634,-283.20833403484966,-29.93694439430773,0.047525964397422446,-2.0415617923241065e-05,-2.535578914830694e-06,0.08333333333333333,0.0,600.0,44.17801895335178,5.7141515801593465,0,1,0
S7_p018_t000_s54616312,2026-10-04T15:14:30Z,S7,18,2,0,0,f8587b2727f33d84e4aa4a6ad57a4213e392c124162b25b3a3860bf9e50b778e,12000,16,1,180000,0.8474646875273754,1,0.5060578540813441,0.5214536280039387,0,1,172800,0.0,-0.057504132084944266,-283.20833154295116,-29.33791624478131,0.03210999079649315,-0.0001021655841225322,-1.2688761216850253e-05,0.08333333333333333,0.0,600.0,113.4093445343071,6.234007485512167,0,1,0
S7_p018_t001_s952590612,2026-10-04T15:14:45Z,S7,18,2,0,0,ed06c2d496db175ec9cf62e0727c1bc47b7e73069c2859f77d11d54a0b821a58,12000,16,1,180000,0.848046910634098,1,0.507787869071667,0.5214536280039387,0,1,172800,0.0,-0.05769327267722558,-283.2083329048255,-29.44177376344077,0.039924113930365795,-0.0003413198807721746,-4.239124655214255e-05,0.08333333333333333,0.0,600.0,116.54375233707556,5.632237491259785,0,1,0
S7_p018_t002_s42992291,2026-10-04T15:15:00Z,S7,18,2,0,0,1544c797fc140839f2acc39a235d3808432fc1b8797753997c9f7a38ec3de1fa,12000,16,1,180000,0.8469178669609712,1,0.507741164985042,0.518290137308101,0,1,172800,0.0,-0.057306099527093285,-283.2083298354355,-29.692541438932622,0.04513980703604213,-0.0004991325311236207,-6.199126210049144e-05,0.08333333333333333,0.0,600.0,74.83458198978687,5.878872033678359,0,1,0
S7_p018_t003_s1754123281,2026-10-04T15:15:15Z,S7,18,2,0,0,1b8fb1e036e25b819861562b30b1caadb822cb1b675c6376644714ad1ef674a7,12000,16,1,180000,0.8471779653986043,1,0.5058838993469615,0.5199347640260285,0,1,172800,0.0,-0.05642163415512816,-283.208335389137,-29.581763883020088,0.043477677331754075,-7.46320742797064e-05,-9.269154361390974e-06,0.08333333333333333,0.0,600.0,108.87090527923296,5.992440231464671,0,1,0
S7_p018_t004_s2136748643,2026-10-04T15:15:30Z,S7,18,2,0,0,a1a2889c46251056f858d4fcea8759c79f38759393de487ced06cbc2ca483f2f,12000,16,1,180000,0.6246181265631056,1,0.4645583743956894,0.5199347640260283,0,1,172800,0.0,-2.9373768826259417,-283.20662326193025,-0.2559825339564405,39.21411801019697,1014.5089584443526,125.99998362087172,7.75,0.0,600.0,10.233850198640168,24.477759721014657,0,1,0
S7_p019_t000_s2055416690,2026-10-04T15:15:45Z,S7,19,2,0,0,b3c2c8a582d4f1088f1cc4b0da786902afff207e06cf4223f954deb865b15e91,12000,16,1,180000,0.8477452698982273,1,0.5087105092500904,0.5215612309893869,0,1,172800,0.0,-0.05976905716834753,-312.7083336660653,-29.798089608743684,0.03935262677311601,8.569586371656737e-05,1.0643254881870234e-05,0.08333333333333333,0.0,600.0,67.82166383698629,5.653145249475793,0,1,0
S7_p019_t001_s2007325368,2026-10-04T15:16:00Z,S7,19,2,0,0,d1c2b2397747bc7dff3ce775df3b4247e6d4139dabded3dfd67f3e4632484e86,12000,16,1,180000,0.8478850080009976,1,0.5089906877351258,0.5215612309893868,0,1,172800,0.0,-0.06101676098626625,-272.7083319370201,-29.897069444612768,0.05164760332739807,0.00016954436163085969,2.105707062582951e-05,0.08333333333333333,0.0,600.0,82.97239034673059,6.584181476263695,0,1,0
S7_p019_t002_s1837273558,2026-10-04T15:16:15Z,S7,19,2,0,0,bc5b6c681577d6b592669adb7238150378d95e47ab63afb8e02f4ec0cc70402f,12000,16,1,180000,0.8475994196003315,1,0.5073646631342995,0.5203377358061028,0,1,172800,0.0,-0.060327773354936505,-272.7083296190625,-29.923070335701844,0.0406224510114052,-0.00022611488374972121,-2.8083016331947874e-05,0.08333333333333333,0.0,600.0,73.44983840018843,5.678797466564572,0,1,0
S7_p019_t003_s1703565559,2026-10-04T15:16:30Z,S7,19,2,0,0,c8d05b61b8d05fc1419e11265e01cf588091d472c87c0b9f1543ba0d461b8576,12000,16,1,180000,0.8478535855764917,1,0.5073978997832622,0.5203377358061028,0,1,172800,0.0,-0.06089321687381129,-272.7083250597922,-29.505191541032588,0.04627323558707992,-0.0011740385340362498,-0.00014581323785023415,0.08333333333333333,0.0,600.0,138.35869857840035,6.088899098034972,0,1,0
S7_p019_t004_s989415578,2026-10-04T15:16:45Z,S7,19,2,0,0,84f476b0e12a2b516e49a12fa46ab77a9348eedfa8e7fc61d2610f1741517d6f,12000,16,1,180000,0.8474133394813433,1,0.506835964670619,0.5200752091190527,0,1,172800,0.0,-0.05886484894492575,-272.7083301396002,-29.908219475168906,0.043759851611266214,-0.00012151119212543393,-1.5091447039594641e-05,0.08333333333333333,0.0,600.0,60.795055967558945,5.44870225543607,0,1,0
S7_p020_t000_s11753295,2026-10-04T15:17:15Z,S7,20,2,0,0,cc425cb2849124b4aff359ebf28fb4644c5f88e54f62dd23ee818465bb443ffa,12000,16,1,180000,0.8480929082660538,1,0.5158740248740679,0.5254288041486718,0,1,172800,0.0,-0.05996123890606678,-284.04166634309695,-30.032873575071015,0.043416450164507694,-7.273292063438283e-06,-9.033283276949078e-07,0.08333333333333333,0.0,600.0,49.187320035482166,5.658577580349101,0,1,0
S7_p020_t001_s127051996,2026-10-04T15:17:30Z,S7,20,2,0,0,953d39f6ac83d33ecaabf2a8e3202d4257860cd3b142ba25a39365e1330d9e2e,12000,16,1,180000,0.849004916618535,1,0.5155347757801978,0.5256669929855555,0,1,172800,0.0,-0.05941371847262872,-324.04166442544374,-29.689860342742854,0.05308861875463393,-0.00040886944392467314,-5.078076719655655e-05,0.08333333333333333,0.0,600.0,88.20183195027258,6.298126368539982,0,1,0
S7_p020_t002_s1814410164,2026-10-04T15:17:45Z,S7,20,2,0,0,0211079171053fe3567b11eb91adbc8d71a4ad63c72fbbe2bb365e1dd1c9262e,12000,16,1,180000,0.8486255620672338,1,0.5145493604622425,0.5271756313819506,0,1,172800,0.0,-0.06188315359388567,-324.041662007218,-29.265014749626626,0.04310763169010576,-0.00016516081583135058,-2.0512643004622078e-05,0.08333333333333333,0.0,600.0,112.54434776520534,5.973172517439083,0,1,0
S7_p020_t003_s622957244,2026-10-04T15:18:00Z,S7,20,2,0,0,b969abf2eb63a7195fc6c69f88c6db7cec77836d56ba34eb948d62a2741d6f05,12000,16,1,180000,0.8490896549384866,1,0.5149337737963263,0.5282992499915897,0,1,172800,0.0,-0.05927067972692013,-284.0416671586051,-29.693579765070226,0.05206218298390721,2.2806162919255216e-05,2.8324798222456593e-06,0.08333333333333333,0.0,600.0,106.63552019136839,5.494084741702743,0,1,0
S7_p020_t004_s1019946476,2026-10-04T15:18:15Z,S7,20,2,0,0,c5415de05284bb407843b6aaeefe5b72543a31037e8c8625e0426ba46e512ed5,12000,16,1,180000,0.8493081663090027,1,0.5145282822110969,0.5282992499915897,0,1,172800,0.0,-0.05949952702022235,-324.04166465170965,-29.688911364177542,0.04971683217565355,0.00015118933892362195,1.8777413515636e-05,0.08333333333333333,0.0,600.0,89.79995102007744,6.060622390895405,0,1,0
S8_p000_t000_s1451638557,2026-10-04T15:18:45Z,S8,0,12,0,0,828d23363f9007cb96cdc7ae445736dc3eb5b79a00f0c05b7bc52c1891e8238c,12000,16,1,180000,0.862817736783373,1,0.6933773584546465,0.7813339612689649,0,1,172800,0.0,-0.09077206883708694,-313.37499971511716,-29.1278976891935,0.10398461605452003,-1.571300423494994e-05,-1.951523699972313e-06,0.08333333333333333,0.0,600.0,119.87928387130746,15.643607524775936,0,1,0
S8_p000_t001_s686175255,2026-10-04T15:19:00Z,S8,0,12,0,0,b69d87a71981bf4c884819eda9437386909ee8610d7951ba339fbaa200ce9121,12000,16,1,180000,0.9979563029242146,1,0.7801818257389432,0.782031835052609,0,1,172800,0.0,-0.08860537671766726,-262.9166666139723,-29.723691278779654,0.09003342761226499,0.0001298890547321283,1.6131960819620872e-05,0.08333333333333333,0.0,600.0,29.602967710335314,15.14057561563103,0,1,0
S8_p000_t002_s147853078,2026-10-04T15:19:15Z,S8,0,12,0,0,4b75107997140eb170dab27acdaf676ead3f474f1da1f024cd58b86b8ca4fd23,12000,16,1,180000,0.9981246680371036,1,0.7800883169356997,0.782031835052609,0,1,172800,0.0,-0.09043451283154223,-302.91666604024493,-29.656901725332467,0.0855023557289307,0.00015194504086722417,1.887127018562751e-05,0.08333333333333333,0.0,600.0,51.01929051518366,15.399761665359097,0,1,0
S8_p000_t003_s1651849846,2026-10-04T15:19:30Z,S8,0,12,0,0,99a5162cf342b0ee41d667eafa3d169786e4af594cc50b8a160ad8736c6c66a7,12000,16,1,180000,0.998186997734894,1,0.7794977158753692,0.7812855341615296,0,1,172800,0.0,-0.08955355971191067,-302.9166663518384,-29.68102470253383,0.10691889684388406,1.9674558201383108e-05,2.443540779495379e-06,0.08333333333333333,0.0,600.0,42.179493143250646,15.356988375926557,0,1,0
S8_p000_t004_s285589846,2026-10-04T15:19:45Z,S8,0,12,0,0,19760691cb505403791f75bcc2dcc5e915913541a08584cbc6310f062e7f29ef,12000,16,1,180000,0.9981367786513305,1,0.7788796712120092,0.7807268557375117,0,1,172800,0.0,-0.08953980849469056,-302.9166658117605,-29.64117644644112,0.10149767897243346,0.0002084786590218545,2.5892632493196288e-05,0.08333333333333333,0.0,600.0,38.754047138801894,15.201505752142804,0,1,0
