slot,cycle_utc,scenario,part,n_truth_rows,oversize,after_oversize,wav_sha256,fs,bits,channels,n_samples,rho_peak,rho_sign,rho_neighbour_max,ref_vs_neighbour_ref_rho,lag_ambiguous,g_sign,n_support,lag_lost,g_db,tau_ms,resid_db,step_db_max,drift_ppm,drift_dlag_samples,zero_run_ms,head_zero_ms,tail_zero_ms,click_max,tile_excess_db,clip_n,nondiscriminating,ref_mismatch
S1_p000_t000_s913544046,2026-10-04T13:31:15Z,S1,0,1,0,0,fceb736af8522cd6cb4667f22732ec4a6e09ba70830e51696a308fe001d759e8,12000,16,1,180000,0.913176942973297,1,0.03659969560473602,0.02956592747315697,0,1,173865,0.0,-2.7729555230509364,-311.24174347721055,-8.181203627655478,0.14150008040524156,-0.005411887962876679,-0.0006779093218938215,0.08333333333333333,0.0,0.0,4.934386513572952,5.011700192365596,0,0,0
S1_p000_t001_s68344610,2026-10-04T13:31:30Z,S1,0,1,0,0,2c7f46459e8539d4ce1b06c402db0f3675c6d3531b29b052e40ff4cca72cd87e,12000,16,1,180000,0.9138881359652754,1,0.03903932214189621,0.030887026653478054,0,1,173665,0.0,-2.7460163741421333,-327.9084155594458,-8.216727360041803,0.1470491424794696,-0.0013264989606615327,-0.00016589593951721326,0.08333333333333333,0.0,2.916666666666667,5.519510250112194,5.392955027498846,0,0,0
S1_p000_t002_s205210819,2026-10-04T13:31:45Z,S1,0,1,0,0,ef777334442c88304ae380afe32181e102efc50816c594c574cf939603b7c0af,12000,16,1,180000,0.9134814501133404,1,0.056705208974686096,0.04584283300923298,0,1,173700,0.0,-2.7638137859619984,-324.9917676051876,-8.192526155372764,0.11948436273518381,-0.0013434787382106547,-0.00016806650319267646,0.08333333333333333,0.0,0.0,4.855045242118997,5.738526803470205,0,0,0
S1_p001_t000_s1915168523,2026-10-04T13:32:00Z,S1,1,1,0,0,f87d90d59d6275172b57d22e3f29ae01d7ac08499b5443594e839db0c5cc8d47,12000,16,1,180000,0.9172033939108886,1,0.0844088540550703,0.06898944693947938,0,1,173682,0.0,-2.6202024948179954,-326.4918060924392,-8.39163040770007,0.2550259242466501,0.008314681289624891,0.0010400003357062815,0.08333333333333333,0.0,0.0,4.770901649937089,8.509294012351486,0,0,0
S1_p001_t001_s1105300121,2026-10-04T13:32:15Z,S1,1,1,0,0,053a482aef85f45f6dd9d9ac4f672bd8dad86c201b446994fb5482e7b2f57f3c,12000,16,1,180000,0.9167222294703332,1,0.08365254599297005,0.06898944693947938,0,1,173680,0.0,-2.634815879160513,-326.65848291521434,-8.356291926125794,0.3255766048841877,0.008267408544470925,0.0010340709259253344,0.08333333333333333,0.0,3.9166666666666665,4.678136112945534,8.895576067724578,0,0,0
S1_p001_t002_s1345625016,2026-10-04T13:32:30Z,S1,1,1,0,0,bdbee58769dcd52d8014705a4f5d3602781d4dc4fcfebc6a2a5af0bfbdff7430,12000,16,1,180000,0.9163064181948092,1,0.10586803521933132,0.08369050839214716,0,1,173727,0.0,-2.65391548653781,-322.74178745576864,-8.34320615815752,0.2589834931429246,0.0026220589822154032,0.0003280851301497023,0.08333333333333333,0.0,12.0,4.774929433072691,8.024235914147859,0,0,0
S1_p002_t000_s1491760006,2026-10-04T13:32:45Z,S1,2,1,0,0,0aed19fd3a1a00a28933a5e80478e130b02117f0a2cc110cef32fcb950ebcc06,12000,16,1,180000,0.9202749082606595,1,0.13212572441017922,0.10617227651817505,0,1,173871,0.0,-2.5018344703780815,-310.74183973184336,-8.559082942316788,0.42448280977975605,0.008794012882399593,0.0011016171997653146,0.08333333333333333,0.0,0.0,5.012499418253531,9.990396389606992,0,0,0
S1_p002_t001_s546635023,2026-10-04T13:33:00Z,S1,2,1,0,0,8f804ff54fd97d11836f91aafe811061b1e32c71dc12f6ce6fdee22b0952064e,12000,16,1,180000,0.9200559484555716,1,0.13093678984933665,0.10617227651817505,0,1,173745,0.0,-2.5083624629770407,-321.24187420320897,-8.536770464754786,0.37462986635092255,0.010383441755131262,0.0012994150515623915,0.08333333333333333,0.0,7.666666666666666,4.739218244139987,10.358077703080726,0,0,0
S1_p002_t002_s714902369,2026-10-04T13:33:15Z,S1,2,1,0,0,9c2649178f760f0ebe3dc0435adbb7277bb9a4b94e6be372d2741575f0bfd647,12000,16,1,180000,0.9197494853921135,1,0.18082553605982785,0.14670016776381692,0,1,173837,0.0,-2.5248138441222223,-313.57517844452315,-8.53238378349452,0.36498453362890726,0.01586404510465806,0.001986733688681852,0.08333333333333333,0.0,2.75,5.531256984423142,10.380415973229812,0,0,0
S1_p003_t000_s474144144,2026-10-04T13:33:30Z,S1,3,1,0,0,51b3bfda0a2a497b795401a917ee9f486b9633e334c282fe3731137211f572e0,12000,16,1,180000,0.9278580634803969,1,0.24821934632704679,0.205272445875899,0,1,173870,0.0,-2.220467811929752,-310.8254012301701,-8.98336732036941,0.7076672797536128,0.01709816977689082,0.0021418535316115594,0.08333333333333333,0.0,0.0,4.658672122356174,13.122488579676892,0,0,0
S1_p003_t001_s1226819330,2026-10-04T13:33:45Z,S1,3,1,0,0,01c11f6fe609b9b20b9f89bf0dd6b4912446e3440f3ce5b4b3f892b0313b8a2b,12000,16,1,180000,0.9283504078706704,1,0.2482524643033971,0.2067914222664561,0,1,173802,0.0,-2.209321332546064,-316.49205877100576,-9.013719914774216,0.6102599202933181,0.014466196765637849,0.0018111678350578586,0.08333333333333333,0.0,0.0,4.58763123268585,13.17841739962125,0,0,0
S1_p003_t002_s1182452760,2026-10-04T13:34:00Z,S1,3,1,0,0,b3cffa5c9b319b0e3df37f7f84b85fd0720e63d7a0cbda239f8a38b0968df70c,12000,16,1,180000,0.9284772320990544,1,0.3142026327362205,0.2618170648542017,0,1,173681,0.0,-2.2056253709829283,-326.57540500351206,-9.0266298031692,0.6977699541619231,0.019386384618923953,0.002424829601750389,0.08333333333333333,0.0,15.333333333333332,4.711707165205633,13.195867322301737,0,0,0
S1_p004_t000_s184630235,2026-10-04T13:34:15Z,S1,4,1,0,0,8780c80d6af4566a7b2a3bab4568e9ba762dd4fb5d51dd2f89e2065915d629ab,12000,16,1,180000,0.9387212182303142,1,0.3795751719165373,0.3240614133098152,0,1,173865,0.0,-1.8588794017140362,-311.2423070874399,-9.720690273843973,1.0749874902029695,0.03059678678613305,0.0038326453031913843,0.08333333333333333,0.0,0.0,4.833782548824641,15.678504609066852,0,0,0
S1_p004_t001_s792672454,2026-10-04T13:34:30Z,S1,4,1,0,0,b941af103fca2e407d23e14dc97de45101103e3a6c0ee85f07a19f3d00ad9348,12000,16,1,180000,0.9382075353669382,1,0.3790230278356225,0.3244084884058915,0,1,173726,0.0,-1.874412239158081,-322.82562812676105,-9.678984592545955,0.9664167375240956,0.022473889711695946,0.0028120229762862436,0.08333333333333333,0.0,11.416666666666668,5.601708800636506,15.595964695290611,0,0,0
S1_p004_t002_s2116022063,2026-10-04T13:34:45Z,S1,4,1,0,0,5caf3e16795adbaee341d5a6b1b89aa5d913b637e3170d2bca2f50b2ae0a2265,12000,16,1,180000,0.8608707007459939,1,0.46802829085238296,0.40085981705685186,0,1,173863,0.0,-2.593500969250448,-311.40903791946704,-5.1047657713137164,43.87903507076976,0.003797098706557192,0.0004756283810820605,9.416666666666666,0.0,0.0,11.630894512241507,16.115591484721733,0,0,0
S1_p005_t000_s528655056,2026-10-04T13:35:00Z,S1,5,1,0,0,4247cd7e4bd8864e35a162623446899beffc864ffcebf0a71e18377f85027e09,12000,16,1,180000,0.952997675261209,1,0.5540568709546405,0.49594440376218796,0,1,173866,0.0,-1.4059677253805425,-311.1593781074067,-10.909304778257066,1.5823233458761905,0.04162021934395681,0.005213515155901405,0.08333333333333333,0.0,3.9166666666666665,4.889701221230319,18.657393800378,0,0,0
S1_p005_t001_s108725431,2026-10-04T13:35:15Z,S1,5,1,0,0,3baac5df5a760269799637782d36371f48794f6232f21dfe7952c45856379f78,12000,16,1,180000,0.9530976483743394,1,0.5539279600352386,0.49594440376218807,0,1,173913,0.0,-1.4036639704949745,-307.2427151838534,-10.921756097972498,1.4274052015338907,0.039242262687890224,0.004917487179682212,0.08333333333333333,0.0,0.0,5.227055288015244,18.733512743039334,0,0,0
S1_p005_t002_s2006277236,2026-10-04T13:35:30Z,S1,5,1,0,0,1af77ddd335785b5f305230e2535c6d7209866a0ff739aa3e8a24e00c62888df,12000,16,1,180000,0.9530322556312281,1,0.6426406934578598,0.575200827769748,0,1,173761,0.0,-1.405664359079561,-319.9093711687844,-10.912413592308951,1.4667234373382083,0.03725237990471983,0.004662470616494829,0.08333333333333333,0.0,9.333333333333334,4.985438365125818,18.810594426437323,0,1,0
S1_p006_t000_s147152921,2026-10-04T13:35:45Z,S1,6,1,0,0,b9913e1c3eb237675c39eca0cd0d293d22a4ea7c750a76c6303b0c9761375ed6,12000,16,1,180000,0.9686970759675226,1,0.7185898222002141,0.6695122953158428,0,1,173873,0.0,-0.9473830604601531,-310.57650943207653,-12.780572893818945,1.8958467265795016,0.041771589513437554,0.005232768789937836,0.08333333333333333,0.0,0.16666666666666666,4.538044611507345,20.511756275984872,0,1,0
S1_p006_t001_s1953053430,2026-10-04T13:36:00Z,S1,6,1,0,0,53efdaf86475631677dd2a7a0eb5079bfb9bd8f2a1fa03540567c9f549220fd9,12000,16,1,180000,0.9684329694019984,1,0.7175733312457903,0.6695122953158428,0,1,173875,0.0,-0.9543590887375726,-310.4098628115468,-12.732767983237409,1.9476666630612185,0.04454867922765034,0.005580746692885441,0.08333333333333333,0.0,337.58333333333337,4.5145242294714025,20.519617044425466,0,1,0
S1_p006_t002_s147567551,2026-10-04T13:36:30Z,S1,6,1,0,0,15a5948fa3749723d97bb0cba7f2e6f18ba0709753aec5de257f346620fe7475,12000,16,1,180000,0.9684526036526009,1,0.776660095241823,0.7239516056757861,0,1,173618,0.0,-0.9532117083875692,-331.8265163562743,-12.737235766050265,1.9660771149793457,0.04382683194285145,0.005479055222167517,0.08333333333333333,0.0,6.583333333333333,4.363933255015668,20.357134337422472,0,1,0
S1_p007_t000_s1402667823,2026-10-04T13:36:45Z,S1,7,1,0,0,6b054ffda3d8ab0904d792e5a9325fe698b48090afed49c6abb72b8a782766b0,12000,16,1,180000,0.9794213351350929,1,0.8239996719281901,0.7888016545704567,0,1,173697,0.0,-0.6498450338698636,-325.2435785520296,-14.734606961718589,2.1892038966407776,0.04109142363581852,0.005140331639722717,0.08333333333333333,0.0,0.0,4.965828433130507,21.981718815624273,0,1,0
S1_p007_t001_s1425587327,2026-10-04T13:37:00Z,S1,7,1,0,0,596d90a1097f55dc28c48bf42ac80c9f03428e77a3d253ba4cce6ce813fbd268,12000,16,1,180000,0.9794028455412116,1,0.8239501331945116,0.7888016545704567,0,1,173635,0.0,-0.6493985494681077,-330.4102521756843,-14.7256403692648,2.3400142375895983,0.0407218919107195,0.005091580311272992,0.08333333333333333,0.0,4.916666666666666,4.857907309910299,22.007513427508265,0,1,0
S1_p007_t002_s718289455,2026-10-04T13:37:15Z,S1,7,1,0,0,da7e6a56e6ceca9d07498a09939c9de1eb042bda9a3ba496476f66c996b7e814,12000,16,1,180000,0.9792347062805232,1,0.8752675588415545,0.8385280478656059,0,1,173694,0.0,-0.6546633287344449,-325.4935724780868,-14.69002566090953,2.223717635153565,0.039401553139350426,0.004928819085307623,0.08333333333333333,0.0,0.0,4.740296170699163,21.98144032324722,0,1,0
S1_p008_t000_s1206520285,2026-10-04T13:37:30Z,S1,8,1,0,0,6569ca8f92718ff0b01358d3e0f59776891eba108fd2adc8fc1a34b40c47e029,12000,16,1,180000,0.9887611224339357,1,0.9116346506956056,0.8922877015429264,0,1,173580,1.0,-0.3990020430512206,-334.9939661596521,-17.683799875528972,2.539385804873264,0.029191877145668566,0.003648342421911366,0.08333333333333333,0.0,11.916666666666668,4.744757482861983,22.976494229087983,0,1,0
S1_p008_t001_s1462033172,2026-10-04T13:37:45Z,S1,8,1,0,0,83e1826fdab37c1178ed302013636092bc0c000cfe1d7bb05c9feedfc69d0b53,12000,16,1,180000,0.9886639793724643,1,0.9120753402078704,0.8922877015429264,0,1,173723,1.0,-0.4021363728002206,-323.07729646085437,-17.6359408236977,2.481716619529544,0.02567209261189658,0.003212117899693112,0.08333333333333333,0.0,0.0,4.8323999288522765,23.144265737794573,0,1,0
S1_p008_t002_s1537966073,2026-10-04T13:38:00Z,S1,8,1,0,0,b980ee4621fa9d498af2cc038b2de1288bbe5faacb3b0d8b211fc9d0846d6c1a,12000,16,1,180000,0.9887969993737202,1,0.932877467265001,0.9131794267773907,0,1,173640,1.0,-0.39862807751032237,-329.9939639605612,-17.699699833092176,2.4930443870341974,0.02844889131521384,0.0035571924722717085,0.08333333333333333,0.0,0.0,4.512584461216205,23.12052130851958,0,1,0
S1_p009_t000_s758409719,2026-10-04T13:38:15Z,S1,9,1,0,0,2fdf85df2c9c6161e139f203d1d77c6332dec4a5ec288b09f38c8154df1b6a99,12000,16,1,180000,0.9031071575123906,1,0.8780541202291877,0.9343002500583387,1,1,173720,nan,-0.9941991064043119,nan,-7.341411684262632,16.283511155117306,nan,nan,9.416666666666666,0.0,0.0,18.971468231092423,47.138083567268374,0,1,0
S1_p009_t001_s1723470335,2026-10-04T13:38:30Z,S1,9,1,0,0,e123f57abdb59d7eb799c2d82ad7b6a21ee520aeb732eb608343fe457046a355,12000,16,1,180000,0.956988363362667,1,0.934296348211801,0.9343002500583387,1,1,173636,nan,-0.3049152149821479,nan,-19.44614283323527,2.702411074417105,nan,nan,0.08333333333333333,0.0,7.75,4.652731009682833,23.676272791132227,0,1,0
S1_p009_t002_s1581091521,2026-10-04T13:38:45Z,S1,9,1,0,0,c42d5322c12961931666d40ac757b3ec270d4178918efdf79dd874137088c96a,12000,16,1,180000,0.9569531155548856,1,0.9343936784278757,0.9342265314570748,1,1,173729,nan,-0.30587077202836205,nan,-19.433456005059174,2.82511823486874,nan,nan,0.08333333333333333,0.0,347.1666666666667,4.615905082658257,23.741291482935637,0,1,0
S1b_p000_t000_s670279447,2026-10-04T13:39:15Z,S1b,0,1,0,0,13d0cbf7a82d17b0047b6c1403d41dfb582afd8a213874d47fa8227da1940049,12000,16,1,180000,0.7874647991175255,1,0.05362535791216579,0.04314353477945923,0,1,173626,0.0,-2.9046689004768895,-331.13872645299915,-7.56626084432741,0.1274919384098361,-0.003532937279415971,-0.00044170195042170235,0.08333333333333333,0.0,0.08333333333333333,4.947281146050392,2.1543009973701857,0,0,0
S1b_p000_t001_s755619207,2026-10-04T13:39:30Z,S1b,0,1,0,0,4cd97603cb32b43ed93e002520c44feade05efff321396a9280d02898b17b9cb,12000,16,1,180000,0.7875564097004586,1,0.01133390400743918,0.011555912219765227,0,1,173627,0.0,-2.9076943082468882,-331.0554088146673,-7.5403413062736835,0.10053711760371692,0.014618073527923181,0.0018276246428285958,0.08333333333333333,0.0,6.166666666666667,4.687502375529492,2.2960890570676478,0,0,0
S1b_p000_t002_s405040029,2026-10-04T13:39:45Z,S1b,0,1,0,0,71dff2198a798dd536c0dd5a6f246cdb37ce3a5aa57a07a2b834c36cb3d38319,12000,16,1,180000,0.7863657118526752,1,0.011787722280980337,0.011555912219765223,0,1,173701,0.0,-2.928458299802906,-324.8887232044999,-7.511850985191369,0.1149680263500722,-0.017228629183710327,-0.0021552842822529783,0.08333333333333333,0.0,0.0,4.959243629886111,2.392938345328889,0,0,0
S1b_p001_t000_s421145395,2026-10-04T13:40:00Z,S1b,1,1,0,0,a3eaade7813aecc8c8b0208456b342fa57889ec945fb10c306fdfe58e31884e2,12000,16,1,180000,0.7876186333269839,1,0.011996189755695988,0.011333582432054332,0,1,173496,0.0,-2.9076063216795394,-341.972046662296,-7.534407707616535,0.10880920526483925,0.004213231977630434,0.0005262073946141754,0.08333333333333333,0.0,9.833333333333332,5.524289602946936,2.19869628885756,0,0,0
S1b_p001_t001_s617056408,2026-10-04T13:40:15Z,S1b,1,1,0,0,681e67a4056904fc7bc0921676f94d6d6b55e9920c5b6b15c90c547d4058cb85,12000,16,1,180000,0.7870333703285824,1,0.011949724954578637,0.011305349550454044,0,1,173614,0.0,-2.9241170618365437,-332.1387967350196,-7.495307669295984,0.18831115259400774,0.00605239358537455,0.0007566218268948433,0.08333333333333333,0.0,1.6666666666666667,4.637635796813654,2.214778592897023,0,0,0
S1b_p001_t002_s1338794941,2026-10-04T13:40:30Z,S1b,1,1,0,0,37f3327ea5743d7de99144917cb232dca0650c5af417e6c98807179c37f86749,12000,16,1,180000,0.7873141361880946,1,0.011029517240620925,0.012603220098951503,0,1,173634,0.0,-2.913336729737021,-330.47208852304476,-7.535659628205744,0.16220597031908782,-0.007281513146387353,-0.0009104221517191036,0.08333333333333333,0.0,5.75,4.751142929095738,2.1308047392459555,0,0,0
S1b_p002_t000_s265536591,2026-10-04T13:40:45Z,S1b,2,1,0,0,906b8b05de3e6f13070f72c38c093bab99ea665f1ee0f21afaa0a84e8b539837,12000,16,1,180000,0.7879627822297431,1,0.01345954132324861,0.0126032200989515,0,1,173703,0.0,-2.901752454135433,-324.72204383684647,-7.530015262103301,0.156561189870633,-0.005793803285907255,-0.0007248105848702835,0.08333333333333333,0.0,0.0,5.448006092452422,2.3261933698749697,0,0,0
S1b_p002_t001_s984384874,2026-10-04T13:41:00Z,S1b,2,1,0,0,32f1f4fe43275ad488a9092c922a151b6e6f49b494fd5ed22703f11cc02584bb,12000,16,1,180000,0.789643053183209,1,0.014259430514416548,0.01298530339325719,0,1,173560,0.0,-2.876145416100306,-336.6387321740294,-7.571383795025297,0.13658634228876293,0.0003954771668448343,4.9418035814596806e-05,0.08333333333333333,0.0,11.416666666666668,4.936396158050081,2.4756941933565173,0,0,0
S1b_p002_t002_s1445559193,2026-10-04T13:41:15Z,S1b,2,1,0,0,91cd3b268075a21c01e6fb7edf4d99c99500fab6301cbe4fd1264a1bd6dbcc1f,12000,16,1,180000,0.7880405996771048,1,0.018299467258494344,0.015758898130045152,0,1,173697,0.0,-2.8982012685386627,-325.222060308497,-7.561126519882807,0.12974092297485373,-0.00839493735862325,-0.0010501646888769756,0.08333333333333333,0.0,0.0,4.559284075671888,2.976931189821041,0,0,0
S1b_p003_t000_s799072493,2026-10-04T13:41:30Z,S1b,3,1,0,0,5af9ce32caac865c5dd398f4abfdda459466d384e7f15ba0a03fc577c6a1d043,12000,16,1,180000,0.4633632823199091,1,0.016897351173896027,0.018272154502737295,0,1,173651,0.0,-7.4352638899659595,-329.0550705011162,3.72751997489442,44.231167560867476,1914.4023464668942,239.39409902333864,10.833333333333334,0.0,4.0,7.380954949303703,8.059946263790977,0,0,0
S1b_p003_t001_s1267271188,2026-10-04T13:41:45Z,S1b,3,1,0,0,acee10bd18e2c8cc9d51a9594787ece07edb600b56ad0093ab43cf238c63600f,12000,16,1,180000,0.8258294940596133,1,0.02271418053978883,0.020243011075190154,0,1,173939,0.0,-2.892539926739979,-305.10581798776855,-7.4994771007116565,0.18352605347759757,0.020214386022520205,0.002533610500904615,0.08333333333333333,0.0,0.0,4.7266953156669755,4.213198917601238,0,0,0
S1b_p003_t002_s60044557,2026-10-04T13:42:00Z,S1b,3,1,0,0,c945c479193c76e1b155769dbd8095c85483ccdcf3e7b0b3bdb87b91c9caf082,12000,16,1,180000,0.8259975129146924,1,0.022665933353956558,0.020243011075190158,0,1,173743,0.0,-2.8851381050418814,-321.4391707681716,-7.49198196997784,0.16999500207303636,0.013231740483716014,0.0016558332358727057,0.08333333333333333,0.0,358.6666666666667,4.646315716815695,4.152096482348438,0,0,0
S2_p000_t000_s1289144792,2026-10-04T13:42:30Z,S2,0,1,0,0,5880030eec330ecf9f356a4904f15f43d072947af015c1cbe1d5df2d5d3097fa,12000,16,1,180000,0.8800058616014437,1,0.35911488481917947,0.3034330082516182,0,1,173655,0.0,-1.932906858719767,-328.7725919206223,-8.969674246342153,1.03437051649333,0.014314522721823075,0.001790074009932141,0.08333333333333333,0.0,0.0,5.534424988159144,15.207075193025704,0,0,0
S2_p000_t001_s68113513,2026-10-04T13:42:45Z,S2,0,1,0,0,14c785f866c1416138bd63e139756ec4f74582deed608d0442cdbef94da7ed6e,12000,16,1,180000,0.8803887093414434,1,0.36258455113763555,0.30742776009651607,0,1,173539,0.0,-1.919230525392723,-338.43932708990724,-8.989352295614278,1.0958293278731788,0.015115025800603175,0.001888425978449959,0.08333333333333333,0.0,11.083333333333334,5.023987153626784,15.289520220925505,0,0,0
S2_p000_t002_s492170927,2026-10-04T13:43:00Z,S2,0,1,0,0,d0fa539557821708e968312978d7fa8b6c5acb5bd3a95a6ce56ef55f7ff3ddf7,12000,16,1,180000,0.8806080005892503,1,0.3628500357752105,0.30742776009651607,0,1,173672,0.0,-1.9225762422612322,-327.3559345738922,-8.98688501552113,1.060084239599896,0.010394040318545834,0.0012999826226405276,0.08333333333333333,0.0,0.0,4.792596866833965,15.275441827546398,0,0,0
S2_p001_t000_s2106742562,2026-10-04T13:43:15Z,S2,1,1,0,0,56e269583cb0c55dbd682686fd0303fde10b64b64ddb5c82dab11f345e6b8aef,12000,16,1,180000,0.8778784767360105,1,0.36029090774744105,0.30578272388914524,0,1,173619,0.0,-1.9271290014662577,-331.773164221162,-8.98591650591374,1.1792142388974078,0.03670958439431582,0.004589322112224181,0.08333333333333333,0.0,0.0,4.9839483742700725,15.527217647305857,0,0,0
S2_p001_t001_s1155555599,2026-10-04T13:43:30Z,S2,1,1,0,0,a21b861e42519d31af7a3b3cd07d6506b1b53170b365ce3305de92b20fb1dc34,12000,16,1,180000,0.8781310178327526,1,0.35986287524410465,0.30634906820550983,0,1,173607,0.0,-1.9220243540730242,-332.7731702099306,-9.008389135869164,1.09766341460479,0.043431467642087815,0.005429150612599187,0.08333333333333333,0.0,0.8333333333333334,4.727336646790213,15.248310904548232,0,0,0
S2_p001_t002_s1218472882,2026-10-04T13:43:45Z,S2,1,1,0,0,619f3ae7b93c7e8455c949d123e094d8497c32b54746be4acb8b7cfb5e47e874,12000,16,1,180000,0.8778162426878537,1,0.3598208911635169,0.30634906820550983,0,1,173617,0.0,-1.9224477449070503,-331.9398766219826,-9.017055653683062,1.0727090929059186,0.04342118170161418,0.005428299030427297,0.08333333333333333,0.0,0.0,4.739323537750485,15.459212051333838,0,0,0
S2_p002_t000_s1410889249,2026-10-04T13:44:00Z,S2,2,1,0,0,32cb269a17620f79715584fd6d36f33108f44f450c9d742ece55d0bed94c67b3,12000,16,1,180000,0.8734610175819867,1,0.35373010196615,0.3033898382135205,0,1,173580,0.0,-1.934463564910836,-335.02391357983777,-8.984248966442518,1.0829077776607479,0.06898821280648935,0.008622008860129426,0.08333333333333333,0.0,5.666666666666667,5.27407880001412,15.810339631578014,0,0,0
S2_p002_t001_s1295536992,2026-10-04T13:44:15Z,S2,2,1,0,0,cdfbe68cf20c8e3e7282ca6caf9720f54dad9c38bc90ffbd96edeab23c64e69d,12000,16,1,180000,0.8732409722034881,1,0.3559696754843006,0.3043322498678894,0,1,173648,0.0,-1.9425746075196986,-329.3571803326795,-8.976444101579007,1.003679722204684,0.0815834637725173,0.010201685810898198,0.08333333333333333,0.0,0.0,4.895312431005664,15.606817515223145,0,0,0
S2_p002_t002_s1338324977,2026-10-04T13:44:30Z,S2,2,1,0,0,9fbbfe7e8d8a70606a9086a788bef57c4ca139b2524d1304f8f2d16e74c9fc7f,12000,16,1,180000,0.8740076467360869,1,0.3560611327366789,0.3043322498678894,0,1,173460,0.0,-1.9241447149776834,-345.02390825699393,-9.01323337319035,1.0065063721249934,0.08102689191141922,0.010116855670275982,0.08333333333333333,0.0,9.5,4.906870183864213,15.826988814446945,0,0,0
S2_p003_t000_s1727962604,2026-10-04T13:44:45Z,S2,3,1,0,0,3de5cf7b16cfe7fde65063817ea196897c56304d5b04a7daafada095d649163a,12000,16,1,180000,0.8689678232297704,1,0.3590818930766574,0.3051709554492243,0,1,173574,0.0,-1.9362506115442475,-335.5246342207271,-9.023694123295554,1.0572027787849256,0.10489951160355974,0.013109501764120068,0.08333333333333333,0.0,0.5833333333333334,4.660804162655648,15.760927402115069,0,0,0
S2_p003_t001_s505940398,2026-10-04T13:45:00Z,S2,3,1,0,0,851580325e0f13f94f2c0870715b2251207ba616831541f5dd246a9b9d56bfc7,12000,16,1,180000,0.8693644191626535,1,0.36043836203406315,0.30689079226417026,0,1,173581,0.0,-1.928640829669277,-334.9413075390573,-9.039733959593653,0.9640445712465994,0.09599892684245907,0.011997849877843692,0.08333333333333333,0.0,0.0,4.630766680941264,15.968203727243202,0,0,0
S2_p003_t002_s1702346768,2026-10-04T13:45:15Z,S2,3,1,0,0,86f30918f390c2cbd96ea69874d12c33fd3bb636b9f7535dc2408769e3ec61f2,12000,16,1,180000,0.8684657082106624,1,0.361961769154513,0.30689079226417026,0,1,173556,0.0,-1.9491053445772168,-337.02457036170927,-9.002338456940844,0.9354304739452686,0.11465649496584293,0.014326787671961938,0.08333333333333333,0.0,3.833333333333333,4.700617489918727,16.051732988583495,0,0,0
S2_p004_t000_s1635038415,2026-10-04T13:45:30Z,S2,4,1,0,0,9ba50522176d059aad0480fc80ee93874444e47fa3c44e5ad022217ac3f0f48a,12000,16,1,180000,0.863279270487172,1,0.35769835771236486,0.3040231133054214,0,1,173602,0.0,-1.9666323175061409,-333.1918393367147,-9.029379196511496,1.0084014467941291,0.12566678284929367,0.01570834785616171,0.08333333333333333,0.0,0.0,4.734906728425234,15.866644885587801,0,0,0
S2_p004_t001_s1183238402,2026-10-04T13:45:45Z,S2,4,1,0,0,417b5272639bb571b3ac851248dd39d1655d0beaf6bb5a2f107068ba13d1315c,12000,16,1,180000,0.8631782022606789,1,0.35806259837292587,0.3069543546700123,0,1,173506,0.0,-1.9674777038267324,-341.19184704595256,-9.023481643576641,0.9928273932063431,0.1172579435140135,0.014645986176674342,0.08333333333333333,0.0,14.583333333333334,4.532594616664642,15.776966539624265,0,0,0
S2_p004_t002_s333126784,2026-10-04T13:46:00Z,S2,4,1,0,0,c57718a927499b32c8a7026e08a6cc0786b9d084ae49d07c56fd6f4b0898a150,12000,16,1,180000,0.8625919887441524,1,0.36037626342977713,0.3069543546700123,0,1,173681,0.0,-1.9805444181933363,-326.6084925474461,-9.000639789595292,1.0221397807320898,0.12943190751976702,0.01618921356066494,0.08333333333333333,0.0,0.0,4.948023690291026,15.698940574989575,0,0,0
S2_p005_t000_s356586922,2026-10-04T13:46:15Z,S2,5,1,0,0,6806f04dfb00709700b228f64c8d8ee48082ed3446fa7e0d6d2540863a7dc68f,12000,16,1,180000,0.8576624849510885,1,0.352659714472077,0.3024432576008823,0,1,173622,0.0,-2.009547805812197,-331.52550200829256,-9.052110919647024,0.9645472452753069,0.14490738969690248,0.018116321859906748,0.08333333333333333,0.0,0.0,5.000023006787446,15.339149328505394,0,0,0
S2_p005_t001_s1328624968,2026-10-04T13:46:30Z,S2,5,1,0,0,f584e0860bc462e34099b9972de749a43b98f309d1c0af00cb8119ebe82916c3,12000,16,1,180000,0.8577744909281984,1,0.35548772641218623,0.3024432576008823,0,1,173578,0.0,-2.010252464279591,-335.1921390916208,-9.060428104607755,1.0505072666613418,0.13363524124753295,0.016701197910151677,0.08333333333333333,0.0,0.0,4.629212285032647,15.3849234593002,0,0,0
S2_p005_t002_s843406380,2026-10-04T13:46:45Z,S2,5,1,0,0,a39e2616adf0202a0566fd2ae07c3a27010420159ca3afd4c8bc61c6e485f70d,12000,16,1,180000,0.8584912637523091,1,0.35416404426435016,0.30237624104345756,0,1,173570,0.0,-1.9946947665215897,-335.85883933855257,-9.097054084689667,0.8913098295367862,0.11482821372627253,0.014349852212944825,0.08333333333333333,0.0,0.0,4.740837356364988,15.447462762470206,0,0,0
S2_p006_t000_s1939969654,2026-10-04T13:47:00Z,S2,6,1,0,0,69b72e3e3d817309e31e298ec7b50ef688d5bc87dab87a8f5f8e708bf1bb2408,12000,16,1,180000,0.8528008484091089,1,0.35187793143066864,0.3007940954549315,0,1,173501,0.0,-2.071236821223302,-341.6087818705667,-9.117715074200373,0.9051918301316986,0.12579389363035245,0.015711531520537392,0.08333333333333333,0.0,0.0,4.59209981477011,14.517507596633287,0,0,0
S2_p006_t001_s441937503,2026-10-04T13:47:15Z,S2,6,1,0,0,87a4a7ab3f1f40a1434ccf565783e0988a32b7745938d446cc06a97b1054ebc1,12000,16,1,180000,0.8531580580394355,1,0.3490258410330633,0.30158918785722183,0,1,173491,0.0,-2.06129273020931,-342.442150407221,-9.139921837516265,0.8282108428668988,0.11355068356321195,0.014181231319525978,0.08333333333333333,0.0,372.33333333333337,4.634262077242461,14.345475837806106,0,0,0
S2_p006_t002_s781512667,2026-10-04T13:47:45Z,S2,6,1,0,0,e4f2e8428f7af4c3f0a9a1352699a85406c9a8aaf21a99b66463042bfaa13b0d,12000,16,1,180000,0.8358554184028771,1,0.3491311088584691,0.30158918785722183,0,1,173516,0.0,-2.0650676868030082,-340.30549474724467,-9.148081604237335,1.0519615711454604,-0.004661968271799505,-0.0005823451047035633,0.08333333333333333,0.0,10.833333333333334,4.496564439786278,14.142245554346662,0,0,0
S2_p007_t000_s1531496940,2026-10-04T13:48:00Z,S2,7,1,0,0,2147da5c09a96e3432901699d14e2bbc96ad7d2fa21eb630117cc03be9bd048b,12000,16,1,180000,0.8280046541795998,1,0.34514100259771546,0.30472990527153115,0,1,173646,0.0,-2.126593701910407,-329.4716797533789,-9.288251407246126,0.8115454123670465,-0.016426437919160652,-0.0020540275031635247,0.08333333333333333,0.0,0.0,4.721869332425892,12.878286008322949,0,0,0
S2_p007_t001_s326924126,2026-10-04T13:48:15Z,S2,7,1,0,0,189219307de2f9050a4fc617fb31e2b9c46f178ebb5a99d7473f4fcabc5b9814,12000,16,1,180000,0.6574678893451957,1,0.3161171790482674,0.30472990527153115,0,1,173722,0.0,-5.26255489017286,-323.1725520186604,1.103616224524559,14.917809488760414,1011.709876370866,126.58513973152276,9.916666666666668,0.0,0.0,9.819149395571788,18.161329027760015,0,0,0
S2_p007_t002_s199391290,2026-10-04T13:48:30Z,S2,7,1,0,0,27d1afd6b1e10a0d86cd3f5b76de2fe202ecc32630205fb6354f4965475cf516,12000,16,1,180000,0.943307182345618,1,0.343443304227549,0.30419482446468915,0,1,173684,0.0,-2.094738804560881,-326.3400414935095,-9.789187471711626,0.7729119300398551,0.05738601953015964,0.007177958094871428,0.08333333333333333,0.0,0.6666666666666666,5.044776954025181,12.82170905670869,0,0,0
S2_p008_t000_s2105928740,2026-10-04T13:48:45Z,S2,8,1,0,0,7f947deef9ba525ccc6036b423fac0e5ace0209dc020b4ab9f7a0c7c6701178f,12000,16,1,180000,0.9447724656979626,1,0.34153136438780335,0.30489149280800537,0,1,173692,0.0,-2.2006036257822763,-325.6729579272972,-9.913631585622923,0.6738039746304969,0.040340847919123714,0.0050462366662031855,0.08333333333333333,0.0,8.25,5.030281875850199,11.050028549254094,0,0,0
S2_p008_t001_s2122849215,2026-10-04T13:49:00Z,S2,8,1,0,0,724e0ea548e87cbe1dd147b75106f4d4570e3e7beca708fde1cb763b1a9fd0da,12000,16,1,180000,0.9445670344378243,1,0.33978278040418874,0.3048914928080054,0,1,173791,0.0,-2.201108447236135,-317.42295861027435,-9.895784755599644,0.7434367529363359,0.0441627400190536,0.005528689260245301,0.08333333333333333,0.0,0.0,4.841364130023317,10.934596387182552,0,0,0
S2_p008_t002_s1792617518,2026-10-04T13:49:15Z,S2,8,1,0,0,2c1a87776b2c77e260016ae9a3688e9bb1ef5b62348282b177dd9441c0d921aa,12000,16,1,180000,0.9448575611842381,1,0.338721072647004,0.3047006888356329,0,1,173753,0.0,-2.199126609827518,-320.58960725334083,-9.91632839083732,0.6403532973192106,0.04033318458735235,0.005047738384291733,0.08333333333333333,0.0,0.0,5.3142494912175655,10.938298152537305,0,0,0
S2_p009_t000_s1083440476,2026-10-04T13:49:30Z,S2,9,1,0,0,050f01d3e33ecfb4de9d37fee4dec5f5f3d9747456b86ddcc83fedb4f9a88a68,12000,16,1,180000,0.9457248932927329,1,0.3231936873566529,0.3026875971946869,0,1,173731,0.0,-2.3607708842069224,-322.42243557794427,-9.963274904942857,0.5181573982794139,0.01920965016215832,0.0024036843151407083,0.08333333333333333,0.0,2.416666666666667,5.310098611127409,7.483048117018686,0,0,0
S2_p009_t001_s406326303,2026-10-04T13:49:45Z,S2,9,1,0,0,cee16b45907431c765448264159efa4a2987547b5682a25e310a3829dffa9acc,12000,16,1,180000,0.9459513941799763,1,0.3257929298799743,0.30294233744614524,0,1,173760,0.0,-2.3546898394536844,-320.0057646089269,-9.98986844200266,0.5299921732206632,0.02147750532341512,0.0026880816112679895,0.08333333333333333,0.0,0.0,4.833439830307935,7.556910136527585,0,0,0
S2_p009_t002_s2144757372,2026-10-04T13:50:00Z,S2,9,1,0,0,f6ae0e8c21b02367d54ac575fd03e7317e5a2dd4301349a982c1ace5ce820b80,12000,16,1,180000,0.9456660479427301,1,0.3258139036727978,0.30294233744614524,0,1,173744,0.0,-2.3662263095411102,-321.3390893891974,-9.97288395854914,0.4240495288622096,0.019511380320079506,0.00244169315601539,0.08333333333333333,0.0,361.4166666666667,5.026538170684736,7.842919096273782,0,0,0
S3_p000_t000_s1030001410,2026-10-04T13:50:30Z,S3,0,1,0,0,14623e30020ef2edcc45bcd233b53c384d7321ae63cb57905a6915bb296b8937,12000,16,1,180000,0.8609780895808294,1,0.34788476242106003,0.3045154003390014,0,1,173705,0.0,-1.9767284807063066,-324.6087130547682,-9.055153213654412,0.9717050583219196,0.1527908626812568,0.01911459529401327,0.08333333333333333,0.0,0.0,4.535572304684429,15.550521812407554,0,0,0
S3_p000_t001_s59102629,2026-10-04T13:50:45Z,S3,0,1,0,0,9a288a70e84fc3ffad7abf1942b87d12e23d0329a193bd1d44e92d826e62627b,12000,16,1,180000,0.8606168627065215,1,0.3465553651324893,0.306005539118961,0,1,173703,0.0,-1.9885279936519165,-324.7753052282199,-9.053933185909425,0.8938128456049065,0.1481218939173143,0.018530197050949937,0.08333333333333333,0.0,0.0,4.7759573860362545,15.480280887175388,0,0,0
S3_p000_t002_s917633151,2026-10-04T13:51:00Z,S3,0,1,0,0,b86bb2d933f755075edaf1f30c8ada16bf8b25d144f9047cdddc59a75f3fa4b1,12000,16,1,180000,0.8604223149455974,1,0.35206774816295133,0.3124925690856233,0,1,173676,0.0,-1.989506846115006,-327.0253407546449,-9.041162385306826,1.0421220076240927,0.14792572561348366,0.018501662205380853,0.08333333333333333,0.0,0.0,5.105444351675528,15.848777650959974,0,0,0
S3_p001_t000_s1727488921,2026-10-04T13:51:15Z,S3,1,1,0,0,48d521599abcf8a546a331d2253a3abc6a5a7035a537924608227d373fee149d,12000,16,1,180000,0.8613201303250374,1,0.35075288041935143,0.31249256908562334,0,1,173598,0.0,-1.9718824325271447,-333.5253920929542,-9.080777648033088,0.9659165713640783,0.12976406537123675,0.016219989115143107,0.08333333333333333,0.0,3.1666666666666665,4.919564000498955,15.620483945056842,0,0,0
S3_p001_t001_s1935099702,2026-10-04T13:51:30Z,S3,1,1,0,0,5caaaed6136dda644a885ab4e31f076c679a0d7b39f7744d89c8c40613a058f1,12000,16,1,180000,0.8123787275697574,1,0.35095578001803523,0.3036466965444167,0,1,173636,0.0,-2.463529033218754,-330.3589521579785,-5.897740023255841,37.1487508627093,0.014345099199893272,0.0017936251333594555,10.25,0.0,0.0,13.099011578676876,15.333981595350789,0,0,0
S3_p001_t002_s1247340308,2026-10-04T13:51:45Z,S3,1,1,0,0,3f9d12c3f5c6a91daa4b0ffb0b4552bff4b598f98aee1850ccbd2ed732484bb7,12000,16,1,180000,0.9422714064987159,1,0.3640958964237348,0.31098793742537856,0,1,173749,0.0,-1.9215561010642368,-320.9237571189569,-9.612620955535228,0.941433464096993,0.07479885345862607,0.009360852113786677,0.08333333333333333,0.0,0.8333333333333334,4.315662148102168,15.37330453177027,0,0,0
S3_p002_t000_s2123842217,2026-10-04T13:52:00Z,S3,2,1,0,0,581793d5f6b1b63ac941cdec7de98d84ba0d1a7aa202319f3e9ca1a3d9199945,12000,16,1,180000,0.9421581038734205,1,0.35894660302826814,0.3109879374253786,0,1,173759,0.0,-1.9184320930999574,-320.09045010919726,-9.607864941959486,0.9983865757281765,0.05328325692602606,0.006668772587090643,0.08333333333333333,0.0,3.25,4.94123954030991,15.42951920443796,0,0,0
S3_p002_t001_s741456992,2026-10-04T13:52:15Z,S3,2,1,0,0,4620cd3bf7eb1e6cdbdf8a06703d3d91ebc9606cf2e99ae0f311272cbc56543c,12000,16,1,180000,0.9427197118347144,1,0.36184873322703004,0.3089446546828953,0,1,173798,0.0,-1.9132361798716493,-316.84041665916567,-9.653995650391916,0.8681329216656812,0.04761262861427593,0.00596091065199289,0.08333333333333333,0.0,0.16666666666666666,4.857436620450581,15.304931835245759,0,0,0
S3_p002_t002_s859851708,2026-10-04T13:52:30Z,S3,2,1,0,0,ee0c787a78f25371845d2853a283c70933e7916840575fff5d90cc1bd4bb79d2,12000,16,1,180000,0.94233847436642,1,0.36402440004429537,0.30962191609163897,0,1,173800,0.0,-1.9151310529362848,-316.6737720998747,-9.62565043067481,0.9960255145942651,0.05423084918254205,0.0067895938559559,0.08333333333333333,0.0,0.08333333333333333,5.432230460747187,15.624797911589008,0,0,0
S3_p003_t000_s1497291008,2026-10-04T13:52:45Z,S3,3,1,0,0,95e288631158d746b4701a18de6d171bc5fa8128910d095422769ab2935d7d2c,12000,16,1,180000,0.9421547594200461,1,0.3591852282092885,0.30962191609163897,0,1,173801,0.0,-1.9196645008191124,-316.5904369625865,-9.609238836889919,0.9864043975422803,0.030845191208699593,0.0038617870941379806,0.08333333333333333,0.0,2.916666666666667,5.547357964188251,15.431765176051698,0,0,0
S3_p003_t001_s2122590732,2026-10-04T13:53:00Z,S3,3,1,0,0,dd9e23d72742235f7a222f2df514efc7796e614563a8abaa2e93fcf2562f730b,12000,16,1,180000,0.9422116960162408,1,0.3603938577515553,0.3081507351143619,0,1,173836,0.0,-1.919099427691107,-313.67376632709903,-9.609521564324519,0.8744748306561411,0.02973983078625117,0.003724437968685379,0.08333333333333333,0.0,0.0,4.869520818981934,15.407027349002133,0,0,0
S3_p003_t002_s1592902622,2026-10-04T13:53:15Z,S3,3,1,0,0,d01a9b84605b465da568ed5d6634f630fa74be476c2fa52357f708a333227421,12000,16,1,180000,0.9423805986917143,1,0.36298000826455556,0.30907468233478935,0,1,173800,0.0,-1.9180868931880006,-316.67375356121374,-9.625067458949955,0.9626009886192823,0.030117837318231592,0.003770692996567959,0.08333333333333333,0.0,0.0,4.806352328654628,15.521778297765852,0,0,0
S3_p004_t000_s1269981715,2026-10-04T13:53:30Z,S3,4,1,0,0,7dbea93b5ed2cb8870b2145a0155182af27dc8b4eada12f1b779bc693fcde97a,12000,16,1,180000,0.9422110383678873,1,0.359264884715063,0.30907468233478935,0,1,173739,0.0,-1.922535311551026,-321.75708169701466,-9.608462803170534,0.9438556961461758,0.01256310207156071,0.0015721089039288927,0.08333333333333333,0.0,2.25,4.505040651588135,15.44107709196547,0,0,0
S3_p004_t001_s1736958637,2026-10-04T13:53:45Z,S3,4,1,0,0,ce88dbca260294d5224fa86a540a0ffd437be4122a0e88577f3e0c9e3df08579,12000,16,1,180000,0.9427803164837515,1,0.3593987225778001,0.30587392297740335,0,1,173766,0.0,-1.904221807777584,-319.50710634654996,-9.662770125332747,0.972452905848452,-0.004925992369057707,-0.0006165569088807388,0.08333333333333333,0.0,0.0,5.093933462637304,15.334190094342881,0,0,0
S3_p004_t002_s204596110,2026-10-04T13:54:00Z,S3,4,1,0,0,7dcba4e3860645758e579138e4ada92806a9ca1bbb57f457c85f38a0974d76c6,12000,16,1,180000,0.9422188000379936,1,0.36567476181019065,0.3098034291956534,0,1,173742,0.0,-1.9201470396135176,-321.50710918935147,-9.612988770488194,1.0380482878497124,0.0062762501191327875,0.000785409939908277,0.08333333333333333,0.0,3.25,4.932581692945774,15.456183406617981,0,0,0
S3_p005_t000_s1505505932,2026-10-04T13:54:15Z,S3,5,1,0,0,65c0c038699cb5782b1542e4a226229af8980d7640cf67334e125d3b27526b67,12000,16,1,180000,0.9423586930107376,1,0.3638447610925891,0.3098034291956534,0,1,173781,0.0,-1.9156783346919084,-318.25710567052437,-9.627520415134596,0.9117255510333387,-0.021687254807318833,-0.002714788869525364,0.08333333333333333,0.0,0.0,4.5889103595518455,15.586944559631341,0,0,0
S3_p005_t001_s574426862,2026-10-04T13:54:30Z,S3,5,1,0,0,df7576a8730bf4b2f97ce8cde609b57f261d32a68a77ba1f20f45b9cb16efc0f,12000,16,1,180000,0.9422524988958634,1,0.3630023974938349,0.30714933256120186,0,1,173753,0.0,-1.9155853947344113,-320.5904339914462,-9.615489900304043,1.0350057936352095,-0.019736974231401506,-0.0024701020620341296,0.08333333333333333,0.0,0.0,4.835707173372774,15.402046708634941,0,0,0
S3_p005_t002_s2081296688,2026-10-04T13:54:45Z,S3,5,1,0,0,f04d016dd206d3049365ce6dd33ece479b2799ea82101c15d3af2801295a272b,12000,16,1,180000,0.9419742291934158,1,0.3620248514170259,0.3081398667041193,0,1,173746,0.0,-1.9270109753389506,-321.17374766419863,-9.58830465103732,0.8849316793534173,-0.020160188097962325,-0.002522926579331397,0.08333333333333333,0.0,0.0,4.4408782435907455,15.517626776298021,0,0,0
S3_p006_t000_s1872296474,2026-10-04T13:55:00Z,S3,6,1,0,0,c0af6d7e2359110ebd5c79cd81108c9fb0914e435ea75711744bf24bac03e911,12000,16,1,180000,0.7569448388190076,1,0.326191341797499,0.30846932747155437,0,1,173786,0.0,-3.742094893214312,-317.8233692850311,-1.615214844742742,60.540026010606965,1008.093879139933,126.19722416625336,9.833333333333332,0.0,5.75,11.224906090152718,22.377599908038054,0,0,0
S3_p006_t001_s1187247710,2026-10-04T13:55:15Z,S3,6,1,0,0,e71b6675963a339b2b3b235aac5489f7b740310960016be913c2619c45baa771,12000,16,1,180000,0.9370621367153905,1,0.3633031848423591,0.30846932747155437,0,1,173855,0.0,-1.9110015167835663,-312.07560781784804,-9.597388996670249,0.9666207461559785,-0.012270816633757972,-0.0015369565958280873,0.08333333333333333,0.0,335.91666666666663,4.5288530017073,15.28294623007352,0,0,0
S3_p006_t002_s1223745501,2026-10-04T13:55:45Z,S3,6,1,0,0,0c1c6ea540223a213f7b34e760dbd9b32a3d91ba73ec630c4d7717320fedb106,12000,16,1,180000,0.8464206957301225,1,0.3603942426216905,0.3102179815871073,0,1,173621,0.0,-1.9680885942233033,-331.5558833941056,-9.09383504064037,1.026914937039665,-0.004035204570154299,-0.0005044772401561204,0.08333333333333333,0.0,0.0,5.310150942743174,15.178977531578928,0,0,0
S3_p007_t000_s626911129,2026-10-04T13:56:00Z,S3,7,1,0,0,d79aea29d9fac2945638637f798b0faf0003bcec56cb34f5d1a4db796670009d,12000,16,1,180000,0.8468411138890716,1,0.35748922170529973,0.31021798158710734,0,1,173607,0.0,-1.9674071592023836,-332.7226040412006,-9.078277825386404,0.9649741262391937,-0.02818327692727724,-0.0035230505322942918,0.08333333333333333,0.0,3.833333333333333,4.520960121787825,15.153216336738693,0,0,0
S3_p007_t001_s1969339727,2026-10-04T13:56:15Z,S3,7,1,0,0,86c77f77fe474f2f9bcaaeb97c3da49160c8e201d2adabc24610c7bcd779cc10,12000,16,1,180000,0.846572760234768,1,0.35760711153882446,0.30784199682578184,0,1,173653,0.0,-1.9717112334358267,-328.8892981189856,-9.072455969057089,1.108538502862033,-0.0115091059147038,-0.0014392252037396247,0.08333333333333333,0.0,0.0,4.551852154320493,15.635439176331232,0,0,0
S3_p007_t002_s115451501,2026-10-04T13:56:30Z,S3,7,1,0,0,23cdda3133f75504afcab92b356c3399f336cf1eefb8fc41ec456760c47e2d5a,12000,16,1,180000,0.8453939636588245,1,0.3570822704898793,0.3072873981760882,0,1,173553,0.0,-1.975666425170515,-337.2225971253556,-9.074031529819298,1.0533456338420992,-0.032874645965198505,-0.0041077198879975185,0.08333333333333333,0.0,8.583333333333334,4.515557547715523,15.340963658514067,0,0,0
S3_p008_t000_s1467476825,2026-10-04T13:56:45Z,S3,8,1,1,0,1ef1b4395694ae907fe493697742669465ea8a36bd52b6c15928b8a9916b51cd,12000,16,1,180000,0.8609306863637345,1,0.3527507414506311,0.3072873981760882,0,1,173036,0.0,-1.9810214728148483,-380.35870267612637,-9.055596460970685,0.9790940369287826,-0.1459929316630597,-0.018166484458561172,0.08333333333333333,0.0,377.66666666666663,5.075562633088419,15.673452413746293,0,0,0
S3_p008_t001_s154111274,2026-10-04T13:57:15Z,S3,8,1,1,1,6cf47fe3552c639f2f1406f65cc18397814b1af603e0cc2283ad19f8991e2e50,12000,16,1,180000,0.8607105703382133,1,0.35186871295180383,0.3061175376827872,0,1,173571,0.0,-1.9850415414921558,-335.77537165632504,-9.052489478942299,1.0276644051875956,-0.14600435788208502,-0.01824601860016628,0.08333333333333333,0.0,325.0,4.860275831726102,15.572787961561403,0,0,0
S3_p008_t002_s1142253482,2026-10-04T13:57:45Z,S3,8,1,1,1,65a39b5df6872ee64af104317e434670591be1204b5ff69685fbad6f874b619e,12000,16,1,180000,0.9417978000670932,1,0.3595787721688484,0.30521026727056877,0,1,173603,0.0,-1.9400530196650767,-333.09039407817784,-9.569355104987899,0.9254520504527493,-0.08021513744842124,-0.010026972396190104,0.08333333333333333,0.0,319.75,4.593787642822411,15.642695506590538,0,0,0
S3_p009_t000_s395916349,2026-10-04T13:58:15Z,S3,9,1,1,1,0d7d90c6cf0e1622417637657aae69f86af476081f663d8851f85e0724400ac4,12000,16,1,180000,0.4907132361115151,1,0.14296291001726097,0.30497503258529995,0,1,173620,0.0,-6.882572007470426,-331.6849832216606,3.9368312528020857,11.693052698219068,975.6919152941164,121.97905186623984,9.583333333333332,0.0,12.583333333333334,7.212303256480216,22.78314693708016,0,0,0
S3_p009_t001_s1232141577,2026-10-04T13:58:45Z,S3,9,1,1,1,f1b04764ccaf2ecc3f47597f7073557e6381cca56c0199371a660e0e29ded5fd,12000,16,1,180000,0.8604542394162108,1,0.3502273127954699,0.30413342599477605,0,1,173649,0.0,-1.992387088462742,-329.27535143179557,-9.02527233790854,1.0004650443570613,-0.17291055723830004,-0.021621946450977703,0.08333333333333333,0.0,19.166666666666664,5.157610293795047,15.68903029713259,0,0,0
S3_p009_t002_s1753739609,2026-10-04T13:59:15Z,S3,9,1,1,1,129148275534eb926db1e1966acbb189e9a93556a448a6f83574ec74e04a6719,12000,16,1,180000,0.8604726132848224,1,0.41484401075259014,0.3666786886862039,0,1,173605,0.0,-1.9904689206019341,-332.9420294896827,-9.028507516821806,0.9859963796056558,-0.16448077647816645,-0.02056059050210024,0.08333333333333333,0.0,27.583333333333336,4.6304637929342265,15.747515882623862,0,0,0
S4_p000_t000_s1380025803,2026-10-04T13:59:45Z,S4,0,1,0,1,128be057eb06e703287b5435038c5fabe64629a169f66c057ae3f3d79640420f,12000,16,1,180000,0.906979068888745,1,0.3899622104172984,0.3666786886862039,0,1,173751,0.0,-1.1164913347960017,-320.7770870196249,-13.653520849487473,0.5958636713426447,0.13889036678362437,0.017381990512603807,0.08333333333333333,0.0,1.3333333333333333,4.701857136879822,15.869755019311164,0,0,0
S4_p000_t001_s1028796488,2026-10-04T14:00:00Z,S4,0,1,0,0,c4773954e84432a250a9c52f76d8d1e721069b0a4c8751361194d6d2b8ac718d,12000,16,1,180000,0.9073790372412059,1,0.37740119285470153,0.3544964581009171,0,1,173767,0.0,-1.1072850211389003,-319.44379173656125,-13.688902673277024,0.5766648764677325,0.14950734069990232,0.018713086298703274,0.08333333333333333,0.0,0.0,4.815601249239682,15.932898773809608,0,0,0
S4_p000_t002_s1457782904,2026-10-04T14:00:15Z,S4,0,1,0,0,7b80dd563c81c8075748f55a4f3267be5a3f0a70f09a20d70316ae2e8e90fe56,12000,16,1,180000,0.907292569877718,1,0.3782143084507092,0.3544964581009172,0,1,173683,0.0,-1.109239456827866,-326.44378515360887,-13.681131070207842,0.6418047055293981,0.1546403880508468,0.01934257437778797,0.08333333333333333,0.0,7.833333333333333,4.925039561376222,15.838143926622175,0,0,0
S4_p001_t000_s1710814298,2026-10-04T14:00:30Z,S4,1,5,0,0,b628b9c283027d9c8aa18985a6b896e8a7fd071e1769304cf46b96ce3782b3e3,12000,16,1,180000,0.8990475294374976,1,0.522102301958819,0.528638013864102,0,1,173777,0.0,-1.2239043174981918,-318.60969758650936,-14.933313262022923,0.48383385745798313,0.07271856782678417,0.009102546727717709,0.08333333333333333,0.0,0.0,4.830414932639535,11.00301798245001,0,1,0
S4_p001_t001_s1662193313,2026-10-04T14:00:45Z,S4,1,5,0,0,16214f531057666c29ed1c0d929bc4d8588aa4071159187409b9350568cb14c9,12000,16,1,180000,0.8994175361881779,1,0.5269312155819891,0.528638013864102,0,1,173659,0.0,-1.2187448731355386,-328.4430348719646,-14.95614517033055,0.5011862417862535,0.07334581152361878,0.009172407151709194,0.08333333333333333,0.0,7.666666666666666,4.684948751463104,10.641952261202547,0,1,0
S4_p001_t002_s196226190,2026-10-04T14:01:00Z,S4,1,5,0,0,d228ea1ab7e2fd552f1ff0d8d39006a852200c8d547ca7ddedf00d1b501c3328,12000,16,1,180000,0.8992113215618014,1,0.5244164742096192,0.5280675375406659,0,1,173751,0.0,-1.2213611506735,-320.7763652133326,-14.95961400992238,0.45239247410345346,0.07051584825407498,0.008824987893149228,0.08333333333333333,0.0,0.08333333333333333,4.91620721151722,10.636823173410692,0,1,0
S4_p002_t000_s139150452,2026-10-04T14:01:15Z,S4,2,10,0,0,6020fed667d9e205d9cfafb14d70af6494a4e8f8e1a94bddd959fd610ef40306,12000,16,1,180000,0.9014767222413609,1,0.7176341162399901,0.7797841592258578,0,1,173752,0.0,-0.9916307851612387,-320.6943343504372,-17.70948184234806,0.6808215558528324,0.051541165807668585,0.006450376900829724,0.08333333333333333,0.0,0.0,5.552040393065035,11.843081031949513,0,1,0
S4_p002_t001_s1124369827,2026-10-04T14:01:30Z,S4,2,10,0,0,3b4760c3bd792cdc717525ebe420c5f5c7dfa3b41818f9de1af718b928b17fda,12000,16,1,180000,0.8863567720437541,1,0.7157095921885909,0.7812619387918875,0,1,173743,0.0,-1.1280957378331526,-321.4443870875336,-13.039087014748006,57.44059872241144,0.026218416722107615,0.003280998887021269,8.5,0.0,3.5,19.30067228301867,19.33891225368655,0,1,0
S4_p002_t002_s820497043,2026-10-04T14:01:45Z,S4,2,10,0,0,2a7f13dd34eec1269c109b27415dacb605a603edad65114ddcfc047ea5e7e9b9,12000,16,1,180000,0.9782558202770921,1,0.7805921580435325,0.7812619387918875,0,1,173893,0.0,-0.9897438776197562,-308.90707982367167,-17.79266288301953,0.7085806691532626,0.001561389091879804,0.0001956280007107125,0.08333333333333333,0.0,0.0,5.017480182691029,13.43083243770443,0,1,0
S4_p003_t000_s11459573,2026-10-04T14:02:00Z,S4,3,20,0,0,03bce8d4020d714874f4c134dee2dfe5580efba0e3088608a81744343dc7f16d,12000,16,1,180000,0.9810144415452873,1,0.8160665210482898,0.8138162646274643,0,1,173717,0.0,-0.820659256858492,-323.5741582599094,-17.68447813587158,0.8406411149073488,0.007736646575503821,0.0009679705362941604,0.08333333333333333,0.0,9.333333333333334,5.2465194474439505,16.115547926044094,0,1,0
S4_p003_t001_s1313953807,2026-10-04T14:02:15Z,S4,3,20,0,0,07d6d826596a35da70fe7b71625aefed693976dfce22b21f4dfebcaf14f06091,12000,16,1,180000,0.9810256406414225,1,0.8164558013467026,0.8138162646274643,0,1,173829,0.0,-0.8200523845831194,-314.24082713344797,-17.68375558251082,0.8721329601025376,0.00838177401409699,0.0010496244144633238,0.08333333333333333,0.0,2.1666666666666665,5.304988662840833,16.096854875688457,0,1,0
S4_p003_t002_s205499031,2026-10-04T14:02:30Z,S4,3,20,0,0,128c30635ef4e334b738863ad67d9a63868a0b2fc6f41f9eca60f04712677056,12000,16,1,180000,0.9810115359068513,1,0.8147539934561091,0.8123339203276186,0,1,173855,0.0,-0.8208474612812051,-312.0741544700716,-17.69004730214025,0.8827835393463123,0.005919795707404914,0.0007414721717395878,0.08333333333333333,0.0,0.0,5.1168388847973105,16.00492609368851,0,1,0
S4_p004_t000_s984663940,2026-10-04T14:02:45Z,S4,4,30,0,0,070a055bf509e3836903f2ba6630ed60ed4e5bdf2b6050ef8a0091bc21e1eb0a,12000,16,1,180000,0.9849108555408446,1,0.870391900157845,0.8676097313431396,0,1,173836,0.0,-0.6691160103908111,-313.6578187358712,-18.751262444842705,1.046189673362833,0.010207958686735729,0.0012783834981746622,0.08333333333333333,0.0,0.25,5.3918842962997,16.160811689614395,0,1,0
S4_p004_t001_s484615558,2026-10-04T14:03:00Z,S4,4,30,0,0,308ea183ed4f04db1fbc6a5918242ac1576f2bae1e31a3dc15119a611ca18e41,12000,16,1,180000,0.9850291126245995,1,0.8699959098151728,0.8682260144608435,0,1,173839,0.0,-0.6643278808523628,-313.4078359577373,-18.7771131945765,1.0401350621187235,0.010896831679757007,0.0013646865090777283,0.08333333333333333,0.0,4.416666666666667,5.783607402651895,16.51301319211158,0,1,0
S4_p004_t002_s330630277,2026-10-04T14:03:15Z,S4,4,30,0,0,e874421757b656d401aafbd85cd87e98d1c7e354fc3d25ec8cf70d3aa8b9324a,12000,16,1,180000,0.9849850121758503,1,0.8704629138878498,0.8682260144608435,0,1,173892,0.0,-0.665809425865233,-308.9911620549683,-18.776068456019313,1.0410966005855036,0.01155243305404374,0.0014474043373411405,0.08333333333333333,0.0,343.6666666666667,5.257681703814037,16.270094959640357,0,1,0
S5_p000_t000_s1561858501,2026-10-04T14:03:45Z,S5,0,1,0,0,86c13496bbee66c9fbe86825bc332a96b579a836629f1e882bde0db58139f489,12000,16,1,180000,0.9114613870738841,1,0.014697840557150068,0.011612053422064868,0,1,173580,0.0,-2.840274686131457,-334.99169580598027,-8.10434599151768,0.10881291775352947,0.0012958302989906953,0.00016195027910725912,0.08333333333333333,0.0,7.75,5.016149300101747,2.055251329193319,0,0,0
S5_p000_t001_s960283802,2026-10-04T14:04:00Z,S5,0,1,0,0,7df0a76aa8c491ef3c58ab3a223830394ae79bb087791ce0f45e3543801ad296,12000,16,1,180000,0.9116987651818925,1,0.010721960668030831,0.01140580408767393,0,1,173673,0.0,-2.838696470923416,-327.24167761368454,-8.122305918498856,0.14322524996340671,-0.000738315092835568,-9.234180697603733e-05,0.08333333333333333,0.0,0.0,5.128038494802099,2.4871137277059487,0,0,0
S5_p000_t002_s892021093,2026-10-04T14:04:15Z,S5,0,1,0,0,1c6091be2e62d2b80a3d4fcf5b7bf898aa36eb2b42b083aeb36a4526f888756b,12000,16,1,180000,0.911346872314344,1,0.010844445937260017,0.010657549785587497,0,1,173565,0.0,-2.8459317182060118,-336.24166881665707,-8.108311100334388,0.1860933442026288,-0.0023065959523635507,-0.0002882391499952064,0.08333333333333333,0.0,3.6666666666666665,5.084114574918931,2.695903344315047,0,0,0
S5_p000_t003_s1972790602,2026-10-04T14:04:30Z,S5,0,1,0,0,52c2995f4452cd145ce2d698f3b527e1ee2c95169808c8d249e53b5c901890e7,12000,16,1,180000,0.9113760649806391,1,0.01295446179534972,0.01270485432429288,0,1,173609,0.0,-2.839932340323382,-332.5750540560627,-8.089016530507116,0.15478482688521067,0.000668616590250105,8.358175409739488e-05,0.08333333333333333,0.0,0.0,5.422370040876547,2.2907314745522904,0,0,0
S5_p000_t004_s522357441,2026-10-04T14:04:45Z,S5,0,1,0,0,ce6113c859c269d8d3b46018b7f267c891f45f599602673a0d560591bfad574c,12000,16,1,180000,0.9111913735461954,1,0.011998026774583961,0.012704854324292879,0,1,173475,0.0,-2.846683244174084,-343.7417013187448,-8.081361836873375,0.13340064376235522,-0.0007773466940822072,-9.706961373012746e-05,0.08333333333333333,0.0,11.833333333333332,4.72969748616392,2.217620243047869,0,0,0
S5_p000_t005_s434100809,2026-10-04T14:05:00Z,S5,0,1,0,0,99f33dd18c914150c388affb90d1e8a95fd4eb5525da7cba31aa58a8a36d0f79,12000,16,1,180000,0.5075615932685144,1,0.012329396391363897,0.011252553894009865,0,1,173617,0.0,-7.882711614580474,-331.90843355331344,4.2950005878243145,51.40568130736749,913.769249414712,114.23486271558022,8.916666666666666,0.0,1.5833333333333333,7.831851260935668,7.239506594025768,0,0,0
S5_p000_t006_s1987541040,2026-10-04T14:05:15Z,S5,0,1,0,0,1ef9dafde60c75f7a0ea49f6ce6e4308bb5182768eac81ec38d8a91e7a403d6b,12000,16,1,180000,0.7861673861237553,1,0.01239424081120224,0.011252553894009865,0,1,173750,0.0,-2.9338160154766952,-320.8054358652583,-7.492318728324184,0.155675853751099,0.009630026134217528,0.0012051785106450552,0.08333333333333333,0.0,0.0,5.001002375757794,2.159023550892037,0,0,0
S5_p000_t007_s1550731733,2026-10-04T14:05:30Z,S5,0,1,0,0,5334de661a0a786f0479829b63148e6028c8f150dc888ed5556171c10da69df4,12000,16,1,180000,0.7865171730078602,1,0.012007897860528456,0.01264019616052306,0,1,173723,0.0,-2.921801767293462,-323.05536381715683,-7.533140695401828,0.1718727959088551,0.006443599262347886,0.0008062295833042299,0.08333333333333333,0.0,3.416666666666667,4.9671901764874296,2.431585356443745,0,0,0
S5_p000_t008_s978267978,2026-10-04T14:05:45Z,S5,0,1,0,0,32e6ba6e7087a6af56725a1bac3227f38ff1521882310f4f759a0026b4eb64d4,12000,16,1,180000,0.786961362720421,1,0.012124040489105831,0.012640196160523061,0,1,173764,0.0,-2.924756984599908,-319.63874611173014,-7.507796328885572,0.17811748727472088,0.00398312108483868,0.0004985354012205789,0.08333333333333333,0.0,0.0,5.004887204840862,2.2227336205186177,0,0,0
S5_p000_t009_s1361001477,2026-10-04T14:06:00Z,S5,0,1,0,0,e58bdad13aa2a3a3e8a5afbd530e26cf2ad6acb1cd9f42daf895a29a2c105c43,12000,16,1,180000,0.7861173240124608,1,0.011009528089929438,0.011420613674509299,0,1,173642,0.0,-2.930545054367709,-329.80539614292803,-7.512302337548503,0.11592292969631539,-0.0001506066891871212,-1.8831860415957635e-05,0.08333333333333333,0.0,4.833333333333334,4.854838303249072,2.2196779928820054,0,0,0
S5_p000_t010_s1672796167,2026-10-04T14:06:15Z,S5,0,1,0,0,704af14ee97b9bd5fe520f74c26e30c919202435babfa51d78e1aff599118114,12000,16,1,180000,0.7857761779051649,1,0.011598010038609163,0.0114206136745093,0,1,173700,0.0,-2.94084224713331,-324.9720945061866,-7.488709473846492,0.11131831223192924,-0.005506566505047236,-0.0006888604566483991,0.08333333333333333,0.0,0.0,4.951766595684556,2.582291161248336,0,0,0
S5_p000_t011_s363339928,2026-10-04T14:06:30Z,S5,0,1,0,0,2bb69c470e190aeb8dfdde66320f1a5810fdb28cbfb247cf1f6f8ba817547e6d,12000,16,1,180000,0.785697227899676,1,0.011330048508177796,0.011843584048481388,0,1,173595,0.0,-2.938207633595573,-333.7220575757977,-7.512799524068939,0.12400955219557398,-0.004804279866446695,-0.0006005013533467718,0.08333333333333333,0.0,15.083333333333334,4.6753304611859345,2.850862753268,0,0,0
S5_p000_t012_s920581965,2026-10-04T14:06:45Z,S5,0,1,0,0,5f0e890fbb1403a8bded817bafa50937a0ce87dea1549ea4be98b3bb705b71f5,12000,16,1,180000,0.7859727195384073,1,0.01190014788589773,0.011843584048481388,0,1,173776,0.0,-2.937083666094036,-318.63874761098367,-7.504889582005717,0.20072463448724295,-0.014668141467513903,-0.0018360699400545855,0.08333333333333333,0.0,0.0,4.980720831809851,2.253096788421346,0,0,0
S5_p000_t013_s1985403058,2026-10-04T14:07:00Z,S5,0,1,0,0,01dc55a5cccdfaf34c221ed9b719ef72a3926618e5c14b831ae7f7519c825ba7,12000,16,1,180000,0.786906901971176,1,0.011368392299883004,0.011125160529121431,0,1,173667,0.0,-2.919120485737724,-327.7220750011826,-7.541780485442815,0.15434731941201074,0.0016976562690069615,0.00021231738128335564,0.08333333333333333,0.0,8.5,5.109927449923846,2.4486191717145664,0,0,0
S5_p000_t014_s1613680917,2026-10-04T14:07:15Z,S5,0,1,0,0,ab41e5f658d24399ec36dea6cba9e25a7bb8322a4c95ee1c3f0faddc5aab52da,12000,16,1,180000,0.786217410402941,1,0.011557985420664482,0.011461729475122348,0,1,173769,0.0,-2.928242663819601,-319.22200753840355,-7.517210576982,0.1730481833118161,-0.01672338415852968,-0.0020932158249706845,0.08333333333333333,0.0,0.0,4.468196231243804,2.761778188387243,0,0,0
S5_p000_t015_s1930000429,2026-10-04T14:07:30Z,S5,0,1,0,0,f8aab8fd240712642fbfbb195e9d6794a0129127a432799b7cedc7a16b94ae19,12000,16,1,180000,0.7864444131309442,1,0.011702363029569215,0.011797850443511636,0,1,173674,0.0,-2.9242880522509864,-327.1387054146817,-7.520995886128356,0.17945070572495508,-0.01731827871324701,-0.00216603175522323,0.08333333333333333,0.0,0.0,4.912026621890738,2.4145115860144846,0,0,0
S5_p000_t016_s216305983,2026-10-04T14:07:45Z,S5,0,1,0,0,83addfe7c1cb4c55a8d3c69e25bf8e7c8f1e0d22e7fcf26c226cb5c167f5c683,12000,16,1,180000,0.7855192422574949,1,0.011924091369320567,0.01194803245568392,0,1,173554,0.0,-2.937299569809932,-337.13870975840047,-7.513108433840516,0.16319382695245602,0.008659948767960182,0.0010820779184541607,0.08333333333333333,0.0,9.75,4.719937340236966,1.9997077235949225,0,0,0
S5_p000_t017_s312112809,2026-10-04T14:08:00Z,S5,0,1,0,0,0ec4d266807269e51058a83905a4f9c812583d631a5cd021fb35e85f7238bec1,12000,16,1,180000,0.7861264147896465,1,0.012483043943528949,0.013242238465470636,0,1,173671,0.0,-2.93185772218383,-327.38868085945614,-7.498476372057597,0.13740406052963158,-0.0161302467336999,-0.002017393828737113,0.08333333333333333,0.0,0.9166666666666666,4.92792156558146,2.2600778699227604,0,0,0
S5_p000_t018_s1052303369,2026-10-04T14:08:15Z,S5,0,1,0,0,d2ecc61380cbd0e914c8ec4a46a9e6023d32f3e23efa3bdf1796729b98fdfad7,12000,16,1,180000,0.782346033813369,1,0.011464203105251855,0.013242238465470636,0,1,173682,0.0,-2.9172052890328337,-326.47201192417015,-7.540166531350119,0.12031247128439433,-0.0029004777445479787,-0.00036279175628806115,6.333333333333333,0.0,0.0,5.373585919464732,2.070336774011581,0,0,0
S5_p000_t019_s217579570,2026-10-04T14:08:30Z,S5,0,1,0,0,018f57264a09ffc019376feb2e0b1e6d5905398693f8ec1ba598fa90dc8bb49a,12000,16,1,180000,0.9116433399492114,1,0.01317105257960036,0.011825340334323904,0,1,173799,0.0,-2.836422078725953,-316.741696084741,-8.119229912155275,0.11644459081523326,-0.0005724248702116696,-7.16658764758904e-05,0.08333333333333333,0.0,343.91666666666663,4.626240033264494,2.4034216442889513,0,0,0
S5_p000_t020_s99964177,2026-10-04T14:09:00Z,S5,0,1,0,0,544db6c814c85b343f27a2c7bd9b288c4d0f99c3d76df96efb41125df2e1b2ae,12000,16,1,180000,0.9112616925638403,1,0.011770989555418254,0.011430700011323071,0,1,173650,0.0,-2.8509864072276025,-329.15836386562296,-8.094019561878774,0.1663045435362072,-0.0030647986166706,-0.0003832469374174252,0.08333333333333333,0.0,0.0,4.579454939743854,2.4881328573729182,0,0,0
S5_p000_t021_s490683040,2026-10-04T14:09:15Z,S5,0,1,0,0,124c9a26081a9ac91c7ba1dfc2bf7b790208716bde6e2a4524c29453f99b2570,12000,16,1,180000,0.9116286295821672,1,0.0119785985257588,0.01184653938728869,0,1,173588,0.0,-2.835191022646261,-334.32501712349404,-8.11653793199811,0.11277335843958461,-0.002265797715467349,-0.00028319299326540204,0.08333333333333333,0.0,0.0,5.279938083946175,2.4232671770558536,0,0,0
S5_p000_t022_s1940961689,2026-10-04T14:09:30Z,S5,0,1,0,0,03fb871b9d0743d82f70701ca49875bee48e3e2ab02a5d7db653afa365fbaba0,12000,16,1,180000,0.9112505502555386,1,0.012471981340458588,0.01222168085676451,0,1,173523,0.0,-2.8508823886617503,-339.7417058092833,-8.08594241163507,0.15291460753789674,-0.005555486950306555,-0.0006939969853192451,0.08333333333333333,0.0,0.8333333333333334,4.472617816320675,2.0927914338425433,0,0,0
S5_p000_t023_s1454648504,2026-10-04T14:09:45Z,S5,0,1,0,0,d81be7124d225708af134bfa72aaf6129d5a456fecf717f1afd40f8c09f241b5,12000,16,1,180000,0.9112892445279555,1,0.012986168759811623,0.012221680856764509,0,1,173533,0.0,-2.8525644301050574,-338.90835939581245,-8.097542968106787,0.10964319286800223,0.0016566879296974993,0.00020697167974503827,0.08333333333333333,0.0,0.0,4.889704255331962,2.459339013396582,0,0,0
S5_p000_t024_s558398644,2026-10-04T14:10:00Z,S5,0,1,0,0,301de34062d569a218ad79e4fab15abd57ed24e1eb01d06dccaf779b9f05cac6,12000,16,1,180000,0.9113901151105772,1,0.011340899597708428,0.011320390480114302,0,1,173496,0.0,-2.840296824711687,-341.9917087343213,-8.089631717279719,0.15105604266833358,-0.0028343577242278617,-0.0003539942736097146,0.08333333333333333,0.0,0.0,4.671898576529489,2.5916881707558908,0,0,0
S5_p000_t025_s1286326493,2026-10-04T14:10:15Z,S5,0,1,0,0,bc9d6427178b5dfc36c55294d2e48fa19a767498a613c1b2d4c9e08576c1bc21,12000,16,1,180000,0.9114529615552679,1,0.012051221143939979,0.011438325274920134,0,1,173441,0.0,-2.8462791301690524,-346.57503464688125,-8.102890069363903,0.11361144935985135,-0.0005810385281618938,-7.253626881720265e-05,0.08333333333333333,0.0,8.666666666666666,4.875394111397748,2.1527705210360852,0,0,0
S5_p000_t026_s905618129,2026-10-04T14:10:30Z,S5,0,1,0,0,f654ec3920c417536ad3adeb52e0dac32ab06368e3e853f3dbf3b14b06edd0d3,12000,16,1,180000,0.9116234094838169,1,0.013627792869904424,0.013039589560558134,0,1,173545,0.0,-2.838879562969387,-337.90836317172034,-8.111140762135841,0.13398675688713735,-0.0009102371516269203,-0.0001137277604357223,0.08333333333333333,0.0,0.0,4.775855613351258,2.483903893458739,0,0,0
S5_p000_t027_s649442228,2026-10-04T14:10:45Z,S5,0,1,0,0,3120de9304e80cb80ce61c931d2a8f998e9f6025ab35394131b87776aec07de4,12000,16,1,180000,0.9119515370006687,1,0.01149338068726099,0.01321816363286422,0,1,173419,0.0,-2.830709846727933,-348.4083635035756,-8.124735467427923,0.13316661305941802,-0.0016315214339711669,-0.00020364161082397914,0.08333333333333333,0.0,14.833333333333334,4.812696389890104,2.818466549630707,0,0,0
S5_p000_t028_s1033628820,2026-10-04T14:11:00Z,S5,0,1,0,0,053bf6995d407e6be5518069e2924f4f4443ff41ca187a04276d32efe7a865dd,12000,16,1,180000,0.9118953436010626,1,0.012798606143347357,0.01321816363286422,0,1,173597,0.0,-2.832041588018557,-333.5750049546962,-8.1369060864997,0.10386680454039834,0.0017454960395549906,0.00021817827746417606,0.08333333333333333,0.0,0.3333333333333333,4.663200081226572,2.2545597222822695,0,0,0
S5_p000_t029_s815515411,2026-10-04T14:11:15Z,S5,0,1,0,0,a04c4a1eed944fbc17f67c64b03d843bbce39b0aa1e4276ba3954c849daa086b,12000,16,1,180000,0.9109024975098643,1,0.011665597610059999,0.010522630375740043,0,1,173601,0.0,-2.864116748377863,-333.241703389361,-8.069056573963017,0.16636478475084016,0.0011620125634823138,0.00014525040842272574,0.08333333333333333,0.0,1.5,4.706860956007669,2.4416393916809827,0,0,0
S5_p000_t030_s1593614182,2026-10-04T14:11:30Z,S5,0,1,0,0,872ff565116d9ab99c4d8362dc2abf1093859ee68f58cee05c9b6118fbf75035,12000,16,1,180000,0.911368949353517,1,0.011444730039984816,0.011381903972451344,0,1,173619,0.0,-2.839958103825449,-331.7417003808393,-8.094523431972716,0.1436879824729913,-0.0007190597101965159,-8.989468778963783e-05,0.08333333333333333,0.0,0.0,4.7527924863375945,2.118369345082175,0,0,0
S5_p000_t031_s1722507941,2026-10-04T14:11:45Z,S5,0,1,0,0,e1fdb91937b5a2a07a3e49c49d8c49c60d28e2bb5033a5473ed2fe7fb1823c45,12000,16,1,180000,0.680819115380873,1,0.013400324224763007,0.011381903972451344,0,1,173721,0.0,-5.399359150426236,-323.2416252585341,0.31942264248207336,58.96350032888577,1015.0381951558879,127.00056393970954,9.916666666666668,0.0,1.5833333333333333,9.853394716623685,9.895351666514872,0,0,0
S5_p000_t032_s1695726775,2026-10-04T14:12:00Z,S5,0,1,0,0,d059ba32ae568e65129336e724f5364a1b4b6fafd9b074da8c0696024dc692c5,12000,16,1,180000,0.9111917575593415,1,0.011538312275279254,0.011266541992162515,0,1,173740,0.0,-2.856819917629952,-321.6583818560551,-8.081116704498669,0.14149179153520708,0.003858032637502418,0.0004827864881917776,0.08333333333333333,0.0,0.0,4.731886002709067,2.247600051811695,0,0,0
S5_p000_t033_s51254525,2026-10-04T14:12:15Z,S5,0,1,0,0,cc17689c501d4a3921d7c460386a51821867eb17ee925570d8e8dce0e62e0b3e,12000,16,1,180000,0.9113540733321017,1,0.011012067092149342,0.011266541992162515,0,1,173721,0.0,-2.846611038733827,-323.2416851625955,-8.096729069597666,0.13067185328943184,-0.00017877256730963102,-2.2367844849213725e-05,0.08333333333333333,0.0,0.0,5.001388448327362,2.286985940779748,0,0,0
S5_p000_t034_s1745018624,2026-10-04T14:12:30Z,S5,0,1,0,0,6b86f2ed43d09efa68df5484bd2df690e314d9c932ed1b9ad51fc236f24cefdf,12000,16,1,180000,0.910520502514985,1,0.012257182755203554,0.01173937934108169,0,1,173676,0.0,-2.873777717461575,-326.9916863831962,-8.055380336448811,0.11716176287643083,0.0009629748575976144,0.00012044311733916402,0.08333333333333333,0.0,0.0,4.6575463813137095,1.9415461484948937,0,0,0
S5_p000_t035_s977203227,2026-10-04T14:12:45Z,S5,0,1,0,0,7aeb9500035fc9fbab1ce7107e004d692baf6e08be747d2a5f2b5394530874f2,12000,16,1,180000,0.9116870075582322,1,0.01266416969298037,0.011906754434669618,0,1,173555,0.0,-2.8391151535684145,-337.0750279502311,-8.112743395813295,0.11603992733882919,-0.0020545111297338536,-0.0002567173291936342,0.08333333333333333,0.0,0.9166666666666666,5.384688325316957,2.129503171446113,0,0,0
S5_p000_t036_s2083372684,2026-10-04T14:13:00Z,S5,0,1,0,0,7767f5506fe69a24c4d3fbd54d086ca34d48d02b88a85cfb0afb6d85d9f2a904,12000,16,1,180000,0.9115526651043213,1,0.01154871339477223,0.011941561547457529,0,1,173566,0.0,-2.844405147870272,-336.1583774285379,-8.101629399747807,0.13213408892654582,-0.0016406248643772215,-0.0002050190455520351,0.08333333333333333,0.0,4.25,5.424447756328609,2.2899571348176537,0,0,0
S5_p000_t037_s1544718727,2026-10-04T14:13:15Z,S5,0,1,0,0,5486d640f083af9d36df07dea545ece03bc7aec539ac013570ace4bca9727ab6,12000,16,1,180000,0.9109533221908866,1,0.012219535040892082,0.011941561547457529,0,1,173617,0.0,-2.863335334699144,-331.9083746891908,-8.068432036576958,0.15404604755223159,0.00015285220839936667,1.9108818833046826e-05,0.08333333333333333,0.0,3.9166666666666665,4.600979746339691,1.9227623776241873,0,0,0
S5_p000_t038_s894361021,2026-10-04T14:13:30Z,S5,0,1,0,0,345660054398e46b30a538fc7b02d21bb623cf0cfa15d87bdf4061edc75023a5,12000,16,1,180000,0.9111609083208869,1,0.01182300894808769,0.01152536370534649,0,1,173664,0.0,-2.853360880565793,-327.99170814442186,-8.08454318552337,0.12648274611641147,-0.000206981317324694,-2.588549750726088e-05,0.08333333333333333,0.0,0.0,4.645991938785029,2.123120325961629,0,0,0
S5_p000_t039_s819664372,2026-10-04T14:13:45Z,S5,0,1,0,0,5f5826ac8b9e386d1e9ed3ec460db26331127ba7fa30507321e2d68a00a92a3f,12000,16,1,180000,0.9117611382531411,1,0.01225683212725467,0.011299748597758093,0,1,173660,0.0,-2.8337782679270807,-328.3250134184079,-8.127912117533931,0.19353880949211685,0.007051842623246431,0.0008818893347779522,0.08333333333333333,0.0,358.25,4.78075440505933,2.6435958241320785,0,0,0
S5_p000_t040_s857399851,2026-10-04T14:14:15Z,S5,0,1,0,0,47844294538dcbb79d0461bcb00467df38ee6bd119097744de121d380330d2f4,12000,16,1,180000,0.7873797800456755,1,0.011628946334085722,0.011434955377139051,0,1,173636,0.0,-2.9070410738825583,-330.30532930581103,-7.548290217649152,0.1478715729768486,-0.005169544648151115,-0.0006463688455369265,0.08333333333333333,0.0,0.0,5.099551913043202,2.3742289895598057,0,0,0
S5_p000_t041_s1795049623,2026-10-04T14:14:30Z,S5,0,1,0,0,456365efe0febe6e7c923d998d960cb38d1b4a0f1f799efe149400548009a92b,12000,16,1,180000,0.7865978421980504,1,0.01171749245675822,0.011434955377139051,0,1,173614,0.0,-2.9264313608242882,-332.1387245450236,-7.496253530202617,0.1463831005359053,-0.012235454212422102,-0.001529578602003312,0.08333333333333333,0.0,4.833333333333334,4.827927185552806,2.6601971315135486,0,0,0
S5_p000_t042_s190457367,2026-10-04T14:14:45Z,S5,0,1,0,0,99cacc66b7ff50a25ef4c4b5361ac92673f9119b41405d682bff93f1af246ebb,12000,16,1,180000,0.7857877574994345,1,0.011841263464564511,0.01107464873018137,0,1,173672,0.0,-2.93580810611696,-327.30537707980693,-7.507189785438335,0.1402445866481131,0.004709929849308735,0.0005890709262530436,0.08333333333333333,0.0,0.0,5.005610420533713,2.3221955961472367,0,0,0
S5_p000_t043_s1463994837,2026-10-04T14:15:00Z,S5,0,1,0,0,36d4a4761be42d159b5c633ff7eb9e6da3a338c2553ffa0f4c189eb67a7b9bfe,12000,16,1,180000,0.746222860346426,1,0.011452154355363084,0.011512522855102006,0,1,173472,0.0,-3.328902980892505,-343.9720018648768,-5.328184381011124,4.17709198346928,0.034724821772327746,0.004336088494710566,9.916666666666668,0.0,11.333333333333334,12.579742981236905,2.0950159884541413,0,0,0
S5_p000_t044_s1305633241,2026-10-04T14:15:15Z,S5,0,1,0,0,4300c70d3c6b42a512bd4f4f4b91305e4d0c97beb17038584346b48b06bc358d,12000,16,1,180000,0.925304146938485,1,0.011545416275094558,0.011678784634285913,0,1,173735,0.0,-2.839150441841185,-322.08857865298216,-8.193066345459728,0.1407657117071084,-0.0011889496155904262,-0.0001487768322476768,0.08333333333333333,0.0,1.3333333333333333,5.475356518201381,2.3173400085854405,0,0,0
S5_p000_t045_s641567673,2026-10-04T14:15:30Z,S5,0,1,0,0,41e5e2bced3c97c4d03c6bbcfd6caea4c054edfddc0feb2b4ed8c5497c3a7bff,12000,16,1,180000,0.925475284200917,1,0.01237281856697444,0.011678784634285915,0,1,173751,0.0,-2.8321635138096375,-320.75526051177314,-8.209090802834497,0.1744763719636577,-0.0022383818039357455,-0.00028013124438075465,0.08333333333333333,0.0,0.0,4.966212544024966,2.3994645687189573,0,0,0
S5_p000_t046_s342352341,2026-10-04T14:15:45Z,S5,0,1,0,0,47ce893efcd2289ceb2d6cdbe77f54d0b2936beff557f4207e7cf74d31f68b62,12000,16,1,180000,0.9245787443307448,1,0.012424926665772551,0.011684347577656472,0,1,173751,0.0,-2.853957534577284,-320.7552424725721,-8.145915046331302,0.10698674146901564,0.001203870006491345,0.0001506631274423853,0.08333333333333333,0.0,0.0,5.001791944390717,2.139639626447399,0,0,0
S5_p000_t047_s1976295519,2026-10-04T14:16:00Z,S5,0,1,0,0,5fc9241c90fb8d8360eb4bded9abf21181779bdf8f3fbfaeaa14737b9f16fedd,12000,16,1,180000,0.9251531022392326,1,0.013050894706766136,0.012438424080307056,0,1,173731,0.0,-2.8353324164022227,-322.42193683153766,-8.187652469350075,0.09988518840022999,0.006703219376311138,0.0008387671373384364,0.08333333333333333,0.0,0.0,4.918484048154138,1.9715243075920816,0,0,0
S5_p000_t048_s26274461,2026-10-04T14:16:15Z,S5,0,1,0,0,8381e37acae6b7271890826b611d5da4a8ee060a366cfe065e111a08cb192697,12000,16,1,180000,0.924563728052861,1,0.013713569547533753,0.012438424080307056,0,1,173682,0.0,-2.84617399089219,-326.50526259213865,-8.147752207498488,0.10597411410368682,0.0020839390692776955,0.0002606590987852542,0.08333333333333333,0.0,0.0,4.870364410744812,2.410872445211582,0,0,0
S5_p000_t049_s1345419483,2026-10-04T14:16:30Z,S5,0,1,0,0,dfee833521ad7e7266d96801656ed0cf93754e989059ec1e68b5caea22dbd2bd,12000,16,1,180000,0.9255968383940714,1,0.011831140316092488,0.013085355031554318,0,1,173666,0.0,-2.8175726177428344,-327.8386165446118,-8.21968201047055,0.14158207655774133,-0.0014856721326778912,-0.0001858040996012278,0.08333333333333333,0.0,7.333333333333333,5.051308532095642,2.19974890018647,0,0,0
S5_p000_t050_s99021969,2026-10-04T14:16:45Z,S5,0,1,0,0,9cda83e6923552eb830742fdf38658e4af0ec255d373c6442b3154b06b550a6c,12000,16,1,180000,0.9254209725414816,1,0.012432788920145137,0.013085355031554316,0,1,173754,0.0,-2.828077181542284,-320.5052473126295,-8.199742964343383,0.14126430667165815,-0.0025511772912967905,-0.0003192849403603759,0.08333333333333333,0.0,0.0,4.996600672856677,2.2581334335894647,0,0,0
S5_p000_t051_s1479934108,2026-10-04T14:17:00Z,S5,0,1,0,0,5453b6d182f0a07127c9a3a6d1bd9caccb21e15cad35a31b9bf983721322b4e9,12000,16,1,180000,0.9251995998609035,1,0.011481947551734307,0.011074855641030328,0,1,173713,0.0,-2.8344961272971387,-323.92191499597476,-8.186158165398018,0.12354037816262875,-0.0036818503479524745,-0.00046063997888268204,0.08333333333333333,0.0,5.5,4.774773900960055,2.5003511563918472,0,0,0
S5_p000_t052_s394618325,2026-10-04T14:17:15Z,S5,0,1,0,0,e971785c073f7ca7300d001b6a1b442558384d1342b2ed1bed57a84bf482f692,12000,16,1,180000,0.9247165971241409,1,0.01397314943848617,0.01454022921144404,0,1,173779,0.0,-2.8488954261781494,-318.42191585271695,-8.151788849501877,0.14996992720425073,0.005631222427959076,0.0007048995298646332,0.08333333333333333,0.0,0.0,4.8068231519431865,2.1791088178493503,0,0,0
S5_p000_t053_s628411764,2026-10-04T14:17:30Z,S5,0,1,0,0,70d73112b723606abbd6ae5737ff1e8be9669315cf6fa0bec4bdabcc4e69e38a,12000,16,1,180000,0.9253342989619198,1,0.0137013133336557,0.014540229211444043,0,1,173734,0.0,-2.8231332657970225,-322.17194293544526,-8.19768132736535,0.12843585639270988,-0.0020280283317213716,-0.00025377124120495864,0.08333333333333333,0.0,0.0,5.2110781804005954,1.9235102782224263,0,0,0
S5_p000_t054_s100976213,2026-10-04T14:17:45Z,S5,0,1,0,0,f027f43dc2a98824746b4c12462011ef19ea816724d37b779a565c037f426852,12000,16,1,180000,0.9252075509886696,1,0.01142534237841935,0.012025786238237553,0,1,173680,0.0,-2.824488399188896,-326.6719443463832,-8.189673260555272,0.1242696086225561,-0.001769574234924905,-0.00022133480615593726,0.08333333333333333,0.0,0.0,4.809638932285531,2.160925761661769,0,0,0
S5_p000_t055_s419571874,2026-10-04T14:18:00Z,S5,0,1,0,0,831734122addc4d9f85d8b0e0a27ced9690a00c93cfe5319c05b6f3dae445717,12000,16,1,180000,0.9242898639551846,1,0.01194599350161584,0.010819566177967187,0,1,173633,0.0,-2.866943286832039,-330.58857464238224,-8.127977443526197,0.1312436280166382,-0.00017426768398078743,-2.1788862795801833e-05,0.08333333333333333,0.0,6.916666666666666,5.0117878233557684,1.9413174045546127,0,0,0
S5_p000_t056_s1428634269,2026-10-04T14:18:15Z,S5,0,1,0,0,26e592baa0e8184c2269c16313b5896b26c62f5eb26e9cc485122af9570ed4e0,12000,16,1,180000,0.9249133203085917,1,0.011564830640910127,0.011368428910441425,0,1,173716,0.0,-2.8281291566086613,-323.6719366343841,-8.172989595457835,0.13079847725594235,0.0009480366169710284,0.00011861265329571324,0.08333333333333333,0.0,3.75,4.518721849632831,2.054040076361119,0,0,0
S5_p000_t057_s329242616,2026-10-04T14:18:30Z,S5,0,1,0,0,c16b9f54cfc274a30a6daa7b931ea9e07acf8ec997f3e6e9ff544f4a72a648c9,12000,16,1,180000,0.5514067037229607,1,0.011315135569484918,0.01152206920284912,0,1,173888,0.0,-7.2339809015900585,-309.3248864490682,3.3756425507239203,50.1250581565862,1014.9797627117451,127.16275455110372,10.083333333333332,0.0,0.4166666666666667,7.519435016901258,6.695775433478705,0,0,0
S5_p000_t058_s2110013045,2026-10-04T14:18:45Z,S5,0,1,0,0,02eed44b9bec2565b0906e098c679bd8b8fc17c55ba464b64a62cfc29b2b8328,12000,16,1,180000,0.9110658613707565,1,0.010729381827603716,0.01152206920284912,0,1,173893,0.0,-2.856289900824412,-308.9083624409347,-8.081151786951711,0.1496158035303937,0.0033318225259121566,0.00041744737609406,0.08333333333333333,0.0,0.0,5.546352547115956,2.593565726441426,0,0,0
S5_p000_t059_s156085977,2026-10-04T14:19:00Z,S5,0,1,0,0,abe240756ee12e1042ef61cbb2299c70a96d15913f2d0babf4a71e2e9a425190,12000,16,1,180000,0.9115248330233235,1,0.012128982861530396,0.011479244942781833,0,1,173688,0.0,-2.8450722332760354,-325.9916943379279,-8.108906354809337,0.15132876802146483,0.0022360805865313444,0.0002797023762468598,0.08333333333333333,0.0,351.08333333333337,4.766351191068388,2.103671529538171,0,0,0
S5_p001_t000_s1885087324,2026-10-04T14:19:30Z,S5,1,1,0,0,f13750add3eb7c7513bb1c9f0154b548fa4e7fa1808a774b1efc0d1598e6dd9c,12000,16,1,180000,0.9250596149056213,1,0.01213532840113846,0.011612135066804708,0,1,173697,0.0,-2.838147173912496,-325.2552535737668,-8.178808400639427,0.1334036632349301,0.0010777384983447697,0.00013481969745043898,0.08333333333333333,0.0,3.6666666666666665,4.898529959454678,2.427539340330522,0,0,0
S5_p001_t001_s1655700015,2026-10-04T14:19:45Z,S5,1,1,0,0,66e4044a481c6e5eb4801e4557b1ca61707fcb80d2bf6c602090779e33be68d1,12000,16,1,180000,0.9254299942378756,1,0.014111929164763387,0.011758077236549454,0,1,173741,0.0,-2.819566638203038,-321.5886068573133,-8.205339980526992,0.16081673843387495,-0.0028254063920889172,-0.000353568530499615,0.08333333333333333,0.0,0.0,4.746730125539019,2.1150451751434183,0,0,0
S5_p001_t002_s1021903553,2026-10-04T14:20:00Z,S5,1,1,0,0,1d9d5726fa29b4b3d631dbdd41d782ce54a172b5d3db900d02aa6c317d96f491,12000,16,1,180000,0.9244686122807176,1,0.012496909586174594,0.011758077236549456,0,1,173701,0.0,-2.8593288634604836,-324.92190134948333,-8.135030660833928,0.12445021218288178,-0.0021710407791141174,-0.000271595030426397,0.08333333333333333,0.0,0.0,4.826007871540767,2.1184700198412654,0,0,0
S5_p001_t003_s1644975509,2026-10-04T14:20:15Z,S5,1,1,0,0,d38579c6f5a9e2be3da58d8e695a3988911bd8f82f217916031358b0453346eb,12000,16,1,180000,0.9257642785883553,1,0.012143857676705727,0.011663593173974689,0,1,173647,0.0,-2.8123583505940717,-329.42193126815863,-8.226171570671625,0.17811606693029225,0.0013857184122911628,0.00017327715886494843,0.08333333333333333,0.0,0.16666666666666666,4.721165616188656,2.1758436507612746,0,0,0
S5_p001_t004_s1168327485,2026-10-04T14:20:30Z,S5,1,1,0,0,1570b2e01a1c2acc13e0f124d95119dfcc12020c3fd48387ecb04ebd766a1dd1,12000,16,1,180000,0.9257167641427643,1,0.010823888268946508,0.01066601118346451,0,1,173649,0.0,-2.8168821202846885,-329.2552680620598,-8.22308870235138,0.18541003412616971,0.002540381680430137,0.00031766710799274733,0.08333333333333333,0.0,2.5,4.798852778783801,2.2869794015977347,0,0,0
S5_p001_t005_s821699653,2026-10-04T14:20:45Z,S5,1,1,0,0,ea3d2ec1b334e9d979d41a7762441c05cba1e993fb328d5af7a043c605de5f82,12000,16,1,180000,0.9248512867633153,1,0.011312875874192602,0.012058580066831297,0,1,173679,0.0,-2.8377861804961864,-326.7552814693063,-8.165507131199005,0.14026944075982184,-0.004571929206737247,-0.0005718431893910747,0.08333333333333333,0.0,0.0,4.966847868505594,2.0346093153894897,0,0,0
S5_p001_t006_s1390326187,2026-10-04T14:21:00Z,S5,1,1,0,0,a934ed554c47bdda7faa041ef1909bf9236200e5faf2cb23332c94deffb206e5,12000,16,1,180000,0.925403935067912,1,0.011858242964101151,0.012058580066831297,0,1,173637,0.0,-2.818521065555952,-330.2552570047507,-8.19963474887806,0.09962718327070097,-0.0010156663135257391,-0.0001269938375116908,0.08333333333333333,0.0,0.25,4.999757737135743,2.7958438386253492,0,0,0
S5_p001_t007_s62755090,2026-10-04T14:21:15Z,S5,1,1,0,0,8b9a6dd3279af4d7b76ff4934c8496be94dded67b16f91994f753126731c689c,12000,16,1,180000,0.9248192808583339,1,0.012358794978502619,0.011815804920647007,0,1,173640,0.0,-2.8449576002439487,-330.0052683137595,-8.167263912705105,0.14174956446886086,0.0022477414140507075,0.00028105309093007236,0.08333333333333333,0.0,6.25,5.237684744875911,2.1512971138302204,0,0,0
S5_p001_t008_s1060521833,2026-10-04T14:21:30Z,S5,1,1,0,0,e517e3c624672820524f55f9a55fdfbcd47835f120b1a3478cc5620d15c043c4,12000,16,1,180000,0.9253936923485008,1,0.012126354087806443,0.01181528906755367,0,1,173715,0.0,-2.8233734728511735,-323.75526964886376,-8.202773826364021,0.11680934132654143,-0.004273222110452247,-0.0005346356379050121,0.08333333333333333,0.0,0.0,4.780719776845655,2.3892491756710816,0,0,0
S5_p001_t009_s589950212,2026-10-04T14:21:45Z,S5,1,1,0,0,005435d9f413ece5884c2d11f6c234af0c7707963a6254ccbc2eb82504aafab1,12000,16,1,180000,0.8259911174756749,1,0.012400766694547163,0.012572497355329351,0,1,173705,0.0,-3.766741064133552,-324.5885949224066,-3.668713505081624,52.143652850671494,0.010291812409241324,0.0012875366078333172,10.0,0.0,1.0,12.71790858064356,12.102334935962354,0,0,0
S5_p001_t010_s1305069655,2026-10-04T14:22:00Z,S5,1,1,0,0,958879d8350ef255df9de67a6121a9329033d4927692f27e091474a4d6b11e4b,12000,16,1,180000,0.8237109977793515,1,0.011703409035284213,0.01257249735532935,0,1,173844,0.0,-2.9495007413136887,-313.0223351266177,-7.397970984005761,0.12380718542045877,-0.004107090621818537,-0.0005143802436577971,0.08333333333333333,0.0,0.0,5.311831006213262,2.4149208527361923,0,0,0
S5_p001_t011_s28593644,2026-10-04T14:22:15Z,S5,1,1,0,0,67fa1a4867a7056d7bf32bf4e3b8e54ab0c7a8a2668ba968798b4eafc388e45e,12000,16,1,180000,0.8232639838861745,1,0.011260883393764977,0.011370134432934819,0,1,173765,0.0,-2.956602346104114,-319.60570156815083,-7.396616550482184,0.10597364395669252,-0.0012312565429283627,-0.00015410776268254267,0.08333333333333333,0.0,2.25,5.185722240013126,2.0127535577144426,0,0,0
S5_p001_t012_s1865301797,2026-10-04T14:22:30Z,S5,1,1,0,0,4c6aa2ad62169f8aee059d705477d95e54c9be377b39db01795eafede61d864c,12000,16,1,180000,0.823474962248355,1,0.011552547213123198,0.011697493707701075,0,1,173792,0.0,-2.9521304237885815,-317.35567062892306,-7.40387980719046,0.1354369139643283,-0.004165271873186363,-0.0005214503858042008,0.08333333333333333,0.0,1.1666666666666667,4.95773074691189,2.8207360185616546,0,0,0
S5_p001_t013_s2060094721,2026-10-04T14:22:45Z,S5,1,1,0,0,f4e51de322207fb43cae6201f4c926bba9c252b61ff5505f225cceeb8dae6ff0,12000,16,1,180000,0.8234831462726686,1,0.01228721530222382,0.011697493707701073,0,1,173806,0.0,-2.9513147516301568,-316.1890250874846,-7.403536676504318,0.11760698597853851,-0.005488401969314388,-0.0006871698801660386,0.08333333333333333,0.0,0.0,4.736780093905434,1.9331765124926563,0,0,0
S5_p001_t014_s1948411728,2026-10-04T14:23:00Z,S5,1,1,0,0,eac67472504af628e13d8cdaa0b62a14cea49e89773fa9576390366f346aa6f1,12000,16,1,180000,0.8242099716135503,1,0.011657546755553692,0.010943740424339411,0,1,173765,0.0,-2.92857581609905,-319.6057155364306,-7.430149095883362,0.11702716018595341,0.007474479453503415,0.000935528271838848,0.08333333333333333,0.0,8.583333333333334,5.031765616543211,1.9346360755314265,0,0,0
S5_p001_t015_s391197292,2026-10-04T14:23:15Z,S5,1,1,0,0,0372ce24a7b5a7f66504643ab812807c0aa07919b852d664177f6f165062d99a,12000,16,1,180000,0.8235877572842568,1,0.01141089296237221,0.010943740424339411,0,1,173868,0.0,-2.948985762186992,-311.0223619477456,-7.40115628104665,0.11952414756907595,0.005236187032218603,0.0006559162047778955,0.08333333333333333,0.0,0.0,5.054952826920281,1.8699752143424588,0,0,0
S5_p001_t016_s1222798800,2026-10-04T14:23:30Z,S5,1,1,0,0,fb9b19500df471f6e3e6e4658d415db3c59adf29c7a3596cceedb1fe414080ed,12000,16,1,180000,0.8249135376195407,1,0.012120044544512662,0.01155165604757784,0,1,173814,0.0,-2.9221124151178173,-315.5223728513453,-7.456530163661801,0.1392752353611601,-0.008192372355284855,-0.0010257833273499273,0.08333333333333333,0.0,2.6666666666666665,4.9288319066678214,2.0864255051918814,0,0,0
S5_p001_t017_s1741812164,2026-10-04T14:23:45Z,S5,1,1,0,0,c3f443ed82d07a93d6c0f9747d887aa4791e2ce0df52e9e5a8c49d55083aeb0c,12000,16,1,180000,0.8239339013720579,1,0.012082245958875555,0.011551656047577838,0,1,173846,0.0,-2.9499412340713342,-312.85565260840303,-7.412273848055677,0.17642168821720944,-0.003044834112045314,-0.0003813472035290033,0.08333333333333333,0.0,0.0,4.794255428431358,2.2626829946860907,0,0,0
S5_p001_t018_s761716013,2026-10-04T14:24:00Z,S5,1,1,0,0,8d8a0874af9df273a6a6a0cc8d1b0b897da89d2fcc17d42aebddf824c16b7ce8,12000,16,1,180000,0.8237905742260421,1,0.012611859642941581,0.011175487216593947,0,1,173777,0.0,-2.9338276308562232,-318.60576169403186,-7.435787921314062,0.13523310950280973,-0.01216527784869897,-0.0015227886547108938,0.08333333333333333,0.0,5.0,4.986682030621696,2.8486998943505264,0,0,0
S5_p001_t019_s1418527271,2026-10-04T14:24:15Z,S5,1,1,0,0,350e07d768ea94a0df1a642245e0003a7410637e0ecc93bd6ba17137137b1f45,12000,16,1,180000,0.8247590528092947,1,0.010839123583474556,0.011217996666343173,0,1,173837,0.0,-2.924235801140353,-313.605697583141,-7.447515768513709,0.13762756094895262,-0.006133632896945965,-0.000768145515849028,0.08333333333333333,0.0,349.41666666666663,5.089853948930548,2.251212600962688,0,0,0
S5_p001_t020_s783127692,2026-10-04T14:24:45Z,S5,1,1,0,0,64e962bb35c893b1ac91bc6f5f81fe2f0d6fee10729f3f8152d779b87a0d7a0d,12000,16,1,180000,0.8238065297767677,1,0.01239361488565299,0.01130698512478443,0,1,173732,0.0,-2.9439447814395923,-322.3556972278341,-7.41531238255975,0.17022254047644794,-0.005642295327477128,-0.0007060204143272131,0.08333333333333333,0.0,0.0,4.795703263409875,2.1663126028543696,0,0,0
S5_p001_t021_s1964437265,2026-10-04T14:25:00Z,S5,1,1,0,0,fa882f32fe8e660ecee2801600537c5bcf975f2e90ca16b6f4e2c1698e4d7c1e,12000,16,1,180000,0.8243370706133833,1,0.012551199994000999,0.01130698512478443,0,1,173628,0.0,-2.9350846291475396,-331.02235906941377,-7.429098590216605,0.12187729686719842,0.007962460569487824,0.0009955145951607847,0.08333333333333333,0.0,0.0,5.1443037236212685,1.8481953400420656,0,0,0
S5_p001_t022_s957459067,2026-10-04T14:25:15Z,S5,1,1,0,0,529e452a5a0b4e5817d57a3f347cf03f27c12233118152ce9d0777109cec318e,12000,16,1,180000,0.5480396373912234,1,0.011269464583975711,0.011415151531325126,0,1,173751,0.0,-6.507230913041746,-320.77238502868204,2.251699607017831,55.327260735419586,1086.698789142118,135.9992667623469,10.666666666666666,0.0,5.083333333333333,8.745423034626695,8.392522208786753,0,0,0
S5_p001_t023_s8860321,2026-10-04T14:25:30Z,S5,1,1,0,0,19b121d00f5068514c12a63e1bba36234e8c6178a6a00393e6fea3f48384cd07,12000,16,1,180000,0.8233549821024314,1,0.012481156639424144,0.011415151531325125,0,1,173812,0.0,-2.9558737405250257,-315.6889791057971,-7.415804383935506,0.15286151536813264,0.02001610482039912,0.0025062164845621737,0.08333333333333333,0.0,0.0,4.853735534505518,2.1904653862260983,0,0,0
S5_p001_t024_s1947352502,2026-10-04T14:25:45Z,S5,1,1,0,0,c2fe8552c1dacd1d70e864df2aac6b63bc33f4223345ddd73cb25d67917ff740,12000,16,1,180000,0.8226701154485466,1,0.011435329474003216,0.011692016999606968,0,1,173775,0.0,-2.9681195587748057,-318.77233312874034,-7.377301696444539,0.12344280126868537,-0.0009399206938131682,-0.00011765269300667569,0.08333333333333333,0.0,0.0,4.634417812815839,1.7444777842750794,0,0,0
S5_p001_t025_s530962326,2026-10-04T14:26:00Z,S5,1,1,0,0,04b2003f1ed4d8e23af0601c1320ed1a556b0f8953d82c52c7585f324a191055,12000,16,1,180000,0.8230579979153392,1,0.012891205791738181,0.011754246126400688,0,1,173758,0.0,-2.964584145437079,-320.1889663905549,-7.389745777571176,0.13234394814096873,-0.0010518213863850605,-0.00013164175743440865,0.08333333333333333,0.0,7.583333333333333,4.665844069694888,2.0109678961322106,0,0,0
S5_p001_t026_s1487894653,2026-10-04T14:26:15Z,S5,1,1,0,0,f12adb68414f7652107edc0917f33ceb718d64424afb1ae7b571a36c34c8b23b,12000,16,1,180000,0.8240794488871185,1,0.012253514498764627,0.011754246126400688,0,1,173849,0.0,-2.9371485853397457,-312.6057288787112,-7.425638796859336,0.10545380413513682,0.007132705572436273,0.0008933499748309259,0.08333333333333333,0.0,0.0,4.859288574461025,2.599224247949809,0,0,0
S5_p001_t027_s336917293,2026-10-04T14:26:30Z,S5,1,1,0,0,44de61341fbcb540ec1935d647e0c3b6295c3bbea18f4e5847c449e95e0829a0,12000,16,1,180000,0.824393848869259,1,0.011696564568725072,0.011497097383666202,0,1,173668,0.0,-2.9263709414402643,-327.6890725779813,-7.455630892050396,0.14310472110185277,-0.004691907163012193,-0.0005867980612492829,0.08333333333333333,0.0,2.5,4.90476875103011,2.089964106167488,0,0,0
S5_p001_t028_s362942692,2026-10-04T14:26:45Z,S5,1,1,0,0,1539e215b6e4c1f54ad18f0a0c8d4f975b80c78ba8c7a52cb873b25c5c2717e2,12000,16,1,180000,0.8242578875459835,1,0.011978457843513585,0.013794725883134002,0,1,173698,0.0,-2.9370492561960853,-325.1890223403437,-7.412840605765477,0.147044386251927,-0.006209362476079125,-0.0007767664083075942,0.08333333333333333,0.0,0.0,4.746580945215195,2.1805377626812152,0,0,0
S5_p001_t029_s125804357,2026-10-04T14:27:00Z,S5,1,1,0,0,01d9d991ebcbc7b83ee40ed06c8b5415dafa8de06cb6726c10ec25f97548e44d,12000,16,1,180000,0.8230255700515684,1,0.012528583860759073,0.013794725883134002,0,1,173691,0.0,-2.9557308070145383,-325.77235393853636,-7.402964390248142,0.135900986586337,0.0028116313514954887,0.0003517041541272192,0.08333333333333333,0.0,9.916666666666668,4.806990484749198,2.3298577269062073,0,0,0
S5_p001_t030_s1238284527,2026-10-04T14:27:15Z,S5,1,1,0,0,257b139b996cc3664285a6e3d6854fd1fbeb064da9a9c199d39225f3122ce02c,12000,16,1,180000,0.8246869638085589,1,0.01215631783959223,0.012303348513055432,0,1,173810,0.0,-2.919623535656317,-315.8557405152145,-7.452318532377872,0.10845029814416889,0.009584127562869454,0.0012000094438917586,0.08333333333333333,0.0,0.0,4.5356008184297005,2.252804508593043,0,0,0
S5_p001_t031_s185959128,2026-10-04T14:27:30Z,S5,1,1,0,0,0e19d6be94649677042931c658a012a8b035a953f45bb837f64793bea033f1b0,12000,16,1,180000,0.8243079060773005,1,0.011722854001525175,0.01166365529434014,0,1,173786,0.0,-2.9236369015556014,-317.85574576468025,-7.451786636174286,0.18109808480953224,-0.000567144404604781,-7.099740514604491e-05,0.08333333333333333,0.0,0.0,4.814050328847911,2.224262676033687,0,0,0
S5_p001_t032_s1290207230,2026-10-04T14:27:45Z,S5,1,1,0,0,0a909f98dd20dd572b391e3bd4c884060a1464e98421953e79d07a1cecf187bb,12000,16,1,180000,0.8239000951362454,1,0.011482124515131026,0.01182170195224339,0,1,173667,0.0,-2.9378385372105518,-327.7723973705015,-7.415103667189119,0.1241633856201454,0.0021388770851287963,0.0002674986626516329,0.08333333333333333,0.0,15.583333333333332,4.972112123828633,1.8104604239286402,0,0,0
S5_p001_t033_s1071658190,2026-10-04T14:28:00Z,S5,1,1,0,0,f68754787e25e2ef664edba2300a8b2ae26ab2c0ca1ad209f056109008f80a5c,12000,16,1,180000,0.8235963484079456,1,0.01169322486772252,0.011821701952243394,0,1,173854,0.0,-2.9543882932353416,-312.18896763439324,-7.389985216018841,0.16371373424201113,-0.0012533094513102034,-0.0001569795153955056,0.08333333333333333,0.0,1.0833333333333333,5.136758836552438,2.2300238067701583,0,0,0
S5_p001_t034_s264284341,2026-10-04T14:28:15Z,S5,1,1,0,0,c788f48b8a7d10f847b02fc5d9216a4bd94961e531cedb10e7721b2c017ba59f,12000,16,1,180000,0.8241560229783467,1,0.011381221773385264,0.011609161800808964,0,1,173867,0.0,-2.9327527731055008,-311.10573383117355,-7.414338767611749,0.15778552564306098,0.015538648095177993,0.0019464487536424713,0.08333333333333333,0.0,0.0,4.827617373284113,2.2300495409582033,0,0,0
S5_p001_t035_s1262033904,2026-10-04T14:28:30Z,S5,1,1,0,0,dfa90a7f6a58a10ae09f023bc73e7d6b73efcc7141d03353e846c1cba67010b9,12000,16,1,180000,0.47781759119399364,1,0.01146448848965815,0.011250382661086605,0,1,173749,0.0,-7.61997304901843,-320.9389884327453,3.9303537096029477,50.97782290569115,912.5708236072452,114.2055008619759,8.833333333333334,0.0,8.666666666666666,7.85650443940346,6.667306782279986,0,0,0
S5_p001_t036_s1103695776,2026-10-04T14:28:45Z,S5,1,1,0,0,8f19c2f59c08a7d8f1dd56039ffbb814e72d27f428b67e73fcc72f976bafbd3d,12000,16,1,180000,0.9249870374356305,1,0.013548107483452159,0.012791163267020645,0,1,173967,0.0,-2.838553648991193,-302.75525363399476,-8.175564025063949,0.1717968724607646,0.0015445076169949084,0.0001936271974045667,0.08333333333333333,0.0,0.0,4.679202578836057,2.5186516123926843,0,0,0
S5_p001_t037_s1633845900,2026-10-04T14:29:00Z,S5,1,1,0,0,7b38d47baa947b6ce8257f07af9ca0195a9cd20cc19a45f3a19e61b7667c42a9,12000,16,1,180000,0.9249001136302093,1,0.01334370332018754,0.012791163267020641,0,1,173907,0.0,-2.838016265631953,-307.75525187527217,-8.169281719409598,0.0959263134273619,-0.004639982526018062,-0.0005814130104226933,0.08333333333333333,0.0,1.8333333333333333,4.90070959796588,2.081915995849686,0,0,0
S5_p001_t038_s1316886713,2026-10-04T14:29:15Z,S5,1,1,0,0,710933defe5ca1bdc3b171b92dfcd9fb0a0fb4e5efd7d2d9791729b839d1a1c0,12000,16,1,180000,0.9253364134028566,1,0.011015218769481269,0.01057359964982943,0,1,173929,0.0,-2.8325563022578484,-305.9219191649984,-8.194442918358481,0.11184767212641238,0.0018289236884752864,0.00022921351910554222,0.08333333333333333,0.0,0.8333333333333334,5.146836087586539,2.149278164009609,0,0,0
S5_p001_t039_s1570360091,2026-10-04T14:29:30Z,S5,1,1,0,0,5973d8058d88e2121816931c054a9abd4f721191fc29f55e60f16c481279ebce,12000,16,1,180000,0.9257217379882802,1,0.011494178494568415,0.011196171779032286,0,1,173939,0.0,-2.806243267140535,-305.0886281696288,-8.226213519854454,0.10883098508745337,-0.0004581524175751059,-5.742344956161105e-05,0.08333333333333333,0.0,322.4166666666667,5.090795663961539,2.5192034509151933,0,0,0
S5_p001_t040_s255641872,2026-10-04T14:30:00Z,S5,1,1,0,0,440a9a083495b7b142a6fedf1489987712b9151c98f8d79603298a8d1a1c9e23,12000,16,1,180000,0.9253369057532833,1,0.012046854076266555,0.011607060582618213,0,1,173681,0.0,-2.8370092668197473,-326.5885875238055,-8.19717216356069,0.11051988212234051,0.0024005815145515573,0.00030026233525859425,0.08333333333333333,0.0,0.0,5.888153116276134,2.236641697731062,0,0,0
S5_p001_t041_s1560381157,2026-10-04T14:30:15Z,S5,1,1,0,0,3555550c7829ddeb412b146fcc5469668d1a873df8d59637e8a4a66b09e7fc21,12000,16,1,180000,0.9255659707485719,1,0.013844045255505595,0.01253363199207295,0,1,173549,0.0,-2.829317075355603,-337.5885913553345,-8.217766039057347,0.12687084854064054,0.0010130568079345964,0.00012657840898100403,0.08333333333333333,0.0,2.5,5.260593940833649,2.0996937467395083,0,0,0
S5_p001_t042_s520177207,2026-10-04T14:30:30Z,S5,1,1,0,0,42106d428b6285f01f34b69830dbe50ba2556ca5717bffe7ab53bcd775b2eb79,12000,16,1,180000,0.9251774024361121,1,0.013507355486685725,0.012533631992072952,0,1,173579,0.0,-2.8309281478048653,-335.088599437741,-8.186196331084407,0.16968821129073539,-0.003910981179749888,-0.0004887826949016016,0.08333333333333333,0.0,0.0,5.192987710520691,2.2637554662376087,0,0,0
S5_p001_t043_s1065234686,2026-10-04T14:30:45Z,S5,1,1,0,0,071578291bd78e6a2ea4e6b6427072dac9a0dec6debc91479ee0eda9017cbc74,12000,16,1,180000,0.9250505819537951,1,0.012012237390471033,0.011682577969342321,0,1,173501,0.0,-2.829881609950668,-341.5886076044996,-8.179819980981515,0.1643101368007319,0.0004309387443804798,5.382381823437754e-05,0.08333333333333333,0.0,3.5833333333333335,4.752977766801818,1.8039885452151694,0,0,0
S5_p001_t044_s1775278461,2026-10-04T14:31:00Z,S5,1,1,0,0,4d12d414ccb240ef266535cf98b563bb34d6de7a07de967a4612bd03898c425f,12000,16,1,180000,0.9248991424999233,1,0.01267022487109958,0.011823933187721984,0,1,173544,0.0,-2.839235532304773,-338.0052579713065,-8.167738293078637,0.13434681835545073,4.186903285394558e-05,5.231200702837668e-06,0.08333333333333333,0.0,0.0,5.738119638471824,2.2862819243791628,0,0,0
S5_p001_t045_s1025061940,2026-10-04T14:31:15Z,S5,1,1,0,0,0851cd101c72a5443b3bab23f57bf654af10ae58a3aa8faa4e4fa160a21a2d2d,12000,16,1,180000,0.9256065966734842,1,0.01190789171400914,0.01213097723177856,0,1,173513,0.0,-2.8176048413738988,-340.58859531965027,-8.214289630143062,0.17115173490961588,6.670691223759484e-05,8.33242711451021e-06,0.08333333333333333,0.0,10.916666666666666,4.648011317888131,2.285902042947512,0,0,0
S5_p001_t046_s1355283976,2026-10-04T14:31:30Z,S5,1,1,0,0,3a9ab310b2b87c534ab1cffb05451ef0a5b3b0eb974686cfa880de66080c5620,12000,16,1,180000,0.9249067561729861,1,0.011656578747342449,0.01213097723177856,0,1,173644,0.0,-2.8378332639472776,-329.67194442015597,-8.170160222848455,0.1429272554080534,-0.00023123501658295397,-2.891408894356573e-05,0.08333333333333333,0.0,0.0,5.620781626658939,2.959999648747515,0,0,0
S5_p001_t047_s8670849,2026-10-04T14:31:45Z,S5,1,1,0,0,0e498c886975013c3b91db76bd86b1343d58423bc1e11d460886678bfca82819,12000,16,1,180000,0.7688602457033762,1,0.011165969999483574,0.01188729198616384,0,1,173489,0.0,-4.393492568535966,-342.58861252629265,-1.8677116803106384,35.40741586805701,967.2149679431336,120.79257570151412,9.416666666666666,0.0,0.6666666666666666,12.532754274252675,10.907991633429058,0,0,0
S5_p001_t048_s683044550,2026-10-04T14:32:00Z,S5,1,1,0,0,b1bb648401f660be352e54460c148044e4e690da77eab8e8fe7fa649eec40ff6,12000,16,1,180000,0.8243330595060353,1,0.012366930853198272,0.011887291986163843,0,1,173618,0.0,-2.9321517639167753,-331.85570008867523,-7.455860072263313,0.11761183861019307,-0.01447387927563249,-0.0018094664915224712,0.08333333333333333,0.0,13.333333333333334,4.66843499780107,1.8820491820278056,0,0,0
S5_p001_t049_s1419673414,2026-10-04T14:32:15Z,S5,1,1,0,0,7a5a9ddf274a9cd5bba3a62206f5a269889392e7a12f74e84d8d01234246dc9a,12000,16,1,180000,0.8233854907929993,1,0.01103830327160243,0.012476187310916514,0,1,173778,0.0,-2.956310090952052,-318.5223412084573,-7.403861270850487,0.13668937457465175,-0.0006578146358368381,-8.234260485551204e-05,0.08333333333333333,0.0,0.0,4.995724752362149,2.138735298809711,0,0,0
S5_p001_t050_s1860529943,2026-10-04T14:32:30Z,S5,1,1,0,0,e38bb24118dcafcb972febf7909085fe817c0909f711d515545e95d7e46ca088,12000,16,1,180000,0.8240530615051906,1,0.011746526651041757,0.012476187310916514,0,1,173712,0.0,-2.9365228898654023,-324.0223849977513,-7.4426281036879205,0.1411656313858488,0.01198072922764947,0.0014989090336712252,0.08333333333333333,0.0,0.0,4.751350840462418,1.9657082579060283,0,0,0
S5_p001_t051_s978485698,2026-10-04T14:32:45Z,S5,1,1,0,0,d157dc98d5ab62ddb6626c60d413d6ef1734f6af69b8a42b5d8b2064fe054cca,12000,16,1,180000,0.8248072030452784,1,0.011636903763015544,0.011215183543938707,0,1,173599,0.0,-2.9217215898686266,-333.43904895844634,-7.453006986879886,0.14394294758492854,-0.008992841195870896,-0.0011240781709602743,0.08333333333333333,0.0,9.666666666666668,4.680185941723933,2.5220939347236158,0,0,0
S5_p001_t052_s800179956,2026-10-04T14:33:00Z,S5,1,1,0,0,8351bc026e5e46cc712f05e5c162ed41b228f60da92c6eb9ccdfd11e058be9fd,12000,16,1,180000,0.8237518204247811,1,0.011500926560374105,0.0112288047081808,0,1,173715,0.0,-2.943525337602896,-323.77235543803545,-7.427548262818525,0.14327129786778628,0.01373631672965509,0.0017185917949973373,0.08333333333333333,0.0,6.25,5.501883887565273,1.787061888776229,0,0,0
S5_p001_t053_s230175689,2026-10-04T14:33:15Z,S5,1,1,0,0,fb0f208ced0d1a73ecd12898fe284a9c9fc66997ee1027811965cf8e8285b90e,12000,16,1,180000,0.8244092675133546,1,0.01125567866640072,0.011278256551537354,0,1,173790,0.0,-2.936666926989044,-317.5223351445123,-7.4328179224979785,0.14478166586008245,0.005002326286248571,0.0006262312231228861,0.08333333333333333,0.0,0.0,5.249816525294197,2.6149037289699923,0,0,0
S5_p001_t054_s1158910655,2026-10-04T14:33:30Z,S5,1,1,0,0,ad056bb9c8dbcb06dd4c71e7009b13913ba76a5c64401bd2f5f1dc43d80e93dc,12000,16,1,180000,0.8231531299507532,1,0.010943869225672191,0.011760632094508684,0,1,173787,0.0,-2.9635342009444043,-317.77230537863215,-7.3811920917752545,0.1826332203520416,-0.00822122126011198,-0.0010291735834471183,0.08333333333333333,0.0,0.0,5.258119984777556,1.867158853898721,0,0,0
S5_p001_t055_s55591962,2026-10-04T14:33:45Z,S5,1,1,0,0,241f718a420b18faac0486bfc4cdaed0a51d24edd2de872b7a73fdd5a69f23dd,12000,16,1,180000,0.8237323958921317,1,0.011528730044343403,0.011988525367485186,0,1,173646,0.0,-2.935175056452699,-329.5224274786706,-7.416630192285441,0.13227372288844458,-0.004818639600766411,-0.0006025419702382351,0.08333333333333333,0.0,12.166666666666666,4.611379678718177,2.1654774338548055,0,0,0
S5_p001_t056_s1696699799,2026-10-04T14:34:00Z,S5,1,1,0,0,63505daab0ad3afa118094dfa167b40d75bce6b6f25de0e980724ca34ddc0941,12000,16,1,180000,0.8236748993904912,1,0.011509063105665763,0.012946098866177964,0,1,173792,0.0,-2.943113345566476,-317.3557089792388,-7.414095062967734,0.0981572399034178,-0.0006822607342765165,-8.541222132407711e-05,0.08333333333333333,0.0,0.0,5.503741858946298,2.4451510709587616,0,0,0
S5_p001_t057_s639385521,2026-10-04T14:34:15Z,S5,1,1,0,0,b20a84dcb8df981a3e461664c3636b33b70f85dbc938d260b3bac288f263a328,12000,16,1,180000,0.8236631970611195,1,0.011320572088177085,0.012946098866177966,0,1,173765,0.0,-2.944973483430855,-319.6056986727314,-7.419929940835843,0.18346359250363695,-0.0003845930520123376,-4.813682016902021e-05,0.08333333333333333,0.0,2.416666666666667,5.073617161628035,2.1908946181584046,0,0,0
S5_p001_t058_s455409832,2026-10-04T14:34:30Z,S5,1,1,0,0,7240c30403d2805580f71173a11a93c57840bde5d9e0b08c44d35a18a85356a9,12000,16,1,180000,0.8240908808389183,1,0.012727655001549031,0.011877803507190515,0,1,173794,0.0,-2.9371404172674467,-317.18904141271804,-7.4074677989436655,0.24470844964648092,-0.014576941723142042,-0.0018249164882035984,0.08333333333333333,0.0,0.0,5.3118488202049745,2.1571579358028603,0,0,0
S5_p001_t059_s1555299053,2026-10-04T14:34:45Z,S5,1,1,0,0,e43baaf5ed965580aa6adea066e33e2b436fbda0d28a5aec8de1f941954e83aa,12000,16,1,180000,0.8238179389575538,1,0.011944693967472199,0.01113855425576945,0,1,173721,0.0,-2.9452855947006045,-323.2723359646,-7.427811945748354,0.21343966163363115,-0.01134186254305052,-0.0014190824995239382,0.08333333333333333,0.0,352.6666666666667,4.643067360685767,2.4304690224030727,0,0,0
S5_p002_t000_s1138448492,2026-10-04T14:35:15Z,S5,2,1,0,0,1696d534d58ecb35d87824cba176dc43d5d60f961a97ffa7171e1875adcaeffe,12000,16,1,180000,0.9908890181328767,-1,0.9908890181328767,0.9999999999995622,1,-1,138001,nan,-0.2691118917151779,nan,-17.521880986995136,1.8133939585794239,nan,nan,9.333333333333334,0.0,0.16666666666666666,16.90565018687794,188.10855262173925,0,1,0
S5_p002_t001_s1850764392,2026-10-04T14:35:30Z,S5,2,1,0,0,b469571c8ea81fd2b337076928a322290afb1ee372c384c47a959b44b4e0919b,12000,16,1,180000,0.9985024042925734,1,0.9985024042925734,0.9999999999995622,1,1,173835,nan,-0.14167077513289136,nan,-51.08434987116753,1.4572218489243669e-08,nan,nan,0.0,0.0,0.0,0.9630062328526462,175.7365950327792,0,1,0
S5_p002_t002_s321598820,2026-10-04T14:35:45Z,S5,2,1,0,0,29cef020d82551572734a11ea96ff65b6e95265a33f57829894dc3dc7b001703,12000,16,1,180000,0.9985024052227015,1,0.9985024052227015,0.9999999999995622,1,1,173794,nan,-0.14167050631365924,nan,-51.101209008687334,1.23195056536325e-07,nan,nan,0.0,0.0,9.75,0.9880705143266353,176.41076377228842,0,1,0
S5_p002_t003_s121880670,2026-10-04T14:36:00Z,S5,2,1,0,0,8c0a8eb1956807e013623903c8a8f9d50b6278f9d058161594f3be32088e931b,12000,16,1,180000,0.9985024042950861,1,0.9985024042950861,0.9999999999995622,1,1,173911,nan,-0.14167077505588604,nan,-51.08434997191752,1.5110376860273662e-08,nan,nan,0.0,0.0,0.0,0.9629513737728322,175.73650757423835,0,1,0
S5_p002_t004_s476275882,2026-10-04T14:36:15Z,S5,2,1,0,0,efd4c1b420f329ca9f90cb9a4e42ab5bb4b0405c1cab2dd14de7134ac5bf06e7,12000,16,1,180000,0.998502404294293,1,0.998502404294293,0.9999999999995622,1,1,173887,nan,-0.1416707750582483,nan,-51.08434996124701,1.510732958548465e-08,nan,nan,0.0,0.0,0.3333333333333333,0.9629686507423553,175.7364768229183,0,1,0
S5_p002_t005_s1101140010,2026-10-04T14:36:30Z,S5,2,1,0,0,62054efcd550f0a72b02d1be449e457f454e83f01955990210d63804ffa3025d,12000,16,1,180000,0.9985024042944253,1,0.9985024042944253,0.9999999999995622,1,1,173891,nan,-0.14167077512846094,nan,-51.08434988875342,1.4567890587581035e-08,nan,nan,0.0,0.0,0.0,0.9629667080966983,175.7365772001907,0,1,0
S5_p002_t006_s993856876,2026-10-04T14:36:45Z,S5,2,1,0,0,e0d730a57ba35f09cd90957b8de369a61cd8db1f93e913074f928c4e3a1d233c,12000,16,1,180000,0.998502387180342,1,0.998502387180342,0.9999999999995622,1,1,173832,nan,-0.14167074610043745,nan,-51.086150572919,7.199996736327055e-10,nan,nan,0.0,0.0,7.416666666666667,0.9774070070960033,175.79815821034418,0,1,0
S5_p002_t007_s494561765,2026-10-04T14:37:00Z,S5,2,1,0,0,a7e1eafbf891a302b531063c57a203f83c44c4049308e9656c3225ca9028fbf0,12000,16,1,180000,0.9985023881319609,1,0.9985023881319609,0.9999999999995622,1,1,173921,nan,-0.14167047755639514,nan,-51.103000260886034,1.3948424008742312e-07,nan,nan,0.0,0.0,0.0,0.965715136533647,176.48725715104433,0,1,0
S5_p002_t008_s569656867,2026-10-04T14:37:15Z,S5,2,1,0,0,51a73e696d6d995ebffeb48fece685ffa65286462d35d54a70edf3ae085c1bb4,12000,16,1,180000,0.9985024042934995,1,0.9985024042934995,0.9999999999995622,1,1,173863,nan,-0.14167077506060172,nan,-51.08434995067441,1.5103489633519516e-08,nan,nan,0.0,0.0,0.0,0.9629857084658257,175.7365222074392,0,1,0
S5_p002_t009_s1938674575,2026-10-04T14:37:30Z,S5,2,1,0,0,13376348abd3c7cfac6f8ba7bea1d68d932e497d449b5573f1c114e0a4c4d951,12000,16,1,180000,0.9985024052210355,1,0.9985024052210355,0.9999999999995622,1,1,173734,nan,-0.14167050640985657,nan,-51.101214753475894,1.246817129606773e-07,nan,nan,0.0,0.0,6.583333333333333,0.9630933697711778,176.41084206171143,0,1,0
S5_p002_t010_s1527196527,2026-10-04T14:37:45Z,S5,2,1,0,0,4bbf6c3fb843aa408a02bbc030a57c869e7cc7fb27f64f4924dae27358f4e1d6,12000,16,1,180000,0.9985023881183989,1,0.9985023881183989,0.9999999999995622,1,1,173813,nan,-0.14167047718553036,nan,-51.103011755190465,1.3795071155895336e-07,nan,nan,0.0,0.0,5.416666666666667,0.9630404318446788,176.4871372942677,0,1,0
S5_p002_t011_s1240012615,2026-10-04T14:38:00Z,S5,2,1,0,0,f5926e9e7084f728784f633c5dd902823c114115459c70286d87d6a602170f08,12000,16,1,180000,0.9985024052250323,1,0.9985024052250323,0.9999999999995622,1,1,173878,nan,-0.14167050662239203,nan,-51.10120087734273,1.2466690474788839e-07,nan,nan,0.0,0.0,0.0,0.9629945702210321,176.41125028771853,0,1,0
S5_p002_t012_s1128565587,2026-10-04T14:38:15Z,S5,2,1,0,0,8dc1300dea0b279ca7f214cd57e8b70c670c04228bce99fe2b647244f9ed8f76,12000,16,1,180000,0.9985023871855815,1,0.9985023871855815,0.9999999999995622,1,1,173872,nan,-0.14167074610315356,nan,-51.08615016241732,7.293247202334977e-10,nan,nan,0.0,0.0,1.0833333333333333,0.9774022271171213,175.79795362726782,0,1,0
S5_p002_t013_s1398407335,2026-10-04T14:38:30Z,S5,2,1,0,0,119c15b7fae96430969c5aff524aa6ce169cd70f4217a8a3de7a39c4ff8ff5e8,12000,16,1,180000,0.8645037899420247,-1,0.8645037899420247,0.9999999999995622,1,-1,135601,nan,-1.2225481871593444,nan,-5.504083621142872,5.17171894437943,nan,nan,8.333333333333334,0.0,0.0,12.802177412644767,189.98234910891912,0,1,0
S5_p002_t014_s1843803682,2026-10-04T14:38:45Z,S5,2,1,0,0,24dd29f36cdd119b9032a518551885d23649ab9c82e7178966e5c8063a8437f8,12000,16,1,180000,0.9434303063600356,1,0.9434303063600356,0.9999999999995622,1,1,173976,nan,-0.14176098660728167,nan,-46.429726593583524,1.0932638348650637e-09,nan,nan,0.0,0.0,0.0,1.030383754784497,175.64743928301624,0,1,0
S5_p002_t015_s1476197660,2026-10-04T14:39:00Z,S5,2,1,0,0,ea4ee1fd365b6fa08fceefd37a92b977859b8f3d9cce9727a0289dcb832379d3,12000,16,1,180000,0.9434303063458019,1,0.9434303063458019,0.9999999999995622,1,1,173952,nan,-0.14176098660425873,nan,-46.429726713261594,1.0837864245225902e-09,nan,nan,0.0,0.0,0.0,1.030391540718705,175.64726291106984,0,1,0
S5_p002_t016_s1921035023,2026-10-04T14:39:15Z,S5,2,1,0,0,8d6023484f82836159fdacfc40c23cce1816a1cc672bb0926d99077804eff95a,12000,16,1,180000,0.9434303063363109,1,0.9434303063363109,0.9999999999995622,1,1,173936,nan,-0.1417609866021033,nan,-46.429726799951524,1.0758934042078702e-09,nan,nan,0.0,0.0,4.416666666666667,1.0303966754772584,175.64735518591863,0,1,0
S5_p002_t017_s1351552590,2026-10-04T14:39:30Z,S5,2,1,0,0,ddd4c8a17f26b9e5f0b72a003a31f758ac05f143b1d7877a90ba3fbd836c23ab,12000,16,1,180000,0.9434300979258674,1,0.9434300979258674,0.9999999999995622,1,1,173989,nan,-0.14176137139995884,nan,-46.421047634511496,1.878906628130109e-07,nan,nan,0.0,0.0,0.0,0.9053268572024104,176.15002167523664,0,1,0
S5_p002_t018_s1167112926,2026-10-04T14:39:45Z,S5,2,1,0,0,b805782eada299613220179d49b39e6f6e9eed934070174b143fdb2b6417a21d,12000,16,1,180000,0.9434300978973086,1,0.9434300978973086,0.9999999999995622,1,1,173973,nan,-0.1417613714315672,nan,-46.42104692803028,1.8790535144866368e-07,nan,nan,0.0,0.0,0.0,0.9053351044068805,176.14990620958923,0,1,0
S5_p002_t019_s1353429191,2026-10-04T14:40:00Z,S5,2,1,0,0,369b821504e647fa683d28f98cd344a636608ea15bcac2823990916bdee61834,12000,16,1,180000,0.9433899594876489,1,0.9433899594876489,0.9999999999995622,1,1,173865,nan,-0.14176186050171286,nan,-46.39963962580211,1.9378263600127697e-07,nan,nan,0.0,0.0,329.8333333333333,0.9072179030794947,176.15005403129973,0,1,0
S5_p002_t020_s1002632261,2026-10-04T14:40:30Z,S5,2,1,0,0,af02c950c5a7c48f8a8cd0290cdf3125340ab48b7b4dc7c3face09cb0d397017,12000,16,1,180000,0.9434306914747435,1,0.9434306914747435,0.9999999999995622,1,1,173690,nan,-0.14176167789815938,nan,-46.41413271395973,3.3572058355879244e-07,nan,nan,0.0,0.0,0.0,0.9072205458860363,176.60408971016412,0,1,0
S5_p002_t021_s1152143633,2026-10-04T14:40:45Z,S5,2,1,0,0,7d0da471e6bda574e7da283b12d63a36d06931bd2c8f075844a07a27565fa507,12000,16,1,180000,0.9434303061770757,1,0.9434303061770757,0.9999999999995622,1,1,173668,nan,-0.14176098650820648,nan,-46.42972835944228,1.1834226669533876e-11,nan,nan,0.0,0.0,0.0,1.03047543590758,175.64716615180066,0,1,0
S5_p002_t022_s1274144205,2026-10-04T14:41:00Z,S5,2,1,0,0,1d16124dd3cb1ff0baf4cf9e3f4da90c9599ad03caa93b8446ac28c25c908b8b,12000,16,1,180000,0.9434300973107065,1,0.9434300973107065,0.9999999999995622,1,1,173645,nan,-0.14176137208642095,nan,-46.42103229378555,1.882273480973937e-07,nan,nan,0.0,0.0,0.0,0.9054895254087378,176.15006380527646,0,1,0
S5_p002_t023_s236274386,2026-10-04T14:41:15Z,S5,2,1,0,0,c4255591517b12c798f6aabf39624fdd1fe65944d3833cccfb6e506f08355d62,12000,16,1,180000,0.9434303061222999,1,0.9434303061222999,0.9999999999995622,1,1,173576,nan,-0.14176098655653205,nan,-46.4297286279136,9.436426424469781e-10,nan,nan,0.0,0.0,3.833333333333333,1.0305015451018147,175.64734023573746,0,1,0
S5_p002_t024_s1250788590,2026-10-04T14:41:30Z,S5,2,1,0,0,8999177e664d1245c5379284c055835ce19142c3213895bd98d5f0dcd6c76ff6,12000,16,1,180000,0.943430691584394,1,0.943430691584394,0.9999999999995622,1,1,173622,nan,-0.14176167723277242,nan,-46.41412697202655,3.4244723025258746e-07,nan,nan,0.0,0.0,1.0833333333333333,0.9054945281320452,176.60393966969372,0,1,0
S5_p002_t025_s1053143358,2026-10-04T14:41:45Z,S5,2,1,0,0,6f6aae0db893a861551966ae37ec6367665add84065847e9b7ffdd9106225ef4,12000,16,1,180000,0.9434309004211424,1,0.9434309004211424,0.9999999999995622,1,1,173635,nan,-0.14176129211499014,nan,-46.422817568116706,1.5217620754859516e-07,nan,nan,0.0,0.0,9.416666666666666,0.9072263669548601,176.02649859589258,0,1,0
S5_p002_t026_s1195050127,2026-10-04T14:42:00Z,S5,2,1,0,0,819ea6e06f61cce4e51403fbe047341242e729c52b2114ff8451e3f51a08f862,12000,16,1,180000,0.9406238282508422,1,0.9406238282508422,0.9999999999995622,1,1,151485,nan,-0.21085830209926135,nan,-22.22105387551985,1.8693279011956694,nan,nan,0.6666666666666666,0.0,0.0,110.27262389583449,175.71995938491798,0,1,0
S5_p002_t027_s1857563192,2026-10-04T14:42:15Z,S5,2,1,0,0,bff5098473fffd6c6d5b3c8bbaf68f98d38f15e8692d48b2934c207ae7adf2e2,12000,16,1,180000,0.943430691371621,1,0.943430691371621,0.9999999999995622,1,1,173754,nan,-0.14176167765921127,nan,-46.41413810232485,3.35605136207613e-07,nan,nan,0.0,0.0,6.916666666666666,0.9072205497905492,176.60383766319612,0,1,0
S5_p002_t028_s926067461,2026-10-04T14:42:30Z,S5,2,1,0,0,aa902bfb3f87a91da40f44183a389d3d274e3f1c7267743eaa3b2f93a36bdd26,12000,16,1,180000,0.943430097654351,1,0.943430097654351,0.9999999999995622,1,1,173837,nan,-0.14176137170203934,nan,-46.42104086989374,1.8803763210169797e-07,nan,nan,0.0,0.0,0.0,0.9054023859478602,176.14986533257155,0,1,0
S5_p002_t029_s2039212308,2026-10-04T14:42:45Z,S5,2,1,0,0,e5d7ecaccd0b3310f4a45c6cc12006f70b858e0a16f2671243757edf63509255,12000,16,1,180000,0.9434300967240202,1,0.9434300967240202,0.9999999999995622,1,1,173785,nan,-0.14176137108493878,nan,-46.42103867499168,1.9323659908609065e-07,nan,nan,0.0,0.0,0.9166666666666666,0.907225067821911,176.1499748989329,0,1,0
S5_p003_t000_s1714205886,2026-10-04T14:43:00Z,S5,3,1,0,0,fe6f4d9641c3a890b05d1c1f53dde5d805795f4673725e7e6a7e67a8387a9a57,12000,16,1,180000,0.9481647565182905,1,0.9481647565182905,1.0000000000009506,1,1,173796,nan,-0.2571471068692566,nan,-27.047407378132394,8.905554720305443e-06,nan,nan,0.0,0.0,0.0,2.4104652469053405,81.81064907765716,0,1,0
S5_p003_t001_s1934708211,2026-10-04T14:43:15Z,S5,3,1,0,0,b1035bc37cbbebe6ad8c42609612ab7fc894dc8d4236fb3f4285dbb074f7a0d3,12000,16,1,180000,0.9481646584536813,1,0.9481646584536813,1.0000000000009506,1,1,173781,nan,-0.2571511084040319,nan,-27.047359786225496,1.2981145311324608e-05,nan,nan,0.0,0.0,6.0,2.4666876392653654,81.81069583660204,0,1,0
S5_p003_t002_s1951162110,2026-10-04T14:43:30Z,S5,3,1,0,0,c73ee85a278d9b37fc72bb89ed2172ff6c6a28e6d0d9ffb71e610b5982324467,12000,16,1,180000,0.9481654473478783,1,0.9481654473478783,1.0000000000009506,1,1,173853,nan,-0.25715069929735784,nan,-27.047472079560727,1.2075863544265744e-05,nan,nan,0.0,0.0,0.0,2.4264836405495016,81.8103082044634,0,1,0
S5_p003_t003_s1445156187,2026-10-04T14:43:45Z,S5,3,1,0,0,4954fd305a979ec07a64ed8a432fcedc4c4c300c651839254d4c84d855191f07,12000,16,1,180000,0.9481670166637703,1,0.9481670166637703,1.0000000000009506,1,1,173759,nan,-0.25714183666719453,nan,-27.046857505684756,2.3366825652350616e-06,nan,nan,0.0,0.0,0.0,2.4641223760255913,81.80981255383517,0,1,0
S5_p003_t004_s332708724,2026-10-04T14:44:00Z,S5,3,1,0,0,c6d1e2e5308e7d131e3e01205ac80c0eb51887b82947e6ae3dfa9ef922093228,12000,16,1,180000,0.9481646611767295,1,0.9481646611767295,1.0000000000009506,1,1,173628,nan,-0.25715020080045514,nan,-27.04736183672924,1.2043564586239313e-05,nan,nan,0.0,0.0,10.416666666666666,2.466848374538465,81.81066446350934,0,1,0
S5_p003_t005_s1838982444,2026-10-04T14:44:15Z,S5,3,1,0,0,3a981dbf56bcdc39cb7a87ded00846af374cee07a47c553c0dbd2195fc6d0f29,12000,16,1,180000,0.9481646831015612,1,0.9481646831015612,1.0000000000009506,1,1,173753,nan,-0.25715121733092206,nan,-27.047244065988906,1.2875637464853173e-05,nan,nan,0.0,0.0,0.0,2.4667935898097624,81.81054744885185,0,1,0
S5_p003_t006_s1432963864,2026-10-04T14:44:30Z,S5,3,1,0,0,a9ea2e851202227e7ef47d48a3c430d28be910a93d51dd9164783571f2a6107d,12000,16,1,180000,0.9481654478610163,1,0.9481654478610163,1.0000000000009506,1,1,173733,nan,-0.2571507080209874,nan,-27.047472018512945,1.2083679374725269e-05,nan,nan,0.0,0.0,0.6666666666666666,2.4264116247775465,81.81030781627823,0,1,0
S5_p003_t007_s1060432322,2026-10-04T14:44:45Z,S5,3,1,0,0,d60c046296afc75b5b3748956ba12403844f78409777c40f3071d005fa2de5f0,12000,16,1,180000,0.9481647689070838,1,0.9481647689070838,1.0000000000009506,1,1,173741,nan,-0.25714875404497506,nan,-27.0474018859592,1.0609359262982392e-05,nan,nan,0.0,0.0,7.666666666666666,2.4303648798992157,81.81065872695837,0,1,0
S5_p003_t008_s328444916,2026-10-04T14:45:00Z,S5,3,1,0,0,a10d0dc79def77f41d28706eb10eba9ed4e87c1be67a94a09938e141b8b847c7,12000,16,1,180000,0.9481647329255224,1,0.9481647329255224,1.0000000000009506,1,1,173833,nan,-0.2571492638975064,nan,-27.047420436446107,1.1160939855502779e-05,nan,nan,0.0,0.0,0.0,2.4664993892337383,81.81069172852459,0,1,0
S5_p003_t009_s2116983884,2026-10-04T14:45:15Z,S5,3,1,0,0,6e6f74bb3d3e7898c5c44b052695186b29e377cd0e7e8ad1e0abdb73d9ebf6d6,12000,16,1,180000,0.9607996874055239,1,0.9607996874055239,1.0000000000009506,1,1,173909,nan,-0.4014993649945381,nan,-14.545017996053968,0.3311973934404682,nan,nan,9.416666666666666,0.0,330.75,36.529560870684485,90.21595619338825,0,1,0
S5_p003_t010_s1100042289,2026-10-04T14:45:45Z,S5,3,1,0,0,eab1c5b18613edc1aa401e2188855fa05aec3739552cbf7eb06d9f8ca36771e6,12000,16,1,180000,0.9957876172174607,1,0.9957876172174607,1.0000000000009506,1,1,173648,nan,-0.2571219607641019,nan,-27.087460229710373,9.527595712441016e-06,nan,nan,0.0,0.0,1.3333333333333333,2.108415090928953,85.64490737000472,0,1,0
S5_p003_t011_s635744766,2026-10-04T14:46:00Z,S5,3,1,0,0,17137ceea8b2173a6e8b45571c20877ecc83282673241825d34610ca3bee0cc2,12000,16,1,180000,0.995787512980775,1,0.995787512980775,1.0000000000009506,1,1,173664,nan,-0.2571265662826647,nan,-27.087301851982943,1.4177175789411263e-05,nan,nan,0.0,0.0,0.0,2.1081661363242503,85.64491466766837,0,1,0
S5_p003_t012_s961338442,2026-10-04T14:46:15Z,S5,3,1,0,0,ac40233aa7987c4b47750b360e07da0ae86ed410c872f6e983531a50d6f05985,12000,16,1,180000,0.9957875963096041,1,0.9957875963096041,1.0000000000009506,1,1,173622,nan,-0.2571228735360939,nan,-27.08741301382293,1.0446682903575543e-05,nan,nan,0.0,0.0,1.8333333333333333,2.1083958185473546,85.644921290153,0,1,0
S5_p003_t013_s1294474057,2026-10-04T14:46:30Z,S5,3,1,0,0,a35a4dc7e6308b96a737dfdcbc8af1285ba0da5112453a307f50c2b63d5bbf15,12000,16,1,180000,0.9957876597492387,1,0.9957876597492387,1.0000000000009506,1,1,173644,nan,-0.2571208601684583,nan,-27.087542600968778,8.42581000280108e-06,nan,nan,0.0,0.0,0.0,2.1084298230574627,85.64491647380997,0,1,0
S5_p003_t014_s1681705495,2026-10-04T14:46:45Z,S5,3,1,0,0,efd1f4d7e95349479d7ab4885de0c63c4241d339bd3d93c049c118c5a1666ea9,12000,16,1,180000,0.9957876198597279,1,0.9957876198597279,1.0000000000009506,1,1,173615,nan,-0.2571206960853472,nan,-27.087464309235973,8.280139736472444e-06,nan,nan,0.0,0.0,2.916666666666667,2.108409463496251,85.6448925891527,0,1,0
S5_p003_t015_s710608608,2026-10-04T14:47:00Z,S5,3,1,0,0,096c486d69f71084101d432a3ecc2bd096627a43a618e793560074c51d906e18,12000,16,1,180000,0.9957876003192385,1,0.9957876003192385,1.0000000000009506,1,1,173650,nan,-0.257122193797723,nan,-27.087426323956592,9.778889890256136e-06,nan,nan,0.0,0.0,0.3333333333333333,2.108391893666757,85.64489677788218,0,1,0
S5_p003_t016_s384136078,2026-10-04T14:47:15Z,S5,3,1,0,0,5d20fde5789b6353c4b7e8811fa8b1bb3ac6b2b552a97c9f70c502721a9ff25f,12000,16,1,180000,0.9957875894076825,1,0.9957875894076825,1.0000000000009506,1,1,173654,nan,-0.25712334590126695,nan,-27.08739938187771,1.0925196462138392e-05,nan,nan,0.0,0.0,4.833333333333334,2.1083837778661834,85.6449283148602,0,1,0
S5_p003_t017_s414741158,2026-10-04T14:47:30Z,S5,3,1,0,0,63df4e4125b45d0acfd1efc041a83ba8453bf655608b3be8b3ccafca2a3c46de,12000,16,1,180000,0.995787596306333,1,0.995787596306333,1.0000000000009506,1,1,173712,nan,-0.2571228681208209,nan,-27.08741302226158,1.0441277775549831e-05,nan,nan,0.0,0.0,0.0,2.1083991352216302,85.6449213345931,0,1,0
S5_p003_t018_s1550145401,2026-10-04T14:47:45Z,S5,3,1,0,0,da4a5e95df07cb62751007177a04abdb882232ce30e67d08cb1858e0c6c696b2,12000,16,1,180000,0.9957875146322817,1,0.9957875146322817,1.0000000000009506,1,1,173671,nan,-0.25711650577652756,nan,-27.088486333103575,5.967856716630266e-06,nan,nan,0.0,0.0,0.0,2.1061147072845716,85.64267914523727,0,1,0
S5_p003_t019_s247667753,2026-10-04T14:48:00Z,S5,3,1,0,0,d8e3b01854d59f8074403d62dde6cc084743c9dd9475cbf35e464c6e0675147a,12000,16,1,180000,0.9957875146193347,1,0.9957875146193347,1.0000000000009506,1,1,173641,nan,-0.2571165064797709,nan,-27.088486514886185,5.968884631143649e-06,nan,nan,0.0,0.0,3.75,2.1061145163011052,85.64267874346734,0,1,0
S5_p003_t020_s1583609065,2026-10-04T14:48:15Z,S5,3,1,0,0,e86651298154abd7a534cabf5c40de0cc71ea47e6c46f705bc2f572fd9c6f760,12000,16,1,180000,0.9957875817394959,1,0.9957875817394959,1.0000000000009506,1,1,173686,nan,-0.2571236255876024,nan,-27.087391345789538,1.1212275796784631e-05,nan,nan,0.0,0.0,3.75,2.108389358064923,85.64493709272263,0,1,0
S5_p003_t021_s796570551,2026-10-04T14:48:30Z,S5,3,1,0,0,3dc920807be59d9b8f2ceb11c7aafa54ce514b17b552fe0fad589ed0f4614b48,12000,16,1,180000,0.9933325424110724,1,0.9933325424110724,1.0000000000009506,1,1,155941,nan,-0.25711676589124627,nan,-27.088711455441803,6.646924981214589e-06,nan,nan,0.0,0.0,0.0,2.1056373953397656,85.64216426077907,0,1,0
S5_p003_t022_s1559731172,2026-10-04T14:48:45Z,S5,3,1,0,0,3f31d50441fa22942e156067a25c37726045499a3bb1809d616cd62b1e034022,12000,16,1,180000,0.9598011933158762,1,0.9598011933158762,1.0000000000009506,1,1,173787,nan,-0.2576130699084022,nan,-26.779749083733634,2.0849291889875783e-06,nan,nan,0.0,0.0,5.416666666666667,2.577681100109156,89.61741223312882,0,1,0
S5_p003_t023_s844389843,2026-10-04T14:49:00Z,S5,3,1,0,0,9ec8834e178f0dbeb2ca8822c6a540f95bdad13fe6668c46952d7ebf55170625,12000,16,1,180000,0.9598027606773076,1,0.9598027606773076,1.0000000000009506,1,1,173852,nan,-0.2576236594177846,nan,-26.77926125763348,1.0609372898556114e-05,nan,nan,0.0,0.0,0.0,2.5792862133419057,89.61891064900315,0,1,0
S5_p003_t024_s1173993624,2026-10-04T14:49:15Z,S5,3,1,0,0,2f3918b53d697b4145f70b04d98a87c1ce2c1f6cc3a9e31f8b5dd53bb0eb87c4,12000,16,1,180000,0.9598024136828739,1,0.9598024136828739,1.0000000000009506,1,1,173826,nan,-0.2576223699241238,nan,-26.778562900706536,8.22312012780249e-06,nan,nan,0.0,0.0,0.0,2.58657697055137,89.61969363220591,0,1,0
S5_p003_t025_s412349045,2026-10-04T14:49:30Z,S5,3,1,0,0,1b1405787643d5d73ee0cc8405893d8c54a10f74cc35283dbfaf512f3b5d5d76,12000,16,1,180000,0.9598024137061631,1,0.9598024137061631,1.0000000000009506,1,1,173796,nan,-0.25762237129840837,nan,-26.77856293485929,8.224448503059203e-06,nan,nan,0.0,0.0,0.0,2.5865292480905318,89.61969229716514,0,1,0
S5_p003_t026_s1487682954,2026-10-04T14:49:45Z,S5,3,1,0,0,63beaad29a9141eb275c297b10fbb67be2e48b4302d87909ff182946ab0fbab8,12000,16,1,180000,0.9598023895129962,1,0.9598023895129962,1.0000000000009506,1,1,173769,nan,-0.25762421298942484,nan,-26.778388590043217,9.768318053424931e-06,nan,nan,0.0,0.0,4.166666666666667,2.5378387319657802,89.61984349275878,0,1,0
S5_p003_t027_s1191930151,2026-10-04T14:50:00Z,S5,3,1,0,0,5f0b9cc1a6b9ab596f131856a4e3743a9f95691f755c459474edde0c63089a66,12000,16,1,180000,0.959802554396242,1,0.959802554396242,1.0000000000009506,1,1,173819,nan,-0.2576147042518407,nan,-26.7781946664458,4.916476927928646e-08,nan,nan,0.0,0.0,3.0833333333333335,2.5804036296076633,89.62022325308678,0,1,0
S5_p003_t028_s66415985,2026-10-04T14:50:15Z,S5,3,1,0,0,94eac6f9da3c442a3059dbaedcde1fc93cc66383c416a21060d902fad01640d6,12000,16,1,180000,0.9598024136595922,1,0.9598024136595922,1.0000000000009506,1,1,173856,nan,-0.25762236855104226,nan,-26.778562866182206,8.221793303182673e-06,nan,nan,0.0,0.0,0.0,2.5866254468747885,89.61969497657006,0,1,0
S5_p003_t029_s1759722470,2026-10-04T14:50:30Z,S5,3,1,0,0,12feaf66a399ed8b2b68baca23b2ca58d56552f4a5fc2ec8ad446f014771ef87,12000,16,1,180000,0.9597266654190624,1,0.9597266654190624,1.0000000000009506,1,1,173624,nan,-0.2576254044814894,nan,-26.778293843826887,1.0843287880038778e-05,nan,nan,0.0,0.0,358.8333333333333,2.437389142701745,89.61984909800893,0,1,0
S7_p000_t000_s1928618341,2026-10-04T14:51:00Z,S7,0,2,0,0,a5398363ea780cc317ff184ca2e109cbd98c68461667f7b1ac85237728af1d59,12000,16,1,180000,0.9130210598923841,1,0.5462213242129026,0.5173745417804761,0,1,173712,0.0,-0.859340809071753,-323.9716037661856,-14.671289630365393,0.8419624818574711,0.08972797936998572,0.011225867498978914,0.08333333333333333,0.0,6.916666666666666,4.9552294490881605,17.107793181061247,0,1,0
S7_p000_t001_s1519748887,2026-10-04T14:51:15Z,S7,0,2,0,0,ee78b441bb02acad86af756d102f94da1ffe573f828e50f8e7df5f7308e3b0c3,12000,16,1,180000,0.9128017675438994,1,0.5477997267976883,0.519610581061896,0,1,173795,0.0,-0.8620522381368051,-317.0549332150622,-14.656604649181524,0.9387731614745486,0.09270273003267125,0.011605732880980213,0.08333333333333333,0.0,0.75,5.427466965714026,17.051537742285927,0,1,0
S7_p000_t002_s1888808097,2026-10-04T14:51:30Z,S7,0,2,0,0,77cbfe7053a83a7cd67cd911ba2d971070cb7e72d599cf36c7e9a0c051bd1f06,12000,16,1,180000,0.9131621750787254,1,0.5491724883511762,0.519610581061896,0,1,173804,0.0,-0.8565584318016705,-316.30493631888385,-14.699288680603589,0.9024163282975208,0.08667326034971122,0.010851665542304545,0.08333333333333333,0.0,0.0,4.890698996315407,17.319014627362716,0,1,0
S7_p000_t003_s1567484507,2026-10-04T14:51:45Z,S7,0,2,0,0,ae382ea71c1c2724b60db197591f80f934273aa9c5aad3341baad2c94712fc8d,12000,16,1,180000,0.9133001283884106,1,0.546814052118687,0.5195043430058967,0,1,173701,0.0,-0.8571887898826412,-324.88828937037334,-14.664497110436168,0.8746340243194477,0.09002271679227247,0.011261751847996493,0.08333333333333333,0.0,3.9166666666666665,5.372496030004509,17.133597044352257,0,1,0
S7_p000_t004_s1587104087,2026-10-04T14:52:00Z,S7,0,2,0,0,22ad035cfc8bf9a88e9bdad7dfaf7f0ebb7fec48779e2c7c6e537c4a9f601efa,12000,16,1,180000,0.32747346914744796,1,0.20972176902389303,0.5194035063955749,0,1,173748,0.0,-9.433053911781217,-320.9656951564684,8.085714843629543,34.898548932322186,1102.7987408010217,138.01085121628466,10.833333333333334,0.0,0.16666666666666666,6.829231090865203,21.345197435965982,0,1,0
S7_p001_t000_s1163046826,2026-10-04T14:52:15Z,S7,1,2,0,0,136a7a0fea6c46c2e85e8effa0347ee9fc9e6f440425d996df78699b808ac0fe,12000,16,1,180000,0.8825170776025596,1,0.27603105725638255,0.2551217701044732,0,1,173888,0.0,-1.2572902482085093,-309.3038352305369,-13.101802955333802,0.5424573749445942,0.053046821984678,0.0066460241391723685,0.08333333333333333,0.0,4.75,5.2395177747103885,14.628190208298914,0,0,0
S7_p001_t001_s641673168,2026-10-04T14:52:30Z,S7,1,2,0,0,4f58d247356631feeffb6a992008f4ec541a628088af8da6c4c544d1ca9f9748,12000,16,1,180000,0.8809336605766916,1,0.2779678699893309,0.2551217701044732,0,1,173945,0.0,-1.2778321413091653,-304.55380737446103,-13.029273453646296,0.4102049744566122,0.05360227951638791,0.0067186705214226095,0.08333333333333333,0.0,0.0,5.3348426568019605,14.226509041335918,0,0,0
S7_p001_t002_s1425528308,2026-10-04T14:52:45Z,S7,1,2,0,0,0ad3c333e70bb30e7828e3d55acd5531fb00b73954e07297a5cce6dc30499f31,12000,16,1,180000,0.8820619014091599,1,0.2782024482998381,0.25459545097861797,0,1,173926,0.0,-1.263060351882438,-306.13716426179053,-13.077067894387525,0.49789777618502284,0.05274597754930891,0.00661033689038959,0.08333333333333333,0.0,0.0,5.032970638135973,14.660755962839318,0,0,0
S7_p001_t003_s961284984,2026-10-04T14:53:00Z,S7,1,2,0,0,6a8e0c6dd0d774c40b1b15b7612ee560f5598f57b5c95cbea10f4de0f06344ec,12000,16,1,180000,0.8812684520447858,1,0.2799312015388583,0.2545954509786179,0,1,173842,0.0,-1.273454357574931,-313.1371434351325,-13.047213552025887,0.4532877354443323,0.05064424762607987,0.006342685572690243,0.08333333333333333,0.0,7.166666666666667,4.9307309696466755,14.601576855612333,0,0,0
S7_p001_t004_s990723452,2026-10-04T14:53:15Z,S7,1,2,0,0,86558f621401c2273d4965194448ce9ad70dfc2b4be72f216f9b4f7d2acdfe24,12000,16,1,180000,0.8814171572156868,1,0.27892264506263326,0.2538033491403863,0,1,173928,0.0,-1.271015399203508,-305.9704780963808,-13.061598326625043,0.4568947795054783,0.05079073498777169,0.006365399653077475,0.08333333333333333,0.0,0.0,4.919472364604732,14.246493195893176,0,0,0
S7_p002_t000_s98455044,2026-10-04T14:53:30Z,S7,2,3,0,0,4590b0b17b25f75d5647a113e069ff1ed635bcd9f7089a3a1527eb8e7a565f26,12000,16,1,180000,0.9247542461162116,1,0.6430276649182075,0.6209508036808066,0,1,173909,0.0,-0.7071085652049305,-307.5554220486774,-15.574550272530557,1.0849725215425667,0.08616430731532247,0.010796990856761113,0.08333333333333333,0.0,3.0833333333333335,5.67324245812706,17.75933273179178,0,1,0
S7_p002_t001_s1384128433,2026-10-04T14:53:45Z,S7,2,3,0,0,23ae20cafb758d142d9aaaf99f63148eb5edb32f8733c77adb2e0140ce0f6011,12000,16,1,180000,0.9245766765461475,1,0.6431828877477608,0.6209508036808066,0,1,173946,0.0,-0.70955648818538,-304.47207093689576,-15.57015180979941,1.006299386936446,0.08209062770914181,0.01028956763957467,0.08333333333333333,0.0,0.0,4.798713106735344,17.57856902718347,0,1,0
S7_p002_t002_s1361330484,2026-10-04T14:54:00Z,S7,2,3,0,0,e356253cacb857e4649b9a0ab375de3836333a9d9939099935332c2b1f912533,12000,16,1,180000,0.92455059348386,1,0.6411818726099234,0.6197701897798836,0,1,173870,0.0,-0.7093626409810769,-310.8054005458859,-15.575996023349699,1.0135871290871474,0.08961452459505347,0.011225832266973157,0.08333333333333333,0.0,0.0,5.00011130334965,17.788150859091832,0,1,0
S7_p002_t003_s1078092554,2026-10-04T14:54:15Z,S7,2,3,0,0,7fa3b1244247eeed604be221c2e381ecac1062e929efbf85846f995d326e98f6,12000,16,1,180000,0.9247186358517836,1,0.6429328517740551,0.6200506262983498,0,1,173791,0.0,-0.7078989888470449,-317.38874700995257,-15.57442828408648,1.0142658963667939,0.08326552533898006,0.010423927851661574,0.08333333333333333,0.0,8.5,5.2113483697952665,17.88658180032112,0,1,0
S7_p002_t004_s924921264,2026-10-04T14:54:30Z,S7,2,3,0,0,3ad357be8fa586f265a6392ce08545bf1303e029dacc3dde78224c8533f78dd4,12000,16,1,180000,0.9243989575818576,1,0.6431473038632832,0.6200506262983498,0,1,173893,0.0,-0.7120624799197481,-308.88873947755565,-15.540622145448744,1.0216923390750823,0.08759402407982385,0.01097474287098521,0.08333333333333333,0.0,1.0,4.92496759577689,17.767486261870506,0,1,0
S7_p003_t000_s763598906,2026-10-04T14:54:45Z,S7,3,2,0,0,92af3de9f8312b69a044859238dbe46703e046ba3b144879a72b0f923be1c887,12000,16,1,180000,0.9130728120961111,1,0.5491849990235859,0.5209269121406312,0,1,173905,0.0,-0.8596983706917363,-307.88828112210587,-14.657758535305812,0.8987908388394632,0.07962715962398445,0.009977521982364124,0.08333333333333333,0.0,0.25,4.921710577395883,17.914187112094936,0,1,0
S7_p003_t001_s1480126732,2026-10-04T14:55:00Z,S7,3,2,0,0,66dd9ed6b695550fe9c0ef0b15055c1b94bc30428aaf4c0e3568374d1187e8f6,12000,16,1,180000,0.9131351462093823,1,0.5503729142770935,0.5209269121406312,0,1,173908,0.0,-0.8579009083646204,-307.63828172427566,-14.671657935808156,0.9489334644948229,0.08404238732604528,0.010531015386277431,0.08333333333333333,0.0,1.25,4.692202991599156,18.2673488048296,0,1,0
S7_p003_t002_s348040279,2026-10-04T14:55:15Z,S7,3,2,0,0,dd5caa4f27d3143c257b658d5ebb1eaf771f529a552a962389fd3408bf2a7df4,12000,16,1,180000,0.7962298851525014,1,0.5183901855839602,0.5206966482409549,0,1,173923,0.0,-2.1815288239561657,-306.39196136044666,-3.974051461756253,64.03117071234698,998.3425928106909,125.1132920736286,9.916666666666668,0.0,0.0,15.535048564785866,31.914050901533905,0,1,0
S7_p003_t003_s750677479,2026-10-04T14:55:30Z,S7,3,2,0,0,5741f5c53a0555164b290cb8ba8b92d448babe84c284084f5b285c1451af031f,12000,16,1,180000,0.9125524757956571,1,0.5479128263404237,0.5184811033296005,0,1,173946,0.0,-0.8665774107240751,-304.47159134719124,-14.619868971264722,0.8781179883399974,0.0759813936566779,0.009523811806502636,0.08333333333333333,0.0,9.5,4.988158029936018,17.985014776548823,0,1,0
S7_p003_t004_s258894362,2026-10-04T14:55:45Z,S7,3,2,0,0,af924b3ffa36395430a1d336ef5e816a680cb29a4afb48daba32f9e0853be730,12000,16,1,180000,0.9133118525313383,1,0.5475408097459241,0.5184811033296005,0,1,174060,0.0,-0.8549629970126447,-294.9716196818408,-14.691723776078886,0.9113622896737977,0.0788565406656436,0.009893183878830314,0.08333333333333333,0.0,333.5,5.460848986666694,18.08642002495511,0,1,0
S7_p004_t000_s139254338,2026-10-04T14:56:15Z,S7,4,2,0,0,4a38a3d5eb8b77cc7c015682e3e3f154e83fc944ffcd7c062ea97cd9d2b18a79,12000,16,1,180000,0.9757246157485503,1,0.5585434357729414,0.5248937613908201,0,1,173802,0.0,-0.84744425209779,-316.49199481303003,-14.76334462835997,0.8490619083620933,0.0690002951569549,0.008638836953650753,0.08333333333333333,0.0,0.0,4.843334833428558,17.350036834802026,0,1,0
S7_p004_t001_s1221387494,2026-10-04T14:56:30Z,S7,4,2,0,0,a9bfaca68c17f3b004aea151d78a3abccd07b65eafdc4d1d70258d3fa587803d,12000,16,1,180000,0.9755707411250719,1,0.5587215870573736,0.5248937613908201,0,1,173795,0.0,-0.8532049926756604,-317.0753110062372,-14.741056021556211,0.8722894996038338,0.07011697177096389,0.008778154046922282,0.08333333333333333,0.0,0.0,4.919355591424268,17.494192390240855,0,1,0
S7_p004_t002_s1203773898,2026-10-04T14:56:45Z,S7,4,2,0,0,04e66ce41bde24d4dc117764cb89efbfdbb00c7abed70e41c6120d73e726485c,12000,16,1,180000,0.9758291422378367,1,0.5593172437671194,0.5252303196234194,0,1,173693,0.0,-0.8445131362711412,-325.57532567161917,-14.79146726607218,0.9190347217842615,0.06866618569595229,0.008589521834892366,0.08333333333333333,0.0,8.0,4.924235710187383,17.465400073708867,0,1,0
S7_p004_t003_s43333996,2026-10-04T14:57:00Z,S7,4,2,0,0,6f69bfb67ad4fa66c83fb8cf4001b1197badcb061ea8d92936cd7c84646ce25d,12000,16,1,180000,0.9755947340741277,1,0.5587486400552651,0.5252303196234194,0,1,173789,0.0,-0.8526817594481362,-317.5753027798625,-14.7532437815479,0.8230165810457655,0.06847262577635294,0.008571882603064296,0.08333333333333333,0.0,0.0,4.8297036820956665,17.244973149028986,0,1,0
S7_p004_t004_s1033654550,2026-10-04T14:57:15Z,S7,4,2,0,0,b691a0ae29699346073199699209ed062988b52cbf129c7b6257e3a55ea0c4b5,12000,16,1,180000,0.9759752743041349,1,0.5595446393531265,0.523848509483097,0,1,173770,0.0,-0.8420105756289238,-319.1586438151268,-14.836759262267574,0.9067481026026492,0.07076495795473942,0.008857508257278823,0.08333333333333333,0.0,5.75,4.50987528704835,17.353736788387813,0,1,0
S7_p005_t000_s600798252,2026-10-04T14:57:30Z,S7,5,2,0,0,d5e59344b12ee740ca243b8af64623e9c6daac4ff6885d7da923377ea4689dc2,12000,16,1,180000,0.975191510771836,1,0.5482593909808213,0.5145159131504455,0,1,173839,0.0,-0.8664299364135984,-313.4086041800686,-14.683657660310496,0.841466322511884,0.07178286020495232,0.008989870063487615,0.08333333333333333,0.0,0.0,5.1352303026457164,18.103850666381586,0,1,0
S7_p005_t001_s1358512429,2026-10-04T14:57:45Z,S7,5,2,0,0,0c565444aaaacfed7fe73f90eba2ecc971da9b21bd06a1921cd25cf3c87fdfcd,12000,16,1,180000,0.9749994720359749,1,0.5488126678307258,0.5145159131504456,0,1,173802,0.0,-0.8720213456309406,-316.4919320754822,-14.64530645302185,0.8362869220705454,0.06743115687850178,0.008442380841188424,0.08333333333333333,0.0,3.9166666666666665,5.219728305355255,18.187023851398507,0,1,0
S7_p005_t002_s475029750,2026-10-04T14:58:00Z,S7,5,2,0,0,e7d2da2ba32dfeab282d5dd7e9ac24ca10465c28802d8b3589e0ea77e61b7153,12000,16,1,180000,0.9749405046303294,1,0.5491471525472896,0.515820579951814,0,1,173849,0.0,-0.873527253086767,-312.5752676580293,-14.627136822929073,0.8627897071187095,0.07307594469840163,0.00915254284564071,0.08333333333333333,0.0,0.0,5.1627364140318965,18.336567651502754,0,1,0
S7_p005_t003_s686156291,2026-10-04T14:58:15Z,S7,5,2,0,0,95bbb4adeed72fe0b69631abee8eff2dd2662db6297a131bcb681262ae94bae0,12000,16,1,180000,0.9751823346705725,1,0.5494231031331216,0.515820579951814,0,1,173797,0.0,-0.8660404579439189,-316.90860892145184,-14.678330451233341,0.9019297549773763,0.07297872670514657,0.009136571689850825,0.08333333333333333,0.0,0.16666666666666666,4.617044751693029,18.248756404680798,0,1,0
S7_p005_t004_s1322737522,2026-10-04T14:58:30Z,S7,5,2,0,0,d6dc94c373d2ec1a25127bec0c55b03f1f389a0ea5e9921b3def414fff2b6406,12000,16,1,180000,0.9753310327398979,1,0.547351485348183,0.5155979631963823,0,1,173799,0.0,-0.8617511864570799,-316.7419416721489,-14.708647414651585,0.8444468232300335,0.07196718907320424,0.009010076170397952,0.08333333333333333,0.0,0.0,4.980508816902482,18.13660470077909,0,1,0
S7_p006_t000_s1641734052,2026-10-04T14:58:45Z,S7,6,2,0,0,ac9219fee8e375724b5c12eb25e8ba0535f32d4b7b8faa64b095feb3ced817fd,12000,16,1,180000,0.910935491044062,1,0.5246496764250387,0.531623992137858,0,1,173926,0.0,-1.4622536007261098,-306.1598285104853,-7.214856810819558,33.478690253682835,0.4892619782051977,0.061316268156588194,10.583333333333334,0.0,0.0,26.443081896412384,38.21046219160174,0,1,0
S7_p006_t001_s67837340,2026-10-04T14:59:00Z,S7,6,2,0,0,779f5218c25554225381324f9dece34ff0a6ebeb3f18c93bbe98b2be8a1f9bb0,12000,16,1,180000,0.9760144102799037,1,0.56534075617482,0.531623992137858,0,1,173892,0.0,-0.8413383924623188,-308.99199078582996,-14.840092951071853,0.8360854483085374,0.06675952784376984,0.008364301243545924,0.08333333333333333,0.0,3.5833333333333335,5.080042951371057,17.966261586687683,0,1,0
S7_p006_t002_s1202997263,2026-10-04T14:59:15Z,S7,6,2,0,0,cb97db4a49fe81eb58858a5441a207f0e9b447c7677eb95a054df4fbad5d570a,12000,16,1,180000,0.9761101849840533,1,0.5649320336581732,0.5302036272884406,0,1,173935,0.0,-0.8365723114844568,-305.4086827245392,-14.844328737447892,0.9043677387310876,0.06723159697695644,0.008426337743912882,0.08333333333333333,0.0,1.5,4.843520643663664,17.9080553067431,0,1,0
S7_p006_t003_s902359725,2026-10-04T14:59:30Z,S7,6,2,0,0,7967719ae99aa007d099f7d755b828f0d94a30d0439e5e08491b7556936a1364,12000,16,1,180000,0.9759229544876806,1,0.5656569491481991,0.5299111188707443,0,1,173953,0.0,-0.8435202263540773,-303.908659209838,-14.815958028599514,0.931668329197159,0.06485602730311042,0.008129767878472194,0.08333333333333333,0.0,0.0,5.093439755071613,17.577111846480687,0,1,0
S7_p006_t004_s291698731,2026-10-04T14:59:45Z,S7,6,2,0,0,48b100ad5a9d5cbff3c99c8a5446ebb79164bd9a1c4820a77bb664e1a0b70781,12000,16,1,180000,0.9759944796361814,1,0.5632474694780618,0.5298739916717151,0,1,173894,0.0,-0.8409874781560499,-308.8253312919945,-14.83422138653643,0.8414379721106652,0.06836974251600444,0.00856618177931523,0.08333333333333333,0.0,3.5,4.980900483906924,17.774441046703007,0,1,0
S7_p007_t000_s526185734,2026-10-04T15:00:00Z,S7,7,2,0,0,4417d339cfa34bf4741a3ade418631c9e6245f01d72f9903793001cf843da8c9,12000,16,1,180000,0.9758670953098622,1,0.5550257451115732,0.5220729717626843,0,1,173936,0.0,-0.8483267386907766,-305.32530124932845,-14.827307420042024,0.8888894187682495,0.06783258272268827,0.008501728922965412,0.08333333333333333,0.0,0.0,4.522755460621601,17.1640801049124,0,1,0
S7_p007_t001_s318655740,2026-10-04T15:00:15Z,S7,7,2,0,0,392fdca8a041d6bfb66c8de476e7516f5237ca8790818e91e339b915623b9859,12000,16,1,180000,0.9753640340236471,1,0.5552486004534007,0.5220729717626843,0,1,173900,0.0,-0.8633042757986089,-308.325278131019,-14.722858871368846,0.8398642613540244,0.06895540352085074,0.008639974150355556,0.08333333333333333,0.0,0.0,4.820192882436818,16.91083265098674,0,1,0
S7_p007_t002_s1737849473,2026-10-04T15:00:30Z,S7,7,2,0,0,829d46b4c58ab0f91689999052744cdd1bc0c9890dc14135ef955604e62ecd38,12000,16,1,180000,0.9755288298636401,1,0.5537671428114147,0.5196156555619112,0,1,173882,0.0,-0.8586983006120643,-309.82528657637823,-14.756142141430464,0.8243379172835675,0.06095199447398133,0.007636065867700381,0.08333333333333333,0.0,0.25,4.822639886928534,17.06350774976075,0,1,0
S7_p007_t003_s438300082,2026-10-04T15:00:45Z,S7,7,2,0,0,cd01122864bea731bdcffab3df757fc7c0d02d391d169dd8478c7370bfec0718,12000,16,1,180000,0.9754214722067007,1,0.555695154856882,0.5232371159668855,0,1,173885,0.0,-0.8616805940708443,-309.5752806471003,-14.73643795666507,0.8269414944709894,0.06746418607185785,0.008452115623640566,0.08333333333333333,0.0,7.5,5.092127414159915,16.886507217637394,0,1,0
S7_p007_t004_s994742111,2026-10-04T15:01:00Z,S7,7,2,0,0,10318ec2203cf6067af9e29277b639444b3b2b3a04851d88e31e5a96c41bf22d,12000,16,1,180000,0.9753496530834771,1,0.5552621357233047,0.5232371159668855,0,1,173975,0.0,-0.8611885669363728,-302.07529849841865,-14.716451509278453,0.9035601437347764,0.06661245795342402,0.00835140369099463,0.08333333333333333,0.0,337.3333333333333,4.650354937036719,16.91782890684224,0,1,0
S7_p008_t000_s434073307,2026-10-04T15:01:30Z,S7,8,2,0,0,1671b902d5a7a7204d71bb02a3e790306c6384e027117eec75e1aa9471bec1c2,12000,16,1,180000,0.9131545719742974,1,0.5493023352022786,0.5191450223152942,0,1,173604,0.0,-0.8574222985202057,-332.9716188915021,-14.67773168169392,0.941881629568091,0.0727802565344852,0.00909767762732372,0.08333333333333333,0.0,0.0,4.799097155020533,17.403837799362968,0,1,0
S7_p008_t001_s1584181983,2026-10-04T15:01:45Z,S7,8,2,0,0,be4cd9a5bbcc283b509763e7da7797ce69305f4acdf4815e021227614ebb9904,12000,16,1,180000,0.9127809833885413,1,0.5525018732089229,0.5191450223152942,0,1,173594,0.0,-0.8632740170715608,-333.8049510530188,-14.62980694850831,0.9100961875770499,0.07884085442484845,0.009854476076270657,0.08333333333333333,0.0,5.0,4.745197971133951,17.748973042295436,0,1,0
S7_p008_t002_s69311790,2026-10-04T15:02:00Z,S7,8,2,0,0,345714ae58d71062f2ce95953bb419b4e61ecc03087f3bf92f87ca412d0b1487,12000,16,1,180000,0.8764490734176068,1,0.5499968367597698,0.5175979408315418,0,1,173654,0.0,-1.2155874954669852,-328.8050320746612,-9.130033941182512,57.06746553111103,0.041472567171646914,0.00518622746994879,9.75,0.0,2.916666666666667,17.637407461954904,22.433924293972666,0,1,0
S7_p008_t003_s449200011,2026-10-04T15:02:15Z,S7,8,2,0,0,4de5465a4f0902cc366aca29a3e9987633720bd5916c3c11a3dc01fbc90ae0bd,12000,16,1,180000,0.9756970243088346,1,0.55632303291504,0.5213817679223924,0,1,173812,0.0,-0.8490763025148556,-315.6586471617229,-14.766819883420876,0.7798860122920508,0.05969947489188556,0.007474971251212992,0.08333333333333333,0.0,0.0,4.795915491883499,17.47693484780067,0,1,0
S7_p008_t004_s63363653,2026-10-04T15:02:30Z,S7,8,2,0,0,011e4127239c9c71044f2fdd5684f01aff5755179ba594356c3cf779fed201c0,12000,16,1,180000,0.9756160482495432,1,0.5566657912118802,0.5213817679223924,0,1,173733,0.0,-0.8517543714758893,-322.2419784615237,-14.752938521424445,0.8560417595871418,0.05850656646967661,0.007320985168917105,0.08333333333333333,0.0,0.0,4.750830678793015,17.500865826077355,0,1,0
S7_p009_t000_s244638474,2026-10-04T15:02:45Z,S7,9,2,0,0,f51ebe157c6af188af34bc7781865672de0a31bd30c0cec0cd6706c2a583418e,12000,16,1,180000,0.97532097422692,1,0.5550701990810386,0.5185299109364768,0,1,173732,0.0,-0.8621283939799078,-322.3252790250408,-14.708627633427717,0.842937409806316,0.03660947783970694,0.004580943962082529,0.08333333333333333,0.0,5.916666666666666,4.813495423007474,17.6115314394772,0,1,0
S7_p009_t001_s1024747382,2026-10-04T15:03:00Z,S7,9,2,0,0,973be4fadfc0c8060835ed7a829dfebb11ad9ab5305535dbde29bfa8371f18ab,12000,16,1,180000,0.9755286841211008,1,0.5561987196199164,0.5193471255338729,0,1,173803,0.0,-0.853895010957526,-316.4086377248307,-14.739427571097368,0.8667522791423415,0.03772601239289784,0.004723334477603203,0.08333333333333333,0.0,0.0,4.9437228384762575,17.41963401719229,0,1,0
S7_p009_t002_s1710014650,2026-10-04T15:03:15Z,S7,9,2,0,0,dd2b239617593b9860106e72fd0341ccec93ab049f19be48c2edc69705d3e51e,12000,16,1,180000,0.9755040853775545,1,0.5565380158621828,0.5193471255338729,0,1,173796,0.0,-0.8560429652230093,-316.99196756958554,-14.733028781894486,0.8199765942026516,0.03829636937469156,0.004794475667495135,0.08333333333333333,0.0,0.0,4.934462314078955,17.697740646852882,0,1,0
S7_p009_t003_s884232894,2026-10-04T15:03:30Z,S7,9,2,0,0,77a25401ddcb3a10471ee744edbfadcba68fa962e3b832580c44fa3034dc5f8a,12000,16,1,180000,0.9753756315778885,1,0.5554701799886261,0.5185942515513206,0,1,173779,0.0,-0.8591671624281955,-318.408633616913,-14.707383885848804,0.9196515300379171,0.04011256716024773,0.00502117081941833,0.08333333333333333,0.0,0.0,5.277901712069463,17.531427161118735,0,1,0
S7_p009_t004_s381684354,2026-10-04T15:03:45Z,S7,9,2,0,0,98ee668ca81e188f5df144fbb215c49d6fdbe8a71bc803b8d060a4c4487b4f9b,12000,16,1,180000,0.9751331390750337,1,0.5538891903825981,0.5157235389015721,0,1,173754,0.0,-0.8665490963607165,-320.491954651181,-14.656861361593895,0.8795192141469771,0.035692853710731394,0.004467032027605455,0.08333333333333333,0.0,0.08333333333333333,5.095883214065314,17.357895386350908,0,1,0
S7_p010_t000_s1725325771,2026-10-04T15:04:00Z,S7,10,2,0,0,93d7e7cab4a65020af51c20df77e86298876e5216559f31b7d4ee4208d9da5b0,12000,16,1,180000,0.9758085524311854,1,0.5627453131288934,0.5242532269908602,0,1,173755,0.0,-0.8460826363213519,-320.40865314815164,-14.793886359476478,0.25035793537087875,0.005028664908913564,0.0006293524993452593,0.08333333333333333,0.0,0.0,5.075020083413132,17.79076145684673,0,1,0
S7_p010_t001_s225898935,2026-10-04T15:04:15Z,S7,10,2,0,0,82ad8ce72ffaeb682525593a76598667264d5c89f74be0c179011bcc86ebdf59,12000,16,1,180000,0.9758165545589562,1,0.5636787223062398,0.5272178306604747,0,1,173742,0.0,-0.8437378317636318,-321.49200175696933,-14.784034232052017,0.2658280938583516,0.007569003180970751,0.0009471850580666796,0.08333333333333333,0.0,0.6666666666666666,4.8004530961722685,17.694130774792225,0,1,0
S7_p010_t002_s121109330,2026-10-04T15:04:30Z,S7,10,2,0,0,e4a0ac7974f11089288c521852f9489e976825488fec4f3f252ed7af4da1fb56,12000,16,1,180000,0.9761234082878332,1,0.5642248857722321,0.5282837824331416,0,1,173750,0.0,-0.8367366748923668,-320.8253407391045,-14.851142774876225,0.25834384356086826,0.010883600872582621,0.0013620608820019697,0.08333333333333333,0.0,0.0,5.117844463837082,17.920470712374872,0,1,0
S7_p010_t003_s1579862089,2026-10-04T15:04:45Z,S7,10,2,0,0,b0f0c323cf6916c72aa90ec1a98f0d8d9305c2395c089d9c3dc825c7b503c033,12000,16,1,180000,0.9759530256586636,1,0.5658570009501438,0.5282837824331416,0,1,173704,0.0,-0.8412250577775198,-324.6586679435301,-14.815666852705135,0.27719280586724576,0.009028643823807454,0.0011295013996459602,0.08333333333333333,0.0,0.25,4.923613912358522,17.9085842750585,0,1,0
S7_p010_t004_s535444324,2026-10-04T15:05:00Z,S7,10,2,0,0,651b725ea71bb85eb1bbccf5d97ef220fda7f1814c0f1c061de762db5123ad64,12000,16,1,180000,0.9759701466518432,1,0.5626157986565138,0.5279076612815669,0,1,173707,0.0,-0.840629014190789,-324.4086661909805,-14.819655173419353,0.27398222774793357,0.01107667489887475,0.0013857474132237257,0.08333333333333333,0.0,5.0,6.1185670604288545,17.703950510515146,0,1,0
S7_p011_t000_s204855309,2026-10-04T15:05:15Z,S7,11,2,0,0,93f8b6d1ba4dc63bc51f80dcb5e54d882577873e7819997119fe3090745a1ce8,12000,16,1,180000,0.9721677300878154,1,0.48556593674101467,0.45231929108613933,0,1,173767,0.0,-0.9650051754663023,-319.4083733629947,-14.183384280165232,0.7685205462335852,0.061867230506411464,0.007743611906334991,0.08333333333333333,0.0,0.0,4.994493750214099,16.432766583637342,0,0,0
S7_p011_t001_s469311326,2026-10-04T15:05:30Z,S7,11,2,0,0,94f543de6512bcfcb15d22f90cbf498880d3c3b54f21b8f820cec83f782a6439,12000,16,1,180000,0.8315776968278046,1,0.3931361020886808,0.45231929108613933,0,1,173822,0.0,-2.357575523974655,-314.84179978996445,-3.6856470140896587,13.632390187321358,-0.01651221495619518,-0.0020676595568147604,8.833333333333334,0.0,5.166666666666667,23.483081588250265,32.6130448020257,0,0,0
S7_p011_t002_s1591257218,2026-10-04T15:05:45Z,S7,11,2,0,0,c3b4b05f089b4e9d6d9078c2d0b609a46dad0998ed74968682bdf4e40d7fc358,12000,16,1,180000,0.9752105552689747,1,0.48223936952990115,0.4518750769272966,0,1,173884,0.0,-0.9605562737930544,-309.6754574559782,-14.348441369072503,0.7121295279773988,0.11583083799551842,0.01451151904575454,0.08333333333333333,0.0,1.9166666666666665,4.780043344059844,17.701355536754782,0,0,0
S7_p011_t003_s912460123,2026-10-04T15:06:00Z,S7,11,2,0,0,0f21e3c2bbeed81d7e322a4e277f414e420055561b3c3ac235765a2adbda7ab2,12000,16,1,180000,0.9752383013535835,1,0.483696416178598,0.45187507692729667,0,1,173907,0.0,-0.9624557944041229,-307.75877759520216,-14.354506204626427,0.7613075752697919,0.12061688440439199,0.015113898700292339,0.08333333333333333,0.0,0.0,4.898231922152466,17.43904107755457,0,0,0
S7_p011_t004_s1430561939,2026-10-04T15:06:15Z,S7,11,2,0,0,02436d8507d42b8d8ab389389c8cb73b4703c9eca95615ea67177acd289cfc0d,12000,16,1,180000,0.9751851392845537,1,0.48414549710463267,0.4515977985426414,0,1,173803,0.0,-0.9619645489334306,-316.4254486364176,-14.350167375009615,0.7604081636376554,0.1230345187782447,0.015404044785555016,0.08333333333333333,0.0,340.41666666666663,4.511724151924471,17.544239437953713,0,0,0
S7_p012_t000_s516013663,2026-10-04T15:06:45Z,S7,12,2,0,0,93f781fa68a26f6078d6c5bf545ab222f317f4c539d477a251e4475d2042aa1b,12000,16,1,180000,0.974404071323641,1,0.44203322096394615,0.40891764220161214,0,1,173551,0.0,-1.0182823538720727,-337.4251805032187,-14.115427436646018,0.7074340876633896,0.10996414899188099,0.013739910452386539,0.08333333333333333,0.0,6.083333333333333,4.672867351052573,16.830241342515407,0,0,0
S7_p012_t001_s603633460,2026-10-04T15:07:00Z,S7,12,2,0,0,cdd3fdf71fee7e4be35a7068995ee8bc7c8deac063f98f9e5c4a5539038be952,12000,16,1,180000,0.9741773085500234,1,0.4416837210330541,0.40980042810956596,0,1,173624,0.0,-1.0300187202724806,-331.3418030148878,-14.056378239951588,0.684718443742301,0.10570945474288292,0.013216007450864709,0.08333333333333333,0.0,0.0,4.81217906234166,16.645629090750752,0,0,0
S7_p012_t002_s71905326,2026-10-04T15:07:15Z,S7,12,2,0,0,72441647aec10487c135deef335ecedb7f096b79546a97ebb14957c27b0d98e9,12000,16,1,180000,0.9745154595435664,1,0.44277676643504416,0.41032089237967717,0,1,173567,0.0,-1.0131148151733202,-336.0918642750482,-14.144853276473699,0.6782806198870039,0.10724078767274936,0.013401345031525125,0.08333333333333333,0.0,4.75,4.4880170743000285,16.58388309532374,0,0,0
S7_p012_t003_s1310018168,2026-10-04T15:07:30Z,S7,12,2,0,0,9ae09140d49f7b087e0e06bb6d6da8321fb61a8668dda7a47bd0a839afa7689d,12000,16,1,180000,0.9744419798849527,1,0.4437110219726488,0.4115563588735712,0,1,173624,0.0,-1.0171270933295766,-331.34185142627996,-14.124148600568635,0.6918054707558686,0.10935939394144666,0.013672330149347545,0.08333333333333333,0.0,0.9166666666666666,5.041575559359394,16.919133033001785,0,0,0
S7_p012_t004_s1348406889,2026-10-04T15:07:45Z,S7,12,2,0,0,dd588d89350b36fc3239b182be6eafbc599b5bb8401d6acd99d8b66a48e96056,12000,16,1,180000,0.9744927128998708,1,0.44268334926338804,0.4115563588735712,0,1,173635,0.0,-1.0121423550105648,-330.4252054813872,-14.1396220743401,0.697201864094315,0.10866195591899316,0.013586330334419472,0.08333333333333333,0.0,0.0,5.06802304146273,16.63543058541745,0,0,0
S7_p013_t000_s1579884569,2026-10-04T15:08:00Z,S7,13,2,0,0,1e4b01b50d4a3d2ad360823be861fff979477c83af66afd6640a204c7a9ab427,12000,16,1,180000,0.9737088724252657,1,0.4081470188661616,0.3758831749902286,0,1,173611,0.0,-1.0696972615864717,-332.42493765393374,-13.919783770058203,0.6371348390083929,0.10428073750917247,0.013036030715284141,0.08333333333333333,0.0,0.0,4.757004867303275,16.24653666448196,0,0,0
S7_p013_t001_s1427301707,2026-10-04T15:08:15Z,S7,13,2,0,0,97be1833783a5361c1ed70a00accddff746f7b19829cda36d281d19376d22bda,12000,16,1,180000,0.9737187416291152,1,0.4080473500628278,0.3761492632807654,0,1,173542,0.0,-1.068864436990867,-338.17494629082887,-13.923719377039014,0.6764797123827077,0.10534472448831356,0.013161769877569895,0.08333333333333333,0.0,5.583333333333333,4.641784751680439,16.135764171297808,0,0,0
S7_p013_t002_s773490239,2026-10-04T15:08:30Z,S7,13,2,0,0,6da0f5205a92472da3bd4a2847e2ce3b948490a21c0721b86b4e38adf8d80ee1,12000,16,1,180000,0.9735661391179422,1,0.40824326043428466,0.37614926328076553,0,1,173609,0.0,-1.074979541408116,-332.5915851316252,-13.888903011577208,0.6228984529992097,0.10683387247194215,0.013354981896100071,0.08333333333333333,0.0,0.0,4.687259512008884,16.196839744356332,0,0,0
S7_p013_t003_s811508310,2026-10-04T15:08:45Z,S7,13,2,0,0,c3dca215d3c00358ca26e1d7341432c64435547cb63b43f22d321f0f0796cd82,12000,16,1,180000,0.6111234167747881,1,0.2753280701412062,0.37662107669554673,0,1,173569,0.0,-4.967666872165715,-335.9326514331048,1.9013956701630743,40.60172519004176,865.9117764819728,108.21039697162269,8.416666666666666,0.0,0.25,8.445825558986863,24.870910839057203,0,0,0
S7_p013_t004_s1152378489,2026-10-04T15:09:00Z,S7,13,2,0,0,96cb8984d3c1d8eb33da6dac07aa3b4091562832f6f883e6b70a0719957f52d2,12000,16,1,180000,0.9685176893001375,1,0.4530397686743657,0.418668082892591,0,1,173680,0.0,-1.0887516024787511,-326.6580791290253,-13.686445509299784,0.6262408631542687,0.057424208821215496,0.007182505190939992,0.08333333333333333,0.0,0.08333333333333333,4.737496285050399,15.448399009084673,0,0,0
S7_p014_t000_s169517745,2026-10-04T15:09:15Z,S7,14,2,0,0,b0c758845f6a5b0f5aa2549b52fe38c70bd28d94d416eaee2df07bcc2a7b8590,12000,16,1,180000,0.9761890717602476,1,0.5687358365472647,0.5355012409278291,0,1,173681,0.0,-0.8325899513347996,-326.57535418640754,-14.85843836645717,0.8864010095194201,0.06823379456406177,0.008534614790278283,0.08333333333333333,0.0,1.1666666666666667,4.752627241624292,17.134910682881447,0,1,0
S7_p014_t001_s1958578526,2026-10-04T15:09:30Z,S7,14,2,0,0,24691759be9f33908a9a5a278d4824c324bfdc713a2e4db846c43ad16b387a9d,12000,16,1,180000,0.9761477992252162,1,0.5693085602809699,0.5355012409278291,0,1,173695,0.0,-0.8335912860758131,-325.4086915858,-14.843369292473218,0.8730882609904316,0.07334821560593274,0.009175348334792943,0.08333333333333333,0.0,0.0,5.005871772845115,17.18953995479076,0,1,0
S7_p014_t002_s300372675,2026-10-04T15:09:45Z,S7,14,2,0,0,b540cb8ee788f036ab3e256909e06d2a1700a4cc63c4c5e4f5de65aa7b83199f,12000,16,1,180000,0.9760163723312248,1,0.568172806192475,0.5333600952674142,0,1,173683,0.0,-0.8378453986745161,-326.40869070562684,-14.810203733826512,0.8679703216883093,0.06612149450290453,0.0082705426539178,0.08333333333333333,0.0,0.0,5.145926877143489,17.295545621188452,0,1,0
S7_p014_t003_s1706399720,2026-10-04T15:10:00Z,S7,14,2,0,0,c13c2c809cfcb1d1289b3dcf3bcb1eb40183c6fd176cd749e973ae2cd3a9d375,12000,16,1,180000,0.9760991222810785,1,0.5684051947256927,0.5339815998564005,0,1,173637,0.0,-0.8372909951965568,-330.24199950566555,-14.84990311889112,0.9161721047885961,0.07482792856743632,0.0093561100484294,0.08333333333333333,0.0,1.9166666666666665,4.836916616729207,17.205699268484402,0,1,0
S7_p014_t004_s1200012924,2026-10-04T15:10:15Z,S7,14,2,0,0,da46c6fb29bef23ca371df4981e9f7c7fff079ff2a2a6fb945b833a22ff84ec5,12000,16,1,180000,0.9760388936779767,1,0.5671264304190738,0.5339815998564005,0,1,173660,0.0,-0.8372678378778581,-328.3253488748669,-14.825037717710657,0.8617720019673868,0.07005533889414284,0.008760980571423715,0.08333333333333333,0.0,0.0,5.256077013080698,17.367066708607435,0,1,0
S7_p015_t000_s1755520088,2026-10-04T15:10:30Z,S7,15,2,0,0,848d871a07c266160f3d82ca50fb24fb1bc4be9619f955a1bb4859f1d0e465d9,12000,16,1,180000,0.9753585168542757,1,0.5544871431453423,0.520557629727911,0,1,173650,0.0,-0.8598225538648925,-329.1586265963039,-14.706692606644548,0.8712440311064906,0.0664817033504247,0.00831340404056391,0.08333333333333333,0.0,4.916666666666666,4.932583436567499,18.007276641296887,0,1,0
S7_p015_t001_s1047827504,2026-10-04T15:10:45Z,S7,15,2,0,0,77f0a78d3b3b1bb5a9268401424ea736e7e00703bff7b4269e6fb8d0ed305c22,12000,16,1,180000,0.975719493955628,1,0.553187606185635,0.520557629727911,0,1,173709,0.0,-0.8494007475606933,-324.2419680203353,-14.780163872686371,0.8301636755382286,0.06285528111742487,0.007863635654757672,0.08333333333333333,0.0,0.0,5.363774564052001,17.95019841241126,0,1,0
S7_p015_t002_s1284285689,2026-10-04T15:11:00Z,S7,15,2,0,0,9df0822471904c3afb4ede54df0d5b40432389d35468343f0b46c1b0f6d3196e,12000,16,1,180000,0.9751884791852364,1,0.5540079985241292,0.5186439775608325,0,1,173629,0.0,-0.8651437963768089,-330.90861338241905,-14.675250204549748,0.8818328102463382,0.059871653221270714,0.007485573187295813,0.08333333333333333,0.0,2.5833333333333335,4.593065684002819,17.873163233119953,0,1,0
S7_p015_t003_s734715196,2026-10-04T15:11:15Z,S7,15,2,0,0,bf6d974477760d4436409b56813838be1f5e82a29a1ab44609aa686e59f1c9eb,12000,16,1,180000,0.9754458910690779,1,0.5549168413164453,0.519670351524659,0,1,173660,0.0,-0.8568640896751344,-328.32529947356363,-14.721853372113248,0.9037062161429166,0.06257221611672598,0.007825156203125516,0.08333333333333333,0.0,1.8333333333333333,5.122589051314599,18.120362344332378,0,1,0
S7_p015_t004_s1450783488,2026-10-04T15:11:30Z,S7,15,2,0,0,14a8a05d000fcb7379f6623945701ea9c29bf1cdd3798f5771f60899e4456800,12000,16,1,180000,0.9752762856768239,1,0.5548706188067624,0.519670351524659,0,1,173682,0.0,-0.8605685919345446,-326.4919696013294,-14.686830824585265,0.8408302550137658,0.05923087483934988,0.007408597824905883,0.08333333333333333,0.0,353.0,5.119910262792748,18.180834192561093,0,1,0
S7_p016_t000_s313172177,2026-10-04T15:12:00Z,S7,16,2,0,0,9952a677363c4b728d989b42cd24721e929efca440f19e5cf4cb18c8cb1f5c82,12000,16,1,180000,0.9755959389435578,1,0.5517176556926972,0.5191460956900235,0,1,173690,0.0,-0.8527154346569061,-325.82530374270937,-14.749724657528503,0.9429462882979401,0.07283712786975709,0.009111050650972174,0.08333333333333333,0.0,1.25,5.101760031818631,17.25262542207388,0,1,0
S7_p016_t001_s95670008,2026-10-04T15:12:15Z,S7,16,2,0,0,173201bb98516e7af9c633e1c5fcc6ee6787ef7efa763e4530e8337265bfa984,12000,16,1,180000,0.9098387196628975,1,0.5401616480318863,0.5211593739572735,0,1,173820,0.0,-0.9202830945444439,-315.0287108652119,-13.202481779533645,1.8545004077582325,0.1754749612501428,0.02197262369782038,8.916666666666666,0.0,0.0,26.170966252712624,18.94061719823329,0,1,0
S7_p016_t002_s762227068,2026-10-04T15:12:30Z,S7,16,2,0,0,e25d335da62d44ac741470c3b79e0626db4afaa223ee0b8ed997b51758fc107d,12000,16,1,180000,0.916361947704162,1,0.544517547649149,0.5211593739572736,0,1,173734,0.0,-0.8500827428709148,-322.1954721519863,-14.837170605671359,0.8195572286841908,0.19841894322996584,0.024828559204252088,0.08333333333333333,0.0,0.5,4.947293834146318,18.62865577997804,0,1,0
S7_p016_t003_s804352794,2026-10-04T15:12:45Z,S7,16,2,0,0,0a3d5418c226c68df94bf3d7875d71cd717c839c29a3d458acb44552db6a8c05,12000,16,1,180000,0.9162563373248639,1,0.5454985766102277,0.5214470255829986,0,1,173740,0.0,-0.8525301672196771,-321.69545030636317,-14.84128796157753,0.9021828739090452,0.21646073391488102,0.02708746332064038,0.08333333333333333,0.0,8.333333333333334,4.781061261859235,18.96403376817222,0,1,0
S7_p016_t004_s1354763437,2026-10-04T15:13:00Z,S7,16,2,0,0,57265c39eb2801d20f9d8fa86c03d2fee166d38e6df67470bca3910593f33f4f,12000,16,1,180000,0.9162112938387788,1,0.5455764813120483,0.5214470255829986,0,1,173840,0.0,-0.8511827557830699,-313.3621444007482,-14.83067605081833,0.8796920128051724,0.19667572934621738,0.024631274991861574,0.08333333333333333,0.0,0.5833333333333334,5.179839212972191,18.64635901825877,0,1,0
S7_p017_t000_s1440417717,2026-10-04T15:13:15Z,S7,17,2,0,0,9adad9fdd85616e7ad1594c2d2e2100a0e41f525e601a7595a8722a2f1a96273,12000,16,1,180000,0.9158509415189329,1,0.5376006675290759,0.5129358880074271,0,1,173847,0.0,-0.8614309880820524,-312.7787501738039,-14.762022548450666,0.8193338668091388,0.1769331530632381,0.022159992755405256,0.08333333333333333,0.0,0.16666666666666666,4.456395281026617,19.696416035694984,0,1,0
S7_p017_t001_s1958295760,2026-10-04T15:13:30Z,S7,17,2,0,0,b78006bd3d5f441ea6c4b5af8cd35027cc3d63329cef237107a0a89be9a8055d,12000,16,1,180000,0.9157312235793396,1,0.5405536691153148,0.5153969240471419,0,1,173849,0.0,-0.8636014203218507,-312.61206026251847,-14.771090270054724,0.7614302141732138,0.17545590007164139,0.02197532511627287,0.08333333333333333,0.0,0.0,4.630725222039774,19.671981215880148,0,1,0
S7_p017_t002_s1141094124,2026-10-04T15:13:45Z,S7,17,2,0,0,3b2efb4dcb2930012d2335bf0e699275a23f3d646fb32de61301971bafa0e575,12000,16,1,180000,0.9161750494607662,1,0.540839561619456,0.5167923516845173,0,1,173749,0.0,-0.8539052936231251,-320.9454405805809,-14.840992826249433,0.8782748554268536,0.17145978501854836,0.021457677715716272,0.08333333333333333,0.0,0.0,4.669152941056105,19.922206809137,0,1,0
S7_p017_t003_s678609270,2026-10-04T15:14:00Z,S7,17,2,0,0,01fae3d9a713f3c98ff8c498569da69125d0568fe32cc1a78c6436dd700f788c,12000,16,1,180000,0.9158467744949038,1,0.5405178478271979,0.5167923516845172,0,1,173730,0.0,-0.8606314706683249,-322.5287474953584,-14.774683023128844,0.8652848156271554,0.17274374549110136,0.02161507938581053,0.08333333333333333,0.0,8.0,4.5455942183030755,19.876677053400627,0,1,0
S7_p017_t004_s2097649527,2026-10-04T15:14:15Z,S7,17,2,0,0,e0ff625f5f13b338f8fa714fd6b66ba53832a1df8775f2ecb7215a5c8c201e97,12000,16,1,180000,0.9157351557377725,1,0.5381278725033725,0.516102839019976,0,1,173826,0.0,-0.8650099870030774,-314.52870528319,-14.76405453275735,0.8221114893035021,0.17863099989722184,0.02236888833112971,0.08333333333333333,0.0,0.0,4.570919193471525,19.89662067807662,0,1,0
S7_p018_t000_s54616312,2026-10-04T15:14:30Z,S7,18,2,0,0,95dc71e3641aa85d0655fcb8ab5a75604d26d91da66aee43109ae24c0b2fc530,12000,16,1,180000,0.916033640540352,1,0.54495088199487,0.5214536280039387,0,1,173749,0.0,-0.8534514320564612,-320.94546520259064,-14.835212293711791,0.8002553096901217,0.18361171133360585,0.02297845483826677,0.08333333333333333,0.0,3.416666666666667,5.11312166589513,19.385241602145502,0,1,0
S7_p018_t001_s952590612,2026-10-04T15:14:45Z,S7,18,2,0,0,088d907c5f03bd4763ca35e185833cf10fc37a976eff9afdd2a8f36569ae2c96,12000,16,1,180000,0.9162562915266729,1,0.5449840373512308,0.5214536280039387,0,1,173790,0.0,-0.8482197756225038,-317.5288404163845,-14.849866532920807,0.8037574462179243,0.17547116960000744,0.02196688477988573,0.08333333333333333,0.0,0.0,5.1413255555075486,19.190870742613026,0,1,0
S7_p018_t002_s42992291,2026-10-04T15:15:00Z,S7,18,2,0,0,08d77c3e88272f72b1eee49c1d708206d3cbc4cdbef1521006e33c009da778df,12000,16,1,180000,0.9158123977425138,1,0.5451595048776791,0.518290137308101,0,1,173765,0.0,-0.8597114245918615,-319.61208940348297,-14.805784717839948,0.8406486350118098,0.17475947329228317,0.02187341995568204,0.08333333333333333,0.0,5.333333333333333,5.041765998211768,19.30309485812232,0,1,0
S7_p018_t003_s1754123281,2026-10-04T15:15:15Z,S7,18,2,0,0,722bd6678fea59dd031e5f46d0cfb8a93cc77054692958a7bbe5804de8505e4b,12000,16,1,180000,0.9159535679060701,1,0.5454101823477628,0.5199347640260285,0,1,173829,0.0,-0.8572351107532596,-314.2787769125189,-14.794068460875806,0.8803584325221938,0.17103510224119559,0.0214182127483582,0.08333333333333333,0.0,0.0,4.720032012291815,19.232832620500854,0,1,0
S7_p018_t004_s2136748643,2026-10-04T15:15:30Z,S7,18,2,0,0,4e184591228e7e86c2f39103a3080a431095480e5621546510872ed41fff8a83,12000,16,1,180000,0.672599489561589,1,0.49530620406485304,0.5199347640260283,0,1,173781,0.0,-3.595230648867564,-318.27850856287415,-0.2687080677868483,45.840199726030484,1006.7285138549997,126.021268635855,9.833333333333332,0.0,1.1666666666666667,8.970642473463029,24.06577251009056,0,1,0
S7_p019_t000_s2055416690,2026-10-04T15:15:45Z,S7,19,2,0,0,653ae985c9ee7370f9af729a9f4711301cd421c62307f21a312a14b707e6d0fe,12000,16,1,180000,0.9159147311478513,1,0.5470304860333923,0.5215612309893869,0,1,173921,0.0,-0.8565310718549491,-306.61212948326465,-14.787455541656218,0.8385200992068151,0.19502182289536008,0.02443993982342363,0.08333333333333333,0.0,2.916666666666667,5.1725221150197465,19.121027094957498,0,1,0
S7_p019_t001_s2007325368,2026-10-04T15:16:00Z,S7,19,2,0,0,ba0f4322fe7f45a51afc1ca258b9157bfacb6465dfb22cfa8ff89b98be1d9eb2,12000,16,1,180000,0.9163597199656741,1,0.5462499441325893,0.5215612309893868,0,1,173956,0.0,-0.8472444579277078,-303.69548929524717,-14.874927137231486,0.8118828298677928,0.1952961633290116,0.02448115525794492,0.08333333333333333,0.0,0.0,4.783934468614654,19.32172668723348,0,1,0
S7_p019_t002_s1837273558,2026-10-04T15:16:15Z,S7,19,2,0,0,6aa01072a7ff78d3746858848d3b72b6069636b7320eccd167f68f0cbd6bfcc0,12000,16,1,180000,0.9161269779410108,1,0.5456701831781497,0.5203377358061028,0,1,173884,0.0,-0.8541263263347278,-309.6954648419002,-14.800934251253164,0.8287797359009925,0.1798177579741747,0.022527928354520554,0.08333333333333333,0.0,0.0,4.8262732404544835,19.060442501917265,0,1,0
S7_p019_t003_s1703565559,2026-10-04T15:16:30Z,S7,19,2,0,0,dff95b6a4188dde10cf04f526607b6d31ee051845be9e074b1db4ff5d3f55765,12000,16,1,180000,0.9162253507042369,1,0.545299538739979,0.5203377358061028,0,1,173865,0.0,-0.8504287621021355,-311.27881511573713,-14.84289290428036,0.8659420741256076,0.19664907305301557,0.02463285283783989,0.08333333333333333,0.0,0.0,4.592850844809542,19.419249330078856,0,1,0
S7_p019_t004_s989415578,2026-10-04T15:16:45Z,S7,19,2,0,0,9471b6ceece532b7e293ba85f8b2983705d7ce9ad3d2080c74f4152060d151ab,12000,16,1,180000,0.9160825955690857,1,0.5423602763776065,0.5200752091190527,0,1,173772,0.0,-0.8550097692401084,-319.02878743405506,-14.80329439929093,0.7888685849952691,0.18851383779742653,0.023596277077103878,0.08333333333333333,0.0,347.5,4.70469195018455,19.071914197152292,0,1,0
S7_p020_t000_s11753295,2026-10-04T15:17:15Z,S7,20,2,0,0,61a96d1c63a2c4173f7d57d2c160082922fece5443a1647ba34445f17665ce96,12000,16,1,180000,0.9162026258797563,1,0.554817048294984,0.5254288041486718,0,1,173717,0.0,-0.849845410350145,-323.6121654160409,-14.833980083136602,0.8675350545296979,0.15452670395536483,0.01933360856537547,0.08333333333333333,0.0,3.416666666666667,4.4055156191685025,18.876388758108323,0,1,0
S7_p020_t001_s127051996,2026-10-04T15:17:30Z,S7,20,2,0,0,189cf6836d4eb1ff8368d7997fa811187f190e97c04acd087e81f472653fa4a9,12000,16,1,180000,0.9164088667363037,1,0.5527839073945969,0.5256669929855555,0,1,173758,0.0,-0.8435882525071663,-320.1955484860446,-14.865023539378978,0.8829319131873781,0.1875423583872574,0.023472051406315586,0.08333333333333333,0.0,0.0,4.779918943360798,18.823590450085284,0,1,0
S7_p020_t002_s1814410164,2026-10-04T15:17:45Z,S7,20,2,0,0,16ee094b35ff7a5676dcd082def2365efc9693b2e0f61ce40ba83e16a0380670,12000,16,1,180000,0.9162743586303024,1,0.5515052194987512,0.5271756313819506,0,1,173738,0.0,-0.8474987014594275,-321.86217812004725,-14.85052057557849,0.8966099162646225,0.17648388009441318,0.022084486819494487,0.08333333333333333,0.0,0.0,4.940671890001526,18.90363578287226,0,1,0
S7_p020_t003_s622957244,2026-10-04T15:18:00Z,S7,20,2,0,0,cc66556d4ce4a4b4a62837fbf3f3eba19bd06597db1f3ccb3975c2489a8ebf01,12000,16,1,180000,0.9166829239538191,1,0.5521472794322522,0.5282992499915897,0,1,173728,0.0,-0.8388201207595061,-322.6955653203768,-14.894708394622103,0.856691833539679,0.1869944974593809,0.023397873489102494,0.08333333333333333,0.0,0.0,4.705016726408922,18.794974103592935,0,1,0
S7_p020_t004_s1019946476,2026-10-04T15:18:15Z,S7,20,2,0,0,40e9fa04f298632dfe4da50f3ef9289b2b74ddc05c9b9a30fe6ad3dfbbf00c72,12000,16,1,180000,0.9165460207512508,1,0.5515072773743696,0.5282992499915897,0,1,173723,0.0,-0.8410363053608955,-323.11221106048595,-14.893434107984946,0.8676893637841185,0.17083173836792284,0.021374637936332874,0.08333333333333333,0.0,356.25,5.226964724453546,19.022909976592683,0,1,0
S8_p000_t000_s1451638557,2026-10-04T15:18:45Z,S8,0,12,0,0,d1353e425e1a33335f0801054d6ba45794d23e01f3c68415bad699d785a64d5c,12000,16,1,180000,0.9246496161120987,1,0.7470127550020521,0.7813339612689649,0,1,173884,0.0,-0.6779024172553895,-309.69572008311724,-17.514031655157247,0.9855368422276228,0.0850616902858861,0.010656698682396382,0.08333333333333333,0.0,0.0,5.1681109257973965,17.919324825624624,0,1,0
S8_p000_t001_s686175255,2026-10-04T15:19:00Z,S8,0,12,0,0,cf51be0277386f244f5bcacdb7e727c0f255e885792445768a5d888f0ada1c14,12000,16,1,180000,0.9832005441713719,1,0.7936446344882293,0.782031835052609,0,1,173995,0.0,-0.6816560195618776,-300.40803440321724,-17.468955819008183,0.9801688759680991,0.016954322548628047,0.0021259533673401165,0.08333333333333333,0.0,0.5833333333333334,4.784410694845594,16.944995389858722,0,1,0
S8_p000_t002_s147853078,2026-10-04T15:19:15Z,S8,0,12,0,0,c2eafb110f43b151ea468a42ed8e8d5f520d6b93d491f518546117b14d639d04,12000,16,1,180000,0.9833335057442524,1,0.7931099134475539,0.782031835052609,0,1,174002,0.0,-0.6767805401073193,-299.82471542897537,-17.50250421437094,1.0152566722510912,0.016079466167808466,0.0020163650574431813,0.08333333333333333,0.0,4.5,4.537048915829779,16.867226493800757,0,1,0
S8_p000_t003_s1651849846,2026-10-04T15:19:30Z,S8,0,12,0,0,b3432ee2ff81cbe657c090c4135c139bbc5d2fa3429d01de34907799d7502b25,12000,16,1,180000,0.9831702335654928,1,0.7932488777516901,0.7812855341615296,0,1,174056,0.0,-0.6820998936582207,-295.3247032925962,-17.45377303027442,1.0462445480405893,0.01737140167901723,0.0021793118262394273,0.08333333333333333,0.0,0.0,4.75359375329649,16.774179701681373,0,1,0
S8_p000_t004_s285589846,2026-10-04T15:19:45Z,S8,0,12,0,0,6e7c4414bceb7c5b98f22b87b138fede42df7c07e3b3884f1092482c9638b3bf,12000,16,1,180000,0.9832563520372462,1,0.7923686462823762,0.7807268557375117,0,1,173976,0.0,-0.6772188804630986,-301.991390951458,-17.470778791338816,1.0275361676590014,0.01957112893974848,0.002453710719692026,0.08333333333333333,0.0,340.5,5.526484006878649,16.650031050286177,0,1,0
