{
  "sessions": [
    {
      "session": "2026-07-07",
      "dirname": "20260706_live_run_2308",
      "owsfz_lines": 48028,
      "wsjt_lines": 76920,
      "bands": {
        "< -15 dB": {
          "wsjt_total_nonhashed": 10627,
          "miss_count": 7518,
          "sweep": {
            "10": {
              "tight": 1338,
              "partial": 3703,
              "isolated": 2477,
              "total": 7518,
              "F": 0.1779728651237031,
              "F_prime": 0.6705240755520085
            },
            "12": {
              "tight": 1512,
              "partial": 3529,
              "isolated": 2477,
              "total": 7518,
              "F": 0.2011173184357542,
              "F_prime": 0.6705240755520085
            },
            "15": {
              "tight": 1797,
              "partial": 3244,
              "isolated": 2477,
              "total": 7518,
              "F": 0.23902633679169993,
              "F_prime": 0.6705240755520085
            },
            "20": {
              "tight": 2269,
              "partial": 2772,
              "isolated": 2477,
              "total": 7518,
              "F": 0.3018089917531258,
              "F_prime": 0.6705240755520085
            },
            "25": {
              "tight": 2799,
              "partial": 2242,
              "isolated": 2477,
              "total": 7518,
              "F": 0.3723064644852354,
              "F_prime": 0.6705240755520085
            }
          },
          "primary": {
            "tight": 1797,
            "partial": 3244,
            "isolated": 2477,
            "total": 7518,
            "F": 0.23902633679169993,
            "F_prime": 0.6705240755520085
          }
        },
        "-15..-10 dB": {
          "wsjt_total_nonhashed": 11406,
          "miss_count": 6344,
          "sweep": {
            "10": {
              "tight": 1591,
              "partial": 3542,
              "isolated": 1211,
              "total": 6344,
              "F": 0.25078814627994955,
              "F_prime": 0.8091109709962169
            },
            "12": {
              "tight": 1746,
              "partial": 3387,
              "isolated": 1211,
              "total": 6344,
              "F": 0.27522068095838587,
              "F_prime": 0.8091109709962169
            },
            "15": {
              "tight": 2082,
              "partial": 3051,
              "isolated": 1211,
              "total": 6344,
              "F": 0.3281841109709962,
              "F_prime": 0.8091109709962169
            },
            "20": {
              "tight": 2572,
              "partial": 2561,
              "isolated": 1211,
              "total": 6344,
              "F": 0.40542244640605296,
              "F_prime": 0.8091109709962169
            },
            "25": {
              "tight": 3151,
              "partial": 1982,
              "isolated": 1211,
              "total": 6344,
              "F": 0.49668978562421184,
              "F_prime": 0.8091109709962169
            }
          },
          "primary": {
            "tight": 2082,
            "partial": 3051,
            "isolated": 1211,
            "total": 6344,
            "F": 0.3281841109709962,
            "F_prime": 0.8091109709962169
          }
        }
      },
      "pooled": {
        "sweep": {
          "10": {
            "tight": 2929,
            "partial": 7245,
            "isolated": 3688,
            "total": 13862,
            "F": 0.2112970711297071,
            "F_prime": 0.7339489251190304
          },
          "12": {
            "tight": 3258,
            "partial": 6916,
            "isolated": 3688,
            "total": 13862,
            "F": 0.23503102005482615,
            "F_prime": 0.7339489251190304
          },
          "15": {
            "tight": 3879,
            "partial": 6295,
            "isolated": 3688,
            "total": 13862,
            "F": 0.27982975039676816,
            "F_prime": 0.7339489251190304
          },
          "20": {
            "tight": 4841,
            "partial": 5333,
            "isolated": 3688,
            "total": 13862,
            "F": 0.34922810561246576,
            "F_prime": 0.7339489251190304
          },
          "25": {
            "tight": 5950,
            "partial": 4224,
            "isolated": 3688,
            "total": 13862,
            "F": 0.4292309911989612,
            "F_prime": 0.7339489251190304
          }
        },
        "primary": {
          "tight": 3879,
          "partial": 6295,
          "isolated": 3688,
          "total": 13862,
          "F": 0.27982975039676816,
          "F_prime": 0.7339489251190304
        },
        "wsjt_total_nonhashed_in_bands": 22033,
        "recoverable_recall_pp_upper_bound": 17.605410066718104
      },
      "capture_effect": {
        "n": 3879,
        "mean_delta_db": 6.277133281773653,
        "median_delta_db": 7,
        "n_captured_ge_10db": 1406,
        "frac_captured_ge_10db": 0.3624645527197731
      },
      "shim": "20260033"
    },
    {
      "session": "2026-07-06",
      "dirname": "20260706_live_run",
      "owsfz_lines": 47013,
      "wsjt_lines": 75193,
      "bands": {
        "< -15 dB": {
          "wsjt_total_nonhashed": 9083,
          "miss_count": 6263,
          "sweep": {
            "10": {
              "tight": 1211,
              "partial": 3160,
              "isolated": 1892,
              "total": 6263,
              "F": 0.19335781574325403,
              "F_prime": 0.6979083506306881
            },
            "12": {
              "tight": 1402,
              "partial": 2969,
              "isolated": 1892,
              "total": 6263,
              "F": 0.2238543828836021,
              "F_prime": 0.6979083506306881
            },
            "15": {
              "tight": 1657,
              "partial": 2714,
              "isolated": 1892,
              "total": 6263,
              "F": 0.2645696950343286,
              "F_prime": 0.6979083506306881
            },
            "20": {
              "tight": 2057,
              "partial": 2314,
              "isolated": 1892,
              "total": 6263,
              "F": 0.3284368513491937,
              "F_prime": 0.6979083506306881
            },
            "25": {
              "tight": 2516,
              "partial": 1855,
              "isolated": 1892,
              "total": 6263,
              "F": 0.40172441322050134,
              "F_prime": 0.6979083506306881
            }
          },
          "primary": {
            "tight": 1657,
            "partial": 2714,
            "isolated": 1892,
            "total": 6263,
            "F": 0.2645696950343286,
            "F_prime": 0.6979083506306881
          }
        },
        "-15..-10 dB": {
          "wsjt_total_nonhashed": 9574,
          "miss_count": 5448,
          "sweep": {
            "10": {
              "tight": 1577,
              "partial": 3172,
              "isolated": 699,
              "total": 5448,
              "F": 0.2894640234948605,
              "F_prime": 0.8716960352422908
            },
            "12": {
              "tight": 1808,
              "partial": 2941,
              "isolated": 699,
              "total": 5448,
              "F": 0.33186490455212925,
              "F_prime": 0.8716960352422908
            },
            "15": {
              "tight": 2090,
              "partial": 2659,
              "isolated": 699,
              "total": 5448,
              "F": 0.38362701908957414,
              "F_prime": 0.8716960352422908
            },
            "20": {
              "tight": 2572,
              "partial": 2177,
              "isolated": 699,
              "total": 5448,
              "F": 0.4720998531571219,
              "F_prime": 0.8716960352422908
            },
            "25": {
              "tight": 3047,
              "partial": 1702,
              "isolated": 699,
              "total": 5448,