slot,cycle_utc,scenario,part,n_truth_rows,oversize,after_oversize,wav_sha256,fs,bits,channels,n_samples,rho_peak,rho_sign,rho_neighbour_max,ref_vs_neighbour_ref_rho,lag_ambiguous,g_sign,n_support,lag_lost,g_db,tau_ms,resid_db,step_db_max,drift_ppm,drift_dlag_samples,zero_run_ms,head_zero_ms,tail_zero_ms,click_max,tile_excess_db,clip_n,nondiscriminating,ref_mismatch
S1_p000_t000_s913544046,2026-10-03T01:16:45Z,S1,0,1,0,0,9fe929df66700a263ed0c931b285f358084fde7293f8276b438467bd7a600c1c,12000,16,1,180000,0.9553674976257636,1,0.0322399076085433,0.02956592747315697,0,1,172800,0.0,-1.0373326250652768,-299.7499992438073,-10.814408182221875,0.08772035453726042,0.0004487124195094517,5.572918507823488e-05,0.08333333333333333,0.0,600.0,12.958601175594355,4.802890773472144,0,0,0
S1_p000_t001_s68344610,2026-10-03T01:17:00Z,S1,0,1,0,0,5a25a5f6965187db2859cc2434b16a5a16e6728ca62511a3005a2aaa721f3c91,12000,16,1,180000,0.9554075718175495,1,0.033623991382943086,0.030887026653478054,0,1,172800,0.0,-1.0278526330022355,-299.74999963069183,-10.848838718690333,0.11823913544472947,-0.0004053360660155035,-5.03419287269935e-05,0.08333333333333333,0.0,600.0,7.966392129981237,4.213022126091467,0,0,0
S1_p000_t002_s205210819,2026-10-03T01:17:15Z,S1,0,1,0,0,6b193fcb7a7eeca56dc24bc4c344ae9df84d3032af8cf0e874b085ecb7456836,12000,16,1,180000,0.9557852392810227,1,0.04906585405658551,0.04584283300923298,0,1,172800,0.0,-1.0279112163212458,-299.7499986559881,-10.852232015738467,0.10392864919242542,0.00014667615875030543,1.821688556447043e-05,0.08333333333333333,0.0,600.0,8.967984775866515,4.415124357063455,0,0,0
S1_p001_t000_s1915168523,2026-10-03T01:17:30Z,S1,1,1,0,0,373c508e516e3022de152328e6356d3cd8e16a9ef19e4fb6f232f9de5ce37bcc,12000,16,1,180000,0.9578769735638294,1,0.07291572169481805,0.06898944693947938,0,1,172800,0.0,-0.9790197376736112,-299.7500008308513,-11.108585034535585,0.11504876082054843,0.0001749565793453336,2.172925724153174e-05,0.08333333333333333,0.0,600.0,7.039922638033232,7.224471699811021,0,0,0
S1_p001_t001_s1105300121,2026-10-03T01:17:45Z,S1,1,1,0,0,001a5785578cc78f8a6e908e90d893be82a5a3f8481c325eb26dbbe9fce64d53,12000,16,1,180000,0.9577109228235108,1,0.07287039447258668,0.06898944693947938,0,1,172800,0.0,-0.9832800272479669,-299.75000041845544,-11.055510495418424,0.11081017380241572,-0.00031782142892216767,-3.947278582927538e-05,0.08333333333333333,0.0,600.0,8.051203925355832,7.498955824595055,0,0,0
S1_p001_t002_s1345625016,2026-10-03T01:18:00Z,S1,1,1,0,0,41bcce29cc9697472b62d72e0d861574eb28d7b5093e0f6c1c7a06af73b97bd2,12000,16,1,180000,0.9577497630679744,1,0.09055732716789355,0.08369050839214716,0,1,172800,0.0,-0.9863363572045298,-299.74999918967353,-11.075018420043461,0.14731570169443797,0.00021307176177987573,2.6463086669537006e-05,0.08333333333333333,0.0,600.0,9.930140748844835,6.615891898131694,0,0,0
S1_p002_t000_s1491760006,2026-10-03T01:18:15Z,S1,2,1,0,0,567d54847b2106fde4545960b999435b3492f29181994b96048a258dfe3b56cd,12000,16,1,180000,0.9594530153286903,1,0.11481390341392894,0.10617227651817505,0,1,172800,0.0,-0.9388862555429262,-299.7500000402154,-11.281421725531949,0.15701191004910078,0.00011188959013170296,1.3896463315177243e-05,0.08333333333333333,0.0,600.0,10.293150719751486,8.698706092236595,0,0,0
S1_p002_t001_s546635023,2026-10-03T01:18:30Z,S1,2,1,0,0,d8ec17abb9f13c07863a5a678f87ec7440ba297271c93e2b0e55baa8d5ae9add,12000,16,1,180000,0.9595314913957546,1,0.114885010545234,0.10617227651817505,0,1,172800,0.0,-0.9457046968305421,-299.7499998816511,-11.279378445006234,0.16926526161545502,-0.0003215234651609713,-3.9932571326062316e-05,0.08333333333333333,0.0,600.0,9.361076979826011,8.790543222308274,0,0,0
S1_p002_t002_s714902369,2026-10-03T01:18:45Z,S1,2,1,0,0,2becdf4558bc86360e3f1a87ce7b9370af8a28ed8f9aa4fd1f1df39999a0526c,12000,16,1,180000,0.9600631627924501,1,0.15715455503890424,0.14670016776381692,0,1,172800,0.0,-0.9335823235417267,-299.74999913810825,-11.353379280660103,0.09139200433992424,-0.00020006361417914786,-2.4847500753821805e-05,0.08333333333333333,0.0,600.0,4.874502105236187,8.531572201777038,0,0,0
S1_p003_t000_s474144144,2026-10-03T01:19:00Z,S1,3,1,0,0,50f35cd300c30215172f201977d8ed9ee596d79dfa8fdd6a801fcc168dc5e688,12000,16,1,180000,0.9640846948730737,1,0.22031553305075738,0.205272445875899,0,1,172800,0.0,-0.8479307260692255,-299.75000025234414,-11.81641731336343,0.2633712752847275,0.0004257114150828447,5.2872506330459146e-05,0.08333333333333333,0.0,600.0,7.379747284176691,10.854782828773615,0,0,0
S1_p003_t001_s1226819330,2026-10-03T01:19:15Z,S1,3,1,0,0,77aaaf28c2906386b6fce7e89a9f9f67f7f762d3eab53734c02c183209336096,12000,16,1,180000,0.9641764809327209,1,0.2205493586463715,0.2067914222664561,0,1,172800,0.0,-0.8457724837115904,-299.7500001190074,-11.829382176660328,0.23660695778285068,-0.0005542246099154533,-6.883358810227946e-05,0.08333333333333333,0.0,600.0,20.611504945642682,11.371721625541474,0,0,0
S1_p003_t002_s1182452760,2026-10-03T01:19:30Z,S1,3,1,0,0,5df89ee4f01d5139f9d260caf3f42de7fa179ce4744185e7b28f941772a69a4c,12000,16,1,180000,0.9637765557226307,1,0.2801926278389973,0.2618170648542017,0,1,172800,0.0,-0.8462545730765239,-299.75000057591143,-11.815320270205037,0.2879393133693522,-0.00041184978962217076,-5.115092017149436e-05,0.08333333333333333,0.0,600.0,12.220349348250828,11.404609370169824,0,0,0
S1_p004_t000_s184630235,2026-10-03T01:19:45Z,S1,4,1,0,0,f6f35f1c32cd84926a2292757da9949ab6f12418ba59f570660e788fa9691317,12000,16,1,180000,0.42623930392995246,1,0.14804674311633242,0.3240614133098152,0,1,172800,0.0,-5.766470745218994,-289.4551266651051,3.739825231429939,19.01525346303802,994.3786042127091,123.49983388601004,6.583333333333333,0.0,600.0,7.593058364176193,23.767527871015226,0,0,0
S1_p004_t001_s792672454,2026-10-03T01:20:00Z,S1,4,1,0,0,eac8b477c575f09507168c63c6dc932a0d034c2f7e56be51a571754c0f9f46fe,12000,16,1,180000,0.7690128116781764,1,0.33475578086658353,0.3244084884058915,0,1,172800,0.0,-0.7248071777527143,-289.4583390562554,-12.615819059649125,0.3135823199572023,-0.0009993442880895937,-0.00012411656189215137,0.08333333333333333,0.0,600.0,7.98203798556805,13.590300779271052,0,0,0
S1_p004_t002_s2116022063,2026-10-03T01:20:15Z,S1,4,1,0,0,feeb7f1325210d632113d90eb9b71b4bb7c2d2fd3089a8a3268e1f1b78ffef2d,12000,16,1,180000,0.7697068605094157,1,0.4117983066015729,0.40085981705685186,0,1,172800,0.0,-0.7247883940208387,-289.4583363988719,-12.614893726680275,0.3064510819025319,0.0007847056950774861,9.745887791723362e-05,0.08333333333333333,0.0,600.0,9.526169001080072,13.31500134028178,0,0,0
S1_p005_t000_s528655056,2026-10-03T01:20:30Z,S1,5,1,0,0,c58d4c300f17b8c7636f3ff4c1f9c9bd37d4ffef0d8782d7665f51e1471a7ea6,12000,16,1,180000,0.8090482520877207,1,0.4996435876281246,0.49594440376218796,0,1,172800,0.0,-0.5656839080992747,-289.4583331189145,-13.920712929888978,0.6240955624431637,0.0018943055430928894,0.00023526895984105067,0.08333333333333333,0.0,600.0,13.908311635780214,16.02367141010469,0,0,0
S1_p005_t001_s108725431,2026-10-03T01:20:45Z,S1,5,1,0,0,e5adf1c724b9b3472e47d9f99440369d2e15f2a4e8ec7d2713d26da8efb38eb9,12000,16,1,180000,0.8093200618598931,1,0.4996590413972022,0.49594440376218807,0,1,172800,0.0,-0.5655457713251326,-289.45833418625807,-13.934019991684254,0.4631475373219792,-0.0018054350340691516,-0.0002242314203613205,0.08333333333333333,0.0,600.0,15.31949058763938,15.858896075108543,0,0,0
S1_p005_t002_s2006277236,2026-10-03T01:21:00Z,S1,5,1,0,0,b7023219c33d34a30a58602460777c2fcdf2b6b03df2a05a4216afece75482ee,12000,16,1,180000,0.809202342275986,1,0.5807014492309168,0.575200827769748,0,1,172800,0.0,-0.5658144061290347,-289.45832916996187,-13.89420820208053,0.5268791754580645,-0.0005150088845555391,-6.396307344402885e-05,0.08333333333333333,0.0,600.0,18.70345003477418,15.680521756261406,0,1,0
S1_p006_t000_s147152921,2026-10-03T01:21:15Z,S1,6,1,0,0,b94acffa8c9f966d67995e34a2d293365cabb2f13896dca9a1b3ba0380acac96,12000,16,1,180000,0.8491298339443085,1,0.6665748339038375,0.6695122953158428,0,1,172800,0.0,-0.4012988995478213,-289.4583356014585,-15.81582148345451,0.6644967138833324,-0.0006131035282713756,-7.61462320042483e-05,0.08333333333333333,0.0,600.0,18.175184945022497,17.66346859235697,0,1,0
S1_p006_t001_s1953053430,2026-10-03T01:21:30Z,S1,6,1,0,0,c99f193e50ba1311d4be3af19ef59144c559d4cc10f3bf653e39e2bf9f2951d8,12000,16,1,180000,0.8487542312285918,1,0.6667687905637982,0.6695122953158428,0,1,172800,0.0,-0.4047132304306497,-289.45833045811986,-15.787403401142232,0.6294646512883529,7.804132100568668e-05,9.692575986264274e-06,0.08333333333333333,0.0,600.0,19.741311198482574,17.56816392842451,0,1,0
S1_p006_t002_s147567551,2026-10-03T01:22:00Z,S1,6,1,0,0,2902703ac7307fc20d51d1dec2fb7a07e7721371c9df2d2a987feccb48c26dd6,12000,16,1,180000,0.8490170132054098,1,0.7212343109881353,0.7239516056757861,0,1,172800,0.0,-0.40505831392530334,-300.1249965934294,-15.788158009916177,0.7105139761981067,0.00013706332597914947,1.7022990959958406e-05,0.08333333333333333,0.0,600.0,17.00880484211634,17.718265732556368,0,1,0
S1_p007_t000_s1402667823,2026-10-03T01:22:15Z,S1,7,1,0,0,61cb5639f761c29b3f07226ac03a913124b96c364ffd40ed5d297e44cda35d3f,12000,16,1,180000,0.876007632369103,1,0.7788719296792234,0.7888016545704567,0,1,172800,0.0,-0.28978787168744197,-300.12499795845054,-17.85736531658028,0.7570545243255634,-0.0006741203062002023,-8.372439378945273e-05,0.08333333333333333,0.0,600.0,28.558878026548044,18.829402527987323,0,1,0
S1_p007_t001_s1425587327,2026-10-03T01:22:30Z,S1,7,1,0,0,699533a31982ebc1f7ee90b601297761b4e1d08146b626d11402a9131fdf6f25,12000,16,1,180000,0.8762343784656398,1,0.7790271992166581,0.7888016545704567,0,1,172800,0.0,-0.29255243176092205,-300.1249987444759,-17.824617215151022,0.8483075925864286,-0.0002472280191840218,-3.070522552661714e-05,0.08333333333333333,0.0,600.0,17.396356124711367,19.00299344427751,0,1,0
S1_p007_t002_s718289455,2026-10-03T01:22:45Z,S1,7,1,0,0,a58d93928e8e042c2f2e9e7598f1099ec7f4a75dc73495ae309b3043950c24aa,12000,16,1,180000,0.8756871138949208,1,0.826445152894782,0.8385280478656059,0,1,172800,0.0,-0.2933502320061252,-300.1249963943731,-17.812707754428217,0.7991639167033221,0.00017810108708631817,2.2119798813946545e-05,0.08333333333333333,0.0,600.0,22.728576771845628,18.61563855538768,0,1,0
S1_p008_t000_s1206520285,2026-10-03T01:23:00Z,S1,8,1,0,0,7f43917f6dcb502209e640656553fbd31df0b967c93e178e0651f90d824bf060,12000,16,1,180000,0.8572893776426823,1,0.830746329993069,0.8922877015429264,0,1,172800,1.0,-0.7326152108584776,-300.12809632397085,-8.52830205420554,41.253155753079284,-2.130851817700786,-0.26464753405480224,5.416666666666667,0.0,600.0,31.797152230793667,49.42275757480672,0,1,0
S1_p008_t001_s1462033172,2026-10-03T01:23:15Z,S1,8,1,0,0,7b5e71e756f8b0d205184e2c30d7efa21fadf6ed74ce57b18cb110ea8d9070f8,12000,16,1,180000,0.9950662933637128,1,0.9003146669444145,0.8922877015429264,0,1,172800,1.0,-0.2001808107872916,-289.8333339260789,-20.711404532257866,0.8680791211117355,0.0005238156298833622,6.505685360025382e-05,0.08333333333333333,0.0,600.0,34.321481446872866,18.799626537378657,0,1,0
S1_p008_t002_s1537966073,2026-10-03T01:23:30Z,S1,8,1,0,0,96fb9684b72f70dc07fce13710b3f9070327946ea318e24f04e93bd97efc0870,12000,16,1,180000,0.9950627703468916,1,0.9211064710365815,0.9131794267773907,0,1,172800,1.0,-0.20018030459392086,-289.83333367630803,-20.691357089057732,0.8179533720751954,0.0002837630938931976,3.524280873534735e-05,0.08333333333333333,0.0,600.0,33.24048382631219,18.763354602442973,0,1,0
S1_p009_t000_s758409719,2026-10-03T01:23:45Z,S1,9,1,0,0,4f5c2bdd06a9b220ed08031b580e0057fe62d19d9a571380f312e6f81fc3e1b9,12000,16,1,180000,0.9970579657223685,1,0.9391945835013416,0.9343002500583387,1,1,172800,nan,-0.161138665878357,nan,-22.926588800349187,0.9135135872713785,nan,nan,0.08333333333333333,0.0,600.0,41.19501524210446,17.457788675461302,0,1,0
S1_p009_t001_s1723470335,2026-10-03T01:24:00Z,S1,9,1,0,0,50a1598f136170f480df4f2571cdd9a11b1a41ad93e2c163cee8972cbb68f0b2,12000,16,1,180000,0.9969931646826062,1,0.9392773753733505,0.9343002500583387,1,1,172800,nan,-0.16204375765179077,nan,-22.850279642878498,0.8820784752482357,nan,nan,0.08333333333333333,0.0,600.0,47.171600001848645,17.632747896775236,0,1,0
S1_p009_t002_s1581091521,2026-10-03T01:24:15Z,S1,9,1,0,0,862e192bcafff19b9e8546354eb3dce329ffcc3e6de2a4de8860c1930a25e5fc,12000,16,1,180000,0.9969827564149474,1,0.9392692508042669,0.9342265314570748,1,1,172800,nan,-0.16267774610239283,nan,-22.80866835517648,0.9858839419827803,nan,nan,0.08333333333333333,0.0,600.0,42.03149697538642,17.504262478460497,0,1,0
S1b_p000_t000_s670279447,2026-10-03T01:24:45Z,S1b,0,1,0,0,eeb69e1015e1a3b52c286e23b967cfd3a5ba1fececac36f7bfd94b184ef3782c,12000,16,1,180000,0.9550271055419239,1,0.04654202136883153,0.04314353477945923,0,1,172800,0.0,-1.042602542368394,-300.4999992320645,-10.785644035003209,0.10023259511016086,7.361697909848197e-05,9.143081570073264e-06,0.08333333333333333,0.0,600.0,5.88567234474455,4.661834230794901,0,0,0
S1b_p000_t001_s755619207,2026-10-03T01:25:00Z,S1b,0,1,0,0,5d2a41880d0c755080d0d55cfca6af9276451168ebcfcd9b6521df60d2c92dab,12000,16,1,180000,0.9547702547323108,1,0.012295725713838846,0.011555912219765227,0,1,172800,0.0,-1.0473251443077471,-300.49999814710463,-10.771432780872537,0.08135737831750148,0.00016257682434836092,2.0191716430417728e-05,0.08333333333333333,0.0,600.0,4.917175167292533,5.046681245251491,0,0,0
S1b_p000_t002_s405040029,2026-10-03T01:25:15Z,S1b,0,1,0,0,dac07aaf966108b8dd30a550d52b9ad32c08a23d1d41e28d46ad5dbfdcf9a0ae,12000,16,1,180000,0.9546323157375172,1,0.012180078886287178,0.011555912219765223,0,1,172800,0.0,-1.0552292874793145,-300.4999980957048,-10.732994348178375,0.10034408933848138,-3.169549272105726e-05,-3.9365168049698696e-06,0.08333333333333333,0.0,600.0,9.400195286683443,4.822033747823284,0,0,0
S1b_p001_t000_s421145395,2026-10-03T01:25:30Z,S1b,1,1,0,0,f659206e8282801b33620e44d13401b04939b058ecdcc24a780e87a4c2491c92,12000,16,1,180000,0.9548630673756672,1,0.01176706476663601,0.011333582432054332,0,1,172800,0.0,-1.0439305672462333,-300.50000115521345,-10.76636080665761,0.07199358056573898,-5.5024202446072324e-05,-6.833895895397291e-06,0.08333333333333333,0.0,600.0,6.2078886008962,5.284805803362565,0,0,0
S1b_p001_t001_s617056408,2026-10-03T01:25:45Z,S1b,1,1,0,0,b723dda4ef53e46285aa7e5c0d14d7ab2c50689492e72cb4feeff093cff2c8dc,12000,16,1,180000,0.9545290641112433,1,0.011285188640250493,0.011305349550454044,0,1,172800,0.0,-1.0613312228104712,-300.50000088006345,-10.706526637136628,0.08365350112212928,-0.0003074294974089734,-3.818212871919968e-05,0.08333333333333333,0.0,600.0,4.825872789872608,4.645102413838017,0,0,0
S1b_p001_t002_s1338794941,2026-10-03T01:26:00Z,S1b,1,1,0,0,7c6831aea0673adf3b765529f3e49d56243621631f6f652b54dbaf1b4dc64c72,12000,16,1,180000,0.9545848953858891,1,0.012363511121636597,0.012603220098951503,0,1,172800,0.0,-1.0526404767265256,-300.49999922830887,-10.760682321439026,0.09468974874740686,0.0001616634558104776,2.0078277884749696e-05,0.08333333333333333,0.0,600.0,8.818231525410207,4.952788623176817,0,0,0
S1b_p002_t000_s265536591,2026-10-03T01:26:15Z,S1b,2,1,0,0,c578a1ce59b90f2f71cc873b3e5f931266d9ec70448c7fba95dc9f45f7c513c1,12000,16,1,180000,0.955042752234004,1,0.012540984383216635,0.0126032200989515,0,1,172800,0.0,-1.0446219536114776,-300.5000023952234,-10.780477273236304,0.09488009785912689,0.0003257820376390062,4.046147751068929e-05,0.08333333333333333,0.0,600.0,11.338392416042948,4.762281732932344,0,0,0
S1b_p002_t001_s984384874,2026-10-03T01:26:30Z,S1b,2,1,0,0,a1052d8234dcb063144aaed404a72d3eae7f3ca99b4c8add297309e1bc0d958d,12000,16,1,180000,0.8481435557844146,1,0.013503960379558104,0.01298530339325719,0,1,172800,0.0,-1.4676924977821018,-290.4311014621677,-7.096720689110617,37.30486420919998,0.005340000596216065,0.0006632173940488428,6.666666666666667,0.0,600.0,16.77621593534231,17.828908355445815,0,0,0
S1b_p002_t002_s1445559193,2026-10-03T01:26:45Z,S1b,2,1,0,0,eb31a59bc65fa01913956b2bc6d1cf6b39f4fce8d43d2ec5aabb0e9add3e0239,12000,16,1,180000,0.8845080077867462,1,0.01595256239111276,0.015758898130045152,0,1,172800,0.0,-1.1027019251675394,-290.4310817593214,-10.047744756000785,0.1211188407608493,0.00016289845526670557,2.0231662347214296e-05,0.08333333333333333,0.0,600.0,9.38234064488991,3.661054112083317,0,0,0
S1b_p003_t000_s799072493,2026-10-03T01:27:00Z,S1b,3,1,0,0,7fe7c13a882e0d68c5f5bf970a80137b545cf36b58b6c8db52dd21deb9c69e90,12000,16,1,180000,0.8854178199887522,1,0.019423373130406978,0.018272154502737295,0,1,172800,0.0,-1.0959839961397104,-290.43110443252834,-10.08449280594373,0.1039949748518553,-0.00711112526523641,-0.0008831875356918317,0.08333333333333333,0.0,600.0,4.836411989049229,3.836583932700372,0,0,0
S1b_p003_t001_s1267271188,2026-10-03T01:27:15Z,S1b,3,1,0,0,bc765aec01d9b6d0481e04feef9541bf81c54bf634321eea541ba3cf26583cc5,12000,16,1,180000,0.8855066829430843,1,0.021204666258128977,0.020243011075190154,0,1,172800,0.0,-1.0871453261015185,-290.43108684811466,-10.121629451705122,0.08347805068706372,0.0074183793013029966,0.0009213478724632296,0.08333333333333333,0.0,600.0,5.164973285813541,4.044783503491094,0,0,0
S1b_p003_t002_s60044557,2026-10-03T01:27:30Z,S1b,3,1,0,0,f87188634fe49689a0b6d2409aec0cc8693ec98da36f409447abf93cbf2b0d47,12000,16,1,180000,0.8853006707803309,1,0.020708370352180885,0.020243011075190158,0,1,172800,0.0,-1.090157386221649,-290.43107679346514,-10.107731381691838,0.09324359678930515,0.0007079523257187915,8.792626294962247e-05,0.08333333333333333,0.0,600.0,6.960633673028644,3.9698438905160116,0,0,0
S2_p000_t000_s1289144792,2026-10-03T01:28:00Z,S2,0,1,0,0,a3e94fe939a3665eff39e56a117f1b97b3cbaa040e247c21e1ce7b76a21d87fb,12000,16,1,180000,0.920712669584247,1,0.3313315700165495,0.3034330082516182,0,1,172800,0.0,-0.6576284540805688,-289.76442466987345,-11.707166968039209,0.4794566772769193,0.0071031687793356975,0.0008821993560559349,0.08333333333333333,0.0,600.0,4.652368601565651,14.71280783938739,0,0,0
S2_p000_t001_s68113513,2026-10-03T01:28:15Z,S2,0,1,0,0,3ce19260a57f72b76f02bf431dedb44b8f5201a51433af36a4200756fd588358,12000,16,1,180000,0.9206337359706517,1,0.3356753241950359,0.30742776009651607,0,1,172800,0.0,-0.6639879544147097,-289.7644451539115,-11.662353005148923,0.5300433382102593,0.0026534798718236413,0.00032955689312075265,0.08333333333333333,0.0,600.0,8.403448951549258,14.744412095518463,0,0,0
S2_p000_t002_s492170927,2026-10-03T01:28:30Z,S2,0,1,0,0,dba34d99e6d4d47a044a55da0a698b32c6004415daeafd934baf0d2b1dd2624a,12000,16,1,180000,0.9207793797341197,1,0.3355211025325769,0.30742776009651607,0,1,172800,0.0,-0.6576506652046743,-289.7644249234236,-11.675640328382219,0.4660565673333318,0.0048269340999531,0.0005994955613459751,0.08333333333333333,0.0,600.0,7.449849357905928,14.859523497954093,0,0,0
S2_p001_t000_s2106742562,2026-10-03T01:28:45Z,S2,1,1,0,0,9915495f8b63bb76697cbc654eeff50f51e926c49403193d696087422f924aae,12000,16,1,180000,0.9198095501856582,1,0.3236525127843426,0.30578272388914524,0,1,172800,0.0,-0.7861192343134142,-289.76456951335,-11.745222009449261,0.381514606740202,0.012066569542970177,0.00149864380409781,0.08333333333333333,0.0,600.0,9.62735670683553,12.056119922176663,0,0,0
S2_p001_t001_s1155555599,2026-10-03T01:29:00Z,S2,1,1,0,0,26c6ddac9e2e22d4b4263d95b0068bff3008fc1541fb83221f7cb82101c048c6,12000,16,1,180000,0.9199058972808131,1,0.3243817558430867,0.30634906820550983,0,1,172800,0.0,-0.7830857713058935,-289.7645972704237,-11.757727751151963,0.3301686295405223,0.01518227239794328,0.0018856078672797594,0.08333333333333333,0.0,600.0,5.007629825517426,11.584358347898856,0,0,0
S2_p001_t002_s1218472882,2026-10-03T01:29:15Z,S2,1,1,0,0,d8003430fba24601c35f8bf905381d8d829513c212c6f26071dcf368f2161297,12000,16,1,180000,0.9201003818879598,1,0.3251362223878524,0.30634906820550983,0,1,172800,0.0,-0.7757399523150299,-289.76457387480576,-11.796974518094444,0.3414260034112076,0.012248283915904488,0.0015212123657875054,0.08333333333333333,0.0,600.0,6.475412687228664,11.595520640168306,0,0,0
S2_p002_t000_s1410889249,2026-10-03T01:29:30Z,S2,2,1,0,0,5a3934a51fa85564b58b137606571611263b8a695db14998e2d1e00099ca7992,12000,16,1,180000,0.9177869411430123,1,0.3139442824206822,0.3033898382135205,0,1,172800,0.0,-0.8936917890336858,-289.76475243675304,-11.756573696264237,0.3162018937173383,0.01495222286105312,0.0018570361748970754,0.08333333333333333,0.0,600.0,11.418244178179972,8.894274743203935,0,0,0
S2_p002_t001_s1295536992,2026-10-03T01:29:45Z,S2,2,1,0,0,731524c5239300e76477fe459b0c64e15b7ee570525416979271865999006ac7,12000,16,1,180000,0.9177718225806862,1,0.3135795661049775,0.3043322498678894,0,1,172800,0.0,-0.8938222258316343,-289.76474607871023,-11.746348218911454,0.25082359672233784,0.018495071753953516,0.002297050921697519,0.08333333333333333,0.0,600.0,10.49275526017712,8.78562693238425,0,0,0
S2_p002_t002_s1338324977,2026-10-03T01:30:00Z,S2,2,1,0,0,345066c34e4e68d2752b37115d6f36fc8287ad976e64720517545f61a78c6db2,12000,16,1,180000,0.6062343665193916,1,0.2719921413481506,0.3043322498678894,0,1,172800,0.0,-4.430119323194367,-289.7683531105546,1.4898631346293891,55.477552307219405,1007.8863165065609,125.17746473748184,6.666666666666667,0.0,600.0,8.999120396996828,21.021864694461815,0,0,0
S2_p003_t000_s1727962604,2026-10-03T01:30:15Z,S2,3,1,0,0,181b0f9d57d782dc35c012f63df39d2a34cdfc8179e2ab77c577f072fd157996,12000,16,1,180000,0.9682920436121532,1,0.3143301016912947,0.3051709554492243,0,1,172800,0.0,-0.8757260771025215,-279.3333302853201,-12.487679391627012,0.19691348098122827,0.0005831022969509337,7.242013907671208e-05,0.08333333333333333,0.0,600.0,4.569260667280252,7.053300009585351,0,0,0
S2_p003_t001_s505940398,2026-10-03T01:30:30Z,S2,3,1,0,0,4f1d54ef880d94c0e06a03214610a1cfa19d60856e2410f383fc22cf54111c20,12000,16,1,180000,0.9686261466913978,1,0.3156027163043715,0.30689079226417026,0,1,172800,0.0,-0.8697826016744686,-279.33333340768513,-12.504621573282492,0.18731659108878956,-0.00017775734454578956,-2.2077106677897973e-05,0.08333333333333333,0.0,600.0,12.381872165076327,7.387233161225751,0,0,0
S2_p003_t002_s1702346768,2026-10-03T01:30:45Z,S2,3,1,0,0,825ab924599cc558767433278c5fb654b8d22bb16940ee757e713e70157ee122,12000,16,1,180000,0.9682330198959502,1,0.31589615820901884,0.30689079226417026,0,1,172800,0.0,-0.8798813592059128,-279.3333346272205,-12.443399194940794,0.20247707214500626,0.0002372656587484673,2.9467920285242144e-05,0.08333333333333333,0.0,600.0,11.625189780582657,7.412018481111593,0,0,0
S2_p004_t000_s1635038415,2026-10-03T01:31:00Z,S2,4,1,0,0,85d46956c8725b34fa18caf9d82fd92530e463bde6fb7490625e24c19e7d4c0f,12000,16,1,180000,0.968144420573773,1,0.320028540265442,0.3040231133054214,0,1,172800,0.0,-0.8089552951844403,-279.3333338597737,-12.4462012548335,0.3014683825595662,7.199573108716444e-05,8.94172580956365e-06,0.08333333333333333,0.0,600.0,4.661932647022723,10.185925725621063,0,0,0
S2_p004_t001_s1183238402,2026-10-03T01:31:15Z,S2,4,1,0,0,26ea23a307ec548498d3a209760923b02dea066daaf9ba36786d271913708bf9,12000,16,1,180000,0.9684764124391408,1,0.3222522700348068,0.3069543546700123,0,1,172800,0.0,-0.8114729405640548,-279.333332663981,-12.446771115996748,0.30572388877234424,-0.00023814121527736013,-2.957666265501757e-05,0.08333333333333333,0.0,600.0,11.803145889592436,10.395124022703648,0,0,0
S2_p004_t002_s333126784,2026-10-03T01:31:30Z,S2,4,1,0,0,b1b66d4ad288531f8b2396856793cd945269183770c87d6f231caf8aa0599a2c,12000,16,1,180000,0.9678320272378569,1,0.32243542468235853,0.3069543546700123,0,1,172800,0.0,-0.8150810386612122,-279.33333349271317,-12.402659132063455,0.3124041512532415,-0.0001749402711543736,-2.1727231796830893e-05,0.08333333333333333,0.0,600.0,12.06805260466847,10.213307873645768,0,0,0
S2_p005_t000_s356586922,2026-10-03T01:31:45Z,S2,5,1,0,0,5c82470c513a291e6b1ed3d22252615321d4ac90e2beec84861895737991e926,12000,16,1,180000,0.9677549067028164,1,0.3253362149579747,0.3024432576008823,0,1,172800,0.0,-0.6902605995808846,-279.3333331307228,-12.381597125748232,0.38714865608163707,-0.00015045614770252129,-1.868635263235774e-05,0.08333333333333333,0.0,600.0,9.326094183528774,16.539725612434196,0,0,0
S2_p005_t001_s1328624968,2026-10-03T01:32:00Z,S2,5,1,0,0,217ccac5e54d9463e336c1c8eff4bdaae1a0440bb41845759fd58fa84aaf7b43,12000,16,1,180000,0.9678768225763676,1,0.3256071560728188,0.3024432576008823,0,1,172800,0.0,-0.6856491513892171,-279.33333134454307,-12.398199766548643,0.4008822941904245,0.0002094536720821901,2.6013727165263845e-05,0.08333333333333333,0.0,600.0,10.94510470466912,16.548523005172918,0,0,0
S2_p005_t002_s843406380,2026-10-03T01:32:15Z,S2,5,1,0,0,3a6207cbe9363c0a8b9cc42014417c3a024712eb655295d8ea29ec73cec916c0,12000,16,1,180000,0.967921677608324,1,0.32537857680471727,0.30237624104345756,0,1,172800,0.0,-0.6791015133044236,-279.33333447076257,-12.431829658184313,0.4280611535385603,0.00022021236580285625,2.734993540798314e-05,0.08333333333333333,0.0,600.0,12.771121687176255,16.46669108482336,0,0,0
S2_p006_t000_s1939969654,2026-10-03T01:32:30Z,S2,6,1,0,0,474d39980985c5715139db1a88f74faf1a1c6a23ecc15b5180868d1ce9098d95,12000,16,1,180000,0.9674798424183096,1,0.33202834275994725,0.3007940954549315,0,1,172800,0.0,-0.5806581355236567,-279.33333607303575,-12.331930106891452,0.48558927941919966,0.0001607572051718368,1.9965723367931787e-05,0.08333333333333333,0.0,600.0,5.992830638135289,20.128878958067244,0,0,0
S2_p006_t001_s441937503,2026-10-03T01:32:45Z,S2,6,1,0,0,bd6e87ba4eb9393e9fbfcbb244fc19e6e54348a9cd17fb84255c1b4cda9fce46,12000,16,1,180000,0.967698536008942,1,0.3319734304280712,0.30158918785722183,0,1,172800,0.0,-0.5779516749479693,-279.33333213313324,-12.352165207787959,0.44236728536843695,-0.00026903603220893247,-3.341373712828499e-05,0.08333333333333333,0.0,600.0,5.804346720150588,20.22949016178634,0,0,0
S2_p006_t002_s781512667,2026-10-03T01:33:15Z,S2,6,1,0,0,0c47af701a4b895214bf00a1836b24f005dc630816cea40a6bc5b277ebc5a971,12000,16,1,180000,0.9681320920263862,1,0.33169124109324255,0.30158918785722183,0,1,172800,0.0,-0.5776167442723186,-300.66666394650986,-12.339348748338619,0.47498610162195004,9.624775756623666e-05,1.1953778994211461e-05,0.08333333333333333,0.0,600.0,9.132325545987909,20.320487474255483,0,0,0
S2_p007_t000_s1531496940,2026-10-03T01:33:30Z,S2,7,1,0,0,77118a6b6e05174eeebca41bff6008586375899809a374f07e8d2fe4d170374a,12000,16,1,180000,0.8173750481183508,1,0.32397324581913395,0.30472990527153115,0,1,172800,0.0,-1.5042899411310136,-290.5675841736629,-4.983840312296477,16.585048193461613,-0.059049833817540656,-0.007333871260470914,3.9166666666666665,0.0,600.0,16.758907170205806,28.817266558777035,0,0,0
S2_p007_t001_s326924126,2026-10-03T01:33:45Z,S2,7,1,0,0,b83985dd4e5d1a049b56c2e4bd9bdd659716d96685835a0d8e71bb625d70afe4,12000,16,1,180000,0.9070268499643381,1,0.33715099598131043,0.30472990527153115,0,1,172800,0.0,-0.5908363302857327,-290.5676301330756,-11.75053635825793,0.5020412878237647,-0.051883490855772076,-0.0064438257973051805,0.08333333333333333,0.0,600.0,11.99286362887024,18.627199054359462,0,0,0
S2_p007_t002_s199391290,2026-10-03T01:34:00Z,S2,7,1,0,0,afbc4fd891d2630e3a6f38513521625ed976ec34319b5e549c6230c78349921f,12000,16,1,180000,0.9070925405870103,1,0.3358068016212522,0.30419482446468915,0,1,172800,0.0,-0.5922531222266161,-290.56762495094455,-11.745438428307335,0.5209811586530285,-0.05288299274454948,-0.006567961932887556,0.08333333333333333,0.0,600.0,6.3454621867170555,18.416490454799252,0,0,0
S2_p008_t000_s2105928740,2026-10-03T01:34:15Z,S2,8,1,0,0,fb9427c2d17085ad3f324d8a8c3175f94c17de786fe490faeec8cbeb5e26d08e,12000,16,1,180000,0.9039823157594085,1,0.3345213584529608,0.30489149280800537,0,1,172800,0.0,-0.6694147797921962,-290.56758352972304,-11.77004546216626,0.45492232451929354,-0.052891901198213284,-0.006569068345015694,0.08333333333333333,0.0,600.0,5.127530440306155,17.691784278647116,0,0,0
S2_p008_t001_s2122849215,2026-10-03T01:34:30Z,S2,8,1,0,0,96b70062a1f9f24db6f38027edb374c39a39d63fa2461bf385a2eea865f29054,12000,16,1,180000,0.9038191246834798,1,0.33208403514113777,0.3048914928080054,0,1,172800,0.0,-0.6734966382013845,-290.5675957815226,-11.751927074236457,0.5026877740635965,-0.05484311540391523,-0.006811405246935465,0.08333333333333333,0.0,600.0,5.739375809959063,17.691669790516872,0,0,0
S2_p008_t002_s1792617518,2026-10-03T01:34:45Z,S2,8,1,0,0,08e01c7565fa6a5fe3f766b301f875a44f7a622e8a32c75e0313ef5e602cff51,12000,16,1,180000,0.904173466021972,1,0.3306920180227035,0.3047006888356329,0,1,172800,0.0,-0.6650171685102164,-290.5676048696229,-11.80770336440775,0.42471350700074173,-0.05301412051879217,-0.00658424774019295,0.08333333333333333,0.0,600.0,8.822408478084277,17.587260204778385,0,0,0
S2_p009_t000_s1083440476,2026-10-03T01:35:00Z,S2,9,1,0,0,3f08564636a78fb452a9bb2ecd57ea25d7a9acd83ff34de65e961e8c7a845bf5,12000,16,1,180000,0.9006845060575741,1,0.3191070119667768,0.3026875971946869,0,1,172800,0.0,-0.8013320190202173,-290.56769212079297,-11.807876032328117,0.33637158176862403,-0.04103430205345538,-0.0050963782464350516,0.08333333333333333,0.0,600.0,7.353463882073237,15.263538367574531,0,0,0
S2_p009_t001_s406326303,2026-10-03T01:35:15Z,S2,9,1,0,0,376c4cfcf1f356e416497e063d560c9c590394f4f03109509ba710b23258e391,12000,16,1,180000,0.9004890557665746,1,0.3212494321291126,0.30294233744614524,0,1,172800,0.0,-0.8001328398592978,-290.56768555835333,-11.791159010538848,0.38829523854873754,-0.04954965507472937,-0.006153968060971238,0.08333333333333333,0.0,600.0,8.544311327130531,15.239077648406191,0,0,0
S2_p009_t002_s2144757372,2026-10-03T01:35:30Z,S2,9,1,0,0,9304345cdf40bdd25ef6fe1579996b8b1a876787a56533f31d7eafa880098fbd,12000,16,1,180000,0.9003816486916865,1,0.3212995653608032,0.30294233744614524,0,1,172800,0.0,-0.8033606194152294,-290.56770037521835,-11.77863006760602,0.2930829096873214,-0.04640230153977637,-0.005763073046637146,0.08333333333333333,0.0,600.0,11.32264335955215,15.43352250808071,0,0,0
S3_p000_t000_s1030001410,2026-10-03T01:36:00Z,S3,0,1,0,0,b868be6787ca4cd42420182363b44388bb864e07e37af9496e97e04a6d03c5b8,12000,16,1,180000,0.968260354519012,1,0.31895935765846695,0.3045154003390014,0,1,172800,0.0,-0.7505846027962613,-287.2500019296167,-12.415716933009316,0.307324476578877,0.00016965441445880857,2.1070738966955105e-05,0.08333333333333333,0.0,600.0,8.813445984402057,13.335720032487572,0,0,0
S3_p000_t001_s59102629,2026-10-03T01:36:15Z,S3,0,1,0,0,f3b601b1360eb6c79fa7b6ff5de7b6fbc72f18645d0e544906feb3b56a64f0d8,12000,16,1,180000,0.9685385491700989,1,0.32132505821596075,0.306005539118961,0,1,172800,0.0,-0.7449841202043989,-287.2500028241624,-12.462702422237133,0.2930989681237414,-9.256597658391948e-05,-1.149650915976963e-05,0.08333333333333333,0.0,600.0,6.7966106165233215,13.502342111954258,0,0,0
S3_p000_t002_s917633151,2026-10-03T01:36:30Z,S3,0,1,0,0,56a9ab9d33d4b969405ec79f9222ff6558996751cf0f066e8eadfe802cb07585,12000,16,1,180000,0.9682872281671614,1,0.32579388467384257,0.3124925690856233,0,1,172800,0.0,-0.7483727595781348,-287.2499985113718,-12.45360725072006,0.35411324715689785,-3.97891226721967e-05,-4.941729457641486e-06,0.08333333333333333,0.0,600.0,4.602605299931052,13.457815988631225,0,0,0
S3_p001_t000_s1727488921,2026-10-03T01:36:45Z,S3,1,1,0,0,0e585f9b2f7c0b55212f74f111e950c3eca9aa5321ecdd1724428af438b6e883,12000,16,1,180000,0.820843964171829,1,0.2976387830919007,0.31249256908562334,0,1,172800,0.0,-2.184037002169913,-287.24901742668345,-3.2739885950473493,57.32055317654911,971.9998479873136,120.72043712032837,3.833333333333333,0.0,600.0,16.136108407921753,29.822014951755417,0,0,0
S3_p001_t001_s1935099702,2026-10-03T01:37:00Z,S3,1,1,0,0,c1b269a237e5345bba034c04d96985e0f2ddc69cb071fcb5079a346f3f70a2dd,12000,16,1,180000,0.9141128285198652,1,0.32138546551601305,0.3036466965444167,0,1,172800,0.0,-0.7730183213151174,-277.1819941659978,-11.885468461666244,0.32172979399571416,0.030787766674448738,0.0038237790454331844,0.08333333333333333,0.0,600.0,4.903084087315283,13.289538840328543,0,0,0
S3_p001_t002_s1247340308,2026-10-03T01:37:15Z,S3,1,1,0,0,3c155db997b90e99580bdc8a98133c9e8a8e1552b7543364949cae10a1ef592c,12000,16,1,180000,0.9136468152885804,1,0.3277654973630234,0.31098793742537856,0,1,172800,0.0,-0.7846474758300623,-277.18197529839927,-11.844345646436775,0.3622439152993498,0.03275237221531691,0.00406777912439793,0.08333333333333333,0.0,600.0,6.490510743103839,13.169649047670095,0,0,0
S3_p002_t000_s2123842217,2026-10-03T01:37:30Z,S3,2,1,0,0,9f2ce19753648d8aa6a4fe56c4bcef867dc50eef19a80ab5ea31b83d5a3aea74,12000,16,1,180000,0.9138161430334122,1,0.32571566457275347,0.3109879374253786,0,1,172800,0.0,-0.7868108568603903,-277.18198387847343,-11.836936610848472,0.4194391639585066,0.023379033005372356,0.002903629141201236,0.08333333333333333,0.0,600.0,5.385615031895829,13.27903244496265,0,0,0
S3_p002_t001_s741456992,2026-10-03T01:37:45Z,S3,2,1,0,0,6034183940f57f64a40c7aeb597b09c1f3890884633f8a0160c6072256adb37b,12000,16,1,180000,0.9143070265338806,1,0.32498746007693263,0.3089446546828953,0,1,172800,0.0,-0.7722238313735008,-277.1819896641209,-11.902404448507886,0.35670058059207194,0.02336966989223296,0.002902466261275549,0.08333333333333333,0.0,600.0,7.017489686762352,13.322884214549806,0,0,0
S3_p002_t002_s859851708,2026-10-03T01:38:00Z,S3,2,1,0,0,552223881508d33871279b4b5c022e0a03e531b0da19ea2fce84b0042a2a6e1f,12000,16,1,180000,0.914187148886298,1,0.32620940626206824,0.30962191609163897,0,1,172800,0.0,-0.7802813177294876,-277.18199144069393,-11.856424176048217,0.3544688096118104,0.02364365405439346,0.002936494546247559,0.08333333333333333,0.0,600.0,7.340467478162324,13.23376293314688,0,0,0
S3_p003_t000_s1497291008,2026-10-03T01:38:15Z,S3,3,1,0,0,fedcbf0a13bc4a1814acc109689e7430d1353cf4449c945e7f34abc1607a312c,12000,16,1,180000,0.913852996701283,1,0.3238273780268074,0.30962191609163897,0,1,172800,0.0,-0.7839289729149411,-277.18198210462896,-11.827236878017809,0.4251184998797338,0.011184986617588813,0.0013891529679312953,0.08333333333333333,0.0,600.0,6.912118826999916,13.30955757375494,0,0,0
S3_p003_t001_s2122590732,2026-10-03T01:38:30Z,S3,3,1,0,0,fafa299981f1ea5413cb13dbcd0b0837f44fce23dbece51f497562b02b0a1232,12000,16,1,180000,0.9141707154107229,1,0.3237888107622059,0.3081507351143619,0,1,172800,0.0,-0.7823621703710498,-277.18196931625124,-11.868975295954565,0.3388240925528604,0.008839603919698152,0.0010978611276186712,0.08333333333333333,0.0,600.0,13.1844212376989,13.421736578295572,0,0,0
S3_p003_t002_s1592902622,2026-10-03T01:38:45Z,S3,3,1,0,0,05039ef76ff3accad044ea6100a647b9299f553221798fe3fe889efba20c56d2,12000,16,1,180000,0.9141986868249126,1,0.3250069296941771,0.30907468233478935,0,1,172800,0.0,-0.7784371119524157,-277.181985706003,-11.885021283226688,0.35092017261664166,0.009817009147061299,0.001219252902046719,0.08333333333333333,0.0,600.0,4.884739136353505,13.359126733088825,0,0,0
S3_p004_t000_s1269981715,2026-10-03T01:39:00Z,S3,4,1,0,0,d110516a5408867312fcf857bcbd1026d4a1de8bcae3ae8c0f65994393e5ace4,12000,16,1,180000,0.9137488795117311,1,0.3237554573540819,0.30907468233478935,0,1,172800,0.0,-0.7810629771310594,-277.1819774779621,-11.842087385297198,0.2980149231472559,-0.0003516509110414898,-4.367433984953095e-05,0.08333333333333333,0.0,600.0,7.25107365789122,13.15959361436154,0,0,0
S3_p004_t001_s1736958637,2026-10-03T01:39:15Z,S3,4,1,0,0,e951a910a3d95821f5e5daf73c712e54045d0176d86cffeba9fef6563cc87fcc,12000,16,1,180000,0.9145800522178377,1,0.3223273210836631,0.30587392297740335,0,1,172800,0.0,-0.7685830710351839,-277.18200031070535,-11.923564262631972,0.3492754301670159,-0.010000822187185027,-0.0012420821140040061,0.08333333333333333,0.0,600.0,9.094219975782718,13.07411511473624,0,0,0
S3_p004_t002_s204596110,2026-10-03T01:39:30Z,S3,4,1,0,0,74e590bfebb7014172fdc0456274505f3cb11fa10408ddd9eb447dbae89a1047,12000,16,1,180000,0.9137308024969217,1,0.3259418223289551,0.3098034291956534,0,1,172800,0.0,-0.7876021502863129,-277.18199316000874,-11.817897573591063,0.41091346508219195,-0.0006929016302916521,-8.60569966789626e-05,0.08333333333333333,0.0,600.0,8.392474716265351,13.224535040484096,0,0,0
S3_p005_t000_s1505505932,2026-10-03T01:39:45Z,S3,5,1,0,0,5ff30ca221b2cbed8ea87fc598daafb028de39e032ccb89545c89004dae8dfd2,12000,16,1,180000,0.9142012545806621,1,0.3283043681411648,0.3098034291956534,0,1,172800,0.0,-0.7755687101010584,-277.1819846666519,-11.895404953756888,0.33963187063579714,-0.015625770901335517,-0.0019406894944040687,0.08333333333333333,0.0,600.0,4.530167465331569,13.240721936537593,0,0,0
S3_p005_t001_s574426862,2026-10-03T01:40:00Z,S3,5,1,0,0,ae61b9426cfd2ab89d273fb229eb80854f5cbff8f3bb07e7649eabb8c6c58331,12000,16,1,180000,0.9141706365378788,1,0.3272539464729712,0.30714933256120186,0,1,172800,0.0,-0.7836426421432812,-277.181981292395,-11.857287898746316,0.35281635964617647,-0.012105318408833787,-0.0015034563357403385,0.08333333333333333,0.0,600.0,5.979763737236161,13.285781659795227,0,0,0
S3_p005_t002_s2081296688,2026-10-03T01:40:15Z,S3,5,1,0,0,d929ac1545fa14e02de279cb1f6bdce5c3c9e483b8efe8e1b5351cf18cfe730f,12000,16,1,180000,0.4064139065774083,1,0.12838626505231576,0.3081398667041193,0,1,172800,0.0,-7.375986820079107,-277.1900238193497,5.858797908540147,22.484992030015807,993.2940214239902,123.36513087281674,7.166666666666667,0.0,600.0,6.278766772167483,20.97984995903062,0,0,0
S3_p006_t000_s1872296474,2026-10-03T01:40:30Z,S3,6,1,0,0,3966ea8aa5049947ddaf46d04123ad319d17abd84e1b88b2e2c0216258d70129,12000,16,1,180000,0.914179157665256,1,0.3234349170402813,0.30846932747155437,0,1,172800,0.0,-0.7779081036752142,-266.9013418203207,-11.884243156892719,0.4127502788442521,0.03029347187627048,0.003762388620089041,0.08333333333333333,0.0,600.0,11.081806730567957,13.507604241357779,0,0,0
S3_p006_t001_s1187247710,2026-10-03T01:40:45Z,S3,6,1,0,0,352bb907916b68ee987f0e4e24b5e1ef2569ddb365b97629525e6ddae750fb8a,12000,16,1,180000,0.9142391375739006,1,0.3257498674983881,0.30846932747155437,0,1,172800,0.0,-0.7740776005928242,-266.90134127671024,-11.910025082536258,0.34956281824278623,0.032166678933473754,0.003995037190179573,0.08333333333333333,0.0,600.0,10.281007521856635,13.14423350215243,0,0,0
S3_p006_t002_s1223745501,2026-10-03T01:41:15Z,S3,6,1,0,0,7554c30b0005474f59d3ff6a7745b696be938ac0d26d97496fd5d9afde60487c,12000,16,1,180000,0.7652034486631377,1,0.31728936581234596,0.3102179815871073,0,1,172800,0.0,-0.7362780137502736,-290.874997738576,-12.535894154088588,0.34115153533864606,-0.0007370420375441059,-9.153914697890286e-05,0.08333333333333333,0.0,600.0,5.869431091966832,13.57481696410986,0,0,0
S3_p007_t000_s626911129,2026-10-03T01:41:30Z,S3,7,1,0,0,f17fe46a3492516db8d8be6c06cd7924748be5a34d4f01a544c3213de9249735,12000,16,1,180000,0.76530002120519,1,0.31568499577061565,0.31021798158710734,0,1,172800,0.0,-0.7468539264978773,-290.87499171489435,-12.476271232406365,0.30490007480736586,0.0007566403639233545,9.397321991855279e-05,0.08333333333333333,0.0,600.0,5.373753253593544,12.959852208001264,0,0,0
S3_p007_t001_s1969339727,2026-10-03T01:41:45Z,S3,7,1,0,0,7fc579a5cead1f1924a5ec32f817ef49e7326b50f98a19dedfd2472f76a12d3b,12000,16,1,180000,0.7644716312983787,1,0.31619864863803454,0.30784199682578184,0,1,172800,0.0,-0.7486915563331907,-290.8750037095621,-12.471400726189938,0.3673471192386051,0.0011410802366496806,0.00014171988323141704,0.08333333333333333,0.0,600.0,4.906754378914163,13.686619760919774,0,0,0
S3_p007_t002_s115451501,2026-10-03T01:42:00Z,S3,7,1,0,0,8beac46d3b4d7a4fdfea232950492e5e7f067851037735a5c73625b4a554ad61,12000,16,1,180000,0.7641556453841925,1,0.3168501027390092,0.3072873981760882,0,1,172800,0.0,-0.7474607364648246,-290.8749939010565,-12.475935382161856,0.3552988464039513,0.0002067821275093407,2.5681926672405098e-05,0.08333333333333333,0.0,600.0,12.112225198900672,13.353710625250725,0,0,0
S3_p008_t000_s1467476825,2026-10-03T01:42:15Z,S3,8,1,1,0,6b29a87f1c8a6bc37074e24d9e8987009b74e8e952ab8dbf7d5c6319aaaa2190,12000,16,1,180000,0.7625361132040652,1,0.3110880851938209,0.3072873981760882,0,1,172800,0.0,-0.7498357584301175,-340.8749963570942,-12.438050806722384,0.2880524931758721,-0.0009070836305715882,-0.0001126579727497301,0.08333333333333333,0.0,600.0,7.352850389354132,13.295362127512485,0,0,0
S3_p008_t001_s154111274,2026-10-03T01:42:45Z,S3,8,1,1,1,e8ee8f90e76ddb561153e55fe57f1e62dbc7b0829a3e2385186bb701262b7b96,12000,16,1,180000,0.760829495583085,1,0.3100226180200033,0.3061175376827872,0,1,172800,0.0,-0.7475580010883515,-289.5416657298374,-12.4548022595031,0.3376371914160863,-0.0004976063458787814,-6.180171294545289e-05,0.08333333333333333,0.0,600.0,11.147920462039629,13.388504288844993,0,0,0
S3_p008_t002_s1142253482,2026-10-03T01:43:15Z,S3,8,1,1,1,926d727078362e3023a6a268d72e374398ca9eaa635da33f3bdfdd6a4d71afe9,12000,16,1,180000,0.7598875668318683,1,0.3116460796898932,0.30521026727056877,0,1,172800,0.0,-0.7508727822944044,-291.5416660985138,-12.44364448257961,0.31604107230565626,0.0004900744477939437,6.0866266267112223e-05,0.08333333333333333,0.0,600.0,5.512091563968472,13.237020304345897,0,0,0
S3_p009_t000_s395916349,2026-10-03T01:43:45Z,S3,9,1,1,1,53d47a54bf2be67a043a568976515727ebddfd1158fe19a6b37244c2283041ac,12000,16,1,180000,0.8855764624450727,1,0.3123354724308879,0.30497503258529995,0,1,172800,0.0,-0.994099945491601,-285.98464116529976,-9.22445964892143,34.874467019257736,0.05328020887294612,0.006617295381602162,4.083333333333333,0.0,600.0,17.994864473684924,19.054926257490013,0,0,0
S3_p009_t001_s1232141577,2026-10-03T01:44:15Z,S3,9,1,1,1,2a5f9732f455b89ce267a053ee46479d9c598f0aa457270d6279a0767cceaba3,12000,16,1,180000,0.906752094706767,1,0.31144321339156433,0.30413342599477605,0,1,172800,0.0,-0.7934975908056059,-286.65137848322047,-11.783671594300891,0.37049903462344574,0.054746839526253234,0.006799447975481598,0.08333333333333333,0.0,600.0,5.607071656962266,13.412904658325315,0,0,0
S3_p009_t002_s1753739609,2026-10-03T01:44:45Z,S3,9,1,1,1,9e98096771b2aedf908612e79fcd6453529d2fd03e32ad73b4ed3499bcc1f5ae,12000,16,1,180000,0.9071102980522877,1,0.37231479752335583,0.3666786886862039,0,1,172800,0.0,-0.7901896076348232,-287.98471618473314,-11.780600848300347,0.34915915916663476,0.05460749621705045,0.006782141815165232,0.08333333333333333,0.0,600.0,12.968209148203629,13.438830473951963,0,0,0
S4_p000_t000_s1380025803,2026-10-03T01:45:30Z,S4,0,1,0,1,c1cbaaf159930775034b877201386be9a848f5db55b6551ce4ed60bc07c54b17,12000,16,1,180000,0.94969534952971,1,0.3650517511663783,0.3666786886862039,0,1,172800,0.0,-0.06734070098311402,-291.31669447403567,-22.850218579254538,0.02599547944092676,-0.03965820922214751,-0.004925470268972276,0.08333333333333333,0.0,600.0,40.253919056372204,11.698971632608348,0,0,0
S4_p000_t001_s1028796488,2026-10-03T01:45:45Z,S4,0,1,0,0,b4a5b2b383dbfff4a8794aa008a4e55d948bad13c29e7847e58e798895dc1ed6,12000,16,1,180000,0.949866999395572,1,0.3503272543147316,0.3544964581009171,0,1,172800,0.0,-0.06573977775481334,-291.316683213007,-22.89270975756283,0.04091099765319729,-0.042955357569946444,-0.0053349694994722086,0.08333333333333333,0.0,600.0,34.373140451573185,11.760449664964323,0,0,0
S4_p000_t002_s1457782904,2026-10-03T01:46:00Z,S4,0,1,0,0,7848f4e53378fedb05a38927fb6903b62423d0e4a691041605d576aa98b43ae3,12000,16,1,180000,0.9497679993694808,1,0.3476731268345849,0.3544964581009172,0,1,172800,0.0,-0.06502809770561709,-291.31668237456626,-22.785267719528864,0.028869541100642045,-0.04558110501154143,-0.005661082080223423,0.08333333333333333,0.0,600.0,59.34620881739181,11.654237145593624,0,0,0
S4_p001_t000_s1710814298,2026-10-03T01:46:15Z,S4,1,5,0,0,d4e82cd66fe7dc13e391191056a7055829c0c185da15c8a441843a124da2c78f,12000,16,1,180000,0.9455109688143717,1,0.5215322167002506,0.528638013864102,0,1,172800,0.0,-0.02361938777975225,-331.3162103151687,-22.976343627470378,0.02292433439222752,-0.046371662751190756,-0.005759267770372389,0.08333333333333333,0.0,600.0,48.97800435315981,15.966542160792073,0,1,0
S4_p001_t001_s1662193313,2026-10-03T01:46:30Z,S4,1,5,0,0,05827de7d0d4796c80b71f8ef8808c360d75dca83e3668f54af7978aa3c302a6,12000,16,1,180000,0.9458710120379555,1,0.5198319887007639,0.528638013864102,0,1,172800,0.0,-0.024343484258237628,-331.31620490962877,-22.993221142275484,0.019860913739092163,-0.04765433919270583,-0.005918573619055678,0.08333333333333333,0.0,600.0,58.55376578491339,16.09975645554956,0,1,0
S4_p001_t002_s196226190,2026-10-03T01:46:45Z,S4,1,5,0,0,f49b08c21682be9350732ed66d147e1bda5dac32a63148653549a5ca7387598b,12000,16,1,180000,0.9456627019747221,1,0.5225599579770052,0.5280675375406659,0,1,172800,0.0,-0.02511971326281311,-331.31620425684014,-23.10159799193846,0.016049073944972105,-0.04569331503162906,-0.005675018340298266,0.08333333333333333,0.0,600.0,24.306149846357922,15.971314095604876,0,1,0
S4_p002_t000_s139150452,2026-10-03T01:47:00Z,S4,2,10,0,0,714b30606bc3b5c70292ce311d36542bfef2457b4be080e5507405d034b917cd,12000,16,1,180000,0.9319647782223957,1,0.7465850865349567,0.7797841592258578,0,1,172800,0.0,-0.10401443047179657,-331.3153722680939,-13.536549381442791,45.64845468999793,-0.023289803122989228,-0.0028925469682690164,4.083333333333333,0.0,600.0,51.31859883870084,28.298071779270934,0,1,0
S4_p002_t001_s1124369827,2026-10-03T01:47:15Z,S4,2,10,0,0,a327f13ddd6d2b2a1318fab312126fd11d25028a7342637aafe4b4155d53ff1c,12000,16,1,180000,0.8138466048160946,1,0.6827919209664366,0.7812619387918875,0,1,172800,0.0,0.07789065798474068,-320.9583325944592,-29.045974094594428,0.09925644204569942,-0.000302222164616266,-3.7535388401011005e-05,0.08333333333333333,0.0,600.0,27.679402469393857,14.753735470286584,0,1,0
S4_p002_t002_s820497043,2026-10-03T01:47:30Z,S4,2,10,0,0,ddeb601941cfa98f881567b66d868428b19e7260d9828cf89fc5cda4920b4cb6,12000,16,1,180000,0.8136810209504897,1,0.6827177002937137,0.7812619387918875,0,1,172800,0.0,0.07901895271650936,-320.9583330736562,-29.053175467831096,0.10107145955795664,-0.00036290783940177876,-4.507242783802212e-05,0.08333333333333333,0.0,600.0,27.882831273831258,15.13499036488669,0,1,0
S4_p003_t000_s11459573,2026-10-03T01:47:45Z,S4,3,20,0,0,c344f30554b352809e052c37e1d25ae3fb38b22c2e52cd28505978209d776250,12000,16,1,180000,0.8398133804283967,1,0.6958429020996508,0.8138162646274643,0,1,172800,0.0,-0.117087925178848,-320.95833300444366,-30.252599152560165,0.1092002499113681,0.00022698407298088626,2.819096789608011e-05,0.08333333333333333,0.0,600.0,35.16223271900074,10.122772298471283,0,1,0
S4_p003_t001_s1313953807,2026-10-03T01:48:00Z,S4,3,20,0,0,3ff989be672754678645f833fafa081863dfdedf567e0c5df11e571a62a67273,12000,16,1,180000,0.8399738507349658,1,0.695867869150559,0.8138162646274643,0,1,172800,0.0,-0.11795035317032312,-320.95833247953607,-30.10775712530331,0.10021022662995879,-0.00013888728033710523,-1.7249522443307796e-05,0.08333333333333333,0.0,600.0,86.6802235059306,9.67566600980555,0,1,0
S4_p003_t002_s205499031,2026-10-03T01:48:15Z,S4,3,20,0,0,ad004bb8e5bf49fbbe659bc4f69689d3282b9d6cf131a29adfb2cbf70d979aff,12000,16,1,180000,0.8398103244130413,1,0.6952452489619877,0.8123339203276186,0,1,172800,0.0,-0.11795605147416276,-320.95833321080744,-30.115312584224114,0.1019105988749587,-5.854803856232736e-05,-7.2715492933639325e-06,0.08333333333333333,0.0,600.0,77.35819096290709,10.322298444656896,0,1,0
S4_p004_t000_s984663940,2026-10-03T01:48:30Z,S4,4,30,0,0,a43f5851ea2bea3c6f06f39d8bb5540e312decfeb2375f733aa58c6b62a7572f,12000,16,1,180000,0.8590881528004735,1,0.7582605985927838,0.8676097313431396,0,1,172800,0.0,-0.06313954680710372,-320.9583321816208,-28.02161131925516,0.04430893074661304,-6.485774501580863e-05,-8.0552022154734e-06,0.08333333333333333,0.0,600.0,60.45999849123019,18.964792438791477,0,1,0
S4_p004_t001_s484615558,2026-10-03T01:48:45Z,S4,4,30,0,0,c0a5fb4cf63fc0ab2b5d2306d2c163b6f4482da513d65ec906543c9b731f12fd,12000,16,1,180000,0.8596018505154169,1,0.7587236852909948,0.8682260144608435,0,1,172800,0.0,-0.0632890284685483,-280.95833415175423,-27.988750450433322,0.059872708135121834,-2.3700440548367684e-05,-2.9435473152261693e-06,0.08333333333333333,0.0,600.0,59.73186519011333,18.937100539389593,0,1,0
S4_p004_t002_s330630277,2026-10-03T01:49:00Z,S4,4,30,0,0,35af6eb3fec7209f9840ac3cd72698b393f527c194fa738541da1fe9ae347888,12000,16,1,180000,0.8594380847933605,1,0.7585709674779909,0.8682260144608435,0,1,172800,0.0,-0.06342540956477173,-320.95833316658053,-27.90755656730679,0.05232044144719736,6.219689193770626e-05,7.724729584879242e-06,0.08333333333333333,0.0,600.0,73.26428346154806,18.814488335547516,0,1,0
S5_p000_t000_s1561858501,2026-10-03T01:49:30Z,S5,0,1,0,0,f598dc92a8958d2fb6451e9e94da76e52fe24bc64341ee7725a8c52230f2904c,12000,16,1,180000,0.6914100653640299,1,0.011920858327467143,0.011612053422064868,0,1,172800,0.0,-1.043715225688027,-320.9583373664148,-10.785500082714076,0.07435159353365578,0.001590392511259443,0.0001975235691134003,0.08333333333333333,0.0,600.0,8.513942192529894,4.78934620861815,0,0,0
S5_p000_t001_s960283802,2026-10-03T01:49:45Z,S5,0,1,0,0,b807ce29a753555092d7a4ee3906689d09bdadab495dd1dd46d86bc7a4e23526,12000,16,1,180000,0.6911443731646721,1,0.012740945020568537,0.01140580408767393,0,1,172800,0.0,-1.0419352067422722,-320.9583352211709,-10.805266526908056,0.11694128825108537,0.0025734620193101354,0.0003196188358742802,0.08333333333333333,0.0,600.0,10.448992328929924,4.695435933406913,0,0,0
S5_p000_t002_s892021093,2026-10-03T01:50:00Z,S5,0,1,0,0,1250531451faa61c37ee823a04fdc68aaa143ea111ba763be0e18de3b4e4742b,12000,16,1,180000,0.6910199638272315,1,0.011579773248012105,0.010657549785587497,0,1,172800,0.0,-1.0473271570900902,-320.9583405124789,-10.797122346607225,0.09509167811900658,-0.001325529904025004,-0.00016462816302009742,0.08333333333333333,0.0,600.0,6.224396305479104,4.632729267774741,0,0,0
S5_p000_t003_s1972790602,2026-10-03T01:50:15Z,S5,0,1,0,0,dc8eb96751f6fb60a61c0edfa721f300f036997f40c20bfc700c0913bd8dc7ec,12000,16,1,180000,0.6917986891814424,1,0.011823825338575941,0.01270485432429288,0,1,172800,0.0,-1.054967127352915,-320.95833897591,-10.755249725445504,0.11453654424030431,-0.0015027464200413102,-0.00018663809987629065,0.08333333333333333,0.0,600.0,4.4072410174683085,4.651090784724535,0,0,0
S5_p000_t004_s522357441,2026-10-03T01:50:30Z,S5,0,1,0,0,bd2ee92f77368b7ec6f19133166ccd11e5d94049f75b8556f095e05380513ef7,12000,16,1,180000,0.42938562589437057,1,0.011430005815890282,0.012704854324292879,0,1,172800,0.0,-5.19554691884079,-320.9584509255831,2.5748410833046624,57.668158272708716,970.22526250093,120.5000371520905,7.166666666666667,0.0,600.0,8.464398509231003,9.427182910155027,0,0,0
S5_p000_t005_s434100809,2026-10-03T01:50:45Z,S5,0,1,0,0,fe1b8eea42b5657c5095da5b61bbfb648c2299aeef22503f710119bc35aa7d7e,12000,16,1,180000,0.9554681871292513,1,0.011612205946008468,0.011252553894009865,0,1,172800,0.0,-1.0417981640537493,-310.916664726749,-10.775026477338965,0.07713893947883985,-1.3845979995929444e-05,-1.719643023534445e-06,0.08333333333333333,0.0,600.0,6.804994529811519,4.591456809135896,0,0,0
S5_p000_t006_s1987541040,2026-10-03T01:51:00Z,S5,0,1,0,0,7c81c1a12ecb3db20888efea141766c0a3a177058307579b2ccd4e52be48a93a,12000,16,1,180000,0.9531390536096426,1,0.01153515481040616,0.011252553894009865,0,1,172800,0.0,-1.060331913496405,-270.91666788094216,-10.711633333620691,0.11244127217863385,-0.00015686335180056533,-1.948211456692661e-05,0.08333333333333333,0.0,600.0,4.855672001895668,4.756080518196283,0,0,0
S5_p000_t007_s1550731733,2026-10-03T01:51:15Z,S5,0,1,0,0,9a443154a5dfc2aa9df1297070f1a06cc21526cb98345491baabb501808a6481,12000,16,1,180000,0.9552612927917745,1,0.012264196990320657,0.01264019616052306,0,1,172800,0.0,-1.0455301536245434,-310.916667816074,-10.770900133198033,0.09155920075813674,0.00023726918840632214,2.94683586616884e-05,0.08333333333333333,0.0,600.0,14.089235801034542,4.9107081588867825,0,0,0
S5_p000_t008_s978267978,2026-10-03T01:51:30Z,S5,0,1,0,0,aaee93242d9c73250b6e5f4f3d45a312c2f26eb82e3cab0401e2eda6a4e57027,12000,16,1,180000,0.9553076363837437,1,0.01211987666459594,0.012640196160523061,0,1,172800,0.0,-1.0561862578180727,-310.91666433600767,-10.738927548835655,0.08538233414209365,-8.751535108014254e-05,-1.0869231573451543e-05,0.08333333333333333,0.0,600.0,9.208288329515502,4.539263150165523,0,0,0
S5_p000_t009_s1361001477,2026-10-03T01:51:45Z,S5,0,1,0,0,50d4435c6c409d4b4e474bd974dd89f5cf610ac8073bd25ced5bb77820c797c8,12000,16,1,180000,0.9548646584475237,1,0.012591515554815412,0.011420613674509299,0,1,172800,0.0,-1.0546164472814505,-310.91666654331067,-10.719961380606073,0.07215244134526347,-0.0002082581066665187,-2.586524033176829e-05,0.08333333333333333,0.0,600.0,11.292006160002423,5.103844933687673,0,0,0
S5_p000_t010_s1672796167,2026-10-03T01:52:00Z,S5,0,1,0,0,a35cd8c916b0c4e607500d0c6ed73a7a06821691a8664f12402ea0ca2ddb2fb8,12000,16,1,180000,0.9546677551084968,1,0.012687355496719383,0.0114206136745093,0,1,172800,0.0,-1.0628123352552703,-310.91666589930173,-10.70546131963142,0.08172721461554475,0.000429292659399832,5.331728971214034e-05,0.08333333333333333,0.0,600.0,9.65099253149437,5.130220142853509,0,0,0
S5_p000_t011_s363339928,2026-10-03T01:52:15Z,S5,0,1,0,0,f3cc178f9deef3d6c54f26a3fdfd0b6ff2da8e8840705ad9b4b749ea8f80be43,12000,16,1,180000,0.954572337550955,1,0.011527915288188226,0.011843584048481388,0,1,172800,0.0,-1.0604039375193897,-310.9166673060002,-10.697112153218056,0.08834692032260692,-6.585999941892424e-05,-8.179680207831552e-06,0.08333333333333333,0.0,600.0,8.908980365491557,5.1419162910618,0,0,0
S5_p000_t012_s920581965,2026-10-03T01:52:30Z,S5,0,1,0,0,6aebdebba1d3e3746a18bbdb314da06125b1ce64a88068042a5ca2701f6259df,12000,16,1,180000,0.9550384993829565,1,0.011752524330296072,0.011843584048481388,0,1,172800,0.0,-1.0567503035505166,-310.9166694882054,-10.735022487871186,0.11401230676443422,0.00015257119631231826,1.8949037439597305e-05,0.08333333333333333,0.0,600.0,13.448340038602494,4.441486671101041,0,0,0
S5_p000_t013_s1985403058,2026-10-03T01:52:45Z,S5,0,1,0,0,a4a6b61b29e37f1a77e8b6843997c81f1b0a599eded177262c05488251628164,12000,16,1,180000,0.9551995289921541,1,0.012052231798116158,0.011125160529121431,0,1,172800,0.0,-1.0455899525111587,-310.9166670533614,-10.771919470369633,0.07440915295275675,0.00017015652293454175,2.113309983542422e-05,0.08333333333333333,0.0,600.0,6.7252644298413715,4.896000185543915,0,0,0
S5_p000_t014_s1613680917,2026-10-03T01:53:00Z,S5,0,1,0,0,87f459ecdd198cd0998ba4b2b02f0ba270b219a46aac4e09694f34a1d30d6372,12000,16,1,180000,0.9549848801548289,1,0.012168068309797268,0.011461729475122348,0,1,172800,0.0,-1.0467181772796643,-310.9166685739098,-10.775563901108145,0.09324476754109577,-0.0002796706533299421,-3.473453580227215e-05,0.08333333333333333,0.0,600.0,7.1454650686681624,5.048067365375313,0,0,0
S5_p000_t015_s1930000429,2026-10-03T01:53:15Z,S5,0,1,0,0,5f8cedd2cc2686178a7a776cc9d6356750fdcead5de87496b30cfab66a35230d,12000,16,1,180000,0.9552127630654073,1,0.01295078165063859,0.011797850443511636,0,1,172800,0.0,-1.0486544153350639,-310.9166673686893,-10.758365103745122,0.10543684248952914,8.387902725785412e-05,1.0417607427370967e-05,0.08333333333333333,0.0,600.0,9.440813974689993,4.928892976218177,0,0,0
S5_p000_t016_s216305983,2026-10-03T01:53:30Z,S5,0,1,0,0,412bdd3affdaccba4d4e681794cbcc388efabbb10afee8922fb877539b2c7b84,12000,16,1,180000,0.9553746063192678,1,0.01234285090331984,0.01194803245568392,0,1,172800,0.0,-1.0452252569920333,-310.9166682871425,-10.789628053472693,0.09936830507892824,-0.0005737461186372389,-7.125812044250779e-05,0.08333333333333333,0.0,600.0,5.05545857307743,5.011867345638401,0,0,0
S5_p000_t017_s312112809,2026-10-03T01:53:45Z,S5,0,1,0,0,4d40ffc3014d3efb0dd1f0b616b1aee4c7ca3419f8ca72e1256a36018adf5863,12000,16,1,180000,0.9548248332811172,1,0.012516071184746055,0.013242238465470636,0,1,172800,0.0,-1.0558266919182648,-310.91666440616183,-10.725794124796694,0.08460737248795266,5.2207019210532243e-05,6.4840073719096836e-06,0.08333333333333333,0.0,600.0,10.200540570114622,4.903638142944767,0,0,0
S5_p000_t018_s1052303369,2026-10-03T01:54:00Z,S5,0,1,0,0,bae342451deb1f95fa8f12616dc4a14dfe32cf24aacb4dfb1330c812dfd7948d,12000,16,1,180000,0.48333024730152413,1,0.012045208279082413,0.013242238465470636,0,1,172800,0.0,-6.3594979673924925,-291.6809423371409,4.28285497327003,73.43435731950102,1858.540638674863,230.8270302421406,5.666666666666667,0.0,600.0,7.675901971973264,6.396625519456004,0,0,0
S5_p000_t019_s217579570,2026-10-03T01:54:15Z,S5,0,1,0,0,8ed19a0cd66e799f1da6d0c106f92057fff81c27bb13c34f3488e59a316a8997,12000,16,1,180000,0.883722204783336,1,0.012920355603967013,0.011825340334323904,0,1,172800,0.0,-1.1123573948471277,-291.68105058258516,-10.013049127495673,0.07660225792559881,0.0012059024177995723,0.00014977066848587128,0.08333333333333333,0.0,600.0,8.53201852051786,3.7958211310470844,0,0,0
S5_p000_t020_s99964177,2026-10-03T01:54:45Z,S5,0,1,0,0,4b79a0c7c0addf6502ebb38f28a8a5b32a4fa34bfefac9cd23a52cc22b90e7bf,12000,16,1,180000,0.8843720606608257,1,0.01199735680197485,0.011430700011323071,0,1,172800,0.0,-1.119497841080463,-323.0143698840881,-9.991822348552486,0.11130889664986846,0.001165489724680669,0.00014475149282588973,0.08333333333333333,0.0,600.0,4.8158966744282194,4.013277967072154,0,0,0
S5_p000_t021_s490683040,2026-10-03T01:55:00Z,S5,0,1,0,0,cbd5afbd7f3fe06c125cffea481a4a17de97622c9808906b580bf40fe24d1bb9,12000,16,1,180000,0.8844856807472756,1,0.01090838205624469,0.01184653938728869,0,1,172800,0.0,-1.111853664148646,-323.01438449001944,-10.015142767449385,0.07891562284798344,0.0019325041850929326,0.00024001315478017204,0.08333333333333333,0.0,600.0,8.600149046401402,4.168780058740913,0,0,0
S5_p000_t022_s1940961689,2026-10-03T01:55:15Z,S5,0,1,0,0,abc4fc9d8df402a33de7bde2d0e87203164a507ea3bc608438d495ed1f9607f6,12000,16,1,180000,0.884416281296302,1,0.012877783696574165,0.01222168085676451,0,1,172800,0.0,-1.1186847393527786,-323.01436521575243,-9.972696396285288,0.12257392840940087,0.001732090563596711,0.0002151221838175843,0.08333333333333333,0.0,600.0,5.726622178488695,3.938623441240604,0,0,0
S5_p000_t023_s1454648504,2026-10-03T01:55:30Z,S5,0,1,0,0,65795fafbfec973c70c87059c72ce0d3052bcfa94d150a60fbd5e4ffeb68a2d2,12000,16,1,180000,0.8841783844730431,1,0.011433137985918381,0.012221680856764509,0,1,172800,0.0,-1.122127323413972,-323.01437283584045,-9.982235192405323,0.0941992648273235,0.0009905533127165225,0.00012302474033276667,0.08333333333333333,0.0,600.0,14.027594531158726,4.265864665956308,0,0,0
S5_p000_t024_s558398644,2026-10-03T01:55:45Z,S5,0,1,0,0,304e2f8ee937e48ec1a3d57f061008f57c890bb134ca948f8be35bfa0f940314,12000,16,1,180000,0.8845812794172532,1,0.012188615199096964,0.011320390480114302,0,1,172800,0.0,-1.123942376732026,-323.0143756435591,-9.960262524183838,0.13505583616921832,0.0023546215846486263,0.0002924392915701901,0.08333333333333333,0.0,600.0,7.404225141689816,3.887106026103291,0,0,0
S5_p000_t025_s1286326493,2026-10-03T01:56:00Z,S5,0,1,0,0,b10637ab5f811043a36aaa513cd8344ecf63a917dd6735e6b8f005aaa4da4beb,12000,16,1,180000,0.8845418620126543,1,0.012128376025495496,0.011438325274920134,0,1,172800,0.0,-1.1146559174760666,-323.01437804883733,-10.006525974545156,0.09340626845776258,0.003202691470524885,0.0003977678752562497,0.08333333333333333,0.0,600.0,7.546110022821108,4.081272693025953,0,0,0
S5_p000_t026_s905618129,2026-10-03T01:56:15Z,S5,0,1,0,0,4f171376e1cba1ec9831b1691a1ce67d297b499d9b27fde817e26a3a613b2a53,12000,16,1,180000,0.8845649035966102,1,0.012314556934386081,0.013039589560558134,0,1,172800,0.0,-1.1179688652577873,-323.0143799741042,-9.983909036030848,0.09797450730924692,0.001249924735295663,0.00015523815227425075,0.08333333333333333,0.0,600.0,5.689299361759826,3.976636007562874,0,0,0
S5_p000_t027_s649442228,2026-10-03T01:56:30Z,S5,0,1,0,0,122bfeb260125eecaac76c0da9e8cf4906229d3c180c493f119262bac426d5f6,12000,16,1,180000,0.8847881051126617,1,0.012157508581295018,0.01321816363286422,0,1,172800,0.0,-1.1128449757412782,-323.01440282199474,-9.98798078194442,0.07100371482625673,-0.0009595445947511867,-0.00011917351957890787,0.08333333333333333,0.0,600.0,8.552562619159806,4.089263379814315,0,0,0
S5_p000_t028_s1033628820,2026-10-03T01:56:45Z,S5,0,1,0,0,afe93171fdfd7612e6c280ff893c5e83515812ca852505d4463c06ccf260b629,12000,16,1,180000,0.8851026260031303,1,0.012834999316908305,0.01321816363286422,0,1,172800,0.0,-1.099224772695295,-323.0143887596193,-10.04222028044328,0.07692229228308838,0.0021996183991522663,0.00027318820593791315,0.08333333333333333,0.0,600.0,9.517927815264207,3.997251395058436,0,0,0
S5_p000_t029_s815515411,2026-10-03T01:57:00Z,S5,0,1,0,0,aba54a56d76a79bc0f7d18c7374c123ed88b9f6ba2d373b8f187941773f39947,12000,16,1,180000,0.8838876947972953,1,0.011184359464720402,0.010522630375740043,0,1,172800,0.0,-1.1246662921380026,-323.0143572277011,-9.963583445232233,0.08935158930343887,-0.0002836093999947386,-3.522372026054654e-05,0.08333333333333333,0.0,600.0,8.846012946796781,4.488822894757256,0,0,0
S5_p000_t030_s1593614182,2026-10-03T01:57:15Z,S5,0,1,0,0,855fb9d656fcdd35660c55af0aec13ae3118413aebadb819508beb1b406fbe90,12000,16,1,180000,0.884484778744067,1,0.012143406663904984,0.011381903972451344,0,1,172800,0.0,-1.1203405866494907,-323.01437710381776,-9.977562219966039,0.08499228114726796,-0.0015003130431598336,-0.00018633587933436502,0.08333333333333333,0.0,600.0,8.04922837372667,3.9807475292382675,0,0,0
S5_p000_t031_s1722507941,2026-10-03T01:57:30Z,S5,0,1,0,0,16cb03425b06052f47e65f05f45d5976e4b9a051448fcebb55ca74e5ea8f84c1,12000,16,1,180000,0.8843751706856672,1,0.012449278100484004,0.011381903972451344,0,1,172800,0.0,-1.1137799824339207,-323.0143766279938,-9.998386630818032,0.07549418727618595,-0.004307354996832063,-0.0005349648758965486,0.08333333333333333,0.0,600.0,8.011994426918262,3.703246477073774,0,0,0
S5_p000_t032_s1695726775,2026-10-03T01:57:45Z,S5,0,1,0,0,af784b792209ff3eafb34d756b296bb0d81f0d292f724656b6e375108643bb09,12000,16,1,180000,0.8840019509269961,1,0.01139325019692983,0.011266541992162515,0,1,172800,0.0,-1.125693330470198,-323.01436469989795,-9.963195692614061,0.07232005141878674,0.004739453261896754,0.0005886306162210531,0.08333333333333333,0.0,600.0,8.002315612275464,3.6510539701881823,0,0,0
S5_p000_t033_s51254525,2026-10-03T01:58:00Z,S5,0,1,0,0,5ac166f39820a35e891ff3aa491cfdb33c0213bded711a4194282d3dbf5004fe,12000,16,1,180000,0.8844194501193526,1,0.011623626488673728,0.011266541992162515,0,1,172800,0.0,-1.1172152359223357,-323.01438482793066,-9.975604097401014,0.10904849003456618,-0.002512898293471213,-0.0003120969422525377,0.08333333333333333,0.0,600.0,7.958476604532132,4.138411525054733,0,0,0
S5_p000_t034_s1745018624,2026-10-03T01:58:15Z,S5,0,1,0,0,97a31a63557325ea8100437b91626e20781739be7f052b3ca06d5d5167477a85,12000,16,1,180000,0.8838977761861709,1,0.011409894372613562,0.01173937934108169,0,1,172800,0.0,-1.12052457874295,-323.0143499355448,-9.993607307599149,0.10122360820928789,-0.00152698968828222,-0.00018964906530527514,0.08333333333333333,0.0,600.0,8.068966471205954,4.231527429356359,0,0,0
S5_p000_t035_s977203227,2026-10-03T01:58:30Z,S5,0,1,0,0,5ad211d55fa725ee2f1d0f69d814cf1111c30d818ca5c8e31e42c49b463e26e3,12000,16,1,180000,0.8847934879885392,1,0.011921475358546672,0.011906754434669618,0,1,172800,0.0,-1.1139561111303167,-323.0143792140025,-10.008670333281858,0.12380311421426185,0.0041840827873703195,0.000519654714025819,0.08333333333333333,0.0,600.0,8.141097592875598,4.113808248696903,0,0,0
S5_p000_t036_s2083372684,2026-10-03T01:58:45Z,S5,0,1,0,0,49e913e3f309b48cfb51a276e386995c9e571823c1ae213c89dc223b5d6ec1fb,12000,16,1,180000,0.8841042349123178,1,0.011101788010469304,0.011941561547457529,0,1,172800,0.0,-1.1274406397086527,-323.0143836857721,-9.946335380114702,0.10096132807701845,0.006428037050409487,0.0007983493455867574,0.08333333333333333,0.0,600.0,4.97897850986968,3.8393265942357173,0,0,0
S5_p000_t037_s1544718727,2026-10-03T01:59:00Z,S5,0,1,0,0,69134bd6e1c65691d56da666debb500dad1b96fce172d3f8fc9f10ae04271e66,12000,16,1,180000,0.8836439137865109,1,0.01168442569149109,0.011941561547457529,0,1,172800,0.0,-1.1284867356370702,-323.0143632786712,-9.942281323863899,0.09170311718423522,-0.00645461018575225,-0.000801649675850058,0.08333333333333333,0.0,600.0,11.28127851557262,3.751956963965384,0,0,0
S5_p000_t038_s894361021,2026-10-03T01:59:15Z,S5,0,1,0,0,8f4b6bc5219b93ad09729c00034608dee01dbb13bd6ecf5df306bc87cad901d8,12000,16,1,180000,0.8842196694639471,1,0.011307670551614555,0.01152536370534649,0,1,172800,0.0,-1.123552923731203,-323.01435711596184,-9.977392251756621,0.0720411293794511,0.0033395066989038423,0.00041476005299045937,0.08333333333333333,0.0,600.0,6.614443473494348,3.9380014738195572,0,0,0
S5_p000_t039_s819664372,2026-10-03T01:59:30Z,S5,0,1,0,0,4bf9173f39caae48f2a0d202025621f631752f2235ff9a67a2cf4471d3018dbd,12000,16,1,180000,0.8845775289477941,1,0.011593775614914403,0.011299748597758093,0,1,172800,0.0,-1.1109260977979576,-323.014400523068,-10.014905148956398,0.1054696070573751,0.0020109353062803884,0.0002497541431694117,0.08333333333333333,0.0,600.0,9.749895573025729,4.167729936606119,0,0,0
S5_p000_t040_s857399851,2026-10-03T02:00:00Z,S5,0,1,0,0,739e297915318ccd2a9ab76c56be32f341d4e674708d62e203ff06840e6f8924,12000,16,1,180000,0.8859747254955206,1,0.012561031685048102,0.011434955377139051,0,1,172800,0.0,-1.0957837310226357,-333.6810606175417,-10.072666090243615,0.1049612627761553,0.0009573809950385316,0.00011890480482179555,0.08333333333333333,0.0,600.0,4.751572906360158,4.5656618921171175,0,0,0
S5_p000_t041_s1795049623,2026-10-03T02:00:15Z,S5,0,1,0,0,6c6ad8ee1aa569835936a9179a33417a61c532dd4cd9702ea7d73e9eb244d5c8,12000,16,1,180000,0.8846857885172642,1,0.012002776454930947,0.011434955377139051,0,1,172800,0.0,-1.1180620187769839,-333.6810554944914,-9.967855617890853,0.1039071709600335,0.000525966542599682,6.532399265779532e-05,0.08333333333333333,0.0,600.0,6.925376538368712,4.308186531209728,0,0,0
S5_p000_t042_s190457367,2026-10-03T02:00:30Z,S5,0,1,0,0,a5b7dca82fa787eb5c6f48d533cbfa600b2a806752bcfe8e8f5ef424d6ee93f8,12000,16,1,180000,0.8849760217626623,1,0.0129191737678677,0.01107464873018137,0,1,172800,0.0,-1.1122420917768647,-333.6810290850717,-10.030713724898693,0.10468058579481918,-0.001024756623681968,-0.00012727272314805305,0.08333333333333333,0.0,600.0,5.3152365266980715,3.7872405179492037,0,0,0
S5_p000_t043_s1463994837,2026-10-03T02:00:45Z,S5,0,1,0,0,2dea4a94f1802ed7a3b52ed1bc7c5a5ec04fc1e644ff6ea84041289afe0d9279,12000,16,1,180000,0.5059064078716125,1,0.012190002144075385,0.011512522855102006,0,1,172800,0.0,-5.960246863009101,-333.68126371346017,3.727136072996107,65.1603031271634,971.6114900406635,120.67220384007032,5.0,0.0,600.0,8.193346234850807,7.55725710794545,0,0,0
S5_p000_t044_s1305633241,2026-10-03T02:01:00Z,S5,0,1,0,0,2d879411bdd5ad6cf1dabe5215ff5fcc779e6731280df54d3ba080b35954c3e9,12000,16,1,180000,0.6907919596362854,1,0.012970264845342583,0.011678784634285913,0,1,172800,0.0,-1.0483886941840674,-323.624990421465,-10.788853170775193,0.0781333724469232,0.0015439236795246317,0.00019175223314960022,0.08333333333333333,0.0,600.0,5.711668166657237,4.6615232654728604,0,0,0
S5_p000_t045_s641567673,2026-10-03T02:01:15Z,S5,0,1,0,0,4700df1d6df26bbbb69d20ea4eabdf3a651edc3f72c792f038742bae52b0d082,12000,16,1,180000,0.6910105324948846,1,0.012995396704655294,0.011678784634285915,0,1,172800,0.0,-1.046174112489309,-323.6249951754192,-10.76878831337037,0.11186669215000739,-0.0003904269816331706,-4.849025026487652e-05,0.08333333333333333,0.0,600.0,4.538819339883107,4.728662247759181,0,0,0
S5_p000_t046_s342352341,2026-10-03T02:01:30Z,S5,0,1,0,0,78247192f0cc3fe64a381e4b12133da34c1bfd9c9014e888c35e546db64aa63a,12000,16,1,180000,0.690008585960909,1,0.013301440084421627,0.011684347577656472,0,1,172800,0.0,-1.0675727576600325,-323.6249996321173,-10.682041725375441,0.13408558165344556,0.00045586302667066804,5.661727618644363e-05,0.08333333333333333,0.0,600.0,11.376916870711685,4.488569031398387,0,0,0
S5_p000_t047_s1976295519,2026-10-03T02:01:45Z,S5,0,1,0,0,4c44bd48f6ff842c69cd83bb385a82b6e7f949d8d5641f281644aac8db173c45,12000,16,1,180000,0.6908655261379281,1,0.012690377608041228,0.012438424080307056,0,1,172800,0.0,-1.0504521361340529,-323.62499528100125,-10.778587591391771,0.11680999392569247,0.0004244012785842526,5.2709789997607004e-05,0.08333333333333333,0.0,600.0,8.977190648574698,4.646965482733874,0,0,0
S5_p000_t048_s26274461,2026-10-03T02:02:00Z,S5,0,1,0,0,347d5b899e1f90e7186c0ace1f8fa68c3fa6814291809da50b691771db307e43,12000,16,1,180000,0.6906253549868359,1,0.013242322140279693,0.012438424080307056,0,1,172800,0.0,-1.063364708314603,-323.6250028815466,-10.709291676689789,0.10291490522107741,0.0018359197113486398,0.00022801755631007836,0.08333333333333333,0.0,600.0,6.979889764983446,4.982407489135753,0,0,0
S5_p000_t049_s1345419483,2026-10-03T02:02:15Z,S5,0,1,0,0,cd351b98e71e2b5366f8698655d23af2fc0360c2c0ca4b76976a96eb2c187ace,12000,16,1,180000,0.6921706770468571,1,0.01112948541215348,0.013085355031554318,0,1,172800,0.0,-1.0435789304118281,-323.6249915478426,-10.800147884217637,0.08671075897776036,0.0001036580911589184,1.2874127605755348e-05,0.08333333333333333,0.0,600.0,5.887312356984153,4.510628821630524,0,0,0
S5_p000_t050_s99021969,2026-10-03T02:02:30Z,S5,0,1,0,0,a22b63de6db92ba68bc0c67e322d1bb4f6aefb319396fb1ac0f213f447fa7803,12000,16,1,180000,0.6916892025055948,1,0.01125414522347057,0.013085355031554316,0,1,172800,0.0,-1.049705170845146,-323.6249997212538,-10.778644523596686,0.16524095687560084,0.0008630912089846102,0.00010719420197347063,0.08333333333333333,0.0,600.0,11.250427413714643,4.695409458505426,0,0,0
S5_p000_t051_s1479934108,2026-10-03T02:02:45Z,S5,0,1,0,0,d07ec02c561bbebfb9357b9e4ddf130766a8ea5a6a9074cbd8bbcbeb92756b43,12000,16,1,180000,0.69101359005628,1,0.012058988472238916,0.011074855641030328,0,1,172800,0.0,-1.055189755205743,-323.62499119641507,-10.750621685327433,0.09220507069513109,-0.0027326681009594888,-0.00033939191280296654,0.08333333333333333,0.0,600.0,5.017086504966142,4.737358253228891,0,0,0
S5_p000_t052_s394618325,2026-10-03T02:03:00Z,S5,0,1,0,0,45a3c79482c17f0344e08e52133057ccc5443588c6ea78bf25f6a13cfb96eaf0,12000,16,1,180000,0.6902046788167576,1,0.012019533895241012,0.01454022921144404,0,1,172800,0.0,-1.0621313067966631,-323.6249999969241,-10.720132055149499,0.11201089629888318,0.0007738782572424793,9.611413179300143e-05,0.08333333333333333,0.0,600.0,7.140411303587988,4.765016498154955,0,0,0
S5_p000_t053_s628411764,2026-10-03T02:03:15Z,S5,0,1,0,0,5c32735568248c00eab32045e96dca72c23ee09c20f3124378528253749799f0,12000,16,1,180000,0.6921813531588735,1,0.012036200066763184,0.014540229211444043,0,1,172800,0.0,-1.0490073860823639,-323.62500055195534,-10.788307056662635,0.0760022391803446,-0.0015645300747226326,-0.0001943115062204015,0.08333333333333333,0.0,600.0,6.96852220843679,4.8520089583498365,0,0,0
S5_p000_t054_s100976213,2026-10-03T02:03:30Z,S5,0,1,0,0,78a0e07aa11bcf33957f585566d69306bcffff698755a3e87ab30e8a3e6745da,12000,16,1,180000,0.6918228189660474,1,0.011836738976461647,0.012025786238237553,0,1,172800,0.0,-1.0520906785973756,-323.62500139347503,-10.734375776093474,0.09959073030716371,-0.00010414033249407036,-1.2934021015098551e-05,0.08333333333333333,0.0,600.0,14.253565723903277,5.553998871740655,0,0,0
S5_p000_t055_s419571874,2026-10-03T02:03:45Z,S5,0,1,0,0,43a2c732e5f6b1183a0ea6c37500f2eb3fdb4e49d5901e688365e625c1c584fb,12000,16,1,180000,0.6885462713023102,1,0.012351412946291593,0.010819566177967187,0,1,172800,0.0,-1.060679945710485,-323.624996191899,-10.732427362785103,0.06866818605013893,0.0007835973532193021,9.732122407513089e-05,0.08333333333333333,0.0,600.0,8.405357709790854,4.901198838984494,0,0,0
S5_p000_t056_s1428634269,2026-10-03T02:04:00Z,S5,0,1,0,0,d53191f6fe0e549a75f4741cde75516235a51160a1ba36d714a7a25e5607b5e7,12000,16,1,180000,0.6919112325464312,1,0.012039602098150979,0.011368428910441425,0,1,172800,0.0,-1.0471376498052307,-323.62500211995876,-10.784365623516784,0.10560910927871564,-0.0001616058572132635,-2.00711242541729e-05,0.08333333333333333,0.0,600.0,11.468620988744338,5.11953450652363,0,0,0
S5_p000_t057_s329242616,2026-10-03T02:04:15Z,S5,0,1,0,0,9b87b5f4040ad34f6a8aa5243ec13f86043bc7c3bcf07a7bffdd1eb7673e50af,12000,16,1,180000,0.5678594699504713,1,0.012492536058381108,0.01152206920284912,0,1,172800,0.0,-4.966340273717141,-313.43099167701746,2.224075699662142,54.25952626060593,984.9392107649189,122.32748009858142,9.166666666666666,0.0,600.0,8.621293698911803,9.44307746301097,0,0,0
S5_p000_t058_s2110013045,2026-10-03T02:04:30Z,S5,0,1,0,0,490a4f7bd4d170533334833b07d9406268bc3a197dfce139ccfb7b40da2e3a55,12000,16,1,180000,0.8836127274256103,1,0.01154321924103587,0.01152206920284912,0,1,172800,0.0,-1.1272901139883078,-313.43103128039485,-9.956035190674395,0.08279744714318046,-0.0014618594383018408,-0.00018156001851821202,0.08333333333333333,0.0,600.0,7.857893925602303,4.12750199203919,0,0,0
S5_p000_t059_s156085977,2026-10-03T02:04:45Z,S5,0,1,0,0,6e73143c8f41f0f3821f5611c51660a618d17601048d264231b31f6c9678d84b,12000,16,1,180000,0.8841457364864477,1,0.011218675068687602,0.011479244942781833,0,1,172800,0.0,-1.111453860902883,-313.4310506016427,-10.012433466356935,0.08684262195344894,0.0017697338520125925,0.00021979740495225997,0.08333333333333333,0.0,600.0,5.074274255047343,3.9575075412707514,0,0,0
S5_p001_t000_s1885087324,2026-10-03T02:05:15Z,S5,1,1,0,0,6d480d06e0b5ef6e0504e4f268e63d54250c5507c9d021c9dc8f43ca9dc7c582,12000,16,1,180000,0.8846180130207297,1,0.011688620164729917,0.011612135066804708,0,1,172800,0.0,-1.118442849010002,-334.097702412706,-10.002373083492174,0.07538895123213159,0.002328197588334642,0.00028915748407598585,0.08333333333333333,0.0,600.0,4.770375580669205,3.729945139182159,0,0,0
S5_p001_t001_s1655700015,2026-10-03T02:05:30Z,S5,1,1,0,0,780a54a97b4a714729a4f5f500d8a22f688f2374c9d7168550f3345e6b9421f0,12000,16,1,180000,0.8854585593993185,1,0.013928694979196183,0.011758077236549454,0,1,172800,0.0,-1.1063066325315858,-334.0977283516131,-10.037255082311095,0.08244508188641941,0.001526376754408198,0.0001895729401439894,0.08333333333333333,0.0,600.0,5.402585616444727,4.399101907995247,0,0,0
S5_p001_t002_s1021903553,2026-10-03T02:05:45Z,S5,1,1,0,0,8210ad50a8b6f09068c21b0474e21ef5e4af1ff7cc85ed07049dd2f3fee6ff2d,12000,16,1,180000,0.8841738621662063,1,0.01234718413367601,0.011758077236549456,0,1,172800,0.0,-1.1278281931261964,-334.09768555536175,-9.956488443261353,0.1012196574369133,-0.004472334511275095,-0.0005554550016313442,0.08333333333333333,0.0,600.0,7.1387046133553165,3.969945946786073,0,0,0
S5_p001_t003_s1644975509,2026-10-03T02:06:00Z,S5,1,1,0,0,969798a4f2f9fee7837fee5bd352bb500254725fbfdad348d90faf14b070eb04,12000,16,1,180000,0.8856546013607741,1,0.011872577694215743,0.011663593173974689,0,1,172800,0.0,-1.0999480886735427,-334.0977309841146,-10.054184903333326,0.11057361085683826,0.0013680942128626214,0.00016991456504911184,0.08333333333333333,0.0,600.0,5.161630130558982,3.693468854319856,0,0,0
S5_p001_t004_s1168327485,2026-10-03T02:06:15Z,S5,1,1,0,0,1b3098c37585717090021bcc4d28b999d20732e21582a63a6d8ab206c459c66b,12000,16,1,180000,0.8852055176620877,1,0.012030316397126291,0.01066601118346451,0,1,172800,0.0,-1.102483351545547,-334.0977281336891,-10.040316677510798,0.10148429882786145,0.007035841723763944,0.0008738374704080343,0.08333333333333333,0.0,600.0,7.712615112091625,4.268913120232984,0,0,0
S5_p001_t005_s821699653,2026-10-03T02:06:30Z,S5,1,1,0,0,7517fdbe70408875e1ab5164f3d3c771d97369bd08db139df8fb00587586c9fc,12000,16,1,180000,0.884623356960463,1,0.010744117432495136,0.012058580066831297,0,1,172800,0.0,-1.1202504216502642,-334.0977126768503,-9.98621611821211,0.09665239479907231,-0.0026168241186982446,-0.00032500432189408457,0.08333333333333333,0.0,600.0,11.326888678736145,4.238230461316196,0,0,0
S5_p001_t006_s1390326187,2026-10-03T02:06:45Z,S5,1,1,0,0,adfb5ce9851620c896fcb2e534589b75139d5f2284f2a3db5b5a9c7cc3922921,12000,16,1,180000,0.8856763111228384,1,0.013341518316609005,0.012058580066831297,0,1,172800,0.0,-1.102525517180569,-334.0977173402819,-10.056378133903712,0.07183987070454345,-0.002368837417133386,-0.0002942048695331323,0.08333333333333333,0.0,600.0,6.734006840719289,4.560367087716903,0,0,0
S5_p001_t007_s62755090,2026-10-03T02:07:00Z,S5,1,1,0,0,019250e06b8ee2691c841f58a757b884a27a360b8303a4e1422c9149a028c63b,12000,16,1,180000,0.8845837035342369,1,0.01192895878769511,0.011815804920647007,0,1,172800,0.0,-1.1208448125273314,-334.09770729152353,-9.986431002107611,0.0896916543354011,0.0039289204561527725,0.000487964062813262,0.08333333333333333,0.0,600.0,8.444738334309335,4.320059102806248,0,0,0
S5_p001_t008_s1060521833,2026-10-03T02:07:15Z,S5,1,1,0,0,991b8822d8657d0ec1229ad78419e6c1144d0deefd8166dce8d8723effc20b72,12000,16,1,180000,0.885338009756696,1,0.012298891804249028,0.01181528906755367,0,1,172800,0.0,-1.108100140344654,-334.0977235105456,-10.02540597612034,0.0876674916219284,-0.003331688913178646,-0.0004137890996389615,0.08333333333333333,0.0,600.0,7.360360391714485,3.9501699058797426,0,0,0
S5_p001_t009_s589950212,2026-10-03T02:07:30Z,S5,1,1,0,0,04bb7fa6d58b68660c6d2cfc211c12177a173bcbdf76c703aafa0cf491e92a06,12000,16,1,180000,0.885045784644194,1,0.011739145448248426,0.012572497355329351,0,1,172800,0.0,-1.111586935279267,-334.09771406932794,-10.008552139032682,0.1122011962227942,0.004305496924889158,0.0005347341070773837,0.08333333333333333,0.0,600.0,6.1681637408663645,4.216629984083894,0,0,0
S5_p001_t010_s1305069655,2026-10-03T02:07:45Z,S5,1,1,0,0,d7d3582a03fabb5cd2fbad1525fb041e3b039ca4818bffb5050a49266cd241cc,12000,16,1,180000,0.6345603468157712,1,0.011619288747169108,0.01257249735532935,0,1,172800,0.0,-1.8044809291746966,-323.87506103790713,-5.4060719723324455,38.71041774073093,0.020614704653348297,0.002560305088536552,9.25,0.0,600.0,16.66250761142855,17.543565474177754,0,0,0
S5_p001_t011_s28593644,2026-10-03T02:08:00Z,S5,1,1,0,0,7fe31ce6e0d995d5c85a25ef0239b4f2fe9b417db3fd758569db2507519a1d45,12000,16,1,180000,0.6902732964430225,1,0.010930825623478036,0.011370134432934819,0,1,172800,0.0,-1.0494615602610382,-323.8750088855668,-10.7850547410277,0.073045004398623,0.0013638400927330839,0.00016938621183726355,0.08333333333333333,0.0,600.0,9.139116489060283,4.94803649552172,0,0,0
S5_p001_t012_s1865301797,2026-10-03T02:08:15Z,S5,1,1,0,0,494650e528b597c5f3789114881f2d97efd964cf5e68d4c3d143eece111a8d8d,12000,16,1,180000,0.6904325361540037,1,0.011699344246928648,0.011697493707701075,0,1,172800,0.0,-1.0513770259480384,-323.8750043893997,-10.755320414126857,0.0670649491655188,0.0010487868089679815,0.00013025722410020535,0.08333333333333333,0.0,600.0,11.327531274747097,4.635098588220798,0,0,0
S5_p001_t013_s2060094721,2026-10-03T02:08:30Z,S5,1,1,0,0,b17749af1fb49808fa3c5b8cdf7c46b8732e5bf2e4b48ac99cc9f00d9efd18c2,12000,16,1,180000,0.6904632641705002,1,0.012096929385347286,0.011697493707701073,0,1,172800,0.0,-1.055744291020393,-323.87500128853935,-10.727076310121294,0.07416438965801662,0.0004566184869571973,5.6711102843109984e-05,0.08333333333333333,0.0,600.0,9.269093652985427,4.651257751120249,0,0,0
S5_p001_t014_s1948411728,2026-10-03T02:08:45Z,S5,1,1,0,0,06ce74855100f41a176e155a41cedada1092d89b153753f6dad1711b80f76d6e,12000,16,1,180000,0.6922307191912747,1,0.011778110323492635,0.010943740424339411,0,1,172800,0.0,-1.0500693313383662,-323.875000857542,-10.789531894066005,0.10362199295997367,0.000596471004227592,7.408050578305847e-05,0.08333333333333333,0.0,600.0,9.327763750615766,4.960018974492447,0,0,0
S5_p001_t015_s391197292,2026-10-03T02:09:00Z,S5,1,1,0,0,76fc3426c4f09d9534b411b10a67fff767e8d2b2cbd460077460c56035e7de8c,12000,16,1,180000,0.6910598959349339,1,0.011759648667535342,0.010943740424339411,0,1,172800,0.0,-1.0565522966629723,-323.8750052156247,-10.70310372186756,0.10931552242833817,-0.0023055966764842337,-0.00028635049602598883,0.08333333333333333,0.0,600.0,9.812899110256229,4.553778099073853,0,0,0
S5_p001_t016_s1222798800,2026-10-03T02:09:15Z,S5,1,1,0,0,5f799238859bd3d4ad8206bd64232ed6173a433b36f5c43b6d8ccbffa9baa8ad,12000,16,1,180000,0.692599048918982,1,0.011792616976956034,0.01155165604757784,0,1,172800,0.0,-1.0361680440192722,-323.87499664327817,-10.82176321434482,0.12272612261555049,0.00017091054426304506,2.122674777638167e-05,0.08333333333333333,0.0,600.0,6.961366508178154,4.864461884184184,0,0,0
S5_p001_t017_s1741812164,2026-10-03T02:09:30Z,S5,1,1,0,0,f51414b0045c8a93c7ade0c8030fa74362539e214b6a99aced01b1ad00f9ce8a,12000,16,1,180000,0.6908474732380624,1,0.01234384840013251,0.011551656047577838,0,1,172800,0.0,-1.0502664385311897,-323.8749888264847,-10.77051719706737,0.11424482657728878,0.0006039322762020958,7.500718083974789e-05,0.08333333333333333,0.0,600.0,7.914531524850036,4.578221579668558,0,0,0
S5_p001_t018_s761716013,2026-10-03T02:09:45Z,S5,1,1,0,0,f864bda524a5ac78ef40253f2a2be6fd54185920af8449d18f8a8a4f00ca31dd,12000,16,1,180000,0.6917541792660156,1,0.011545393715598233,0.011175487216593947,0,1,172800,0.0,-1.0531782537997234,-323.8750065132529,-10.766487130479401,0.09053585148785873,0.001094305386508032,0.00013591054039352457,0.08333333333333333,0.0,600.0,7.627427313588477,5.352286619128034,0,0,0
S5_p001_t019_s1418527271,2026-10-03T02:10:00Z,S5,1,1,0,0,9524d82d151d18df40d50419da361642f6707cc94a7ddfc230cd7bddc8c9823a,12000,16,1,180000,0.6926859700936021,1,0.01117113570193556,0.011217996666343173,0,1,172800,0.0,-1.034851800129846,-323.8750014858773,-10.838935712312892,0.07887168971014796,0.002047142975931762,0.000254251063324773,0.08333333333333333,0.0,600.0,8.557722987820483,5.035236998987163,0,0,0
S5_p001_t020_s783127692,2026-10-03T02:10:30Z,S5,1,1,0,0,47afed2927d5d288109571fe7c133416ccab8aea54f19969d497fd015f53a994,12000,16,1,180000,0.8844197038170329,1,0.012160435393326667,0.01130698512478443,0,1,172800,0.0,-1.112535325431367,-318.1810415423885,-10.022947122909544,0.10092104735733255,-0.0036031077903104923,-0.00044749878134098253,0.08333333333333333,0.0,600.0,6.33977882230473,4.55267312381974,0,0,0
S5_p001_t021_s1964437265,2026-10-03T02:10:45Z,S5,1,1,0,0,c95856b8c03f09e6903447bee6c648dbe25632e3d86eb60834bc70e92d276ca4,12000,16,1,180000,0.8846498316398548,1,0.012915953646746678,0.01130698512478443,0,1,172800,0.0,-1.1130644912035241,-318.18103844286026,-10.010167462576929,0.08116764920006539,0.0058269311147814105,0.0007236931905936217,0.08333333333333333,0.0,600.0,10.227479143389841,4.149636523754015,0,0,0
S5_p001_t022_s957459067,2026-10-03T02:11:00Z,S5,1,1,0,0,a9264c2536ab8fd7fa29102beff4caab4a24f2869974b7f7467d17f70f768235,12000,16,1,180000,0.7129159185254038,1,0.012315106092545616,0.011415151531325126,0,1,172800,0.0,-2.998740861397817,-318.18095165474244,-1.5896964565504046,39.810560115553166,1814.408780470727,225.34594171690333,4.333333333333333,0.0,600.0,14.290114049027972,14.204466208111713,0,0,0
S5_p001_t023_s8860321,2026-10-03T02:11:15Z,S5,1,1,0,0,c1d38082e1b6772a38b4f0320b8ea72c9d9ddfc8b33088a52d1f4614294c96f7,12000,16,1,180000,0.8834094661658602,1,0.01202322959964216,0.011415151531325125,0,1,172800,0.0,-1.1228136301214755,-299.40230393287493,-9.980213869205546,0.1300836171411028,-0.007173650393385791,-0.0008909530315577285,0.08333333333333333,0.0,600.0,6.905045233392592,4.049636110504855,0,0,0
S5_p001_t024_s1947352502,2026-10-03T02:11:30Z,S5,1,1,0,0,fcfae748cc82f639178c13d6d3f8f59c6571e3c971bff1430d94f41b34e69ed9,12000,16,1,180000,0.8831680864305722,1,0.011854141697811786,0.011692016999606968,0,1,172800,0.0,-1.1220857126962656,-299.40230853316035,-9.959653328932687,0.13751958145586854,0.002101628832325556,0.00026101809771716944,0.08333333333333333,0.0,600.0,11.355718779524807,4.005564051442017,0,0,0
S5_p001_t025_s530962326,2026-10-03T02:11:45Z,S5,1,1,0,0,c0ea0df90857b559239056e78ef8b592351bc4768496a7129123b2b72f8ea74b,12000,16,1,180000,0.8832624102201782,1,0.012854086999706783,0.011754246126400688,0,1,172800,0.0,-1.119134003074624,-299.40231861048477,-9.98625097339071,0.08451053332579023,0.00369725675253583,0.000459191894151445,0.08333333333333333,0.0,600.0,9.003420743049958,3.8253692369027426,0,0,0
S5_p001_t026_s1487894653,2026-10-03T02:12:00Z,S5,1,1,0,0,9586d96cf25ff319d985b7dfaf02be839de05ce4ffe6c7660354afa539215995,12000,16,1,180000,0.8840768062503871,1,0.012711777406972408,0.011754246126400688,0,1,172800,0.0,-1.1101605529918146,-299.4022810834176,-10.024537839358072,0.07753282976860035,-0.004484098637555534,-0.0005569160825871222,0.08333333333333333,0.0,600.0,5.244671159439666,3.872623786898145,0,0,0
S5_p001_t027_s336917293,2026-10-03T02:12:15Z,S5,1,1,0,0,59887a5144496d3d1ebb6cd4208e1a762e9a7273fdbca21c508dac8ddadf78bb,12000,16,1,180000,0.8843929726884814,1,0.011454631098345661,0.011497097383666202,0,1,172800,0.0,-1.103513766189479,-299.40227582111277,-10.051464293513233,0.1023545767604968,0.005462391833833597,0.0006784181409784651,0.08333333333333333,0.0,600.0,6.3024423300003765,4.182384964513256,0,0,0
S5_p001_t028_s362942692,2026-10-03T02:12:30Z,S5,1,1,0,0,94bd2b5e4dc7a1ae32ae645dd229bf2b8ec8d4720fe3fa4cf7382b41867ba6ad,12000,16,1,180000,0.8839310071120962,1,0.013286647893333734,0.013794725883134002,0,1,172800,0.0,-1.1247805063186849,-299.4022851294709,-9.964331730405245,0.10065607262453663,0.00452298670521616,0.0005617459028144367,0.08333333333333333,0.0,600.0,6.740810491839766,3.9244105467525996,0,0,0
S5_p001_t029_s125804357,2026-10-03T02:12:45Z,S5,1,1,0,0,0e7fa0e08e445e95808abf9badd4b8de6c1ac8ad1d6a3565aa8073d4025449d3,12000,16,1,180000,0.8834846072318041,1,0.012268999838673033,0.013794725883134002,0,1,172800,0.0,-1.1218740086517114,-299.4023091332189,-9.971044531762953,0.10629210375529775,-1.5038407531121992e-05,-1.867740138550289e-06,0.08333333333333333,0.0,600.0,7.056641757562107,4.37015024192369,0,0,0
S5_p001_t030_s1238284527,2026-10-03T02:13:00Z,S5,1,1,0,0,f9d8e4fa355c7ea0390dd23a8c5170adbdd383bd7d347f117c3828545d951de9,12000,16,1,180000,0.8841384909329909,1,0.012644281567277869,0.012303348513055432,0,1,172800,0.0,-1.1044074266760904,-299.4022637741976,-10.05003016801285,0.09086703258825794,-0.0007962151880323483,-9.888833392324159e-05,0.08333333333333333,0.0,600.0,8.130564468813459,4.978707641368695,0,0,0
S5_p001_t031_s185959128,2026-10-03T02:13:15Z,S5,1,1,0,0,2834e43eb834cc23d775c2ecd3d517d98533b30399dd7e9f56227a781890a9e3,12000,16,1,180000,0.8844054542650676,1,0.011811299886267349,0.01166365529434014,0,1,172800,0.0,-1.1075207712264186,-299.4022773058441,-10.024069705046589,0.10923613488516881,0.00038184931256471453,4.742492092191242e-05,0.08333333333333333,0.0,600.0,8.972172622516405,4.394415458051707,0,0,0
S5_p001_t032_s1290207230,2026-10-03T02:13:30Z,S5,1,1,0,0,f35f578b73426391e23f12963e4cae6281f9547327d0886772f9c83bb2851979,12000,16,1,180000,0.8840991939996804,1,0.011883483151852585,0.01182170195224339,0,1,172800,0.0,-1.110367087978489,-299.40228236438395,-10.015388885927347,0.0832498954069977,0.004449098773616728,0.0005525691694856505,0.08333333333333333,0.0,600.0,8.524129431082812,4.665087257372366,0,0,0
S5_p001_t033_s1071658190,2026-10-03T02:13:45Z,S5,1,1,0,0,a73d9261c82b3ec0784dca245623fa6a4aa7c2b076759fcc487c49b4007a011b,12000,16,1,180000,0.8836832476703639,1,0.011568731741372285,0.011821701952243394,0,1,172800,0.0,-1.1272557634963358,-299.4023195062691,-9.961801836955267,0.07626241700370127,0.007850590478804334,0.0009750276362865407,0.08333333333333333,0.0,600.0,8.974455050838122,4.235557933848283,0,0,0
S5_p001_t034_s264284341,2026-10-03T02:14:00Z,S5,1,1,0,0,d08c24af0936c5053acb2ef44e649eb6abb90b0118798d2e438fefac81a26d20,12000,16,1,180000,0.8842511002315392,1,0.011853915412230779,0.011609161800808964,0,1,172800,0.0,-1.1135578806406197,-299.40228599909886,-10.004948083194876,0.08880555730558087,-0.002390032624435753,-0.0002968372718896717,0.08333333333333333,0.0,600.0,6.006141606508252,4.295638616661869,0,0,0
S5_p001_t035_s1262033904,2026-10-03T02:14:15Z,S5,1,1,0,0,c7d6710fdd4af0e60169b7054a2825f6497a356c1dedf34b2e91e90b41e3dbca,12000,16,1,180000,0.8844112141281838,1,0.012067246647962292,0.011250382661086605,0,1,172800,0.0,-1.105604410657308,-299.4022788443484,-10.040550491435297,0.08418971411618,-0.004735150246486103,-0.000588096190313081,0.08333333333333333,0.0,600.0,8.76505650420824,4.282085016707654,0,0,0
S5_p001_t036_s1103695776,2026-10-03T02:14:30Z,S5,1,1,0,0,eb5f267bace90e8b2334bcac9c9cdc830e5028f4b7356fb554e276d3fe84a69f,12000,16,1,180000,0.810919016086527,1,0.012172299150079943,0.012791163267020645,0,1,172800,0.0,-1.8754783026289839,-299.4023456118915,-5.1303747720655535,30.251768705381945,-0.01618427768190834,-0.0020100549195376516,6.666666666666667,0.0,600.0,17.411675723913817,16.86549860041865,0,0,0
S5_p001_t037_s1633845900,2026-10-03T02:14:45Z,S5,1,1,0,0,d42f278885388be7973cdcc9b814163eada883880f625f808bebf5c94e5f7069,12000,16,1,180000,0.8831612530510528,1,0.012216475182807614,0.012791163267020641,0,1,172800,0.0,-1.1261698924022283,-288.0977026279064,-9.951705721306196,0.08138474282875399,-0.0036962014946813593,-0.00045906083323643543,0.08333333333333333,0.0,600.0,9.754727280849547,3.834874591984334,0,0,0
S5_p001_t038_s1316886713,2026-10-03T02:15:00Z,S5,1,1,0,0,5e0dd5c8296b3c89272c79e1ea5fc8f2649bcd397e792993cff610f6a0b0e4b4,12000,16,1,180000,0.8836089793827704,1,0.011767892392143054,0.01057359964982943,0,1,172800,0.0,-1.106247229052827,-288.09772769204756,-10.018695195576688,0.08247143275417876,-0.0017893109125694127,-0.00022222883671929594,0.08333333333333333,0.0,600.0,5.077539162106537,4.132176113565558,0,0,0
S5_p001_t039_s1570360091,2026-10-03T02:15:15Z,S5,1,1,0,0,e71e9a64ee7a502b9da92e10caf13d9f66b83d7ce519165062186165495d4f22,12000,16,1,180000,0.8843557547104755,1,0.012022023527064668,0.011196171779032286,0,1,172800,0.0,-1.1044059205197962,-288.09772557206577,-10.058406263605548,0.06471520113382723,0.010457832824988252,0.0012988419211978908,0.08333333333333333,0.0,600.0,5.2131639715527776,4.325202576361763,0,0,0
S5_p001_t040_s255641872,2026-10-03T02:15:45Z,S5,1,1,0,0,746ebbf47ec26027079bede5d9a4767dae70a65ed2b40e4e13bf6aecbc9b0c57,12000,16,1,180000,0.6904530206548329,1,0.012387098229567456,0.011607060582618213,0,1,172800,0.0,-1.0443516365224321,-324.4583365153612,-10.798620696228483,0.06795082275134684,0.001478384304119581,0.00018361237380304374,0.08333333333333333,0.0,600.0,8.033047061291077,5.0783129265124956,0,0,0
S5_p001_t041_s1560381157,2026-10-03T02:16:00Z,S5,1,1,0,0,7c5839d5d0a044566d93715644035b0a199a5405c0b1d4e13b8a8b1cb69a0e7b,12000,16,1,180000,0.6910405107828076,1,0.013199698229516346,0.01253363199207295,0,1,172800,0.0,-1.0427348340026112,-324.458331265953,-10.771985880813235,0.0844811990777761,9.19446030196951e-05,1.1419335805840092e-05,0.08333333333333333,0.0,600.0,16.53944108485511,5.0183924880004955,0,0,0
S5_p001_t042_s520177207,2026-10-03T02:16:15Z,S5,1,1,0,0,8aeca3b83a14292459247ad5416461f589eab8866259bc6587c8fa027c2b07b2,12000,16,1,180000,0.6913582900877515,1,0.013869202546057368,0.012533631992072952,0,1,172800,0.0,-1.0583164435861678,-324.4583360922922,-10.746647992592806,0.10230062867415185,0.0011000704931171024,0.0001366265551041579,0.08333333333333333,0.0,600.0,7.250874709206955,5.075160185687898,0,0,0
S5_p001_t043_s1065234686,2026-10-03T02:16:30Z,S5,1,1,0,0,bdd66121bdeff7dd5abe32fd1303d467ab6f675322f61e2fc4156d715da19be7,12000,16,1,180000,0.6914623048132805,1,0.011527591160205977,0.011682577969342321,0,1,172800,0.0,-1.0533688323475587,-324.45833090739626,-10.767336464079358,0.07949291557904707,-0.0006296352300551066,-7.819943630238413e-05,0.08333333333333333,0.0,600.0,6.557251905821408,4.771583115544258,0,0,0
S5_p001_t044_s1775278461,2026-10-03T02:16:45Z,S5,1,1,0,0,dc43dcfb4e6d10f7acddc4f208f65b5341c4dc4b2146b03ffb29d0bab35e420b,12000,16,1,180000,0.6911075951852569,1,0.011231092372654777,0.011823933187721984,0,1,172800,0.0,-1.0560948566381125,-324.45833213947054,-10.766392112733111,0.0923875859303829,0.0036033571474566417,0.00044752975099981995,0.08333333333333333,0.0,600.0,6.322380832434648,4.9333010660611984,0,0,0
S5_p001_t045_s1025061940,2026-10-03T02:17:00Z,S5,1,1,0,0,62ddf83feb4b4afca0484f0a989ffed0d8a006049dac62b23ede38cdc95aeb71,12000,16,1,180000,0.6921053181756066,1,0.011729535102772626,0.01213097723177856,0,1,172800,0.0,-1.0414275712396321,-324.4583299157457,-10.76574163466992,0.0703636985937423,-0.0007716328419647141,-9.583525570633356e-05,0.08333333333333333,0.0,600.0,10.160368105281549,5.476535923576269,0,0,0
S5_p001_t046_s1355283976,2026-10-03T02:17:15Z,S5,1,1,0,0,ed4bb9f3825d2dc814f5a7092ea64c2acc402d5ab6cdc847aaf9cefb003400cb,12000,16,1,180000,0.6910085467275737,1,0.011972995265430462,0.01213097723177856,0,1,172800,0.0,-1.051388725720165,-324.45833386735404,-10.739568591544149,0.07124972489195815,0.0019058156475133758,0.00023669849178986624,0.08333333333333333,0.0,600.0,5.536876988849509,5.323194067266682,0,0,0
S5_p001_t047_s8670849,2026-10-03T02:17:30Z,S5,1,1,0,0,a5cc5c1d88c72c1342e7849af4edc15dcae36780676c44b37eee4f7d77f0a714,12000,16,1,180000,0.6919531487892905,1,0.011603298423531212,0.01188729198616384,0,1,172800,0.0,-1.0447184709935766,-324.4583402991496,-10.801891194673717,0.06565656877998921,0.0008256594107838252,0.00010254524750052951,0.08333333333333333,0.0,600.0,8.896164276579523,5.005423663120693,0,0,0
S5_p001_t048_s683044550,2026-10-03T02:17:45Z,S5,1,1,0,0,b2eb03b356f107a2d5d009ad69357c3a13372784bcdee0136db2d4909202eef5,12000,16,1,180000,0.6914208359246163,1,0.011911559351325356,0.011887291986163843,0,1,172800,0.0,-1.0348766809433958,-324.45833073775185,-10.834643410849015,0.05349146461998064,-0.00016800237347803132,-2.0865558781224536e-05,0.08333333333333333,0.0,600.0,11.180969301674462,4.735462698228662,0,0,0
S5_p001_t049_s1419673414,2026-10-03T02:18:00Z,S5,1,1,0,0,474da587278e7dabc9f06e226a9bcd791a550f68850d77c7c8980dcd185826d7,12000,16,1,180000,0.6904156667318033,1,0.01197131645982768,0.012476187310916514,0,1,172800,0.0,-1.0481052796005446,-324.4583390461733,-10.788496382506587,0.1355808487131113,-0.0005271365509491432,-6.546930535478168e-05,0.08333333333333333,0.0,600.0,5.552614493799368,4.803173168958505,0,0,0
S5_p001_t050_s1860529943,2026-10-03T02:18:15Z,S5,1,1,0,0,e2fbb1133cae9a270cbe2dd1b5d490702242f32de004c3b89fb8dc0243ac79b2,12000,16,1,180000,0.691190330713184,1,0.011982649079929898,0.012476187310916514,0,1,172800,0.0,-1.0391409658819282,-324.4583411082658,-10.816935465376634,0.10401085476376319,0.0019553804578551384,0.00024285434210469248,0.08333333333333333,0.0,600.0,6.441408065076359,4.8178186033222055,0,0,0
S5_p001_t051_s978485698,2026-10-03T02:18:30Z,S5,1,1,0,0,8b0636e66c0b5ffc83e82c1c2fe90b42ec6b840351a2df45d98cf156f823d269,12000,16,1,180000,0.6926582429636526,1,0.011227895091442366,0.011215183543938707,0,1,172800,0.0,-1.046399963326777,-324.45834116485037,-10.804722161609881,0.06908066656170649,-0.001380302493858912,-0.00017143080913228914,0.08333333333333333,0.0,600.0,7.9278136056034185,4.8412449832217455,0,0,0
S5_p001_t052_s800179956,2026-10-03T02:18:45Z,S5,1,1,0,0,48913d8b3647081e58a24b515f29afa51db40b50e075d86e160b14cb11fd3668,12000,16,1,180000,0.691072113810433,1,0.011390750989366998,0.0112288047081808,0,1,172800,0.0,-1.0520582522940738,-324.4583274790857,-10.744835540740581,0.11942221698451715,0.0005680789966483481,7.055427522573154e-05,0.08333333333333333,0.0,600.0,11.039118045768195,4.9681411541667835,0,0,0
S5_p001_t053_s230175689,2026-10-03T02:19:00Z,S5,1,1,0,0,d3e9dd5c499853340acbaded37c57531b95fc69a1fd3b1d1750212359e6e5445,12000,16,1,180000,0.6915602385003472,1,0.011538507801525065,0.011278256551537354,0,1,172800,0.0,-1.0472761493896918,-324.45833312714905,-10.757147479225047,0.06849707617804288,0.0019431467662514696,0.00024133494207490003,0.08333333333333333,0.0,600.0,8.33255401046592,4.95307821937604,0,0,0
S5_p001_t054_s1158910655,2026-10-03T02:19:15Z,S5,1,1,0,0,6d5c22688acbbcda6bddba95a64e9464ccc60470b8d3aa738ddfeab8cdecf4ea,12000,16,1,180000,0.6901495566882375,1,0.011413306938213847,0.011760632094508684,0,1,172800,0.0,-1.065132342199492,-324.45833213045626,-10.691567819709034,0.11352858208123566,-0.0009562315128943964,-0.00011876204143845825,0.08333333333333333,0.0,600.0,8.532734212723417,4.823749172149801,0,0,0
S5_p001_t055_s55591962,2026-10-03T02:19:30Z,S5,1,1,0,0,957d82a6547922e56f25983a171d6cdcf31f9b169dba3e77905d5d6709fb6c2c,12000,16,1,180000,0.6919897328075844,1,0.011359863514732194,0.011988525367485186,0,1,172800,0.0,-1.050317226457535,-324.4583337172365,-10.756600484088352,0.10858751679901782,0.00035696497204665625,4.433433559825062e-05,0.08333333333333333,0.0,600.0,7.149722198363491,5.199481978732926,0,0,0
S5_p001_t056_s1696699799,2026-10-03T02:19:45Z,S5,1,1,0,0,7532df33e294d30a1030e4e0907382a329fa7ab622a23630d74b29d9fcfd2ce3,12000,16,1,180000,0.6913219423180533,1,0.01173302105925218,0.012946098866177964,0,1,172800,0.0,-1.0499388859812067,-324.45834152490653,-10.765938138934697,0.08750502210708488,-4.165892962902807e-05,-5.173955742066028e-06,0.08333333333333333,0.0,600.0,9.05831012652158,4.757655850221066,0,0,0
S5_p001_t057_s639385521,2026-10-03T02:20:00Z,S5,1,1,0,0,61415c180a9d2df30dd7552639473b365e71a673beb70b82c3a50e9be2b2746b,12000,16,1,180000,0.6910656569283753,1,0.01169956628559528,0.012946098866177966,0,1,172800,0.0,-1.0542323971079002,-324.458330785487,-10.742023532774551,0.09035242707112459,0.001595945062165413,0.00019821318483081996,0.08333333333333333,0.0,600.0,8.710873849952344,5.383134281240411,0,0,0
S5_p001_t058_s455409832,2026-10-03T02:20:15Z,S5,1,1,0,0,d666c53f16f776bfd445f83d15ab3303e7a8f344bc986fce0d6dc815ec6a68fc,12000,16,1,180000,0.6921303853688117,1,0.01280757894560354,0.011877803507190515,0,1,172800,0.0,-1.0571950856962713,-324.4583317443521,-10.747258702589221,0.14136979738191172,0.0010211760420911961,0.00012682802207564237,0.08333333333333333,0.0,600.0,5.321000290605286,4.425028551367538,0,0,0
S5_p001_t059_s1555299053,2026-10-03T02:20:30Z,S5,1,1,0,0,dc062d70583c80b66592bf466f3a3c36b194ee0981a55365015df92fe752cfc5,12000,16,1,180000,0.6907392596459221,1,0.011263002681629948,0.01113855425576945,0,1,172800,0.0,-1.0475744217931535,-324.45832952100983,-10.789039900523086,0.10759402626875267,-0.002592314775035496,-0.0003219603104298585,0.08333333333333333,0.0,600.0,8.865477615267553,4.846414511717988,0,0,0
S5_p002_t000_s1138448492,2026-10-03T02:21:00Z,S5,2,1,0,0,70cb6c9fbb28db6b0db2fe31858b466550e67e2f17d941c1ec67d957d470daa9,12000,16,1,180000,0.9235165838962607,-1,0.9235165838962607,0.9999999999995622,1,-1,171599,nan,-0.12631414552587042,nan,-93.7761128328556,7.02019330397258e-07,nan,nan,0.0,0.0,600.0,2.5792952155605624,4.0727562880723145,0,1,0
S5_p002_t001_s1850764392,2026-10-03T02:21:15Z,S5,2,1,0,0,9abe6800a74acd7611a9d31d6779fee1a11819b0864bd37ef0d55d03ccd7c4ab,12000,16,1,180000,0.9215922544824312,1,0.9215922544824312,0.9999999999995622,1,1,153827,nan,-0.12631415539739016,nan,-93.2251929474635,5.398650525843067e-07,nan,nan,0.0,0.0,600.0,2.4441752360454423,9.958254771616778,0,1,0
S5_p002_t002_s321598820,2026-10-03T02:21:30Z,S5,2,1,0,0,f62463bf58fb504142791339a6eb8a5d9994cdf8449fa33b2c9d3b34fadba5f6,12000,16,1,180000,0.9803996995524399,1,0.9803996995524399,0.9999999999995622,1,1,171601,nan,-0.12658058649571668,nan,-42.19823541696336,8.055993736034642e-07,nan,nan,0.0,0.0,600.0,0.9528020675788071,70.52351264467114,0,1,0
S5_p002_t003_s121880670,2026-10-03T02:21:45Z,S5,2,1,0,0,07ebf90bb57bac69c9ffe834a736abe120759fb14227a0e6fe9b5c5952f0a8e2,12000,16,1,180000,0.9803996997108648,1,0.9803996997108648,0.9999999999995622,1,1,171601,nan,-0.12658060389821546,nan,-42.198235671480845,6.685883905579017e-07,nan,nan,0.0,0.0,600.0,0.9533771718056082,70.52351183280825,0,1,0
S5_p002_t004_s476275882,2026-10-03T02:22:00Z,S5,2,1,0,0,7054c57758d95d9874d2acf9fc10cf10dab1fae93ddd7a63003a4efc664147b3,12000,16,1,180000,0.9803996997247153,1,0.9803996997247153,0.9999999999995622,1,1,171601,nan,-0.12658059669209934,nan,-42.1982353745151,7.954328934550341e-07,nan,nan,0.0,0.0,600.0,0.9528021583884699,70.52351473801721,0,1,0
S5_p002_t005_s1101140010,2026-10-03T02:22:15Z,S5,2,1,0,0,3229dc64f92e2c1e6835b4004092acfbcfa81c8fecf56bc72a707cefb4910293,12000,16,1,180000,0.9803997005530259,1,0.9803997005530259,0.9999999999995622,1,1,171601,nan,-0.12658060374278918,nan,-42.19823622737822,6.687405161204439e-07,nan,nan,0.0,0.0,600.0,0.9528021282444098,70.52351198814456,0,1,0
S5_p002_t006_s993856876,2026-10-03T02:22:30Z,S5,2,1,0,0,054424403138bc697782d81b45a734d6b3ded04283736832306d39ad12858749,12000,16,1,180000,0.9803997004521066,1,0.9803997004521066,0.9999999999995622,1,1,171601,nan,-0.12658058705365097,nan,-42.19823368395795,6.514048250093267e-07,nan,nan,0.0,0.0,600.0,0.9528020775236131,70.52351533265279,0,1,0
S5_p002_t007_s494561765,2026-10-03T02:22:45Z,S5,2,1,0,0,c16091299be696691cacb2afebcd5397f3f1811230af1fc1c863dc7feb5517d7,12000,16,1,180000,0.9803996992721339,1,0.9803996992721339,0.9999999999995622,1,1,171601,nan,-0.1265805944946374,nan,-42.19823568464627,6.778684307872329e-07,nan,nan,0.0,0.0,600.0,0.9528021232500001,70.52351013512387,0,1,0
S5_p002_t008_s569656867,2026-10-03T02:23:00Z,S5,2,1,0,0,7f0231c3b2a38ac7bc4cfbcecfc813bc1d5a8e2bbaf51a674ad18d0271d30db6,12000,16,1,180000,0.9803997005851107,1,0.9803997005851107,0.9999999999995622,1,1,171601,nan,-0.12658060638423316,nan,-42.19823452674315,6.244336609427638e-07,nan,nan,0.0,0.0,600.0,0.952802177819091,70.5235148318707,0,1,0
S5_p002_t009_s1938674575,2026-10-03T02:23:15Z,S5,2,1,0,0,cd2167afdba70597ef9e52d3865c4b16dc0a0b76591f38e378d9bcc247e3eff6,12000,16,1,180000,0.9803997001632703,1,0.9803997001632703,0.9999999999995622,1,1,171601,nan,-0.12658060808846006,nan,-42.198234973269635,7.845414443998937e-07,nan,nan,0.0,0.0,600.0,0.9528021302635046,70.5235121196962,0,1,0
S5_p002_t010_s1527196527,2026-10-03T02:23:30Z,S5,2,1,0,0,91d17b960d5f02072b689cda7348ee51fe30fb6f44be7b9ed0bb0540388eb5ec,12000,16,1,180000,0.9803997007989903,1,0.9803997007989903,0.9999999999995622,1,1,171601,nan,-0.12658058901121905,nan,-42.19823571221966,6.230443793344495e-07,nan,nan,0.0,0.0,600.0,0.952802112584931,70.52351300139144,0,1,0
S5_p002_t011_s1240012615,2026-10-03T02:23:45Z,S5,2,1,0,0,fbb767e8809aba1a71d578b874c386e7089f5d99c5948cd260d421c0a534a16f,12000,16,1,180000,0.980399699633118,1,0.980399699633118,0.9999999999995622,1,1,171601,nan,-0.12658058573866388,nan,-42.1982346906001,8.06504291831762e-07,nan,nan,0.0,0.0,600.0,0.9528020617655272,70.52351266424827,0,1,0
S5_p002_t012_s1128565587,2026-10-03T02:24:00Z,S5,2,1,0,0,76114bce8f79a54b39ec313f26232ce4e85b419b1c5d2d1785c17a3f18b999bf,12000,16,1,180000,0.9803997000431407,1,0.9803997000431407,0.9999999999995622,1,1,171601,nan,-0.126580600725904,nan,-42.1982356276842,6.720286435252342e-07,nan,nan,0.0,0.0,600.0,0.9528021212850788,70.52351186849442,0,1,0
S5_p002_t013_s1398407335,2026-10-03T02:24:15Z,S5,2,1,0,0,3fc2aedecedf57c96b24518ddd722f8da47ab779fa3adc008837fdc1781e684b,12000,16,1,180000,0.9803997001050333,1,0.9803997001050333,0.9999999999995622,1,1,171601,nan,-0.126580597016179,nan,-42.19823466134878,7.951966438116987e-07,nan,nan,0.0,0.0,600.0,0.9528021680343591,70.52351458905659,0,1,0
S5_p002_t014_s1843803682,2026-10-03T02:24:30Z,S5,2,1,0,0,434cddd1eac9bcedb61793a7ca083be0b891e5831517f50715dc0896ed452b98,12000,16,1,180000,0.9803997003012458,1,0.9803997003012458,0.9999999999995622,1,1,171601,nan,-0.12658060543596802,nan,-42.19823626012689,6.671252588108088e-07,nan,nan,0.0,0.0,600.0,0.9528021155696096,70.52351203177417,0,1,0
S5_p002_t015_s1476197660,2026-10-03T02:24:45Z,S5,2,1,0,0,6f6f287e26ee83f6ea5f1bbb397d3ebe295ce2f79ff507b70eee276eace2c9e4,12000,16,1,180000,0.9780803124281702,1,0.9780803124281702,0.9999999999995622,1,1,141225,nan,-0.1265800584570318,nan,-42.2059674077368,8.682795048831054e-07,nan,nan,0.0,0.0,600.0,0.9528011947203818,70.51578579704957,0,1,0
S5_p002_t016_s1921035023,2026-10-03T02:25:00Z,S5,2,1,0,0,d9f67b053a1dab74e1bac2ee57be7b37ff1ee8d01ae1dd640b3c9da3eaa534dd,12000,16,1,180000,0.9996063939924374,1,0.9996063939924374,0.9999999999995622,1,1,171598,nan,-0.12631510637242654,nan,-97.10323167374614,4.1521532619343445e-07,nan,nan,0.08333333333333333,0.0,600.0,5.433891283015519,7.826119980966175,0,1,0
S5_p002_t017_s1351552590,2026-10-03T02:25:15Z,S5,2,1,0,0,b94fcd1e9660efdeb5b870be38ee3a02f5ed16ee54253a166bf088675bbd48f7,12000,16,1,180000,0.999606393258297,1,0.999606393258297,0.9999999999995622,1,1,171598,nan,-0.12631509881497816,nan,-97.10423018581245,3.272612719064387e-07,nan,nan,0.08333333333333333,0.0,600.0,5.437952816792057,7.82977725349382,0,1,0
S5_p002_t018_s1167112926,2026-10-03T02:25:30Z,S5,2,1,0,0,2387557ce22face1ed10b358078bfca78d543a37e7fb81fe3e1bdcb6e8e5400b,12000,16,1,180000,0.9996063931058367,1,0.9996063931058367,0.9999999999995622,1,1,171598,nan,-0.12631511213874205,nan,-97.10209433152062,3.3906861337318697e-07,nan,nan,0.08333333333333333,0.0,600.0,5.436134544519132,7.831927375950034,0,1,0
S5_p002_t019_s1353429191,2026-10-03T02:25:45Z,S5,2,1,0,0,a82d667b4295955d24c5e24b1f5199c7c0bec3c62b6346c68d296701b4a18858,12000,16,1,180000,0.9996063936473615,1,0.9996063936473615,0.9999999999995622,1,1,171598,nan,-0.1263151324226387,nan,-97.09919061506824,3.8916410044606123e-07,nan,nan,0.08333333333333333,0.0,600.0,5.428275978713544,7.826981631624285,0,1,0
S5_p002_t020_s1002632261,2026-10-03T02:26:15Z,S5,2,1,0,0,cd570384d7b170f7777838e0bbe246bfabba9c1208e6b772c7f3df7936295c43,12000,16,1,180000,0.999606393477125,1,0.999606393477125,0.9999999999995622,1,1,171598,nan,-0.12631509593187423,nan,-97.10361555933731,4.25654614150488e-07,nan,nan,0.08333333333333333,0.0,600.0,5.436867695238656,7.826933039914909,0,1,0
S5_p002_t021_s1152143633,2026-10-03T02:26:30Z,S5,2,1,0,0,32cf7f0065d35c48d7e970f650ba7a0c566186d429ba0de9426bc9e6b8d84f5a,12000,16,1,180000,0.9996063932928045,1,0.9996063932928045,0.9999999999995622,1,1,171598,nan,-0.12631510127585777,nan,-97.10386589706516,3.0057095669505784e-07,nan,nan,0.08333333333333333,0.0,600.0,5.437363946421689,7.829771047554735,0,1,0
S5_p002_t022_s1274144205,2026-10-03T02:26:45Z,S5,2,1,0,0,55d7674ff99001df4580a3af0dee0b2fc738321fcfaa57929e6d39ae16bb5e0e,12000,16,1,180000,0.9996063934352519,1,0.9996063934352519,0.9999999999995622,1,1,171598,nan,-0.12631512504015446,nan,-97.10115983823235,3.965460969679854e-07,nan,nan,0.08333333333333333,0.0,600.0,5.4323643800440315,7.830758285528763,0,1,0
S5_p002_t023_s236274386,2026-10-03T02:27:00Z,S5,2,1,0,0,d9ee0aba2b18a500b2a1b33eafd7a73c4696e1d20d1db30801d54042f60b98a7,12000,16,1,180000,0.9996063939090906,1,0.9996063939090906,0.9999999999995622,1,1,171598,nan,-0.12631512809812273,nan,-97.09962809749955,3.273951475549203e-07,nan,nan,0.08333333333333333,0.0,600.0,5.429895734088235,7.827952869352432,0,1,0
S5_p002_t024_s1250788590,2026-10-03T02:27:15Z,S5,2,1,0,0,23100493ff3e0a413c8bb8d21c9edebffdf4fe011508c0d8982d790012fdadcd,12000,16,1,180000,0.9996063937928613,1,0.9996063937928613,0.9999999999995622,1,1,171598,nan,-0.12631510985270622,nan,-97.10269891949508,4.117343372407183e-07,nan,nan,0.08333333333333333,0.0,600.0,5.433483314746561,7.826781024843647,0,1,0
S5_p002_t025_s1053143358,2026-10-03T02:27:30Z,S5,2,1,0,0,0cb21225b312c903955d3ef05b209c1fa1aa2edf3dd000a5e1b210b938fb89a9,12000,16,1,180000,0.9996063937471579,1,0.9996063937471579,0.9999999999995622,1,1,171598,nan,-0.12631510331450915,nan,-97.10370012517734,3.0261082937270866e-07,nan,nan,0.08333333333333333,0.0,600.0,5.435752501637461,7.827952541447808,0,1,0
S5_p002_t026_s1195050127,2026-10-03T02:27:45Z,S5,2,1,0,0,68f0b6c3c3a70ada79b816fc1a134d6b1273629a150aa28f6c2eef5f31135bdc,12000,16,1,180000,0.9996063933181125,1,0.9996063933181125,0.9999999999995622,1,1,171598,nan,-0.12631510967793383,nan,-97.1023574987141,4.119106182386172e-07,nan,nan,0.08333333333333333,0.0,600.0,5.436981423077471,7.832350788764563,0,1,0
S5_p002_t027_s1857563192,2026-10-03T02:28:00Z,S5,2,1,0,0,921c8ee323eb7800f21ce674b202daec562e1c34a697a5f0efde33c99b1ed817,12000,16,1,180000,0.999606393591436,1,0.999606393591436,0.9999999999995622,1,1,171598,nan,-0.12631512648158214,nan,-97.1003582740664,3.5492711609040164e-07,nan,nan,0.08333333333333333,0.0,600.0,5.430067555592034,7.827614818502198,0,1,0
S5_p002_t028_s926067461,2026-10-03T02:28:15Z,S5,2,1,0,0,c419238403bce166ce6fdd740638755ea4d7000ff9bf05534cdee627c01073b6,12000,16,1,180000,0.8410175266162513,-1,0.8410175266162513,0.9999999999995622,1,-1,130801,nan,-0.7669906450325716,nan,-8.017342597144767,4.595739491059838,nan,nan,4.083333333333333,0.0,600.0,20.572414209840577,88.24914250760457,0,1,0
S5_p002_t029_s2039212308,2026-10-03T02:28:30Z,S5,2,1,0,0,65740d79093b44836b64e14a5c694a2fbe1c272718c5bd4ee418a2dbec6227e3,12000,16,1,180000,0.9235165846028712,-1,0.9235165846028712,0.9999999999995622,1,-1,171599,nan,-0.12631415361138354,nan,-93.77627705452049,6.949370851893977e-07,nan,nan,0.0,0.0,600.0,2.5796385208203123,4.06915798369265,0,1,0
S5_p003_t000_s1714205886,2026-10-03T02:28:45Z,S5,3,1,0,0,5cfee1287bc0e8dd134c77a2ca47462dd4d763c73f72f62bbb2fac0b0804af17,12000,16,1,180000,0.9161592457366999,1,0.9161592457366999,1.0000000000009506,1,1,171598,nan,0.023481844388694887,nan,-28.15883046379778,0.018953573405409496,nan,nan,0.0,0.0,600.0,172.8149140451042,73.4718507148416,0,1,0
S5_p003_t001_s1934708211,2026-10-03T02:29:00Z,S5,3,1,0,0,480b4e498c44be02818d2490455a73a729076bd4ba40d3c60af07c5da31d2298,12000,16,1,180000,0.916159243714884,1,0.916159243714884,1.0000000000009506,1,1,171598,nan,0.023481838823530974,nan,-28.158829065666136,0.018953850482770335,nan,nan,0.0,0.0,600.0,172.8151882363145,73.44998467566333,0,1,0
S5_p003_t002_s1951162110,2026-10-03T02:29:15Z,S5,3,1,0,0,307d1d31224d57ef8d90ab9a6067a76b50778bd97ee9d4d4487ba9e3d5020c63,12000,16,1,180000,0.9161592519142485,1,0.9161592519142485,1.0000000000009506,1,1,171598,nan,0.023481630538515378,nan,-28.158834885025627,0.018958151250028032,nan,nan,0.0,0.0,600.0,172.81489415076686,73.4718439703322,0,1,0
S5_p003_t003_s1445156187,2026-10-03T02:29:30Z,S5,3,1,0,0,e67411cc4df0232c974505cd3b931b78facb7c380bcf4dedf5d55789b845c507,12000,16,1,180000,0.9161592502772045,1,0.9161592502772045,1.0000000000009506,1,1,171598,nan,0.023481826105169884,nan,-28.158830013960987,0.0189600725027868,nan,nan,0.0,0.0,600.0,172.81454917976157,73.46456420095802,0,1,0
S5_p003_t004_s332708724,2026-10-03T02:29:45Z,S5,3,1,0,0,aa7807f5a8b6c1193d10c9ac16d2fecf118a258f627d087ba0e9f7c2a4bda543,12000,16,1,180000,0.9161592377372756,1,0.9161592377372756,1.0000000000009506,1,1,171598,nan,0.023481835121530317,nan,-28.15882734348434,0.01895267145810609,nan,nan,0.0,0.0,600.0,172.8153824765335,73.47184782468881,0,1,0
S5_p003_t005_s1838982444,2026-10-03T02:30:00Z,S5,3,1,0,0,1eb28452403e2e3faa6f6056fab6eefe002ff938cc727b68aaabff8b54e51db4,12000,16,1,180000,0.9161592436419571,1,0.9161592436419571,1.0000000000009506,1,1,171598,nan,0.023481869440511983,nan,-28.158827652463398,0.018950851208443364,nan,nan,0.0,0.0,600.0,172.8150029843995,73.46459623052442,0,1,0
S5_p003_t006_s1432963864,2026-10-03T02:30:15Z,S5,3,1,0,0,00c5020beef57dca464e62f6570d320f2cde8644f6ae3a1965408bb4e34c2024,12000,16,1,180000,0.916159253344169,1,0.916159253344169,1.0000000000009506,1,1,171598,nan,0.023481767944894635,nan,-28.15882369234648,0.018958431505875346,nan,nan,0.0,0.0,600.0,172.81432479973185,73.46262579137773,0,1,0
S5_p003_t007_s1060432322,2026-10-03T02:30:30Z,S5,3,1,0,0,ebac75a665f8f178493ec046df51a644321a6593bc3880b8d8a4749756c0c293,12000,16,1,180000,0.9161592474509773,1,0.9161592474509773,1.0000000000009506,1,1,171598,nan,0.023481805967267892,nan,-28.158822975043407,0.018953689544513416,nan,nan,0.0,0.0,600.0,172.8148614604865,73.45278641969675,0,1,0
S5_p003_t008_s328444916,2026-10-03T02:30:45Z,S5,3,1,0,0,018b05299c4316a3ad11862feefc8281ef0f1fb497b86cc972a9f678ac15cb9b,12000,16,1,180000,0.9161592455077701,1,0.9161592455077701,1.0000000000009506,1,1,171598,nan,0.02348186845345235,nan,-28.158828524176386,0.018952767832886387,nan,nan,0.0,0.0,600.0,172.81506176997686,73.44468398085688,0,1,0
S5_p003_t009_s2116983884,2026-10-03T02:31:00Z,S5,3,1,0,0,bdc2d64e827687948dd3a816b85043bcf633222389784322530be02625002d32,12000,16,1,180000,0.9161592462085993,1,0.9161592462085993,1.0000000000009506,1,1,171598,nan,0.02348168798489613,nan,-28.158827407320427,0.01895545109914376,nan,nan,0.0,0.0,600.0,172.81510173098738,73.46459686995169,0,1,0
S5_p003_t010_s1100042289,2026-10-03T02:31:30Z,S5,3,1,0,0,afac835658c3f3874e5e0109d50e3e6f925fd2c8a1658f015509e99a8468b63f,12000,16,1,180000,0.9161592369813841,1,0.9161592369813841,1.0000000000009506,1,1,171598,nan,0.023481760246588396,nan,-28.158819571651375,0.018953293755420812,nan,nan,0.0,0.0,600.0,172.82088695150475,73.47591753612724,0,1,0
S5_p003_t011_s635744766,2026-10-03T02:31:45Z,S5,3,1,0,0,daa471c69bd5ce8c8ead2d5b5fb6ec0833027b516b45c57c1303944fd23dd6c9,12000,16,1,180000,0.9713451862306466,1,0.9713451862306466,1.0000000000009506,1,1,171600,nan,-0.02448367223364918,nan,-19.232483368362907,1.4561681801281134,nan,nan,4.083333333333333,0.0,600.0,121.06285246608424,77.00598901515163,0,1,0
S5_p003_t012_s961338442,2026-10-03T02:32:00Z,S5,3,1,0,0,801764f1b6ad3746b36dd3f87cb6f33cbe471a7cd32eb3f943ef31d6ba649928,12000,16,1,180000,0.9778072382369866,1,0.9778072382369866,1.0000000000009506,1,1,171600,nan,0.02251063562383322,nan,-27.579025790757473,0.019762998985818618,nan,nan,0.0,0.0,600.0,107.20573929113118,73.50541497937692,0,1,0
S5_p003_t013_s1294474057,2026-10-03T02:32:15Z,S5,3,1,0,0,c9c6874b2ece55e58eaf8464842298b2af30463ce3a8829a4fb15e729705d0f4,12000,16,1,180000,0.9778072457036139,1,0.9778072457036139,1.0000000000009506,1,1,171600,nan,0.022510676441371644,nan,-27.57902551518506,0.01976440145688461,nan,nan,0.0,0.0,600.0,107.2056879574467,73.49200909182935,0,1,0
S5_p003_t014_s1681705495,2026-10-03T02:32:30Z,S5,3,1,0,0,0e332b5f0a0d187e923e37340a6bffd26069f64753907c67abd6be7e5ac79a4c,12000,16,1,180000,0.9778072425841813,1,0.9778072425841813,1.0000000000009506,1,1,171600,nan,0.022510647739917136,nan,-27.579026046797054,0.019766520737625068,nan,nan,0.0,0.0,600.0,107.20570368787881,73.51701090089446,0,1,0
S5_p003_t015_s710608608,2026-10-03T02:32:45Z,S5,3,1,0,0,fe714b1fea0ec0bf3eac5c6aad5ee320ffb4676c3f306a69e838d3fd647b7581,12000,16,1,180000,0.9778072459698662,1,0.9778072459698662,1.0000000000009506,1,1,171600,nan,0.022510775477843872,nan,-27.579030988445762,0.019760658904196947,nan,nan,0.0,0.0,600.0,107.20567248318517,73.48260534171169,0,1,0
S5_p003_t016_s384136078,2026-10-03T02:33:00Z,S5,3,1,0,0,e52058641942362ba8692de772ca36ab87004d4409fd87a8f3bb9341c2fd4b71,12000,16,1,180000,0.9778072412287014,1,0.9778072412287014,1.0000000000009506,1,1,171600,nan,0.022510653001231725,nan,-27.579027257252182,0.019763552210982895,nan,nan,0.0,0.0,600.0,107.20574398332151,73.51695315435256,0,1,0
S5_p003_t017_s414741158,2026-10-03T02:33:15Z,S5,3,1,0,0,4e15c97321d193d84061200c862d41bd38ea16a20088c07538c27a439418c018,12000,16,1,180000,0.9778072445063225,1,0.9778072445063225,1.0000000000009506,1,1,171600,nan,0.022510572679875905,nan,-27.57903081932948,0.019766052300266145,nan,nan,0.0,0.0,600.0,107.2057027449447,73.49202884699946,0,1,0
S5_p003_t018_s1550145401,2026-10-03T02:33:30Z,S5,3,1,0,0,22540a8cb1e9b376f42317a96d4ad325e4834b1b8052c3bc85fdb47e99262308,12000,16,1,180000,0.9778072443610155,1,0.9778072443610155,1.0000000000009506,1,1,171600,nan,0.02251072242350649,nan,-27.57901349237803,0.019763567731372778,nan,nan,0.0,0.0,600.0,107.20934027812604,73.50659401933335,0,1,0
S5_p003_t019_s247667753,2026-10-03T02:33:45Z,S5,3,1,0,0,f5f4a6af581882211f6e48d4e36cd767292ee868c77c1e377616823647702db1,12000,16,1,180000,0.9778072408149794,1,0.9778072408149794,1.0000000000009506,1,1,171600,nan,0.02251070926478962,nan,-27.57903244604333,0.01976106248959315,nan,nan,0.0,0.0,600.0,107.2057415353543,73.50063479597173,0,1,0
S5_p003_t020_s1583609065,2026-10-03T02:34:00Z,S5,3,1,0,0,58b521064446113a31ff861bfb3064fa92f351c2816e24826dc47a154cf5d5a7,12000,16,1,180000,0.977807246210577,1,0.977807246210577,1.0000000000009506,1,1,171600,nan,0.0225107358612949,nan,-27.579034329761633,0.01976454160311622,nan,nan,0.0,0.0,600.0,107.20569823635331,73.48759751484441,0,1,0
S5_p003_t021_s796570551,2026-10-03T02:34:15Z,S5,3,1,0,0,98ca5c74f943aebc1de78c0e3449b17e707921723bf0e0ce748c864f92674a21,12000,16,1,180000,0.9778072449299813,1,0.9778072449299813,1.0000000000009506,1,1,171600,nan,0.022510611086272277,nan,-27.579026514993622,0.01976696074275877,nan,nan,0.0,0.0,600.0,107.20570724475117,73.5108868850715,0,1,0
S5_p003_t022_s1559731172,2026-10-03T02:34:30Z,S5,3,1,0,0,5ac1008d5bd54488d93a517997c837372b83f75ba6bca4fe53b77a1d1d1a3c42,12000,16,1,180000,0.9778072443411945,1,0.9778072443411945,1.0000000000009506,1,1,171600,nan,0.022510782908717462,nan,-27.579026358003947,0.019761424434599977,nan,nan,0.0,0.0,600.0,107.20568606625484,73.46276573955512,0,1,0
S5_p003_t023_s844389843,2026-10-03T02:34:45Z,S5,3,1,0,0,eb7325b5cce7aea5e8470c40e19e32113303441817d4a5d2ecc290a3d9fdd01d,12000,16,1,180000,0.977807240074584,1,0.977807240074584,1.0000000000009506,1,1,171600,nan,0.022510657167753127,nan,-27.579027591849542,0.01976359966613818,nan,nan,0.0,0.0,600.0,107.20574864339983,73.49771570303649,0,1,0
S5_p003_t024_s1173993624,2026-10-03T02:35:00Z,S5,3,1,0,0,7b408d3785981830fdb31b8dd9403984b3bb4a7de292a7e16baca7ee24b7e1ed,12000,16,1,180000,0.9778072444548268,1,0.9778072444548268,1.0000000000009506,1,1,171600,nan,0.022510577810000564,nan,-27.579028707781692,0.019766483720544223,nan,nan,0.0,0.0,600.0,107.20570270249885,73.49696438249329,0,1,0
S5_p003_t025_s412349045,2026-10-03T02:35:15Z,S5,3,1,0,0,164f8e650e83c726b11514df31a6beda74dbd47d068efc6389277f4b03fbd9f9,12000,16,1,180000,0.9759091473300117,1,0.9759091473300117,1.0000000000009506,1,1,148559,nan,0.024161080315609006,nan,-28.405273168293714,1.9693339017378677e-05,nan,nan,0.08333333333333333,0.0,600.0,10.989254603882864,72.05842829601761,0,1,0
S5_p003_t026_s1487682954,2026-10-03T02:35:30Z,S5,3,1,0,0,af180fa8c270f97d865c1e213d1d9ad57a0c199d4ee0b63a3a9ac3de479df2d6,12000,16,1,180000,0.9988231785205491,1,0.9988231785205491,1.0000000000009506,1,1,171601,nan,0.023159829820875336,nan,-28.04307489961044,0.027811857602129324,nan,nan,0.08333333333333333,0.0,600.0,122.76486805695285,72.01232915836522,0,1,0
S5_p003_t027_s1191930151,2026-10-03T02:35:45Z,S5,3,1,0,0,72a1745ec01d2a9814c30cefaeb927db973991c910ec4d6b6292c284dd0dfd02,12000,16,1,180000,0.9988231807669784,1,0.9988231807669784,1.0000000000009506,1,1,171601,nan,0.023159854434772205,nan,-28.043085978197674,0.02780667356999998,nan,nan,0.08333333333333333,0.0,600.0,122.76117691875527,72.03828010457387,0,1,0
S5_p003_t028_s66415985,2026-10-03T02:36:00Z,S5,3,1,0,0,9622717a8d78b7c5ac5b551707d2aac12ce0b6660d4d3c7aa82bcb0a69732f73,12000,16,1,180000,0.9988231785413323,1,0.9988231785413323,1.0000000000009506,1,1,171601,nan,0.02315972938985016,nan,-28.0430755617453,0.0278117345871604,nan,nan,0.08333333333333333,0.0,600.0,122.76111138358014,72.01886555343921,0,1,0
S5_p003_t029_s1759722470,2026-10-03T02:36:15Z,S5,3,1,0,0,066469b756f3972305b5cf059093ccd78d11653910b5b7beda5e03fe17e13f1b,12000,16,1,180000,0.9988231799845471,1,0.9988231799845471,1.0000000000009506,1,1,171601,nan,0.023159798269896538,nan,-28.04308503547139,0.027812581112973953,nan,nan,0.08333333333333333,0.0,600.0,122.76097767919264,72.03272043121291,0,1,0
S7_p000_t000_s1928618341,2026-10-03T02:36:45Z,S7,0,2,0,0,bc49863f62e0e02e0b9b2d259169155f9ef3594e26c62fbc4aa5cd75af7cc8c4,12000,16,1,180000,0.9579534740673211,1,0.5146571338700122,0.5173745417804761,0,1,172800,0.0,-0.0706578096795023,-320.4338548686313,-24.427536967051115,0.04879316468504413,0.06327077485201771,0.007858103695070895,0.08333333333333333,0.0,600.0,73.64959947160698,14.15398082270192,0,1,0
S7_p000_t001_s1519748887,2026-10-03T02:37:00Z,S7,0,2,0,0,0698ec2b075bf1063d091233f6ec8a23c8b2417e802a4522b3badd9fa683a571,12000,16,1,180000,0.9579149128121988,1,0.5154739433985773,0.519610581061896,0,1,172800,0.0,-0.07301213503380408,-320.433849102806,-24.422324864440178,0.04047135307784609,0.06814476434400543,0.008463443441996787,0.08333333333333333,0.0,600.0,72.15883816236028,14.120521566176865,0,1,0
S7_p000_t002_s1888808097,2026-10-03T02:37:15Z,S7,0,2,0,0,fa98af8567a90c2d9aed58076fa2f06de6d1f4916b88e36064f2ae6132e1e812,12000,16,1,180000,0.9580023967453326,1,0.5146082261867031,0.519610581061896,0,1,172800,0.0,-0.07047770212993516,-320.4338689932295,-24.647084425176367,0.045731081923108395,0.06033846718279726,0.007493916947169055,0.08333333333333333,0.0,600.0,32.02802887177747,14.336184490270485,0,1,0
S7_p000_t003_s1567484507,2026-10-03T02:37:30Z,S7,0,2,0,0,f830ab826311475c71338a2b894413ea51a2e7f4c31987243d143f9c9cf9568c,12000,16,1,180000,0.9581669767918144,1,0.5137958704819177,0.5195043430058967,0,1,172800,0.0,-0.07026494791005342,-320.4338530922978,-24.608729095338596,0.0392411530611942,0.06142566624031052,0.007628944895714085,0.08333333333333333,0.0,600.0,25.19633217961591,14.15169262264633,0,1,0
S7_p000_t004_s1587104087,2026-10-03T02:37:45Z,S7,0,2,0,0,75f486ce75c130feedd89111558d2940a8c2fb9533d99756f4eeee265c329a78,12000,16,1,180000,0.9578203999770549,1,0.5139214463870531,0.5194035063955749,0,1,172800,0.0,-0.0705028967039899,-320.4338412771516,-24.485638223633018,0.04047245331756561,0.060243724029766944,0.007482150037048996,0.08333333333333333,0.0,600.0,55.74397821640717,14.125761977701378,0,1,0
S7_p001_t000_s1163046826,2026-10-03T02:38:00Z,S7,1,2,0,0,2166c047c7978577fa0325daad9f01041f494bc583983f53bb57f1ca42b3da7f,12000,16,1,180000,0.9461728772800903,1,0.2516265992024911,0.2551217701044732,0,1,172800,0.0,-0.057192040747804,-320.43306715974967,-22.119438232599204,0.024859992307167192,0.032128964396497504,0.003990353120116197,0.08333333333333333,0.0,600.0,43.830772701157166,11.60506341804177,0,0,0
S7_p001_t001_s641673168,2026-10-03T02:38:15Z,S7,1,2,0,0,770cb32768d328ff835579a7547e00b0e83578b987e7f4680fc7e56c0cb8eb7c,12000,16,1,180000,0.9455216356800692,1,0.2506536403759138,0.2551217701044732,0,1,172800,0.0,-0.05836564345687519,-320.4330309085126,-22.041636976204508,0.018563440140569383,0.03412120148675075,0.004237784982251469,0.08333333333333333,0.0,600.0,25.14828289266192,11.090871020901567,0,0,0
S7_p001_t002_s1425528308,2026-10-03T02:38:30Z,S7,1,2,0,0,d0b21cb8f065e26565d038a1f9164c79155101f3fca9bc083c7a112f85a285a5,12000,16,1,180000,0.6341462888734128,1,0.14387931209717866,0.25459545097861797,0,1,172800,0.0,-3.9524788987743227,-300.9178288382742,1.6479742320365562,33.245418013788964,1885.6825892989261,234.19800622574803,4.083333333333333,0.0,600.0,10.896667975425425,23.415925516865027,0,0,0
S7_p001_t003_s961284984,2026-10-03T02:38:45Z,S7,1,2,0,0,bde7f899d00e7f602bd4dd47913100a5bbe606adfa61722aa9996dc955ba6263,12000,16,1,180000,0.9949098140867666,1,0.253522126068688,0.2545954509786179,0,1,172800,0.0,-0.03766595084554195,-300.91666572956575,-28.094926066136452,0.020401997642374572,0.00011856441845373606,1.472546364311711e-05,0.08333333333333333,0.0,600.0,71.62572760939698,5.878887677162394,0,0,0
S7_p001_t004_s990723452,2026-10-03T02:39:00Z,S7,1,2,0,0,ca6cf99a915d80961ae7c86462da4d98b5d12451d69c5d70fe4459f2cbc8e3a4,12000,16,1,180000,0.9948950645895155,1,0.25299985467124647,0.2538033491403863,0,1,172800,0.0,-0.0391397825044135,-300.9166667746467,-28.02606194125895,0.02778645628807993,0.0002462749859329213,3.0586860702896956e-05,0.08333333333333333,0.0,600.0,77.26392637008465,6.186820642164129,0,0,0
S7_p002_t000_s98455044,2026-10-03T02:39:15Z,S7,2,3,0,0,8dc518756ba00e22e69ec31f9a0a7e85df77fca305a1dcd170e6475272a93073,12000,16,1,180000,0.9973015606206469,1,0.6192153729517597,0.6209508036808066,0,1,172800,0.0,-0.06917075644220118,-300.91666633056593,-30.7212665507701,0.06542387441339931,-1.633092869367716e-05,-2.028268681897316e-06,0.08333333333333333,0.0,600.0,69.99381700023551,5.703792902191197,0,1,0
S7_p002_t001_s1384128433,2026-10-03T02:39:30Z,S7,2,3,0,0,43d90e5e5dbd9b32ae554403edeb17d1078438747ffdf5ce018ee3a04e15880c,12000,16,1,180000,0.9972086250432619,1,0.6191907416108898,0.6209508036808066,0,1,172800,0.0,-0.0685768071055652,-300.91666692589325,-30.57105475493318,0.059765739477318884,-4.533867849504917e-05,-5.630973191728117e-06,0.08333333333333333,0.0,600.0,76.84849638119151,5.770837357334249,0,1,0
S7_p002_t002_s1361330484,2026-10-03T02:39:45Z,S7,2,3,0,0,a7623225062e1b672c8f1c4fdac069e8f05deaf1def4a604b4089ee254307c70,12000,16,1,180000,0.9972306913493836,1,0.6175858536598204,0.6197701897798836,0,1,172800,0.0,-0.06906837234271974,-300.91666632369987,-30.334090547776373,0.05320848378362551,0.0002551363860354322,3.1687428872828605e-05,0.08333333333333333,0.0,600.0,132.58763519913668,5.846624974533535,0,1,0
S7_p002_t003_s1078092554,2026-10-03T02:40:00Z,S7,2,3,0,0,b410dc01ec9d0d4e5ebf8b420dee228d5e64353037b952c7c97476a8ec209e97,12000,16,1,180000,0.997374507062024,1,0.6183599073112018,0.6200506262983498,0,1,172800,0.0,-0.06851132888100402,-300.9166674995201,-30.646152247808974,0.05599369535026018,-5.263915697920544e-05,-6.537678018503357e-06,0.08333333333333333,0.0,600.0,87.30612601105922,5.992590183308469,0,1,0
S7_p002_t004_s924921264,2026-10-03T02:40:15Z,S7,2,3,0,0,a13d5a9fe5e2eef4cceb2bbe7900500337b9822753a32e1767691c91e4788e77,12000,16,1,180000,0.9972505247545485,1,0.6184450804729401,0.6200506262983498,0,1,172800,0.0,-0.06903271265826323,-300.9166672405396,-30.456722911687343,0.04774293691278204,2.8391004336243604e-05,3.526105956552783e-06,0.08333333333333333,0.0,600.0,113.31922973895205,5.532171275128093,0,1,0
S7_p003_t000_s763598906,2026-10-03T02:40:30Z,S7,3,2,0,0,8d3d69237f07f96470c7f0fd16882f6d90a649a8e760bad0951d67bb8a85b252,12000,16,1,180000,0.996650941387335,1,0.5198523500333698,0.5209269121406312,0,1,172800,0.0,-0.061385751097114104,-300.9166650148533,-29.878097425037137,0.04350067001567204,-0.0001549554911776704,-1.9245162093284307e-05,0.08333333333333333,0.0,600.0,66.3192293242203,6.136285050099584,0,1,0
S7_p003_t001_s1480126732,2026-10-03T02:40:45Z,S7,3,2,0,0,0e2c37bee6d9f320ca5bee92916d87fbf994de37b8fae487097e32770d441205,12000,16,1,180000,0.9966288122747052,1,0.51984627099625,0.5209269121406312,0,1,172800,0.0,-0.06139249012495427,-300.9166643768622,-29.784504069408516,0.05084809459167328,-9.493278426471278e-07,-1.1790461940108798e-07,0.08333333333333333,0.0,600.0,96.3902035173156,5.810892109634251,0,1,0
S7_p003_t002_s348040279,2026-10-03T02:41:00Z,S7,3,2,0,0,843ee7503ffd47b5718b3cef4844539b3cfcc15d300d7f6b335d6011ef8e19fc,12000,16,1,180000,0.9966623866354128,1,0.5197782049932443,0.5206966482409549,0,1,172800,0.0,-0.06163621071871747,-300.91666566312597,-29.760641231038107,0.04834296651806531,-2.835549173091785e-05,-3.5216953619965352e-06,0.08333333333333333,0.0,600.0,79.9086817868942,5.950835687989997,0,1,0
S7_p003_t003_s750677479,2026-10-03T02:41:15Z,S7,3,2,0,0,520c08051cd6be86ac612144373236c22e8864f07962752b798914cf64bc8b8b,12000,16,1,180000,0.9965817786931028,1,0.5176462878650486,0.5184811033296005,0,1,172800,0.0,-0.062244258798609606,-300.9166643561396,-29.884219656413975,0.05170292135262251,-0.00037537538548421346,-4.662087212636834e-05,0.08333333333333333,0.0,600.0,55.21983168677898,5.6106716545768816,0,1,0
S7_p003_t004_s258894362,2026-10-03T02:41:30Z,S7,3,2,0,0,662c815c1f46b9e30d845e4283c41dc63d4661d9413f67351dc3ae035e6b4e94,12000,16,1,180000,0.9967242293980606,1,0.5175899620924467,0.5184811033296005,0,1,172800,0.0,-0.062143290865915794,-300.9166656847174,-29.958835286754663,0.031979898730970784,0.00011348808576344586,1.4094993275648449e-05,0.08333333333333333,0.0,600.0,62.095059965425435,5.936691933995291,0,1,0
S7_p004_t000_s139254338,2026-10-03T02:42:00Z,S7,4,2,0,0,35e0ef901a82ecd4a5a599b0eea427e388f92156de8640d2664e75cb335301cd,12000,16,1,180000,0.9583440390271709,1,0.518032823478219,0.5248937613908201,0,1,172800,0.0,-0.07103273703774232,-306.7327939420787,-24.65656983044511,0.037915373280182865,-0.05564681124042558,-0.006911222662438377,0.08333333333333333,0.0,600.0,33.93734841132157,14.320948851910506,0,1,0
S7_p004_t001_s1221387494,2026-10-03T02:42:15Z,S7,4,2,0,0,18bbce27017b3e310ab4554eeee67003d1ebcd387d0402aebfcfaaad80a9c230,12000,16,1,180000,0.9580012299973658,1,0.5202547045050208,0.5248937613908201,0,1,172800,0.0,-0.07184014836296704,-306.73280232504476,-24.661563457337415,0.042639425874466404,-0.05680468139310302,-0.007055027819660609,0.08333333333333333,0.0,600.0,27.504054080255557,14.577644491017667,0,1,0
S7_p004_t002_s1203773898,2026-10-03T02:42:30Z,S7,4,2,0,0,d70803f358fc0c9ef2d2c6b2c0df5e32256edfe34815752f7d688c0f37492d76,12000,16,1,180000,0.9582180486660259,1,0.520498811723461,0.5252303196234194,0,1,172800,0.0,-0.07195033148660822,-306.732781165525,-24.572564617328112,0.039471397550768894,-0.05757422530372918,-0.0071506036342725565,0.08333333333333333,0.0,600.0,71.57787149027001,14.503695057236266,0,1,0
S7_p004_t003_s43333996,2026-10-03T02:42:45Z,S7,4,2,0,0,f403518b9e4e6b106c62ff92f9c4a1b9d278ef8cc17effc54011768622d06ce0,12000,16,1,180000,0.9580138703490326,1,0.5193714365903721,0.5252303196234194,0,1,172800,0.0,-0.07095754531253566,-306.73279856457765,-24.68022211589133,0.03507243419741418,-0.05573452321614936,-0.006922116314399318,0.08333333333333333,0.0,600.0,32.354469703640426,14.108198262940219,0,1,0
S7_p004_t004_s1033654550,2026-10-03T02:43:00Z,S7,4,2,0,0,c0305ee2c433d7bb095df4fea84157f8dc667d429dae71383ee4e9214013bedd,12000,16,1,180000,0.9581826866763901,1,0.5217158259488225,0.523848509483097,0,1,172800,0.0,-0.07136842771975799,-306.7327616399822,-24.784371943336673,0.051741544483379774,-0.05841998163435601,-0.007255644879023748,0.08333333333333333,0.0,600.0,27.032777319554942,14.30998499857344,0,1,0
S7_p005_t000_s600798252,2026-10-03T02:43:15Z,S7,5,2,0,0,d8b36f32ad32f8075143a1e128415c3924eca4e083bf09a6c306744f11a5fbce,12000,16,1,180000,0.9575912362714373,1,0.5112756948306908,0.5145159131504455,0,1,172800,0.0,-0.06908727992827107,-306.7328265948533,-24.5929894856994,0.04153773990039998,-0.06389845338475234,-0.00793606011347947,0.08333333333333333,0.0,600.0,24.158612153222883,15.097856103057428,0,1,0
S7_p005_t001_s1358512429,2026-10-03T02:43:30Z,S7,5,2,0,0,37962707825ad7eb0415e55666abf76ab7601c6552817321adafd29aba786f8e,12000,16,1,180000,0.9573920951964165,1,0.5103637577746097,0.5145159131504456,0,1,172800,0.0,-0.06837904242563522,-306.73284497172244,-24.50716685415026,0.0421674841421528,-0.05829693658986588,-0.007240362930588162,0.08333333333333333,0.0,600.0,28.10525120339206,15.134594570897015,0,1,0
S7_p005_t002_s475029750,2026-10-03T02:43:45Z,S7,5,2,0,0,25168ea2efa9727a9b780da49ede928abdfc0ada1e7e3c394e2be66c28fe8403,12000,16,1,180000,0.9575012707365962,1,0.5099376171775639,0.515820579951814,0,1,172800,0.0,-0.0695953920046445,-306.73285237321943,-24.50713385643749,0.04519882415951582,-0.06557534480815091,-0.008144326674482727,0.08333333333333333,0.0,600.0,34.97649777749239,15.360031107678822,0,1,0
S7_p005_t003_s686156291,2026-10-03T02:44:00Z,S7,5,2,0,0,332bd367934b30af43d9d11b44bf307e3ad3e66bb800ab0b4e09a485e68f45ac,12000,16,1,180000,0.957533336607765,1,0.51146908114438,0.515820579951814,0,1,172800,0.0,-0.06942443734173796,-306.73282992532705,-24.538206410438388,0.03414379767972786,-0.06222523972570261,-0.007728250323452812,0.08333333333333333,0.0,600.0,34.17337878671004,15.341885759182519,0,1,0
S7_p005_t004_s1322737522,2026-10-03T02:44:15Z,S7,5,2,0,0,9d368b84b79702e87e53e47193982398aab6dc4255a1e46954365b64366c57c2,12000,16,1,180000,0.9576400212069659,1,0.5108813180502645,0.5155979631963823,0,1,172800,0.0,-0.06710395308820133,-306.7328213149152,-24.56851622474683,0.04343136602223136,-0.06330257128782736,-0.007862052748805581,0.08333333333333333,0.0,600.0,38.515574977276586,15.073810735014243,0,1,0
S7_p006_t000_s1641734052,2026-10-03T02:44:30Z,S7,6,2,0,0,130ed22278b89ed5f0657bfac02df340f6d4d4f9c018e4af7a4063d810e00029,12000,16,1,180000,0.9582921669927841,1,0.5293991502434081,0.531623992137858,0,1,172800,0.0,-0.0650532008483626,-306.73276440787413,-24.74315278933783,0.03332268502608186,-0.0650109804834771,-0.00807423375408689,0.08333333333333333,0.0,600.0,42.64227050750867,14.947863963851573,0,1,0
S7_p006_t001_s67837340,2026-10-03T02:44:45Z,S7,6,2,0,0,199651849136e9e3788a85b1c4cf99558a019d1ca9b5f2907ac6ab4758c7394b,12000,16,1,180000,0.9583448329272372,1,0.5300190345413297,0.531623992137858,0,1,172800,0.0,-0.063752620889157,-306.73275459531396,-24.785650020400748,0.0374385220024506,-0.054270363550351815,-0.006740270612226595,0.08333333333333333,0.0,600.0,42.09720260646668,15.00681835809723,0,1,0
S7_p006_t002_s1202997263,2026-10-03T02:45:00Z,S7,6,2,0,0,e9ba86092dd136d7083ac623482e8c660604a126efb2f79f562150263e2b0c0f,12000,16,1,180000,0.9584587948641058,1,0.527179592163834,0.5302036272884406,0,1,172800,0.0,-0.0641912154808682,-306.732754038491,-24.783669116962127,0.03952865977541421,-0.05965437257610522,-0.007408953765207116,0.08333333333333333,0.0,600.0,39.865789364675884,14.888924796512555,0,1,0
S7_p006_t003_s902359725,2026-10-03T02:45:15Z,S7,6,2,0,0,f2f0fcbf67bd7dbbc697f17c53fdecaa97f7c3d319b46fb48f4620f18ed09946,12000,16,1,180000,0.9427881339653188,1,0.5259919095621249,0.5299111188707443,0,1,172800,0.0,-0.20947748369115804,-306.73274827651284,-14.300904655724594,2.446820101012525,-0.055102908778051275,-0.006843671064416412,4.0,0.0,600.0,59.4929227045824,14.20028276562464,0,1,0
S7_p006_t004_s291698731,2026-10-03T02:45:30Z,S7,6,2,0,0,af408a39088e7b089035ade57a85350f60cf066fe86597a4f96b01b19af01a37,12000,16,1,180000,0.849034267651786,1,0.5161860254074566,0.5298739916717151,0,1,172800,0.0,-0.054837728876199164,-296.6250001065382,-30.125940762537585,0.0452428267149679,-0.000573292777291141,-7.120181635400513e-05,0.08333333333333333,0.0,600.0,40.38141956896331,5.884117138855535,0,1,0
S7_p007_t000_s526185734,2026-10-03T02:45:45Z,S7,7,2,0,0,c756a92f98012e2d638c6c18adfdd5510069f151c3132de86eec02d0f5307eef,12000,16,1,180000,0.848039370818713,1,0.5075767348466602,0.5220729717626843,0,1,172800,0.0,-0.044267558492343,-296.62499841936244,-29.659183463179282,0.02975726796223798,-8.054273533763894e-05,-1.0003246643464081e-05,0.08333333333333333,0.0,600.0,108.70571230177659,5.850059855623578,0,1,0
S7_p007_t001_s318655740,2026-10-03T02:46:00Z,S7,7,2,0,0,905dedd1b9628757e17606d5467727134dd9d205d1380c351cdf9bf7fb5e10e4,12000,16,1,180000,0.846672704732024,1,0.5077173230497495,0.5220729717626843,0,1,172800,0.0,-0.043204321271843774,-296.6250007689511,-30.008407445336935,0.029272053421803522,0.00020838558443402272,2.5881072815536754e-05,0.08333333333333333,0.0,600.0,58.6377426615207,5.780711423500953,0,1,0
S7_p007_t002_s1737849473,2026-10-03T02:46:15Z,S7,7,2,0,0,2b2117823067dbd877a961bb98a4549f6b400709ef1e4aac5a6e73f4f3037061,12000,16,1,180000,0.8470195630279457,1,0.5078109555442354,0.5196156555619112,0,1,172800,0.0,-0.045111829400891285,-296.62499804801035,-29.93809217319448,0.028103220571358722,-0.0005838881474451343,-7.251774013639078e-05,0.08333333333333333,0.0,600.0,68.94443178490964,5.302061187761938,0,1,0
S7_p007_t003_s438300082,2026-10-03T02:46:30Z,S7,7,2,0,0,7a7e3db1c4f26261d4702da0a9bcda2f54d3d5140a74bebd9bd5e2eed2acff80,12000,16,1,180000,0.8468224085601896,1,0.5079488835584325,0.5232371159668855,0,1,172800,0.0,-0.044617988230432226,-296.6249981259158,-29.933458992567875,0.03262708419502387,0.00016131296517925766,2.003474764933344e-05,0.08333333333333333,0.0,600.0,67.14662023904772,5.740322110159695,0,1,0
S7_p007_t004_s994742111,2026-10-03T02:46:45Z,S7,7,2,0,0,ce3da754b03db9590a23d3c3d77c14d397ff4c4fdc63598d2dbc08958517e983,12000,16,1,180000,0.8470104417226848,1,0.5078668776960541,0.5232371159668855,0,1,172800,0.0,-0.04402524923614092,-296.62499971539853,-30.04673238560748,0.021542066767785972,1.171509552490616e-06,1.4549914340022951e-07,0.08333333333333333,0.0,600.0,34.6934305294273,5.347967409872565,0,1,0
S7_p008_t000_s434073307,2026-10-03T02:47:15Z,S7,8,2,0,0,994426fa11956bf36689b0fd72fe7fa40e5d39dccff1b231136dd5659b0eafc6,12000,16,1,180000,0.8480592525901421,1,0.5085170163502796,0.5191450223152942,0,1,172800,0.0,-0.06002274265179508,-317.95833369729735,-29.75782919249309,0.03978943241796061,-0.0002102258872591173,-2.6109634745807853e-05,0.08333333333333333,0.0,600.0,88.23905123519688,5.997679419818557,0,1,0
S7_p008_t001_s1584181983,2026-10-03T02:47:30Z,S7,8,2,0,0,a3ebab5eef36321e6263ebb5420dccb8082e7fdae31fbbb015da27db58016835,12000,16,1,180000,0.8476029084556223,1,0.5085638258158031,0.5191450223152942,0,1,172800,0.0,-0.059939177735390106,-317.9583326536649,-29.973440027432304,0.03810962942865314,-0.0003171441190684741,-3.938866530006635e-05,0.08333333333333333,0.0,600.0,62.991718644480905,5.757574155642761,0,1,0
S7_p008_t002_s69311790,2026-10-03T02:47:45Z,S7,8,2,0,0,79bf8225406fac5d2daa6d2bc05e1ffd3f7753302568ff718518ad18a69fd9dd,12000,16,1,180000,0.8480210019902897,1,0.5097581564736581,0.5175979408315418,0,1,172800,0.0,-0.05950052651070379,-317.9583337090917,-29.766992242723184,0.050329399808657416,0.0006487734853049201,8.057636932790047e-05,0.08333333333333333,0.0,600.0,92.86976868056108,5.86963303474641,0,1,0
S7_p008_t003_s449200011,2026-10-03T02:48:00Z,S7,8,2,0,0,567a8819256dcc43c063a7180e312ca7fe423c0642c1bbd4e9c8c65f7a40cab3,12000,16,1,180000,0.8488996827737187,1,0.5096761683117216,0.5213817679223924,0,1,172800,0.0,-0.05851813187165628,-317.95833370112024,-30.010878613223113,0.03861603430591316,-0.0001842544084602997,-2.28840290219523e-05,0.08333333333333333,0.0,600.0,45.59055237506877,5.799263721166267,0,1,0
S7_p008_t004_s63363653,2026-10-03T02:48:15Z,S7,8,2,0,0,b5e8fb6dd2ae27604615c74a59ba93c011c00e003933c22435d790ac81ad323f,12000,16,1,180000,0.848658892107013,1,0.508758087850757,0.5213817679223924,0,1,172800,0.0,-0.059086172951667196,-317.95833158268823,-30.00511919757765,0.03486960936564892,-0.00016875834637047305,-2.095944910252001e-05,0.08333333333333333,0.0,600.0,42.19228783191052,5.946296228479979,0,1,0
S7_p009_t000_s244638474,2026-10-03T02:48:30Z,S7,9,2,0,0,d022e534aa0d3554c37a79ee08701b3120d5e1a7b27f80a5550e6a4ae35a7282,12000,16,1,180000,0.8475071166039838,1,0.5083970149070746,0.5185299109364768,0,1,172800,0.0,-0.05865341527282279,-317.95833101973767,-29.858454816095975,0.030209416112327896,0.00024195754432730342,3.0050643090362428e-05,0.08333333333333333,0.0,600.0,77.5307172394197,5.831330891056624,0,1,0
S7_p009_t001_s1024747382,2026-10-03T02:48:45Z,S7,9,2,0,0,85f2464a79923f709204dfdffe3069df67188852acdd2d1f7499ced98fc85cbd,12000,16,1,180000,0.6811646287012157,1,0.4092260903576361,0.5193471255338729,0,1,172800,0.0,-2.122734940030317,-317.96172009771846,-2.1515764412449068,37.274734838051046,988.4090708528778,122.75842978178571,4.25,0.0,600.0,20.0043403720133,34.95962968947865,0,1,0
S7_p009_t002_s1710014650,2026-10-03T02:49:00Z,S7,9,2,0,0,6786f2d4783cad1450c177412aa8fb9fbd626d859d46cee64901001936b2eb66,12000,16,1,180000,0.9578925218835984,1,0.5190811245620802,0.5193471255338729,0,1,172800,0.0,-0.06971934132999216,-307.7328059528985,-24.656414446407652,0.04012384814078744,-0.034480620742677166,-0.004282424134999019,0.08333333333333333,0.0,600.0,24.81830438775295,14.57886477725377,0,1,0
S7_p009_t003_s884232894,2026-10-03T02:49:15Z,S7,9,2,0,0,0a7264d9d2d8e79b4b7b1d952cb16c191098d007a2785905717c01f15c95f0c2,12000,16,1,180000,0.9578822518567672,1,0.5180168666001902,0.5185942515513206,0,1,172800,0.0,-0.06942777568411433,-307.73281474965677,-24.576231395737413,0.034206356189015984,-0.03355066028646128,-0.004166924906257918,0.08333333333333333,0.0,600.0,53.57179620429582,14.492026078787068,0,1,0
S7_p009_t004_s381684354,2026-10-03T02:49:30Z,S7,9,2,0,0,72e4d0071882663f6e2b39b5586ccfd0223421d9513e88cb9bf0f968d1f64ce6,12000,16,1,180000,0.9577631707072816,1,0.5136023205487059,0.5157235389015721,0,1,172800,0.0,-0.06830301816496319,-307.73283912423057,-24.50474470951969,0.03092947922710754,-0.029515290039750845,-0.0036657399923569756,0.08333333333333333,0.0,600.0,35.79819507558385,14.412151914779683,0,1,0
S7_p010_t000_s1725325771,2026-10-03T02:49:45Z,S7,10,2,0,0,f2205a118ca21af3f91e486ea5c39e024918eaeda30904628bbeaa69f098936e,12000,16,1,180000,0.958221361945045,1,0.525134067321226,0.5242532269908602,0,1,172800,0.0,-0.07090426661991117,-307.7327787151614,-24.76090284296161,0.020573095572947713,-0.002482884488660031,-0.00030836928772259853,0.08333333333333333,0.0,600.0,19.474392199391993,14.793224891829164,0,1,0
S7_p010_t001_s225898935,2026-10-03T02:50:00Z,S7,10,2,0,0,c2755d5cbe38def15e86a149c5eff08646997acb92a070fbf689ee2bbac5eddb,12000,16,1,180000,0.9584308554981629,1,0.5246398952175184,0.5272178306604747,0,1,172800,0.0,-0.07000421188477293,-307.7327843273015,-24.69088135770621,0.0185183414555099,-0.0007719274988276473,-9.587185149939614e-05,0.08333333333333333,0.0,600.0,38.874274968498526,14.704470296852305,0,1,0
S7_p010_t002_s121109330,2026-10-03T02:50:15Z,S7,10,2,0,0,85c1a0d17c20284c9677bd5c07a8e3f2e780ed72333330a60917e4873a33a20f,12000,16,1,180000,0.9584129813237762,1,0.5261018808715928,0.5282837824331416,0,1,172800,0.0,-0.06949344745598723,-307.73275166814045,-24.834094088355837,0.020367135347724857,-0.004325371007619051,-0.0005372024284042709,0.08333333333333333,0.0,600.0,19.643697119412263,14.827818175508146,0,1,0
S7_p010_t003_s1579862089,2026-10-03T02:50:30Z,S7,10,2,0,0,f1e00bdc761e9782162cba77ee87c8f4d2b7340d67394f7d890880bf04b41d82,12000,16,1,180000,0.9584702554499708,1,0.5289642932067571,0.5282837824331416,0,1,172800,0.0,-0.07005131004747826,-307.7327685187781,-24.756910751529816,0.014503923208137523,-0.0062331827498787505,-0.0007741488311694411,0.08333333333333333,0.0,600.0,27.5032769048534,14.865428705755155,0,1,0
S7_p010_t004_s535444324,2026-10-03T02:50:45Z,S7,10,2,0,0,0d8ce1f4354de65bc5fd62a62cc092d0e94b5589172e336e29c993d59018c2d5,12000,16,1,180000,0.9583940869436779,1,0.5258357142308127,0.5279076612815669,0,1,172800,0.0,-0.07041026609787052,-307.73277017963966,-24.773241144636696,0.012559719801415747,-0.006055439648454388,-0.0007520734934587381,0.08333333333333333,0.0,600.0,23.225539550905523,14.821336747085507,0,1,0
S7_p011_t000_s204855309,2026-10-03T02:51:00Z,S7,11,2,0,0,33aea7cc4e298e812958ecfdeaf22a17e79d7b710faafce7c4742206e838a675,12000,16,1,180000,0.954643926855362,1,0.44769956666820293,0.45231929108613933,0,1,172800,0.0,-0.06658002074450886,-307.7330602618683,-23.717582856305288,0.03559999527108095,-0.048025123412350074,-0.005964624277567054,0.16666666666666666,0.0,600.0,55.89925811319208,13.405218438240428,0,0,0
S7_p011_t001_s469311326,2026-10-03T02:51:15Z,S7,11,2,0,0,92c4c41c29dbb3ba4ba764714ecbba5df4f214b56bc5e159e6155550bd20e4f7,12000,16,1,180000,0.954383849033369,1,0.44670452835825397,0.45231929108613933,0,1,172800,0.0,-0.06787181578601703,-307.7330775198874,-23.770375917118614,0.03179541297952671,-0.045880456099733395,-0.005698260886674689,0.08333333333333333,0.0,600.0,32.46814581229593,13.335398036813547,0,0,0
S7_p011_t002_s1591257218,2026-10-03T02:51:30Z,S7,11,2,0,0,b4fc48a55dc2114059d66a05612da97d0aa65982f0f76f740b2972838bfc2aef,12000,16,1,180000,0.9544661987503081,1,0.4468654404180714,0.4518750769272966,0,1,172800,0.0,-0.0687076364519486,-307.733064857739,-23.754995994697325,0.037155522220910564,-0.04896441803411718,-0.006081282791001286,0.08333333333333333,0.0,600.0,38.10248080313647,13.503390098966054,0,0,0
S7_p011_t003_s912460123,2026-10-03T02:51:45Z,S7,11,2,0,0,3b88204f7503a25f6006c7f7e4640221e9d58096a962d94e476bb0d0a1ca7e68,12000,16,1,180000,0.9542690610024144,1,0.4465121759958013,0.45187507692729667,0,1,172800,0.0,-0.0682233901140475,-307.73306350142957,-23.852017395193062,0.02855027532499243,-0.0512337261444141,-0.006363126319683943,0.08333333333333333,0.0,600.0,13.358315865197463,13.34104315266287,0,0,0
S7_p011_t004_s1430561939,2026-10-03T02:52:00Z,S7,11,2,0,0,bdf8b5ceba6e73b3cc2fbd365e8b1e3bf616a333979c6c024eb05b6202ff92cd,12000,16,1,180000,0.9545048311469263,1,0.4453834560024869,0.4515977985426414,0,1,172800,0.0,-0.06702450969473721,-307.73306394699705,-23.81213909835619,0.03679778787208898,-0.052062679472916526,-0.006466080665177287,0.08333333333333333,0.0,600.0,29.4992253688546,13.406024167109594,0,0,0
S7_p012_t000_s516013663,2026-10-03T02:52:30Z,S7,12,2,0,0,a28c5a864624269cc4230920a498b65a4f5645a71c9cdb92d27cd04b3daff224,12000,16,1,180000,0.9957313512309751,1,0.4076963945380963,0.40891764220161214,0,1,172800,0.0,-0.05293397727579008,-299.16666663126244,-28.86666633690561,0.04382151775427737,2.246807735111843e-05,2.7904902708542068e-06,0.08333333333333333,0.0,600.0,77.13113366519276,6.2963988098546455,0,0,0
S7_p012_t001_s603633460,2026-10-03T02:52:45Z,S7,12,2,0,0,b876171e915770294e9164c718305e7722e48510226ef4eeefab67e3a2f4a7ad,12000,16,1,180000,0.9958907333469329,1,0.4081059905789611,0.40980042810956596,0,1,172800,0.0,-0.0523474094438077,-299.1666669848443,-28.95269344658386,0.03780756212185233,6.18645585402022e-05,7.683454441576032e-06,0.08333333333333333,0.0,600.0,63.05069104720052,6.296942673036616,0,0,0
S7_p012_t002_s71905326,2026-10-03T02:53:00Z,S7,12,2,0,0,7cc61f9776b49bceba69ad99c63f6bbc9dfdef5536cc97bf918918aec3f43c5b,12000,16,1,180000,0.9958381330698287,1,0.40862272812734923,0.41032089237967717,0,1,172800,0.0,-0.05318125931133548,-299.1666663693674,-29.117112461968976,0.03767140394792624,-9.969344691112686e-05,-1.2381726719468134e-05,0.08333333333333333,0.0,600.0,50.87820852873048,6.2227576719680835,0,0,0
S7_p012_t003_s1310018168,2026-10-03T02:53:15Z,S7,12,2,0,0,6633b2fc4f66269318c349ac888fcd6719caa37f23fbab73857928d700a32422,12000,16,1,180000,0.9959013057806885,1,0.4101893191069085,0.4115563588735712,0,1,172800,0.0,-0.05385045716002974,-299.16666738954336,-29.08613264861898,0.03998974157357237,-9.878163449833515e-05,-1.2268481441424228e-05,0.08333333333333333,0.0,600.0,52.69930007756476,6.077013791735246,0,0,0
S7_p012_t004_s1348406889,2026-10-03T02:53:30Z,S7,12,2,0,0,57cfc0c26cd751b906c211eb0e9c53f15f2569f018c3918f4f2b0d703600a136,12000,16,1,180000,0.9956631462958687,1,0.41030296563785795,0.4115563588735712,0,1,172800,0.0,-0.05385899417803749,-299.1666654976204,-28.991766862426886,0.03950032297616131,-7.517870990188424e-06,-9.337045412394218e-07,0.08333333333333333,0.0,600.0,57.62612130366615,6.025671774185522,0,0,0
S7_p013_t000_s1579884569,2026-10-03T02:53:45Z,S7,13,2,0,0,bf4e9b9300f706489c21ff94714dc0a4f3bce3ae8eaa41c953fe58d674d9ca63,12000,16,1,180000,0.9955369952237939,1,0.37410140450530416,0.3758831749902286,0,1,172800,0.0,-0.051669218715714185,-299.166665004633,-28.802491372610856,0.05508182475234223,-0.00015860461550188876,-1.9698376036103582e-05,0.08333333333333333,0.0,600.0,56.733627501443735,5.962906247965649,0,0,0
S7_p013_t001_s1427301707,2026-10-03T02:54:00Z,S7,13,2,0,0,9c8b62a5af1dab318a1488450427766514571d25b9fb2275eea7e6315f0cc7b8,12000,16,1,180000,0.995401003831696,1,0.37442806878997487,0.3761492632807654,0,1,172800,0.0,-0.05333768627112188,-299.16666482094723,-28.685888214323313,0.04248666635336364,7.615052649820812e-05,9.45774309002445e-06,0.08333333333333333,0.0,600.0,59.424616372385195,6.050295477171081,0,0,0
S7_p013_t002_s773490239,2026-10-03T02:54:15Z,S7,13,2,0,0,b72604bb4053fc7384f0ad6007c12cf5458391d35cdcd1346d02f83bebfaa108,12000,16,1,180000,0.9952880118836397,1,0.3743278743321037,0.37614926328076553,0,1,172800,0.0,-0.050164242598837824,-299.1666660663177,-28.750039964351437,0.029621092460866236,-0.00024634190297333095,-3.059517166548176e-05,0.08333333333333333,0.0,600.0,70.4535784935138,5.828317178541943,0,0,0
S7_p013_t003_s811508310,2026-10-03T02:54:30Z,S7,13,2,0,0,2d4e1fff262cc84ccf8e38d01aaac7ed061814ec3a496e811496e8dcf18b5791,12000,16,1,180000,0.9954736015137197,1,0.3745705336576663,0.37662107669554673,0,1,172800,0.0,-0.05129826863896096,-299.16666615025923,-28.796069466298412,0.04041072073863816,3.521351442167591e-05,4.373448064143304e-06,0.08333333333333333,0.0,600.0,51.254281203558946,5.8601234440464145,0,0,0
S7_p013_t004_s1152378489,2026-10-03T02:54:45Z,S7,13,2,0,0,9e23ba1b84a85347c606f9aab697d0d2bbd85a2673ef48a5c0b1b5d1db418d76,12000,16,1,180000,0.9956461046679448,1,0.41594513731169813,0.418668082892591,0,1,172800,0.0,-0.05157382745940428,-299.1666658144938,-28.71854591900081,0.025829834329787894,-0.00015648041321508237,-1.94345543604868e-05,0.08333333333333333,0.0,600.0,73.56350006438313,5.775976110875427,0,0,0
S7_p014_t000_s169517745,2026-10-03T02:55:00Z,S7,14,2,0,0,8a4aebbee19f4d07b1e5de0751e6bbf1987abc0a9f480c9c64201a4eb8e08fe4,12000,16,1,180000,0.9966984203675465,1,0.5336911057602785,0.5355012409278291,0,1,172800,0.0,-0.06461531424271022,-299.1666660401218,-30.014981552048884,0.05502784314302056,6.87796562378494e-05,8.542295745428419e-06,0.08333333333333333,0.0,600.0,59.122185815858366,5.739954920000595,0,1,0
S7_p014_t001_s1958578526,2026-10-03T02:55:15Z,S7,14,2,0,0,0e3e232cd029dedbf624b6535612a6c632d20580f84353cfdd4ce374af831a8e,12000,16,1,180000,0.9966265714751648,1,0.5336775646103565,0.5355012409278291,0,1,172800,0.0,-0.06300348519561008,-299.1666658111341,-30.131754734163955,0.05434918696995489,-5.1928088364701144e-05,-6.449364718719153e-06,0.08333333333333333,0.0,600.0,27.493287299443818,5.942383882581725,0,1,0
S7_p014_t002_s300372675,2026-10-03T02:55:30Z,S7,14,2,0,0,4573474232fbda6f1f85f57824ca08170ba832087365d2737f1dfa9e0baa75f9,12000,16,1,180000,0.9966930667357791,1,0.5319639890598994,0.5333600952674142,0,1,172800,0.0,-0.06476431177637097,-299.16666435865227,-29.935179155967884,0.04775320975844537,3.583037339239923e-05,4.450060714589199e-06,0.08333333333333333,0.0,600.0,64.31038577311678,6.135621381602557,0,1,0
S7_p014_t003_s1706399720,2026-10-03T02:55:45Z,S7,14,2,0,0,a11238d06091657108eeb8c4dc6eba3f58d03bf3911a8904632fd3370db10a27,12000,16,1,180000,0.996744122793007,1,0.5321282097521414,0.5339815998564005,0,1,172800,0.0,-0.06560525761239354,-299.16666672067424,-30.072970216296923,0.05320620565533554,7.343002073777073e-05,9.11986171558965e-06,0.08333333333333333,0.0,600.0,62.51437717052759,5.389480315949722,0,1,0
S7_p014_t004_s1200012924,2026-10-03T02:56:00Z,S7,14,2,0,0,22c8e9f095a1d782d4c4dd609fad4e94de11ff4cd936e159b22e2d28ad86242f,12000,16,1,180000,0.99668812005376,1,0.5320806800532762,0.5339815998564005,0,1,172800,0.0,-0.06395027982966583,-299.1666657035706,-29.961074305927372,0.04887683628460422,-9.803884290078701e-05,-1.2176228210591944e-05,0.08333333333333333,0.0,600.0,71.38413412280065,5.849147664038102,0,1,0
S7_p015_t000_s1755520088,2026-10-03T02:56:15Z,S7,15,2,0,0,e8ad6cb592ad81c6774586c683bf19ebdd46fe390588658cee7e7bb59e7b01b4,12000,16,1,180000,0.9965432893619672,1,0.518631147927404,0.520557629727911,0,1,172800,0.0,-0.05980343600447678,-299.16666614157657,-29.98667619154031,0.04462210918941895,-6.691878693125002e-05,-8.311179499287391e-06,0.08333333333333333,0.0,600.0,40.78998339824398,6.161877578761553,0,1,0
S7_p015_t001_s1047827504,2026-10-03T02:56:30Z,S7,15,2,0,0,723492e710d878728b38ae6f67a0e9955c197f9851f5b42f4220b8651cf6fe29,12000,16,1,180000,0.9965009420694255,1,0.5186792223754503,0.520557629727911,0,1,172800,0.0,-0.060735836891659505,-299.16666622449577,-29.726857932714317,0.042096991915738895,-4.994885102995755e-05,-6.2035474002186675e-06,0.08333333333333333,0.0,600.0,82.05588856805599,6.103120794455634,0,1,0
S7_p015_t002_s1284285689,2026-10-03T02:56:45Z,S7,15,2,0,0,ced3ae23af3141a80d1de94d3071f976ffe9b09846054aac23ba4873ccfbcebf,12000,16,1,180000,0.9965991995790223,1,0.5170760703651917,0.5186439775608325,0,1,172800,0.0,-0.059535920618604056,-299.16666689770807,-29.853113073139284,0.03734945637431441,-1.987409737577609e-07,-2.4683231458766386e-08,0.08333333333333333,0.0,600.0,44.47177162404052,5.5985401188355075,0,1,0
S7_p015_t003_s734715196,2026-10-03T02:57:00Z,S7,15,2,0,0,c0e67036255b2d41dccdd9556518496eeca2946b1fd703cfb24e9b05fa5dd5ca,12000,16,1,180000,0.9965566804869861,1,0.5183229325840428,0.519670351524659,0,1,172800,0.0,-0.0605815713074881,-299.1666665305529,-30.05485721230533,0.04719490185153183,-7.307295776645802e-05,-9.075515208678553e-06,0.08333333333333333,0.0,600.0,24.51513905502336,5.934803639949275,0,1,0
S7_p015_t004_s1450783488,2026-10-03T02:57:15Z,S7,15,2,0,0,6f56e352668e65455552460551a0f9c90edde3fcd3e3da334419a8f3b8c63584,12000,16,1,180000,0.9964621213372252,1,0.5184427320457216,0.519670351524659,0,1,172800,0.0,-0.06227656609045247,-299.1666654549899,-29.786687309413402,0.045705656565849344,-0.0002731923507918305,-3.392994358364376e-05,0.08333333333333333,0.0,600.0,73.78986491219698,6.418606366707199,0,1,0
S7_p016_t000_s313172177,2026-10-03T02:57:45Z,S7,16,2,0,0,bb7d40d88222fc99de2ca09718f67d9f741b0b7ab53956392248c209653d1083,12000,16,1,180000,0.9970324287727418,1,0.5166363416147476,0.5191460956900235,0,1,172800,0.0,-0.0604970519992264,-319.83333175497984,-29.686237235982766,0.05155520554122348,-0.00019738358963991695,-2.4514647066098405e-05,0.08333333333333333,0.0,600.0,101.10051068825206,6.324605459893751,0,1,0
S7_p016_t001_s95670008,2026-10-03T02:58:00Z,S7,16,2,0,0,036e1246f58e61ff9d5e4f12f10a03c83920b2d092251bdb0839a582ef892370,12000,16,1,180000,0.9968593046163879,1,0.518680942478864,0.5211593739572735,0,1,172800,0.0,-0.05990497354785014,-319.83333135119574,-29.487846308895445,0.04304665768245955,-0.00016170365509843215,-2.0083270555915078e-05,0.08333333333333333,0.0,600.0,126.62709558579661,5.698367821703439,0,1,0
S7_p016_t002_s762227068,2026-10-03T02:58:15Z,S7,16,2,0,0,03095f22cca1882cadecb56553dcf49d82e5279855a5f6d689c79034df55cc70,12000,16,1,180000,0.9968869117571166,1,0.5186857887425952,0.5211593739572736,0,1,172800,0.0,-0.06048494656896521,-319.83333105127593,-29.544694732972722,0.051759961466669516,-0.00023370362616878738,-2.9025522962911054e-05,0.08333333333333333,0.0,600.0,114.92284691593527,5.342135589703498,0,1,0
S7_p016_t003_s804352794,2026-10-03T02:58:30Z,S7,16,2,0,0,b9e900fdc9a5334b37b846ef613a23869145283b90abe9712e0dde6eab79e514,12000,16,1,180000,0.9970372150163561,1,0.5191867632367219,0.5214470255829986,0,1,172800,0.0,-0.059956899395766594,-319.833330333185,-29.585696113136017,0.034885402516355156,-0.0002039647465543772,-2.5332013592560543e-05,0.08333333333333333,0.0,600.0,96.52135896729533,5.38865648817355,0,1,0
S7_p016_t004_s1354763437,2026-10-03T02:58:45Z,S7,16,2,0,0,eefbbf86233f8bcaf3a4645a05b2425c3f54a7828074692c3fa990b62145392a,12000,16,1,180000,0.9968933471887088,1,0.5193474227997152,0.5214470255829986,0,1,172800,0.0,-0.060556037084834397,-319.833330586073,-29.659137224828203,0.04579829989955818,-7.202461643033538e-05,-8.945313311414793e-06,0.08333333333333333,0.0,600.0,92.98985417192578,5.784465680425725,0,1,0
S7_p017_t000_s1440417717,2026-10-03T02:59:00Z,S7,17,2,0,0,56b2d907c6999653d6d0ddd1b577758149c2b16daf96b04844b66cb234d8d8e4,12000,16,1,180000,0.8461937918114107,1,0.4630365482040679,0.5129358880074271,0,1,172800,0.0,-1.4808445822324487,-319.83124643986287,-4.108344849027422,53.107752420816794,904.0025745869924,112.27531175855529,3.5833333333333335,0.0,600.0,28.176769057771228,33.311591016082815,0,1,0
S7_p017_t001_s1958295760,2026-10-03T02:59:15Z,S7,17,2,0,0,315f18c28e0fe5aaea915cc219540fe89a52192933231258f33d49c1eb069c3c,12000,16,1,180000,0.8468824486310952,1,0.5039478327781985,0.5153969240471419,0,1,172800,0.0,-0.05916633052717563,-310.4583289793791,-29.259565460459104,0.05607922545529911,0.00035667240222208115,4.4297999011178035e-05,0.08333333333333333,0.0,600.0,152.59761024026704,5.289376157655344,0,1,0
S7_p017_t002_s1141094124,2026-10-03T02:59:30Z,S7,17,2,0,0,cd3fb44c5392a4cc1d9e0b2d4dd3cd4a27c4ed886c346b796ff8fd200b12cc72,12000,16,1,180000,0.8479048033577284,1,0.5038483916202072,0.5167923516845173,0,1,172800,0.0,-0.0583961348990924,-310.45833137219415,-29.378705617079955,0.04954820427382398,0.00034476949887523727,4.281968222130672e-05,0.08333333333333333,0.0,600.0,107.6607832437085,6.446259570324557,0,1,0
S7_p017_t003_s678609270,2026-10-03T02:59:45Z,S7,17,2,0,0,ec4eee8ac7e250d575ef8c75918f7111e6baffc238cf4069275308c49c4c1bf5,12000,16,1,180000,0.8473180506989874,1,0.501735387155303,0.5167923516845172,0,1,172800,0.0,-0.05759386188356186,-310.4583312591555,-29.597505174458874,0.04331091942119178,0.00013472700370426835,1.673282440606272e-05,0.08333333333333333,0.0,600.0,92.58491129483612,6.035786001010007,0,1,0
S7_p017_t004_s2097649527,2026-10-03T03:00:00Z,S7,17,2,0,0,a4e983056acffbab980b87df86d9a1b1ec7c3ceacb9774854e5e999d108e6772,12000,16,1,180000,0.8468674503960877,1,0.5002819119573513,0.516102839019976,0,1,172800,0.0,-0.058753358120727045,-310.4583338628424,-29.69893978581628,0.048935068671405346,-2.7021471458272766e-05,-3.356012712174561e-06,0.08333333333333333,0.0,600.0,96.62045223918948,5.768159188901127,0,1,0
S7_p018_t000_s54616312,2026-10-03T03:00:15Z,S7,18,2,0,0,883735f867902c36e2e0ea6cc30f5587b44ced43a619f4189715270cc77d7541,12000,16,1,180000,0.8479182882173257,1,0.5061294732979755,0.5214536280039387,0,1,172800,0.0,-0.0570570934138137,-310.4583355735643,-29.9391881665602,0.030737613039689457,-0.0006332586362083993,-7.864945609981078e-05,0.08333333333333333,0.0,600.0,53.937428214225214,6.207527395643238,0,1,0
S7_p018_t001_s952590612,2026-10-03T03:00:30Z,S7,18,2,0,0,fd7501206a59248513bea274b359f313fc3f119d0ed5281ac11d51bdc3d98889,12000,16,1,180000,0.8484025993943641,1,0.5081319482312652,0.5214536280039387,0,1,172800,0.0,-0.057372806053594266,-310.4583352617289,-29.739650193447012,0.039542325482068846,-0.00012253123029224341,-1.5218133739836048e-05,0.08333333333333333,0.0,600.0,89.99558587837785,5.503673837358097,0,1,0
S7_p018_t002_s42992291,2026-10-03T03:00:45Z,S7,18,2,0,0,023bcb3de883a915a8502a860cf1d8648c42609609377b63da51c3a53ec202fb,12000,16,1,180000,0.8473165592827688,1,0.5081023676751656,0.518290137308101,0,1,172800,0.0,-0.05748969059238335,-310.45833407162775,-29.883651313016017,0.043908919379299464,-0.0005093590264014882,-6.326137236101204e-05,0.08333333333333333,0.0,600.0,57.86040039899532,5.948816159549137,0,1,0
S7_p018_t003_s1754123281,2026-10-03T03:01:00Z,S7,18,2,0,0,7d83f38208757997dc7cf932e1826ae1fd246e9a147fc4d42ef0f04d7428685f,12000,16,1,180000,0.8475583493131666,1,0.5060194044341416,0.5199347640260285,0,1,172800,0.0,-0.05622235337460324,-310.45833875826247,-29.92186698723062,0.041462327599955794,-2.0760975172394137e-05,-2.578471594461007e-06,0.08333333333333333,0.0,600.0,76.27314695780358,5.944085508636948,0,1,0
S7_p018_t004_s2136748643,2026-10-03T03:01:15Z,S7,18,2,0,0,29f90877cb9f0fb369b1f7b3a046e23c42a55fab097b7ebbae772c73d24eb536,12000,16,1,180000,0.8473889130286582,1,0.505992529172311,0.5199347640260283,0,1,172800,0.0,-0.056391500191634816,-310.4583331504442,-30.09055816710689,0.048263749115308965,-0.0008179700731158963,-0.00010159024714084808,0.08333333333333333,0.0,600.0,15.518954474899676,5.994304323935216,0,1,0
S7_p019_t000_s2055416690,2026-10-03T03:01:30Z,S7,19,2,0,0,aca37deafef5eba84008ae68a01cab7ad21338fd4f8f419c1b13a291344f7114,12000,16,1,180000,0.847736134247237,1,0.5087241917015527,0.5215612309893869,0,1,172800,0.0,-0.060024333823542476,-310.4583316956402,-29.89915827625463,0.03874195181514373,-0.00010933997253661907,-1.3579805909103015e-05,0.08333333333333333,0.0,600.0,50.66173426036916,5.6450074126133885,0,1,0
S7_p019_t001_s2007325368,2026-10-03T03:01:45Z,S7,19,2,0,0,3c37c95f083d4e59411282400b15306354742738482fdea33c46fe01781a29e6,12000,16,1,180000,0.8483629925941373,1,0.5089269343982499,0.5215612309893868,0,1,172800,0.0,-0.060621807696903736,-310.45833301688435,-29.7782116723744,0.04959231070488515,0.00011511882430708675,1.429752774129156e-05,0.08333333333333333,0.0,600.0,78.62761147075157,6.387944672642281,0,1,0
S7_p019_t002_s1837273558,2026-10-03T03:02:00Z,S7,19,2,0,0,13d1c86a80e78f4b78b31da0f91f00d731f504ec579e1460d7a264df5ef411c8,12000,16,1,180000,0.8480890921988803,1,0.5074679236923821,0.5203377358061028,0,1,172800,0.0,-0.0601000863780131,-310.4583345628962,-29.929776857260784,0.03882973781070861,-0.00030533340789499835,-3.7921798593743006e-05,0.08333333333333333,0.0,600.0,58.59130166860031,5.689246515834153,0,1,0
S7_p019_t003_s1703565559,2026-10-03T03:02:15Z,S7,19,2,0,0,bdc1e25b0e920bf45b168ed323a83890b810ecfc2165c9b4caa38124783fd787,12000,16,1,180000,0.8483946623528668,1,0.5073832684488223,0.5203377358061028,0,1,172800,0.0,-0.06030761630278967,-310.45833403645463,-30.023986181612223,0.042357516450382895,6.434608010127758e-05,7.991654456418473e-06,0.08333333333333333,0.0,600.0,32.17106256360547,6.150401432232995,0,1,0
S7_p019_t004_s989415578,2026-10-03T03:02:30Z,S7,19,2,0,0,f450a27c2a667d2e6ec5fb99e45e9cf4356235d246029defed70fb5d789938d7,12000,16,1,180000,0.7421066514824002,1,0.45904878151039175,0.5200752091190527,0,1,172800,0.0,-2.1630836590887514,-300.64482815521114,-2.044496905010958,17.342906845212372,947.8402227733965,117.71985998801028,6.333333333333333,0.0,600.0,17.149276347666387,30.494692874638037,0,1,0
S7_p020_t000_s11753295,2026-10-03T03:03:00Z,S7,20,2,0,0,9ad49cba807adb98293c715b45de586147d493e54a46e9badbe700e5bd126a97,12000,16,1,180000,0.9581112818715661,1,0.5230573735068609,0.5254288041486718,0,1,172800,0.0,-0.07079262035130257,-311.31613287716755,-24.624506372326742,0.03839262199870978,-0.04818189944539491,-0.005984095547319157,0.08333333333333333,0.0,600.0,39.89379729182595,14.254848653704371,0,1,0
S7_p020_t001_s127051996,2026-10-03T03:03:15Z,S7,20,2,0,0,2b0b9f45fdc23f3a1541d79969802cdd3c33276fa49598ee3902beecff3fe87a,12000,16,1,180000,0.9581700166976017,1,0.5239752136893892,0.5256669929855555,0,1,172800,0.0,-0.06962547381584255,-311.3161197672295,-24.67119112136183,0.047352470004540785,-0.06429263762492697,-0.00798501700774068,0.08333333333333333,0.0,600.0,43.433593242440274,14.240753092206909,0,1,0
S7_p020_t002_s1814410164,2026-10-03T03:03:30Z,S7,20,2,0,0,ee8746cb84eaf35d2a998152ff2197484ab7710eb9fa1e939dc0ff4ae85e5ce2,12000,16,1,180000,0.958130110762308,1,0.5237434646020339,0.5271756313819506,0,1,172800,0.0,-0.07149565072112062,-311.3161272404074,-24.587452231796473,0.036529568922099326,-0.05881839592415112,-0.007305127136987721,0.08333333333333333,0.0,600.0,50.13194715297763,14.231071220201175,0,1,0
S7_p020_t003_s622957244,2026-10-03T03:03:45Z,S7,20,2,0,0,0e12f1a420097b5fab1be96c38bc7e518b3300e605dff50e8bf8428f08d5be93,12000,16,1,180000,0.958335812325439,1,0.523484581364214,0.5282992499915897,0,1,172800,0.0,-0.06938242351173968,-311.316108881913,-24.73270879652749,0.04762478046517997,-0.06144246077711442,-0.007631030743596057,0.08333333333333333,0.0,600.0,33.02635416029465,14.287824416219848,0,1,0
S7_p020_t004_s1019946476,2026-10-03T03:04:00Z,S7,20,2,0,0,4ae225a3cece03280b4b5c14f048ff81c73e3945d3eaf1e163b0884ff56a53fc,12000,16,1,180000,0.9581825650416473,1,0.5235973121035233,0.5282992499915897,0,1,172800,0.0,-0.06985413781356048,-311.3161079482694,-24.649590089603404,0.043912557963586035,-0.057229268967321764,-0.007107760747203429,0.08333333333333333,0.0,600.0,45.803765805673855,14.19363011763022,0,1,0
S8_p000_t000_s1451638557,2026-10-03T03:04:30Z,S8,0,12,0,0,aca5f4bbbbe609f610a5acc2ca073921feb3dc6cff00e1c3dcdc8a2cac7d800d,12000,16,1,180000,0.9633110883015085,1,0.7574084854729902,0.7813339612689649,0,1,172800,0.0,-0.09630303362846662,-321.31536175516646,-26.122582957514915,0.10140078212390559,-0.04570266129834129,-0.005676179127931391,0.08333333333333333,0.0,600.0,33.01374289244164,16.584259723029334,0,1,0
S8_p000_t001_s686175255,2026-10-03T03:04:45Z,S8,0,12,0,0,cf96daaa747a7280aebafeba274e9c64eaef693af15f31451300052aed57c93d,12000,16,1,180000,0.9632275604978872,1,0.757699961071038,0.782031835052609,0,1,172800,0.0,-0.09451719586408872,-321.3153676812641,-26.067165561785988,0.08583318994779779,-0.04589540205146526,-0.005700117143987882,0.08333333333333333,0.0,600.0,42.9705348989411,16.468806047624316,0,1,0
S8_p000_t002_s147853078,2026-10-03T03:05:00Z,S8,0,12,0,0,e9d07a72bbc5e00fdb7b9f595d3adb2552f1abb6636da73ca03ce088cb1ab097,12000,16,1,180000,0.96328661966487,1,0.7578327298470248,0.782031835052609,0,1,172800,0.0,-0.09614789218847972,-321.31535578506316,-26.12286822522052,0.07911063965738062,-0.04698476015016,-0.005835413241129572,0.08333333333333333,0.0,600.0,46.260509789433335,16.48851878610903,0,1,0
S8_p000_t003_s1651849846,2026-10-03T03:05:15Z,S8,0,12,0,0,957e2d4bfa536bda2972f6d487c0798075007a1c12fdf965f0ef115bbca0d9e8,12000,16,1,180000,0.963179323843665,1,0.7575225766941109,0.7812855341615296,0,1,172800,0.0,-0.09547438552112605,-321.31537030575544,-26.077956539946445,0.10195124880101958,-0.042825915470955336,-0.00531889304966171,0.08333333333333333,0.0,600.0,36.113991268383515,16.673351100437078,0,1,0
S8_p000_t004_s285589846,2026-10-03T03:05:30Z,S8,0,12,0,0,46a609818df8e66f586a47b41161d0f6e05c14f34fc0372186bc1bc22c222b2f,12000,16,1,180000,0.9633058893800863,1,0.7565170874769317,0.7807268557375117,0,1,172800,0.0,-0.09540546385439415,-321.3153622422251,-26.084346845946314,0.09610906360218616,-0.04945724666954148,-0.0061424911218637135,0.08333333333333333,0.0,600.0,41.37327489913644,16.501286060966844,0,1,0
