slot,cycle_utc,scenario,part,n_truth_rows,oversize,after_oversize,wav_sha256,fs,bits,channels,n_samples,rho_peak,rho_sign,rho_neighbour_max,ref_vs_neighbour_ref_rho,lag_ambiguous,g_sign,n_support,lag_lost,g_db,tau_ms,resid_db,step_db_max,drift_ppm,drift_dlag_samples,zero_run_ms,head_zero_ms,tail_zero_ms,click_max,tile_excess_db,clip_n,nondiscriminating,ref_mismatch
S1_p000_t000_s913544046,2026-10-03T01:16:45Z,S1,0,1,0,0,7ec5e767923463db64bfbc6a206b3f0032e40a8f116f76d9aefa4e5de41fc39c,12000,16,1,180000,0.9131731978413499,1,0.03656801433571088,0.02956592747315697,0,1,173711,0.0,-2.7728638904480416,-324.075076938183,-8.180919823713923,0.15397391480305356,-0.005464547064176459,-0.0006836640186520526,0.08333333333333333,0.0,0.0,4.934318564728051,5.011655407049424,0,0,0
S1_p000_t001_s68344610,2026-10-03T01:17:00Z,S1,0,1,0,0,ed31fadad92392caa92b28a4b0be8ab7f6cbfaf0bf53a33597c6cde96a2167a9,12000,16,1,180000,0.9138870512853864,1,0.039029479069244845,0.030887026653478054,0,1,173659,0.0,-2.746061063398945,-328.40841575568993,-8.216653009273337,0.15106935102730232,-0.0012182477823565847,-0.00015235041291816742,0.08333333333333333,0.0,2.8333333333333335,5.519482131196895,5.392333254332536,0,0,0
S1_p000_t002_s205210819,2026-10-03T01:17:15Z,S1,0,1,0,0,343091c5cf54a53444f7cd19f239eddf74248cecdbbfda44fd1baaafa1b159ec,12000,16,1,180000,0.9134834066519713,1,0.05670567519200252,0.04584283300923298,0,1,173693,0.0,-2.763774282133467,-325.57510072265967,-8.192681026205443,0.12075309154890565,-0.0015286689825862046,-0.00019122273170069093,0.08333333333333333,0.0,0.0,4.855139661970096,5.736442257982129,0,0,0
S1_p001_t000_s1915168523,2026-10-03T01:17:30Z,S1,1,1,0,0,dc550289e677521f8cf9ef0e3ada31ddf176191e5bf928cea1df969e3ab354b6,12000,16,1,180000,0.9172037617443581,1,0.08446048538515145,0.06898944693947938,0,1,173628,0.0,-2.6201662936127317,-330.99180609786947,-8.391680085644875,0.2569172189200368,0.008424892872720488,0.0010533306563047518,0.08333333333333333,0.0,3.9166666666666665,4.770531829214041,8.513337852106147,0,0,0
S1_p001_t001_s1105300121,2026-10-03T01:17:45Z,S1,1,1,0,0,3e4a776f8a0968283fc37887b66b8bff8b1e98f98029b57174d003a7dfcce13e,12000,16,1,180000,0.9167235580746084,1,0.08365527218479933,0.06898944693947938,0,1,173675,0.0,-2.634811519195482,-327.0751499545986,-8.356337093399524,0.32564703079900553,0.008103935225635163,0.0010135834904758667,0.08333333333333333,0.0,0.9166666666666666,4.678024737193511,8.894821185144437,0,0,0
S1_p001_t002_s1345625016,2026-10-03T01:18:00Z,S1,1,1,0,0,59aecf6102bb0d094cd261061b5151d26730492bbe9a7df4cdd5a5842c7359f8,12000,16,1,180000,0.9163035433600892,1,0.10593948201132289,0.08369050839214716,0,1,173686,0.0,-2.6539856443752514,-326.15845401598017,-8.342998357282136,0.25264920694134324,0.0025323447969699646,0.00031675581658419105,0.08333333333333333,0.0,0.0,4.774781846740323,8.02932509079011,0,0,0
S1_p002_t000_s1491760006,2026-10-03T01:18:15Z,S1,2,1,0,0,e6f4197bf523968da225d8fb9f2c9b08758c92181ea5172ae034278574c68068,12000,16,1,180000,0.9202815918600564,1,0.13222881577570186,0.10617227651817505,0,1,173657,0.0,-2.501679292032268,-328.57517153029096,-8.559649280345145,0.42980596341081256,0.008647718800016522,0.0010814404745360662,0.08333333333333333,0.0,2.6666666666666665,5.013928098437836,10.010247300454182,0,0,0
S1_p002_t001_s546635023,2026-10-03T01:18:30Z,S1,2,1,0,0,04b5437b503b90b58d49dee5512969683fc749107f61003ef23c8f499dc080a6,12000,16,1,180000,0.9200645079147953,1,0.13102277445748312,0.10617227651817505,0,1,173689,0.0,-2.508119972928591,-325.908540930183,-8.53733788997853,0.3851378658373873,0.01050895223873628,0.001314533308686805,0.08333333333333333,0.0,0.0,4.739669366338872,10.361268232676576,0,0,0
S1_p002_t002_s714902369,2026-10-03T01:18:45Z,S1,2,1,0,0,5b36e0390fccf34aee8aa924f34ea2ced25d0a115fefe29fa26a54b12d5a555e,12000,16,1,180000,0.919745824505172,1,0.18078206952554857,0.14670016776381692,0,1,173602,0.0,-2.5248351910923708,-333.1585120165267,-8.532103903302886,0.35584894406030404,0.015910911719402066,0.001988863964925258,0.08333333333333333,0.0,1.5833333333333333,5.531299715023855,10.409451260326545,0,0,0
S1_p003_t000_s474144144,2026-10-03T01:19:00Z,S1,3,1,0,0,093ea5714c5d2007bbb69b6bd1dea4fe48615b1aa1ee3bb40f010007166e4fc6,12000,16,1,180000,0.9278533280578242,1,0.24824013845584306,0.205272445875899,0,1,173621,0.0,-2.2205528285062033,-331.5754008089686,-8.982913563145704,0.7208139169390747,0.01698881133040124,0.0021239242037154327,0.08333333333333333,0.0,1.6666666666666667,4.656498534164651,13.18905741272799,0,0,0
S1_p003_t001_s1226819330,2026-10-03T01:19:15Z,S1,3,1,0,0,af32cd88fdc6664112e33264de0507f8c1de5a795cec42e0be48eadc634308d7,12000,16,1,180000,0.928352118912919,1,0.24820944049579124,0.2067914222664561,0,1,173641,0.0,-2.2093868216674486,-329.9087252074399,-9.013950400209708,0.609693394584614,0.014444440313140806,0.0018061183723148133,0.08333333333333333,0.0,0.8333333333333334,4.587833861876611,13.149319475293165,0,0,0
S1_p003_t002_s1182452760,2026-10-03T01:19:30Z,S1,3,1,0,0,7edd1317c0123fa84f03e744b82c10f6958ad4145ab925f45f637d87091cc59d,12000,16,1,180000,0.9284805358190361,1,0.3141587316055711,0.2618170648542017,0,1,173651,0.0,-2.2055168780049033,-329.07540460104735,-9.02693422828193,0.6962701971839692,0.019387381479340077,0.0024243726666099974,0.08333333333333333,0.0,3.416666666666667,4.7118580806171,13.194408140408427,0,0,0
S1_p004_t000_s184630235,2026-10-03T01:19:45Z,S1,4,1,0,0,cab96af9b77d4b1626a9c1b7614fd3b2062829bf9a0af14a4d45c43d4f715462,12000,16,1,180000,0.4791173943076996,1,0.16399782450282224,0.3240614133098152,0,1,173816,0.0,-7.123858995831188,-315.35485389226534,4.3392294990583204,22.290878403143385,987.2198999015104,123.61375254626773,9.666666666666668,0.0,0.0,7.1581088382381965,22.416963173391157,0,0,0
S1_p004_t001_s792672454,2026-10-03T01:20:00Z,S1,4,1,0,0,9e061d9bbe0f4b345467062b0f5948f368f3fc29859605b9db0a863b5c957193,12000,16,1,180000,0.8630471569101945,1,0.3698612148077289,0.3244084884058915,0,1,173777,0.0,-1.9257729707669,-318.6089044368558,-9.183228091122611,1.006660034076,0.13734259307847407,0.017191859088597994,0.08333333333333333,0.0,0.0,4.696959163955128,15.894398521827654,0,0,0
S1_p004_t002_s2116022063,2026-10-03T01:20:15Z,S1,4,1,0,0,6a9fa5e962d187c2402a6b4560bfcd5e37e4570c80308e1c96dde15ca48775ce,12000,16,1,180000,0.8634397766577272,1,0.4572675973550452,0.40085981705685186,0,1,173758,0.0,-1.9157987833103653,-320.1922826422142,-9.201244447893997,0.9484612509541178,0.13911425749379994,0.017410984010894026,0.08333333333333333,0.0,0.0,4.985936766018436,16.061752302899045,0,0,0
S1_p005_t000_s528655056,2026-10-03T01:20:30Z,S1,5,1,0,0,801065c77f597a911af636810d5e82768f3b342e1a5ed1c566bee999c759ae5a,12000,16,1,180000,0.8834273565065366,1,0.5392862151799964,0.49594440376218796,0,1,173742,0.0,-1.438423311096444,-321.5275849105462,-10.486871759466466,1.5766325356257354,0.20026409170427592,0.02506104843587309,0.08333333333333333,0.0,6.916666666666666,4.6328621441500735,19.00677374565321,0,0,0
S1_p005_t001_s108725431,2026-10-03T01:20:45Z,S1,5,1,0,0,e68b1d812657ce800d58d5d6d8b6fed293cd776c1426f15d9059fd1ab920a930,12000,16,1,180000,0.8836452571920173,1,0.5407827808504287,0.49594440376218807,0,1,173825,0.0,-1.4377706850112084,-314.6108787817878,-10.491846053312326,1.4583948116187249,0.1675828534207736,0.020985227653909533,0.08333333333333333,0.0,0.0,4.534470423816848,19.14381071903879,0,0,0
S1_p005_t002_s2006277236,2026-10-03T01:21:00Z,S1,5,1,0,0,e9c498374329e10bdd2a6172131836886704abcdb3bfabda8c2d33f8de5c8720,12000,16,1,180000,0.8835462034576443,1,0.627391613415785,0.575200827769748,0,1,173764,0.0,-1.4390918629945781,-319.69423869165985,-10.489380797596002,1.4461391750066297,0.18321080438995505,0.022931030699055555,0.08333333333333333,0.0,1.25,4.77212490232607,19.076240050664193,0,1,0
S1_p006_t000_s147152921,2026-10-03T01:21:15Z,S1,6,1,0,0,ce54546c0c260392ccc482d04cfa12a2dd9b072c6a45c70fb63114db4414318e,12000,16,1,180000,0.9042683049974374,1,0.6994505537513573,0.6695122953158428,0,1,173779,0.0,-0.9678052217572459,-318.44655686604165,-12.394213156034017,1.9270954735766552,0.1951836579852775,0.024432504755623086,0.08333333333333333,0.0,0.0,4.8120323315484175,21.827628504061106,0,1,0
S1_p006_t001_s1953053430,2026-10-03T01:21:30Z,S1,6,1,0,0,83386b9cde42ebc622427abc61f732d0a2421e62950aeac7a0258df525eed248,12000,16,1,180000,0.9039851575482403,1,0.7008506161791703,0.6695122953158428,0,1,173730,0.0,-0.9770539379844847,-322.5298582460533,-12.317334117577442,1.991165797996245,0.21189415761517064,0.026513892154071073,0.08333333333333333,0.0,341.8333333333333,5.51394422803705,21.77575810934232,0,1,0
S1_p006_t002_s147567551,2026-10-03T01:22:00Z,S1,6,1,0,0,23e726622e8718cc5e43aabb81b251a1d6e0f46d6513044d985521c71e1b6eb2,12000,16,1,180000,0.9040999518159928,1,0.758467201409805,0.7239516056757861,0,1,173608,0.0,-0.9739796218935162,-332.6965359689135,-12.345141195852545,1.991393807139565,0.20146923111989212,0.025184862705373234,0.08333333333333333,0.0,0.0,4.8052374578960855,21.55424389209269,0,1,0
S1_p007_t000_s1402667823,2026-10-03T01:22:15Z,S1,7,1,0,0,70bb56122103303e8b72463d4497cafaa78f14dc2017c98902b609bec8bca466,12000,16,1,180000,0.9183535656340144,1,0.8062358518612255,0.7888016545704567,0,1,173585,0.0,-0.6619882406295559,-334.614988958554,-14.365454342397692,2.2509701380028297,0.17263972872472028,0.021577031215201714,0.08333333333333333,0.0,5.25,4.74253804927759,23.22878505133561,0,1,0
S1_p007_t001_s1425587327,2026-10-03T01:22:30Z,S1,7,1,0,0,6c2d0af3f469b81e7e01c0ee5d981d6ca3b98a3b4ce50b67b09a12d32ee4896f,12000,16,1,180000,0.9182143197804915,1,0.8046009774686005,0.7888016545704567,0,1,173648,0.0,-0.6620742280301534,-329.3650311166754,-14.349210399395862,2.413002480572379,0.18492378229676373,0.02312397928108112,0.08333333333333333,0.0,2.916666666666667,4.508502886042569,23.197119751047875,0,1,0
S1_p007_t002_s718289455,2026-10-03T01:22:45Z,S1,7,1,0,0,a37c2e9d65576442cd1a898e11a3aa85d2a7e59f1f74c1a35a8cd66d710b411f,12000,16,1,180000,0.9180751467265984,1,0.8553564648425979,0.8385280478656059,0,1,173683,0.0,-0.6672077077756697,-326.4483025826964,-14.320474047748643,2.274016072055209,0.1706762751893137,0.021348359176954546,0.08333333333333333,0.0,0.0,5.275338720849222,23.31801922860955,0,1,0
S1_p008_t000_s1206520285,2026-10-03T01:23:00Z,S1,8,1,0,0,604a8bef13771e05ecb9ae007e1d625a0973028b53555e7c8da24b452e509991,12000,16,1,180000,0.8667555480410003,1,0.848367097743353,0.8922877015429264,0,1,173582,1.0,-0.9312362115220868,-334.86993015687284,-8.249277557383593,49.902914156306146,-2.4296986816993043,-0.30366374123877904,9.666666666666668,0.0,1.0833333333333333,24.593060182317522,48.97772020013194,0,1,0
S1_p008_t001_s1462033172,2026-10-03T01:23:15Z,S1,8,1,0,0,985cb964aa922957fdc6156abde126024aae677ee7296792a8831ba5b43419c6,12000,16,1,180000,0.9886637401074863,1,0.9120761368151716,0.8922877015429264,0,1,173718,1.0,-0.4021488312576163,-323.4939641666382,-17.63572091347358,2.4837440771168606,0.025486895072763905,0.0031888183639239287,0.08333333333333333,0.0,6.416666666666667,4.832212241661525,23.145871928725185,0,1,0
S1_p008_t002_s1537966073,2026-10-03T01:23:30Z,S1,8,1,0,0,42c11b2a71342aff48b6407cd57aae69389aaf8daef2121c8be085a1399a2d24,12000,16,1,180000,0.9887976917361073,1,0.9328811258455444,0.9131794267773907,0,1,173795,1.0,-0.3986241452337191,-317.0772971673923,-17.70003502745254,2.5018369864355616,0.02859121210392207,0.003579419616926316,0.08333333333333333,0.0,0.4166666666666667,4.512455089776332,23.12507998237269,0,1,0
S1_p009_t000_s758409719,2026-10-03T01:23:45Z,S1,9,1,0,0,5401e31837bc30a8e4244979a4a21c244b0ad10409879fc370be84e87929e910,12000,16,1,180000,0.9925560287527493,1,0.94617699381935,0.9343002500583387,1,1,173800,nan,-0.30011628885278263,nan,-19.8558931373551,2.566005952826547,nan,nan,0.08333333333333333,0.0,0.0,4.299765867924017,23.082239569822004,0,1,0
S1_p009_t001_s1723470335,2026-10-03T01:24:00Z,S1,9,1,0,0,07ade8b4a099b1a5f07fe0d890e5475b1b94ac438392e6504f45b8007e55e3de,12000,16,1,180000,0.9924993008972808,1,0.9462219703037175,0.9343002500583387,1,1,173734,nan,-0.30105982984150287,nan,-19.807789214938854,2.607219414487101,nan,nan,0.08333333333333333,0.0,0.0,4.882700417629477,22.991169380423937,0,1,0
S1_p009_t002_s1581091521,2026-10-03T01:24:15Z,S1,9,1,0,0,8584d23293e698af963eee924dbe31ae3a8e1e4a0a27194dac423189c53e466b,12000,16,1,180000,0.9924924152554692,1,0.9461016854963988,0.9342265314570748,1,1,173725,nan,-0.30154344654949666,nan,-19.805874569167983,2.746051029809947,nan,nan,0.08333333333333333,0.0,350.1666666666667,4.300069034373931,22.918944666166873,0,1,0
S1b_p000_t000_s670279447,2026-10-03T01:24:45Z,S1b,0,1,0,0,aba7b308de9e5a68566e6a64d804a5cefb7bf4c0f675e49d5e554d880b3de891,12000,16,1,180000,0.9118563200031445,1,0.054499105208757434,0.04314353477945923,0,1,173648,0.0,-2.8260912335372534,-329.32502804578087,-8.130700303235592,0.12817949263724657,-0.004653412763972519,-0.0005818906524837075,0.08333333333333333,0.0,0.0,5.158296394092617,2.1159478286602047,0,0,0
S1b_p000_t001_s755619207,2026-10-03T01:25:00Z,S1b,0,1,0,0,ef508203c6d569a4f1f2cd298e6462b1e18ea685aef6942c32386861062de029,12000,16,1,180000,0.9116806222428627,1,0.011066066655422525,0.011555912219765227,0,1,173618,0.0,-2.827666897512484,-331.8250362791241,-8.109728988198226,0.09598414286038837,0.006133763895809479,0.0007668186271985178,0.08333333333333333,0.0,3.0833333333333335,4.679994998059329,2.3098559103060037,0,0,0
S1b_p000_t002_s405040029,2026-10-03T01:25:15Z,S1b,0,1,0,0,1dc68d83cb5580b1d1cd46416ff668fa5c09c30a7a2c9bf387bc5e8832b38a90,12000,16,1,180000,0.9114339117857253,1,0.01215280255217644,0.011555912219765223,0,1,173655,0.0,-2.845429579792712,-328.7416809568737,-8.103851313502535,0.11639884190843046,-0.0029010427009804165,-0.000362784092885704,0.08333333333333333,0.0,0.6666666666666666,5.21486624634379,2.4653315520878407,0,0,0
S1b_p001_t000_s421145395,2026-10-03T01:25:30Z,S1b,1,1,0,0,05c998e6b005e12e0ea132f870277549f88369f80ccf8a3727b440ae6987a07d,12000,16,1,180000,0.9120681967401222,1,0.011660669583022101,0.011333582432054332,0,1,173663,0.0,-2.822299291762093,-328.07503456242796,-8.133592394629884,0.107212252079404,0.004163677755143205,0.0005207137037359644,0.08333333333333333,0.0,0.0,4.824488926816917,2.1534698228473794,0,0,0
S1b_p001_t001_s617056408,2026-10-03T01:25:45Z,S1b,1,1,0,0,3828bbc1ac2e4aaa7901bf35b1f08b1cffd187afc6e3bfc933a84ea9b01a4ba8,12000,16,1,180000,0.9112806989316601,1,0.012824886602855358,0.011305349550454044,0,1,173562,0.0,-2.8412046279388075,-336.49172090553293,-8.083133062254017,0.14038912361777323,-0.0011333278765023852,-0.00014162065144773806,0.08333333333333333,0.0,9.5,4.775216074342326,2.132082623922681,0,0,0
S1b_p001_t002_s1338794941,2026-10-03T01:26:00Z,S1b,1,1,0,0,7c36017f9af2fdc63b29dcdaaf877f046692d4a37c0c3f0509ee2a677c9c1686,12000,16,1,180000,0.9118538770492151,1,0.01262907825412922,0.012603220098951503,0,1,173676,0.0,-2.8289363888960644,-326.99171146870077,-8.123465901821454,0.15321195959490988,-0.002263064840431046,-0.0002830505718520726,0.08333333333333333,0.0,0.0,5.226487498242169,2.2042805935819745,0,0,0
S1b_p002_t000_s265536591,2026-10-03T01:26:15Z,S1b,2,1,0,0,850a1ff86c02117092bc90a42d7c5a33d6f4e56ed4995e4d8bed3ae767179a6f,12000,16,1,180000,0.9121270509297297,1,0.014120788581405377,0.0126032200989515,0,1,173563,0.0,-2.817693875826917,-336.4083958697817,-8.123663054551658,0.16627619365953614,-0.002660559176105526,-0.00033246613520532264,0.08333333333333333,0.0,4.5,5.2883961466684495,2.37640008355644,0,0,0
S1b_p002_t001_s984384874,2026-10-03T01:26:30Z,S1b,2,1,0,0,26ce665605948167dae30836e40dbf2a146c9870b7a8220636c05c6e8258c299,12000,16,1,180000,0.8903043093443851,1,0.013476339633633018,0.01298530339325719,0,1,173738,0.0,-3.1260288765301194,-321.838676490964,-6.121935023214704,34.34312619202032,0.0041890672238906,0.0005242031161287741,9.583333333333332,0.0,0.0,14.09910133860334,12.361876101099643,0,0,0
S1b_p002_t002_s1445559193,2026-10-03T01:26:45Z,S1b,2,1,0,0,ce83de5fc393e1929e51e80a6b755dbe63303ccd2880deeccfbd9fc798bf2e34,12000,16,1,180000,0.9257386302818366,1,0.01725497895637658,0.015758898130045152,0,1,173725,0.0,-2.8040777578867693,-322.9219633884671,-8.229099241209529,0.14467678620412328,0.0018356143093035315,0.00022967756922298577,0.08333333333333333,0.0,0.25,4.91425133702991,3.074061752170954,0,0,0
S1b_p003_t000_s799072493,2026-10-03T01:27:00Z,S1b,3,1,0,0,daf541e1213e9cd9fa189287ec2aa501496d7f613ff664e4e752e30c5d2a8c81,12000,16,1,180000,0.9262408029809197,1,0.023155342975472667,0.018272154502737295,0,1,173728,0.0,-2.768690572595645,-322.6720239295276,-8.265695016588957,0.14004949159911748,-0.007162779747798721,-0.0008962499787230627,0.08333333333333333,0.0,2.5,4.411496125861319,3.8989532056246463,0,0,0
S1b_p003_t001_s1267271188,2026-10-03T01:27:15Z,S1b,3,1,0,0,8eff7978088e8462f811937107b0c3ef60ef62a0341ca920b03a0d133828995c,12000,16,1,180000,0.9261387891713319,1,0.023800095917853523,0.020243011075190154,0,1,173758,0.0,-2.785618569613301,-320.1720026706359,-8.257532269699901,0.17504339872238595,0.010703881834080164,0.0013396550348261371,0.08333333333333333,0.0,0.0,4.876613668798254,4.1488392958918405,0,0,0
S1b_p003_t002_s60044557,2026-10-03T01:27:30Z,S1b,3,1,0,0,a18fecbda440aa2acc28b3f951bbc0d5b136ce91bbfd860ac7ed0ae8353e96d5,12000,16,1,180000,0.9258840082187283,1,0.024050965764048183,0.020243011075190158,0,1,173680,0.0,-2.779120167982396,-326.6720149406562,-8.242692237328416,0.14334823690154158,0.0033175073421731925,0.00041494718334433855,0.08333333333333333,0.0,356.5833333333333,4.791517811768539,4.135298382835655,0,0,0
S2_p000_t000_s1289144792,2026-10-03T01:28:00Z,S2,0,1,0,0,121d838d487ee03db3e8923207dd7fd62f670d06f75ad22fa61396234a9e0f80,12000,16,1,180000,0.9448893628937199,1,0.3599205418665592,0.3034330082516182,0,1,173802,0.0,-1.8661768790108186,-316.5054230793103,-9.598844677282452,0.9714266571153201,0.009449714850986743,0.0011831042993435403,0.08333333333333333,0.0,0.0,5.58100317027277,15.706393680985549,0,0,0
S2_p000_t001_s68113513,2026-10-03T01:28:15Z,S2,0,1,0,0,af8fb84e056b0a5640a457b4defcf00cb5ea43cf0131e4ee77d740b9025c9945,12000,16,1,180000,0.9450384425953976,1,0.36375485058179824,0.30742776009651607,0,1,173773,0.0,-1.8546377264975389,-318.9221177650058,-9.613724117964681,1.0665929310920097,0.0071852425784342784,0.000899383998785197,0.08333333333333333,0.0,0.0,4.866296053113277,15.70387605986895,0,0,0
S2_p000_t002_s492170927,2026-10-03T01:28:30Z,S2,0,1,0,0,91d5e94aefc436a3521ca2a82ef51ccf0c40b034b68547c8ad5f0de1369346f7,12000,16,1,180000,0.9450406723963528,1,0.3638147511622379,0.30742776009651607,0,1,173753,0.0,-1.8574086842860174,-320.58875711010296,-9.610164904678339,0.9803678518431974,0.008199822072079362,0.0010262159321428044,0.08333333333333333,0.0,0.0,5.149377452553324,15.751217227819826,0,0,0
S2_p001_t000_s2106742562,2026-10-03T01:28:45Z,S2,1,1,0,0,b25339f4b8f890663c96dc39f66ebfaa4e1aff2ac3cea6bc0c8427beeec361a8,12000,16,1,180000,0.9445708585546744,1,0.36162485806769795,0.30578272388914524,0,1,173717,0.0,-1.8616717001645267,-323.5891075352859,-9.605439110790105,1.126538744966796,0.025715187014282468,0.003217355623291951,0.08333333333333333,0.0,0.08333333333333333,4.675149371553852,15.87735075511098,0,0,0
S2_p001_t001_s1155555599,2026-10-03T01:29:00Z,S2,1,1,0,0,015fa878f70b6cdee68cd64cb8c8af6cd6bad3347c18f1e5ae52d3c2436f56fd,12000,16,1,180000,0.9448431807817247,1,0.3627724684686487,0.30634906820550983,0,1,173718,0.0,-1.8553685807930766,-323.50577172666937,-9.629886418597268,1.0411115177691814,0.024159793832861088,0.0030227767651922477,0.08333333333333333,0.0,0.0,4.5722685783284795,15.625769439129451,0,0,0
S2_p001_t002_s1218472882,2026-10-03T01:29:15Z,S2,1,1,0,0,504cc73b43da7741fbe0b4ed577c37b233efbce6e4eb04652ac95113864753f4,12000,16,1,180000,0.9444942073148989,1,0.3626279653591407,0.30634906820550983,0,1,173695,0.0,-1.8615820637349778,-325.4224583361314,-9.603603228104218,1.0395266338500877,0.024382055021636925,0.0030500244088216277,0.08333333333333333,0.0,0.0,5.059597299433931,15.77977670428149,0,0,0
S2_p002_t000_s1410889249,2026-10-03T01:29:30Z,S2,2,1,0,0,42719fe53d542b7918d14cdc660cf5d4b8af65de6a74215b40c63ca50566285a,12000,16,1,180000,0.9436163509454888,1,0.35852480797501307,0.3033898382135205,0,1,173682,0.0,-1.8725454836499211,-326.50623606507844,-9.573631104991984,1.040866225331203,0.045083308885026666,0.005639020275339135,0.08333333333333333,0.0,8.666666666666666,4.851436405027628,16.030958453309715,0,0,0
S2_p002_t001_s1295536992,2026-10-03T01:29:45Z,S2,2,1,0,0,05ba563043b23d8c203a853f3cea13cd0179b5140330a15f8f349fa3816f07a6,12000,16,1,180000,0.9435519301009401,1,0.35885715830432385,0.3043322498678894,0,1,173786,0.0,-1.8785008365482123,-317.8395546403032,-9.573083277325686,0.9486110489535609,0.051088126234783676,0.00639541599457516,0.08333333333333333,0.0,0.0,5.080905432026423,15.800733091981805,0,0,0
S2_p002_t002_s1338324977,2026-10-03T01:30:00Z,S2,2,1,0,0,9a572e5ea1f716debe6ebb92ec61d09852df701c04a45ae8bf7cecf0ff159c14,12000,16,1,180000,0.6279242239320123,1,0.3097525266359098,0.3043322498678894,0,1,173731,0.0,-5.331529972394811,-322.4278262029238,1.6581664026997787,54.18447831505057,1000.3480682466361,125.17255343163333,9.833333333333332,0.0,1.75,8.108556759694665,21.007136700133927,0,0,0
S2_p003_t000_s1727962604,2026-10-03T01:30:15Z,S2,3,1,0,0,6e6826765214f14fb31a32a9bebcf3fef7ae93c9cb7082f67ecaa9f6d71ddf02,12000,16,1,180000,0.9366054145982191,1,0.3600025654393705,0.3051709554492243,0,1,173877,0.0,-1.885328946790219,-310.2422773054883,-9.50980801947132,0.9825845061765497,0.028047896987555342,0.0035137002951159957,0.08333333333333333,0.0,0.0,4.786952281017811,15.84594922947325,0,0,0
S2_p003_t001_s505940398,2026-10-03T01:30:30Z,S2,3,1,0,0,18951545be042e84e4b1e77a35ab5b36dd43257fa6160791e07512b81d3bb4bd,12000,16,1,180000,0.9370324198590668,1,0.36185355739374814,0.30689079226417026,0,1,173857,0.0,-1.8771541210732223,-311.908943494694,-9.543062763780842,0.9187388318732037,0.024015272834439758,0.003008032998877752,0.08333333333333333,0.0,0.0,4.84523711491783,16.0565876071661,0,0,0
S2_p003_t002_s1702346768,2026-10-03T01:30:45Z,S2,3,1,0,0,4b05c827e5c6ce6d103dcbdd7fb4d51fd493d56b80439bd1413f0e70d5598da4,12000,16,1,180000,0.9363621784724675,1,0.3624066061450426,0.30689079226417026,0,1,173819,0.0,-1.8965108730958793,-315.0756065543386,-9.493360883997562,0.9145636664317138,0.025524040767226887,0.003196043812749849,0.08333333333333333,0.0,4.75,4.596859683269614,16.143830331209106,0,0,0
S2_p004_t000_s1635038415,2026-10-03T01:31:00Z,S2,4,1,0,0,77d9560d79fc43b6eb18ebd7edbb4127ea3ae21808852a4a4a80fc069ba14501,12000,16,1,180000,0.9364963391664869,1,0.3597423420292969,0.3040231133054214,0,1,173876,0.0,-1.9131628178263271,-310.32564397882135,-9.526627554199692,0.9841105598813091,0.027729276227256773,0.003473757350093365,0.08333333333333333,0.0,0.6666666666666666,4.988511594971247,15.655345961183551,0,0,0
S2_p004_t001_s1183238402,2026-10-03T01:31:15Z,S2,4,1,0,0,cbc7d9baa894fa3e8714bef1d5c0fa9698f6e23772fca26bda12368a14dd631c,12000,16,1,180000,0.936347062923944,1,0.36015917547676146,0.3069543546700123,0,1,173884,0.0,-1.9146027203935023,-309.6589702353219,-9.515622637708615,0.9692287833757683,0.023167443212573895,0.0029024636205576826,0.08333333333333333,0.0,2.916666666666667,4.675825213755493,15.538353714266059,0,0,0
S2_p004_t002_s333126784,2026-10-03T01:31:30Z,S2,4,1,0,0,621401fd87a8ad70483ee731880e8c01a9e247d51c7ede320c6599c3271bebe9,12000,16,1,180000,0.9360570325212563,1,0.3612404955991824,0.3069543546700123,0,1,173919,0.0,-1.9260356683372288,-306.74229077250556,-9.499439140402226,0.9829948945639082,0.02696908196456408,0.003379684444553277,0.08333333333333333,0.0,0.0,4.715361393213933,15.651176326779883,0,0,0
S2_p005_t000_s356586922,2026-10-03T01:31:45Z,S2,5,1,0,0,c8b2281fa8c49670081e6235be460e082d09d9f73875685900d522e3a882162a,12000,16,1,180000,0.9362937385902107,1,0.35232251484976185,0.3024432576008823,0,1,173810,0.0,-1.9537961743767012,-315.8255206177897,-9.573507859229522,0.9407867949430506,0.01933960992968915,0.002421473880076519,0.08333333333333333,0.0,8.25,4.6527790184881805,15.008277648973698,0,0,0
S2_p005_t001_s1328624968,2026-10-03T01:32:00Z,S2,5,1,0,0,7e318a55e379c5e282cbb58d9c472997b62f67182d836f34156b6579d8d1cdd2,12000,16,1,180000,0.936189623529578,1,0.3551590418702992,0.3024432576008823,0,1,173909,0.0,-1.9568178872195718,-307.57551732760413,-9.567096276119546,0.9182088875466576,0.019327753321839135,0.0024219027854996966,0.08333333333333333,0.0,0.75,4.724604195180928,15.043136372946304,0,0,0
S2_p005_t002_s843406380,2026-10-03T01:32:15Z,S2,5,1,0,0,21035737d296d7e6ccaf524dd152efffcb05bfa905836796cd86910252ac28e0,12000,16,1,180000,0.9367425948548141,1,0.3544009045963719,0.30237624104345756,0,1,173918,0.0,-1.942467311908439,-306.82552351419207,-9.608199196674619,0.8688183630535926,0.018662237368350657,0.002338676938052231,0.08333333333333333,0.0,0.0,4.611876752659899,15.06979797367469,0,0,0
S2_p006_t000_s1939969654,2026-10-03T01:32:30Z,S2,6,1,0,0,0e05ee033fa3bea1fe73ba9210409ab9da2a067abc7255404e51e8646de96cc6,12000,16,1,180000,0.935814748030852,1,0.3499829378177921,0.3007940954549315,0,1,173811,0.0,-2.0150080634696583,-315.74191387257997,-9.64713012559027,0.8417595551642615,0.0103795736210702,0.0012996160335205786,0.08333333333333333,0.0,5.833333333333334,4.87015396815795,14.089560477492808,0,0,0
S2_p006_t001_s441937503,2026-10-03T01:32:45Z,S2,6,1,0,0,37c5a741a50062499b13d375292b7e412197f4209e46d402aaf6fcf266c6a2d9,12000,16,1,180000,0.9361079752951206,1,0.3519750571332064,0.30158918785722183,0,1,173881,0.0,-2.005384079808813,-309.90856916987286,-9.674709015010329,0.8171382526591185,0.012238633585642634,0.0015332437769757234,0.08333333333333333,0.0,332.5,5.088494566696806,13.87253181071079,0,0,0
S2_p006_t002_s781512667,2026-10-03T01:33:15Z,S2,6,1,0,0,c290edd4a8fdbc5590bf6ad6fec1a69350aaf48ab5eb98d1b82dab2c4093cd7a,12000,16,1,180000,0.9360716913100625,1,0.3497912536046261,0.30158918785722183,0,1,173659,0.0,-2.010295917012626,-328.4085783309729,-9.668907124509117,0.981895975198944,0.010670238237015102,0.0013343879832063976,0.08333333333333333,0.0,0.0,4.627136015276862,14.051116833595145,0,0,0
S2_p007_t000_s1531496940,2026-10-03T01:33:30Z,S2,7,1,0,0,c074dc7e427ec987ec454a54c16809c8c16f96dc35d8d3f94b848453ad6ddd97,12000,16,1,180000,0.7500455399148784,1,0.33145871076904254,0.30472990527153115,0,1,173682,0.0,-3.010936996125463,-326.47173909136353,-4.3254607974159605,16.514313600416408,-0.007075228381509287,-0.0008849695659591816,9.416666666666666,0.0,6.083333333333333,13.785026909678288,24.426255841112912,0,0,0
S2_p007_t001_s326924126,2026-10-03T01:33:45Z,S2,7,1,0,0,aacc501845089328215e83ba30a9e445d721a6fef651112604b88ea5fbec139d,12000,16,1,180000,0.8262989810184489,1,0.34526730048013604,0.30472990527153115,0,1,173755,0.0,-2.1518779618380726,-320.38832758634754,-9.226308293488444,0.7912715977555558,-0.006229492783591138,-0.0007796397103447816,0.08333333333333333,0.0,0.0,5.040450715697436,12.879591159152774,0,0,0
S2_p007_t002_s199391290,2026-10-03T01:34:00Z,S2,7,1,0,0,49e8b290494a89544be5096d4ad19d6869dbcd2118dc32e4ff093dd052a77616,12000,16,1,180000,0.826198481071637,1,0.34282830781480456,0.30419482446468915,0,1,173714,0.0,-2.1521245543713494,-323.8049740598059,-9.226404988373837,0.8338483844857915,-0.011779233462106771,-0.0014737234569111024,0.08333333333333333,0.0,0.0,5.032890643841188,12.858591660932586,0,0,0
S2_p008_t000_s2105928740,2026-10-03T01:34:15Z,S2,8,1,0,0,70db7e05fd0015225056046b390e142eda2bb02a87d8a9ad67eed8792c371b8d,12000,16,1,180000,0.816078734878057,1,0.3380456855073248,0.30489149280800537,0,1,173687,0.0,-2.253941729639271,-326.05443225574953,-9.360745935379777,0.7014842970543055,-0.033574814366891734,-0.004199705655082653,0.08333333333333333,0.0,1.9166666666666665,4.545485109170606,11.458968007074038,0,0,0
S2_p008_t001_s2122849215,2026-10-03T01:34:30Z,S2,8,1,0,0,fd0ebcc83e8ff22a184cd9ea913ed533e471215ef235cdc0af3666206bb8bc04,12000,16,1,180000,0.8161161839522605,1,0.34035893508469744,0.3048914928080054,0,1,173710,0.0,-2.256615738374846,-324.13779094395613,-9.322879719415148,0.8000685695615207,-0.03917207388965192,-0.004900739820186573,0.08333333333333333,0.0,4.583333333333333,4.614366946207057,11.399240473459836,0,0,0
S2_p008_t002_s1792617518,2026-10-03T01:34:45Z,S2,8,1,0,0,dbea561b3a99a99ea8f92459a64092a0757b0fc1a343c9bd5e28e77d58e17123,12000,16,1,180000,0.81620865670989,1,0.3362626943920635,0.3047006888356329,0,1,173765,0.0,-2.257518627201752,-319.5544521803452,-9.332557041204089,0.6670703206783125,-0.035521574768262336,-0.004445986862720019,0.08333333333333333,0.0,0.0,4.807421796030158,11.292255530550063,0,0,0
S2_p009_t000_s1083440476,2026-10-03T01:35:00Z,S2,9,1,0,0,2d4261d4ce425a73285d867938e454942d31d7d1877890bf9e5990f3315c63b7,12000,16,1,180000,0.8031689142666231,1,0.32573049173271834,0.3026875971946869,0,1,173746,0.0,-2.4147430004646324,-321.1372460895794,-9.388847641029695,0.5593410412967222,-0.04261915504363968,-0.005333531538781244,0.08333333333333333,0.0,0.0,4.579574823518339,9.126581975143019,0,0,0
S2_p009_t001_s406326303,2026-10-03T01:35:15Z,S2,9,1,0,0,086c6ceac9b4a95973188cc480e2d7280c72056f4b7e55d52e41b262ce48f850,12000,16,1,180000,0.8029285907380561,1,0.3301709658926225,0.30294233744614524,0,1,173694,0.0,-2.4155450208859555,-325.4705295370416,-9.384824393187337,0.5372373896434809,-0.05438839825932659,-0.0068035535150556825,0.08333333333333333,0.0,5.166666666666667,5.3918023324267645,9.12373666760202,0,0,0
S2_p009_t002_s2144757372,2026-10-03T01:35:30Z,S2,9,1,0,0,25ac42b0c6372a4ecbb3669e78387204acc2682d43ac64bbdad99d053dc93833,12000,16,1,180000,0.8021495684839729,1,0.33027892369064377,0.30294233744614524,0,1,173756,0.0,-2.4274401098059792,-320.30387246415376,-9.362853473514757,0.4441324828174643,-0.0562186995918415,-0.007035995128717332,0.08333333333333333,0.0,350.91666666666663,4.6477579825416955,9.381937743793719,0,0,0
S3_p000_t000_s1030001410,2026-10-03T01:36:00Z,S3,0,1,0,0,b133a65b32039e25be0af289c19c75bf2779a3f8e75e4cc385e40278a5405728,12000,16,1,180000,0.936632276738169,1,0.3527865727751135,0.3045154003390014,0,1,173785,0.0,-1.9238067350902326,-317.9089364108004,-9.561059141162175,0.9742089439339778,0.027785153763146744,0.003478228903531999,0.08333333333333333,0.0,0.0,4.9119120692042,15.358759905315711,0,0,0
S3_p000_t001_s59102629,2026-10-03T01:36:15Z,S3,0,1,0,0,3046f2c09a31090ccc440d0762bf3b892fc3f406b4f31bc56376f47b6ea01ebb,12000,16,1,180000,0.9363397653173456,1,0.35458709767978247,0.306005539118961,0,1,173748,0.0,-1.9366649412951362,-320.9922386039707,-9.549165734547177,0.9236538374749286,0.03036843317729811,0.0038004879384061496,0.08333333333333333,0.0,0.3333333333333333,5.071834751768923,15.323681862069469,0,0,0
S3_p000_t002_s917633151,2026-10-03T01:36:30Z,S3,0,1,0,0,963ec8c19468024486220a84e13bb366f3a3df9f1e5bdd2d4aca86c652352c10,12000,16,1,180000,0.9362877256550208,1,0.36083625729522445,0.3124925690856233,0,1,173752,0.0,-1.9359408817257853,-320.6589257692552,-9.539382245474389,1.0694899647385774,0.036525027718001236,0.004571107218907855,0.08333333333333333,0.0,0.0,4.805928823094737,15.637562002646298,0,0,0
S3_p001_t000_s1727488921,2026-10-03T01:36:45Z,S3,1,1,0,0,1ac72cde2a74ed09772094024ead6d350488b120997a6a15b074ace0732269b0,12000,16,1,180000,0.7906530038820856,1,0.3282726462679864,0.31249256908562334,0,1,173748,0.0,-3.3410408096641566,-320.99099508171275,-2.67424652077527,63.5556995319439,964.665621022515,120.72404380848366,9.5,0.0,0.0,12.698141261917176,26.836714401236705,0,0,0
S3_p001_t001_s1935099702,2026-10-03T01:37:00Z,S3,1,1,0,0,710085bd2dca05678a92df767a925b7d95a1fd0584e0f21f4341bd1ff6f82c6f,12000,16,1,180000,0.9425129550378933,1,0.3568114175268661,0.3036466965444167,0,1,173868,0.0,-1.9159498535127022,-311.00708640622724,-9.634867150967073,0.8816846178097841,0.06678947126513549,0.008366449907498463,0.08333333333333333,0.0,0.75,4.8734217552400905,15.358324429939614,0,0,0
S3_p001_t002_s1247340308,2026-10-03T01:37:15Z,S3,1,1,0,0,98ee06a30e2233655222ef2ea31170d066bbcbd8879b4864a0f9c178130bce0a,12000,16,1,180000,0.942271751105589,1,0.36410712956253133,0.31098793742537856,0,1,173877,0.0,-1.9215110716719255,-310.2570906667358,-9.61265527727246,0.9310607389248882,0.07434930884019995,0.00931410966495605,0.08333333333333333,0.0,0.0,4.315518665802734,15.380495302918249,0,0,0
S3_p002_t000_s2123842217,2026-10-03T01:37:30Z,S3,2,1,0,0,e08332b7e7f562bf3207481fdd78123b687e80819d2c78c655408cbdd18adb50,12000,16,1,180000,0.942149318221856,1,0.35870043312308747,0.3109879374253786,0,1,173861,0.0,-1.9188326423834312,-311.5904490856762,-9.607057830051192,1.0033561298322626,0.052846934823126065,0.006619554209009948,0.08333333333333333,0.0,3.5833333333333335,4.941485675168209,15.434910726288285,0,0,0
S3_p002_t001_s741456992,2026-10-03T01:37:45Z,S3,2,1,0,0,66773ff60734ddde0b40761b606baebea99091685b3249580a3a92700a383bc7,12000,16,1,180000,0.9427178524985484,1,0.36163442801655316,0.3089446546828953,0,1,173904,0.0,-1.9134823729671329,-308.0070819322391,-9.653749296606179,0.8754349147585343,0.047564937094098154,0.005959981747764687,0.08333333333333333,0.0,0.08333333333333333,4.858802408920718,15.314763176548858,0,0,0
S3_p002_t002_s859851708,2026-10-03T01:38:00Z,S3,2,1,0,0,dcefb2eb148613a71a20920d9d0cd60b8174c567d8faba8a26b5c902197848fa,12000,16,1,180000,0.9423228805182349,1,0.36385552437313273,0.30962191609163897,0,1,173905,0.0,-1.9157801195471817,-307.923770595462,-9.624124312833699,0.9786169727009535,0.05376181797742207,0.006736517078024917,0.08333333333333333,0.0,0.0,5.431296024675051,15.604410878220694,0,0,0
S3_p003_t000_s1497291008,2026-10-03T01:38:15Z,S3,3,1,0,0,e5de39f3113eb8b9033530f74a7fce44fdc7f481f71eb37b5e2a02bf2035a600,12000,16,1,180000,0.9421544535427545,1,0.3591749201193913,0.30962191609163897,0,1,173812,0.0,-1.9196995076756085,-315.6737700439365,-9.609195426136766,0.99136563089108,0.03086205707928958,0.0038642381668978487,0.08333333333333333,0.0,2.5,5.54734496026429,15.432990120905751,0,0,0
S3_p003_t001_s2122590732,2026-10-03T01:38:30Z,S3,3,1,0,0,a2c737a56ac03d910a6192b530e049f8f9103a0085a4f7600470d0ffe4f7076f,12000,16,1,180000,0.9422118374434569,1,0.3603800053589974,0.3081507351143619,0,1,173842,0.0,-1.919066298727501,-313.17376657359574,-9.60952983794247,0.8801774551938962,0.0297749994428518,0.0037290209302227595,0.08333333333333333,0.0,3.75,4.869540691286872,15.406888633124108,0,0,0
S3_p003_t002_s1592902622,2026-10-03T01:38:45Z,S3,3,1,0,0,7b39c2f2d925f416f90eb283856cf2986f7245a19744e78c2cb289c03b6896c4,12000,16,1,180000,0.9423753143008162,1,0.3629130167038556,0.30907468233478935,0,1,173887,0.0,-1.9183165543086051,-309.4237530250424,-9.624586382288811,0.9510808697010491,0.029818208458367475,0.003735774246706569,0.08333333333333333,0.0,0.0,4.806716299020775,15.528719379061936,0,0,0
S3_p004_t000_s1269981715,2026-10-03T01:39:00Z,S3,4,1,0,0,0cedb6141e66fecbbf72c35faa56fb69c1349341f0dafc2301092c4346dda75a,12000,16,1,180000,0.9421980775597109,1,0.35908385411856586,0.30907468233478935,0,1,173855,0.0,-1.922947393740089,-312.09041423012843,-9.607319468771443,0.9434520823297632,0.01255222026179066,0.0015722032444500655,0.08333333333333333,0.0,2.6666666666666665,4.504864902774121,15.414601734313148,0,0,0
S3_p004_t001_s1736958637,2026-10-03T01:39:15Z,S3,4,1,0,0,aed4922ac72107f683026ab6e4462519a74eb8b275bfce6b4ec7b6795dc938a8,12000,16,1,180000,0.9427793501859772,1,0.359240765995253,0.30587392297740335,0,1,173887,0.0,-1.9043440998757273,-309.42377198466295,-9.662491746346408,0.9630090088653138,-0.005944464013144503,-0.000744752173886809,0.08333333333333333,0.0,0.0,5.094581459019505,15.329476808178054,0,0,0
S3_p004_t002_s204596110,2026-10-03T01:39:30Z,S3,4,1,0,0,81e740fb95be54002869d75f1f833620769cdce63ae4ace0022872f503e59cc1,12000,16,1,180000,0.942215849081958,1,0.3654970723443892,0.3098034291956534,0,1,173845,0.0,-1.9203200657943524,-312.9237755705223,-9.612666281697054,1.0278627893569463,0.006110536758126868,0.0007653019551980833,0.08333333333333333,0.0,6.833333333333334,4.932395046403473,15.457321785841376,0,0,0
S3_p005_t000_s1505505932,2026-10-03T01:39:45Z,S3,5,1,0,0,492737792cf82324351218b1eae4a1331f8afbfbe300fbdf68bc22ff79bfc550,12000,16,1,180000,0.9423606006804867,1,0.3636927743141891,0.3098034291956534,0,1,173927,0.0,-1.9157697781933818,-306.09043838556437,-9.627625840095806,0.9121592751774461,-0.021860288855680896,-0.0027396407008382084,0.08333333333333333,0.0,0.0,4.589748847385999,15.568936550850793,0,0,0
S3_p005_t001_s574426862,2026-10-03T01:40:00Z,S3,5,1,0,0,469a2e3671dfabb4f9dae0dcd10a52daa2e926206a7921baa3dc6aff2832bdde,12000,16,1,180000,0.9422483293206199,1,0.3628623173621254,0.30714933256120186,0,1,173883,0.0,-1.915893259649831,-309.7570997956379,-9.614901255424552,1.0254653837156709,-0.019964033544583787,-0.002501114086499001,0.08333333333333333,0.0,0.0,4.836023323851992,15.391656692535365,0,0,0
S3_p005_t002_s2081296688,2026-10-03T01:40:15Z,S3,5,1,0,0,836d164b525852a2382abdaefea9cd79e23c8e8896d3cbd8ded7e6a312909eb4,12000,16,1,180000,0.41118986797954804,1,0.14076937100861014,0.3081398667041193,0,1,173807,0.0,-8.891063756504227,-316.09995206619413,6.5465730546292535,16.277618034687723,985.6670469457047,123.41044261283696,9.666666666666668,0.0,8.75,5.832898480255108,20.253167550050335,0,0,0
S3_p006_t000_s1872296474,2026-10-03T01:40:30Z,S3,6,1,0,0,e78b9517c0c05a635c6917aa15bb3c7b057ba4ce6827698688283003628386b0,12000,16,1,180000,0.8465820489906887,1,0.35633018522253246,0.30846932747155437,0,1,174035,0.0,-1.9675005287971685,-297.055918615352,-9.094257990530139,1.0236218920040219,-0.022255968970723718,-0.002791632955904788,0.08333333333333333,0.0,0.3333333333333333,4.61160946468274,15.608474165735252,0,0,0
S3_p006_t001_s1187247710,2026-10-03T01:40:45Z,S3,6,1,0,0,c3a6c1127fe7a95e2373897a7e1b2ecb9d155803ae0853cee73b15adac52d59b,12000,16,1,180000,0.8469758881826565,1,0.35800208609001416,0.30846932747155437,0,1,174039,0.0,-1.9640271042303903,-296.7225997864486,-9.099751950170534,1.0111353459590595,-0.010867287649372412,-0.0013631599608743272,0.08333333333333333,0.0,322.5,4.791624819718341,15.286491829750455,0,0,0
S3_p006_t002_s1223745501,2026-10-03T01:41:15Z,S3,6,1,0,0,e6060230b8ae0343dac072ababd2bc1d9324fba96bae63758b9217e6217707d0,12000,16,1,180000,0.861492907542697,1,0.3550544674538526,0.3102179815871073,0,1,173696,0.0,-1.9666548273380462,-325.35871844285003,-9.1024667860567,1.017993668895015,-0.06603569578550918,-0.008260669328592485,0.08333333333333333,0.0,0.0,4.554374323305643,15.447238248994362,0,0,0
S3_p007_t000_s626911129,2026-10-03T01:41:30Z,S3,7,1,0,0,6def3f81702619a857a52dbbc70e91a870d01d5a92742207e8c1494022890535,12000,16,1,180000,0.8615325027898915,1,0.3529595232287877,0.31021798158710734,0,1,173689,0.0,-1.9665752793340747,-325.9420622668622,-9.084922198193734,0.9648923871696602,-0.10784794292810357,-0.013490375637047691,0.08333333333333333,0.0,3.416666666666667,5.024260056989681,15.393636583895788,0,0,0
S3_p007_t001_s1969339727,2026-10-03T01:41:45Z,S3,7,1,0,0,cbc5e36951fcae2ba515bd426c40a7d41b383ec5312182862d5958ac43fa3ebc,12000,16,1,180000,0.8609261210727657,1,0.3537504458358966,0.30784199682578184,0,1,173730,0.0,-1.9720305762228523,-322.52543737599143,-9.06928860539656,1.0914356369013043,-0.12364576542334213,-0.015471547335891955,0.16666666666666666,0.0,0.0,5.160313421110948,15.904212187152826,0,0,0
S3_p007_t002_s115451501,2026-10-03T01:42:00Z,S3,7,1,0,0,3e02b4a9693901de4d4f187a5cb6bc3128e4128d46af12f1cc4f09c40b38a357,12000,16,1,180000,0.8602269759632006,1,0.35410725528899806,0.3072873981760882,0,1,173651,0.0,-1.9756640100178715,-329.1087208693558,-9.07703535151898,1.0404877679352111,-0.1266124467364499,-0.01583275985194632,0.08333333333333333,0.0,4.833333333333334,5.008210940753702,15.669994415972397,0,0,0
S3_p008_t000_s1467476825,2026-10-03T01:42:15Z,S3,8,1,1,0,a3f136cb8a6adbbd3c852672560a9f5f1d24cd57665b6feca1b64a595cd39741,12000,16,1,180000,0.8609782675452388,1,0.3526590905508436,0.3072873981760882,0,1,173109,0.0,-1.9811980500540096,-374.2753699123259,-9.055340432401769,0.9734948450194315,-0.14639175210168198,-0.018226797878924117,0.08333333333333333,0.0,363.5,5.076024165309263,15.67295265579892,0,0,0
S3_p008_t001_s154111274,2026-10-03T01:42:45Z,S3,8,1,1,1,51506769d3906db1899f2ab8b5d7c3d2636ce3cd4ee6444a0a492dc7291a888f,12000,16,1,180000,0.8606630824997994,1,0.3517030736618428,0.3061175376827872,0,1,173673,0.0,-1.9854757303404449,-327.2753699951172,-9.05184281364965,1.0335635355412722,-0.1463356000112423,-0.018302339829006087,0.08333333333333333,0.0,319.83333333333337,4.859088158453937,15.5606483373695,0,0,0
S3_p008_t002_s1142253482,2026-10-03T01:43:15Z,S3,8,1,1,1,6d813d2730dde6e81de368c8b8e7ed234b2a95b7b5ce2a7b76bd9118f6eae47a,12000,16,1,180000,0.8601688088455212,1,0.35182264622382786,0.30521026727056877,0,1,173684,0.0,-1.9972944940039956,-326.358657155306,-9.02404142397879,0.9531691384604106,-0.12697424611453212,-0.015882192652497906,0.08333333333333333,0.0,322.25,4.784544262676663,15.792327171745866,0,0,0
S3_p009_t000_s395916349,2026-10-03T01:43:45Z,S3,9,1,1,1,accdf9e24a17dc56d7750e4238656ee54883b48d72b4d77ad3aea9aa0cb92707,12000,16,1,180000,0.8295134171218649,1,0.3543143015698969,0.30497503258529995,0,1,173790,0.0,-2.1641550313923976,-317.47258022322603,-7.611156938757645,34.084705104637905,-0.02176443333857452,-0.002724645880789467,6.916666666666666,0.0,7.416666666666667,13.323613719934018,15.254856259550548,0,0,0
S3_p009_t001_s1232141577,2026-10-03T01:44:15Z,S3,9,1,1,1,b86c0bbe98b5521b6a8b1a9d88f08a5a9894b1d84574eb2c53cff01fba93a0ed,12000,16,1,180000,0.8454897830198281,1,0.35324111541266834,0.30413342599477605,0,1,173774,0.0,-1.9927989229790772,-318.8059288621486,-9.029487754279911,1.0086602286836748,-0.029722020770863798,-0.003720364783930563,0.08333333333333333,0.0,13.416666666666668,5.08900933897612,15.436582749391206,0,0,0
S3_p009_t002_s1753739609,2026-10-03T01:44:45Z,S3,9,1,1,1,281599f894fa08ccd4b81d38bf85727636664ff415b1a7f9492e202605375358,12000,16,1,180000,0.8457543267542906,1,0.41865733517992365,0.3666786886862039,0,1,173744,0.0,-1.9902432767583926,-321.3059637661433,-9.03351615233921,1.0241469734418533,-0.03409795193192393,-0.004267085900664824,0.08333333333333333,0.0,19.833333333333336,4.6757976614258,15.579150025257105,0,0,0
S4_p000_t000_s1380025803,2026-10-03T01:45:30Z,S4,0,1,0,1,c40eecc8e906ee641279dae6b843d79ac6797cb8048fd72f316bb427f1c74134,12000,16,1,180000,0.8929073855565736,1,0.3973515793884289,0.3666786886862039,0,1,173639,0.0,-1.121864438074412,-330.05420328709624,-13.529635582795947,0.6254422685775419,0.06208085861610964,0.007762404318782501,0.08333333333333333,0.0,7.25,5.107353006239827,14.938879649750092,0,0,0
S4_p000_t001_s1028796488,2026-10-03T01:45:45Z,S4,0,1,0,0,ae1001e3ff7b708ee580dd9a5866543f1bfc82fa75b54ae764f5d2bd6987d62e,12000,16,1,180000,0.8936194542367808,1,0.38111887119524035,0.3544964581009171,0,1,173726,0.0,-1.1124795473219367,-322.80421996853755,-13.565091954387768,0.601617371722198,0.06794186585780038,0.008501158023591415,0.08333333333333333,0.0,0.0,4.810588259479184,14.866006953273692,0,0,0
S4_p000_t002_s1457782904,2026-10-03T01:46:00Z,S4,0,1,0,0,0c5634c632397bc8580b2049071c1519c77d1ff48f5916fb45bbf33c4468c0cf,12000,16,1,180000,0.8934965718739653,1,0.3802920247494569,0.3544964581009172,0,1,173657,0.0,-1.1142724137073865,-328.55421759470545,-13.558197035582626,0.6666539044465554,0.06768538256740443,0.00846439551696676,0.08333333333333333,0.0,2.416666666666667,4.76473456195371,14.961398609136083,0,0,0
S4_p001_t000_s1710814298,2026-10-03T01:46:15Z,S4,1,5,0,0,78fc15b62d2973dee12c8b8cb24b7f134945854c1e1dec474c8f1485dad2a342,12000,16,1,180000,0.8748915655485587,1,0.5206822094982988,0.528638013864102,0,1,173686,0.0,-1.2252249975271476,-326.13642477935963,-14.89043703506997,0.4956724812029573,0.007361665816120304,0.0009208266069435922,0.08333333333333333,0.0,0.75,4.710653373894058,10.37974462352743,0,1,0
S4_p001_t001_s1662193313,2026-10-03T01:46:30Z,S4,1,5,0,0,8390c91f2fd3aa5ea31c6e8cb728e94472ac4d4ef879fd056c20f2c19fff4f12,12000,16,1,180000,0.8753561066063593,1,0.5189966822427453,0.528638013864102,0,1,173695,0.0,-1.2201020743148012,-325.38642356075314,-14.912909845725942,0.5128284227994794,0.007644765709720232,0.0009563066769260331,0.08333333333333333,0.0,0.0,4.940343306186007,10.10192629162935,0,1,0
S4_p001_t002_s196226190,2026-10-03T01:46:45Z,S4,1,5,0,0,37b642ea845e1cccb9648e646d315457bb7535a559f657453522b56934c1f2bc,12000,16,1,180000,0.8750466109417341,1,0.5212501395060342,0.5280675375406659,0,1,173674,0.0,-1.2227835894444352,-327.1364188093642,-14.916250977881404,0.46281049079015957,0.007247864803232408,0.0009065049466698838,0.08333333333333333,0.0,2.6666666666666665,4.945709681961545,10.094927461627128,0,1,0
S4_p002_t000_s139150452,2026-10-03T01:47:00Z,S4,2,10,0,0,9350a44a59b957f090fe4578181cb3c63591295df5affd251722aa1d2a16b201,12000,16,1,180000,0.8688931525527842,1,0.7083408590127938,0.7797841592258578,0,1,173706,0.0,-1.1636070446894426,-324.47003961341034,-12.374130321296056,45.534671198517245,-0.007554378210079519,-0.0009450829315937881,9.833333333333332,0.0,1.8333333333333333,17.60051166299305,21.03501781704194,0,1,0
S4_p002_t001_s1124369827,2026-10-03T01:47:15Z,S4,2,10,0,0,9382725c5580eb64c979dc517b36f4c5642925cc7f07c2cdb458f0d1bdef560e,12000,16,1,180000,0.9016428829510823,1,0.7160419858034726,0.7812619387918875,0,1,173853,0.0,-0.989462026477137,-312.27766647358294,-17.741578037427153,0.665414511257792,0.051965856361548275,0.006508775475140283,0.08333333333333333,0.0,0.0,5.215828244641539,11.679710956475375,0,1,0
S4_p002_t002_s820497043,2026-10-03T01:47:30Z,S4,2,10,0,0,785d32f2baded16618a5b0ea86d2309eea8284956ec0347e1d7d9eeecfdd332f,12000,16,1,180000,0.9015416226951806,1,0.7190244426956637,0.7812619387918875,0,1,173788,0.0,-0.9905308610434204,-317.69433441094344,-17.74184308022178,0.69318822476768,0.054719845224219105,0.006850158544239093,0.08333333333333333,0.0,0.4166666666666667,4.993507799397811,11.750006076861297,0,1,0
S4_p003_t000_s11459573,2026-10-03T01:47:45Z,S4,3,20,0,0,b9ac443a507fd6748d68bc4b444af2848978b27c460e47f161db77da611559f9,12000,16,1,180000,0.914328019801152,1,0.7610247152899646,0.8138162646274643,0,1,173793,0.0,-0.8205383689622286,-317.27825840565976,-17.69655323585014,0.8185922140613094,0.06088121812729784,0.007621780578574544,0.08333333333333333,0.0,5.25,5.685560964063702,17.455950127612333,0,1,0
S4_p003_t001_s1313953807,2026-10-03T01:48:00Z,S4,3,20,0,0,95981e3fd71fb52ccc4f75739ea6e33777e64f9f08b39819809af6eecf197f40,12000,16,1,180000,0.9143720596792637,1,0.760189994210086,0.8138162646274643,0,1,173856,0.0,-0.819854426763116,-312.02826224156524,-17.696242898287345,0.8497219073193928,0.06483409354919895,0.008120729553411365,0.08333333333333333,0.0,0.0,5.375887783007183,17.65331026482925,0,1,0
S4_p003_t002_s205499031,2026-10-03T01:48:15Z,S4,3,20,0,0,701fb87a0655dd1fbb5993418c61a13a115d4d1a17dac441b0114df3a6534983,12000,16,1,180000,0.9143492806453274,1,0.7603919723204414,0.8123339203276186,0,1,173769,0.0,-0.8207023043987349,-319.27825203835164,-17.701360090423865,0.8664809669579056,0.05826468865892267,0.007292816285371373,0.08333333333333333,0.0,4.583333333333333,5.529747092967794,17.577862745207856,0,1,0
S4_p004_t000_s984663940,2026-10-03T01:48:30Z,S4,4,30,0,0,ec42e8821d92b50a2b1c735ab41601145d86197273f27fcecf0bcab9d7694e5c,12000,16,1,180000,0.922569402731031,1,0.8147479847375282,0.8676097313431396,0,1,173824,0.0,-0.6690034768142533,-314.6957255548817,-18.767987231188688,1.023631515219676,0.0604275104808672,0.007566853717435151,0.08333333333333333,0.0,0.0,6.228460025063602,17.024521234433504,0,1,0
S4_p004_t001_s484615558,2026-10-03T01:48:45Z,S4,4,30,0,0,db5bcc74bd3f478a40cb1165ee5d536d1d8ca0cf58a958261fd39f9c35a78ac8,12000,16,1,180000,0.922830659869164,1,0.8162101762245167,0.8682260144608435,0,1,173782,0.0,-0.6642175371250008,-318.1957590924637,-18.794596708350042,1.0176536730709558,0.06215934233448278,0.007781106473430555,0.08333333333333333,0.0,0.75,6.262920837863547,17.018671524717636,0,1,0
S4_p004_t002_s330630277,2026-10-03T01:49:00Z,S4,4,30,0,0,85aea3f77b5ce3115d4d2efa264c3c58674ae5d28ae6403632cea4a54dd6aaae,12000,16,1,180000,0.9227363006072871,1,0.8150853595950655,0.8682260144608435,0,1,173791,0.0,-0.6656639849636383,-317.44574685395554,-18.79295862954926,1.0107495540775386,0.06173874958471447,0.00772901232176082,0.08333333333333333,0.0,346.08333333333337,6.2772458532064315,17.03077754686695,0,1,0
S5_p000_t000_s1561858501,2026-10-03T01:49:30Z,S5,0,1,0,0,ea508bc0e5e4df3491716bd81a7f1dc96adf50b4f3f214319fd1f9d29ebf412e,12000,16,1,180000,0.8238581259778963,1,0.01311811033182525,0.011612053422064868,0,1,173755,0.0,-2.938584764556405,-320.43905177848984,-7.423168371651297,0.12682982989173347,0.007050815820846836,0.0008824307524264441,0.08333333333333333,0.0,1.75,4.791902544222423,1.942504155339488,0,0,0
S5_p000_t001_s960283802,2026-10-03T01:49:45Z,S5,0,1,0,0,1ad7a8aed344885081f8ee585760741faceb14e81741782bc11cd7c8c254c355,12000,16,1,180000,0.8240596756457768,1,0.01137968442565937,0.01140580408767393,0,1,173776,0.0,-2.9382575239673256,-318.6890421491801,-7.431066426978841,0.14390311203746567,9.553323657473941e-05,1.195827735500643e-05,0.08333333333333333,0.0,4.333333333333333,4.916393541230025,2.08837403504918,0,0,0
S5_p000_t002_s892021093,2026-10-03T01:50:00Z,S5,0,1,0,0,0f0c9bb047e14a164671f201397aa1160e47a251bc7518eefc5ed8d363a0d7a6,12000,16,1,180000,0.823342328058083,1,0.011388221202499632,0.010657549785587497,0,1,173828,0.0,-2.94384003852283,-314.3557385416825,-7.425633321637003,0.1544060768082513,-0.0031855791975295288,-0.00039891734058983275,0.08333333333333333,0.0,0.0,4.721939779165615,2.549271113948959,0,0,0
S5_p000_t003_s1972790602,2026-10-03T01:50:15Z,S5,0,1,0,0,7e5a200c4fea6843c3abe6453b19d3777f9511d8b9b89a9bc427df3bdcbd2ab6,12000,16,1,180000,0.8239494940065708,1,0.012086505079249235,0.01270485432429288,0,1,173826,0.0,-2.9358878721539696,-314.52237491305704,-7.416790356257429,0.13795670461276685,0.0004604602615565594,5.766067579315859e-05,0.08333333333333333,0.0,0.0,4.715638858415294,2.01189810659373,0,0,0
S5_p000_t004_s522357441,2026-10-03T01:50:30Z,S5,0,1,0,0,4edd3236545a025e4dc7cd5ccef2dfb3a8f4c4de8bd29f53bd481381c246df0d,12000,16,1,180000,0.5054435904174672,1,0.011186047563185636,0.012704854324292879,0,1,173790,0.0,-7.125740981829722,-317.5224388765182,3.2062756778304635,75.36995910889422,961.5003234696097,120.3683024945135,9.5,0.0,0.3333333333333333,8.185973971590013,7.426888659160311,0,0,0
S5_p000_t005_s434100809,2026-10-03T01:50:45Z,S5,0,1,0,0,282bab6c7fc92141c2a10021a8b51bd9660f8d7eb4c04c180550cbdb01c7a97f,12000,16,1,180000,0.9117638545524726,1,0.011055748580149568,0.011252553894009865,0,1,173914,0.0,-2.8329010402433625,-307.15833280440467,-8.13157527736144,0.18005303846168957,-0.0019950118179860514,-0.00024999892093546805,0.08333333333333333,0.0,1.8333333333333333,4.663767873621475,2.330922338821736,0,0,0
S5_p000_t006_s1987541040,2026-10-03T01:51:00Z,S5,0,1,0,0,9ea5c7d6c174d6fb9edf7a3553e6eeffe3ffba3ef6d51cca6dabd68be64df9e2,12000,16,1,180000,0.9110341328112225,1,0.011750583393232485,0.011252553894009865,0,1,173936,0.0,-2.8525232629083552,-305.32504189998565,-8.07266527217994,0.1455686349756752,0.0022626943041906262,0.00028359252792142797,0.08333333333333333,0.0,1.75,4.710405741129274,2.185515188026609,0,0,0
S5_p000_t007_s1550731733,2026-10-03T01:51:15Z,S5,0,1,0,0,b6e53f106f39e66e9dec55384a2c111fa317a5182b0f77cbe0277e699a5f78ac,12000,16,1,180000,0.9115895107455078,1,0.011929358418118863,0.01264019616052306,0,1,173957,0.0,-2.839894751630192,-303.575015862784,-8.114975772396978,0.1580384644265031,-0.003495916848371377,-0.00043823065652759396,0.08333333333333333,0.0,0.0,4.903578604124337,2.3917603206661693,0,0,0
S5_p000_t008_s978267978,2026-10-03T01:51:30Z,S5,0,1,0,0,408cde4cb184436e635fb08a5862b911b1b3b2d902f5d6bf24ee17b3bd3cab45,12000,16,1,180000,0.911909600795865,1,0.012915781902051723,0.012640196160523061,0,1,173894,0.0,-2.834373829821841,-308.8250290440137,-8.128227627227758,0.15261409970442089,0.00026087280897948723,3.268527598265791e-05,0.08333333333333333,0.0,0.0,4.9409973490457055,2.1865797151233703,0,0,0
S5_p000_t009_s1361001477,2026-10-03T01:51:45Z,S5,0,1,0,0,977d4267b7e28a063669b5680aa0ba94c2f6deef2e99797175a69e801aa1c768,12000,16,1,180000,0.9113528557395251,1,0.011893183826558238,0.011420613674509299,0,1,173856,0.0,-2.846013740512997,-311.9916910521885,-8.09919100038268,0.1154758197291278,0.0012722914405085555,0.0001593595920894586,0.08333333333333333,0.0,8.833333333333334,4.89270572700038,2.2101631174609837,0,0,0
S5_p000_t010_s1672796167,2026-10-03T01:52:00Z,S5,0,1,0,0,1da36e966fe7e86a4065e530b12f3b90ca0160174b1001b23d6c4b25c0287273,12000,16,1,180000,0.9110040399766454,1,0.01156015953362326,0.0114206136745093,0,1,173962,0.0,-2.8571849547599752,-303.1583737423255,-8.07512045740319,0.11626494968094411,-0.0013082056325973636,-0.0001639966581024055,0.08333333333333333,0.0,0.0,4.488005413191962,2.5333908960262477,0,0,0
S5_p000_t011_s363339928,2026-10-03T01:52:15Z,S5,0,1,0,0,388d2b2f7e09a7731888304436fe7c6528345afd72c186091a1299a1b44554c9,12000,16,1,180000,0.9112432627951069,1,0.012576631638043909,0.011843584048481388,0,1,173863,0.0,-2.854633190849837,-311.4083461906066,-8.097076321613034,0.13429237034571084,-0.0025976117741419837,-0.000325379448440799,0.08333333333333333,0.0,2.5,5.068578700445192,2.667443963666974,0,0,0
S5_p000_t012_s920581965,2026-10-03T01:52:30Z,S5,0,1,0,0,555fde3602994221ae6a2e1f5c861df35dfd8c940ce29278a4451725d9798402,12000,16,1,180000,0.9113051570445497,1,0.013073253683376671,0.011843584048481388,0,1,173893,0.0,-2.8510581128833064,-308.90836186402396,-8.097499643898338,0.19694587478050332,-0.00864366060447152,-0.0010829728807948413,0.08333333333333333,0.0,3.833333333333333,5.244113562700996,2.3132995894006885,0,0,0
S5_p000_t013_s1985403058,2026-10-03T01:52:45Z,S5,0,1,0,0,3aef9d170186e356412d9484a4f1bdacb406ebae59f183abf703b02c84ce957b,12000,16,1,180000,0.9117385010948345,1,0.011525574233641811,0.011125160529121431,0,1,173939,0.0,-2.8371727786074374,-305.07501372943807,-8.128153640529836,0.1291573471198428,-0.007527392938259818,-0.0009434608487026708,0.08333333333333333,0.0,0.0,4.644528144909319,2.5833523052802243,0,0,0
S5_p000_t014_s1613680917,2026-10-03T01:53:00Z,S5,0,1,0,0,c8bd28e2fcbaeb7f4641cb90e8848306096843468be9dde1cffbb6beef1be452,12000,16,1,180000,0.9118034332816926,1,0.011295106007532361,0.011461729475122348,0,1,173854,0.0,-2.840891268440315,-312.1583479878773,-8.12632717182247,0.1811980507520657,-0.002897137245640705,-0.0003628722342909896,0.08333333333333333,0.0,6.333333333333333,4.585766763198013,2.776255274640513,0,0,0
S5_p000_t015_s1930000429,2026-10-03T01:53:15Z,S5,0,1,0,0,8e8e212c8ec4108994496057de965102831bf6f2029fc8070dc65a1b8531e4a7,12000,16,1,180000,0.9115842477384353,1,0.012949949737354879,0.011797850443511636,0,1,173930,0.0,-2.840304700808158,-305.82502729313944,-8.109029331307262,0.159518699312967,-0.008271845978057366,-0.0010366939127379737,0.08333333333333333,0.0,0.16666666666666666,4.861787528294546,2.3564984523712296,0,0,0
S5_p000_t016_s216305983,2026-10-03T01:53:30Z,S5,0,1,0,0,908c1ecf62cc2834002f0d046727f049b2fc620d644b1fd901bdc148e474e7d4,12000,16,1,180000,0.9110713758088527,1,0.012123045957684446,0.01194803245568392,0,1,173932,0.0,-2.855772527946022,-305.65835306196277,-8.086785168980304,0.1378273514113746,0.002526253118094199,0.00031661530329074594,0.08333333333333333,0.0,0.0,4.623447863837644,1.9299388352863707,0,0,0
S5_p000_t017_s312112809,2026-10-03T01:53:45Z,S5,0,1,0,0,a9606393fa0fe55e737b5fc9b5349e09aba8ed67b562723b6e5f354d8b939bff,12000,16,1,180000,0.911360135375007,1,0.012513809881969963,0.013242238465470636,0,1,173923,0.0,-2.846947910213751,-306.40836384220165,-8.088141667859345,0.14148729907260366,0.0006012813560268277,7.535318081863807e-05,0.08333333333333333,0.0,1.5,4.823332383805247,2.2754149364934455,0,0,0
S5_p000_t018_s1052303369,2026-10-03T01:54:00Z,S5,0,1,0,0,f80d434f43719639b1ed125ef2bd8e331c44c23be0eaeaf614c081d940feeb8c,12000,16,1,180000,0.5120682216424056,1,0.013415709292489496,0.013242238465470636,0,1,174172,0.0,-8.008418392520662,-285.6717641010806,4.460987211893673,46.58853016196314,1838.3122657411122,230.83687120911145,9.916666666666668,0.0,0.75,7.581608550454629,5.128276428281007,0,0,0
S5_p000_t019_s217579570,2026-10-03T01:54:15Z,S5,0,1,0,0,80098747914b5b3a21347fb75a6001c79c752589d6c398f84168b357d22f3e3e,12000,16,1,180000,0.9252906174880964,1,0.012345303975232844,0.011825340334323904,0,1,174181,0.0,-2.826516129248764,-284.9219264553976,-8.198921949684646,0.11337732499759363,0.00021094110530483942,2.6489773063076427e-05,0.08333333333333333,0.0,316.16666666666663,4.7826254257288525,2.4101884570541783,0,0,0
S5_p000_t020_s99964177,2026-10-03T01:54:45Z,S5,0,1,0,0,853781ce637e4359a920e1139bf882c29d6b3a2695df269e5d1f34e14664655c,12000,16,1,180000,0.9248501269250959,1,0.012106289465604325,0.011430700011323071,0,1,173840,0.0,-2.8416709488633263,-313.33860261823855,-8.16624045526035,0.1632097632810037,-0.00027585716930239655,-3.4547800169093534e-05,0.08333333333333333,0.0,0.0,4.708213689283376,2.409551531351831,0,0,0
S5_p000_t021_s490683040,2026-10-03T01:55:00Z,S5,0,1,0,0,ab5e519e335f4a04813f6044c35e234d2c833cd95b02744ada941d7c43ab07a5,12000,16,1,180000,0.9250678547068875,1,0.011774592276241549,0.01184653938728869,0,1,173788,0.0,-2.8301253837795155,-317.6719273041969,-8.175311164863551,0.12154906969082505,-0.0020089764323478684,-0.00025149572365990025,0.08333333333333333,0.0,0.0,5.444792374354167,2.241406643071276,0,0,0
S5_p000_t022_s1940961689,2026-10-03T01:55:15Z,S5,0,1,0,0,845983d105b1eed00e555dc17005f9341ab8bac8974486a81eb87d5d5c8a781b,12000,16,1,180000,0.9249960056222168,1,0.013008999157414596,0.01222168085676451,0,1,173718,0.0,-2.8383111063224877,-323.50525414742935,-8.175105805301786,0.16236972090077464,-0.0010902015422791505,-0.00013640165616379818,0.08333333333333333,0.0,4.25,5.011524327680053,1.941775542892834,0,0,0
S5_p000_t023_s1454648504,2026-10-03T01:55:30Z,S5,0,1,0,0,c595fd3ebcc507068c0b73cc80b2b72dfcbb87b82136e402019aa2d4b015d375,12000,16,1,180000,0.9249410120122361,1,0.012075209187881639,0.012221680856764509,0,1,173769,0.0,-2.844061366966286,-319.2552576969932,-8.170950250013927,0.10796134935712703,0.00609694695304286,0.0007631365592715156,0.08333333333333333,0.0,0.0,4.755321367427375,2.305650923323241,0,0,0
S5_p000_t024_s558398644,2026-10-03T01:55:45Z,S5,0,1,0,0,a9413935cd83971876825f17b977416b22daf227f809b6f4b015a78928e0ac3d,12000,16,1,180000,0.92509144928077,1,0.011664110306822996,0.011320390480114302,0,1,173750,0.0,-2.8276775520363224,-320.8385915737678,-8.182954677627007,0.1312600797468347,-0.0008024965214283226,-0.00010043083466371172,0.08333333333333333,0.0,0.0,4.633592501892842,2.507328203017864,0,0,0
S5_p000_t025_s1286326493,2026-10-03T01:56:00Z,S5,0,1,0,0,35bd2df7962011413bdd7712b90fea5308ba552d1fa158867ad1cf161bd51a34,12000,16,1,180000,0.9251096991342125,1,0.011390777754387653,0.011438325274920134,0,1,173701,0.0,-2.834544747861252,-324.92193293723113,-8.183138930163752,0.13431070022192082,-0.0002910374612241816,-3.640849536168389e-05,0.08333333333333333,0.0,5.416666666666667,5.075214144828398,2.1375407337678975,0,0,0
S5_p000_t026_s905618129,2026-10-03T01:56:15Z,S5,0,1,0,0,deb3405ef55d53c4e6c1d67b1b1c79ba28bda27133ec78928eecdd1e542737db,12000,16,1,180000,0.9251487406639203,1,0.013313058227000494,0.013039589560558134,0,1,173766,0.0,-2.8301898401416286,-319.50526002318475,-8.182611354862642,0.15332367178293282,0.005472074782914516,0.0006849067681287124,0.08333333333333333,0.0,3.75,5.367919060719511,2.4481499640116717,0,0,0
S5_p000_t027_s649442228,2026-10-03T01:56:30Z,S5,0,1,0,0,3c888c03c71a8ecc86f7f24d64b1556a4fd257633a2bc45d535a569a009ea255,12000,16,1,180000,0.925576632594959,1,0.0120526263155619,0.01321816363286422,0,1,173811,0.0,-2.816246601542571,-315.7552856113143,-8.215296923311111,0.12333869944139195,-0.0029455330121742106,-0.0003688072429213207,0.08333333333333333,0.0,0.0,4.9125283314542365,2.9272508408353177,0,0,0
S5_p000_t028_s1033628820,2026-10-03T01:56:45Z,S5,0,1,0,0,a42d1290ab2282567939b28d5e260ecb0192567e3ab4a261d00ada9ab9e51ff6,12000,16,1,180000,0.9256189576206851,1,0.012583538469516082,0.01321816363286422,0,1,173772,0.0,-2.8219978220514292,-319.00526381693754,-8.216342225749498,0.07661372072649583,0.004429676270255782,0.0005544625787479163,0.08333333333333333,0.0,0.0,4.896339208265616,2.2176864117224784,0,0,0
S5_p000_t029_s815515411,2026-10-03T01:57:00Z,S5,0,1,0,0,6ebea27b7cab72a66b4a96c6c6aa3c484f5826cca6e3ccc7b7665c0be2d2b8e9,12000,16,1,180000,0.9246521578150375,1,0.012190988655550251,0.010522630375740043,0,1,173766,0.0,-2.8519303166147676,-319.5052675271484,-8.154230805274782,0.1740416680189305,-0.0016923819264665274,-0.00021182529144425644,0.08333333333333333,0.0,0.0,4.808186816005939,2.2300996290569834,0,0,0
S5_p000_t030_s1593614182,2026-10-03T01:57:15Z,S5,0,1,0,0,141c6ae5db312f7bd06ebeb63fa61ffaf250fd978305476e03b495a7938cd8a2,12000,16,1,180000,0.924932101502627,1,0.012482678955484171,0.011381903972451344,0,1,173714,0.0,-2.8290719909043838,-323.83860447765676,-8.173291809247768,0.13442097666091524,-0.0006178881811003089,-7.730522611382185e-05,0.08333333333333333,0.0,8.333333333333334,4.820963264175863,2.14390350048226,0,0,0
S5_p000_t031_s1722507941,2026-10-03T01:57:30Z,S5,0,1,0,0,7c2a6c72c24a5384c77e1e411d21e7ac10962ec0b64d42879b1b86a3deb460e4,12000,16,1,180000,0.9250127997746888,1,0.01132169284839511,0.011381903972451344,0,1,173814,0.0,-2.842429099445499,-315.5052550883047,-8.172172579082256,0.1809688796324151,-0.0008407482931567644,-0.00010527177528274478,0.08333333333333333,0.0,0.0,4.818390081303889,2.8666661225621244,0,0,0
S5_p000_t032_s1695726775,2026-10-03T01:57:45Z,S5,0,1,0,0,a2b584fb052ad0f1e3ec2cda82cbb51cbc6b9adf444c51f8e0d8af3d2693a46e,12000,16,1,180000,0.9249048499264751,1,0.011893986101306134,0.011266541992162515,0,1,173808,0.0,-2.8449545274942274,-316.0052544125683,-8.168162857961828,0.13518869996615918,0.003315634866940163,0.00041513737915011006,0.08333333333333333,0.0,0.0,4.619239648847987,2.0016165763553784,0,0,0
S5_p000_t033_s51254525,2026-10-03T01:58:00Z,S5,0,1,0,0,beed2a0013fe29f7d3895fb268f695e33a97ee351bc7ce0d11d7ae7822515122,12000,16,1,180000,0.9250414054639624,1,0.011568988884872351,0.011266541992162515,0,1,173776,0.0,-2.835916800658974,-318.6719448047267,-8.177859928859341,0.1209150892313525,-0.0016646277305484966,-0.00020836811154367751,0.08333333333333333,0.0,0.0,5.044897832271954,2.1959591284623645,0,0,0
S5_p000_t034_s1745018624,2026-10-03T01:58:15Z,S5,0,1,0,0,39bd616ddb0ca548fdfa13f66f3937b345dd6023a611049dfa7961ea4cc45d10,12000,16,1,180000,0.9244973446372057,1,0.011705952015918468,0.01173937934108169,0,1,173709,0.0,-2.8618632322410695,-324.2552421656207,-8.143820861515255,0.09874123663807319,-0.003978312681192232,-0.0004977147646059166,0.08333333333333333,0.0,2.8333333333333335,4.603415392145302,2.079964329663893,0,0,0
S5_p000_t035_s977203227,2026-10-03T01:58:30Z,S5,0,1,0,0,994f8fd8fc3830552c310a65a6fcd9d16634829a2c38ca1d52b30cf850f23773,12000,16,1,180000,0.9253921342220961,1,0.011891930674033095,0.011906754434669618,0,1,173743,0.0,-2.8263244724121073,-321.4219267699615,-8.200612216936284,0.11909869136874532,0.0013688904099390061,0.00017130431479017716,0.08333333333333333,0.0,4.416666666666667,5.845301720127754,2.0791928668460224,0,0,0
S5_p000_t036_s2083372684,2026-10-03T01:58:45Z,S5,0,1,0,0,4503ef1f690f3ee16cf9d02de739728c5c3fde53c81af804ebac5e25143d8db0,12000,16,1,180000,0.92520436604722,1,0.01148637969713949,0.011941561547457529,0,1,173796,0.0,-2.8316473264605784,-317.005252925881,-8.189915179212562,0.1466878920980039,0.0036705665033740583,0.00045953290282341186,0.08333333333333333,0.0,0.0,4.910677542603506,2.089780669698952,0,0,0
S5_p000_t037_s1544718727,2026-10-03T01:59:00Z,S5,0,1,0,0,99e35afe710099f466c6ae7efcce7f7f3195edaab5330e16c7660b141fffdda3,12000,16,1,180000,0.9247091503021003,1,0.012346670889359163,0.011941561547457529,0,1,173772,0.0,-2.851260966659237,-319.0052486306158,-8.15523920249943,0.1695379844751761,-0.005055955190192672,-0.0006328539111564169,0.08333333333333333,0.0,0.0,4.689424978486507,1.712219996644615,0,0,0
S5_p000_t038_s894361021,2026-10-03T01:59:15Z,S5,0,1,0,0,3e2171a289ad17c62f87962b0d29dbb38bac2a3f957117dff836cdc807d90f9b,12000,16,1,180000,0.9248973605629529,1,0.011513521203539306,0.01152536370534649,0,1,173747,0.0,-2.8442039311986274,-321.08858389939996,-8.167693037796083,0.11567424713462163,-0.0025291787830450706,-0.00031651407880417537,0.08333333333333333,0.0,5.416666666666667,4.895366675566673,2.168004638444709,0,0,0
S5_p000_t039_s819664372,2026-10-03T01:59:30Z,S5,0,1,0,0,648af1c4c8853d1172e4ca25e2b14bf2ab644712283ad85d41f5f21100b233a4,12000,16,1,180000,0.9254658788608398,1,0.011696027982641913,0.011299748597758093,0,1,173812,0.0,-2.8228864156213707,-315.6719381237411,-8.212468367415816,0.17651968634402637,0.0003765357132001615,4.714603664979222e-05,0.08333333333333333,0.0,350.1666666666667,5.276059577564932,2.397976479037736,0,0,0
S5_p000_t040_s857399851,2026-10-03T02:00:00Z,S5,0,1,0,0,a112e93900dee74a38e38d3545c76ed01553221e7592a117ee5822f4c186f8ee,12000,16,1,180000,0.9259301852715429,1,0.012055492778039441,0.011434955377139051,0,1,173672,0.0,-2.809613607800163,-327.3386027601464,-8.239364758852844,0.15431827452764285,0.0012525781734537395,0.0001566599521538592,0.08333333333333333,0.0,0.0,4.994550762054724,2.05442982047612,0,0,0
S5_p000_t041_s1795049623,2026-10-03T02:00:15Z,S5,0,1,0,0,5c7d39f9825f994af3ce5a17e691e172dca6fcfab7f65e988dab6700825071a2,12000,16,1,180000,0.9251704018795921,1,0.012374799658592499,0.011434955377139051,0,1,173562,0.0,-2.828342970853181,-336.50526779341635,-8.187058215542212,0.14587885949325385,-0.0056646278423954895,-0.0007078518951857404,0.08333333333333333,0.0,2.8333333333333335,4.845062584091448,2.5868999354107487,0,0,0
S5_p000_t042_s190457367,2026-10-03T02:00:30Z,S5,0,1,0,0,346119a6e40224204c815f9647419d8b4b5351b66bb6a4962f0629dad0cba8af,12000,16,1,180000,0.9250792407358163,1,0.013589260238020527,0.01107464873018137,0,1,173596,0.0,-2.8423238285647168,-333.67191256013695,-8.181555198124101,0.14134325431644112,-0.0010327219820389659,-0.00012908405142297852,0.08333333333333333,0.0,1.5,4.72573944022272,2.158158033741133,0,0,0
S5_p000_t043_s1463994837,2026-10-03T02:00:45Z,S5,0,1,0,0,3bd96971fe580820426c98007ef52c4e2e68eec34f91646c1e48c5c67a912843,12000,16,1,180000,0.5248029603300104,1,0.011636707035719113,0.011512522855102006,0,1,173614,0.0,-7.695155502169628,-332.17217201663755,4.038368830856877,68.35095491658167,966.2686525603709,120.79517679387709,9.5,0.0,4.333333333333333,8.119203187587864,6.322393559865437,0,0,0
S5_p000_t044_s1305633241,2026-10-03T02:01:00Z,S5,0,1,0,0,f742ea0cd32e5a122ef7f7b8966213abfe936295cf9dbca01d1392da1eb32197,12000,16,1,180000,0.8239056186402786,1,0.011628826661242361,0.011678784634285913,0,1,173787,0.0,-2.9483112713382797,-317.7723269568099,-7.418604958976038,0.16692246720619142,-0.00854684169035629,-0.0010699363770072523,0.08333333333333333,0.0,0.0,5.094707616643046,2.2792512242264573,0,0,0
S5_p000_t045_s641567673,2026-10-03T02:01:15Z,S5,0,1,0,0,a33de72c984dfe87aace40255f1f9e70522fb7ceb429bab1606c28ee9063b566,12000,16,1,180000,0.8238786340948302,1,0.012797966064130207,0.011678784634285915,0,1,173695,0.0,-2.94164719018931,-325.43902728582907,-7.438538292687168,0.17231006696682302,-0.004077901342718386,-0.000510116912664671,0.08333333333333333,0.0,8.916666666666666,4.580962309228065,2.1699441031680293,0,0,0
S5_p000_t046_s342352341,2026-10-03T02:01:30Z,S5,0,1,0,0,be3f2ad910033d8789d89076cf5e1c49765e8a6be7c129843f9f0c9154cbbec4,12000,16,1,180000,0.8225757911782328,1,0.012936742163821747,0.011684347577656472,0,1,173802,0.0,-2.964108170806181,-316.5223643883255,-7.376531857600551,0.11114321979044363,0.009477752829202081,0.0011866146542161005,0.08333333333333333,0.0,0.0,4.7617673189530425,2.046507382336202,0,0,0
S5_p000_t047_s1976295519,2026-10-03T02:01:45Z,S5,0,1,0,0,cedfbd2ceb707a15f19fe3e19a4d84a93ef259548e8fc09ab1853c9ace2eba57,12000,16,1,180000,0.8237923887694262,1,0.012119963457337603,0.012438424080307056,0,1,173732,0.0,-2.9410702962192707,-322.3557002935571,-7.432815310590132,0.1089463560994154,0.011151314433046094,0.0013953639750070579,0.08333333333333333,0.0,0.0,4.772091052704245,1.896370238509981,0,0,0
S5_p000_t048_s26274461,2026-10-03T02:02:00Z,S5,0,1,0,0,eb872d1d8cb82ac7d93a3050a3dae85ae2cc921199402f61ecada6cbe67b2a75,12000,16,1,180000,0.8231086069425122,1,0.013951071158421957,0.012438424080307056,0,1,173687,0.0,-2.951447793870323,-326.10569347215943,-7.397750606444956,0.10544510102642556,0.005565775936661549,0.0006961950830373098,0.08333333333333333,0.0,0.6666666666666666,4.765568005850355,2.1747025633034536,0,0,0
S5_p000_t049_s1345419483,2026-10-03T02:02:15Z,S5,0,1,0,0,b2e0763c5383ed1a5ae59d6a1a3392b1bad5499c3ff7b2215a3f48d1eca3c272,12000,16,1,180000,0.8244633784851104,1,0.011159552113113407,0.013085355031554318,0,1,173695,0.0,-2.9243096664821433,-325.43906442484456,-7.463908015249297,0.1389467200421713,-0.003991163933844023,-0.0004992666699763504,0.08333333333333333,0.0,0.6666666666666666,5.140065486805784,1.9953020462955045,0,0,0
S5_p000_t050_s99021969,2026-10-03T02:02:30Z,S5,0,1,0,0,95936ebd9128f5b09cee14c4d4533217ca18a3f00094f1a1219c2fe06be78294,12000,16,1,180000,0.8243897903312821,1,0.011680746946905629,0.013085355031554316,0,1,173703,0.0,-2.9380555907785615,-324.7723204974979,-7.43464989758494,0.15556679857464986,0.0006480408746852768,8.107056146400282e-05,0.08333333333333333,0.0,5.25,5.065575473089525,2.0667796201818707,0,0,0
S5_p000_t051_s1479934108,2026-10-03T02:02:45Z,S5,0,1,0,0,cdcf15eecc2fa59f96dedaa228aa4db901771ab1f82aaab5eca2bee7ab0a7adc,12000,16,1,180000,0.8240332954597686,1,0.011510234738392,0.011074855641030328,0,1,173766,0.0,-2.9460335014447567,-319.52232808703536,-7.416889829495328,0.1372595328352397,-0.008058669848852671,-0.0010086553529617959,0.08333333333333333,0.0,0.0,4.694835677075219,2.356177707660194,0,0,0
S5_p000_t052_s394618325,2026-10-03T02:03:00Z,S5,0,1,0,0,cf1a43a81e750baf560c9f25535578db136e54a8fd0c8a4beeb809bbefa1e0f3,12000,16,1,180000,0.8231040135592635,1,0.012639354153597194,0.01454022921144404,0,1,173708,0.0,-2.9605053668454584,-324.35566726540003,-7.374999489387644,0.17366446859811757,0.01412288470782279,0.0017668576142568782,0.08333333333333333,0.0,1.9166666666666665,4.618490791149116,1.9133071766283574,0,0,0
S5_p000_t053_s628411764,2026-10-03T02:03:15Z,S5,0,1,0,0,791feb4545b2000032d1abe6659752e047a9196d8c70136463996946b5dcdea4,12000,16,1,180000,0.8242554510821136,1,0.012045428971576658,0.014540229211444043,0,1,173731,0.0,-2.931608415179233,-322.4390548733445,-7.434374777768603,0.15051161207092517,-0.0007560623117744226,-9.460532101002173e-05,0.08333333333333333,0.0,0.0,4.964191843022613,2.155312108745509,0,0,0
S5_p000_t054_s100976213,2026-10-03T02:03:30Z,S5,0,1,0,0,79e58121efc2cbe779266f69cb2323235f74052b5b09aad005df1d219976b24e,12000,16,1,180000,0.8243864093993193,1,0.011975118124353866,0.012025786238237553,0,1,173716,0.0,-2.9337810817854724,-323.6890159471271,-7.426361820243606,0.13886220246911415,0.0029120174813779807,0.0003643341551651247,0.08333333333333333,0.0,0.0,5.062799682137753,2.119713856928265,0,0,0
S5_p000_t055_s419571874,2026-10-03T02:03:45Z,S5,0,1,0,0,f984e22cdf0145d74598d61baac09d6705a237305a09864db38cf76f49cd9cc9,12000,16,1,180000,0.8223909940626486,1,0.01184139566081402,0.010819566177967187,0,1,173697,0.0,-2.9747088867485507,-325.2722837754524,-7.3686508525796235,0.1544805222153155,0.0031994222831400443,0.00040023173050940386,0.08333333333333333,0.0,5.083333333333333,5.652878365564926,1.8460486156186855,0,0,0
S5_p000_t056_s1428634269,2026-10-03T02:04:00Z,S5,0,1,0,0,d1c7b955d2ad008b0a7cfd61b11cd5d042699084d753c4b43618b43a5164bd04,12000,16,1,180000,0.8239774407565774,1,0.011599220977695177,0.011368428910441425,0,1,173758,0.0,-2.931818518747437,-320.1890561615007,-7.439228245330884,0.13853928006932265,-0.005485836259628823,-0.0006865853229101049,0.08333333333333333,0.0,2.75,5.017904945094239,2.023670805149724,0,0,0
S5_p000_t057_s329242616,2026-10-03T02:04:15Z,S5,0,1,0,0,a09b5ed59cfed19a34011189ac464ca62c0e1de6823986b19d8a88970be6f8b1,12000,16,1,180000,0.5976233403948765,1,0.011281824198036977,0.01152206920284912,0,1,173913,0.0,-6.652845091809214,-307.255170312296,2.4985542834925316,42.90985700715865,975.2108849734193,122.20465120690415,9.5,0.0,0.0,7.786586196610266,7.7630640828959185,0,0,0
S5_p000_t058_s2110013045,2026-10-03T02:04:30Z,S5,0,1,0,0,09e47584f8873071610a1a25456868ba764bde34a11b5bc2c69c438581ff7022,12000,16,1,180000,0.9246830803756035,1,0.011614158547829715,0.01152206920284912,0,1,173807,0.0,-2.8485688940969043,-316.08859092743234,-8.151340612456378,0.10192720278737544,-0.004432984135865686,-0.0005550317787310632,0.08333333333333333,0.0,5.0,5.20895856660616,2.3527728542917936,0,0,0
S5_p000_t059_s156085977,2026-10-03T02:04:45Z,S5,0,1,0,0,1228ef3fc00006f229d2c68b3829afd197e5a0ff7d35316d4d47fff483fc6848,12000,16,1,180000,0.9252908917279372,1,0.012068871310096957,0.011479244942781833,0,1,173867,0.0,-2.8322779117617385,-311.0885943553318,-8.199580778671962,0.11224065564044967,0.0033569203091461004,0.0004205046225251863,0.08333333333333333,0.0,348.25,5.637131554202277,2.1306791577772364,0,0,0
S5_p001_t000_s1885087324,2026-10-03T02:05:15Z,S5,1,1,0,0,706bc14843c2bcc375efd9f5c3986b641b224358b015a2f61a06dfd3d6227fb5,12000,16,1,180000,0.925055454913171,1,0.012142344247877914,0.011612135066804708,0,1,173652,0.0,-2.8381674960989494,-329.0052534948445,-8.178539316002075,0.13734039589520342,0.0010156523670639707,0.00012700732850134955,0.08333333333333333,0.0,0.0,4.898308886250789,2.4470688774612306,0,0,0
S5_p001_t001_s1655700015,2026-10-03T02:05:30Z,S5,1,1,0,0,5df54838baa7602826693448b111ed64dec5c191fda17e0897df3f94866f45fe,12000,16,1,180000,0.9254281224755361,1,0.014072859129539225,0.011758077236549454,0,1,173604,0.0,-2.819434214245316,-333.0052740588532,-8.205275254027383,0.16895897626395842,-0.0031208412707017037,-0.0003901114005202544,0.08333333333333333,0.0,2.0833333333333335,4.746632537238132,2.0586505382970306,0,0,0
S5_p001_t002_s1021903553,2026-10-03T02:05:45Z,S5,1,1,0,0,2d767b26fbbe649d0501205e39b93aeccf896b1436754998044aa3ba584b6bfc,12000,16,1,180000,0.9244720027978421,1,0.012556350346653925,0.011758077236549456,0,1,173629,0.0,-2.8592808444558955,-330.9219012959153,-8.135196417781096,0.12143411817293806,-0.001943903685554326,-0.0002430404460938007,0.08333333333333333,0.0,1.6666666666666667,4.82634396312193,2.0789167801558057,0,0,0
S5_p001_t003_s1644975509,2026-10-03T02:06:00Z,S5,1,1,0,0,e6de54ab144f91c553d302480a9c83d547d7609d6d1a354a4112ca88b17ba356,12000,16,1,180000,0.9257651995325773,1,0.012139868149184689,0.011663593173974689,0,1,173649,0.0,-2.812349378564992,-329.25526513368396,-8.226274796939595,0.17822347942595418,0.0014109197569931156,0.00017643128285271814,0.08333333333333333,0.0,0.0,4.72137993746389,2.1751164620732095,0,0,0
S5_p001_t004_s1168327485,2026-10-03T02:06:15Z,S5,1,1,0,0,dc80b89312c479c6cb9ce739256c281528f1fa831d060feb56e1cde2ea174572,12000,16,1,180000,0.925718983962168,1,0.010891713742288872,0.01066601118346451,0,1,173592,0.0,-2.8167644892794472,-334.00526867351675,-8.223213555130059,0.17844358528629128,0.0027367127366215425,0.0003420617249503266,0.08333333333333333,0.0,0.0,4.799020170369025,2.2871557423286197,0,0,0
S5_p001_t005_s821699653,2026-10-03T02:06:30Z,S5,1,1,0,0,42c11d9d9badf078ee5af44fa4a8d035f3023f1be0c3af2c77d218315159a3e7,12000,16,1,180000,0.9248489577632854,1,0.011223766740696523,0.012058580066831297,0,1,173580,0.0,-2.837688684714074,-335.0052821824926,-8.165351682283179,0.1394521984203711,-0.004940287132698235,-0.00061742720527036,0.08333333333333333,0.0,3.0833333333333335,4.967210137218153,2.037691808250951,0,0,0
S5_p001_t006_s1390326187,2026-10-03T02:06:45Z,S5,1,1,0,0,4e8332ab22d9a46f6488ed1def5f825603c0124924a41cf17aa51121e23a6963,12000,16,1,180000,0.9254066553890063,1,0.011885038841510561,0.012058580066831297,0,1,173617,0.0,-2.8184229759106576,-331.9219236626159,-8.199802993174739,0.10245295929365142,-0.0009287074581535444,-0.00011610236288106535,0.08333333333333333,0.0,0.0,4.9993893674085275,2.8082395596822667,0,0,0
S5_p001_t007_s62755090,2026-10-03T02:07:00Z,S5,1,1,0,0,83def06e36f6cacdfa15f36407267b072de406d075332afe87b0f6fb8600abd0,12000,16,1,180000,0.924829693889608,1,0.012360276026753594,0.011815804920647007,0,1,173554,0.0,-2.8447119981837603,-337.17193521567424,-8.168027329799957,0.15155643081847459,0.002312900068536135,0.00028900148936372716,0.08333333333333333,0.0,8.0,5.238185557558604,2.154346905504558,0,0,0
S5_p001_t008_s1060521833,2026-10-03T02:07:15Z,S5,1,1,0,0,f40accb2a81b1a26747d53963afd2ab9909baa129a592f4f4b2954f8935227c0,12000,16,1,180000,0.9253840500712287,1,0.012097637276819152,0.01181528906755367,0,1,173650,0.0,-2.823687360930684,-329.1719363977839,-8.202079619408027,0.10994436980752098,-0.00416072438229284,-0.000520290262556955,0.08333333333333333,0.0,0.0,4.780732871805593,2.3641150279472316,0,0,0
S5_p001_t009_s589950212,2026-10-03T02:07:30Z,S5,1,1,0,0,56627f3a0cc5fba985b7f32b035d7416d013fbce48e1d1c5c9dbc63beac2608f,12000,16,1,180000,0.9250645311021486,1,0.011636719642339886,0.012572497355329351,0,1,173565,0.0,-2.8261300233644775,-336.255279798624,-8.178603118220252,0.13408485263519526,0.0016831527384221197,0.00021033181565144332,0.08333333333333333,0.0,0.0,5.246944777376631,2.1863400876419155,0,0,0
S5_p001_t010_s1305069655,2026-10-03T02:07:45Z,S5,1,1,0,0,b8eacd4154c8324e5110f2a40f315069724e8423008639d70223bc282755eba1,12000,16,1,180000,0.7566860292086254,1,0.011909819460830482,0.01257249735532935,0,1,173675,0.0,-3.691366885155742,-327.1056913809989,-3.961976037578154,38.202311947826246,0.003936251293293912,0.0004923187580061494,9.5,0.0,0.3333333333333333,13.556990714926867,12.417965180474816,0,0,0
S5_p001_t011_s28593644,2026-10-03T02:08:00Z,S5,1,1,0,0,f244b8b6e1c2ddf958f7ef0fe013e7e7316541aa97f833d8c193798fca6f381f,12000,16,1,180000,0.8232700848277777,1,0.011252539751078042,0.011370134432934819,0,1,173679,0.0,-2.956264960069456,-326.7723695640937,-7.397008187615804,0.10185752344070795,-0.001120621465833643,-0.00014016397108207457,0.08333333333333333,0.0,8.416666666666666,5.185191554819495,2.019246494407559,0,0,0
S5_p001_t012_s1865301797,2026-10-03T02:08:15Z,S5,1,1,0,0,f674d30779a62c8c37fc61ffa4bc3f897b3eb3910c5818320564a54fadbc1181,12000,16,1,180000,0.8234726765775952,1,0.011577247593657821,0.011697493707701075,0,1,173780,0.0,-2.9520975769470486,-318.35567124285325,-7.403904981259516,0.13855467307679994,-0.00440261661342578,-0.0005511107424354122,0.08333333333333333,0.0,0.0,4.957551783537921,2.824769296965561,0,0,0
S5_p001_t013_s2060094721,2026-10-03T02:08:30Z,S5,1,1,0,0,334e904d192b52b4eef340bad183f253f2fabc38cf30d43d4c67f5f5885315cc,12000,16,1,180000,0.8234909869135189,1,0.012369281919294319,0.011697493707701073,0,1,173717,0.0,-2.951108642243187,-323.60569168418203,-7.403857163912702,0.11666292366084399,-0.004510748957496211,-0.0005643623558171385,0.08333333333333333,0.0,5.083333333333333,4.736946694707506,1.9494187131544427,0,0,0
S5_p001_t014_s1948411728,2026-10-03T02:08:45Z,S5,1,1,0,0,fd8408bddf2cfdc3b9fca06d2b0c3cfbf7ea15bc7a9ee86d42d6e2551035747b,12000,16,1,180000,0.8242133507237314,1,0.01166845092704028,0.010943740424339411,0,1,173778,0.0,-2.9285017868410756,-318.52238252083527,-7.430346132867015,0.11969772143685128,0.007845941219174464,0.0009821235380513826,0.08333333333333333,0.0,0.0,5.031664441612264,1.9326086487596377,0,0,0
S5_p001_t015_s391197292,2026-10-03T02:09:00Z,S5,1,1,0,0,43ca7b74d07096b5ca0c131b51e47e45d7c19cb5398e1389e841429e63ce3dcb,12000,16,1,180000,0.8235981625667738,1,0.011611841194566229,0.010943740424339411,0,1,173751,0.0,-2.94875847758483,-320.7723624434184,-7.400965912978256,0.12214781097366939,0.004963881521890427,0.0006212248085830652,0.08333333333333333,0.0,0.0,5.054735012779573,1.886919646879084,0,0,0
S5_p001_t016_s1222798800,2026-10-03T02:09:15Z,S5,1,1,0,0,62635df9218d9da2187dc153c0c41216db60055380e080adbbd4081137c8375d,12000,16,1,180000,0.8249219830906003,1,0.012230692400912005,0.01155165604757784,0,1,173745,0.0,-2.9220844236555834,-321.2723726083283,-7.456657009543537,0.13536945338687817,-0.0077452322357193844,-0.000969261597674631,0.08333333333333333,0.0,0.0,4.928999683655294,2.076044635477557,0,0,0
S5_p001_t017_s1741812164,2026-10-03T02:09:30Z,S5,1,1,0,0,06ab1358c1941c4e4022a295cd3d78ee5c6522df7645b87cbccc124369dc51fd,12000,16,1,180000,0.8239240741179822,1,0.012172405503570405,0.011551656047577838,0,1,173690,0.0,-2.9503049027491066,-325.8556499845308,-7.411583602180473,0.1918811564020835,-0.002898129449905904,-0.0003625212166298297,0.08333333333333333,0.0,6.5,4.794978327554081,2.2925345362153187,0,0,0
S5_p001_t018_s761716013,2026-10-03T02:09:45Z,S5,1,1,0,0,9af0da47323848b2533cea25a231012d0e1984a4b1d024177ca0d6aaeb841438,12000,16,1,180000,0.8237911766678371,1,0.012606109293913651,0.011175487216593947,0,1,173768,0.0,-2.933786298295683,-319.35576151181886,-7.435831770909217,0.13403674808000882,-0.011999735336892607,-0.0015019588731775002,0.08333333333333333,0.0,0.0,4.986628901267761,2.846710492551404,0,0,0
S5_p001_t019_s1418527271,2026-10-03T02:10:00Z,S5,1,1,0,0,a364fe7c7dcdc88302fb2351f16f6bffb78536de781f4dbdc791ccf6c9ec7da7,12000,16,1,180000,0.8247961204449955,1,0.010781115448328887,0.011217996666343173,0,1,173690,0.0,-2.9236800378609735,-325.85569799813254,-7.447878598041754,0.11639253975743323,-0.005610397461295563,-0.0007017933976385393,0.08333333333333333,0.0,355.6666666666667,5.088784470890503,2.2536978428123624,0,0,0
S5_p001_t020_s783127692,2026-10-03T02:10:30Z,S5,1,1,0,0,25c71cad51fe5bdac8aa14f36c28912c521301c89a249fe2c3986722a390ed06,12000,16,1,180000,0.9251837735459009,1,0.0122825207365444,0.01130698512478443,0,1,173826,0.0,-2.834191914390323,-314.5052667484488,-8.187428393757797,0.1661388540161428,-0.002330406066037404,-0.00029182276921346784,0.08333333333333333,0.0,0.0,5.313409428052202,2.308201759220649,0,0,0
S5_p001_t021_s1964437265,2026-10-03T02:10:45Z,S5,1,1,0,0,995ec3449f12ff169882769520bd9066968a9172f3bbbfca9a68c1c74cd6517a,12000,16,1,180000,0.9253495354579162,1,0.012938298080022111,0.01130698512478443,0,1,173743,0.0,-2.8253545183220794,-321.42193688862244,-8.196667483713751,0.1199411633176682,0.004082776587843515,0.0005109227449793252,0.08333333333333333,0.0,6.5,5.267942285118052,2.0281298975414983,0,0,0
S5_p001_t022_s957459067,2026-10-03T02:11:00Z,S5,1,1,0,0,ec62617643c9e6fb2718e01e4d8dddbae58b44d3f7d04ead1af9cac6ad6f336f,12000,16,1,180000,0.7363931350151202,1,0.012059760908885157,0.011415151531325126,0,1,173821,0.0,-4.771408850112934,-314.9218963031193,-0.9926795515753394,34.51842301589187,1800.023718362873,225.3971699896806,9.583333333333332,0.0,0.0,13.409787467102491,10.656795826819394,0,0,0
S5_p001_t023_s8860321,2026-10-03T02:11:15Z,S5,1,1,0,0,1376d19c426329c0eb480e608b5622b5a36732ae0712ca58f33544ec8168f27a,12000,16,1,180000,0.7848774511215547,1,0.01283287137447021,0.011415151531325125,0,1,173995,0.0,-2.943811139498025,-300.3886703351558,-7.490631444840878,0.15498155927715962,-0.00024595237478272305,-3.084070613112999e-05,0.08333333333333333,0.0,0.75,5.193847541271257,2.4143095704144066,0,0,0
S5_p001_t024_s1947352502,2026-10-03T02:11:30Z,S5,1,1,0,0,359f800f33e07842f5ff734a6c7fe15644a96f1a127b29e350afad8368dbc019,12000,16,1,180000,0.7853038138139814,1,0.011983486232823673,0.011692016999606968,0,1,174004,0.0,-2.9491279981721688,-299.63877205292073,-7.489645275385911,0.14300126471499658,0.00504973696448082,0.0006332471148198238,0.08333333333333333,0.0,0.0,4.727968123609734,2.2741165527835197,0,0,0
S5_p001_t025_s530962326,2026-10-03T02:11:45Z,S5,1,1,0,0,103c7ad823086a601d8bb7f622bd95025ebd7532a5540b71847a6d05dce67da0,12000,16,1,180000,0.7851735010205498,1,0.012265683093377477,0.011754246126400688,0,1,173962,0.0,-2.9491328071207885,-303.1387299451993,-7.488368289233147,0.12770851706507097,0.004472560314419474,0.0005606801610156253,0.08333333333333333,0.0,4.666666666666667,4.7593666332063,2.203201182763644,0,0,0
S5_p001_t026_s1487894653,2026-10-03T02:12:00Z,S5,1,1,0,0,5c00bddd13f648e2a5c16f7858e25bc8a84c07f3f0aa33483ff839c3108cb993,12000,16,1,180000,0.7873333023905974,1,0.011827095429001658,0.011754246126400688,0,1,174018,0.0,-2.9180505063969475,-298.47210542140357,-7.536609362933864,0.13089231685204047,-0.004896528990696378,-0.0006141030798971769,0.08333333333333333,0.0,0.0,4.745814974783472,2.554247208581579,0,0,0
S5_p001_t027_s336917293,2026-10-03T02:12:15Z,S5,1,1,0,0,1540843c7f53f183515f0d243504f744e80b063d1ba9b5190917577ab1cb1f72,12000,16,1,180000,0.7870331713882442,1,0.011605616888453366,0.011497097383666202,0,1,173953,0.0,-2.91054235223035,-303.8886909276189,-7.54579564187633,0.16157662338442813,0.008290099784433179,0.0010391722980784834,0.08333333333333333,0.0,2.8333333333333335,5.097422271139795,2.3807081215284835,0,0,0
S5_p001_t028_s362942692,2026-10-03T02:12:30Z,S5,1,1,0,0,b29416430645a033da361813a69a43e3971e3ede9fe3bfc1dcbf74d0997d1a49,12000,16,1,180000,0.7872174015797074,1,0.011691430340403708,0.013794725883134002,0,1,173987,0.0,-2.9222820538677374,-301.0554432252957,-7.507907184354851,0.13036937077633262,0.003900232284374481,0.0004890306249762943,0.08333333333333333,0.0,3.3333333333333335,4.656448600949279,2.4162741076527054,0,0,0
S5_p001_t029_s125804357,2026-10-03T02:12:45Z,S5,1,1,0,0,89c5994cd62546d44ddc23a384581843c510ce4cd2f05001fefc2d9201695339,12000,16,1,180000,0.7854332784383156,1,0.01252150802077664,0.013794725883134002,0,1,174027,0.0,-2.940184975946312,-297.72205849551085,-7.499075165879234,0.1450743177226785,-0.003193266810230222,-0.00040051548967312556,0.08333333333333333,0.0,2.0,4.960049006538894,2.363998028417907,0,0,0
S5_p001_t030_s1238284527,2026-10-03T02:13:00Z,S5,1,1,0,0,48bc20a12a5bfda18c7331d3ee59daba95c98b554765164c8060167d8b4dadb1,12000,16,1,180000,0.7875580684216454,1,0.012482932997821121,0.012303348513055432,0,1,174051,0.0,-2.9068998601983553,-295.7220517047772,-7.545156320908549,0.10179330842347707,0.008179007590201627,0.001026048323183204,0.08333333333333333,0.0,0.0,5.12186752740852,2.2130543864120815,0,0,0
S5_p001_t031_s185959128,2026-10-03T02:13:15Z,S5,1,1,0,0,19153b12106c7048979554987f3d596bdcce3d626439743c5d79f61efa220ce4,12000,16,1,180000,0.787476772614792,1,0.011255034698256467,0.01166365529434014,0,1,174000,0.0,-2.907320833768576,-299.9720735372836,-7.554680593202523,0.16251221796502566,0.005441823504288409,0.0006823937837907579,0.08333333333333333,0.0,2.1666666666666665,5.132553873813388,2.3724756460441885,0,0,0
S5_p001_t032_s1290207230,2026-10-03T02:13:30Z,S5,1,1,0,0,842ee68b7faed7a0ec0fefac87e92ba73c5ea0855abe65d1b5e676ed245de17f,12000,16,1,180000,0.7872354286747987,1,0.012079078581318813,0.01182170195224339,0,1,174026,0.0,-2.920017154803495,-297.80544781018216,-7.528793981420599,0.1347687289830722,0.013563935968313297,0.001701243104889727,0.08333333333333333,0.0,0.0,4.544672707995288,1.8652629322438508,0,0,0
S5_p001_t033_s1071658190,2026-10-03T02:13:45Z,S5,1,1,0,0,2236d8dc6b7e47d8b6ce1d615f9ea115e78323de674466a94a00aef19ec3cce0,12000,16,1,180000,0.7858171508656706,1,0.012270104965396796,0.011821701952243394,0,1,174011,0.0,-2.9429892686210017,-299.055416241176,-7.471697481636315,0.16204062684207887,0.01332508749869744,0.0016710858981241472,0.08333333333333333,0.0,0.0,5.355671143955296,2.3547633673063517,0,0,0
S5_p001_t034_s264284341,2026-10-03T02:14:00Z,S5,1,1,0,0,2789ec8de653fe6d2ebaaab18f756086e90f98ab752006887789fa940a2e45db,12000,16,1,180000,0.7875416016992337,1,0.011260051261780209,0.011609161800808964,0,1,174004,0.0,-2.916210770019601,-299.6387849427538,-7.515428289284566,0.15230460853779434,0.004418161195772174,0.0005540462502722221,0.08333333333333333,0.0,0.0,5.234245286293222,2.42381009576162,0,0,0
S5_p001_t035_s1262033904,2026-10-03T02:14:15Z,S5,1,1,0,0,d58e9330af6a13374a3dd5c70121745c84ebd04f8d4e00409a250f01923b0aee,12000,16,1,180000,0.7868083040207636,1,0.012345072230053747,0.011250382661086605,0,1,173965,0.0,-2.918593679485496,-302.8886949507984,-7.534620535371939,0.16219890760737735,-0.007489100417764699,-0.0009388560956722358,0.08333333333333333,0.0,3.6666666666666665,5.050109976582906,2.427916595871894,0,0,0
S5_p001_t036_s1103695776,2026-10-03T02:14:30Z,S5,1,1,0,0,0663c2f2b3ad53121f41a0e5be935ace32274f52d57601c7942a7818e1b48675,12000,16,1,180000,0.7121075798988925,1,0.012409993076925524,0.012791163267020645,0,1,174009,0.0,-3.755434031755931,-299.2221062115902,-3.7644740196256943,43.133545760570485,-0.04081330703266057,-0.005118274395044864,10.583333333333334,0.0,0.0,13.539600540798395,11.94997080006862,0,0,0
S5_p001_t037_s1633845900,2026-10-03T02:14:45Z,S5,1,1,0,0,f8765e1e97278559e84e51359504220c1c879b89b05b25b39736617f75a1fb34,12000,16,1,180000,0.9249055673196709,1,0.013383553776197476,0.012791163267020641,0,1,174091,0.0,-2.8378256341528543,-292.4219190817342,-8.169691928261042,0.09946779964427589,-0.004682052209364203,-0.0005875460497009044,0.08333333333333333,0.0,4.25,4.900062206229747,2.0580520397133455,0,0,0
S5_p001_t038_s1316886713,2026-10-03T02:15:00Z,S5,1,1,0,0,ba3c3a26bdce026a3e4a3c6cbe794e27d96bfa37b68fa4a351c65b805450c55f,12000,16,1,180000,0.925338883347126,1,0.011069673263379525,0.01057359964982943,0,1,174142,0.0,-2.83242278276755,-288.1719194683228,-8.194621670328594,0.11798314495623732,0.0017570630220820184,0.00022058169179217657,0.08333333333333333,0.0,0.0,5.1465337362007775,2.1372285566907063,0,0,0
S5_p001_t039_s1570360091,2026-10-03T02:15:15Z,S5,1,1,0,0,5ac9a9b449e4c24b95a9833d49f6d3f9108495d8a942377daf23a1fd65a13b05,12000,16,1,180000,0.9256477053131641,1,0.011615201867222143,0.011196171779032286,0,1,174137,0.0,-2.806324621418913,-288.5886272917651,-8.22593457393112,0.09998433338044108,-0.0003820697368552855,-4.7963124416128267e-05,0.08333333333333333,0.0,327.0,5.090592126776986,2.51566745444687,0,0,0
S5_p001_t040_s255641872,2026-10-03T02:15:45Z,S5,1,1,0,0,6e2e4ff6c9b83ae40aaf2c3655d434a97df0a0e005f3024e42b51b902a76f6c7,12000,16,1,180000,0.823832946391466,1,0.011431797384901313,0.011607060582618213,0,1,173722,0.0,-2.948471109437325,-323.1889978293475,-7.417301233792259,0.1098371051622621,0.013347572844319875,0.0016700483142813027,0.08333333333333333,0.0,0.0,5.848952689829942,2.236536340311251,0,0,0
S5_p001_t041_s1560381157,2026-10-03T02:16:00Z,S5,1,1,0,0,d8809939dc0f626f4f3a6b4e8916fee6d7b39820d999cc6ad6c3b8fdbfb44560,12000,16,1,180000,0.8241689356604293,1,0.014165124202752025,0.01253363199207295,0,1,173702,0.0,-2.9393699940643083,-324.8556751781125,-7.447492661487781,0.12076800202305654,-0.002941765276680309,-0.0003680148361127067,0.08333333333333333,0.0,0.0,5.070060128961881,1.9549146164135052,0,0,0
S5_p001_t042_s520177207,2026-10-03T02:16:15Z,S5,1,1,0,0,9b45167cd2681bebfa159627592c82046c712510be55bdb4fab95eab4e8767c4,12000,16,1,180000,0.8238179037730132,1,0.011848306592252058,0.012533631992072952,0,1,173700,0.0,-2.942127074345154,-325.0223712934894,-7.413937559884075,0.1826502139624056,-0.0035341639651693645,-0.0004421168437147571,0.08333333333333333,0.0,5.5,5.523920037446388,2.1840754780634035,0,0,0
S5_p001_t043_s1065234686,2026-10-03T02:16:30Z,S5,1,1,0,0,3fc887dfcf36b31df4ddc3e500f27d6bfcfdc83e33a141f3cb0188099ee8bec7,12000,16,1,180000,0.8240791860884942,1,0.011525519104117204,0.011682577969342321,0,1,173766,0.0,-2.9385130640003236,-319.5223545395517,-7.419546242071378,0.1738745129748356,0.000827506392846677,0.00010357401015426149,0.08333333333333333,0.0,0.0,4.649305413774944,1.8656092867859095,0,0,0
S5_p001_t044_s1775278461,2026-10-03T02:16:45Z,S5,1,1,0,0,a28735636918b3480b267c2491a6120b0c0dd66c0ea154ae4b6e70b79f26a571,12000,16,1,180000,0.8237307759178811,1,0.012608620152571371,0.011823933187721984,0,1,173643,0.0,-2.9473277136395497,-329.7723312206066,-7.4114967287882925,0.1457615788641891,-0.0023541408437124157,-0.0002943641252386442,0.08333333333333333,0.0,5.166666666666667,5.13621210786936,2.100251579791993,0,0,0
S5_p001_t045_s1025061940,2026-10-03T02:17:00Z,S5,1,1,0,0,861d1fe954974a4a082d506eb76f6ac1a3738a461c08289ddff85c854a818cfb,12000,16,1,180000,0.8247012126161465,1,0.011771405814755756,0.01213097723177856,0,1,173705,0.0,-2.9271463513994718,-324.60569713774385,-7.446470766144265,0.16902027444911286,0.0025604151869933886,0.0003203156211384339,0.08333333333333333,0.0,0.0,4.837180179427365,2.1447214363041534,0,0,0
S5_p001_t046_s1355283976,2026-10-03T02:17:15Z,S5,1,1,0,0,603a9ccd65cf83acfc75b3ae466b4b34da93fc93105c733ce0634f6f1e18b9cc,12000,16,1,180000,0.8235878432454083,1,0.011574505614141294,0.01213097723177856,0,1,173631,0.0,-2.9435500828524317,-330.772377613314,-7.413488788822516,0.1401043810615241,-0.0015953391104764581,-0.00019946365364376106,0.08333333333333333,0.0,1.3333333333333333,4.955677236612443,2.9924355137972025,0,0,0
S5_p001_t047_s8670849,2026-10-03T02:17:30Z,S5,1,1,0,0,b74b98f912c3eacbe15c0eb91f3d4e8e6617d790d0681c82450676f0e935397e,12000,16,1,180000,0.8243683340581351,1,0.012406983746223543,0.01188729198616384,0,1,173647,0.0,-2.9344677966317745,-329.4390201083649,-7.4342133174160105,0.10615383219215362,-0.003944882679229187,-0.0004932878546242137,0.08333333333333333,0.0,7.25,4.815685855519396,2.067843277979195,0,0,0
S5_p001_t048_s683044550,2026-10-03T02:17:45Z,S5,1,1,0,0,b65d896b4ee7c01c6e67ae97b4d10c39e55fd1b346559e837c49d0b4addb42d1,12000,16,1,180000,0.8243312441052556,1,0.012458644219976176,0.011887291986163843,0,1,173734,0.0,-2.9320167428429915,-322.18903431349224,-7.456102693354282,0.13119133150405246,-0.015627411963259032,-0.0019554893137865292,0.08333333333333333,0.0,0.0,4.668620521454962,1.8472117656527052,0,0,0
S5_p001_t049_s1419673414,2026-10-03T02:18:00Z,S5,1,1,0,0,0d68ff88290a729e2decba8a14fe858e405ebf21689cab5d2c7c5b508b403875,12000,16,1,180000,0.8233960086761429,1,0.011075336535160294,0.012476187310916514,0,1,173714,0.0,-2.9560401219521975,-323.8556752000295,-7.403989850575777,0.14676555159628704,-0.00011806305402947904,-1.477110481573618e-05,0.08333333333333333,0.0,0.0,4.995447714547163,2.139529316520702,0,0,0
S5_p001_t050_s1860529943,2026-10-03T02:18:15Z,S5,1,1,0,0,383e05749bc50ca5161c9b5bd3af160827a70b1f1d23a35c884b69d30b875b18,12000,16,1,180000,0.8240474903788407,1,0.011742997606545241,0.012476187310916514,0,1,173671,0.0,-2.936708101495702,-327.4390512899614,-7.442507897662516,0.1380661792845851,0.012115866491585057,0.0015153193062360515,0.08333333333333333,0.0,1.25,4.7514045678805825,1.9704646483557533,0,0,0
S5_p001_t051_s978485698,2026-10-03T02:18:30Z,S5,1,1,0,0,674847c2c9f2b1fc93630658c1828035005be5c0096aa9d2287a2613a9798e86,12000,16,1,180000,0.8248194920211444,1,0.011658852134832814,0.011215183543938707,0,1,173686,0.0,-2.921347267252666,-326.18904925933566,-7.453396513657237,0.13253885771087745,-0.00900865330185695,-0.0011268383896094747,0.08333333333333333,0.0,0.0,4.679874347006038,2.5390428800463267,0,0,0
S5_p001_t052_s800179956,2026-10-03T02:18:45Z,S5,1,1,0,0,e7409e37437aa18357aa927ead6edade077ebb9e665bad4c2de03407621c850b,12000,16,1,180000,0.8237512372890224,1,0.011520716153015403,0.0112288047081808,0,1,173644,0.0,-2.943562291074824,-329.6890220663142,-7.427380475030859,0.13995394543595258,0.013612104099571946,0.0017020847208186751,0.08333333333333333,0.0,2.0833333333333335,5.501727923534169,1.7727201533490053,0,0,0
S5_p001_t053_s230175689,2026-10-03T02:19:00Z,S5,1,1,0,0,449d2242f9f9198f8a2dc47a309e0c3957eeedc39f6ebf70d7dbaa801f51fa84,12000,16,1,180000,0.8243885183247741,1,0.011347287575504154,0.011278256551537354,0,1,173669,0.0,-2.937156641783502,-327.60566799070267,-7.431485016298,0.1501941076255271,0.004795229891616419,0.0005997250168547907,0.08333333333333333,0.0,0.0,5.249742363445399,2.5897703555224236,0,0,0
S5_p001_t054_s1158910655,2026-10-03T02:19:15Z,S5,1,1,0,0,5373c1c6572daf2699a351dca22b78e7053cadbe8d7aa367f24c3f95c3c6dda6,12000,16,1,180000,0.8231727896569301,1,0.010952754930147291,0.011760632094508684,0,1,173659,0.0,-2.962731622189639,-328.43897443002606,-7.383027938907988,0.18526033030143166,-0.00811771919675137,-0.001015177609588136,0.08333333333333333,0.0,4.166666666666667,5.257903166377153,1.8679883430296196,0,0,0
S5_p001_t055_s55591962,2026-10-03T02:19:30Z,S5,1,1,0,0,c7ce231231278e3a3d6a3570994e948a4255e862aae37684da8b53f04d8515d7,12000,16,1,180000,0.823733285822378,1,0.011546381489316776,0.011988525367485186,0,1,173709,0.0,-2.935251790647885,-324.2724270106919,-7.416319980433325,0.13662197445699026,-0.004705990659675405,-0.0005887523734600109,0.08333333333333333,0.0,0.0,4.611713012849192,2.1561854080451464,0,0,0
S5_p001_t056_s1696699799,2026-10-03T02:19:45Z,S5,1,1,0,0,d1c2ca8efea2fda6c6d3fd573d24d3e51717d883bf8de3ab478b6071961ad25f,12000,16,1,180000,0.8236689469642837,1,0.011564831493747907,0.012946098866177964,0,1,173670,0.0,-2.943188426435932,-327.5223766072965,-7.414265913844264,0.0997915231718153,-0.00037239882974713365,-4.6575176838814514e-05,0.08333333333333333,0.0,6.0,5.504396897011081,2.446182822212783,0,0,0
S5_p001_t057_s639385521,2026-10-03T02:20:00Z,S5,1,1,0,0,ecee80dda328d1f1db25b45bfbc38a67f6cb3925b00414530cb75d1537c4bebc,12000,16,1,180000,0.8236646414628374,1,0.011323564453663105,0.012946098866177966,0,1,173742,0.0,-2.9449272435299627,-321.52236518083134,-7.419945605671194,0.1782582768048786,-0.0008063295708891985,-0.0001009040825010743,0.08333333333333333,0.0,0.0,5.073507785675557,2.1881757308658707,0,0,0
S5_p001_t058_s455409832,2026-10-03T02:20:15Z,S5,1,1,0,0,7d53df24dfce36a6a273a09d72cee0f48dd479902c05d773f63534dc888d950c,12000,16,1,180000,0.8240884249387623,1,0.01273638887245562,0.011877803507190515,0,1,173694,0.0,-2.937084661429493,-325.52237436398235,-7.4078694232694495,0.24247711711483616,-0.015361243846616461,-0.0019215687152609462,0.08333333333333333,0.0,0.0,5.311949928890151,2.1629647865631916,0,0,0
S5_p001_t059_s1555299053,2026-10-03T02:20:30Z,S5,1,1,0,0,8ee7816294b71e31388f093f20b40032c5c5b156518d6f32305865b77ae87159,12000,16,1,180000,0.8238270414582106,1,0.011949938404283066,0.01113855425576945,0,1,173674,0.0,-2.9451961489233986,-327.18900431134597,-7.42792393556995,0.21864939371147635,-0.012085413870797675,-0.001511546883648407,0.08333333333333333,0.0,353.1666666666667,4.642120123702083,2.4321074177575115,0,0,0
S5_p002_t000_s1138448492,2026-10-03T02:21:00Z,S5,2,1,0,0,12736b9d4df53da4d7935e32e23617d61b154b92a54ca17e2369b08596144c72,12000,16,1,180000,0.9434303061151511,1,0.9434303061151511,0.9999999999995622,1,1,173564,nan,-0.1417609864966333,nan,-46.42972888290272,1.1801439535671112e-11,nan,nan,0.0,0.0,1.6666666666666667,1.030503665758758,175.64719153140584,0,1,0
S5_p002_t001_s1850764392,2026-10-03T02:21:15Z,S5,2,1,0,0,bed8355f06891f90783b2f99e88f483427bc5958f1fdeb7ad4b2f61a6794d91c,12000,16,1,180000,0.9410955568915608,1,0.9410955568915608,0.9999999999995622,1,1,153832,nan,-0.141761134337183,nan,-46.423236739547136,4.09974179131432e-11,nan,nan,0.0,0.0,0.0,1.0313985665600005,175.64719115173432,0,1,0
S5_p002_t002_s321598820,2026-10-03T02:21:30Z,S5,2,1,0,0,fc091a5160deeb3afd96980f6d2ac0d059cc9a61a23256c30bb5a8d6a2c8f621,12000,16,1,180000,0.9686403394819846,1,0.9686403394819846,0.9999999999995622,1,1,173652,nan,-0.1419687404662015,nan,-42.03920250501148,4.163189717964237e-09,nan,nan,0.0,0.0,0.0,0.9507673873106499,175.9474614660685,0,1,0
S5_p002_t003_s121880670,2026-10-03T02:21:45Z,S5,2,1,0,0,9afc7de6340252e69307b51e2ebbe622df3a549955b8fdf374429f59bbab3d2d,12000,16,1,180000,0.9686407699909858,1,0.9686407699909858,0.9999999999995622,1,1,173626,nan,-0.14196841817595607,nan,-42.041784272786074,1.6488809275878188e-07,nan,nan,0.0,0.0,3.416666666666667,1.0793294260942554,176.23796880888136,0,1,0
S5_p002_t004_s476275882,2026-10-03T02:22:00Z,S5,2,1,0,0,088839fc218cfb9ff28d873c3aa723fec2871a4b97dfce58033c3fa0e6c1e5d0,12000,16,1,180000,0.9686406820809826,1,0.9686406820809826,0.9999999999995622,1,1,173667,nan,-0.14196911680048757,nan,-42.03618615091659,1.8516967984737376e-07,nan,nan,0.0,0.0,5.583333333333333,0.9507533509309309,175.66296395177994,0,1,0
S5_p002_t005_s1101140010,2026-10-03T02:22:15Z,S5,2,1,0,0,942adb55cffc802bc1d35360dbd92c4cc6019a536920bb946fce88a2672fac66,12000,16,1,180000,0.968640769888458,1,0.968640769888458,0.9999999999995622,1,1,173734,nan,-0.14196841911318428,nan,-42.04178111476109,1.7027574220198882e-07,nan,nan,0.0,0.0,0.0,0.9507049472354828,176.23808220913253,0,1,0
S5_p002_t006_s993856876,2026-10-03T02:22:30Z,S5,2,1,0,0,a078f2fb3c4d3af2bef0978501621845d667e8d0cadf79b351b66ff7031d12e4,12000,16,1,180000,0.9686403394334452,1,0.9686403394334452,0.9999999999995622,1,1,173620,nan,-0.1419687404367283,nan,-42.03920294551697,4.115698518868787e-09,nan,nan,0.0,0.0,7.833333333333333,0.9507913134346104,175.94743212847746,0,1,0
S5_p002_t007_s494561765,2026-10-03T02:22:45Z,S5,2,1,0,0,2f2f46c080496e2f17af66a7cf3ea57c10c66ab157eefdb0e3a39378b1386a57,12000,16,1,180000,0.9686407699074353,1,0.9686407699074353,0.9999999999995622,1,1,173714,nan,-0.14196841840811988,nan,-42.04178174856643,1.6481153962139666e-07,nan,nan,0.0,0.0,0.0,1.0792561550370516,176.23801911290565,0,1,0
S5_p002_t008_s569656867,2026-10-03T02:23:00Z,S5,2,1,0,0,12d55fd05eb9f590026198b16bd76ff0ed9c8ade4f7598a37998bc5ead2b86cb,12000,16,1,180000,0.9686406820970458,1,0.9686406820970458,0.9999999999995622,1,1,173631,nan,-0.14196911672313361,nan,-42.036186128741434,1.85797225576107e-07,nan,nan,0.0,0.0,0.0,0.9507834869831797,175.66285363727485,0,1,0
S5_p002_t009_s1938674575,2026-10-03T02:23:15Z,S5,2,1,0,0,fd710c027a9acd64db7eb5d09e0eff78a74894fde203dc4ce9102a9aea0dd104,12000,16,1,180000,0.968640682102402,1,0.968640682102402,0.9999999999995622,1,1,173619,nan,-0.14196911686166497,nan,-42.036185990025444,1.8522017974706548e-07,nan,nan,0.0,0.0,9.333333333333334,0.950789442697944,175.66285452061481,0,1,0
S5_p002_t010_s1527196527,2026-10-03T02:23:30Z,S5,2,1,0,0,04d69dd6a07d4a558f297ccf3a35c334d0ba2b1e0089ede7028a116d24b10bc6,12000,16,1,180000,0.9686406820524426,1,0.9686406820524426,0.9999999999995622,1,1,173731,nan,-0.14196911671871673,nan,-42.03618636963773,1.8510325311558355e-07,nan,nan,0.0,0.0,0.0,0.9507038586253477,175.66290857684993,0,1,0
S5_p002_t011_s1240012615,2026-10-03T02:23:45Z,S5,2,1,0,0,b1f1a806c1fe05aa93048c0d15913bdcc0606be451c1bf696f9a418d2d354597,12000,16,1,180000,0.9686404273683846,1,0.9686404273683846,0.9999999999995622,1,1,173645,nan,-0.14196804283286107,nan,-42.04480211515918,3.489591873162617e-07,nan,nan,0.0,0.0,4.5,0.9507704475616169,176.58409584890893,0,1,0
S5_p002_t012_s1128565587,2026-10-03T02:24:00Z,S5,2,1,0,0,28d9bf91b8e6c454861592f5a35faba57f0101030c487099ae3898cd6ac5e9e7,12000,16,1,180000,0.9686406820667102,1,0.9686406820667102,0.9999999999995622,1,1,173699,nan,-0.14196911675960167,nan,-42.036186260293576,1.851355773715735e-07,nan,nan,0.0,0.0,3.0,0.9507288044434318,175.66289273953586,0,1,0
S5_p002_t013_s1398407335,2026-10-03T02:24:15Z,S5,2,1,0,0,7d27ac17d604d3c16e5d3443482da35208010b21821b6251b9b4ab0ac0402815,12000,16,1,180000,0.9686406820506598,1,0.9686406820506598,0.9999999999995622,1,1,173735,nan,-0.14196911658729,nan,-42.036186482136564,1.857126077713815e-07,nan,nan,0.0,0.0,0.0,0.9507038586345192,175.6628339155497,0,1,0
S5_p002_t014_s1843803682,2026-10-03T02:24:30Z,S5,2,1,0,0,3d79fdad27d97f274c2d6b9397e2203d38cdec9d5595976c2df3ce3dcb956c15,12000,16,1,180000,0.9686404273359589,1,0.9686404273359589,0.9999999999995622,1,1,173613,nan,-0.14196804267979407,nan,-42.044803590628476,3.4902118007426735e-07,nan,nan,0.0,0.0,6.583333333333333,0.9507943086100301,176.58399066742157,0,1,0
S5_p002_t015_s1476197660,2026-10-03T02:24:45Z,S5,2,1,0,0,dda53561f8ecd5ac767fcbc382778a18618ff87ca9e442f16c34e74e83cb7903,12000,16,1,180000,0.9659702597693365,1,0.9659702597693365,0.9999999999995622,1,1,141212,nan,-0.1419684588823936,nan,-42.043705022156985,6.954151092330213e-11,nan,nan,0.0,0.0,0.0,0.9534657068980662,175.94747985093647,0,1,0
S5_p002_t016_s1921035023,2026-10-03T02:25:00Z,S5,2,1,0,0,456120a4caaed6ac5da85abe1d343c530cabdeba78fc7cfc34ea157ee130a8b0,12000,16,1,180000,0.9985023881068328,1,0.9985023881068328,0.9999999999995622,1,1,173721,nan,-0.1416704772275509,nan,-51.10302160340241,1.395197350533821e-07,nan,nan,0.0,0.0,0.4166666666666667,0.965715165654883,176.48750958191084,0,1,0
S5_p002_t017_s1351552590,2026-10-03T02:25:15Z,S5,2,1,0,0,feca2cadf3037a5bb384f13e8fe148b4d938e3f11b6c201c26a45c098d5250a5,12000,16,1,180000,0.9985024052208137,1,0.9985024052208137,0.9999999999995622,1,1,173726,nan,-0.14167050639792084,nan,-51.101215540534774,1.2468333013786193e-07,nan,nan,0.0,0.0,7.583333333333333,0.9630986460050669,176.41069839627716,0,1,0
S5_p002_t018_s1167112926,2026-10-03T02:25:30Z,S5,2,1,0,0,6e60f488f0bfd92802bdb5e2efe0ba07b0f022d8690d4342a58dba40c66e9a32,12000,16,1,180000,0.9985023881189016,1,0.9985023881189016,0.9999999999995622,1,1,173817,nan,-0.14167047738543323,nan,-51.10301135099238,1.3950097599087393e-07,nan,nan,0.0,0.0,0.0,0.96571515166574,176.48742491138918,0,1,0
S5_p002_t019_s1353429191,2026-10-03T02:25:45Z,S5,2,1,0,0,01d80b2c06147192a1e00d833222311aed7c1b8eeba0915eb01581d8dd7bc1d2,12000,16,1,180000,0.9983652058524138,-1,0.9983652058524138,0.9999999999995622,1,-1,173722,nan,-0.1416697735227536,nan,-51.196851996624986,1.2187734257211638e-07,nan,nan,0.0,0.0,355.25,0.9881923099215341,176.41087164945822,0,1,0
S5_p002_t020_s1002632261,2026-10-03T02:26:15Z,S5,2,1,0,0,1e7fa883061a7b45d868c40357053cd49fe213ce2b3279642c9dd46e0f0e3758,12000,16,1,180000,0.9985024042870118,1,0.9985024042870118,0.9999999999995622,1,1,173667,nan,-0.14167077514599938,nan,-51.08434985431985,1.4584243652731403e-08,nan,nan,0.0,0.0,3.833333333333333,0.9631181347063831,175.7367285389387,0,1,0
S5_p002_t021_s1152143633,2026-10-03T02:26:30Z,S5,2,1,0,0,a42b955cb5be632ebec9dbc2d77eacdb4f8283069ba6af5cf1f0a4e85e656965,12000,16,1,180000,0.998502388105826,1,0.998502388105826,0.9999999999995622,1,1,173713,nan,-0.14167047721440565,nan,-51.10302245887673,1.3952008992589547e-07,nan,nan,0.0,0.0,0.0,0.9657151668208256,176.48751158995447,0,1,0
S5_p002_t022_s1274144205,2026-10-03T02:26:45Z,S5,2,1,0,0,a4fe4021134da63612103fe0c8c4444f4bf53b6f04b65d72409fb3fc7e27744e,12000,16,1,180000,0.9985023871588362,1,0.9985023871588362,0.9999999999995622,1,1,173668,nan,-0.14167074617390035,nan,-51.08615229677162,7.184249269393764e-10,nan,nan,0.0,0.0,0.0,0.9631192497983628,175.79818793614118,0,1,0
S5_p002_t023_s236274386,2026-10-03T02:27:00Z,S5,2,1,0,0,349f8733595352ec42bc98054132ec2e767e2e0f48db77aa9930cd370eff9c06,12000,16,1,180000,0.9985023871535854,1,0.9985023871535854,0.9999999999995622,1,1,173628,nan,-0.14167074617043052,nan,-51.086152688628665,7.076485674997589e-10,nan,nan,0.0,0.0,7.25,0.9631445370388269,175.79802460813045,0,1,0
S5_p002_t024_s1250788590,2026-10-03T02:27:15Z,S5,2,1,0,0,0df7b631f4b5a17bd78218bda14bdec8140e77cdfa0e5ed66b7db6a5a9a66d07,12000,16,1,180000,0.9985024042886017,1,0.9985024042886017,0.9999999999995622,1,1,173715,nan,-0.14167077514227466,nan,-51.084349856495884,1.4580145261005433e-08,nan,nan,0.0,0.0,0.0,0.9630871383992272,175.7365940098869,0,1,0
S5_p002_t025_s1053143358,2026-10-03T02:27:30Z,S5,2,1,0,0,4bff5258678e99c9f5e73dbc7509d3db56417761571d0a49174ef241b0a635b8,12000,16,1,180000,0.9985023881033102,1,0.9985023881033102,0.9999999999995622,1,1,173693,nan,-0.14167047699407867,nan,-51.10302455809187,1.3804222816563819e-07,nan,nan,0.0,0.0,0.0,0.9631206442025241,176.48713217531787,0,1,0
S5_p002_t026_s1195050127,2026-10-03T02:27:45Z,S5,2,1,0,0,f7412bf90f30115f99d4225ebb288a41ed398fdcdad2e8216eae6b161fb79469,12000,16,1,180000,0.998502388096765,1,0.998502388096765,0.9999999999995622,1,1,173641,nan,-0.14167047709603556,nan,-51.10303014421203,1.3953738031764854e-07,nan,nan,0.0,0.0,4.583333333333333,0.9657151773086065,176.4871593248197,0,1,0
S5_p002_t027_s1857563192,2026-10-03T02:28:00Z,S5,2,1,0,0,24465eaeeb5df77c6bcf1eeb353136fd9712671edd7afbc825154b79965bedbf,12000,16,1,180000,0.9985023871625108,1,0.9985023871625108,0.9999999999995622,1,1,173696,nan,-0.14167074609122568,nan,-51.086151946654255,6.846474287117205e-10,nan,nan,0.0,0.0,0.0,0.9774225363868825,175.79808683210695,0,1,0
S5_p002_t028_s926067461,2026-10-03T02:28:15Z,S5,2,1,0,0,2b71646a4b960cda3f62c7f9c23538f5e001fb202308f21220d46be8239fe528,12000,16,1,180000,0.8819133687442204,1,0.8819133687442204,0.9999999999995622,1,1,137928,nan,-0.8186885207977364,nan,-8.098657761806507,5.011113350760875,nan,nan,9.666666666666668,0.0,6.166666666666667,19.125851635454605,175.6727186117848,0,1,0
S5_p002_t029_s2039212308,2026-10-03T02:28:30Z,S5,2,1,0,0,9b5e0c1d26a616c532fd11e928afc7d2070b71d73aad39481f890bc3bbf0ee1e,12000,16,1,180000,0.9434303054230972,1,0.9434303054230972,0.9999999999995622,1,1,173808,nan,-0.14176098658580755,nan,-46.429727450149585,1.0259518490364995e-09,nan,nan,0.0,0.0,0.0,1.0304362138346368,175.64729791454621,0,1,0
S5_p003_t000_s1714205886,2026-10-03T02:28:45Z,S5,3,1,0,0,26401d5c0b9b3990c7108c92b5117b12f76713ca019fdc1e6e532f690e1a9719,12000,16,1,180000,0.9481645842864298,1,0.9481645842864298,1.0000000000009506,1,1,173782,nan,-0.2571509854972636,nan,-27.047322344638992,1.2819932496114888e-05,nan,nan,0.0,0.0,4.25,2.4666835529371482,81.81067390199146,0,1,0
S5_p003_t001_s1934708211,2026-10-03T02:29:00Z,S5,3,1,0,0,a10d0dc79def77f41d28706eb10eba9ed4e87c1be67a94a09938e141b8b847c7,12000,16,1,180000,0.9481647329255224,1,0.9481647329255224,1.0000000000009506,1,1,173833,nan,-0.2571492638975064,nan,-27.047420436446107,1.1160939855502779e-05,nan,nan,0.0,0.0,0.0,2.4664993892337383,81.81069172852459,0,1,0
S5_p003_t002_s1951162110,2026-10-03T02:29:15Z,S5,3,1,0,0,c72eef25ecd2b45a23b064bd7f1f9ccf006a2ac0feca8afcf11fec030dd9dafc,12000,16,1,180000,0.9481647791877116,1,0.9481647791877116,1.0000000000009506,1,1,173740,nan,-0.2571487624094916,nan,-27.047430139144417,1.0671415769383091e-05,nan,nan,0.0,0.0,7.833333333333333,2.42852375546542,81.81069970199715,0,1,0
S5_p003_t003_s1445156187,2026-10-03T02:29:30Z,S5,3,1,0,0,5f99c0062bf84869286ecde55ce58de033f8c6fd935155a95b3408e8e4226318,12000,16,1,180000,0.9481647422249453,1,0.9481647422249453,1.0000000000009506,1,1,173834,nan,-0.2571496265308335,nan,-27.04739974368016,1.1504550627940106e-05,nan,nan,0.0,0.0,0.0,2.4665252920586958,81.81067517244811,0,1,0
S5_p003_t004_s332708724,2026-10-03T02:29:45Z,S5,3,1,0,0,d6bb447f1fe73b1c911a50544df6a205c284b29b93df2af1d63f453167342b6c,12000,16,1,180000,0.9481648024135562,1,0.9481648024135562,1.0000000000009506,1,1,173825,nan,-0.257147467823502,nan,-27.047483613891746,9.399426820421928e-06,nan,nan,0.0,0.0,0.0,2.3942569419565864,81.81074815161105,0,1,0
S5_p003_t005_s1838982444,2026-10-03T02:30:00Z,S5,3,1,0,0,589786873e5ae5f21b8d19a9937aa1239cb5513d55eaa84b30f7c29b9c734b61,12000,16,1,180000,0.9481642778601411,1,0.9481642778601411,1.0000000000009506,1,1,173787,nan,-0.25715118896543354,nan,-27.046834177252745,1.2164130956371173e-05,nan,nan,0.0,0.0,0.0,2.466954465461826,81.81004658571469,0,1,0
S5_p003_t006_s1432963864,2026-10-03T02:30:15Z,S5,3,1,0,0,589786873e5ae5f21b8d19a9937aa1239cb5513d55eaa84b30f7c29b9c734b61,12000,16,1,180000,0.9481642778601411,1,0.9481642778601411,1.0000000000009506,1,1,173787,nan,-0.25715118896543354,nan,-27.046834177252745,1.2164130956371173e-05,nan,nan,0.0,0.0,0.0,2.466954465461826,81.81004658571469,0,1,0
S5_p003_t007_s1060432322,2026-10-03T02:30:30Z,S5,3,1,0,0,2cdfa7b145bf30e6c176f5945b92f1ae0de679c42529b55eb3896f7e041d3c4c,12000,16,1,180000,0.9481642778601412,1,0.9481642778601412,1.0000000000009506,1,1,173787,nan,-0.25715118896543354,nan,-27.046834177252745,1.2164130956371173e-05,nan,nan,0.0,0.0,2.3333333333333335,2.466954465461826,81.81004658571469,0,1,0
S5_p003_t008_s328444916,2026-10-03T02:30:45Z,S5,3,1,0,0,16835a9002a58818e756bd47e7f0a4aa953d0b150244de54fafd00c881f46b72,12000,16,1,180000,0.9481646901929702,1,0.9481646901929702,1.0000000000009506,1,1,173815,nan,-0.25715296949063715,nan,-27.047302245177228,1.4799247424452304e-05,nan,nan,0.0,0.0,0.0,2.466632031546255,81.81065581341036,0,1,0
S5_p003_t009_s2116983884,2026-10-03T02:31:00Z,S5,3,1,0,0,20715a8e811bd6c8202f7a3725b6e3a243522d5f10de60d2a0e69dd5c6aff248,12000,16,1,180000,0.9480942678074081,1,0.9480942678074081,1.0000000000009506,1,1,173718,nan,-0.2571511838409663,nan,-27.046859828603772,1.2037798722159933e-05,nan,nan,0.0,0.0,353.0,2.467082464529919,81.80992196206303,0,1,0
S5_p003_t010_s1100042289,2026-10-03T02:31:30Z,S5,3,1,0,0,949807428d310508129834f8184a85c79ef7c2fc2c67f6e74acba94cee1cb2b7,12000,16,1,180000,0.9481649183819664,1,0.9481649183819664,1.0000000000009506,1,1,173677,nan,-0.25714827351944447,nan,-27.04737530476595,1.001239464845752e-05,nan,nan,0.0,0.0,0.0,2.4304796750568034,81.81057863199248,0,1,0
S5_p003_t011_s635744766,2026-10-03T02:31:45Z,S5,3,1,0,0,1d8cdac502d5e772147223553708889b47f8ed5db4242c1fa91a955c32fbc8f8,12000,16,1,180000,0.9891651019515336,1,0.9891651019515336,1.0000000000009506,1,1,177600,nan,-0.31584674848923044,nan,-21.52481022182238,1.35921203542861,nan,nan,1.75,0.0,8.0,56.525210869637384,80.9561005238357,0,1,0
S5_p003_t012_s961338442,2026-10-03T02:32:00Z,S5,3,1,0,0,99c9c149ea58ce5220688626c54eee943cd34b38367cf1309df5d9f5c7bab860,12000,16,1,180000,0.9918736922414828,1,0.9918736922414828,1.0000000000009506,1,1,173815,nan,-0.25695570763006975,nan,-27.12926776020371,1.4333353400090353e-05,nan,nan,0.0,0.0,0.0,2.35748895191498,81.73352813140326,0,1,0
S5_p003_t013_s1294474057,2026-10-03T02:32:15Z,S5,3,1,0,0,e8842ff3e754457913d580299740771a2a7c959f1971b07f81cb2d2e5f3aa8c9,12000,16,1,180000,0.9918736667593652,1,0.9918736667593652,1.0000000000009506,1,1,173810,nan,-0.25695368434111965,nan,-27.129330509386072,1.234093965807437e-05,nan,nan,0.0,0.0,0.0,2.4186802644857757,81.73362033202164,0,1,0
S5_p003_t014_s1681705495,2026-10-03T02:32:30Z,S5,3,1,0,0,439ceb9ac3cc2b234f5f5faca878dde04c2f92c1f9b91d7fa42d35e03065c569,12000,16,1,180000,0.9918736842012122,1,0.9918736842012122,1.0000000000009506,1,1,173794,nan,-0.25694992705706843,nan,-27.129538047102628,8.621352296557044e-06,nan,nan,0.0,0.0,0.0,2.487985932656521,81.73365451344839,0,1,0
S5_p003_t015_s710608608,2026-10-03T02:32:45Z,S5,3,1,0,0,026d0f81e8c7beec395fd590f6b436d7eb2d248a90d55257fbd7ca3591e12d53,12000,16,1,180000,0.9918736723729339,1,0.9918736723729339,1.0000000000009506,1,1,173773,nan,-0.2569520545593784,nan,-27.129378954012292,1.0722632694480517e-05,nan,nan,0.0,0.0,0.0,2.4620664263909475,81.73366156374061,0,1,0
S5_p003_t016_s384136078,2026-10-03T02:33:00Z,S5,3,1,0,0,835f5add85e21143b31938d585415cd8663268f946d37d47b0a475229f00c571,12000,16,1,180000,0.9918736769289686,1,0.9918736769289686,1.0000000000009506,1,1,173739,nan,-0.25695139078815593,nan,-27.129405800457377,1.0066788652816585e-05,nan,nan,0.0,0.0,2.5833333333333335,2.462100042946661,81.73365937120977,0,1,0
S5_p003_t017_s414741158,2026-10-03T02:33:15Z,S5,3,1,0,0,fedcae41b39177e211c1e9ad46ae217779a47256c8ad3982c053ff0b04ba3268,12000,16,1,180000,0.9918736767009746,1,0.9918736767009746,1.0000000000009506,1,1,173770,nan,-0.2569514790914428,nan,-27.129387123317805,1.0156128898390758e-05,nan,nan,0.0,0.0,0.0,2.34878061478683,81.73366550313906,0,1,0
S5_p003_t018_s1550145401,2026-10-03T02:33:30Z,S5,3,1,0,0,dad4b3e33630fabec2f4ad7f04f8a13fbd28d7123bad5c94e6517eb2ae532bd8,12000,16,1,180000,0.9918736911222522,1,0.9918736911222522,1.0000000000009506,1,1,173768,nan,-0.2569511773334194,nan,-27.12943169780838,9.860538197204783e-06,nan,nan,0.0,0.0,1.6666666666666667,2.4879916164644276,81.73366180499885,0,1,0
S5_p003_t019_s247667753,2026-10-03T02:33:45Z,S5,3,1,0,0,f7bbbe0205bbd7692b65461d5dca4df21c72fe9fb424f205046d58bc3098a05d,12000,16,1,180000,0.9918740171540026,1,0.9918740171540026,1.0000000000009506,1,1,173788,nan,-0.25694736614394126,nan,-27.128459684421905,4.2461525560122705e-06,nan,nan,0.0,0.0,2.8333333333333335,2.419395230178269,81.73186093479234,0,1,0
S5_p003_t020_s1583609065,2026-10-03T02:34:00Z,S5,3,1,0,0,103fa351c9449eb4f60b6509f171f81413046de302d467ff87e985d1af737d43,12000,16,1,180000,0.9918739095451473,1,0.9918739095451473,1.0000000000009506,1,1,173822,nan,-0.25695671632023687,nan,-27.12897007403094,1.4080467824785173e-05,nan,nan,0.0,0.0,0.0,2.4093606533689806,81.73223104107436,0,1,0
S5_p003_t021_s796570551,2026-10-03T02:34:15Z,S5,3,1,0,0,c08ec936b4ffd6ca8baca02d128e60e54d074659b6dfc27a2c0993aebc4ad9b7,12000,16,1,180000,0.991873668277382,1,0.991873668277382,1.0000000000009506,1,1,173717,nan,-0.25695290982206437,nan,-27.12934778993243,1.1579016829425811e-05,nan,nan,0.0,0.0,2.8333333333333335,2.462051536775697,81.73365339788103,0,1,0
S5_p003_t022_s1559731172,2026-10-03T02:34:30Z,S5,3,1,0,0,20968b40ecfbfbdcc17c3710df2cbb5066963daa47bde67a8d76f5e96fe62f0d,12000,16,1,180000,0.9918736668502649,1,0.9918736668502649,1.0000000000009506,1,1,173751,nan,-0.2569539161670934,nan,-27.12932008081507,1.2577708697223526e-05,nan,nan,0.0,0.0,1.0833333333333333,2.4610125407705783,81.73361635602791,0,1,0
S5_p003_t023_s844389843,2026-10-03T02:34:45Z,S5,3,1,0,0,6fcdc9cc53809740661ec1166caa4852dff63d2209db2487f21e9ff57f9d7d3f,12000,16,1,180000,0.991873684204439,1,0.991873684204439,1.0000000000009506,1,1,173764,nan,-0.2569499285421374,nan,-27.1295380541601,8.622825735389636e-06,nan,nan,0.0,0.0,0.0,2.4879778511879334,81.733654517787,0,1,0
S5_p003_t024_s1173993624,2026-10-03T02:35:00Z,S5,3,1,0,0,c355430917186821b7cdf50fc67f08fafe73c27daa1e7bc94a7b9549374e235d,12000,16,1,180000,0.9918737095971545,1,0.9918737095971545,1.0000000000009506,1,1,173727,nan,-0.2569523709632672,nan,-27.12875843492444,1.0079962652573357e-05,nan,nan,0.0,0.0,2.8333333333333335,2.458667754361395,81.73264302956241,0,1,0
S5_p003_t025_s412349045,2026-10-03T02:35:15Z,S5,3,1,0,0,6f168f60e34a94134b1af5afdbaca15448c416b7fa7f6347181bd6882895aff5,12000,16,1,180000,0.9928979493268018,1,0.9928979493268018,1.0000000000009506,1,1,155812,nan,-0.32427578107576044,nan,-21.092201344149668,0.06717930116377323,nan,nan,1.6666666666666667,0.0,0.5,61.12420826349694,85.01751506507199,0,1,0
S5_p003_t026_s1487682954,2026-10-03T02:35:30Z,S5,3,1,0,0,8c81a32c0249317eed0295eda3220ca650251f2dae9b958872329e108dbd8f81,12000,16,1,180000,0.9957876171800399,1,0.9957876171800399,1.0000000000009506,1,1,173888,nan,-0.25712194760206136,nan,-27.087460186355663,9.51444889042201e-06,nan,nan,0.0,0.0,0.0,2.108424356764904,85.64490747510364,0,1,0
S5_p003_t027_s1191930151,2026-10-03T02:35:45Z,S5,3,1,0,0,99dad149cbe9520dbb876c38ce265b80f6f996bb72339d537e5ed40174ce9ca8,12000,16,1,180000,0.9957875689160879,1,0.9957875689160879,1.0000000000009506,1,1,173837,nan,-0.2571236494350424,nan,-27.08738002404303,1.1237304266665089e-05,nan,nan,0.0,0.0,6.5,2.108394190613687,85.64494409189392,0,1,0
S5_p003_t028_s66415985,2026-10-03T02:36:00Z,S5,3,1,0,0,bb78016b09625c2af6ba46c0ecfa1dcd95803bffd45279e8303fb4453416bd0a,12000,16,1,180000,0.9957876198084252,1,0.9957876198084252,1.0000000000009506,1,1,173915,nan,-0.25712068181931386,nan,-27.087464248739725,8.265862505840972e-06,nan,nan,0.0,0.0,0.0,2.108421082757414,85.64489273590583,0,1,0
S5_p003_t029_s1759722470,2026-10-03T02:36:15Z,S5,3,1,0,0,aa4293ffd4f33bfbd49f5e4eeffc87fad6d64298aff59ebb2f3b02526a061d71,12000,16,1,180000,0.9956932774051537,1,0.9956932774051537,1.0000000000009506,1,1,173784,nan,-0.257126632385413,nan,-27.08726309478257,1.4167432784467055e-05,nan,nan,0.0,0.0,348.25,2.1082540516365262,85.64500634543899,0,1,0
S7_p000_t000_s1928618341,2026-10-03T02:36:45Z,S7,0,2,0,0,bcf4b72653757719511faf556ac08851356abb9d57297979e68c4ec75a320372,12000,16,1,180000,0.9770030772514245,1,0.5523106667813252,0.5173745417804761,0,1,173723,0.0,-0.8522182037555663,-323.0926343372351,-14.89203033876021,0.8153071922887696,0.14731849030749714,0.018432636825764348,0.08333333333333333,0.0,0.0,4.564054013597813,18.296091634319822,0,1,0
S7_p000_t001_s1519748887,2026-10-03T02:37:00Z,S7,0,2,0,0,feb29d6985ec74a284b90d1cb193e0b74ff61c017b211269f9e3ba043d56b6d5,12000,16,1,180000,0.976943353436403,1,0.5508675747484992,0.519610581061896,0,1,173652,0.0,-0.8549150128392091,-329.00929425324284,-14.877485577724293,0.9211567099482283,0.1542807733079119,0.019292810702154384,0.08333333333333333,0.0,7.333333333333333,4.648633606906528,18.27444740126505,0,1,0
S7_p000_t002_s1888808097,2026-10-03T02:37:15Z,S7,0,2,0,0,289ce883e7bc32580d059ef320eb6b680e95e090a8e40b93cd7a936c753dafde,12000,16,1,180000,0.9770858993299484,1,0.5521194453468439,0.519610581061896,0,1,173740,0.0,-0.8496055687153424,-321.67597562182647,-14.919239221581513,0.8680895348783937,0.1417136056588892,0.01773375718494208,0.08333333333333333,0.0,0.0,5.073109113660106,18.36007992479523,0,1,0
S7_p000_t003_s1567484507,2026-10-03T02:37:30Z,S7,0,2,0,0,4c2a8db243ff015d649a3303ede09c574e2058db5d8bad6db3f0e9173765b1b0,12000,16,1,180000,0.9769799376862546,1,0.5509824597799131,0.5195043430058967,0,1,173679,0.0,-0.8501609645029935,-326.75932024423065,-14.884483466675496,0.8467832144281999,0.14682742399296939,0.018364733710768633,0.08333333333333333,0.0,0.0,4.80937655519606,18.17174569689634,0,1,0
S7_p000_t004_s1587104087,2026-10-03T02:37:45Z,S7,0,2,0,0,2e33e43581c4f580e953a8bc1290fd0fee2a2d797bd91d1ef4bdd50df398fe25,12000,16,1,180000,0.9768874550538987,1,0.5520953145483516,0.5194035063955749,0,1,173647,0.0,-0.8587226586731046,-329.4259403181101,-14.856004977043444,0.8506996406288859,0.14268018936326105,0.017841444278928975,0.08333333333333333,0.0,7.416666666666667,5.150683157768784,18.175536137293697,0,1,0
S7_p001_t000_s1163046826,2026-10-03T02:38:00Z,S7,1,2,0,0,9f9f152d70746233d72df620b5b8ad849b9b7d5d132ae4941182fa24321666cc,12000,16,1,180000,0.97135315574765,1,0.28006428155301405,0.2551217701044732,0,1,173736,0.0,-1.2464781157158917,-322.0075477675467,-13.341493073159798,0.528971022581801,0.07873343803801432,0.009852230035448883,0.08333333333333333,0.0,1.0,5.053808536797784,15.005019909906988,0,0,0
S7_p001_t001_s641673168,2026-10-03T02:38:15Z,S7,1,2,0,0,e98839677cf5cb870e728f1a5f077cc6fe1622282580bf29776aa5fb7aa9d81e,12000,16,1,180000,0.9709829792121264,1,0.28139362681806557,0.2551217701044732,0,1,173748,0.0,-1.2671437297782406,-321.0074901159672,-13.268620999792905,0.3925052884657291,0.08022729229743042,0.010040124721854227,0.08333333333333333,0.0,0.0,6.072141666180934,14.480721383722717,0,0,0
S7_p001_t002_s1425528308,2026-10-03T02:38:30Z,S7,1,2,0,0,7c871d8a703f5b6943e429053b942d4332f8348fe5f0813a5296fcfa906adc6a,12000,16,1,180000,0.6153309070311093,1,0.1593560280948206,0.25459545097861797,0,1,173948,0.0,-5.207636365638853,-304.32584887245804,2.0341662170160055,31.402557383248553,1868.4646593035832,234.20457118506692,10.25,0.0,0.0,10.426677230821564,21.86654056159935,0,0,0
S7_p001_t003_s961284984,2026-10-03T02:38:45Z,S7,1,2,0,0,bb8efe28a2a60f1dd0181d85fd56f0d64c86547a1aba52ac5edd358a06faf369,12000,16,1,180000,0.9633426137426468,1,0.2811776795129436,0.2545954509786179,0,1,173929,0.0,-1.2717968789985987,-305.90769639627916,-13.082305924121622,0.45421075964658664,0.03967204937634998,0.004971978932189813,0.08333333333333333,0.0,0.0,4.712760020934462,14.596246367237196,0,0,0
S7_p001_t004_s990723452,2026-10-03T02:39:00Z,S7,1,2,0,0,bae340c3854eb15055998cf8b0adf48318591062a8d798f110f995f44b37cb41,12000,16,1,180000,0.9634485091078291,1,0.2815374513016775,0.2538033491403863,0,1,173929,0.0,-1.2693570865944994,-305.907697538168,-13.096828426123528,0.45636702830461834,0.039706007603118876,0.004976234814876079,0.08333333333333333,0.0,5.083333333333333,4.772369920579141,14.254115518343847,0,0,0
S7_p002_t000_s98455044,2026-10-03T02:39:15Z,S7,2,3,0,0,20b1a6b4c2611e68454f788ac8fc2a54662816f82b96ca20beb8d9ef1646b344,12000,16,1,180000,0.9801221360119688,1,0.6517175865223014,0.6209508036808066,0,1,173990,0.0,-0.7054914771959073,-300.825716556113,-15.640193245825785,1.0812451555979627,0.07607472383930021,0.009538857472762174,0.08333333333333333,0.0,0.0,5.210045294878122,17.879666261035435,0,1,0
S7_p002_t001_s1384128433,2026-10-03T02:39:30Z,S7,2,3,0,0,55011d3b31023d3c9ef384a7b0a4a723791800a0684243628958aa834c355d5b,12000,16,1,180000,0.9800896798332068,1,0.6516343068856666,0.6209508036808066,0,1,173893,0.0,-0.7077195498241223,-308.9090341987454,-15.63724302302746,1.0057972642732946,0.072863335204383,0.00912912013109235,0.08333333333333333,0.0,4.083333333333333,4.751066646543984,17.6817649053554,0,1,0
S7_p002_t002_s1361330484,2026-10-03T02:39:45Z,S7,2,3,0,0,10ca01aca49359831e905f88ea9f1a3e12f6de14cc121070b1d6498aba8da5fd,12000,16,1,180000,0.9800930281912463,1,0.6510736474485072,0.6197701897798836,0,1,173942,0.0,-0.7076222887608025,-304.825698180574,-15.642389501465717,1.0058200931717405,0.07893860679935351,0.009894164976230968,0.08333333333333333,0.0,0.0,5.034136670486901,17.887755115171924,0,1,0
S7_p002_t003_s1078092554,2026-10-03T02:40:00Z,S7,2,3,0,0,1a1e1afb488c1e8534a8c95b69583bb7e749f422309ccd44c73c4d5bb74acf72,12000,16,1,180000,0.9801185372746459,1,0.6521871332519859,0.6200506262983498,0,1,173911,0.0,-0.7062326434266629,-307.40904252396774,-15.640480205393652,1.0062216502112178,0.07321866468253355,0.009174957652703597,0.08333333333333333,0.0,0.0,5.0478324284868386,18.02394646388019,0,1,0
S7_p002_t004_s924921264,2026-10-03T02:40:15Z,S7,2,3,0,0,56ec8cbad29da74a36103a10cf0d5d8a699d719d57328555b36c13904ee3548c,12000,16,1,180000,0.9799854486289566,1,0.6503237954693116,0.6200506262983498,0,1,173876,0.0,-0.7102280465589256,-310.3257023309664,-15.60761742439607,1.016970040850512,0.0768673809675041,0.009629484283323109,0.08333333333333333,0.0,0.0,5.033317030612787,17.926368652945065,0,1,0
S7_p003_t000_s763598906,2026-10-03T02:40:30Z,S7,3,2,0,0,a7124367e266d0672fe4a1e4a909b4a77570cb69f997c552110548ea62c9542a,12000,16,1,180000,0.9754361128429805,1,0.5546184515265963,0.5209269121406312,0,1,173860,0.0,-0.8579147721688153,-311.6586307079324,-14.716407863371899,0.9072321883449639,0.0667876586755674,0.00836568855038422,0.08333333333333333,0.0,8.916666666666666,4.5292050581511845,18.044415245648636,0,1,0
S7_p003_t001_s1480126732,2026-10-03T02:40:45Z,S7,3,2,0,0,1babce251c23c89ebeec7a5eaf50e42420826e48a47d6976dd69674a3988545a,12000,16,1,180000,0.975484792705372,1,0.5552790322312218,0.5209269121406312,0,1,173967,0.0,-0.8558440672731565,-302.7419666710169,-14.731483284072278,0.9431903133231638,0.07080539343596237,0.008876518148099422,0.08333333333333333,0.0,0.0,5.159744099068026,18.313509257051336,0,1,0
S7_p003_t002_s348040279,2026-10-03T02:41:00Z,S7,3,2,0,0,ac1abf01415468a40c5f397f7f684818b151dc522edc3304cf554bb671cbf79a,12000,16,1,180000,0.9752722597146463,1,0.5549839102086191,0.5206966482409549,0,1,173861,0.0,-0.8628268181723484,-311.57528552625445,-14.687680000934533,0.8947421778963349,0.06835073316104322,0.008561544485019112,0.08333333333333333,0.0,2.0833333333333335,5.090747305595376,18.061513661445684,0,1,0
S7_p003_t003_s750677479,2026-10-03T02:41:15Z,S7,3,2,0,0,9df6fbb5950e3f68803b62a3be7f3da7dd572e11d2be40fd13aff23b9e2d040f,12000,16,1,180000,0.9752074785363167,1,0.5531586327132628,0.5184811033296005,0,1,173886,0.0,-0.8648217582065965,-309.4919449356639,-14.677686243285589,0.8715106433320239,0.06456394211530427,0.008088828923973779,0.08333333333333333,0.0,0.0,4.822091270198473,18.07756843077321,0,1,0
S7_p003_t004_s258894362,2026-10-03T02:41:30Z,S7,3,2,0,0,11d8469def711c9233fe1fd80428c4323140f10318f49d7c75edbc5bee88e147,12000,16,1,180000,0.975541837903671,1,0.5528707433221002,0.5184811033296005,0,1,173858,0.0,-0.8532701113342446,-311.82530224845567,-14.749963857302237,0.9068943040450012,0.0666243778708336,0.008345103074589133,0.08333333333333333,0.0,344.8333333333333,4.797508585018125,18.17353967363298,0,1,0
S7_p004_t000_s139254338,2026-10-03T02:42:00Z,S7,4,2,0,0,c3b7a3ff999830f9f01f33a795dd65a4880dbf5b1d51953c0558d53ef051c70f,12000,16,1,180000,0.9139284742853917,1,0.5520679696608132,0.5248937613908201,0,1,173847,0.0,-0.8491824195267506,-312.72164817943724,-14.704733526752767,0.8483411392208011,0.08088302170944733,0.01013019405399973,0.08333333333333333,0.0,3.1666666666666665,5.3961567627581815,17.210923303125167,0,1,0
S7_p004_t001_s1221387494,2026-10-03T02:42:15Z,S7,4,2,0,0,1550b0b227d5e0b960628b7792fc3d34837117068e7fe4e337cdf6e821c46fed,12000,16,1,180000,0.9134076101067586,1,0.553324318882877,0.5248937613908201,0,1,173885,0.0,-0.8549997259525278,-309.55496272055825,-14.681966574778734,0.8775560156216426,0.08286366784328984,0.010381408898410882,0.08333333333333333,0.0,0.0,4.734720334565919,17.432404337282243,0,1,0
S7_p004_t002_s1203773898,2026-10-03T02:42:30Z,S7,4,2,0,0,c66d0bbbd4ce4f065dbedd14b919845ca78886034e6c502578061d02fa1da3fb,12000,16,1,180000,0.9140692511155001,1,0.5537380674857232,0.5252303196234194,0,1,173816,0.0,-0.84619871582008,-315.3049800200557,-14.732802460815645,0.9312480325582668,0.08078066764470554,0.010114870518464159,0.08333333333333333,0.0,0.0,5.422321399861254,17.325213741647755,0,1,0
S7_p004_t003_s43333996,2026-10-03T02:42:45Z,S7,4,2,0,0,a554584e3ca52daed6188fa16437defe27e12f9e46576569a8037779e7d15090,12000,16,1,180000,0.9133859516784338,1,0.5521988796907147,0.5252303196234194,0,1,173811,0.0,-0.8545641061642449,-315.7216212931841,-14.693833371301467,0.8317048179249535,0.08093994942937728,0.0101344101281029,0.08333333333333333,0.0,0.0,5.091532061381472,17.172629179719845,0,1,0
S7_p004_t004_s1033654550,2026-10-03T02:43:00Z,S7,4,2,0,0,1e3ea2b9778a6448497ed22576096d9a34f20fe73d7ff985a9bef9a9cf371ce5,12000,16,1,180000,0.9141021768491787,1,0.5540783673026191,0.523848509483097,0,1,173802,0.0,-0.8438984092423998,-316.4716289895053,-14.776793062706034,0.9114307402130521,0.0836888024148796,0.010477838062342926,0.08333333333333333,0.0,8.25,4.8646047092480575,17.205575375048046,0,1,0
S7_p005_t000_s600798252,2026-10-03T02:43:15Z,S7,5,2,0,0,4b45f7eb5c28f70a9797008bea62ae3c1cb9ea04d29200669351ed14c966bb1d,12000,16,1,180000,0.9122715146984639,1,0.544100069929748,0.5145159131504455,0,1,173901,0.0,-0.8683834166278305,-308.2215842584713,-14.62464809927841,0.8415206844676216,0.08574096849871789,0.010743257611920853,0.08333333333333333,0.0,0.0,5.123668753396973,17.982591440979924,0,1,0
S7_p005_t001_s1358512429,2026-10-03T02:43:30Z,S7,5,2,0,0,ca19dddec9659bb31215a3a52f3e0eb094f5501be10438c583e69c3c76568fa1,12000,16,1,180000,0.9118923057249213,1,0.5449576502918704,0.5145159131504456,0,1,173801,0.0,-0.873975185663653,-316.55490922663984,-14.58668534034179,0.83951551369239,0.07940817957830885,0.00994182467502469,0.08333333333333333,0.0,0.0,4.891772067260159,18.063271096835518,0,1,0
S7_p005_t002_s475029750,2026-10-03T02:43:45Z,S7,5,2,0,0,db89d2b8e03cffeab0ab0c85a99443ff882de5f418483071f0afbb1ac77b3f13,12000,16,1,180000,0.911847299047038,1,0.5437203686380533,0.515820579951814,0,1,173788,0.0,-0.8753904213625734,-317.6382438919918,-14.56912366705353,0.859174213325674,0.08618257949508855,0.010788852396672155,0.08333333333333333,0.0,3.416666666666667,5.521772790579981,18.249164025208035,0,1,0
S7_p005_t003_s686156291,2026-10-03T02:44:00Z,S7,5,2,0,0,e62c30ab1b68d051040226b8d75b1b5f5dd91a83b1b89a064dfcdb218bedfc79,12000,16,1,180000,0.9123537036968244,1,0.545025264931006,0.515820579951814,0,1,173829,0.0,-0.8679485417708205,-314.22158902440003,-14.619625238894782,0.9015428451312136,0.0864301173560799,0.01082338430614982,0.08333333333333333,0.0,0.0,4.6751022292199735,18.15787544450591,0,1,0
S7_p005_t004_s1322737522,2026-10-03T02:44:15Z,S7,5,2,0,0,68e0276c02987adbdc99031e3252e85b34cf48d1f388d9e263edfa5c236b9f28,12000,16,1,180000,0.9126816338305379,1,0.5431304771416521,0.5155979631963823,0,1,173817,0.0,-0.8637277306788306,-315.2215888304314,-14.649493765360564,0.8471588719824602,0.08506046235927332,0.01065084579431641,0.08333333333333333,0.0,4.083333333333333,5.1331868974102335,18.07726187567415,0,1,0
S7_p006_t000_s1641734052,2026-10-03T02:44:30Z,S7,6,2,0,0,07874c51bb8af50891314f4115a637e74496032b781a91d913967d94212ce150,12000,16,1,180000,0.9139915586897075,1,0.5617517267106629,0.531623992137858,0,1,173866,0.0,-0.8453677420606488,-311.1383258334712,-14.751698460115747,0.9205181992568932,0.07580482294690076,0.009495615341620578,0.08333333333333333,0.0,0.0,4.8036461492161235,17.787549337424995,0,1,0
S7_p006_t001_s67837340,2026-10-03T02:44:45Z,S7,6,2,0,0,c4fe7ef28c35551df36aa2e16b8c9fe7f6209e9624e59ea4e37a0ae74b7513f7,12000,16,1,180000,0.9140942037336419,1,0.5632511226350877,0.531623992137858,0,1,173865,0.0,-0.8433705964559558,-311.22164630735216,-14.779133421902843,0.8435769000699666,0.078705151403394,0.009858843380243343,0.08333333333333333,0.0,0.0,5.106785591319986,17.88953771805489,0,1,0
S7_p006_t002_s1202997263,2026-10-03T02:45:00Z,S7,6,2,0,0,de21e829307a147a4da066fc15242e9f705e21b1a7cd316528475de737dc6543,12000,16,1,180000,0.9145863473522019,1,0.5602153918725953,0.5302036272884406,0,1,173851,0.0,-0.8384515776450845,-312.38834065453796,-14.784304174385362,0.9025919131222165,0.07914018422421987,0.009912228933899314,0.08333333333333333,0.0,1.6666666666666667,5.129829203569958,17.801814513971447,0,1,0
S7_p006_t003_s902359725,2026-10-03T02:45:15Z,S7,6,2,0,0,f91315606778a29a9422982df200cccedb2e07e73dfa7ab198607aa75dfe1b3f,12000,16,1,180000,0.8966754246595126,1,0.558510450306044,0.5299111188707443,0,1,173871,0.0,-1.00118529291169,-310.7217431761959,-11.49762643771911,3.5339850735780862,0.04846608601104671,0.00607129812851781,9.5,0.0,0.0,19.70500506215843,17.8523705632576,0,1,0
S7_p006_t004_s291698731,2026-10-03T02:45:30Z,S7,6,2,0,0,2cdbf336c0966a00d99057f32e06c65a4282b46b00c78838a0012f86c08750ab,12000,16,1,180000,0.9164267925075387,1,0.5528399423857496,0.5298739916717151,0,1,173953,0.0,-0.8382304750312868,-303.9455828448287,-14.923810598382573,0.8156222011587515,0.1913581153821787,0.023986931121271482,0.08333333333333333,0.0,0.0,5.045471999635741,19.273809764444927,0,1,0
S7_p007_t000_s526185734,2026-10-03T02:45:45Z,S7,7,2,0,0,5cb39b61407505dcab79bbf1fe58617aeb45132c96c3785eac591f2b33fc4c32,12000,16,1,180000,0.9159079222317575,1,0.5434648501536458,0.5220729717626843,0,1,173926,0.0,-0.8454684549513904,-306.1955488741053,-14.916764347754185,0.8557404956980124,0.19380564172141881,0.02428849824309509,0.08333333333333333,0.0,1.75,5.002938400914468,18.62719632143458,0,1,0
S7_p007_t001_s318655740,2026-10-03T02:46:00Z,S7,7,2,0,0,182a80b11147ad7c6ffbadb68c29728eeca726d3efc91de8ad32f016dece9360,12000,16,1,180000,0.9154299366532554,1,0.5444536539530895,0.5220729717626843,0,1,173947,0.0,-0.8604983423295999,-304.4454519413139,-14.81194121956603,0.8105993200676505,0.18361281060067192,0.02301494774474122,0.08333333333333333,0.0,0.0,4.69280309611059,18.31310863653662,0,1,0
S7_p007_t002_s1737849473,2026-10-03T02:46:15Z,S7,7,2,0,0,fe7f1c73918f54d88339211d8bc1d6dba1d60c4f38069ddc685c1a06bd11cb22,12000,16,1,180000,0.9155382001123282,1,0.5432898402429857,0.5196156555619112,0,1,173926,0.0,-0.8559471110128982,-306.19548708646954,-14.845077882611307,0.7988474133065864,0.17195616001221084,0.02155023379737031,0.08333333333333333,0.0,0.8333333333333334,4.760545107397957,18.494184488918684,0,1,0
S7_p007_t003_s438300082,2026-10-03T02:46:30Z,S7,7,2,0,0,dce9e43cde38cd88932bb20ec1fda9cd6ccf95830952d40f77e302feee22a952,12000,16,1,180000,0.9154581382777578,1,0.5443286115282945,0.5232371159668855,0,1,173936,0.0,-0.8587922273484558,-305.3621315475266,-14.825951422351922,0.7994767579202856,0.18958986385928828,0.023762055996940035,0.08333333333333333,0.0,0.0,4.694140230760402,18.50147932914455,0,1,0
S7_p007_t004_s994742111,2026-10-03T02:46:45Z,S7,7,2,0,0,4cbc08629a8e4ae3dfd4963d224a8c43d760edf832cc4fb9ee6d894ba3d2317d,12000,16,1,180000,0.9154414920321751,1,0.5446314327246851,0.5232371159668855,0,1,173924,0.0,-0.8584752069326645,-306.362147239799,-14.805294057663554,0.8725319600369851,0.18443536220908807,0.023113808462767338,0.08333333333333333,0.0,336.1666666666667,4.909934790911379,18.542795869581848,0,1,0
S7_p008_t000_s434073307,2026-10-03T02:47:15Z,S7,8,2,0,0,2f92e4439bdb8d4742dc15cbe1acf98b2316c5f8630cd236569586f52b60da70,12000,16,1,180000,0.916089692068127,1,0.5470314246372907,0.5191450223152942,0,1,173673,0.0,-0.8525995115511045,-327.27880855878846,-14.82805759620213,0.9075912646654085,0.17251905671706474,0.021577130942660006,0.08333333333333333,0.0,0.0,4.749975071242626,18.88707229092075,0,1,0
S7_p008_t001_s1584181983,2026-10-03T02:47:30Z,S7,8,2,0,0,5986173771de800b0803b4bc2d318741b49cdd7673f7ef3b70095df2e12c12fd,12000,16,1,180000,0.9158325520121156,1,0.5456237772904495,0.5191450223152942,0,1,173670,0.0,-0.8584832697927771,-327.5287843801543,-14.779435108844012,0.8800620944281765,0.18332706973778354,0.02292834995796511,0.08333333333333333,0.0,0.0,4.966268070116957,19.307412999555027,0,1,0
S7_p008_t002_s69311790,2026-10-03T02:47:45Z,S7,8,2,0,0,dca4ee9d53b00f5e71d81c05f9e5f2744ef6e89dca5786ec41d293dd548922f8,12000,16,1,180000,0.9160963288992332,1,0.5457884766402712,0.5175979408315418,0,1,173668,0.0,-0.8548372368531275,-327.69545252519436,-14.812770831343116,0.7850356468176701,0.1538531808702955,0.019241801918724377,0.08333333333333333,0.0,2.0,4.6723528866230115,19.078045324253292,0,1,0
S7_p008_t003_s449200011,2026-10-03T02:48:00Z,S7,8,2,0,0,3b0ece44b899e52d25495f1224c30350794c3fbac4b9872a0a269cbf8ebff319,12000,16,1,180000,0.9164206365705512,1,0.5476878070409068,0.5213817679223924,0,1,173692,0.0,-0.8461957419381548,-325.6955109042125,-14.857168970745837,0.765723601580144,0.1606842497197281,0.02009999279744079,0.08333333333333333,0.0,0.0,4.383667341859188,18.9850190146931,0,1,0
S7_p008_t004_s63363653,2026-10-03T02:48:15Z,S7,8,2,0,0,c99dadbed74367745273933012d652333920f1e3958053b93c8b7de037211884,12000,16,1,180000,0.9162803471425203,1,0.5463067761851325,0.5213817679223924,0,1,173667,0.0,-0.8488228356192885,-327.77883135253614,-14.844177539685466,0.8204360910355962,0.15253376785883807,0.019076635677265585,0.08333333333333333,0.0,0.4166666666666667,4.668092184854641,18.98141652762314,0,1,0
S7_p009_t000_s244638474,2026-10-03T02:48:30Z,S7,9,2,0,0,1df3ba90dc8461cbb8336cef4afbba23f24e5211937b3b6d5a3ed37008e3c343,12000,16,1,180000,0.9158379467509095,1,0.5458308352210006,0.5185299109364768,0,1,173672,0.0,-0.8592092026401427,-327.36209167800126,-14.799055298611606,0.8182468794321118,0.09793816838758236,0.012249126720234926,0.08333333333333333,0.0,0.6666666666666666,4.483367784549964,19.170239893562908,0,1,0
S7_p009_t001_s1024747382,2026-10-03T02:48:45Z,S7,9,2,0,0,98ac4f8e9cca86c53d6b37e53bb37c074e5b4d5f09ace926d7cd75c52bbf17b1,12000,16,1,180000,0.70911023556036,1,0.43988750936714077,0.5193471255338729,0,1,173680,0.0,-2.9399497410334163,-326.69893326118716,-1.7359492123446774,35.251353386114836,981.6108600240426,122.77792315008719,9.666666666666668,0.0,4.666666666666667,15.126184367699693,33.52423633095943,0,1,0
S7_p009_t002_s1710014650,2026-10-03T02:49:00Z,S7,9,2,0,0,c7a332a3e3922bc72553d715c8ae6447186f0a1d13a6469603aed60be1e089f2,12000,16,1,180000,0.9131097780201346,1,0.551177211647165,0.5193471255338729,0,1,173858,0.0,-0.8580089653510936,-311.80495027783644,-14.673561045220398,0.8205908978596339,0.04454546489655097,0.005579586751082388,0.08333333333333333,0.0,0.0,4.953727527879812,17.584726692141597,0,1,0
S7_p009_t003_s884232894,2026-10-03T02:49:15Z,S7,9,2,0,0,94116edc33dca8153177ccbb659a10f84d9478605f1b33303c78446b34e8ca53,12000,16,1,180000,0.9128970647809416,1,0.5511209246323111,0.5185942515513206,0,1,173774,0.0,-0.8611256131263927,-318.80495029985224,-14.648038818141453,0.9251390648626687,0.04704067151663562,0.005888174935080315,0.08333333333333333,0.0,8.5,5.00544803486935,17.347520088367432,0,1,0
S7_p009_t004_s381684354,2026-10-03T02:49:30Z,S7,9,2,0,0,22920a87edf89cffcfddf565bb6e639ba4bab429169bc2953af88a6b7f255cf5,12000,16,1,180000,0.9123951327929365,1,0.5477955582823386,0.5157235389015721,0,1,173876,0.0,-0.8686394260315001,-310.30493563220807,-14.597436377363982,0.8885138257133308,0.04183388574743633,0.005240698203124339,0.08333333333333333,0.0,0.0,4.530807423848251,17.247314622039465,0,1,0
S7_p010_t000_s1725325771,2026-10-03T02:49:45Z,S7,10,2,0,0,e5a9a3fa3adf0e0114a7adc3dd4196800c64591333ae1383e04ab924c0d0cd29,12000,16,1,180000,0.9138318830957909,1,0.5569735903041889,0.5242532269908602,0,1,173841,0.0,-0.848047210765857,-313.22164003001,-14.733799250281788,0.24948487862109175,0.004875648425653838,0.0006106213331804611,0.08333333333333333,0.0,0.0,5.081368472474428,17.717213747541606,0,1,0
S7_p010_t001_s225898935,2026-10-03T02:50:00Z,S7,10,2,0,0,e49d6a4dbf649127653e1ab8015f516e52290d0bbfff07fa194c84dcbd87f01c,12000,16,1,180000,0.9141272397880238,1,0.5589226840475975,0.5272178306604747,0,1,173818,0.0,-0.8457307773302456,-315.13832342716034,-14.72409700059611,0.2621511884182258,0.008225373007407189,0.0010299483064954984,0.08333333333333333,0.0,0.0,4.699596501703987,17.660338143553084,0,1,0
S7_p010_t002_s121109330,2026-10-03T02:50:15Z,S7,10,2,0,0,194a6be20d3b618dd2775dfbc511908368acad882d005dd668db9d842485d6f2,12000,16,1,180000,0.9145464303916531,1,0.5595718444203032,0.5282837824331416,0,1,173788,0.0,-0.8388047463197347,-317.6383317189593,-14.789791056638055,0.25895485488654224,0.012255724828546368,0.0015342451683864056,0.08333333333333333,0.0,6.166666666666667,6.084221586095444,17.854072814535428,0,1,0
S7_p010_t003_s1579862089,2026-10-03T02:50:30Z,S7,10,2,0,0,52a347f5e36d20fabd9463351708818ac1ac5919bf62ebe28ec82d3fdf429221,12000,16,1,180000,0.9142406060555248,1,0.5622483285673875,0.5282837824331416,0,1,173862,0.0,-0.8434372339383024,-311.4716561290825,-14.753892020457721,0.2626570554865867,0.010661903901915208,0.001335510082753899,0.08333333333333333,0.0,0.0,5.661631080997291,17.86915273893695,0,1,0
S7_p010_t004_s535444324,2026-10-03T02:50:45Z,S7,10,2,0,0,69f7b930a430798025e3a9ebd455e2786eef102b23e08b9ee5d841f77c82306c,12000,16,1,180000,0.9143031412630419,1,0.5580431747123715,0.5279076612815669,0,1,173778,0.0,-0.842693018717078,-318.4716545992869,-14.758910127502542,0.28483892437344777,0.012444077170744082,0.0015576998039250611,0.08333333333333333,0.0,3.6666666666666665,5.289927646975465,17.698836986168203,0,1,0
S7_p011_t000_s204855309,2026-10-03T02:51:00Z,S7,11,2,0,0,624a2cd121345536d6e60d5c7175debf08afea8ce3d2b30cf06fab12299de5da,12000,16,1,180000,0.9048486609992166,1,0.4806869001169212,0.45231929108613933,0,1,173822,0.0,-0.9670932792630331,-314.80464319047496,-14.129208285512432,0.7739725830909528,0.07438562728442412,0.009314568248555588,0.08333333333333333,0.0,0.75,4.627950636883199,16.360033117007077,0,0,0
S7_p011_t001_s469311326,2026-10-03T02:51:15Z,S7,11,2,0,0,3b210aedb9a05daac0d2201b1dbec26d7725e139ebc495065380391f3a9e0b06,12000,16,1,180000,0.9042283345685763,1,0.48170332610938094,0.45231929108613933,0,1,173831,0.0,-0.9745079377581192,-314.05462926121436,-14.094059089526299,0.7574763745134437,0.07225637145880778,0.00904859314141504,0.08333333333333333,0.0,0.0,5.1566384131950125,16.333367842021037,0,0,0
S7_p011_t002_s1591257218,2026-10-03T02:51:30Z,S7,11,2,0,0,9028b7c4377d338aa9a2ab1515c13f9cd316f68ab8fcd6b373bed9287d3aad44,12000,16,1,180000,0.9046844138092162,1,0.48072733717134314,0.4518750769272966,0,1,173767,0.0,-0.9687336465718456,-319.3879754144103,-14.12141426770988,0.7319884891896166,0.07196441584178911,0.009007426108837535,0.08333333333333333,0.0,0.25,4.930262021708024,16.57806798369535,0,0,0
S7_p011_t003_s912460123,2026-10-03T02:51:45Z,S7,11,2,0,0,713c7f7d7d8ed1e8710671de89240890b3a995a8047ad72763bd08fb150a4ee6,12000,16,1,180000,0.9045086182018364,1,0.4806079836327477,0.45187507692729667,0,1,173770,0.0,-0.9704392219594417,-319.1379617287772,-14.127435814510584,0.7901930665018777,0.07455993121108691,0.009332517469829327,0.08333333333333333,0.0,0.0,4.587597134265162,16.42444185403384,0,0,0
S7_p011_t004_s1430561939,2026-10-03T02:52:00Z,S7,11,2,0,0,f450d0b6a73fd7cd24188a8b3b0a673900ac48565596124ee584005a77a2a95c,12000,16,1,180000,0.9045248413191099,1,0.48036428623485466,0.4515977985426414,0,1,173769,0.0,-0.9702310844062777,-319.2213000336548,-14.122535260354457,0.7796241363517429,0.07619210653950588,0.009536737399230333,0.08333333333333333,0.0,330.5,5.147280466298655,16.484415936378817,0,0,0
S7_p012_t000_s516013663,2026-10-03T02:52:30Z,S7,12,2,0,0,c16694b9f021db52a172ae5bea9921a0c4de3a3bf5a7b61ea6350524eca4df11,12000,16,1,180000,0.9704112502517243,1,0.44392574775394056,0.40891764220161214,0,1,173979,0.0,-1.0247759917408943,-301.74155926540334,-13.935581996936943,0.7402616674285423,0.057161716551864236,0.0071667645361230825,0.08333333333333333,0.0,0.0,4.499332835731438,16.053719914748086,0,0,0
S7_p012_t001_s603633460,2026-10-03T02:52:45Z,S7,12,2,0,0,b82983d4534a98c1ab18824c8acbf4a77af43b76e1af3130bc3c0a0ea17b5d0d,12000,16,1,180000,0.9700250152068389,1,0.4443962388315513,0.40980042810956596,0,1,173884,0.0,-1.0368890274939098,-309.6582089714957,-13.874383217434502,0.7087911491213628,0.05567907123461602,0.006975585402415163,0.08333333333333333,0.0,1.25,5.1045806653594585,15.951899253236903,0,0,0
S7_p012_t002_s71905326,2026-10-03T02:53:00Z,S7,12,2,0,0,67424d8acdb9e6d0a07fa8f877beb3b181346ad8e8dd5c6820aac0949a6e9e9f,12000,16,1,180000,0.9705968477942889,1,0.4438646342363959,0.41032089237967717,0,1,173899,0.0,-1.0193187243205017,-308.40822998641306,-13.966989853873857,0.7010403673117304,0.055205902129818143,0.0069171339191598236,0.08333333333333333,0.0,0.0,4.980090921062484,15.671176290750337,0,0,0
S7_p012_t003_s1310018168,2026-10-03T02:53:15Z,S7,12,2,0,0,dcaa09c8dcefac8d7365d65d9cc61cb6fe56ae759402026c5238bb09bd355157,12000,16,1,180000,0.9704738462021999,1,0.4453352476212564,0.4115563588735712,0,1,173878,0.0,-1.0233456986112848,-310.1582263692562,-13.946055833422088,0.7154223982013218,0.056467558011291503,0.007074029797422554,0.08333333333333333,0.0,6.5,5.1736260237516465,15.955922862839815,0,0,0
S7_p012_t004_s1348406889,2026-10-03T02:53:30Z,S7,12,2,0,0,c697fb46285d96e587e01c4a4b3f1ac128a40e70626734116bf98f3be65608f2,12000,16,1,180000,0.9705905094684407,1,0.4463117865293338,0.4115563588735712,0,1,173956,0.0,-1.0186995393272242,-303.65823699234227,-13.960917667083478,0.7287798546545781,0.05696962907359439,0.007141370882891351,0.08333333333333333,0.0,0.0,4.731444732831339,15.82231939674443,0,0,0
S7_p013_t000_s1579884569,2026-10-03T02:53:45Z,S7,13,2,0,0,e58c9f348b6b6da2b4732d94a47a69e18b2a3af7a6ea79f17e7dc3fde8c4abbc,12000,16,1,180000,0.9688940483142938,1,0.4086926911839559,0.3758831749902286,0,1,173919,0.0,-1.0767023192138003,-306.74143091974656,-13.73426085916503,0.677092428234603,0.05320651103621789,0.006667680343525717,0.08333333333333333,0.0,0.0,4.828276603035241,15.489384920163303,0,0,0
S7_p013_t001_s1427301707,2026-10-03T02:54:00Z,S7,13,2,0,0,72239c6743121a40f5f68414139f8c8fdf575379a7653580de7c0031a8a60599,12000,16,1,180000,0.9689255879127595,1,0.4093888454338267,0.3761492632807654,0,1,173914,0.0,-1.0761610746600363,-307.1581006914627,-13.73766033280911,0.6773682181607578,0.05620636574211815,0.00704333210387631,0.08333333333333333,0.0,0.0,5.191818880518783,15.38263868248398,0,0,0
S7_p013_t002_s773490239,2026-10-03T02:54:15Z,S7,13,2,0,0,c5d9ed2faebc49554759ec198b9f8c1fdc1924c8b9ac1eef3fe5af5ac5fe4e1a,12000,16,1,180000,0.9686726518579436,1,0.40943296575134464,0.37614926328076553,0,1,173876,0.0,-1.0825864479950014,-310.3247595432119,-13.70096031892029,0.6526417418515552,0.05690253221216041,0.007128407820346183,0.08333333333333333,0.0,6.583333333333333,4.876268975786884,15.357067720458078,0,0,0
S7_p013_t003_s811508310,2026-10-03T02:54:30Z,S7,13,2,0,0,619194e8f8b7b558a690eae068abed2ea747bac8e6ff919145c16e904a87905d,12000,16,1,180000,0.9687474883477233,1,0.4065268005765311,0.37662107669554673,0,1,173955,0.0,-1.082489391361912,-303.7414203862663,-13.715646659483205,0.6065849621810162,0.05479099754207767,0.006868215914892062,0.08333333333333333,0.0,0.0,4.672783496993912,15.3745018122948,0,0,0
S7_p013_t004_s1152378489,2026-10-03T02:54:45Z,S7,13,2,0,0,ff6316d15e3fa5a7e7a6fccdaf513cecc92e2910d83da87d91506def1dbb75af,12000,16,1,180000,0.9685184239879135,1,0.45298285777453184,0.418668082892591,0,1,173933,0.0,-1.0887159941442806,-305.5747455520747,-13.686482044457371,0.6286697903797593,0.05740557750259285,0.0071946984339774644,0.08333333333333333,0.0,0.0,4.7375108853267,15.430425685015948,0,0,0
S7_p014_t000_s169517745,2026-10-03T02:55:00Z,S7,14,2,0,0,d936966442727fa1db171a81b1b93117cbb37caea04854d40b8026c87b34a502,12000,16,1,180000,0.9761863682756766,1,0.5686508197754306,0.5355012409278291,0,1,173888,0.0,-0.8326947336436364,-309.32535348823814,-14.858069876939144,0.8822095160578522,0.06782686958474918,0.008497757182794885,0.08333333333333333,0.0,5.583333333333333,4.753555880307274,17.110628468636186,0,1,0
S7_p014_t001_s1958578526,2026-10-03T02:55:15Z,S7,14,2,0,0,5ea6b12c3f3fd8d18ea81952b53563b9ce2741c148df28ff6439b37aff99fc56,12000,16,1,180000,0.976142159284629,1,0.5691768218201845,0.5355012409278291,0,1,173955,0.0,-0.833746380849886,-303.7420247331041,-14.842135893727157,0.8898286003234389,0.07333503409161059,0.009192766528485663,0.08333333333333333,0.0,0.0,5.005578953024528,17.198666074344587,0,1,0
S7_p014_t002_s300372675,2026-10-03T02:55:30Z,S7,14,2,0,0,1104a148e30e486c613f7e3538d9e20765717bead1c30a27604aef471cdca17a,12000,16,1,180000,0.9760161598847498,1,0.5680707459203688,0.5333600952674142,0,1,173881,0.0,-0.8378555364970708,-309.90869060801316,-14.81019303266507,0.8597051532511992,0.06611558887314913,0.00828289485843925,0.08333333333333333,0.0,0.0,5.146100408991372,17.281554866211327,0,1,0
S7_p014_t003_s1706399720,2026-10-03T02:55:45Z,S7,14,2,0,0,b98c1e83ea725435be0b3172427af86b36f299e34e483ed04286d35eaf6cfad1,12000,16,1,180000,0.9760940317550799,1,0.5682917394554172,0.5339815998564005,0,1,173861,0.0,-0.8374712563954432,-311.5753314171167,-14.849305371963695,0.9024945902002885,0.07430159104116456,0.009306942992225231,0.08333333333333333,0.0,3.25,4.836680517064049,17.188748378643307,0,1,0
S7_p014_t004_s1200012924,2026-10-03T02:56:00Z,S7,14,2,0,0,9a3631d7a59c2d8d9c1c2212924536e5808c387451358e572bfb9d82c0bf80a2,12000,16,1,180000,0.9760340891185022,1,0.5671114923657453,0.5339815998564005,0,1,173900,0.0,-0.8374353404236199,-308.32534839818254,-14.824243239769823,0.8705876975243643,0.070169171091265,0.008792056799393322,0.08333333333333333,0.0,0.0,5.256315896788492,17.3856773137659,0,1,0
S7_p015_t000_s1755520088,2026-10-03T02:56:15Z,S7,15,2,0,0,2be48aeef1fb38eac071ea03e6b506cbf996b3270995268138f048ef37a1292e,12000,16,1,180000,0.9753452790273075,1,0.5542660573907786,0.520557629727911,0,1,173873,0.0,-0.8602669190329958,-310.57529200102965,-14.704459524201292,0.870680197195422,0.06636968076502944,0.008314196279116004,0.08333333333333333,0.0,0.0,4.933001823957604,18.07494324854722,0,1,0
S7_p015_t001_s1047827504,2026-10-03T02:56:30Z,S7,15,2,0,0,31ef2bdcc45897b790394bc937f0d13affe33d9919d5a3aea3e9efcbc8eab354,12000,16,1,180000,0.9757015441075148,1,0.553003916647894,0.520557629727911,0,1,173868,0.0,-0.8499506211328655,-310.9919672461674,-14.776560724280989,0.8345320925307197,0.06286203115380345,0.007874475194512343,0.08333333333333333,0.0,0.75,5.362934682221987,18.011094836169335,0,1,0
S7_p015_t002_s1284285689,2026-10-03T02:56:45Z,S7,15,2,0,0,6177c9bdd07c57d23c0c415f28bc73aaafb1f6b8e7a9cfa39fe2c4276f65c74b,12000,16,1,180000,0.9751737862150084,1,0.5538427460495325,0.5186439775608325,0,1,173877,0.0,-0.8656489676630176,-310.2419449295091,-14.672979338332224,0.8770920531145903,0.05911198597185161,0.00740525404262371,0.08333333333333333,0.0,0.0,4.593107214231408,17.935349751694826,0,1,0
S7_p015_t003_s734715196,2026-10-03T02:57:00Z,S7,15,2,0,0,74844ff4c597a84a3d347e0c3ba2a9b4a65f3281ff7250d0ef3bbccf3cfe8228,12000,16,1,180000,0.9754372596595309,1,0.5547352056489661,0.519670351524659,0,1,173877,0.0,-0.8571737616494929,-310.24196498702804,-14.720570147869738,0.8954828845413256,0.06231945429481642,0.007807069636783126,0.08333333333333333,0.0,5.416666666666667,5.124643045209277,18.16639409620715,0,1,0
S7_p015_t004_s1450783488,2026-10-03T02:57:15Z,S7,15,2,0,0,08b3d41a39f51dbb088e813c56a71071b0140f379eb53de49d0eb65e971eeabe,12000,16,1,180000,0.9752546455810805,1,0.5545937952606623,0.519670351524659,0,1,173942,0.0,-0.8608596612438236,-304.8253024481298,-14.685588695134593,0.8353700421343858,0.05882500558510049,0.007373126200036495,0.08333333333333333,0.0,339.3333333333333,5.120971841711425,18.266749266998314,0,1,0
S7_p016_t000_s313172177,2026-10-03T02:57:45Z,S7,16,2,0,0,c1d3823ca83b2dd2a98e5330b8f5c198e9fae17d6f954d5970ff4e86b4c1f420,12000,16,1,180000,0.9755996832597401,1,0.5518009145844559,0.5191460956900235,0,1,173617,0.0,-0.8525569531080334,-331.90863753155946,-14.750213294445109,0.9456338041944873,0.0732650083014738,0.009159225012808747,0.08333333333333333,0.0,0.16666666666666666,5.102016368571745,17.276591735150586,0,1,0
S7_p016_t001_s95670008,2026-10-03T02:58:00Z,S7,16,2,0,0,45c90570a89d167c0a0152926c9613dd29ae49c33ed2ff094b3218d804625da6,12000,16,1,180000,0.9754234198772477,1,0.554914399813325,0.5211593739572735,0,1,173619,0.0,-0.8580988828855923,-331.74196566822803,-14.714923719125919,0.878145498573377,0.07034913188032363,0.00879483742028242,0.08333333333333333,0.0,6.666666666666667,5.224330044084865,17.393660097369697,0,1,0
S7_p016_t002_s762227068,2026-10-03T02:58:15Z,S7,16,2,0,0,4ef3717768b67eb6250254882d827670e09b77aefb6f0d5699215840ab6b6960,12000,16,1,180000,0.9755668221624596,1,0.5543058335560205,0.5211593739572736,0,1,173699,0.0,-0.853019051096542,-325.07530017224417,-14.746112320624576,0.8437197756671868,0.07251420389798745,0.009071309365026536,0.08333333333333333,0.0,0.0,4.862002771335531,17.145072143015277,0,1,0
S7_p016_t003_s804352794,2026-10-03T02:58:30Z,S7,16,2,0,0,602f46aec74a7bbe4e27cea92fa8bd315919b169a6b13b39359618476611ddec,12000,16,1,180000,0.9755459106536724,1,0.5551477523841425,0.5214470255829986,0,1,173614,0.0,-0.8554367943910963,-332.1586190193884,-14.750244943309516,0.9380262723336898,0.08117542342469575,0.010147902033168066,0.08333333333333333,0.0,6.083333333333333,4.803438042565729,17.54829512449692,0,1,0
S7_p016_t004_s1354763437,2026-10-03T02:58:45Z,S7,16,2,0,0,c3edde9814f3955aee6d33bc374e6db55e263e01048313d2c30d3fca032f2ad5,12000,16,1,180000,0.9755330946994095,1,0.5551489463126087,0.5214470255829986,0,1,173687,0.0,-0.8544519061047644,-326.0753022389108,-14.73810877648164,0.9140219425634624,0.07284269886059595,0.009111528986977646,0.08333333333333333,0.0,0.0,4.85060752291257,17.238809313907172,0,1,0
S7_p017_t000_s1440417717,2026-10-03T02:59:00Z,S7,17,2,0,0,4c7c91ff5d4248c3ffae2824c31830827099bbad65dd57d61f8383e76b517b12,12000,16,1,180000,0.8276175526586238,1,0.49399369479616656,0.5129358880074271,0,1,173601,0.0,-2.238076395017238,-333.2393994775757,-3.782852400934944,61.4669135281456,898.9441964968811,112.36712561791364,8.833333333333334,0.0,0.0,18.368651121962223,31.45551962075436,0,1,0
S7_p017_t001_s1958295760,2026-10-03T02:59:15Z,S7,17,2,0,0,7cf44b34e560516805b13e25fcf08fc9f8b28d3a8dcabb0f79a71315148f3972,12000,16,1,180000,0.9157199175905149,1,0.5403987577687791,0.5153969240471419,0,1,173706,0.0,-0.8639043075442533,-324.52872609092867,-14.769353252557542,0.7624698199440589,0.17592799756011848,0.022009296206761064,0.08333333333333333,0.0,1.3333333333333333,4.6309913305688175,19.671303179986005,0,1,0
S7_p017_t002_s1141094124,2026-10-03T02:59:30Z,S7,17,2,0,0,47dfb00b93d70ea51e05c434a57988d0540d0d69d71c34d4db6be8b61e1143a7,12000,16,1,180000,0.9161727767824994,1,0.5407809221206149,0.5167923516845173,0,1,173722,0.0,-0.8539642723373644,-323.1954395186106,-14.840616392698294,0.8810576924379548,0.17151706498496383,0.021460215170918673,0.08333333333333333,0.0,2.916666666666667,4.668772216229357,19.91424597095811,0,1,0
S7_p017_t003_s678609270,2026-10-03T02:59:45Z,S7,17,2,0,0,b237147baee526fa7b8879e312317823152f60bb5f1f8ab8d63ab7286718e53f,12000,16,1,180000,0.9158450315763431,1,0.5405385632735962,0.5167923516845172,0,1,173757,0.0,-0.860657630180653,-320.2787474222017,-14.774672313143428,0.8673417742480388,0.1725488601288741,0.02159535258942924,0.08333333333333333,0.0,0.08333333333333333,4.545631327113961,19.88342693650797,0,1,0
S7_p017_t004_s2097649527,2026-10-03T03:00:00Z,S7,17,2,0,0,d4deb63e63060b83f89955cead988ef359d2ad6269149b7a17e142a7b813c175,12000,16,1,180000,0.9157267203028331,1,0.5380344902656055,0.516102839019976,0,1,173758,0.0,-0.865239201241379,-320.1953704585412,-14.762739453009544,0.8156326088510377,0.1788739970275229,0.02238715397197666,0.08333333333333333,0.0,0.0,4.5707486808748,19.87936869862387,0,1,0
S7_p018_t000_s54616312,2026-10-03T03:00:15Z,S7,18,2,0,0,c954e3e7cca423ae7ac23529865b52f3db637eec23ca5ad025d1628c0e382fe5,12000,16,1,180000,0.9160321040562129,1,0.5449374713572467,0.5214536280039387,0,1,173755,0.0,-0.8534671236132418,-320.44546549118604,-14.835107060202509,0.7998327730596922,0.18360852763873164,0.02297915805957018,0.08333333333333333,0.0,2.0833333333333335,5.113363531045651,19.384672300303713,0,1,0
S7_p018_t001_s952590612,2026-10-03T03:00:30Z,S7,18,2,0,0,31f8a88a0be8a76c049aa676b412d38fa1607a2dc33498984305b01f03ef7f74,12000,16,1,180000,0.9162549333771169,1,0.5449818639904761,0.5214536280039387,0,1,173780,0.0,-0.8482419790065245,-318.36217343287717,-14.849779689137586,0.8028611436313638,0.17566521628594936,0.02198942044424257,0.08333333333333333,0.0,0.0,5.141403007547033,19.19136875219783,0,1,0
S7_p018_t002_s42992291,2026-10-03T03:00:45Z,S7,18,2,0,0,e8ece6d17ec689026f8e77b1f04e02dca696d3ad60b64863d3a3b14595625c1d,12000,16,1,180000,0.915812279668885,1,0.5451194927168689,0.518290137308101,0,1,173745,0.0,-0.8597113617746771,-321.2787574611654,-14.805988642517088,0.842077313031968,0.17467619807535248,0.021859503455743834,0.08333333333333333,0.0,3.0833333333333335,5.042195679347769,19.3034074685364,0,1,0
S7_p018_t003_s1754123281,2026-10-03T03:01:00Z,S7,18,2,0,0,caf85220bc1a23b6313bb8d66cb452d3aedb331207f0c0a6c0a35a3f870803e8,12000,16,1,180000,0.9159504356072351,1,0.5453429724906425,0.5199347640260285,0,1,173782,0.0,-0.8573031969958766,-318.19544316663814,-14.793653225959725,0.8826476033704966,0.1711197412613067,0.021420769211090374,0.08333333333333333,0.0,0.25,4.720008338887384,19.248168291521136,0,1,0
S7_p018_t004_s2136748643,2026-10-03T03:01:15Z,S7,18,2,0,0,8db497de5627c3ba561e154e3f62be798b185573d6d172180c197f20552428a8,12000,16,1,180000,0.9158414099176185,1,0.5442567337355577,0.5199347640260283,0,1,173785,0.0,-0.8563866558680453,-317.9454453876194,-14.830202052676517,0.8222305035260964,0.1701168582704407,0.02129573866886858,0.08333333333333333,0.0,0.0,4.74355666355157,19.23703784143281,0,1,0
S7_p019_t000_s2055416690,2026-10-03T03:01:30Z,S7,19,2,0,0,655a60aa332cd40295dec7b204d16c4710b19be47622dbbf1a4fbd08ea92740b,12000,16,1,180000,0.9159320973728193,1,0.5471775747702222,0.5215612309893869,0,1,173760,0.0,-0.8560931190756148,-320.0287988832346,-14.790151388814646,0.8363135678522365,0.19578119589046203,0.02450358291525845,0.08333333333333333,0.0,0.75,5.174737939835145,19.072862908857697,0,1,0
S7_p019_t001_s2007325368,2026-10-03T03:01:45Z,S7,19,2,0,0,abb9abd68e9115a183f2cd9063c5776ae8799ebf8c8d030d65728eb989c46f3b,12000,16,1,180000,0.9163674687906248,1,0.5465180227430989,0.5215612309893868,0,1,173769,0.0,-0.8469814189046441,-319.2788244245742,-14.876505050870543,0.7904286129768594,0.19640133950135896,0.024582966461366595,0.08333333333333333,0.0,0.0,4.782559793648008,19.277349669169094,0,1,0
S7_p019_t002_s1837273558,2026-10-03T03:02:00Z,S7,19,2,0,0,d0e8b96fe6f140692bc46d11561066f0b04ef7c745fef55d89272f4ad4d49ff8,12000,16,1,180000,0.9161375970938095,1,0.5458300118719971,0.5203377358061028,0,1,173739,0.0,-0.853827576891913,-321.77880030792585,-14.80226198048011,0.833142302557597,0.17989864971580266,0.0225119773294864,0.08333333333333333,0.0,2.25,4.825127373988096,19.07839047691156,0,1,0
S7_p019_t003_s1703565559,2026-10-03T03:02:15Z,S7,19,2,0,0,5cde8fce21f700d4ac387a29fdc0d250f52095f9eca284e32272f21eda989b10,12000,16,1,180000,0.9162323339423019,1,0.5454012330031699,0.5203377358061028,0,1,173766,0.0,-0.8502327569719614,-319.52881698696484,-14.843841389747134,0.8689991255013283,0.1977781767169408,0.024754707710599178,0.08333333333333333,0.0,0.0,4.592718963306521,19.369610942104725,0,1,0
S7_p019_t004_s989415578,2026-10-03T03:02:30Z,S7,19,2,0,0,c6962c4412bf233f5a3de8302a1a2ea35765768d4550d30d87d95e7adfd60682,12000,16,1,180000,0.7096926554811411,1,0.4888206150236989,0.5200752091190527,0,1,173882,0.0,-2.858683586504505,-309.7986370754612,-1.950625797553057,16.46579176215376,939.6459412746029,117.71884352288225,9.166666666666666,0.0,347.58333333333337,14.040219651360063,29.13526525688799,0,1,0
S7_p020_t000_s11753295,2026-10-03T03:03:00Z,S7,20,2,0,0,d7519aee2303cd1254446f3f7dd79b98c58dce003f01f7f4898e6b01bbb0339e,12000,16,1,180000,0.913425457362187,1,0.5565576542857306,0.5254288041486718,0,1,173802,0.0,-0.8544325395944343,-316.4716349109846,-14.684574712902545,0.9026313639668333,0.06928833587740307,0.008674899651850865,0.08333333333333333,0.0,0.0,5.567826546129212,17.1074195081226,0,1,0
S7_p020_t001_s127051996,2026-10-03T03:03:15Z,S7,20,2,0,0,cde816b2cf0b92666165e85bd81bd18702279f3828cc6e7f130b4f6db98f88e6,12000,16,1,180000,0.9138984405909015,1,0.5575521892295602,0.5256669929855555,0,1,173716,0.0,-0.8485980684665245,-323.63832210858163,-14.712821464766773,0.9110578051695418,0.07870402229604903,0.009846975045547879,0.08333333333333333,0.0,3.9166666666666665,4.806225723013561,17.329465240483927,0,1,0
S7_p020_t002_s1814410164,2026-10-03T03:03:30Z,S7,20,2,0,0,d90a1710018000298a4a18c182705bbd011bd6ad595df020ffcad0219ac2fadb,12000,16,1,180000,0.9135569863058087,1,0.5573891671972396,0.5271756313819506,0,1,173763,0.0,-0.85230101307654,-319.7216370277505,-14.70009792217789,0.9272714275928742,0.07540014195849717,0.009437157167667465,0.08333333333333333,0.0,3.25,5.020152791604512,17.371161021088128,0,1,0
S7_p020_t003_s622957244,2026-10-03T03:03:45Z,S7,20,2,0,0,aab50976e6e0fef6e728262c004042f5914230b3100106affbefa822323ae911,12000,16,1,180000,0.9143001846773032,1,0.5558665790624114,0.5282992499915897,0,1,173802,0.0,-0.8434440408916378,-316.471659857479,-14.74484405753394,0.8770992255130011,0.08037132343865153,0.010062489694519172,0.08333333333333333,0.0,0.0,4.712857195084674,17.21697302077076,0,1,0
S7_p020_t004_s1019946476,2026-10-03T03:04:00Z,S7,20,2,0,0,fe5ce1d08981c3f0be380f247b2d3b399f4a0cabaf9c0a9d536e671560490767,12000,16,1,180000,0.9140149202279094,1,0.5548859119292945,0.5282992499915897,0,1,173753,0.0,-0.8456875443776806,-320.55497574225956,-14.743598534856101,0.8938413626757946,0.07286681490622485,0.009119354752328945,0.08333333333333333,0.0,353.08333333333337,4.7519364545864144,17.435835631257046,0,1,0
S8_p000_t000_s1451638557,2026-10-03T03:04:30Z,S8,0,12,0,0,18a1096bc8ce7f593ba7a7c718afd8404738f5e5659f6a88706ee6c931bff4b3,12000,16,1,180000,0.9224680032703038,1,0.7523975934117878,0.7813339612689649,0,1,173614,0.0,-0.6803970919302121,-332.13771793205285,-17.383063049604097,1.0070909222505593,0.02158505701842561,0.0026983911479874223,0.08333333333333333,0.0,2.0,4.611635894623173,17.64668037884339,0,1,0
S8_p000_t001_s686175255,2026-10-03T03:04:45Z,S8,0,12,0,0,26d5741d98f9e384f678c71e5cfb13737f3ce269d69a7c44e7e3a4ecef9de67d,12000,16,1,180000,0.9221846782629792,1,0.7530188328274252,0.782031835052609,0,1,173638,0.0,-0.6832936622354758,-330.13769607949934,-17.38380040452105,0.9837489541627844,0.02228363569377718,0.0027862566726071236,0.08333333333333333,0.0,0.0,5.0043068849995,17.497239369227337,0,1,0
S8_p000_t002_s147853078,2026-10-03T03:05:00Z,S8,0,12,0,0,503b86cfe713dce7b62463836cc321487b5b49d7bcce3f5c57abee8c5d327fca,12000,16,1,180000,0.9226138498823991,1,0.7523703574896655,0.782031835052609,0,1,173609,0.0,-0.6784563070319698,-332.55437846380846,-17.417569006910114,0.9950006712621289,0.021381339467774263,0.0026728171028480574,0.08333333333333333,0.0,3.5833333333333335,4.906104374474101,17.443309413644585,0,1,0
S8_p000_t003_s1651849846,2026-10-03T03:05:15Z,S8,0,12,0,0,63e0b0e60d5c4bb7397ec281ad2fcb0522734015f6db5da20fecac94dfe94293,12000,16,1,180000,0.9221694587320474,1,0.7527497645579173,0.7812855341615296,0,1,173652,0.0,-0.6838248259862683,-328.97103179127225,-17.368120168266394,1.0169997915857958,0.02277502074134538,0.0028480163437052397,0.08333333333333333,0.0,0.0,5.115786903847212,17.399779951905547,0,1,0
S8_p000_t004_s285589846,2026-10-03T03:05:30Z,S8,0,12,0,0,f8eecd977c7c045c54368e04e86b1ed212b71ebcccfd6b7d6cd01568b9ccfc15,12000,16,1,180000,0.92261566325571,1,0.7517759529968717,0.7807268557375117,0,1,173614,0.0,-0.6789888187875679,-332.1377198119062,-17.384646670258643,1.0168683396919458,0.02564055057517544,0.003205376508503832,0.08333333333333333,0.0,370.66666666666663,5.1069757721930324,17.261683293347065,0,1,0
