scenario,part,trial,seed,message,freq_hz,dt_s,reported_snr_db,signal_db,local_noise_db,reconstructed_snr_db
S1,0,0,913544046,CQ Q1ABC FN42,1500,0.32,-11,-41.354,-56.5,-11.354
S1,0,0,913544046,C99AWJ/R P26MVS R IL48,1384,2,-27,-56.873,-56.5,-26.873
S1,0,1,68344610,CQ Q1ABC FN42,1500,0.4,-11,-41.12,-56.5,-11.12
S1,0,1,68344610,CQ <...>,1497,0.4,-22,-51.741,-56.5,-21.741
S1,0,2,205210819,CQ Q1ABC FN42,1500,0.32,-11,-41.139,-56.5,-11.139
S1,0,3,2050797404,CQ Q1ABC FN42,1500,0.4,-11,-40.81,-56,-11.31
S1,0,4,584097744,CQ Q1ABC FN42,1500,0.4,-11,-41.741,-57,-11.241
S1,0,5,890384831,CQ Q1ABC FN42,1500,0.32,-11,-41.228,-57,-10.728
S1,0,5,890384831,.JX52VC4OWCPG,1278,-1.04,-27,-56.542,-56.5,-26.542
S1,0,6,1254229004,CQ Q1ABC FN42,1500,0.32,-11,-41.475,-57,-10.975
S1,0,7,1244130315,CQ Q1ABC FN42,1500,0.4,-11,-41.684,-57,-11.184
S1,0,8,1326464048,CQ Q1ABC FN42,1500,0.32,-11,-41.418,-56.5,-11.418
S1,0,9,1074612516,CQ Q1ABC FN42,1500,0.32,-11,-41.101,-56.5,-11.101
S1,0,10,29435684,CQ Q1ABC FN42,1500,0.4,-11,-40.886,-56.5,-10.886
S1,0,11,1345611442,CQ Q1ABC FN42,1500,0.32,-11,-41.703,-57.5,-10.703
S1,0,12,254059146,CQ Q1ABC FN42,1500,0.32,-11,-41.405,-57,-10.905
S1,0,12,254059146,<RDCTM663>/R 6X3 JB R RM48,1081,2.8,-27,-57.355,-57,-26.855
S1,0,12,254059146,776CD2E9B62CC27512,769,-0.32,-27,-57.442,-57,-26.942
S1,0,13,1403049087,CQ Q1ABC FN42,1500,0.32,-12,-41.513,-56.5,-11.513
S1,0,14,1957806283,CQ Q1ABC FN42,1500,0.4,-11,-40.658,-56,-11.158
S1,0,15,267648966,CQ Q1ABC FN42,1500,0.32,-11,-41.437,-56.5,-11.437
S1,0,16,960983847,CQ Q1ABC FN42,1500,0.4,-11,-41.785,-57,-11.285
S1,0,17,686045087,CQ Q1ABC FN42,1500,0.4,-11,-42,-57.5,-11
S1,0,18,1659563288,CQ Q1ABC FN42,1500,0.32,-11,-41.532,-57,-11.032
S1,0,19,977855334,CQ Q1ABC FN42,1500,0.32,-11,-41.038,-56.5,-11.038
S1,0,20,98817331,CQ Q1ABC FN42,1500,0.32,-11,-41.418,-56.5,-11.418
S1,0,21,115288869,CQ Q1ABC FN42,1500,0.4,-11,-41.354,-57,-10.854
S1,0,21,115288869,CQ 0V45V9682CU,1497,0.4,-22,-52.152,-57,-21.652
S1,0,22,777397754,CQ Q1ABC FN42,1500,0.4,-11,-41.044,-56.5,-11.044
S1,0,23,148715740,CQ Q1ABC FN42,1500,0.32,-11,-42.804,-58.5,-10.804
S1,0,24,1506189509,CQ Q1ABC FN42,1500,0.32,-11,-41.259,-56.5,-11.259
S1,0,25,1274705330,CQ Q1ABC FN42,1500,0.32,-11,-41.203,-56.5,-11.203
S1,0,26,190641717,CQ Q1ABC FN42,1500,0.4,-11,-40.658,-56,-11.158
S1,0,27,1633001750,CQ Q1ABC FN42,1500,0.32,-11,-41.354,-56.5,-11.354
S1,0,28,988011285,CQ Q1ABC FN42,1500,0.32,-11,-41.677,-57,-11.177
S1,0,28,988011285,0B?M5.<RDCTM402>,1638,-1.6,-27,-57.304,-56.5,-27.304
S1,0,29,399063991,CQ Q1ABC FN42,1500,0.32,-11,-41.184,-56.5,-11.184
S1,0,29,399063991,<...> <RDCTM331> EQ91,1684,-1.44,-26,-55.993,-56,-26.493
S1,0,30,2078316037,CQ Q1ABC FN42,1500,0.32,-11,-40.677,-56,-11.177
S1,0,31,716963744,CQ Q1ABC FN42,1500,0.4,-11,-40.854,-56.5,-10.854
S1,0,31,716963744,07F391121CD38E6470,2534,-1.2,-25,-55.324,-56.5,-25.324
S1,0,32,745101827,CQ Q1ABC FN42,1500,0.4,-11,-41.468,-57,-10.968
S1,0,33,515860129,CQ Q1ABC FN42,1500,0.4,-11,-41.165,-56.5,-11.165
S1,0,34,2014584745,CQ Q1ABC FN42,1500,0.4,-11,-41.373,-57,-10.873
S1,0,35,771345634,CQ Q1ABC FN42,1500,0.4,-11,-41.658,-57,-11.158
S1,0,36,820176366,CQ Q1ABC FN42,1500,0.32,-11,-41.867,-57,-11.367
S1,0,37,305662618,CQ Q1ABC FN42,1500,0.4,-11,-40.456,-56,-10.956
S1,0,38,1849454165,CQ Q1ABC FN42,1500,0.4,-11,-42.196,-57.5,-11.196
S1,0,39,83474610,CQ Q1ABC FN42,1500,0.4,-11,-40.614,-56,-11.114
S1,0,39,83474610,CQ B8T8XZMQ9H,1834,-1.28,-27,-56.563,-56,-27.063
S1,0,40,1027121814,CQ Q1ABC FN42,1500,0.32,-11,-40.943,-56.5,-10.943
S1,0,41,1946712017,CQ Q1ABC FN42,1500,0.4,-11,-41.241,-56.5,-11.241
S1,0,42,832282657,CQ Q1ABC FN42,1500,0.32,-11,-41.272,-56.5,-11.272
S1,0,43,1558381055,CQ Q1ABC FN42,1500,0.4,-11,-40.734,-56,-11.234
S1,0,44,1108231845,CQ Q1ABC FN42,1500,0.4,-11,-41.741,-57.5,-10.741
S1,0,45,1915192617,CQ Q1ABC FN42,1500,0.4,-11,-40.93,-56,-11.43
S1,0,46,1129732931,CQ Q1ABC FN42,1500,0.4,-11,-41.272,-57,-10.772
S1,0,47,462734406,CQ Q1ABC FN42,1500,0.32,-11,-41.076,-56.5,-11.076
S1,0,48,1853819743,CQ Q1ABC FN42,1500,0.32,-11,-42.437,-57.5,-11.437
S1,0,49,1801376559,CQ Q1ABC FN42,1500,0.4,-11,-41.791,-57,-11.291
S1,0,50,2022901850,CQ Q1ABC FN42,1500,0.4,-11,-41.899,-57,-11.399
S1,0,51,524210735,CQ Q1ABC FN42,1500,0.32,-11,-41.443,-57,-10.943
S1,0,52,521947388,CQ Q1ABC FN42,1500,0.32,-11,-41.228,-56.5,-11.228
S1,0,53,1509002193,CQ Q1ABC FN42,1500,0.4,-11,-40.772,-56.5,-10.772
S1,0,54,1076363659,CQ Q1ABC FN42,1500,0.4,-11,-41.222,-56.5,-11.222
S1,0,54,1076363659,V10KFCJ1LHN1,950,-1.44,-27,-57.036,-56.5,-27.036
S1,0,55,193353639,CQ Q1ABC FN42,1500,0.32,-11,-41.215,-56.5,-11.215
S1,0,56,619576089,CQ Q1ABC FN42,1500,0.4,-11,-40.741,-56,-11.241
S1,0,57,640061166,CQ Q1ABC FN42,1500,0.4,-11,-41.589,-57,-11.089
S1,0,58,824057817,CQ Q1ABC FN42,1500,0.4,-11,-41.101,-56.5,-11.101
S1,0,59,1006783494,CQ Q1ABC FN42,1500,0.32,-11,-41.627,-57,-11.127
S1,0,60,1817455995,CQ Q1ABC FN42,1500,0.4,-11,-40.987,-56.5,-10.987
S1,0,61,1405579272,CQ Q1ABC FN42,1500,0.32,-11,-41.272,-56.5,-11.272
S1,0,62,1472843123,CQ Q1ABC FN42,1500,0.4,-11,-42.184,-57.5,-11.184
S1,0,63,532457901,CQ Q1ABC FN42,1500,0.32,-11,-41.519,-57,-11.019
S1,0,63,532457901,<RDCTM510>/P <RDCTM229> R RR73,1025,-0.56,-26,-55.807,-56.5,-25.807
S1,0,64,83290023,CQ Q1ABC FN42,1500,0.32,-11,-40.962,-56,-11.462
S1,0,65,110016722,CQ Q1ABC FN42,1500,0.32,-11,-41.867,-57.5,-10.867
S1,0,66,1340433974,CQ Q1ABC FN42,1500,0.4,-11,-41.101,-56.5,-11.101
S1,0,67,550812265,CQ Q1ABC FN42,1500,0.4,-11,-41.31,-56.5,-11.31
S1,0,68,1159356136,CQ Q1ABC FN42,1500,0.32,-11,-41.816,-57.5,-10.816
S1,0,69,759323696,CQ Q1ABC FN42,1500,0.4,-11,-41.747,-57,-11.247
S1,0,70,1762002432,CQ Q1ABC FN42,1500,0.32,-11,-41.095,-56.5,-11.095
S1,0,71,1124264222,CQ Q1ABC FN42,1500,0.4,-11,-41.196,-57,-10.696
S1,0,72,1630129747,CQ Q1ABC FN42,1500,0.4,-11,-41.373,-56.5,-11.373
S1,0,73,1428691889,CQ Q1ABC FN42,1500,0.32,-11,-40.709,-56.5,-10.709
S1,0,74,1175097694,CQ Q1ABC FN42,1500,0.4,-11,-41.127,-56.5,-11.127
S1,0,75,2138671959,CQ Q1ABC FN42,1500,0.32,-11,-40.848,-56.5,-10.848
S1,0,75,2138671959,3XS0TOH/R K76FNM HR38,2247,0.24,-26,-55.538,-56.5,-25.538
S1,0,76,1018044709,CQ Q1ABC FN42,1500,0.32,-11,-41.089,-56.5,-11.089
S1,0,77,762163525,CQ Q1ABC FN42,1500,0.32,-11,-41.93,-57,-11.43
S1,0,78,964905215,CQ Q1ABC FN42,1500,0.4,-11,-41.791,-57,-11.291
S1,0,79,1628523519,CQ Q1ABC FN42,1500,0.32,-11,-40.5,-56,-11
S1,0,79,1628523519,4DC313B691E04CF7A4,2506,2,-26,-55.658,-56,-26.158
S1,0,79,1628523519,K47FGI/P <RDCTM630> LH46,1106,3.12,-26,-55.905,-56,-26.405
S1,0,80,221424067,CQ Q1ABC FN42,1500,0.4,-11,-41.563,-57,-11.063
S1,0,81,385286975,CQ Q1ABC FN42,1500,0.4,-11,-42.19,-57.5,-11.19
S1,0,82,536788125,CQ Q1ABC FN42,1500,0.32,-11,-41.589,-57,-11.089
S1,0,83,725129935,CQ Q1ABC FN42,1500,0.32,-11,-41.019,-56.5,-11.019
S1,0,84,1949501660,CQ Q1ABC FN42,1500,0.32,-11,-41.405,-57,-10.905
S1,0,85,919177160,CQ Q1ABC FN42,1500,0.32,-11,-41.639,-57,-11.139
S1,0,86,325830710,CQ Q1ABC FN42,1500,0.32,-11,-41.12,-56.5,-11.12
S1,0,87,534253272,CQ Q1ABC FN42,1500,0.32,-11,-40.513,-56,-11.013
S1,0,88,963749515,CQ Q1ABC FN42,1500,0.4,-11,-41.241,-57,-10.741
S1,0,89,1407369909,CQ Q1ABC FN42,1500,0.32,-11,-41.209,-56.5,-11.209
S1,0,90,1447940025,CQ Q1ABC FN42,1500,0.4,-11,-41.652,-57,-11.152
S1,0,91,460807789,CQ Q1ABC FN42,1500,0.32,-11,-41.342,-56.5,-11.342
S1,0,92,1091749316,CQ Q1ABC FN42,1500,0.32,-11,-40.975,-56.5,-10.975
S1,0,93,1347937972,CQ Q1ABC FN42,1500,0.4,-11,-40.918,-56.5,-10.918
S1,0,94,1028141377,CQ Q1ABC FN42,1500,0.4,-11,-41.196,-56.5,-11.196
S1,0,95,282018213,CQ Q1ABC FN42,1500,0.4,-11,-41.633,-57,-11.133
S1,0,96,212956568,CQ Q1ABC FN42,1500,0.32,-11,-41.772,-57,-11.272
S1,0,97,2053772380,CQ Q1ABC FN42,1500,0.32,-11,-41.165,-56.5,-11.165
S1,0,98,443260930,CQ Q1ABC FN42,1500,0.32,-11,-41.576,-57,-11.076
S1,0,98,443260930,<RDCTM481>/FNWWGO3 <...>,691,-1.2,-28,-58.197,-57,-27.697
S1,0,99,183873801,CQ Q1ABC FN42,1500,0.32,-11,-41.677,-57,-11.177
S1,0,99,183873801,<...> 3XD7ZDU/R R AK24,922,-1.44,-26,-56.971,-57,-26.471
S1,0,100,152334718,CQ Q1ABC FN42,1500,0.4,-11,-41.582,-57,-11.082
S1,0,100,152334718,CQ FWLSSM9FB/A,1497,0.4,-21,-51.019,-57,-20.519
S1,0,101,1074367208,CQ Q1ABC FN42,1500,0.4,-11,-41.816,-57,-11.316
S1,0,101,1074367208,<RDCTM549>/P <...> R PK20,1744,2.96,-26,-56.687,-57,-26.187
S1,0,102,1779800572,CQ Q1ABC FN42,1500,0.4,-11,-41.177,-56.5,-11.177
S1,0,103,525670459,CQ Q1ABC FN42,1500,0.32,-11,-41.316,-56.5,-11.316
S1,0,104,599590830,CQ Q1ABC FN42,1500,0.32,-11,-41.101,-56.5,-11.101
S1,0,104,599590830,<...> 38O9ZN7L/0M RRR,494,2.96,-26,-56.147,-56.5,-26.147
S1,0,105,1372614925,CQ Q1ABC FN42,1500,0.32,-11,-41.266,-56.5,-11.266
S1,0,106,775437961,CQ Q1ABC FN42,1500,0.32,-11,-41.538,-57,-11.038
S1,0,107,1600607688,CQ Q1ABC FN42,1500,0.4,-11,-41.797,-57,-11.297
S1,0,108,1549687782,CQ Q1ABC FN42,1500,0.4,-11,-41.475,-56.5,-11.475
S1,0,109,514277680,CQ Q1ABC FN42,1500,0.4,-11,-41.481,-56.5,-11.481
S1,0,110,1981235816,CQ Q1ABC FN42,1500,0.4,-11,-41.272,-57,-10.772
S1,0,111,1158389468,CQ Q1ABC FN42,1500,0.32,-11,-41.481,-57,-10.981
S1,0,112,2133089394,CQ Q1ABC FN42,1500,0.4,-11,-40.557,-56,-11.057
S1,0,112,2133089394,8H +BB/TCTT8B,1497,0.4,-20,-49.829,-56,-20.329
S1,0,113,529910964,CQ Q1ABC FN42,1500,0.4,-11,-40.835,-56,-11.335
S1,0,113,529910964,<RDCTM381> <RDCTM448> R AC08,1719,-1.04,-27,-56.167,-56,-26.667
S1,0,114,1438746415,CQ Q1ABC FN42,1500,0.4,-11,-40.924,-56.5,-10.924
S1,0,115,30472105,CQ Q1ABC FN42,1500,0.4,-11,-41.348,-56.5,-11.348
S1,0,115,30472105,<RDCTM660> <RDCTM615> PL75,2006,-1.04,-27,-57.493,-56.5,-27.493
S1,0,116,1430362188,CQ Q1ABC FN42,1500,0.32,-11,-41.367,-56.5,-11.367
S1,0,117,359342888,CQ Q1ABC FN42,1500,0.32,-11,-41.38,-57,-10.88
S1,0,117,359342888,<...> 2648HKJOI7Q 73,2688,-0.8,-26,-56.905,-57,-26.405
S1,0,118,1534535132,CQ Q1ABC FN42,1500,0.4,-11,-40.943,-56.5,-10.943
S1,0,119,858841052,CQ Q1ABC FN42,1500,0.4,-11,-41.291,-57,-10.791
S1,0,120,97513169,CQ Q1ABC FN42,1500,0.4,-11,-41.69,-57,-11.19
S1,0,121,875381381,CQ Q1ABC FN42,1500,0.4,-11,-41.013,-56.5,-11.013
S1,0,122,1945006976,CQ Q1ABC FN42,1500,0.32,-11,-41.677,-57,-11.177
S1,0,123,498519119,CQ Q1ABC FN42,1500,0.4,-11,-41.215,-56.5,-11.215
S1,0,123,498519119,<RDCTM591>/<RDCTM208> <...>,1503,0.4,-23,-52.873,-56.5,-22.873
S1,0,123,498519119,CQ <...>,1700,-0.24,-26,-55.89,-56.5,-25.89
S1,0,124,247129137,CQ Q1ABC FN42,1500,0.32,-11,-41.063,-56.5,-11.063
S1,0,125,264542190,CQ Q1ABC FN42,1500,0.32,-12,-41.5,-56.5,-11.5
S1,0,126,1416047294,CQ Q1ABC FN42,1500,0.4,-11,-40.57,-56,-11.07
S1,0,127,852253618,CQ Q1ABC FN42,1500,0.32,-11,-41.241,-56.5,-11.241
S1,0,127,852253618,25NWC N01DOC/R R RC41,653,-0.4,-26,-56.289,-56.5,-26.289
S1,0,127,852253618,CQ FSKV 42S02C,703,3.04,-26,-55.993,-56.5,-25.993
S1,0,128,1206455489,CQ Q1ABC FN42,1500,0.4,-11,-41.943,-57,-11.443
S1,0,129,102432452,CQ Q1ABC FN42,1500,0.32,-11,-41.722,-57.5,-10.722
S1,0,130,1332043330,CQ Q1ABC FN42,1500,0.32,-11,-40.772,-56,-11.272
S1,0,131,1422154076,CQ Q1ABC FN42,1500,0.32,-11,-41.057,-56.5,-11.057
S1,0,132,367670679,CQ Q1ABC FN42,1500,0.32,-11,-40.766,-56.5,-10.766
S1,0,132,367670679,CQ /QMSGZ988FD,1497,0.32,-21,-51.43,-56.5,-21.43
S1,0,133,2064419913,CQ Q1ABC FN42,1500,0.4,-11,-41.354,-57,-10.854
S1,0,133,2064419913,<...> 4SWZE3D2Z8 73,1403,-1.52,-26,-55.717,-56.5,-25.717
S1,0,134,1341014110,CQ Q1ABC FN42,1500,0.4,-11,-41.209,-56.5,-11.209
S1,0,135,865234546,CQ Q1ABC FN42,1500,0.4,-11,-41.778,-57.5,-10.778
S1,0,136,1051443388,CQ Q1ABC FN42,1500,0.4,-11,-41.848,-57,-11.348
S1,0,137,2139489256,CQ Q1ABC FN42,1500,0.32,-11,-41.778,-57,-11.278
S1,0,138,605244556,CQ Q1ABC FN42,1500,0.32,-11,-40.753,-56,-11.253
S1,0,139,926237709,CQ Q1ABC FN42,1500,0.32,-11,-41.563,-57,-11.063
S1,0,140,840518899,CQ Q1ABC FN42,1500,0.32,-11,-40.911,-56.5,-10.911
S1,0,141,621178131,CQ Q1ABC FN42,1500,0.32,-11,-41.437,-57,-10.937
S1,0,142,2126198097,CQ Q1ABC FN42,1500,0.4,-11,-40.589,-56,-11.089
S1,0,142,2126198097,<RDCTM535> <RDCTM624> R IR34,2288,1.92,-26,-55.709,-56,-26.209
S1,0,143,2046330321,CQ Q1ABC FN42,1500,0.4,-11,-41.506,-57,-11.006
S1,0,144,1009366809,CQ Q1ABC FN42,1500,0.4,-11,-40.443,-56,-10.943
S1,0,145,440486523,CQ Q1ABC FN42,1500,0.4,-11,-41.234,-56.5,-11.234
S1,0,146,1659306237,CQ Q1ABC FN42,1500,0.32,-11,-41.734,-57,-11.234
S1,0,147,571597019,CQ Q1ABC FN42,1500,0.32,-11,-41.399,-57,-10.899
S1,0,148,1517760940,CQ Q1ABC FN42,1500,0.32,-11,-40.741,-56,-11.241
S1,0,148,1517760940,0AC430C23C908588C7,2897,-1.04,-27,-56.722,-56,-27.222
S1,0,149,1368708717,CQ Q1ABC FN42,1500,0.32,-11,-41.304,-57,-10.804
S1,0,150,739055226,CQ Q1ABC FN42,1500,0.32,-11,-41.627,-57,-11.127
S1,0,151,938422698,CQ Q1ABC FN42,1500,0.32,-11,-40.709,-56.5,-10.709
S1,0,152,730873768,CQ Q1ABC FN42,1500,0.32,-11,-41.253,-56.5,-11.253
S1,0,153,844594382,CQ Q1ABC FN42,1500,0.32,-11,-40.386,-56,-10.886
S1,0,154,577413716,CQ Q1ABC FN42,1500,0.4,-11,-41.829,-57,-11.329
S1,0,155,881531734,CQ Q1ABC FN42,1500,0.32,-11,-41.949,-57.5,-10.949
S1,0,156,1299167586,CQ Q1ABC FN42,1500,0.32,-11,-41.677,-57,-11.177
S1,0,157,1135366779,CQ Q1ABC FN42,1500,0.4,-11,-40.905,-56,-11.405
S1,0,157,1135366779,2FSH6YOH2VJ <...>,1291,-0.16,-27,-56.096,-56,-26.596
S1,0,158,1599795264,CQ Q1ABC FN42,1500,0.4,-11,-41.19,-57,-10.69
S1,0,159,1524375535,CQ Q1ABC FN42,1500,0.4,-11,-40.823,-56.5,-10.823
S1,0,160,1062097379,CQ Q1ABC FN42,1500,0.32,-11,-41.209,-56.5,-11.209
S1,0,161,1954268681,CQ Q1ABC FN42,1500,0.32,-11,-42.196,-57.5,-11.196
S1,0,162,228403461,CQ Q1ABC FN42,1500,0.32,-11,-41.222,-56.5,-11.222
S1,0,163,187672520,CQ Q1ABC FN42,1500,0.32,-11,-41.715,-57,-11.215
S1,0,164,706590964,CQ Q1ABC FN42,1500,0.32,-11,-41.215,-56.5,-11.215
S1,0,165,1116812814,CQ Q1ABC FN42,1500,0.4,-11,-41.804,-57,-11.304
S1,0,165,1116812814,<RDCTM140> <RDCTM49>/R PQ89,1953,-1.2,-26,-57.43,-57.5,-26.43
S1,0,165,1116812814,<RDCTM324>/P <RDCTM77> R RO33,1738,-1.12,-26,-57.479,-57.5,-26.479
S1,0,166,863782936,CQ Q1ABC FN42,1500,0.4,-11,-41.456,-56.5,-11.456
S1,0,167,1871761732,CQ Q1ABC FN42,1500,0.32,-11,-41.089,-56.5,-11.089
S1,0,168,546168556,CQ Q1ABC FN42,1500,0.4,-11,-41.899,-57.5,-10.899
S1,0,169,567012362,CQ Q1ABC FN42,1500,0.32,-11,-41.582,-57,-11.082
S1,0,169,567012362,CQ <...>,1263,-1.36,-27,-57.6,-57,-27.1
S1,0,170,673088348,CQ Q1ABC FN42,1500,0.4,-11,-41.449,-57,-10.949
S1,0,171,474178055,CQ Q1ABC FN42,1500,0.4,-11,-40.943,-56.5,-10.943
S1,0,171,474178055,<...> ZI4 QLVHOIF 73,763,-1.12,-26,-56.118,-56.5,-26.118
S1,0,172,866510703,CQ Q1ABC FN42,1500,0.4,-11,-41.108,-56.5,-11.108
S1,0,173,143334489,CQ Q1ABC FN42,1500,0.4,-11,-41.304,-56.5,-11.304
S1,0,174,536698405,CQ Q1ABC FN42,1500,0.32,-11,-41.715,-57,-11.215
S1,0,175,697155301,CQ Q1ABC FN42,1500,0.32,-11,-40.937,-56.5,-10.937
S1,0,175,697155301,<RDCTM722>/R 727KMO R+G9,500,-1.04,-27,-57.292,-56.5,-27.292
S1,0,176,1150671376,CQ Q1ABC FN42,1500,0.4,-11,-41.715,-57.5,-10.715
S1,0,177,47942316,CQ Q1ABC FN42,1500,0.4,-11,-41.987,-57,-11.487
S1,0,178,2069827866,CQ Q1ABC FN42,1500,0.4,-11,-42.215,-57.5,-11.215
S1,0,179,722325406,CQ Q1ABC FN42,1500,0.4,-11,-41.5,-57,-11
S1,0,180,1220972068,CQ Q1ABC FN42,1500,0.32,-11,-40.823,-56.5,-10.823
S1,0,181,1064266465,CQ Q1ABC FN42,1500,0.32,-11,-41.589,-57,-11.089
S1,0,182,1916318669,CQ Q1ABC FN42,1500,0.32,-11,-41.209,-57,-10.709
S1,0,183,1641913196,CQ Q1ABC FN42,1500,0.32,-11,-41.589,-57,-11.089
S1,0,184,970314883,CQ Q1ABC FN42,1500,0.32,-11,-41.88,-57,-11.38
S1,0,185,359169302,CQ Q1ABC FN42,1500,0.4,-11,-41.38,-57,-10.88
S1,0,186,833078534,CQ Q1ABC FN42,1500,0.4,-11,-41.601,-57.5,-10.601
S1,0,187,2016400864,CQ Q1ABC FN42,1500,0.4,-11,-42.335,-57.5,-11.335
S1,0,188,1220561475,CQ Q1ABC FN42,1500,0.4,-11,-41.361,-57,-10.861
S1,0,189,1046686516,CQ Q1ABC FN42,1500,0.4,-11,-41.253,-57,-10.753
S1,0,190,2093321908,CQ Q1ABC FN42,1500,0.32,-11,-40.911,-56,-11.411
S1,0,191,84308200,CQ Q1ABC FN42,1500,0.32,-11,-41.677,-57,-11.177
S1,0,192,169958292,CQ Q1ABC FN42,1500,0.32,-11,-41.12,-57,-10.62
S1,0,193,1696162142,CQ Q1ABC FN42,1500,0.32,-11,-42.032,-57.5,-11.032
S1,0,194,1160438396,CQ Q1ABC FN42,1500,0.4,-11,-41.038,-56.5,-11.038
S1,0,195,208430174,CQ Q1ABC FN42,1500,0.4,-11,-41.595,-57,-11.095
S1,0,195,208430174,CQ YBVW 772VHB OA60,2678,-1.6,-27,-57.297,-57,-26.797
S1,0,196,1749872998,CQ Q1ABC FN42,1500,0.32,-11,-41.19,-56.5,-11.19
S1,0,197,2035699112,CQ Q1ABC FN42,1500,0.32,-11,-41.981,-57.5,-10.981
S1,0,198,667939806,CQ Q1ABC FN42,1500,0.32,-11,-41.171,-56.5,-11.171
S1,0,199,853061571,CQ Q1ABC FN42,1500,0.4,-11,-41.158,-56.5,-11.158
S1,0,200,661814622,CQ Q1ABC FN42,1500,0.32,-11,-41.671,-57,-11.171
S1,0,201,1200482546,CQ Q1ABC FN42,1500,0.32,-11,-41.158,-56.5,-11.158
S1,0,202,1890593633,CQ Q1ABC FN42,1500,0.32,-11,-40.753,-56.5,-10.753
S1,0,203,1440144465,CQ Q1ABC FN42,1500,0.32,-11,-41.165,-56.5,-11.165
S1,0,204,1440189980,CQ Q1ABC FN42,1500,0.32,-11,-42.266,-57.5,-11.266
S1,0,205,1715861195,CQ Q1ABC FN42,1500,0.32,-11,-41.253,-56.5,-11.253
S1,0,206,659364739,CQ Q1ABC FN42,1500,0.4,-11,-41.025,-56.5,-11.025
S1,0,207,1331441208,CQ Q1ABC FN42,1500,0.32,-11,-40.487,-56,-10.987
S1,0,208,373413675,CQ Q1ABC FN42,1500,0.32,-11,-40.696,-56,-11.196
S1,0,209,1707355261,CQ Q1ABC FN42,1500,0.4,-11,-41.291,-56.5,-11.291
S1,0,210,685597205,CQ Q1ABC FN42,1500,0.32,-11,-41.639,-57,-11.139
S1,0,211,2053312941,CQ Q1ABC FN42,1500,0.4,-11,-40.88,-56.5,-10.88
S1,0,212,814569041,CQ Q1ABC FN42,1500,0.32,-11,-40.905,-56.5,-10.905
S1,0,213,692549999,CQ Q1ABC FN42,1500,0.4,-11,-41.576,-57,-11.076
S1,0,213,692549999,PAS2/3PIW96 <2648HKJOI7Q> RRR,950,-0.88,-27,-57.185,-57,-26.685
S1,0,214,1851973904,CQ Q1ABC FN42,1500,0.32,-11,-41.481,-57,-10.981
S1,0,214,1851973904,48933A66E00399A195,1369,2.64,-26,-56.461,-56.5,-26.461
S1,0,215,1728442186,CQ Q1ABC FN42,1500,0.4,-11,-41.133,-56.5,-11.133
S1,0,216,1142154578,CQ Q1ABC FN42,1500,0.4,-11,-41.272,-56.5,-11.272
S1,0,216,1142154578,<RDCTM766>/R <RDCTM651> F OQ60,2281,3.04,-26,-56,-57,-25.5
S1,0,217,417272405,CQ Q1ABC FN42,1500,0.32,-11,-41.291,-56.5,-11.291
S1,0,218,1095173629,CQ Q1ABC FN42,1500,0.32,-11,-41.696,-57,-11.196
S1,0,219,1631592692,CQ Q1ABC FN42,1500,0.4,-11,-41.791,-57.5,-10.791
S1,0,220,882891859,CQ Q1ABC FN42,1500,0.4,-11,-41.671,-57,-11.171
S1,0,221,1020818018,CQ Q1ABC FN42,1500,0.4,-11,-40.949,-56.5,-10.949
S1,0,222,1291389670,CQ Q1ABC FN42,1500,0.4,-11,-41.551,-57,-11.051
S1,0,222,1291389670,<RDCTM730>/R <RDCTM251>/R HC05,1488,2.8,-23,-53.809,-57,-23.309
S1,0,223,1537509095,CQ Q1ABC FN42,1500,0.32,-11,-41.437,-56.5,-11.437
S1,0,224,2045378894,CQ Q1ABC FN42,1500,0.4,-11,-41.475,-57,-10.975
S1,0,224,2045378894,I9DTI6UH734OG,1503,0.4,-21,-51.905,-57,-21.405
S1,0,225,28644454,CQ Q1ABC FN42,1500,0.4,-11,-41.519,-57,-11.019
S1,0,225,28644454,<...> 2F8ZP1JGH0 73,1713,-0.8,-27,-57.426,-57,-26.926
S1,0,226,1357892997,CQ Q1ABC FN42,1500,0.4,-11,-41.443,-57,-10.943
S1,0,227,1110201886,CQ Q1ABC FN42,1500,0.4,-11,-41.671,-57,-11.171
S1,0,228,1456963191,CQ Q1ABC FN42,1500,0.32,-11,-40.747,-56,-11.247
S1,0,228,1456963191,<...> 796IOX R OH86,884,-0.88,-27,-57.37,-56.5,-27.37
S1,0,229,1962662161,CQ Q1ABC FN42,1500,0.4,-11,-41.956,-57.5,-10.956
S1,0,229,1962662161,CQ VGV  3XE9UEM R KM50,1988,-1.52,-28,-59.13,-57.5,-28.13
S1,0,229,1962662161,CQ <...>,2175,1.44,-27,-57.747,-57.5,-26.747
S1,1,0,1915168523,CQ Q1ABC FN42,1500,0.32,-7,-37.835,-57,-7.335
S1,1,1,1105300121,CQ Q1ABC FN42,1500,0.32,-7,-37.892,-57,-7.392
S1,1,2,1345625016,CQ Q1ABC FN42,1500,0.4,-7,-37.329,-57,-6.829
S1,1,2,1345625016,CQ 3T8PZSLAZ7J,1497,0.32,-18,-48.905,-57,-18.405
S1,1,3,326758647,CQ Q1ABC FN42,1500,0.4,-7,-36.487,-56,-6.987
S1,1,4,370219933,CQ Q1ABC FN42,1500,0.32,-7,-37.38,-56.5,-7.38
S1,1,5,1953771900,CQ Q1ABC FN42,1500,0.4,-7,-37.715,-57,-7.215
S1,1,6,502753508,CQ Q1ABC FN42,1500,0.32,-7,-37.823,-57,-7.323
S1,1,7,1424923858,CQ Q1ABC FN42,1500,0.32,-7,-38.924,-58.5,-6.924
S1,1,8,1903907853,CQ Q1ABC FN42,1500,0.4,-7,-36.728,-56,-7.228
S1,1,9,1125537016,CQ Q1ABC FN42,1500,0.32,-7,-36.956,-56,-7.456
S1,1,10,276603344,CQ Q1ABC FN42,1500,0.32,-7,-38.449,-58,-6.949
S1,1,10,276603344,<RDCTM487>/P <RDCTM360> R GM32,2650,-1.12,-26,-57.708,-58,-26.208
S1,1,11,570957097,CQ Q1ABC FN42,1500,0.4,-8,-37.519,-56.5,-7.519
S1,1,12,99048744,CQ Q1ABC FN42,1500,0.32,-7,-37.652,-57,-7.152
S1,1,13,288341828,CQ Q1ABC FN42,1500,0.32,-8,-37.025,-56,-7.525
S1,1,14,1700244473,CQ Q1ABC FN42,1500,0.32,-7,-37.494,-56.5,-7.494
S1,1,14,1700244473,CQ 9MQJ2H/<RDCTM275>,1497,0.32,-19,-49.158,-56.5,-19.158
S1,1,15,146309123,CQ Q1ABC FN42,1500,0.32,-7,-37.437,-56.5,-7.437
S1,1,16,690315477,CQ Q1ABC FN42,1500,0.32,-7,-37.703,-57,-7.203
S1,1,17,1195265261,CQ Q1ABC FN42,1500,0.32,-7,-37.278,-56.5,-7.278
S1,1,17,1195265261,960GF A40RHB/R R FO32,2631,-1.28,-27,-56.655,-56.5,-26.655
S1,1,18,252266997,CQ Q1ABC FN42,1500,0.4,-7,-37.354,-57,-6.854
S1,1,19,1323151804,CQ Q1ABC FN42,1500,0.32,-7,-37.285,-56.5,-7.285
S1,1,20,955046557,CQ Q1ABC FN42,1500,0.4,-7,-37.589,-57,-7.089
S1,1,21,57776473,CQ Q1ABC FN42,1500,0.32,-7,-36.994,-56,-7.494
S1,1,22,939505363,CQ Q1ABC FN42,1500,0.32,-7,-37.316,-56.5,-7.316
S1,1,23,475055336,CQ Q1ABC FN42,1500,0.32,-7,-37.07,-56.5,-7.07
S1,1,24,74544321,CQ Q1ABC FN42,1500,0.32,-7,-37.456,-56.5,-7.456
S1,1,25,2132912801,CQ Q1ABC FN42,1500,0.32,-7,-38.013,-57.5,-7.013
S1,1,26,1417445009,CQ Q1ABC FN42,1500,0.4,-7,-37.323,-56.5,-7.323
S1,1,27,721397295,CQ Q1ABC FN42,1500,0.4,-7,-36.956,-56.5,-6.956
S1,1,28,1319081373,CQ Q1ABC FN42,1500,0.32,-7,-37.196,-56.5,-7.196
S1,1,29,1013104638,CQ Q1ABC FN42,1500,0.32,-7,-37.272,-56.5,-7.272
S1,1,29,1013104638,<...> E82QVO R JC47,2519,-1.52,-27,-56.768,-56.5,-26.768
S1,1,30,1209538956,CQ Q1ABC FN42,1500,0.4,-7,-37.247,-56.5,-7.247
S1,1,30,1209538956,P79XNG <RDCTM627>/P R NE98,1503,0.4,-19,-49.285,-56.5,-19.285
S1,1,31,159240622,CQ Q1ABC FN42,1500,0.32,-8,-38.025,-57,-7.525
S1,1,32,1366191186,CQ Q1ABC FN42,1500,0.4,-7,-38.437,-57.5,-7.437
S1,1,33,1173512911,CQ Q1ABC FN42,1500,0.32,-8,-37.595,-56.5,-7.595
S1,1,33,1173512911,CQ <RDCTM151> XIB14,1497,0.4,-19,-49.715,-57,-19.215
S1,1,34,520728631,CQ Q1ABC FN42,1500,0.4,-7,-37.228,-56.5,-7.228
S1,1,35,1897959174,CQ Q1ABC FN42,1500,0.32,-7,-37.006,-56.5,-7.006
S1,1,36,1151467874,CQ Q1ABC FN42,1500,0.32,-8,-37.608,-56.5,-7.608
S1,1,37,241556474,CQ Q1ABC FN42,1500,0.32,-7,-37.241,-56.5,-7.241
S1,1,38,1229489567,CQ Q1ABC FN42,1500,0.32,-7,-37.494,-56.5,-7.494
S1,1,38,1229489567,<RDCTM288>/R <RDCTM10> R RG25,2309,-0.8,-27,-56.811,-56.5,-26.811
S1,1,39,42667988,CQ Q1ABC FN42,1500,0.32,-7,-37.12,-56.5,-7.12
S1,1,40,891055420,CQ Q1ABC FN42,1500,0.4,-7,-37.266,-56.5,-7.266
S1,1,41,952768312,CQ Q1ABC FN42,1500,0.4,-7,-37.753,-57.5,-6.753
S1,1,42,532809527,CQ Q1ABC FN42,1500,0.32,-7,-37.557,-57,-7.057
S1,1,43,2083911899,CQ Q1ABC FN42,1500,0.32,-7,-37.424,-57,-6.924
S1,1,44,530191148,CQ Q1ABC FN42,1500,0.4,-7,-37.81,-57,-7.31
S1,1,44,530191148,<...> A3WO4RSE9J8 RR73,1497,0.32,-20,-50.247,-57,-19.747
S1,1,45,1700873346,CQ Q1ABC FN42,1500,0.32,-7,-37.285,-56.5,-7.285
S1,1,46,1598137596,CQ Q1ABC FN42,1500,0.32,-7,-38.589,-58,-7.089
S1,1,47,1878806368,CQ Q1ABC FN42,1500,0.32,-7,-36.633,-56,-7.133
S1,1,48,889681677,CQ Q1ABC FN42,1500,0.32,-7,-37.753,-57,-7.253
S1,1,49,1550903608,CQ Q1ABC FN42,1500,0.4,-7,-37.373,-56.5,-7.373
S1,1,50,583678124,CQ Q1ABC FN42,1500,0.32,-7,-37.639,-57,-7.139
S1,1,51,2139961771,CQ Q1ABC FN42,1500,0.32,-7,-37.703,-57,-7.203
S1,1,51,2139961771,<...> 5W NYH/5K29,588,1.28,-27,-57.316,-57,-26.816
S1,1,52,1720060904,CQ Q1ABC FN42,1500,0.4,-7,-37.266,-56.5,-7.266
S1,1,53,1144318352,CQ Q1ABC FN42,1500,0.32,-7,-37.709,-57,-7.209
S1,1,54,982902115,CQ Q1ABC FN42,1500,0.4,-7,-37.209,-56.5,-7.209
S1,1,54,982902115,E60RVX <RDCTM179> R GA24,1750,-1.12,-27,-56.951,-56.5,-26.951
S1,1,55,577085511,CQ Q1ABC FN42,1500,0.32,-7,-37.177,-56.5,-7.177
S1,1,56,1503772745,CQ Q1ABC FN42,1500,0.32,-7,-37.215,-56.5,-7.215
S1,1,57,500642319,CQ Q1ABC FN42,1500,0.32,-7,-37.658,-57,-7.158
S1,1,58,1229091888,CQ Q1ABC FN42,1500,0.4,-7,-37.595,-57,-7.095
S1,1,59,1143602517,CQ Q1ABC FN42,1500,0.4,-7,-37.867,-57,-7.367
S1,1,60,1177603367,CQ Q1ABC FN42,1500,0.4,-7,-37.715,-57,-7.215
S1,1,61,296486817,CQ Q1ABC FN42,1500,0.4,-7,-38.228,-57.5,-7.228
S1,1,62,2006226405,CQ Q1ABC FN42,1500,0.32,-7,-36.892,-56,-7.392
S1,1,63,1496254130,CQ Q1ABC FN42,1500,0.4,-7,-37.342,-56.5,-7.342
S1,1,64,1287756308,CQ Q1ABC FN42,1500,0.32,-7,-36.848,-56,-7.348
S1,1,65,483467429,CQ Q1ABC FN42,1500,0.32,-7,-37.462,-57,-6.962
S1,1,66,1902898068,CQ Q1ABC FN42,1500,0.4,-7,-37.462,-56.5,-7.462
S1,1,67,1939019940,CQ Q1ABC FN42,1500,0.32,-7,-37.234,-56.5,-7.234
S1,1,68,1616762213,CQ Q1ABC FN42,1500,0.32,-7,-38.449,-58,-6.949
S1,1,69,1609361721,CQ Q1ABC FN42,1500,0.32,-7,-37.601,-57,-7.101
S1,1,70,849514078,CQ Q1ABC FN42,1500,0.4,-8,-37.513,-56.5,-7.513
S1,1,70,849514078,CQ M8AIJX2L0M,1497,0.4,-19,-49.101,-56.5,-19.101
S1,1,71,1971381153,CQ Q1ABC FN42,1500,0.4,-7,-37.899,-57.5,-6.899
S1,1,72,1299312261,CQ Q1ABC FN42,1500,0.32,-7,-37.335,-56.5,-7.335
S1,1,72,1299312261,CQ 8GTTRWH/QLS,1497,0.32,-20,-49.5,-56.5,-19.5
S1,1,72,1299312261,GA3 MX/R 67SCX R FD15,1056,-0.88,-27,-57.151,-56.5,-27.151
S1,1,73,1635737692,CQ Q1ABC FN42,1500,0.32,-7,-37.886,-57,-7.386
S1,1,74,2145223982,CQ Q1ABC FN42,1500,0.4,-7,-37.753,-57,-7.253
S1,1,75,457194120,CQ Q1ABC FN42,1500,0.4,-7,-38.247,-57.5,-7.247
S1,1,76,2146191176,CQ Q1ABC FN42,1500,0.32,-7,-37.038,-56.5,-7.038
S1,1,77,1314307555,CQ Q1ABC FN42,1500,0.32,-8,-38.646,-57.5,-7.646
S1,1,78,1456006752,CQ Q1ABC FN42,1500,0.32,-7,-36.93,-56,-7.43
S1,1,79,956072702,CQ Q1ABC FN42,1500,0.4,-7,-37.215,-56.5,-7.215
S1,1,80,265932235,CQ Q1ABC FN42,1500,0.4,-7,-37.278,-56.5,-7.278
S1,1,81,2028043878,CQ Q1ABC FN42,1500,0.32,-7,-37.652,-57,-7.152
S1,1,82,942757458,CQ Q1ABC FN42,1500,0.32,-7,-37.778,-57,-7.278
S1,1,82,942757458,CQ EFE3GK9LZWT,1497,0.32,-18,-48.639,-57,-18.139
S1,1,83,1259478654,CQ Q1ABC FN42,1500,0.32,-7,-37.285,-56.5,-7.285
S1,1,84,47163201,CQ Q1ABC FN42,1500,0.4,-7,-37.259,-56.5,-7.259
S1,1,84,47163201,CQ I2ZETMK3RNK,1497,0.4,-19,-49.278,-56.5,-19.278
S1,1,84,47163201,<...> <RDCTM463>/<RDCTM778> RR73,2688,-1.6,-27,-56.739,-56.5,-26.739
S1,1,85,374030654,CQ Q1ABC FN42,1500,0.4,-7,-37.684,-57,-7.184
S1,1,86,280569663,CQ Q1ABC FN42,1500,0.4,-7,-37.259,-56.5,-7.259
S1,1,87,1813996886,CQ Q1ABC FN42,1500,0.32,-7,-37.367,-56.5,-7.367
S1,1,87,1813996886,CQ <A3WO4RSE9J8>,1963,-0.88,-26,-56.158,-56.5,-26.158
S1,1,88,112787198,CQ Q1ABC FN42,1500,0.32,-7,-37.848,-57,-7.348
S1,1,89,164339434,CQ Q1ABC FN42,1500,0.4,-7,-37.475,-57,-6.975
S1,1,90,581268600,CQ Q1ABC FN42,1500,0.32,-7,-36.949,-56.5,-6.949
S1,1,91,1068716158,CQ Q1ABC FN42,1500,0.32,-7,-37.627,-57,-7.127
S1,1,92,1291293241,CQ Q1ABC FN42,1500,0.32,-7,-37.449,-56.5,-7.449
S1,1,93,55901904,CQ Q1ABC FN42,1500,0.4,-7,-36.987,-56.5,-6.987
S1,1,93,55901904,CQ 4F5ZULK860U,1497,0.4,-19,-48.684,-56.5,-18.684
S1,1,94,859602359,CQ Q1ABC FN42,1500,0.4,-7,-37.563,-57,-7.063
S1,1,95,1757016496,CQ Q1ABC FN42,1500,0.32,-7,-36.747,-56,-7.247
S1,1,96,742307213,CQ Q1ABC FN42,1500,0.4,-7,-38.158,-57.5,-7.158
S1,1,96,742307213,CQ OP37A7MEARW,1497,0.4,-19,-49.703,-57.5,-18.703
S1,1,97,753733352,CQ Q1ABC FN42,1500,0.32,-8,-38.057,-57,-7.557
S1,1,98,775212467,CQ Q1ABC FN42,1500,0.32,-7,-37.348,-56.5,-7.348
S1,1,98,775212467,CQ 9OSEBUW0S0U,1497,0.32,-18,-48.253,-56.5,-18.253
S1,1,99,805820402,CQ Q1ABC FN42,1500,0.32,-7,-36.753,-56,-7.253
S1,1,100,889341719,CQ Q1ABC FN42,1500,0.32,-7,-37.956,-57,-7.456
S1,1,101,957880304,CQ Q1ABC FN42,1500,0.32,-7,-36.722,-56,-7.222
S1,1,101,957880304,102900FCB281682506,2206,-1.52,-27,-56.014,-56,-26.514
S1,1,102,1931626847,CQ Q1ABC FN42,1500,0.32,-7,-36.937,-56.5,-6.937
S1,1,103,816542037,CQ Q1ABC FN42,1500,0.32,-7,-38.006,-57.5,-7.006
S1,1,104,1978060333,CQ Q1ABC FN42,1500,0.4,-7,-38.652,-58,-7.152
S1,1,105,1596661734,CQ Q1ABC FN42,1500,0.4,-7,-38.411,-57.5,-7.411
S1,1,106,1944755486,CQ Q1ABC FN42,1500,0.4,-7,-37.089,-56.5,-7.089
S1,1,107,2115387696,CQ Q1ABC FN42,1500,0.32,-7,-37.411,-56.5,-7.411
S1,1,108,1965676218,CQ Q1ABC FN42,1500,0.32,-7,-37.43,-56.5,-7.43
S1,1,108,1965676218,<...> 5HLNHD19AV4 RRR,1122,-1.28,-27,-57.028,-56.5,-27.028
S1,1,109,218447785,CQ Q1ABC FN42,1500,0.4,-7,-37.848,-57.5,-6.848
S1,1,110,2118759503,CQ Q1ABC FN42,1500,0.32,-7,-37.032,-56.5,-7.032
S1,1,110,2118759503,<RDCTM666> <RDCTM638>/R R GR92,1169,2.32,-26,-56.316,-56.5,-26.316
S1,1,111,1711562648,CQ Q1ABC FN42,1500,0.32,-7,-37.443,-56.5,-7.443
S1,1,112,282518351,CQ Q1ABC FN42,1500,0.4,-7,-37.07,-56.5,-7.07
S1,1,113,663139176,CQ Q1ABC FN42,1500,0.32,-7,-36.867,-56,-7.367
S1,1,114,1256368334,CQ Q1ABC FN42,1500,0.4,-7,-37.089,-56.5,-7.089
S1,1,115,1623194397,CQ Q1ABC FN42,1500,0.4,-7,-37.728,-57,-7.228
S1,1,116,1892918409,CQ Q1ABC FN42,1500,0.4,-7,-37.006,-56.5,-7.006
S1,1,117,13517106,CQ Q1ABC FN42,1500,0.32,-7,-37.367,-56.5,-7.367
S1,1,118,1444196791,CQ Q1ABC FN42,1500,0.32,-7,-38.215,-57.5,-7.215
S1,1,119,591687222,CQ Q1ABC FN42,1500,0.32,-7,-37.259,-56.5,-7.259
S1,1,119,591687222,CQ LZGSM HOSMG,1497,0.4,-17,-47.272,-56.5,-17.272
S1,1,120,1393074063,CQ Q1ABC FN42,1500,0.32,-7,-37.329,-56.5,-7.329
S1,1,121,2102607209,CQ Q1ABC FN42,1500,0.32,-7,-37.386,-57,-6.886
S1,1,122,998138427,CQ Q1ABC FN42,1500,0.4,-7,-38.411,-57.5,-7.411
S1,1,122,998138427,CQ //6MWCGGG5O,1497,0.4,-20,-50.924,-57.5,-19.924
S1,1,123,1067780800,CQ Q1ABC FN42,1500,0.4,-7,-37.399,-56.5,-7.399
S1,1,124,2082280165,CQ Q1ABC FN42,1500,0.32,-7,-37.652,-57,-7.152
S1,1,125,2134743498,CQ Q1ABC FN42,1500,0.4,-7,-39.456,-59,-6.956
S1,1,126,453850187,CQ Q1ABC FN42,1500,0.4,-7,-37.361,-56.5,-7.361
S1,1,126,453850187,F48WVK/R <...> R JM00,600,-0.16,-26,-56.321,-56.5,-26.321
S1,1,127,1221500358,CQ Q1ABC FN42,1500,0.4,-7,-37.57,-57,-7.07
S1,1,128,304551593,CQ Q1ABC FN42,1500,0.32,-7,-37.177,-56.5,-7.177
S1,1,129,1933178931,CQ Q1ABC FN42,1500,0.4,-7,-36.968,-56.5,-6.968
S1,1,130,628976673,CQ Q1ABC FN42,1500,0.4,-7,-37.203,-56.5,-7.203
S1,1,130,628976673,<RDCTM368>/P NS2 WU R CD90,1300,-1.52,-26,-56.174,-56.5,-26.174
S1,1,131,132094736,CQ Q1ABC FN42,1500,0.32,-7,-37.892,-57,-7.392
S1,1,132,1585787070,CQ Q1ABC FN42,1500,0.32,-7,-37.329,-56.5,-7.329
S1,1,133,673205843,CQ Q1ABC FN42,1500,0.32,-7,-37.671,-57,-7.171
S1,1,134,64635709,CQ Q1ABC FN42,1500,0.4,-7,-37.418,-56.5,-7.418
S1,1,134,64635709,<...> <RDCTM75> R QG62,1384,-1.36,-28,-58.014,-56.5,-28.014
S1,1,135,1053824424,CQ Q1ABC FN42,1500,0.32,-7,-37.456,-57,-6.956
S1,1,136,45832242,CQ Q1ABC FN42,1500,0.32,-7,-37.943,-57,-7.443
S1,1,137,1159163091,CQ Q1ABC FN42,1500,0.4,-7,-37.032,-56.5,-7.032
S1,1,138,1275577065,CQ Q1ABC FN42,1500,0.32,-7,-37.386,-56.5,-7.386
S1,1,139,1204711696,CQ Q1ABC FN42,1500,0.32,-7,-37.5,-57,-7
S1,1,140,1792466273,CQ Q1ABC FN42,1500,0.32,-7,-37.228,-56.5,-7.228
S1,1,140,1792466273,3XW5 AY/R <RDCTM22>/R R BP67,2313,-0.88,-27,-56.774,-56.5,-26.774
S1,1,141,1434530526,CQ Q1ABC FN42,1500,0.32,-8,-37.57,-56.5,-7.57
S1,1,142,1548678,CQ Q1ABC FN42,1500,0.32,-8,-37.5,-56.5,-7.5
S1,1,143,1670786685,CQ Q1ABC FN42,1500,0.4,-7,-37.203,-56.5,-7.203
S1,1,144,1673893994,CQ Q1ABC FN42,1500,0.32,-7,-37.772,-57,-7.272
S1,1,145,8725128,CQ Q1ABC FN42,1500,0.32,-7,-37.411,-57,-6.911
S1,1,146,1194162560,CQ Q1ABC FN42,1500,0.4,-7,-36.937,-56.5,-6.937
S1,1,147,1026164551,CQ Q1ABC FN42,1500,0.32,-7,-37.576,-57,-7.076
S1,1,148,801970240,CQ Q1ABC FN42,1500,0.32,-7,-37.209,-56.5,-7.209
S1,1,149,658291641,CQ Q1ABC FN42,1500,0.32,-7,-37.12,-56.5,-7.12
S1,1,149,658291641,CQ L  PPRF5Y5K,1497,0.4,-18,-48.475,-56.5,-18.475
S1,1,150,565968370,CQ Q1ABC FN42,1500,0.4,-7,-37.43,-57,-6.93
S1,1,151,237905786,CQ Q1ABC FN42,1500,0.32,-7,-37.867,-57,-7.367
S1,1,152,1613264525,CQ Q1ABC FN42,1500,0.32,-7,-37.196,-56.5,-7.196
S1,1,153,1799050228,CQ Q1ABC FN42,1500,0.32,-7,-37.646,-57,-7.146
S1,1,154,1631967575,CQ Q1ABC FN42,1500,0.32,-7,-37.177,-56.5,-7.177
S1,1,154,1631967575,CQ 3PWW77KMLXZ,1497,0.32,-18,-48.487,-56.5,-18.487
S1,1,155,1890687643,CQ Q1ABC FN42,1500,0.32,-7,-37.108,-56.5,-7.108
S1,1,156,93377319,CQ Q1ABC FN42,1500,0.32,-7,-37.354,-56.5,-7.354
S1,1,157,28003901,CQ Q1ABC FN42,1500,0.4,-7,-37.728,-57,-7.228
S1,1,157,28003901,CQ <...>,2944,-1.44,-27,-57.943,-57,-27.443
S1,1,158,2103881948,CQ Q1ABC FN42,1500,0.4,-7,-37.987,-57.5,-6.987
S1,1,159,175637756,CQ Q1ABC FN42,1500,0.32,-7,-37.272,-56.5,-7.272
S1,1,160,714980229,CQ Q1ABC FN42,1500,0.32,-7,-38.07,-57.5,-7.07
S1,1,161,330558475,CQ Q1ABC FN42,1500,0.4,-7,-37.816,-57,-7.316
S1,1,162,1112016015,CQ Q1ABC FN42,1500,0.4,-7,-37.241,-56.5,-7.241
S1,1,163,123378668,CQ Q1ABC FN42,1500,0.4,-7,-37.563,-57,-7.063
S1,1,164,959440518,CQ Q1ABC FN42,1500,0.4,-7,-36.962,-56.5,-6.962
S1,1,164,959440518,<RDCTM386>/R Z61GZD/R KK74,1494,-0.8,-20,-49.554,-56.5,-19.554
S1,1,165,493741951,CQ Q1ABC FN42,1500,0.32,-7,-38.165,-57.5,-7.165
S1,1,166,1309571885,CQ Q1ABC FN42,1500,0.4,-7,-37.544,-57,-7.044
S1,1,167,1762578185,CQ Q1ABC FN42,1500,0.32,-7,-37.101,-56.5,-7.101
S1,1,168,1920467468,CQ Q1ABC FN42,1500,0.32,-7,-37.241,-56.5,-7.241
S1,1,169,2073879811,CQ Q1ABC FN42,1500,0.32,-7,-37.43,-56.5,-7.43
S1,1,169,2073879811,I91UQZ/R <RDCTM679>/R OJ46,466,-1.04,-26,-56.292,-56.5,-26.292
S1,1,170,1908230723,CQ Q1ABC FN42,1500,0.32,-7,-37.665,-57,-7.165
S1,1,171,1659504813,CQ Q1ABC FN42,1500,0.4,-8,-37.19,-56,-7.69
S1,1,172,1981909354,CQ Q1ABC FN42,1500,0.32,-7,-37.329,-56.5,-7.329
S1,1,173,2113732949,CQ Q1ABC FN42,1500,0.4,-7,-37.19,-56.5,-7.19
S1,1,174,1799630713,CQ Q1ABC FN42,1500,0.32,-7,-37.297,-56.5,-7.297
S1,1,175,1851830652,CQ Q1ABC FN42,1500,0.32,-7,-37.373,-56.5,-7.373
S1,1,176,2003320716,CQ Q1ABC FN42,1500,0.32,-7,-38.215,-57.5,-7.215
S1,1,177,480523240,CQ Q1ABC FN42,1500,0.32,-7,-37.038,-56.5,-7.038
S1,1,178,734146351,CQ Q1ABC FN42,1500,0.4,-7,-38.247,-57.5,-7.247
S1,1,179,1971073964,CQ Q1ABC FN42,1500,0.32,-7,-37.253,-56.5,-7.253
S1,1,180,2040055631,CQ Q1ABC FN42,1500,0.32,-7,-37.291,-57,-6.791
S1,1,180,2040055631,097-CVCR1 DF/,2528,-1.6,-26,-56.978,-57,-26.478
S1,1,181,948591121,CQ Q1ABC FN42,1500,0.4,-7,-37.19,-56.5,-7.19
S1,1,182,1963539831,CQ Q1ABC FN42,1500,0.32,-7,-37.43,-56.5,-7.43
S1,1,183,1972771883,CQ Q1ABC FN42,1500,0.32,-7,-37.513,-57,-7.013
S1,1,183,1972771883,CQ TK9W9U FPIH,1497,0.32,-18,-48.829,-57,-18.329
S1,1,184,1516350640,CQ Q1ABC FN42,1500,0.32,-7,-37.437,-57,-6.937
S1,1,184,1516350640,CQ 4O7AYFWRWNX,1500,2.56,-20,-50.721,-57,-20.221
S1,1,185,1925092037,CQ Q1ABC FN42,1500,0.32,-7,-37.791,-57,-7.291
S1,1,186,365486358,CQ Q1ABC FN42,1500,0.4,-7,-37.234,-56.5,-7.234
S1,1,187,1851072326,CQ Q1ABC FN42,1500,0.32,-7,-37.329,-56.5,-7.329
S1,1,187,1851072326,CQ ST95BCPO9SQ,1497,0.32,-19,-48.532,-56.5,-18.532
S1,1,188,219100272,CQ Q1ABC FN42,1500,0.4,-8,-37.146,-56,-7.646
S1,1,189,748812254,CQ Q1ABC FN42,1500,0.32,-7,-37.759,-57.5,-6.759
S1,1,189,748812254,<...> PBYW0XONVOD 73,2347,-0.24,-27,-57.325,-57,-26.825
S1,1,190,1926613426,CQ Q1ABC FN42,1500,0.32,-7,-37.494,-56.5,-7.494
S1,1,191,388175527,CQ Q1ABC FN42,1500,0.32,-7,-37.019,-56.5,-7.019
S1,1,192,1535008843,CQ Q1ABC FN42,1500,0.4,-7,-37.304,-56.5,-7.304
S1,1,193,752079586,CQ Q1ABC FN42,1500,0.32,-7,-37.557,-57,-7.057
S1,1,194,16626368,CQ Q1ABC FN42,1500,0.4,-7,-37.234,-56.5,-7.234
S1,1,195,438278121,CQ Q1ABC FN42,1500,0.4,-7,-37.316,-56.5,-7.316
S1,1,196,779316185,CQ Q1ABC FN42,1500,0.4,-7,-37.823,-57,-7.323
S1,1,197,509331646,CQ Q1ABC FN42,1500,0.32,-7,-37.399,-56.5,-7.399
S1,1,198,741686972,CQ Q1ABC FN42,1500,0.32,-7,-37.171,-56.5,-7.171
S1,1,198,741686972,CQ MMPV <RDCTM170> OB31,550,-1.2,-28,-57.704,-56.5,-27.704
S1,1,199,1255966024,CQ Q1ABC FN42,1500,0.32,-7,-37.741,-57,-7.241
S1,1,200,1609367350,CQ Q1ABC FN42,1500,0.32,-7,-37.703,-57,-7.203
S1,1,201,227202650,CQ Q1ABC FN42,1500,0.32,-7,-37.222,-56.5,-7.222
S1,1,202,1147817185,CQ Q1ABC FN42,1500,0.4,-7,-37.551,-57,-7.051
S1,1,203,1273087975,CQ Q1ABC FN42,1500,0.32,-7,-37.778,-57,-7.278
S1,1,204,1216188408,CQ Q1ABC FN42,1500,0.4,-7,-37.146,-56.5,-7.146
S1,1,205,1991148723,CQ Q1ABC FN42,1500,0.4,-7,-37.551,-57,-7.051
S1,1,206,1186161552,CQ Q1ABC FN42,1500,0.32,-7,-37.006,-56.5,-7.006
S1,1,207,14548321,CQ Q1ABC FN42,1500,0.32,-8,-38.013,-57,-7.513
S1,1,208,217006601,CQ Q1ABC FN42,1500,0.32,-7,-37.652,-57,-7.152
S1,1,208,217006601,CQ TYI0JJQRBID,1497,0.32,-19,-49.127,-57,-18.627
S1,1,209,702151862,CQ Q1ABC FN42,1500,0.4,-7,-38.69,-58,-7.19
S1,1,210,1256503250,CQ Q1ABC FN42,1500,0.4,-7,-37.215,-56.5,-7.215
S1,1,211,433133758,CQ Q1ABC FN42,1500,0.32,-7,-37.766,-57,-7.266
S1,1,212,1578288572,CQ Q1ABC FN42,1500,0.32,-7,-36.544,-56,-7.044
S1,1,213,595979324,CQ Q1ABC FN42,1500,0.32,-7,-37.278,-56.5,-7.278
S1,1,214,228946622,CQ Q1ABC FN42,1500,0.4,-7,-37.709,-57.5,-6.709
S1,1,215,1143672704,CQ Q1ABC FN42,1500,0.32,-7,-37.671,-57,-7.171
S1,1,216,321818202,CQ Q1ABC FN42,1500,0.32,-7,-37.886,-57,-7.386
S1,1,217,500019152,CQ Q1ABC FN42,1500,0.32,-7,-37.38,-56.5,-7.38
S1,1,217,500019152,NJOJSS  1C9 <...> RRR,2478,-1.52,-27,-57.232,-56.5,-27.232
S1,1,218,453111958,CQ Q1ABC FN42,1500,0.32,-8,-37.19,-56,-7.69
S1,1,219,1744261505,CQ Q1ABC FN42,1500,0.32,-7,-37.348,-56.5,-7.348
S1,1,220,1058216224,CQ Q1ABC FN42,1500,0.32,-7,-37.905,-57,-7.405
S1,1,221,1997171052,CQ Q1ABC FN42,1500,0.32,-7,-37.639,-57,-7.139
S1,1,221,1997171052,<...> YMV4TELFL0R,491,-1.04,-27,-57.306,-57,-26.806
S1,1,222,1072750521,CQ Q1ABC FN42,1500,0.32,-7,-37.538,-57,-7.038
S1,1,223,1638950276,CQ Q1ABC FN42,1500,0.32,-7,-37.627,-57,-7.127
S1,1,224,950104486,CQ Q1ABC FN42,1500,0.4,-7,-36.861,-56,-7.361
S1,1,225,1087307763,CQ Q1ABC FN42,1500,0.4,-7,-37.323,-56.5,-7.323
S1,1,226,1040762137,CQ Q1ABC FN42,1500,0.32,-7,-37.703,-57,-7.203
S1,1,227,1025616065,CQ Q1ABC FN42,1500,0.32,-7,-37.449,-57,-6.949
S1,1,227,1025616065,<RDCTM395> <RDCTM161> CC68,469,1.2,-25,-55.797,-57,-25.297
S1,1,228,1666235735,CQ Q1ABC FN42,1500,0.32,-7,-37.652,-57,-7.152
S1,1,229,1154742104,CQ Q1ABC FN42,1500,0.4,-7,-37.158,-56.5,-7.158
S1,2,0,1491760006,CQ Q1ABC FN42,1500,0.32,-5,-34.975,-56.5,-4.975
S1,2,1,546635023,CQ Q1ABC FN42,1500,0.4,-5,-35.829,-57.5,-4.829
S1,2,2,714902369,CQ Q1ABC FN42,1500,0.32,-5,-35.842,-57.5,-4.842
S1,2,3,1510363572,CQ Q1ABC FN42,1500,0.32,-5,-36.013,-57.5,-5.013
S1,2,4,300973681,CQ Q1ABC FN42,1500,0.32,-5,-35.576,-57,-5.076
S1,2,5,1324112953,CQ Q1ABC FN42,1500,0.32,-5,-35.399,-57,-4.899
S1,2,6,586047112,CQ Q1ABC FN42,1500,0.32,-4,-35.494,-57.5,-4.494
S1,2,6,586047112,D56KMS <RDCTM571>/R R QF39,691,2.96,-27,-57.367,-57,-26.867
S1,2,7,505401989,CQ Q1ABC FN42,1500,0.32,-5,-35.873,-57.5,-4.873
S1,2,8,621469517,CQ Q1ABC FN42,1500,0.32,-5,-35.12,-56.5,-5.12
S1,2,9,1251077189,CQ Q1ABC FN42,1500,0.32,-5,-34.816,-56.5,-4.816
S1,2,10,1708909716,CQ Q1ABC FN42,1500,0.32,-5,-35.171,-57,-4.671
S1,2,10,1708909716,<RDCTM747> V/R <RDCTM583> AK94,450,0.88,-27,-57.013,-57,-26.513
S1,2,11,2015126675,CQ Q1ABC FN42,1500,0.32,-5,-34.816,-56.5,-4.816
S1,2,12,1695180231,CQ Q1ABC FN42,1500,0.32,-5,-35.082,-56.5,-5.082
S1,2,13,1537761778,CQ Q1ABC FN42,1500,0.32,-5,-35.734,-57.5,-4.734
S1,2,14,927811775,CQ Q1ABC FN42,1500,0.32,-5,-35.089,-57,-4.589
S1,2,15,625546902,CQ Q1ABC FN42,1500,0.4,-5,-35.31,-57,-4.81
S1,2,16,1238972250,CQ Q1ABC FN42,1500,0.32,-5,-35.063,-56.5,-5.063
S1,2,17,939036041,CQ Q1ABC FN42,1500,0.32,-5,-35.032,-56.5,-5.032
S1,2,18,1180094015,CQ Q1ABC FN42,1500,0.4,-5,-35.361,-57,-4.861
S1,2,19,743336773,CQ Q1ABC FN42,1500,0.4,-5,-35.234,-56.5,-5.234
S1,2,20,1008155982,CQ Q1ABC FN42,1500,0.32,-5,-36.203,-58,-4.703
S1,2,20,1008155982,CQ LGDEIHAZXM4,1500,2.56,-19,-50.364,-58,-18.864
S1,2,21,2140707213,CQ Q1ABC FN42,1500,0.32,-5,-35.354,-57,-4.854
S1,2,22,873249515,CQ Q1ABC FN42,1500,0.32,-5,-35.335,-57,-4.835
S1,2,23,1489137987,CQ Q1ABC FN42,1500,0.4,-5,-34.823,-56.5,-4.823
S1,2,24,417104032,CQ Q1ABC FN42,1500,0.32,-5,-35.924,-57.5,-4.924
S1,2,25,50815680,CQ Q1ABC FN42,1500,0.4,-5,-35.494,-57,-4.994
S1,2,25,50815680,CQ <...>,1984,-0.96,-28,-58.342,-57,-27.842
S1,2,26,153202259,CQ Q1ABC FN42,1500,0.32,-5,-35.133,-57,-4.633
S1,2,27,1822424329,CQ Q1ABC FN42,1500,0.32,-5,-34.968,-56.5,-4.968
S1,2,27,1822424329,<RDCTM143> F05GSA/P QQ04,2672,-0.88,-27,-57.158,-56.5,-27.158
S1,2,28,1469964255,CQ Q1ABC FN42,1500,0.4,-5,-34.747,-56.5,-4.747
S1,2,29,600432983,CQ Q1ABC FN42,1500,0.4,-5,-35.513,-57,-5.013
S1,2,30,2080309072,CQ Q1ABC FN42,1500,0.32,-5,-34.437,-56,-4.937
S1,2,31,917402150,CQ Q1ABC FN42,1500,0.32,-5,-34.816,-56.5,-4.816
S1,2,32,85388902,CQ Q1ABC FN42,1500,0.4,-5,-34.741,-56.5,-4.741
S1,2,33,428551271,CQ Q1ABC FN42,1500,0.32,-5,-34.247,-56,-4.747
S1,2,34,1539922931,CQ Q1ABC FN42,1500,0.4,-5,-35.81,-57.5,-4.81
S1,2,34,1539922931,<...> <RDCTM194>/R R QM81,1019,1.6,-27,-57.753,-57.5,-26.753
S1,2,35,3823008,CQ Q1ABC FN42,1500,0.32,-5,-35.133,-57,-4.633
S1,2,36,175166380,CQ Q1ABC FN42,1500,0.32,-5,-34.791,-56.5,-4.791
S1,2,37,1056265306,CQ Q1ABC FN42,1500,0.32,-5,-35.241,-57,-4.741
S1,2,38,13329313,CQ Q1ABC FN42,1500,0.4,-5,-35.158,-57,-4.658
S1,2,39,1318746862,CQ Q1ABC FN42,1500,0.32,-5,-35.082,-57,-4.582
S1,2,39,1318746862,CQ 2PG15HYQG6X,1497,0.32,-17,-47.316,-57,-16.816
S1,2,40,361939673,CQ Q1ABC FN42,1500,0.32,-5,-35.241,-57,-4.741
S1,2,40,361939673,CQ SS/<RDCTM631>/5NW,1497,0.32,-17,-47.646,-57,-17.146
S1,2,40,361939673,CQ 0H9MF69TZO,1497,0.32,-18,-48.551,-57,-18.051
S1,2,41,914884299,CQ Q1ABC FN42,1500,0.4,-5,-34.886,-56.5,-4.886
S1,2,42,2130872694,CQ Q1ABC FN42,1500,0.32,-5,-35.646,-57,-5.146
S1,2,42,2130872694,<RDCTM347> XU 7KXD <...> 73,2184,2.96,-26,-56.813,-57,-26.313
S1,2,42,2130872694,QEE8/336S66 <...>,1103,-1.52,-27,-57.87,-57,-27.37
S1,2,43,314437444,CQ Q1ABC FN42,1500,0.32,-5,-35.81,-57,-5.31
S1,2,44,1517062131,CQ Q1ABC FN42,1500,0.32,-5,-35.139,-57,-4.639
S1,2,45,153876766,CQ Q1ABC FN42,1500,0.32,-5,-35.43,-57,-4.93
S1,2,46,692344578,CQ Q1ABC FN42,1500,0.32,-5,-35.316,-57,-4.816
S1,2,47,2006009627,CQ Q1ABC FN42,1500,0.4,-5,-35.057,-56.5,-5.057
S1,2,48,1134244434,CQ Q1ABC FN42,1500,0.4,-5,-35.095,-57,-4.595
S1,2,48,1134244434,CQ QJFZK6PBAN0,1497,0.4,-18,-48.259,-57,-17.759
S1,2,49,1080249590,CQ Q1ABC FN42,1500,0.32,-5,-35.082,-56.5,-5.082
S1,2,49,1080249590,YA 59W738QKXJ,2919,2.08,-26,-56.468,-57,-25.968
S1,2,50,820669343,CQ Q1ABC FN42,1500,0.4,-5,-35.835,-57.5,-4.835
S1,2,51,1822957359,CQ Q1ABC FN42,1500,0.32,-5,-35.241,-57,-4.741
S1,2,52,1425268069,CQ Q1ABC FN42,1500,0.32,-5,-35.051,-56.5,-5.051
S1,2,53,1389416874,CQ Q1ABC FN42,1500,0.32,-5,-34.715,-56.5,-4.715
S1,2,54,926664866,CQ Q1ABC FN42,1500,0.32,-5,-35.051,-56.5,-5.051
S1,2,55,722395990,CQ Q1ABC FN42,1500,0.32,-5,-35.937,-57.5,-4.937
S1,2,56,830144808,CQ Q1ABC FN42,1500,0.32,-5,-35.139,-56.5,-5.139
S1,2,57,454033618,CQ Q1ABC FN42,1500,0.32,-5,-35.354,-57,-4.854
S1,2,58,1124923095,CQ Q1ABC FN42,1500,0.32,-5,-36.424,-58,-4.924
S1,2,59,1502232897,CQ Q1ABC FN42,1500,0.4,-5,-35.057,-56.5,-5.057
S1,2,60,1492339472,CQ Q1ABC FN42,1500,0.32,-5,-35.272,-57,-4.772
S1,2,61,241549687,CQ Q1ABC FN42,1500,0.32,-5,-35.108,-57,-4.608
S1,2,62,1911600763,CQ Q1ABC FN42,1500,0.4,-5,-36.361,-58,-4.861
S1,2,63,1268887080,CQ Q1ABC FN42,1500,0.4,-5,-36.449,-58,-4.949
S1,2,64,725754424,CQ Q1ABC FN42,1500,0.4,-5,-34.981,-56.5,-4.981
S1,2,65,438223612,CQ Q1ABC FN42,1500,0.32,-5,-35.658,-57,-5.158
S1,2,66,1886887897,CQ Q1ABC FN42,1500,0.32,-5,-35.253,-57,-4.753
S1,2,67,1635835086,CQ Q1ABC FN42,1500,0.32,-5,-35.006,-56.5,-5.006
S1,2,68,159426249,CQ Q1ABC FN42,1500,0.4,-5,-34.633,-56,-5.133
S1,2,69,942817075,CQ Q1ABC FN42,1500,0.4,-5,-34.949,-56.5,-4.949
S1,2,70,1810954402,CQ Q1ABC FN42,1500,0.32,-5,-34.981,-56.5,-4.981
S1,2,70,1810954402,<...> 90SYRY1V8EY 73,1497,0.32,-17,-46.747,-56.5,-16.747
S1,2,71,1721643277,CQ Q1ABC FN42,1500,0.4,-5,-34.943,-56.5,-4.943
S1,2,72,953739419,CQ Q1ABC FN42,1500,0.32,-5,-35.297,-57,-4.797
S1,2,73,1487502277,CQ Q1ABC FN42,1500,0.32,-5,-35.184,-57,-4.684
S1,2,74,2093969696,CQ Q1ABC FN42,1500,0.4,-5,-35.108,-56.5,-5.108
S1,2,75,224483502,CQ Q1ABC FN42,1500,0.32,-5,-35.348,-57,-4.848
S1,2,76,1045635309,CQ Q1ABC FN42,1500,0.4,-5,-35.329,-57,-4.829
S1,2,77,120717162,CQ Q1ABC FN42,1500,0.32,-5,-35.316,-57,-4.816
S1,2,78,664224671,CQ Q1ABC FN42,1500,0.4,-5,-35.266,-57,-4.766
S1,2,79,1307764396,CQ Q1ABC FN42,1500,0.32,-5,-34.93,-56.5,-4.93
S1,2,80,389195011,CQ Q1ABC FN42,1500,0.32,-5,-35.949,-57.5,-4.949
S1,2,81,103672950,CQ Q1ABC FN42,1500,0.32,-5,-37.032,-58.5,-5.032
S1,2,82,730824192,CQ Q1ABC FN42,1500,0.4,-5,-34.93,-56.5,-4.93
S1,2,83,1347007614,CQ Q1ABC FN42,1500,0.32,-5,-35.43,-57,-4.93
S1,2,84,776676569,CQ Q1ABC FN42,1500,0.32,-5,-34.842,-56.5,-4.842
S1,2,85,1044394672,CQ Q1ABC FN42,1500,0.4,-5,-35.082,-56.5,-5.082
S1,2,86,1755387503,CQ Q1ABC FN42,1500,0.32,-5,-35.418,-57,-4.918
S1,2,87,1498013462,CQ Q1ABC FN42,1500,0.4,-5,-34.994,-56.5,-4.994
S1,2,88,1835858698,CQ Q1ABC FN42,1500,0.32,-5,-34.829,-56.5,-4.829
S1,2,89,94333490,CQ Q1ABC FN42,1500,0.32,-5,-35.943,-57.5,-4.943
S1,2,90,387256628,CQ Q1ABC FN42,1500,0.4,-5,-34.937,-56.5,-4.937
S1,2,90,387256628,HZQ/LI/838U <...> RRR,1944,0.08,-25,-55.171,-56.5,-25.171
S1,2,90,387256628,06LXW7MA1ZWP8,1484,-1.12,-21,-51.063,-56.5,-21.063
S1,2,91,2092265478,CQ Q1ABC FN42,1500,0.4,-5,-34.614,-56,-5.114
S1,2,92,1917905562,CQ Q1ABC FN42,1500,0.4,-5,-35.196,-57,-4.696
S1,2,93,1298616300,CQ Q1ABC FN42,1500,0.4,-5,-36.38,-58,-4.88
S1,2,94,69293403,CQ Q1ABC FN42,1500,0.32,-5,-35.411,-57,-4.911
S1,2,94,69293403,<RDCTM97> H69RFL RK85,1578,-0.96,-27,-56.856,-56.5,-26.856
S1,2,95,987720771,CQ Q1ABC FN42,1500,0.4,-5,-34.987,-56.5,-4.987
S1,2,95,987720771,<...> 90G/8RTYC8P RR73,1484,-0.96,-22,-52.151,-56.5,-22.151
S1,2,96,2006846569,CQ Q1ABC FN42,1500,0.32,-5,-35.354,-57,-4.854
S1,2,97,1390868161,CQ Q1ABC FN42,1500,0.4,-5,-34.703,-56.5,-4.703
S1,2,98,1278981299,CQ Q1ABC FN42,1500,0.32,-5,-34.715,-56.5,-4.715
S1,2,98,1278981299,CQ QF76S6KNCXW,1497,0.32,-17,-46.5,-56.5,-16.5
S1,2,99,333180533,CQ Q1ABC FN42,1500,0.32,-5,-34.829,-56.5,-4.829
S1,2,100,1804039454,CQ Q1ABC FN42,1500,0.32,-5,-35.101,-56.5,-5.101
S1,2,100,1804039454,0K9 JG/P <RDCTM462> R RO40,1406,-1.28,-26,-56.43,-56.5,-26.43
S1,2,101,248688230,CQ Q1ABC FN42,1500,0.32,-5,-35.006,-56.5,-5.006
S1,2,102,1466707760,CQ Q1ABC FN42,1500,0.32,-5,-35.051,-56.5,-5.051
S1,2,103,1970852366,CQ Q1ABC FN42,1500,0.32,-5,-35.633,-57,-5.133
S1,2,104,1785765327,CQ Q1ABC FN42,1500,0.32,-5,-35.513,-57,-5.013
S1,2,105,1013322018,CQ Q1ABC FN42,1500,0.4,-5,-35.044,-56.5,-5.044
S1,2,106,1774828976,CQ Q1ABC FN42,1500,0.32,-5,-34.962,-56.5,-4.962
S1,2,107,1161926051,CQ Q1ABC FN42,1500,0.32,-5,-35.861,-57.5,-4.861
S1,2,108,1850770672,CQ Q1ABC FN42,1500,0.4,-5,-35.57,-57,-5.07
S1,2,109,1949642247,CQ Q1ABC FN42,1500,0.32,-5,-34.899,-56.5,-4.899
S1,2,110,1119896113,CQ Q1ABC FN42,1500,0.4,-5,-34.88,-56.5,-4.88
S1,2,111,1902508192,CQ Q1ABC FN42,1500,0.32,-5,-36.101,-57.5,-5.101
S1,2,112,1758770702,CQ Q1ABC FN42,1500,0.32,-5,-35.538,-57,-5.038
S1,2,113,2027196304,CQ Q1ABC FN42,1500,0.4,-5,-35.544,-57,-5.044
S1,2,114,1696112136,CQ Q1ABC FN42,1500,0.32,-5,-35.437,-57,-4.937
S1,2,115,1890868050,CQ Q1ABC FN42,1500,0.32,-5,-35.266,-57,-4.766
S1,2,116,1105348559,CQ Q1ABC FN42,1500,0.32,-5,-35.297,-57,-4.797
S1,2,117,2001875466,CQ Q1ABC FN42,1500,0.32,-5,-35.013,-56.5,-5.013
S1,2,117,2001875466,CQ C452/<RDCTM695>,2375,-1.36,-27,-56.95,-56.5,-26.95
S1,2,118,1765219515,CQ Q1ABC FN42,1500,0.32,-5,-36.044,-57.5,-5.044
S1,2,118,1765219515,CQ FZ2O51RE8PT,1888,0.72,-26,-57.582,-58,-26.082
S1,2,119,1889324196,CQ Q1ABC FN42,1500,0.32,-5,-35.424,-57,-4.924
S1,2,120,220440011,CQ Q1ABC FN42,1500,0.32,-5,-35.468,-57,-4.968
S1,2,121,398024101,CQ Q1ABC FN42,1500,0.32,-5,-36.354,-58,-4.854
S1,2,121,398024101,CQ 47EVJ307CWP,1497,0.32,-17,-48.918,-58,-17.418
S1,2,122,1608114583,CQ Q1ABC FN42,1500,0.4,-5,-35.506,-57,-5.006
S1,2,123,722070404,CQ Q1ABC FN42,1500,0.32,-5,-35.323,-57,-4.823
S1,2,124,564576135,CQ Q1ABC FN42,1500,0.32,-5,-35.12,-56.5,-5.12
S1,2,125,80352993,CQ Q1ABC FN42,1500,0.32,-5,-36.975,-58,-5.475
S1,2,126,1535511827,CQ Q1ABC FN42,1500,0.4,-5,-34.93,-56.5,-4.93
S1,2,126,1535511827,CQ <...>,2253,-1.28,-27,-57.155,-56.5,-27.155
S1,2,127,327067669,CQ Q1ABC FN42,1500,0.32,-5,-34.696,-56.5,-4.696
S1,2,128,686916379,CQ Q1ABC FN42,1500,0.32,-5,-35.38,-57,-4.88
S1,2,129,1251375556,CQ Q1ABC FN42,1500,0.32,-5,-34.816,-56.5,-4.816
S1,2,130,137168049,CQ Q1ABC FN42,1500,0.32,-5,-34.886,-56.5,-4.886
S1,2,130,137168049,CQ QQHKKJU/33W,1497,0.32,-17,-46.981,-56.5,-16.981
S1,2,131,1757700448,CQ Q1ABC FN42,1500,0.32,-5,-35.241,-57,-4.741
S1,2,132,1880038115,CQ Q1ABC FN42,1500,0.32,-5,-35.165,-57,-4.665
S1,2,133,939300830,CQ Q1ABC FN42,1500,0.32,-5,-35.032,-56.5,-5.032
S1,2,133,939300830,CQ R59A4VH0GHW,1497,0.4,-18,-47.829,-56.5,-17.829
S1,2,134,2108171162,CQ Q1ABC FN42,1500,0.4,-5,-35.139,-56.5,-5.139
S1,2,135,1278897572,CQ Q1ABC FN42,1500,0.32,-5,-35.19,-57,-4.69
S1,2,136,1441635952,CQ Q1ABC FN42,1500,0.4,-5,-34.551,-56,-5.051
S1,2,137,592446935,CQ Q1ABC FN42,1500,0.32,-5,-34.5,-56,-5
S1,2,138,1157303560,CQ Q1ABC FN42,1500,0.32,-5,-35.437,-57,-4.937
S1,2,139,674299015,CQ Q1ABC FN42,1500,0.4,-5,-34.994,-56.5,-4.994
S1,2,140,1721057786,CQ Q1ABC FN42,1500,0.4,-5,-35.222,-57,-4.722
S1,2,141,255467083,CQ Q1ABC FN42,1500,0.4,-5,-34.854,-56.5,-4.854
S1,2,142,1461972153,CQ Q1ABC FN42,1500,0.32,-5,-35.753,-57.5,-4.753
S1,2,143,638741604,CQ Q1ABC FN42,1500,0.32,-5,-35.152,-57,-4.652
S1,2,144,814927718,CQ Q1ABC FN42,1500,0.4,-5,-35.184,-56.5,-5.184
S1,2,145,2093578385,CQ Q1ABC FN42,1500,0.32,-5,-34.797,-56.5,-4.797
S1,2,146,1794874009,CQ Q1ABC FN42,1500,0.32,-5,-35.513,-57,-5.013
S1,2,147,422778616,CQ Q1ABC FN42,1500,0.32,-5,-35.323,-56.5,-5.323
S1,2,147,422778616,40F8B392D6A6E005AA,2313,2.32,-27,-57,-57,-26.5
S1,2,148,1729307347,CQ Q1ABC FN42,1500,0.32,-5,-35.513,-57,-5.013
S1,2,149,1694988433,CQ Q1ABC FN42,1500,0.32,-5,-35.146,-57,-4.646
S1,2,150,2057573176,CQ Q1ABC FN42,1500,0.32,-5,-35.253,-57,-4.753
S1,2,151,612623867,CQ Q1ABC FN42,1500,0.32,-5,-35.823,-57.5,-4.823
S1,2,152,115973646,CQ Q1ABC FN42,1500,0.32,-5,-35.652,-57,-5.152
S1,2,153,443403042,CQ Q1ABC FN42,1500,0.32,-5,-34.886,-56.5,-4.886
S1,2,154,724264473,CQ Q1ABC FN42,1500,0.32,-5,-35.12,-56.5,-5.12
S1,2,155,1396134359,CQ Q1ABC FN42,1500,0.4,-5,-34.81,-56.5,-4.81
S1,2,156,515747893,CQ Q1ABC FN42,1500,0.4,-5,-34.994,-56.5,-4.994
S1,2,157,485380710,CQ Q1ABC FN42,1500,0.4,-5,-34.696,-56.5,-4.696
S1,2,157,485380710,<...> 4T8ECZEAVM2 RRR,641,-1.04,-27,-56.944,-56.5,-26.944
S1,2,158,1519768511,CQ Q1ABC FN42,1500,0.32,-5,-34.785,-56.5,-4.785
S1,2,158,1519768511,3XT3SFT <RDCTM83> FA64,2094,-0.88,-26,-55.89,-56.5,-25.89
S1,2,159,11988406,CQ Q1ABC FN42,1500,0.4,-5,-35.146,-56.5,-5.146
S1,2,160,777239560,CQ Q1ABC FN42,1500,0.32,-5,-36.633,-58,-5.133
S1,2,161,1761273478,CQ Q1ABC FN42,1500,0.32,-5,-34.551,-56,-5.051
S1,2,162,122933949,CQ Q1ABC FN42,1500,0.4,-5,-35.158,-56.5,-5.158
S1,2,163,1820073771,CQ Q1ABC FN42,1500,0.4,-5,-35.354,-57,-4.854
S1,2,164,832414153,CQ Q1ABC FN42,1500,0.4,-5,-35.253,-57,-4.753
S1,2,164,832414153,<RDCTM702> 743NZI CE90,984,-0.48,-26,-56.382,-57,-25.882
S1,2,165,1019818485,CQ Q1ABC FN42,1500,0.32,-5,-34.93,-56.5,-4.93
S1,2,166,1828234919,CQ Q1ABC FN42,1500,0.4,-5,-35.563,-57.5,-4.563
S1,2,167,547042173,CQ Q1ABC FN42,1500,0.32,-5,-34.962,-56.5,-4.962
S1,2,168,269012622,CQ Q1ABC FN42,1500,0.32,-5,-35.601,-57,-5.101
S1,2,169,479550577,CQ Q1ABC FN42,1500,0.32,-5,-35.373,-56.5,-5.373
S1,2,170,1944702566,CQ Q1ABC FN42,1500,0.32,-5,-36.601,-58,-5.101
S1,2,171,1724312373,CQ Q1ABC FN42,1500,0.32,-5,-35.266,-57,-4.766
S1,2,172,1374249701,CQ Q1ABC FN42,1500,0.32,-5,-35.133,-57,-4.633
S1,2,173,434567152,CQ Q1ABC FN42,1500,0.32,-5,-34.93,-56.5,-4.93
S1,2,174,914783845,CQ Q1ABC FN42,1500,0.4,-5,-35.589,-57.5,-4.589
S1,2,175,1214799450,CQ Q1ABC FN42,1500,0.32,-5,-35.063,-56.5,-5.063
S1,2,176,282905290,CQ Q1ABC FN42,1500,0.32,-5,-35.437,-57,-4.937
S1,2,177,612362996,CQ Q1ABC FN42,1500,0.32,-5,-35.753,-57.5,-4.753
S1,2,177,612362996,CQ V37Q7GBXG3W,1497,0.4,-17,-48,-57.5,-17
S1,2,178,723703741,CQ Q1ABC FN42,1500,0.32,-5,-34.703,-56.5,-4.703
S1,2,179,385779528,CQ Q1ABC FN42,1500,0.4,-5,-35.076,-57,-4.576
S1,2,180,1953796883,CQ Q1ABC FN42,1500,0.4,-5,-35.259,-57,-4.759
S1,2,181,1979697012,CQ Q1ABC FN42,1500,0.32,-5,-35.684,-57,-5.184
S1,2,182,1671635201,CQ Q1ABC FN42,1500,0.32,-5,-37.07,-58.5,-5.07
S1,2,183,1804921091,CQ Q1ABC FN42,1500,0.32,-5,-35.943,-57.5,-4.943
S1,2,184,1553140574,CQ Q1ABC FN42,1500,0.32,-5,-35.449,-57,-4.949
S1,2,185,6582771,CQ Q1ABC FN42,1500,0.4,-5,-35.12,-56.5,-5.12
S1,2,186,1381767197,CQ Q1ABC FN42,1500,0.4,-5,-35.063,-56.5,-5.063
S1,2,187,2087201175,CQ Q1ABC FN42,1500,0.32,-5,-34.367,-56,-4.867
S1,2,187,2087201175,<RDCTM101>/P 052NRG BL69,875,2.8,-26,-55.645,-56,-26.145
S1,2,188,804980148,CQ Q1ABC FN42,1500,0.4,-5,-35.07,-57,-4.57
S1,2,189,586691004,CQ Q1ABC FN42,1500,0.32,-5,-34.5,-56,-5
S1,2,190,1721112028,CQ Q1ABC FN42,1500,0.4,-5,-35.392,-57,-4.892
S1,2,191,1151224796,CQ Q1ABC FN42,1500,0.32,-5,-34.918,-56.5,-4.918
S1,2,191,1151224796,<RDCTM307> O45HCP/R AC58,1488,1.04,-20,-49.905,-56.5,-19.905
S1,2,192,1583565640,CQ Q1ABC FN42,1500,0.32,-5,-36.291,-58,-4.791
S1,2,193,1859044702,CQ Q1ABC FN42,1500,0.4,-5,-35.215,-57,-4.715
S1,2,194,131469602,CQ Q1ABC FN42,1500,0.32,-5,-35.544,-57,-5.044
S1,2,195,1543740866,CQ Q1ABC FN42,1500,0.32,-5,-35.601,-57,-5.101
S1,2,195,1543740866,<RDCTM680> L89UZN/R NN21,1175,-1.28,-27,-57.113,-57,-26.613
S1,2,196,1765675757,CQ Q1ABC FN42,1500,0.4,-5,-35.272,-57,-4.772
S1,2,197,573761836,CQ Q1ABC FN42,1500,0.4,-5,-35.266,-57,-4.766
S1,2,197,573761836,<RDCTM714>/P <RDCTM12> R EC06,1263,0.24,-26,-56.241,-57,-25.741
S1,2,198,152655441,CQ Q1ABC FN42,1500,0.32,-5,-34.797,-56.5,-4.797
S1,2,199,1420666725,CQ Q1ABC FN42,1500,0.32,-5,-35.07,-56.5,-5.07
S1,2,200,1764752409,CQ Q1ABC FN42,1500,0.32,-5,-35.43,-57,-4.93
S1,2,201,1003973923,CQ Q1ABC FN42,1500,0.32,-5,-35.43,-57,-4.93
S1,2,202,734759488,CQ Q1ABC FN42,1500,0.32,-5,-35.291,-57,-4.791
S1,2,203,271923362,CQ Q1ABC FN42,1500,0.32,-5,-35.392,-57,-4.892
S1,2,203,271923362,3XJ4DOQ HA7 GS/R GJ27,1928,-1.04,-27,-57.035,-57,-26.535
S1,2,204,896218664,CQ Q1ABC FN42,1500,0.4,-5,-35.911,-57.5,-4.911
S1,2,205,1791633290,CQ Q1ABC FN42,1500,0.4,-5,-35.519,-57,-5.019
S1,2,206,537831549,CQ Q1ABC FN42,1500,0.32,-5,-36.108,-57.5,-5.108
S1,2,207,1367418652,CQ Q1ABC FN42,1500,0.4,-5,-34.937,-56.5,-4.937
S1,2,208,2047052133,CQ Q1ABC FN42,1500,0.32,-5,-34.772,-56,-5.272
S1,2,209,1464173917,CQ Q1ABC FN42,1500,0.32,-5,-34.646,-56,-5.146
S1,2,210,586082029,CQ Q1ABC FN42,1500,0.32,-5,-34.861,-56.5,-4.861
S1,2,210,586082029,CQ ABYQ <RDCTM50>,1497,0.32,-17,-47.437,-56.5,-17.437
S1,2,211,1609719593,CQ Q1ABC FN42,1500,0.32,-5,-35.082,-56.5,-5.082
S1,2,212,230242862,CQ Q1ABC FN42,1500,0.4,-5,-34.633,-56,-5.133
S1,2,213,307375538,CQ Q1ABC FN42,1500,0.32,-5,-35.247,-57,-4.747
S1,2,213,307375538,<...> 0T/ DSYM56E 73,1497,0.32,-17,-47.892,-57,-17.392
S1,2,214,906175329,CQ Q1ABC FN42,1500,0.32,-5,-35.209,-57,-4.709
S1,2,215,2129355222,CQ Q1ABC FN42,1500,0.4,-5,-35.165,-57,-4.665
S1,2,216,1291879490,CQ Q1ABC FN42,1500,0.4,-5,-35.082,-56.5,-5.082
S1,2,216,1291879490,CQ 1  744U/<RDCTM548>,1497,0.4,-17,-46.937,-56.5,-16.937
S1,2,217,516840854,CQ Q1ABC FN42,1500,0.32,-5,-34.576,-56.5,-4.576
S1,2,218,1130946539,CQ Q1ABC FN42,1500,0.32,-5,-35.437,-57,-4.937
S1,2,219,560180199,CQ Q1ABC FN42,1500,0.32,-5,-35.943,-57.5,-4.943
S1,2,219,560180199,<...> 4FXEO5IR9UI 73,1497,0.32,-17,-48.386,-57.5,-17.386
S1,2,220,413188368,CQ Q1ABC FN42,1500,0.32,-5,-34.905,-56.5,-4.905
S1,2,221,1381819144,CQ Q1ABC FN42,1500,0.4,-5,-35.108,-56.5,-5.108
S1,2,221,1381819144,CQ <...>,2131,3.04,-27,-57.041,-57,-26.541
S1,2,222,500045076,CQ Q1ABC FN42,1500,0.32,-5,-35.044,-56.5,-5.044
S1,2,223,40124080,CQ Q1ABC FN42,1500,0.32,-5,-35.108,-57,-4.608
S1,2,224,1795118165,CQ Q1ABC FN42,1500,0.32,-5,-35.032,-56.5,-5.032
S1,2,225,323060998,CQ Q1ABC FN42,1500,0.32,-5,-35.247,-57,-4.747
S1,2,226,1077947531,CQ Q1ABC FN42,1500,0.32,-5,-35.171,-57,-4.671
S1,2,227,802307675,CQ Q1ABC FN42,1500,0.32,-5,-34.994,-56.5,-4.994
S1,2,227,802307675,<...> 6DGQQC2 C98,1497,0.4,-18,-48.418,-56.5,-18.418
S1,2,228,55088225,CQ Q1ABC FN42,1500,0.32,-5,-35.475,-57,-4.975
S1,2,228,55088225,<RDCTM259>/R <RDCTM609>/R R EE80,1563,-1.04,-27,-57.306,-56.5,-27.306
S1,2,229,1003990378,CQ Q1ABC FN42,1500,0.32,-5,-34.905,-56.5,-4.905
S1,3,0,474144144,CQ Q1ABC FN42,1500,0.4,-2,-31.62,-56.5,-1.62
S1,3,0,474144144,<...> CBSAIYW6326,1859,-1.52,-27,-56.529,-56.5,-26.529
S1,3,1,1226819330,CQ Q1ABC FN42,1500,0.32,-1,-32.215,-57.5,-1.215
S1,3,2,1182452760,CQ Q1ABC FN42,1500,0.4,-1,-31.873,-57,-1.373
S1,3,3,695784695,CQ Q1ABC FN42,1500,0.32,-1,-31.873,-57,-1.373
S1,3,4,354507801,CQ Q1ABC FN42,1500,0.32,-2,-31.532,-56.5,-1.532
S1,3,5,1896505409,CQ Q1ABC FN42,1500,0.32,-1,-32.184,-57.5,-1.184
S1,3,6,813757840,CQ Q1ABC FN42,1500,0.4,-2,-32.07,-57,-1.57
S1,3,6,813757840,CQ <...>,2322,-1.36,-27,-57.157,-57,-26.657
S1,3,7,1821196806,CQ Q1ABC FN42,1500,0.4,-2,-31.532,-56.5,-1.532
S1,3,8,678280312,CQ Q1ABC FN42,1500,0.32,-2,-31.019,-56,-1.519
S1,3,8,678280312,CQ 6K9FKHSDWQY,1497,0.4,-15,-44.481,-56,-14.981
S1,3,9,1114353932,CQ Q1ABC FN42,1500,0.32,-2,-31.614,-56.5,-1.614
S1,3,10,2147293350,CQ Q1ABC FN42,1500,0.4,-1,-31.905,-57,-1.405
S1,3,11,1772385783,CQ Q1ABC FN42,1500,0.32,-1,-32.411,-57.5,-1.411
S1,3,12,303013713,CQ Q1ABC FN42,1500,0.32,-2,-32,-57,-1.5
S1,3,13,1918372202,CQ Q1ABC FN42,1500,0.32,-1,-32.272,-57.5,-1.272
S1,3,13,1918372202,CQ ZDVPYAG8S46,1497,0.4,-16,-47.272,-57.5,-16.272
S1,3,13,1918372202,<RDCTM355> <RDCTM122>/R R OO71,2884,0.96,-26,-56.595,-57.5,-25.595
S1,3,14,604913376,CQ Q1ABC FN42,1500,0.4,-1,-32.785,-58,-1.285
S1,3,14,604913376,CQ 1SUVXIXUF4,1497,0.4,-16,-47.291,-58,-15.791
S1,3,15,1143733040,CQ Q1ABC FN42,1500,0.4,-1,-31.848,-57,-1.348
S1,3,16,1004744363,CQ Q1ABC FN42,1500,0.32,-2,-31.772,-56.5,-1.772
S1,3,17,946620584,CQ Q1ABC FN42,1500,0.32,-1,-32.38,-57.5,-1.38
S1,3,18,723684540,CQ Q1ABC FN42,1500,0.32,-2,-32.576,-57.5,-1.576
S1,3,19,1359341778,CQ Q1ABC FN42,1500,0.32,-1,-31.551,-57,-1.051
S1,3,20,315127909,CQ Q1ABC FN42,1500,0.32,-2,-31.589,-56.5,-1.589
S1,3,20,315127909,CQ 5XVCLFTOJML,1497,0.32,-17,-46.646,-56.5,-16.646
S1,3,20,315127909,CQ 6J4WNW2DUUM,1497,0.4,-16,-46.019,-56.5,-16.019
S1,3,21,224318714,CQ Q1ABC FN42,1500,0.32,-1,-32.247,-57.5,-1.247
S1,3,22,834433093,CQ Q1ABC FN42,1500,0.4,-1,-31.797,-57,-1.297
S1,3,23,772918103,CQ Q1ABC FN42,1500,0.4,-1,-31.823,-57,-1.323
S1,3,24,1363536787,CQ Q1ABC FN42,1500,0.32,-1,-31.703,-57,-1.203
S1,3,25,1253774209,CQ Q1ABC FN42,1500,0.32,-1,-31.367,-56.5,-1.367
S1,3,26,449552247,CQ Q1ABC FN42,1500,0.32,-1,-31.848,-57,-1.348
S1,3,26,449552247,<...> KPK6GKWNHH8 RRR,1497,0.4,-14,-44.595,-57,-14.095
S1,3,27,285610835,CQ Q1ABC FN42,1500,0.32,-1,-31.905,-57,-1.405
S1,3,28,434659196,CQ Q1ABC FN42,1500,0.32,-1,-31.797,-57,-1.297
S1,3,29,1412262206,CQ Q1ABC FN42,1500,0.32,-1,-32.361,-57.5,-1.361
S1,3,30,1702230435,CQ Q1ABC FN42,1500,0.32,-2,-32.146,-57,-1.646
S1,3,31,2015045949,CQ Q1ABC FN42,1500,0.4,-2,-31.348,-56,-1.848
S1,3,32,1527954126,CQ Q1ABC FN42,1500,0.32,-1,-32.943,-58,-1.443
S1,3,32,1527954126,CQ 36XIV30FXWY,1497,0.32,-15,-46.38,-58,-14.88
S1,3,33,89593760,CQ Q1ABC FN42,1500,0.32,-2,-32.044,-57,-1.544
S1,3,34,209401696,CQ Q1ABC FN42,1500,0.32,-1,-32.741,-58,-1.241
S1,3,34,209401696,CQ MT71FPYHE3C,1497,0.4,-15,-46.057,-58,-14.557
S1,3,35,1132703340,CQ Q1ABC FN42,1500,0.4,-1,-31.443,-56.5,-1.443
S1,3,36,831475383,CQ Q1ABC FN42,1500,0.32,-1,-31.43,-56.5,-1.43
S1,3,36,831475383,<RDCTM05> <RDCTM485> R CB95,2297,2.48,-26,-56.981,-57,-26.481
S1,3,37,602735978,CQ Q1ABC FN42,1500,0.32,-1,-32.285,-57.5,-1.285
S1,3,38,31405793,CQ Q1ABC FN42,1500,0.32,-1,-31.772,-57,-1.272
S1,3,38,31405793,702719F91D208600DC,1522,-1.04,-22,-52.646,-57,-22.146
S1,3,39,1128603203,CQ Q1ABC FN42,1500,0.32,-2,-32.133,-57,-1.633
S1,3,40,1863582663,CQ Q1ABC FN42,1500,0.4,-1,-32.228,-57.5,-1.228
S1,3,41,1511008592,CQ Q1ABC FN42,1500,0.32,-2,-31.044,-56,-1.544
S1,3,42,371720481,CQ Q1ABC FN42,1500,0.32,-1,-32.114,-57.5,-1.114
S1,3,43,65391605,CQ Q1ABC FN42,1500,0.32,-2,-32.019,-57,-1.519
S1,3,44,91490671,CQ Q1ABC FN42,1500,0.32,-1,-31.785,-57,-1.285
S1,3,45,566456488,CQ Q1ABC FN42,1500,0.32,-1,-31.905,-57,-1.405
S1,3,46,812591571,CQ Q1ABC FN42,1500,0.32,-1,-31.329,-56.5,-1.329
S1,3,47,1207118091,CQ Q1ABC FN42,1500,0.4,-1,-32.468,-57.5,-1.468
S1,3,47,1207118091,<RDCTM671> <RDCTM344> DM72,2628,-0.72,-27,-58.23,-57.5,-27.23
S1,3,48,1298067784,CQ Q1ABC FN42,1500,0.32,-1,-31.924,-57,-1.424
S1,3,49,85277027,CQ Q1ABC FN42,1500,0.4,-1,-32.38,-57.5,-1.38
S1,3,50,228706741,CQ Q1ABC FN42,1500,0.32,-2,-31.576,-56.5,-1.576
S1,3,51,1160564141,CQ Q1ABC FN42,1500,0.32,-2,-31.646,-56.5,-1.646
S1,3,52,829221323,CQ Q1ABC FN42,1500,0.4,-1,-31.861,-57,-1.361
S1,3,52,829221323,CQ WXBLHJOYNUI,1497,0.4,-15,-45.696,-57,-15.196
S1,3,53,1082671229,CQ Q1ABC FN42,1500,0.32,-1,-31.709,-57,-1.209
S1,3,53,1082671229,3M7CNZTV+5ST9,703,-1.04,-26,-56.313,-57,-25.813
S1,3,54,605255709,CQ Q1ABC FN42,1500,0.32,-2,-32.266,-57,-1.766
S1,3,54,605255709,CQ <...>,944,-1.2,-28,-59.099,-57.5,-28.099
S1,3,55,1044543611,CQ Q1ABC FN42,1500,0.4,-1,-31.854,-57,-1.354
S1,3,56,35818518,CQ Q1ABC FN42,1500,0.4,-1,-31.892,-57,-1.392
S1,3,57,1759015576,CQ Q1ABC FN42,1500,0.4,-1,-31.759,-57,-1.259
S1,3,58,2030756186,CQ Q1ABC FN42,1500,0.32,-1,-30.962,-56,-1.462
S1,3,59,1139091002,CQ Q1ABC FN42,1500,0.32,-1,-31.766,-57,-1.266
S1,3,60,1638943131,CQ Q1ABC FN42,1500,0.32,-2,-31.544,-56.5,-1.544
S1,3,60,1638943131,<RDCTM545> <RDCTM451>/P LL25,938,2.72,-26,-56.414,-57,-25.914
S1,3,60,1638943131,<...> <RDCTM495>/P RQ24,2100,-1.52,-26,-56.174,-57,-25.674
S1,3,61,1704663373,CQ Q1ABC FN42,1500,0.32,-2,-32.601,-57.5,-1.601
S1,3,62,1677923834,CQ Q1ABC FN42,1500,0.32,-1,-31.835,-57,-1.335
S1,3,63,1011446690,CQ Q1ABC FN42,1500,0.4,-1,-31.842,-57,-1.342
S1,3,63,1011446690,CQ 50NC6RV2549,1497,0.32,-16,-46.456,-57,-15.956
S1,3,64,259425802,CQ Q1ABC FN42,1500,0.4,-1,-31.918,-57,-1.418
S1,3,65,1136602792,CQ Q1ABC FN42,1500,0.32,-1,-32.456,-57.5,-1.456
S1,3,65,1136602792,CQ 94G1FK9Z15K,1497,0.32,-15,-45.519,-57.5,-14.519
S1,3,66,1578999003,CQ Q1ABC FN42,1500,0.32,-1,-32.171,-57.5,-1.171
S1,3,66,1578999003,CQ <...>,1884,1.68,-26,-56.962,-57.5,-25.962
S1,3,67,1280045982,CQ Q1ABC FN42,1500,0.32,-2,-32.057,-57,-1.557
S1,3,68,369402693,CQ Q1ABC FN42,1500,0.32,-2,-31.759,-56.5,-1.759
S1,3,69,32365741,CQ Q1ABC FN42,1500,0.4,-1,-32.411,-57.5,-1.411
S1,3,70,387754273,CQ Q1ABC FN42,1500,0.4,-1,-31.304,-56.5,-1.304
S1,3,70,387754273,CQ 3DQE9BQCPZ0,1497,0.32,-16,-45.778,-56.5,-15.778
S1,3,71,658145162,CQ Q1ABC FN42,1500,0.32,-1,-31.696,-57,-1.196
S1,3,72,1923662147,CQ Q1ABC FN42,1500,0.32,-1,-32.373,-57.5,-1.373
S1,3,73,1688037925,CQ Q1ABC FN42,1500,0.32,-1,-31.373,-56.5,-1.373
S1,3,74,965116484,CQ Q1ABC FN42,1500,0.4,-1,-31.43,-56.5,-1.43
S1,3,75,1519789737,CQ Q1ABC FN42,1500,0.32,-2,-31.601,-56.5,-1.601
S1,3,76,469142076,CQ Q1ABC FN42,1500,0.32,-2,-32.095,-57,-1.595
S1,3,76,469142076,KK0 RH 301YBX OO70,741,-0.96,-26,-56.952,-57,-26.452
S1,3,77,839823929,CQ Q1ABC FN42,1500,0.32,-1,-31.677,-57,-1.177
S1,3,78,363434637,CQ Q1ABC FN42,1500,0.4,-2,-32.114,-57,-1.614
S1,3,79,2021329154,CQ Q1ABC FN42,1500,0.32,-1,-31.291,-56.5,-1.291
S1,3,80,951893531,CQ Q1ABC FN42,1500,0.32,-2,-31.595,-56.5,-1.595
S1,3,81,107738194,CQ Q1ABC FN42,1500,0.4,-1,-32.108,-57.5,-1.108
S1,3,81,107738194,CQ 0CHNT5WEHLX,1500,2.56,-18,-48.597,-57.5,-17.597
S1,3,82,558535989,CQ Q1ABC FN42,1500,0.32,-1,-31.797,-57,-1.297
S1,3,83,135639490,CQ Q1ABC FN42,1500,0.4,-1,-32.285,-57.5,-1.285
S1,3,84,192948214,CQ Q1ABC FN42,1500,0.32,-1,-32.266,-57.5,-1.266
S1,3,85,639580320,CQ Q1ABC FN42,1500,0.32,-1,-32.696,-58,-1.196
S1,3,86,17443545,CQ Q1ABC FN42,1500,0.32,-2,-32.222,-57,-1.722
S1,3,87,2137305699,CQ Q1ABC FN42,1500,0.32,-2,-31.563,-56.5,-1.563
S1,3,88,272603813,CQ Q1ABC FN42,1500,0.32,-2,-31.209,-56,-1.709
S1,3,89,231894274,CQ Q1ABC FN42,1500,0.32,-1,-31.418,-56.5,-1.418
S1,3,90,1972967255,CQ Q1ABC FN42,1500,0.32,-1,-31.924,-57,-1.424
S1,3,91,1573385771,CQ Q1ABC FN42,1500,0.32,-1,-31.911,-57,-1.411
S1,3,92,765722034,CQ Q1ABC FN42,1500,0.32,-1,-31.823,-57,-1.323
S1,3,93,249350063,CQ Q1ABC FN42,1500,0.32,-1,-31.867,-57,-1.367
S1,3,94,1644374091,CQ Q1ABC FN42,1500,0.32,-1,-32.475,-58,-0.975
S1,3,94,1644374091,<RDCTM79>/R <RDCTM07> MO46,2947,-1.6,-27,-58.275,-57.5,-27.275
S1,3,95,1564547135,CQ Q1ABC FN42,1500,0.4,-1,-30.981,-56,-1.481
S1,3,96,842589062,CQ Q1ABC FN42,1500,0.32,-1,-31.772,-57,-1.272
S1,3,97,1064929368,CQ Q1ABC FN42,1500,0.32,-1,-32.253,-57.5,-1.253
S1,3,98,1005990106,CQ Q1ABC FN42,1500,0.32,-1,-31.31,-56.5,-1.31
S1,3,99,456935085,CQ Q1ABC FN42,1500,0.32,-1,-31.804,-57,-1.304
S1,3,100,1352685022,CQ Q1ABC FN42,1500,0.32,-2,-31.582,-56.5,-1.582
S1,3,101,1012619942,CQ Q1ABC FN42,1500,0.4,-1,-31.652,-57,-1.152
S1,3,102,1393713801,CQ Q1ABC FN42,1500,0.32,-1,-31.854,-57,-1.354
S1,3,103,778122748,CQ Q1ABC FN42,1500,0.32,-1,-31.399,-56.5,-1.399
S1,3,104,554352916,CQ Q1ABC FN42,1500,0.32,-2,-31.557,-56.5,-1.557
S1,3,104,554352916,CQ SYX1WAAZ NT,2403,2.32,-28,-57.627,-56.5,-27.627
S1,3,105,800822947,CQ Q1ABC FN42,1500,0.4,-1,-31.633,-57,-1.133
S1,3,106,245079812,CQ Q1ABC FN42,1500,0.32,-2,-31.234,-56,-1.734
S1,3,107,329809461,CQ Q1ABC FN42,1500,0.32,-1,-31.354,-56.5,-1.354
S1,3,108,1867412714,CQ Q1ABC FN42,1500,0.32,-1,-32.576,-58,-1.076
S1,3,108,1867412714,CQ VYCOCSJM94I,2891,-0.88,-27,-57.534,-57.5,-26.534
S1,3,109,788380116,CQ Q1ABC FN42,1500,0.32,-1,-31.854,-57,-1.354
S1,3,109,788380116,CQ NK/803WS8BO,1497,0.4,-17,-47.146,-57,-16.646
S1,3,110,54549187,CQ Q1ABC FN42,1500,0.4,-1,-31.918,-57,-1.418
S1,3,111,1076627680,CQ Q1ABC FN42,1500,0.4,-1,-31.424,-56.5,-1.424
S1,3,112,263490225,CQ Q1ABC FN42,1500,0.32,-1,-32.69,-58,-1.19
S1,3,113,99059577,CQ Q1ABC FN42,1500,0.32,-1,-32.43,-57.5,-1.43
S1,3,113,99059577,CQ SW V <RDCTM409>/R R OF39,509,-1.28,-27,-57.817,-57.5,-26.817
S1,3,114,782383422,CQ Q1ABC FN42,1500,0.32,-2,-31.595,-56.5,-1.595
S1,3,115,1361816848,CQ Q1ABC FN42,1500,0.4,-1,-31.981,-57,-1.481
S1,3,116,159626864,CQ Q1ABC FN42,1500,0.32,-1,-31.443,-56.5,-1.443
S1,3,117,483939015,CQ Q1ABC FN42,1500,0.32,-1,-31.481,-56.5,-1.481
S1,3,118,797853495,CQ Q1ABC FN42,1500,0.32,-1,-31.487,-56.5,-1.487
S1,3,118,797853495,889HJJ 306IFN/R AJ67,597,-0.96,-26,-56.342,-56.5,-26.342
S1,3,119,78460340,CQ Q1ABC FN42,1500,0.4,-1,-32.304,-57.5,-1.304
S1,3,120,721252348,CQ Q1ABC FN42,1500,0.32,-1,-31.93,-57,-1.43
S1,3,121,73447716,CQ Q1ABC FN42,1500,0.32,-2,-31.709,-56.5,-1.709
S1,3,121,73447716,CQ PM8M4Z7OTI6,1497,0.32,-15,-44.601,-56.5,-14.601
S1,3,122,260473741,CQ Q1ABC FN42,1500,0.32,-1,-31.62,-57,-1.12
S1,3,123,1387944185,CQ Q1ABC FN42,1500,0.32,-1,-31.873,-57,-1.373
S1,3,124,332040422,CQ Q1ABC FN42,1500,0.32,-2,-31.639,-56.5,-1.639
S1,3,125,1096803179,CQ Q1ABC FN42,1500,0.32,-2,-32.076,-57,-1.576
S1,3,126,163079723,CQ Q1ABC FN42,1500,0.32,-1,-31.323,-56.5,-1.323
S1,3,126,163079723,<RDCTM780> F36REY/R R MH05,538,-1.44,-26,-56.371,-56.5,-26.371
S1,3,127,158951823,CQ Q1ABC FN42,1500,0.32,-1,-31.81,-57,-1.31
S1,3,128,764877167,CQ Q1ABC FN42,1500,0.32,-2,-32.652,-57.5,-1.652
S1,3,129,1450410710,CQ Q1ABC FN42,1500,0.32,-2,-31.582,-56.5,-1.582
S1,3,129,1450410710,<...> 460C/LMD5HM RR73,1228,-1.36,-27,-56.65,-56.5,-26.65
S1,3,130,1468077775,CQ Q1ABC FN42,1500,0.32,-1,-31.823,-57,-1.323
S1,3,131,1113285722,CQ Q1ABC FN42,1500,0.32,-2,-32.576,-57.5,-1.576
S1,3,132,960239072,CQ Q1ABC FN42,1500,0.32,-1,-31.728,-57,-1.228
S1,3,133,1916635491,CQ Q1ABC FN42,1500,0.4,-2,-31.557,-56.5,-1.557
S1,3,134,2015788786,CQ Q1ABC FN42,1500,0.32,-1,-32.184,-57.5,-1.184
S1,3,135,586524343,CQ Q1ABC FN42,1500,0.32,-2,-32.677,-57.5,-1.677
S1,3,136,1261181333,CQ Q1ABC FN42,1500,0.32,-1,-32.076,-57.5,-1.076
S1,3,137,687138946,CQ Q1ABC FN42,1500,0.4,-2,-31.506,-56.5,-1.506
S1,3,138,540615805,CQ Q1ABC FN42,1500,0.32,-1,-31.703,-57,-1.203
S1,3,139,1851462555,CQ Q1ABC FN42,1500,0.32,-1,-31.81,-57,-1.31
S1,3,140,1281036727,CQ Q1ABC FN42,1500,0.4,-2,-31.614,-56.5,-1.614
S1,3,141,1240355506,CQ Q1ABC FN42,1500,0.32,-1,-31.487,-56.5,-1.487
S1,3,142,2056700884,CQ Q1ABC FN42,1500,0.32,-2,-32.139,-57,-1.639
S1,3,143,1514704030,CQ Q1ABC FN42,1500,0.32,-1,-31.785,-57,-1.285
S1,3,144,1334633342,CQ Q1ABC FN42,1500,0.4,-2,-32.013,-57,-1.513
S1,3,145,1172069726,CQ Q1ABC FN42,1500,0.32,-2,-31.696,-56.5,-1.696
S1,3,146,1682038689,CQ Q1ABC FN42,1500,0.4,-1,-31.867,-57,-1.367
S1,3,147,1928152518,CQ Q1ABC FN42,1500,0.4,-2,-32.076,-57,-1.576
S1,3,148,1003119672,CQ Q1ABC FN42,1500,0.32,-2,-31.734,-56.5,-1.734
S1,3,149,1844181765,CQ Q1ABC FN42,1500,0.32,-2,-32.576,-57.5,-1.576
S1,3,150,741643112,CQ Q1ABC FN42,1500,0.4,-1,-31.886,-57,-1.386
S1,3,151,257263767,CQ Q1ABC FN42,1500,0.32,-1,-31.911,-57,-1.411
S1,3,152,1282701998,CQ Q1ABC FN42,1500,0.32,-2,-32.133,-57,-1.633
S1,3,153,1040226191,CQ Q1ABC FN42,1500,0.32,-1,-32.278,-57.5,-1.278
S1,3,154,1854686099,CQ Q1ABC FN42,1500,0.32,-1,-31.785,-57,-1.285
S1,3,155,1144347223,CQ Q1ABC FN42,1500,0.4,-1,-31.981,-57,-1.481
S1,3,156,1534393595,CQ Q1ABC FN42,1500,0.32,-1,-31.316,-56.5,-1.316
S1,3,157,2125855078,CQ Q1ABC FN42,1500,0.32,-1,-31.829,-57,-1.329
S1,3,158,349139055,CQ Q1ABC FN42,1500,0.32,-1,-31.81,-57,-1.31
S1,3,158,349139055,CQ 9ZOZUBQKHTR,1497,0.32,-15,-45.006,-57,-14.506
S1,3,158,349139055,VNVSGNCSBR <...> RR73,369,-1.6,-27,-57.312,-57,-26.812
S1,3,159,823579830,CQ Q1ABC FN42,1500,0.32,-2,-32.006,-57,-1.506
S1,3,160,2134132797,CQ Q1ABC FN42,1500,0.32,-1,-31.443,-56.5,-1.443
S1,3,161,1083947815,CQ Q1ABC FN42,1500,0.4,-2,-32.203,-57,-1.703
S1,3,162,1127998104,CQ Q1ABC FN42,1500,0.32,-2,-31.608,-56.5,-1.608
S1,3,163,1979276489,CQ Q1ABC FN42,1500,0.32,-1,-31.247,-56.5,-1.247
S1,3,164,581206508,CQ Q1ABC FN42,1500,0.32,-1,-32.696,-58,-1.196
S1,3,165,1222971649,CQ Q1ABC FN42,1500,0.32,-2,-32.063,-57,-1.563
S1,3,166,1873291809,CQ Q1ABC FN42,1500,0.32,-1,-32.608,-58,-1.108
S1,3,167,1372630351,CQ Q1ABC FN42,1500,0.32,-1,-31.823,-57,-1.323
S1,3,168,2102200184,CQ Q1ABC FN42,1500,0.4,-1,-32.975,-58,-1.475
S1,3,169,551287014,CQ Q1ABC FN42,1500,0.32,-2,-32.253,-57,-1.753
S1,3,170,809818831,CQ Q1ABC FN42,1500,0.4,-2,-32.133,-57,-1.633
S1,3,170,809818831,CQ <...>,1097,2.8,-26,-57.033,-57.5,-26.033
S1,3,171,170502369,CQ Q1ABC FN42,1500,0.32,-1,-31.911,-57,-1.411
S1,3,171,170502369,Q95PRE/P <RDCTM593> BF07,2041,0.08,-27,-57.658,-57,-27.158
S1,3,172,1599911780,CQ Q1ABC FN42,1500,0.32,-2,-31.665,-56.5,-1.665
S1,3,172,1599911780,CQ 3MTJ9 <RDCTM558>,1497,0.32,-16,-46.5,-57,-16
S1,3,173,1933080926,CQ Q1ABC FN42,1500,0.32,-2,-32.044,-57,-1.544
S1,3,174,1514801236,CQ Q1ABC FN42,1500,0.32,-1,-31.633,-57,-1.133
S1,3,175,1234138707,CQ Q1ABC FN42,1500,0.32,-1,-32.797,-58,-1.297
S1,3,175,1234138707,CQ IF Q2LN/VSA,550,-1.04,-27,-58.264,-58,-26.764
S1,3,176,798920408,CQ Q1ABC FN42,1500,0.32,-1,-31.342,-56.5,-1.342
S1,3,176,798920408,CQ BFB9VGMX8VR,1497,0.4,-15,-44.873,-56.5,-14.873
S1,3,177,231696328,CQ Q1ABC FN42,1500,0.32,-1,-31.797,-57,-1.297
S1,3,178,1297473259,CQ Q1ABC FN42,1500,0.4,-1,-32.044,-57.5,-1.044
S1,3,178,1297473259,<RDCTM320> <RDCTM503>/R R AC81,1488,0.96,-17,-48.348,-57.5,-17.348
S1,3,179,1580340337,CQ Q1ABC FN42,1500,0.32,-2,-32.253,-57,-1.753
S1,3,180,510877846,CQ Q1ABC FN42,1500,0.4,-2,-32.196,-57,-1.696
S1,3,181,785534655,CQ Q1ABC FN42,1500,0.32,-1,-32.468,-57.5,-1.468
S1,3,182,1201494197,CQ Q1ABC FN42,1500,0.32,-2,-31.601,-56.5,-1.601
S1,3,183,767851883,CQ Q1ABC FN42,1500,0.32,-1,-31.816,-57,-1.316
S1,3,184,708800425,CQ Q1ABC FN42,1500,0.4,-1,-32.215,-57.5,-1.215
S1,3,185,828352101,CQ Q1ABC FN42,1500,0.32,-1,-31.367,-56.5,-1.367
S1,3,186,939261064,CQ Q1ABC FN42,1500,0.32,-1,-31.443,-56.5,-1.443
S1,3,186,939261064,<RDCTM455>/P 647HWT/P AP08,1522,-1.04,-23,-52.688,-56.5,-22.688
S1,3,187,993778500,CQ Q1ABC FN42,1500,0.32,-2,-31.759,-56.5,-1.759
S1,3,188,481799497,CQ Q1ABC FN42,1500,0.4,-2,-33.108,-58,-1.608
S1,3,189,2113966340,CQ Q1ABC FN42,1500,0.32,-2,-32.051,-57,-1.551
S1,3,189,2113966340,CQ 8ANNKVPPK9V,1497,0.32,-16,-46.551,-57,-16.051
S1,3,190,1124330637,CQ Q1ABC FN42,1500,0.32,-2,-32.013,-57,-1.513
S1,3,190,1124330637,CQ <RDCTM71>/AG7,559,-1.04,-25,-55.785,-57,-25.285
S1,3,191,1160472539,CQ Q1ABC FN42,1500,0.32,-1,-31.753,-57,-1.253
S1,3,192,1621621176,CQ Q1ABC FN42,1500,0.32,-1,-31.918,-57,-1.418
S1,3,193,527717312,CQ Q1ABC FN42,1500,0.32,-2,-32.519,-57.5,-1.519
S1,3,193,527717312,X?9TJM?<RDCTM598>,1872,-0.64,-27,-57.747,-57.5,-26.747
S1,3,193,527717312,<...> 34JMXMP13V RR73,1497,0.32,-17,-47.842,-57.5,-16.842
S1,3,194,1277644146,CQ Q1ABC FN42,1500,0.4,-1,-31.228,-56.5,-1.228
S1,3,194,1277644146,CQ IY3DP0LPJJ,2884,2.8,-26,-56.158,-56.5,-26.158
S1,3,195,1197779011,CQ Q1ABC FN42,1500,0.32,-1,-31.392,-56.5,-1.392
S1,3,196,2041727351,CQ Q1ABC FN42,1500,0.32,-2,-31.234,-56,-1.734
S1,3,197,2077663414,CQ Q1ABC FN42,1500,0.32,-1,-32.722,-58,-1.222
S1,3,197,2077663414,CQ 2821WD9/IXO,1497,0.4,-15,-46.741,-58,-15.241
S1,3,198,1589467993,CQ Q1ABC FN42,1500,0.4,-2,-31.5,-56.5,-1.5
S1,3,199,1257580031,CQ Q1ABC FN42,1500,0.4,-1,-32.297,-57.5,-1.297
S1,3,200,108046716,CQ Q1ABC FN42,1500,0.32,-2,-31.557,-56.5,-1.557
S1,3,200,108046716,L44RAM <RDCTM283> QR32,313,-0.88,-27,-57.171,-56.5,-27.171
S1,3,201,1028260088,CQ Q1ABC FN42,1500,0.32,-2,-32.184,-57,-1.684
S1,3,202,1025278466,CQ Q1ABC FN42,1500,0.32,-1,-31.38,-56.5,-1.38
S1,3,203,2147342645,CQ Q1ABC FN42,1500,0.32,-2,-32,-57,-1.5
S1,3,204,278018568,CQ Q1ABC FN42,1500,0.32,-1,-31.968,-57,-1.468
S1,3,205,1941158570,CQ Q1ABC FN42,1500,0.32,-1,-31.373,-56.5,-1.373
S1,3,206,1559516090,CQ Q1ABC FN42,1500,0.32,-1,-32.171,-57.5,-1.171
S1,3,207,755757629,CQ Q1ABC FN42,1500,0.4,-1,-31.861,-57,-1.361
S1,3,208,1298314089,CQ Q1ABC FN42,1500,0.32,-1,-31.418,-56.5,-1.418
S1,3,209,1073580859,CQ Q1ABC FN42,1500,0.4,-1,-30.937,-56,-1.437
S1,3,210,1450350757,CQ Q1ABC FN42,1500,0.32,-2,-32.07,-57,-1.57
S1,3,211,74184300,CQ Q1ABC FN42,1500,0.32,-2,-31.57,-56.5,-1.57
S1,3,211,74184300,22RW/TZOOPS <...> RRR,1622,-0.8,-27,-56.845,-56,-27.345
S1,3,212,380425868,CQ Q1ABC FN42,1500,0.32,-2,-32.209,-57,-1.709
S1,3,212,380425868,<...> 03/VZGO2/HC,1497,0.4,-14,-44.994,-57.5,-13.994
S1,3,213,1665050267,CQ Q1ABC FN42,1500,0.32,-1,-32.456,-57.5,-1.456
S1,3,214,1921588200,CQ Q1ABC FN42,1500,0.32,-1,-31.854,-57,-1.354
S1,3,215,568084753,CQ Q1ABC FN42,1500,0.32,-2,-31.576,-56.5,-1.576
S1,3,216,1177023630,CQ Q1ABC FN42,1500,0.32,-2,-32.614,-57.5,-1.614
S1,3,217,478964711,CQ Q1ABC FN42,1500,0.32,-1,-31.392,-56.5,-1.392
S1,3,217,478964711,CQ 3 TJSFL2APG,1497,0.32,-15,-45.177,-56.5,-15.177
S1,3,218,1804367740,CQ Q1ABC FN42,1500,0.32,-1,-32.601,-58,-1.101
S1,3,219,1888547493,CQ Q1ABC FN42,1500,0.4,-1,-31.285,-56.5,-1.285
S1,3,220,1073016942,CQ Q1ABC FN42,1500,0.32,-1,-31.772,-57,-1.272
S1,3,221,1755068384,CQ Q1ABC FN42,1500,0.32,-1,-31.297,-56.5,-1.297
S1,3,222,2054634934,CQ Q1ABC FN42,1500,0.32,-1,-31.962,-57,-1.462
S1,3,223,567609309,CQ Q1ABC FN42,1500,0.32,-2,-31.152,-56,-1.652
S1,3,224,16302404,CQ Q1ABC FN42,1500,0.4,-2,-32.165,-57,-1.665
S1,3,225,545992462,CQ Q1ABC FN42,1500,0.32,-1,-31.918,-57,-1.418
S1,3,226,954102422,CQ Q1ABC FN42,1500,0.32,-1,-32.323,-57.5,-1.323
S1,3,227,1799101030,CQ Q1ABC FN42,1500,0.32,-1,-31.81,-57,-1.31
S1,3,228,805653838,CQ Q1ABC FN42,1500,0.32,-2,-32.81,-57.5,-1.81
S1,3,229,375416496,CQ Q1ABC FN42,1500,0.32,-1,-33.278,-58.5,-1.278
S1,3,229,375416496,CQ AXR9RF1AUWU,1497,0.4,-15,-47.367,-58.5,-15.367
S1,4,0,184630235,CQ Q1ABC FN42,1500,0.32,1,-29.057,-57,1.443
S1,4,1,792672454,CQ Q1ABC FN42,1500,0.4,1,-29.025,-56.5,0.975
S1,4,2,2116022063,CQ Q1ABC FN42,1500,0.4,1,-29.253,-57,1.247
S1,4,3,1669976150,CQ Q1ABC FN42,1500,0.32,1,-29.506,-57,0.994
S1,4,3,1669976150,763UQR <RDCTM282> AR26,1522,-1.04,-22,-52.813,-57,-22.313
S1,4,4,1105695724,CQ Q1ABC FN42,1500,0.32,1,-28.753,-56.5,1.247
S1,4,5,913604711,CQ Q1ABC FN42,1500,0.32,1,-30.247,-58,1.253
S1,4,6,1306648998,CQ Q1ABC FN42,1500,0.32,1,-29.62,-57.5,1.38
S1,4,7,431633508,CQ Q1ABC FN42,1500,0.4,1,-29.203,-57,1.297
S1,4,8,362086323,CQ Q1ABC FN42,1500,0.4,1,-29.209,-57,1.291
S1,4,9,797290067,CQ Q1ABC FN42,1500,0.32,1,-29.038,-57,1.462
S1,4,10,457564648,CQ Q1ABC FN42,1500,0.32,1,-29.804,-57.5,1.196
S1,4,11,676284104,CQ Q1ABC FN42,1500,0.32,1,-29.19,-57,1.31
S1,4,12,695452097,CQ Q1ABC FN42,1500,0.32,1,-28.69,-56.5,1.31
S1,4,13,479390624,CQ Q1ABC FN42,1500,0.32,1,-29.424,-57,1.076
S1,4,14,1531159989,CQ Q1ABC FN42,1500,0.4,1,-29.304,-57,1.196
S1,4,14,1531159989,CQ 2QRLH0CIR6E,2906,-1.36,-27,-57.214,-57,-26.714
S1,4,15,782549645,CQ Q1ABC FN42,1500,0.32,1,-30.006,-57.5,0.994
S1,4,15,782549645,CQ /QMJ52ZRQCI,1497,0.32,-15,-46.829,-58,-15.329
S1,4,16,609985544,CQ Q1ABC FN42,1500,0.32,1,-29.19,-57,1.31
S1,4,17,1895525119,CQ Q1ABC FN42,1500,0.32,1,-29.557,-57.5,1.443
S1,4,18,667898222,CQ Q1ABC FN42,1500,0.32,1,-29.082,-57,1.418
S1,4,19,466710596,CQ Q1ABC FN42,1500,0.32,1,-29.481,-57,1.019
S1,4,20,673188258,CQ Q1ABC FN42,1500,0.32,1,-29.215,-57,1.285
S1,4,21,1683126998,CQ Q1ABC FN42,1500,0.32,1,-29.576,-57.5,1.424
S1,4,22,1125883476,CQ Q1ABC FN42,1500,0.32,1,-29.956,-57.5,1.044
S1,4,23,216347582,CQ Q1ABC FN42,1500,0.32,1,-28.873,-56.5,1.127
S1,4,24,706327463,CQ Q1ABC FN42,1500,0.4,1,-29.07,-56.5,0.93
S1,4,25,1023915984,CQ Q1ABC FN42,1500,0.32,1,-29.019,-57,1.481
S1,4,25,1023915984,<<RDCTM495>/P> OFW419OSWFX 73,216,-1.04,-27,-57.868,-57,-27.368
S1,4,26,201930771,CQ Q1ABC FN42,1500,0.32,1,-29.361,-57,1.139
S1,4,27,896150520,CQ Q1ABC FN42,1500,0.4,1,-29.215,-57,1.285
S1,4,28,987970612,CQ Q1ABC FN42,1500,0.32,1,-29.38,-57,1.12
S1,4,29,1943542075,CQ Q1ABC FN42,1500,0.32,1,-28.981,-56.5,1.019
S1,4,29,1943542075,CQ 2WHORJ9R7P3,1497,0.32,-14,-43.987,-56.5,-13.987
S1,4,30,748864446,CQ Q1ABC FN42,1500,0.32,1,-28.949,-56.5,1.051
S1,4,31,1365152717,CQ Q1ABC FN42,1500,0.32,1,-28.797,-56.5,1.203
S1,4,32,1649657689,CQ Q1ABC FN42,1500,0.32,1,-29.108,-57,1.392
S1,4,33,757195643,CQ Q1ABC FN42,1500,0.4,1,-29.171,-57,1.329
S1,4,34,1167099767,CQ Q1ABC FN42,1500,0.32,1,-29.203,-57,1.297
S1,4,34,1167099767,CQ 993Y7WNR7DB,1497,0.32,-14,-44.715,-57,-14.215
S1,4,34,1167099767,CQ 0GWHNY/XOKR,2322,1.04,-27,-57.044,-57,-26.544
S1,4,35,1074381557,CQ Q1ABC FN42,1500,0.32,1,-29.127,-57,1.373
S1,4,36,354805012,CQ Q1ABC FN42,1500,0.32,1,-28.418,-56,1.082
S1,4,37,268291176,CQ Q1ABC FN42,1500,0.4,1,-29.044,-57,1.456
S1,4,38,1428704703,CQ Q1ABC FN42,1500,0.32,1,-30.184,-58,1.316
S1,4,39,1049420545,CQ Q1ABC FN42,1500,0.32,1,-28.608,-56.5,1.392
S1,4,40,2050333981,CQ Q1ABC FN42,1500,0.4,1,-28.759,-56.5,1.241
S1,4,41,1510878381,CQ Q1ABC FN42,1500,0.32,1,-29.025,-56.5,0.975
S1,4,41,1510878381,LA8 EN <RDCTM326>/P OC64,1916,2.88,-27,-57.413,-57,-26.913
S1,4,42,1536167907,CQ Q1ABC FN42,1500,0.32,1,-29.076,-57,1.424
S1,4,42,1536167907,D90PRB <RDCTM223> CN04,425,2.4,-26,-56.519,-57,-26.019
S1,4,43,203742227,CQ Q1ABC FN42,1500,0.32,1,-28.589,-56.5,1.411
S1,4,43,203742227,?7O 6KAV.KX3-,1500,0.32,-17,-47.032,-56.5,-17.032
S1,4,44,1007614988,CQ Q1ABC FN42,1500,0.32,1,-29.741,-57.5,1.259
S1,4,45,728056372,CQ Q1ABC FN42,1500,0.32,1,-30.57,-58.5,1.43
S1,4,46,1867860578,CQ Q1ABC FN42,1500,0.4,1,-29.829,-57.5,1.171
S1,4,47,1039414911,CQ Q1ABC FN42,1500,0.32,1,-29.443,-57,1.057
S1,4,48,1288773322,CQ Q1ABC FN42,1500,0.32,1,-28.759,-56.5,1.241
S1,4,49,1827256250,CQ Q1ABC FN42,1500,0.32,1,-29.589,-57.5,1.411
S1,4,50,607333020,CQ Q1ABC FN42,1500,0.32,1,-29.222,-57,1.278
S1,4,51,1347976700,CQ Q1ABC FN42,1500,0.4,1,-29.532,-57,0.968
S1,4,52,1114503456,CQ Q1ABC FN42,1500,0.32,1,-29.601,-57.5,1.399
S1,4,53,1977204267,CQ Q1ABC FN42,1500,0.32,1,-29.709,-57.5,1.291
S1,4,54,681298581,CQ Q1ABC FN42,1500,0.32,1,-29.114,-57,1.386
S1,4,55,1046928875,CQ Q1ABC FN42,1500,0.32,1,-28.962,-56.5,1.038
S1,4,55,1046928875,<RDCTM397>/P <RDCTM588>/P KJ45,2306,1.12,-27,-57.076,-56.5,-27.076
S1,4,56,1058077523,CQ Q1ABC FN42,1500,0.32,1,-29.177,-57,1.323
S1,4,57,1868674068,CQ Q1ABC FN42,1500,0.32,1,-29.753,-57.5,1.247
S1,4,58,902241279,CQ Q1ABC FN42,1500,0.4,1,-29.006,-57,1.494
S1,4,59,544666291,CQ Q1ABC FN42,1500,0.4,1,-29.222,-57,1.278
S1,4,60,33825167,CQ Q1ABC FN42,1500,0.4,1,-29.5,-57,1
S1,4,61,1753358601,CQ Q1ABC FN42,1500,0.32,1,-28.975,-56.5,1.025
S1,4,61,1753358601,<RDCTM287> KX7 BW/R CC74,1047,-0.08,-25,-55.455,-57,-24.955
S1,4,62,1406093676,CQ Q1ABC FN42,1500,0.32,1,-29.228,-57,1.272
S1,4,63,263185304,CQ Q1ABC FN42,1500,0.4,1,-29.12,-57,1.38
S1,4,64,148034201,CQ Q1ABC FN42,1500,0.32,1,-29.684,-57.5,1.316
S1,4,65,794077939,CQ Q1ABC FN42,1500,0.32,1,-29.354,-57,1.146
S1,4,65,794077939,CQ 4I208IH9I18,1497,0.32,-12,-42.538,-57,-12.038
S1,4,66,1527604577,CQ Q1ABC FN42,1500,0.32,1,-28.88,-56.5,1.12
S1,4,66,1527604577,<RDCTM700> <RDCTM51>/P HP75,1528,3.12,-24,-53.088,-56,-23.588
S1,4,67,571511801,CQ Q1ABC FN42,1500,0.32,1,-28.918,-56.5,1.082
S1,4,68,781664038,CQ Q1ABC FN42,1500,0.32,1,-29.025,-57,1.475
S1,4,69,1798327101,CQ Q1ABC FN42,1500,0.32,1,-29.753,-57.5,1.247
S1,4,70,1591445364,CQ Q1ABC FN42,1500,0.32,1,-29.994,-57.5,1.006
S1,4,70,1591445364,<RDCTM764> <RDCTM738> HF71,1303,3.12,-28,-58.595,-57.5,-27.595
S1,4,71,2068184037,CQ Q1ABC FN42,1500,0.32,1,-29.816,-57.5,1.184
S1,4,72,643244431,CQ Q1ABC FN42,1500,0.32,1,-29.778,-57.5,1.222
S1,4,72,643244431,CQ 7616E EE4 A,2003,-1.52,-27,-58.152,-57.5,-27.152
S1,4,73,1267411284,CQ Q1ABC FN42,1500,0.32,1,-28.633,-56.5,1.367
S1,4,74,81602066,CQ Q1ABC FN42,1500,0.4,1,-29.816,-57.5,1.184
S1,4,75,1949435031,CQ Q1ABC FN42,1500,0.32,1,-29.456,-57,1.044
S1,4,75,1949435031,<RDCTM494> <RDCTM327>/P R DJ16,1169,-0.88,-27,-57.212,-57,-26.712
S1,4,76,1327795176,CQ Q1ABC FN42,1500,0.4,1,-29.152,-57,1.348
S1,4,77,2092388028,CQ Q1ABC FN42,1500,0.32,1,-29.063,-57,1.437
S1,4,78,1837573721,CQ Q1ABC FN42,1500,0.32,1,-29.259,-57,1.241
S1,4,79,178063843,CQ Q1ABC FN42,1500,0.32,1,-29.778,-57.5,1.222
S1,4,80,407967410,CQ Q1ABC FN42,1500,0.32,1,-29.728,-57.5,1.272
S1,4,81,999162014,CQ Q1ABC FN42,1500,0.32,1,-29.728,-57.5,1.272
S1,4,82,1983807345,CQ Q1ABC FN42,1500,0.32,1,-29.038,-56.5,0.962
S1,4,83,2062032398,CQ Q1ABC FN42,1500,0.32,1,-29.101,-57,1.399
S1,4,84,279366507,CQ Q1ABC FN42,1500,0.32,1,-28.741,-56.5,1.259
S1,4,85,932443290,CQ Q1ABC FN42,1500,0.32,1,-28.924,-56.5,1.076
S1,4,85,932443290,<RDCTM415> <RDCTM372>/P R KQ43,384,-1.12,-27,-57.007,-56.5,-27.007
S1,4,86,1400887944,CQ Q1ABC FN42,1500,0.32,1,-29.405,-57,1.095
S1,4,86,1400887944,CQ SLTW1C2DUDG,1497,0.4,-12,-42.753,-57.5,-11.753
S1,4,87,1048627487,CQ Q1ABC FN42,1500,0.32,1,-30.494,-58,1.006
S1,4,88,1800307719,CQ Q1ABC FN42,1500,0.32,1,-29.468,-57,1.032
S1,4,89,772970093,CQ Q1ABC FN42,1500,0.32,1,-29.475,-57,1.025
S1,4,90,1941234174,CQ Q1ABC FN42,1500,0.4,1,-29.051,-57,1.449
S1,4,90,1941234174,<RDCTM17>/P <RDCTM218> IQ92,1525,3.12,-22,-52.068,-56.5,-22.068
S1,4,91,595028607,CQ Q1ABC FN42,1500,0.4,1,-29.285,-57,1.215
S1,4,92,698784395,CQ Q1ABC FN42,1500,0.4,1,-29.152,-57,1.348
S1,4,93,2095015837,CQ Q1ABC FN42,1500,0.32,1,-28.69,-56.5,1.31
S1,4,94,566327797,CQ Q1ABC FN42,1500,0.32,2,-28.943,-57,1.557
S1,4,95,1693438308,CQ Q1ABC FN42,1500,0.4,2,-29.468,-57.5,1.532
S1,4,95,1693438308,36FGP/P K51UKC/P R JI27,1500,0.32,-16,-46.506,-57.5,-15.506
S1,4,96,42640599,CQ Q1ABC FN42,1500,0.32,1,-28.93,-56.5,1.07
S1,4,97,1753505251,CQ Q1ABC FN42,1500,0.32,2,-29.962,-58,1.538
S1,4,97,1753505251,CQ 61KP UDOK/M,1497,0.4,-14,-45.449,-58,-13.949
S1,4,97,1753505251,<RDCTM118>/R <RDCTM250> FE25,613,1.68,-27,-58.342,-58,-26.842
S1,4,98,1980418023,CQ Q1ABC FN42,1500,0.32,1,-28.677,-56.5,1.323
S1,4,99,1802002147,CQ Q1ABC FN42,1500,0.32,1,-29.652,-57.5,1.348
S1,4,100,1459318222,CQ Q1ABC FN42,1500,0.32,1,-29.006,-56.5,0.994
S1,4,101,1627508442,CQ Q1ABC FN42,1500,0.32,1,-28.968,-56.5,1.032
S1,4,102,11806850,CQ Q1ABC FN42,1500,0.32,1,-28.804,-56.5,1.196
S1,4,103,1518867268,CQ Q1ABC FN42,1500,0.32,1,-29.082,-57,1.418
S1,4,104,1562408815,CQ Q1ABC FN42,1500,0.4,1,-28.867,-56.5,1.133
S1,4,105,518906556,CQ Q1ABC FN42,1500,0.32,1,-28.867,-56.5,1.133
S1,4,105,518906556,CQ <...>,2650,-1.04,-26,-56.292,-56.5,-26.292
S1,4,105,518906556,473MGX <RDCTM353>/R R FQ94,2691,1.6,-26,-56.354,-56.5,-26.354
S1,4,106,688064768,CQ Q1ABC FN42,1500,0.32,1,-29.063,-57,1.437
S1,4,107,312442652,CQ Q1ABC FN42,1500,0.32,1,-29.259,-57,1.241
S1,4,107,312442652,X47ZVS <RDCTM482> R NL33,1750,-1.04,-26,-56.222,-57,-25.722
S1,4,108,1134456912,CQ Q1ABC FN42,1500,0.32,1,-29.209,-57,1.291
S1,4,109,764608207,CQ Q1ABC FN42,1500,0.32,1,-28.873,-56.5,1.127
S1,4,110,940464929,CQ Q1ABC FN42,1500,0.32,1,-28.797,-56.5,1.203
S1,4,111,1099241752,CQ Q1ABC FN42,1500,0.32,1,-29.152,-57,1.348
S1,4,112,435515660,CQ Q1ABC FN42,1500,0.4,1,-30.057,-58,1.443
S1,4,113,720883567,CQ Q1ABC FN42,1500,0.32,2,-28.987,-57,1.513
S1,4,114,1572883961,CQ Q1ABC FN42,1500,0.32,1,-29.734,-57.5,1.266
S1,4,115,1383588462,CQ Q1ABC FN42,1500,0.4,2,-28.949,-57,1.551
S1,4,116,1546645323,CQ Q1ABC FN42,1500,0.32,1,-30.361,-58,1.139
S1,4,117,2129988515,CQ Q1ABC FN42,1500,0.32,1,-29.082,-56.5,0.918
S1,4,118,511430435,CQ Q1ABC FN42,1500,0.32,1,-29.07,-57,1.43
S1,4,119,1968313111,CQ Q1ABC FN42,1500,0.32,1,-29.234,-57,1.266
S1,4,120,678197417,CQ Q1ABC FN42,1500,0.32,1,-29.184,-57,1.316
S1,4,121,1275565537,CQ Q1ABC FN42,1500,0.32,1,-29.329,-57,1.171
S1,4,122,1441029764,CQ Q1ABC FN42,1500,0.32,1,-29.272,-57,1.228
S1,4,123,260020643,CQ Q1ABC FN42,1500,0.32,1,-29.658,-57.5,1.342
S1,4,124,1626282119,CQ Q1ABC FN42,1500,0.4,1,-29.228,-57,1.272
S1,4,125,906862265,CQ Q1ABC FN42,1500,0.32,1,-29.152,-57,1.348
S1,4,126,2059842377,CQ Q1ABC FN42,1500,0.32,1,-28.918,-56.5,1.082
S1,4,127,311101372,CQ Q1ABC FN42,1500,0.32,1,-29.405,-57,1.095
S1,4,128,2009349663,CQ Q1ABC FN42,1500,0.32,1,-29.063,-57,1.437
S1,4,129,643196743,CQ Q1ABC FN42,1500,0.4,1,-29.519,-57,0.981
S1,4,130,825322567,CQ Q1ABC FN42,1500,0.32,1,-29.228,-57,1.272
S1,4,131,651238920,CQ Q1ABC FN42,1500,0.32,1,-29.259,-57,1.241
S1,4,131,651238920,<...> 553TGE R DJ74,941,-1.36,-26,-56.407,-57,-25.907
S1,4,132,113612426,CQ Q1ABC FN42,1500,0.32,1,-28.753,-56.5,1.247
S1,4,133,1137113110,CQ Q1ABC FN42,1500,0.32,1,-28.728,-56.5,1.272
S1,4,134,1841674561,CQ Q1ABC FN42,1500,0.4,1,-28.785,-56.5,1.215
S1,4,135,1165666180,CQ Q1ABC FN42,1500,0.32,1,-29.025,-57,1.475
S1,4,136,1371634379,CQ Q1ABC FN42,1500,0.32,1,-28.899,-56.5,1.101
S1,4,136,1371634379,<RDCTM26>/R <RDCTM130> AF89,2656,-1.12,-27,-56.646,-56.5,-26.646
S1,4,137,39051492,CQ Q1ABC FN42,1500,0.4,1,-29.044,-57,1.456
S1,4,138,1922650974,CQ Q1ABC FN42,1500,0.32,1,-29.095,-57,1.405
S1,4,139,1590223793,CQ Q1ABC FN42,1500,0.4,1,-28.861,-56.5,1.139
S1,4,140,1523565867,CQ Q1ABC FN42,1500,0.32,1,-28.924,-56.5,1.076
S1,4,141,114799639,CQ Q1ABC FN42,1500,0.4,1,-29.335,-57,1.165
S1,4,142,1202628312,CQ Q1ABC FN42,1500,0.32,1,-29.266,-57,1.234
S1,4,143,764191219,CQ Q1ABC FN42,1500,0.32,1,-29.709,-57.5,1.291
S1,4,144,1344602252,CQ Q1ABC FN42,1500,0.32,1,-29.563,-57.5,1.437
S1,4,145,287118060,CQ Q1ABC FN42,1500,0.32,1,-29.329,-57,1.171
S1,4,146,599488986,CQ Q1ABC FN42,1500,0.4,1,-29.032,-57,1.468
S1,4,147,1867586220,CQ Q1ABC FN42,1500,0.32,2,-29.5,-57.5,1.5
S1,4,148,2107429070,CQ Q1ABC FN42,1500,0.32,1,-29.563,-57.5,1.437
S1,4,149,1195977407,CQ Q1ABC FN42,1500,0.32,1,-28.684,-56.5,1.316
S1,4,149,1195977407,CQ 68QWGXL3SQI,1497,0.32,-13,-43.437,-56.5,-13.437
S1,4,150,1736598382,CQ Q1ABC FN42,1500,0.32,1,-29.456,-57,1.044
S1,4,151,161013593,CQ Q1ABC FN42,1500,0.4,1,-29.703,-57.5,1.297
S1,4,152,511713142,CQ Q1ABC FN42,1500,0.32,1,-29.538,-57,0.962
S1,4,153,53498630,CQ Q1ABC FN42,1500,0.32,1,-29.291,-57,1.209
S1,4,154,411420773,CQ Q1ABC FN42,1500,0.32,2,-28.892,-57,1.608
S1,4,155,1352631646,CQ Q1ABC FN42,1500,0.32,2,-28.911,-57,1.589
S1,4,155,1352631646,CQ <...>,1500,0.4,-16,-46.367,-57,-15.867
S1,4,156,784066281,CQ Q1ABC FN42,1500,0.4,1,-29.108,-57,1.392
S1,4,157,172384098,CQ Q1ABC FN42,1500,0.32,1,-29.525,-57.5,1.475
S1,4,158,492228073,CQ Q1ABC FN42,1500,0.32,1,-29.608,-57.5,1.392
S1,4,159,1811196416,CQ Q1ABC FN42,1500,0.32,1,-29.538,-57.5,1.462
S1,4,160,686275028,CQ Q1ABC FN42,1500,0.4,1,-28.854,-56.5,1.146
S1,4,161,951498353,CQ Q1ABC FN42,1500,0.32,1,-28.892,-56.5,1.108
S1,4,162,1217096990,CQ Q1ABC FN42,1500,0.32,1,-29.544,-57,0.956
S1,4,162,1217096990,<RDCTM701>/R <RDCTM239>/R R IG70,713,-1.2,-26,-57.169,-57.5,-26.169
S1,4,163,1432519650,CQ Q1ABC FN42,1500,0.32,1,-28.373,-56,1.127
S1,4,164,1558784620,CQ Q1ABC FN42,1500,0.32,1,-29.234,-57,1.266
S1,4,165,1521368249,CQ Q1ABC FN42,1500,0.32,1,-29.506,-57,0.994
S1,4,166,1709378545,CQ Q1ABC FN42,1500,0.4,1,-28.848,-56.5,1.152
S1,4,167,919335537,CQ Q1ABC FN42,1500,0.32,1,-28.88,-56.5,1.12
S1,4,168,965333567,CQ Q1ABC FN42,1500,0.4,1,-29.139,-57,1.361
S1,4,169,82075816,CQ Q1ABC FN42,1500,0.32,1,-29.551,-57.5,1.449
S1,4,170,1729955812,CQ Q1ABC FN42,1500,0.32,1,-29.342,-57,1.158
S1,4,171,401242295,CQ Q1ABC FN42,1500,0.32,1,-29.892,-57.5,1.108
S1,4,172,1386655937,CQ Q1ABC FN42,1500,0.32,1,-29.146,-56.5,0.854
S1,4,173,1876345493,CQ Q1ABC FN42,1500,0.4,1,-29.184,-57,1.316
S1,4,173,1876345493,<RDCTM74> K39KCO R FH74,1334,1.2,-27,-57.158,-56.5,-27.158
S1,4,174,1599678206,CQ Q1ABC FN42,1500,0.32,1,-29.405,-57,1.095
S1,4,175,1111361782,CQ Q1ABC FN42,1500,0.32,2,-29.475,-57.5,1.525
S1,4,176,892439667,CQ Q1ABC FN42,1500,0.32,1,-29.228,-57,1.272
S1,4,176,892439667,<...> / SXR/038DS RR73,1497,0.32,-13,-43.987,-57,-13.487
S1,4,177,716423892,CQ Q1ABC FN42,1500,0.4,1,-29.063,-56.5,0.937
S1,4,177,716423892,EA8 KM <RDCTM515>/P NC87,481,3.12,-27,-57.041,-57,-26.541
S1,4,178,1743718338,CQ Q1ABC FN42,1500,0.32,1,-29.057,-57,1.443
S1,4,178,1743718338,<RDCTM645> <RDCTM392> F/R R JI39,1500,0.32,-15,-45.829,-57,-15.329
S1,4,179,992888248,CQ Q1ABC FN42,1500,0.32,1,-29.209,-57,1.291
S1,4,180,658945963,CQ Q1ABC FN42,1500,0.32,2,-29.43,-57.5,1.57
S1,4,181,478090276,CQ Q1ABC FN42,1500,0.32,2,-29.975,-58,1.525
S1,4,182,1275211640,CQ Q1ABC FN42,1500,0.32,1,-29.291,-57,1.209
S1,4,183,1404809127,CQ Q1ABC FN42,1500,0.32,1,-28.88,-56.5,1.12
S1,4,184,542844894,CQ Q1ABC FN42,1500,0.4,1,-28.956,-56.5,1.044
S1,4,185,1687561426,CQ Q1ABC FN42,1500,0.32,1,-29.62,-57.5,1.38
S1,4,186,1010149429,CQ Q1ABC FN42,1500,0.32,2,-29.949,-58,1.551
S1,4,187,367760748,CQ Q1ABC FN42,1500,0.32,1,-29.538,-57,0.962
S1,4,187,367760748,<...> 4INSRN9DVAP,1472,0.64,-22,-52.032,-57,-21.532
S1,4,188,978129262,CQ Q1ABC FN42,1500,0.4,1,-30.608,-58.5,1.392
S1,4,189,792386177,CQ Q1ABC FN42,1500,0.4,1,-30.709,-58.5,1.291
S1,4,190,1707430489,CQ Q1ABC FN42,1500,0.32,1,-29.544,-57.5,1.456
S1,4,190,1707430489,CQ 2FI5OD8THF,1497,0.32,-12,-43.386,-57.5,-12.386
S1,4,191,1938265974,CQ Q1ABC FN42,1500,0.32,2,-28.487,-56.5,1.513
S1,4,192,455545475,CQ Q1ABC FN42,1500,0.4,2,-29.5,-57.5,1.5
S1,4,193,1256758216,CQ Q1ABC FN42,1500,0.32,1,-29.304,-57,1.196
S1,4,194,635916986,CQ Q1ABC FN42,1500,0.4,2,-29.468,-57.5,1.532
S1,4,195,707748603,CQ Q1ABC FN42,1500,0.32,1,-29.266,-57,1.234
S1,4,196,1804814444,CQ Q1ABC FN42,1500,0.32,1,-29.646,-57.5,1.354
S1,4,197,2028647973,CQ Q1ABC FN42,1500,0.32,1,-29.608,-57.5,1.392
S1,4,198,773477186,CQ Q1ABC FN42,1500,0.32,2,-29.354,-57.5,1.646
S1,4,199,1999162502,CQ Q1ABC FN42,1500,0.32,1,-29.741,-57.5,1.259
S1,4,200,1108761113,CQ Q1ABC FN42,1500,0.32,1,-29.253,-57,1.247
S1,4,201,97000194,CQ Q1ABC FN42,1500,0.4,2,-28.981,-57,1.519
S1,4,202,351197919,CQ Q1ABC FN42,1500,0.32,1,-29.696,-57.5,1.304
S1,4,203,1517515650,CQ Q1ABC FN42,1500,0.4,1,-28.899,-56.5,1.101
S1,4,204,1006725828,CQ Q1ABC FN42,1500,0.32,1,-29.07,-57,1.43
S1,4,205,2042509595,CQ Q1ABC FN42,1500,0.32,2,-29.892,-58,1.608
S1,4,206,892550245,CQ Q1ABC FN42,1500,0.32,1,-28.595,-56.5,1.405
S1,4,206,892550245,<RDCTM225> <RDCTM297> R AE94,881,-0.72,-26,-56,-56.5,-26
S1,4,207,217666788,CQ Q1ABC FN42,1500,0.32,1,-30.424,-58,1.076
S1,4,207,217666788,T4 18/J0KJ8 <...> RR73,756,1.44,-27,-58.576,-58.5,-26.576
S1,4,208,360777028,CQ Q1ABC FN42,1500,0.32,1,-29.994,-57.5,1.006
S1,4,209,1322287920,CQ Q1ABC FN42,1500,0.32,1,-28.88,-56.5,1.12
S1,4,210,151728786,CQ Q1ABC FN42,1500,0.32,1,-30.203,-58,1.297
S1,4,211,1507063322,CQ Q1ABC FN42,1500,0.32,1,-29.804,-57.5,1.196
S1,4,212,397536584,CQ Q1ABC FN42,1500,0.32,1,-29.538,-57.5,1.462
S1,4,213,310592326,CQ Q1ABC FN42,1500,0.4,1,-29.304,-57,1.196
S1,4,214,1743873344,CQ Q1ABC FN42,1500,0.32,2,-28.924,-57,1.576
S1,4,215,928823184,CQ Q1ABC FN42,1500,0.4,1,-29.152,-57,1.348
S1,4,216,98558623,CQ Q1ABC FN42,1500,0.4,1,-28.918,-56.5,1.082
S1,4,217,1674288651,CQ Q1ABC FN42,1500,0.32,1,-28.987,-56.5,1.013
S1,4,218,916541749,CQ Q1ABC FN42,1500,0.32,1,-29.886,-57.5,1.114
S1,4,219,2019497702,CQ Q1ABC FN42,1500,0.4,1,-29.228,-57,1.272
S1,4,219,2019497702,<...> PUDRFBZV874,547,-0.8,-26,-56.115,-57,-25.615
S1,4,220,758962269,CQ Q1ABC FN42,1500,0.32,1,-29.449,-57,1.051
S1,4,221,1067298772,CQ Q1ABC FN42,1500,0.32,1,-29.114,-57,1.386
S1,4,222,1464152037,CQ Q1ABC FN42,1500,0.4,1,-29.937,-57.5,1.063
S1,4,223,1535221336,CQ Q1ABC FN42,1500,0.32,1,-29.101,-57,1.399
S1,4,224,1312854792,CQ Q1ABC FN42,1500,0.32,1,-30.089,-57.5,0.911
S1,4,225,1256383851,CQ Q1ABC FN42,1500,0.4,1,-29.861,-57.5,1.139
S1,4,225,1256383851,C31DNO <RDCTM255>/P HG43,1503,0.32,-18,-48.506,-57.5,-17.506
S1,4,226,858842267,CQ Q1ABC FN42,1500,0.32,1,-30.101,-58,1.399
S1,4,227,320975482,CQ Q1ABC FN42,1500,0.32,1,-29.209,-57,1.291
S1,4,227,320975482,<RDCTM507>/P <RDCTM508>/P LO95,1503,0.32,-16,-46.513,-57,-16.013
S1,4,228,707504954,CQ Q1ABC FN42,1500,0.32,1,-29.323,-57,1.177
S1,4,229,499167380,CQ Q1ABC FN42,1500,0.32,1,-29.31,-57,1.19
S1,5,0,528655056,CQ Q1ABC FN42,1500,0.32,5,-26.981,-58,4.519
S1,5,1,108725431,CQ Q1ABC FN42,1500,0.4,5,-26.93,-58,4.57
S1,5,2,2006277236,CQ Q1ABC FN42,1500,0.4,4,-26.684,-57.5,4.316
S1,5,3,1577793700,CQ Q1ABC FN42,1500,0.4,5,-26.43,-57.5,4.57
S1,5,4,572985570,CQ Q1ABC FN42,1500,0.32,5,-26.392,-57.5,4.608
S1,5,5,568887930,CQ Q1ABC FN42,1500,0.32,4,-26.646,-57.5,4.354
S1,5,6,1559530927,CQ Q1ABC FN42,1500,0.32,5,-26.987,-58,4.513
S1,5,7,2027934931,CQ Q1ABC FN42,1500,0.4,4,-26.525,-57.5,4.475
S1,5,8,1358551141,CQ Q1ABC FN42,1500,0.32,5,-26,-57,4.5
S1,5,9,1978344609,CQ Q1ABC FN42,1500,0.32,4,-26.133,-57,4.367
S1,5,10,1466198293,CQ Q1ABC FN42,1500,0.32,4,-26.291,-57,4.209
S1,5,11,1800542655,CQ Q1ABC FN42,1500,0.32,5,-26.449,-57.5,4.551
S1,5,12,1406138911,CQ Q1ABC FN42,1500,0.32,5,-25.956,-57,4.544
S1,5,13,1370585115,CQ Q1ABC FN42,1500,0.32,4,-26.418,-57,4.082
S1,5,14,1721797273,CQ Q1ABC FN42,1500,0.4,4,-26.563,-57.5,4.437
S1,5,15,37176085,CQ Q1ABC FN42,1500,0.32,4,-26.405,-57,4.095
S1,5,16,1497161231,CQ Q1ABC FN42,1500,0.32,4,-26.07,-57,4.43
S1,5,17,451944933,CQ Q1ABC FN42,1500,0.32,4,-26.557,-57.5,4.443
S1,5,18,549090246,CQ Q1ABC FN42,1500,0.32,5,-25.88,-57,4.62
S1,5,19,1120951027,CQ Q1ABC FN42,1500,0.32,4,-26.62,-57.5,4.38
S1,5,20,1198085450,CQ Q1ABC FN42,1500,0.32,4,-26.354,-57,4.146
S1,5,21,294501413,CQ Q1ABC FN42,1500,0.32,4,-26.905,-57.5,4.095
S1,5,21,294501413,<...> <...> R AN15,1334,0.96,-27,-57.209,-57,-26.709
S1,5,22,1655973408,CQ Q1ABC FN42,1500,0.32,4,-26.247,-57,4.253
S1,5,23,1553313410,CQ Q1ABC FN42,1500,0.32,4,-26.234,-57,4.266
S1,5,24,878231522,CQ Q1ABC FN42,1500,0.32,4,-26.228,-57,4.272
S1,5,25,2021875920,CQ Q1ABC FN42,1500,0.32,4,-26.139,-57,4.361
S1,5,26,899564391,CQ Q1ABC FN42,1500,0.32,4,-26.259,-57,4.241
S1,5,27,1213671179,CQ Q1ABC FN42,1500,0.4,4,-26.329,-57,4.171
S1,5,28,151770683,CQ Q1ABC FN42,1500,0.4,4,-26.12,-57,4.38
S1,5,29,2128607035,CQ Q1ABC FN42,1500,0.32,4,-26.095,-57,4.405
S1,5,30,66395318,CQ Q1ABC FN42,1500,0.4,4,-26.854,-57.5,4.146
S1,5,31,778583863,CQ Q1ABC FN42,1500,0.32,4,-26.589,-57.5,4.411
S1,5,32,2016712999,CQ Q1ABC FN42,1500,0.32,4,-26.215,-57,4.285
S1,5,33,1624497645,CQ Q1ABC FN42,1500,0.32,4,-26.101,-57,4.399
S1,5,34,796774224,CQ Q1ABC FN42,1500,0.32,4,-26.538,-57,3.962
S1,5,34,796774224,CQ 2VA2AOD3ZRI,569,2.56,-26,-57.117,-57.5,-26.117
S1,5,35,1486145860,CQ Q1ABC FN42,1500,0.4,4,-27.019,-58,4.481
S1,5,36,1849100976,CQ Q1ABC FN42,1500,0.32,5,-26.848,-58,4.652
S1,5,36,1849100976,<RDCTM466> I/R <RDCTM35> R KK00,284,-0.72,-26,-57.736,-58,-26.236
S1,5,37,328043392,CQ Q1ABC FN42,1500,0.32,4,-26.222,-57,4.278
S1,5,38,342028298,CQ Q1ABC FN42,1500,0.32,4,-26.399,-57,4.101
S1,5,39,1948280770,CQ Q1ABC FN42,1500,0.32,4,-26.038,-57,4.462
S1,5,40,493716282,CQ Q1ABC FN42,1500,0.32,4,-26.867,-57.5,4.133
S1,5,41,23948579,CQ Q1ABC FN42,1500,0.32,4,-26.424,-57,4.076
S1,5,42,54295707,CQ Q1ABC FN42,1500,0.4,4,-26.538,-57.5,4.462
S1,5,43,1857525734,CQ Q1ABC FN42,1500,0.32,5,-26.892,-58,4.608
S1,5,44,548989310,CQ Q1ABC FN42,1500,0.32,4,-26.209,-57,4.291
S1,5,45,731694296,CQ Q1ABC FN42,1500,0.32,4,-26.316,-57,4.184
S1,5,45,731694296,CQ <...>,1300,-0.72,-27,-57.122,-56.5,-27.122
S1,5,46,1781812750,CQ Q1ABC FN42,1500,0.32,5,-26.949,-58,4.551
S1,5,47,1054319215,CQ Q1ABC FN42,1500,0.32,4,-26.715,-57.5,4.285
S1,5,47,1054319215,B46ASH/R <RDCTM285>/R MI20,1503,0.24,-15,-46.215,-57.5,-15.215
S1,5,48,923751297,CQ Q1ABC FN42,1500,0.32,4,-26.62,-57.5,4.38
S1,5,49,1122320280,CQ Q1ABC FN42,1500,0.32,4,-26.373,-57,4.127
S1,5,50,2049020840,CQ Q1ABC FN42,1500,0.32,4,-26.196,-57,4.304
S1,5,51,1857477352,CQ Q1ABC FN42,1500,0.32,4,-27.152,-58,4.348
S1,5,52,1220069205,CQ Q1ABC FN42,1500,0.32,4,-26.367,-57,4.133
S1,5,53,1944416021,CQ Q1ABC FN42,1500,0.4,4,-26.475,-57,4.025
S1,5,54,1373295959,CQ Q1ABC FN42,1500,0.4,4,-26.38,-57,4.12
S1,5,55,1395764168,CQ Q1ABC FN42,1500,0.32,4,-26.639,-57.5,4.361
S1,5,56,1710338585,CQ Q1ABC FN42,1500,0.32,4,-27.456,-58,4.044
S1,5,57,618605810,CQ Q1ABC FN42,1500,0.32,4,-26.867,-57.5,4.133
S1,5,58,1930018809,CQ Q1ABC FN42,1500,0.32,4,-26.006,-57,4.494
S1,5,59,1980523402,CQ Q1ABC FN42,1500,0.4,4,-26.342,-57,4.158
S1,5,60,1714608602,CQ Q1ABC FN42,1500,0.32,4,-26.538,-57.5,4.462
S1,5,61,526444430,CQ Q1ABC FN42,1500,0.4,4,-25.791,-56.5,4.209
S1,5,62,1645563227,CQ Q1ABC FN42,1500,0.32,4,-26.215,-57,4.285
S1,5,63,1732335426,CQ Q1ABC FN42,1500,0.32,4,-26.753,-57.5,4.247
S1,5,64,180216465,CQ Q1ABC FN42,1500,0.32,5,-27.43,-58.5,4.57
S1,5,64,180216465,CQ 514S0DDKV3T,1953,-1.2,-27,-59.035,-58.5,-27.035
S1,5,64,180216465,<RDCTM398> <RDCTM29>/P R FO82,731,-0.96,-26,-58.445,-58.5,-26.445
S1,5,65,49043972,CQ Q1ABC FN42,1500,0.4,4,-26.589,-57.5,4.411
S1,5,66,324216143,CQ Q1ABC FN42,1500,0.32,4,-26.791,-57.5,4.209
S1,5,67,709892757,CQ Q1ABC FN42,1500,0.32,4,-26.215,-57,4.285
S1,5,68,1369452930,CQ Q1ABC FN42,1500,0.32,4,-26.215,-57,4.285
S1,5,69,1212738549,CQ Q1ABC FN42,1500,0.32,4,-27.215,-58,4.285
S1,5,69,1212738549,<...> X16GMG/R EH30,1388,-1.36,-25,-56.479,-57.5,-25.479
S1,5,70,1347968481,CQ Q1ABC FN42,1500,0.32,5,-25.987,-57,4.513
S1,5,70,1347968481,CQ R8HU9CB3X/X,1497,0.32,-12,-42.348,-57,-11.848
S1,5,71,67549829,CQ Q1ABC FN42,1500,0.32,4,-26.829,-57.5,4.171
S1,5,71,67549829,8.TN?Y/A-UOO?,2084,-1.52,-26,-57.623,-58,-26.123
S1,5,72,88070582,CQ Q1ABC FN42,1500,0.32,4,-26.816,-57.5,4.184
S1,5,73,422588996,CQ Q1ABC FN42,1500,0.32,4,-26.684,-57.5,4.316
S1,5,74,347684993,CQ Q1ABC FN42,1500,0.32,4,-26.544,-57,3.956
S1,5,75,390865544,CQ Q1ABC FN42,1500,0.32,4,-27.222,-58,4.278
S1,5,76,231619624,CQ Q1ABC FN42,1500,0.4,5,-26.468,-57.5,4.532
S1,5,77,801421413,CQ Q1ABC FN42,1500,0.32,5,-26.943,-58,4.557
S1,5,78,579035999,CQ Q1ABC FN42,1500,0.32,5,-26.981,-58,4.519
S1,5,79,266315909,CQ Q1ABC FN42,1500,0.4,4,-26.791,-57.5,4.209
S1,5,80,1981382917,CQ Q1ABC FN42,1500,0.32,4,-26.196,-57,4.304
S1,5,81,558628610,CQ Q1ABC FN42,1500,0.32,4,-26.804,-57.5,4.196
S1,5,82,1691468939,CQ Q1ABC FN42,1500,0.4,4,-27.095,-58,4.405
S1,5,83,661620729,CQ Q1ABC FN42,1500,0.4,5,-26.481,-57.5,4.519
S1,5,84,1745898968,CQ Q1ABC FN42,1500,0.4,5,-26.975,-58,4.525
S1,5,85,1004869384,CQ Q1ABC FN42,1500,0.32,4,-25.962,-56.5,4.038
S1,5,86,886467205,CQ Q1ABC FN42,1500,0.32,4,-26.772,-57.5,4.228
S1,5,87,1259193148,CQ Q1ABC FN42,1500,0.32,5,-25.911,-57,4.589
S1,5,88,471875768,CQ Q1ABC FN42,1500,0.32,4,-26.677,-57.5,4.323
S1,5,89,1161965582,CQ Q1ABC FN42,1500,0.4,5,-25.975,-57,4.525
S1,5,90,381337866,CQ Q1ABC FN42,1500,0.32,5,-26.886,-58,4.614
S1,5,91,497606341,CQ Q1ABC FN42,1500,0.4,5,-26.475,-57.5,4.525
S1,5,92,1950602445,CQ Q1ABC FN42,1500,0.4,4,-26.563,-57.5,4.437
S1,5,93,1632020875,CQ Q1ABC FN42,1500,0.4,4,-26.057,-57,4.443
S1,5,94,1811702008,CQ Q1ABC FN42,1500,0.32,4,-26.956,-57.5,4.044
S1,5,94,1811702008,<...> YC8YZ1TOA33 73,2350,-1.04,-26,-57.882,-58,-26.382
S1,5,95,1507187871,CQ Q1ABC FN42,1500,0.32,4,-26.424,-57,4.076
S1,5,96,79607556,CQ Q1ABC FN42,1500,0.4,4,-26.487,-57,4.013
S1,5,97,854726823,CQ Q1ABC FN42,1500,0.32,4,-26.354,-57,4.146
S1,5,97,854726823,79OLT/R <RDCTM436> CF53,1428,2.32,-27,-57.253,-57,-26.753
S1,5,98,1337817595,CQ Q1ABC FN42,1500,0.32,4,-26.582,-57.5,4.418
S1,5,99,2097161088,CQ Q1ABC FN42,1500,0.4,4,-26.601,-57.5,4.399
S1,5,100,707885454,CQ Q1ABC FN42,1500,0.4,4,-26.456,-57,4.044
S1,5,101,253404628,CQ Q1ABC FN42,1500,0.32,4,-27.013,-58,4.487
S1,5,101,253404628,<RDCTM423> <RDCTM661> R QO41,1203,2.56,-26,-57.89,-58,-26.39
S1,5,102,1800481837,CQ Q1ABC FN42,1500,0.4,4,-26.513,-57.5,4.487
S1,5,103,621227546,CQ Q1ABC FN42,1500,0.32,4,-26.196,-57,4.304
S1,5,103,621227546,2A?NP0QYIW4-K,2491,-1.36,-27,-57.486,-57,-26.986
S1,5,104,1245301829,CQ Q1ABC FN42,1500,0.4,4,-26.184,-57,4.316
S1,5,104,1245301829,5YS4KCEPBO <...> 73,2744,-0.24,-27,-57.76,-57,-27.26
S1,5,105,1546956938,CQ Q1ABC FN42,1500,0.32,4,-27.354,-58,4.146
S1,5,106,88763092,CQ Q1ABC FN42,1500,0.32,4,-26.741,-57.5,4.259
S1,5,107,1040733381,CQ Q1ABC FN42,1500,0.32,4,-26.962,-57.5,4.038
S1,5,108,2036765041,CQ Q1ABC FN42,1500,0.32,5,-26.494,-57.5,4.506
S1,5,109,556128544,CQ Q1ABC FN42,1500,0.4,4,-26.323,-57,4.177
S1,5,110,1282614745,CQ Q1ABC FN42,1500,0.4,4,-26.62,-57.5,4.38
S1,5,110,1282614745,B90PLU <RDCTM126> KH66,1122,2.88,-28,-58.647,-57.5,-27.647
S1,5,111,1379036641,CQ Q1ABC FN42,1500,0.32,5,-26.981,-58,4.519
S1,5,111,1379036641,CQ 5PXP8SJGKWH,1497,0.4,-12,-43.93,-58,-12.43
S1,5,112,876551419,CQ Q1ABC FN42,1500,0.32,4,-27.532,-58.5,4.468
S1,5,112,876551419,94A3LWKKW 1 <...>,1003,-1.2,-26,-58.338,-58.5,-26.338
S1,5,113,1260448879,CQ Q1ABC FN42,1500,0.32,4,-26.424,-57,4.076
S1,5,113,1260448879,CQ QMWGA3VOSJR,2138,-0.88,-26,-56.945,-57.5,-25.945
S1,5,113,1260448879,<...> 2JR56VKDOIR RR73,2803,-0.96,-27,-57.856,-57.5,-26.856
S1,5,114,13844358,CQ Q1ABC FN42,1500,0.32,4,-26.025,-56.5,3.975
S1,5,115,572857121,CQ Q1ABC FN42,1500,0.32,5,-26.418,-57.5,4.582
S1,5,116,902733517,CQ Q1ABC FN42,1500,0.32,5,-26.975,-58,4.525
S1,5,117,1246808732,CQ Q1ABC FN42,1500,0.32,4,-26.063,-57,4.437
S1,5,118,632977253,CQ Q1ABC FN42,1500,0.32,4,-26.88,-57.5,4.12
S1,5,119,1330425933,CQ Q1ABC FN42,1500,0.32,4,-27.582,-58.5,4.418
S1,5,119,1330425933,<RDCTM184>/R <RDCTM777>/R NJ48,1503,0.24,-15,-46.943,-58.5,-14.943
S1,5,120,735875186,CQ Q1ABC FN42,1500,0.32,4,-26.709,-57.5,4.291
S1,5,121,1586096912,CQ Q1ABC FN42,1500,0.32,4,-26.475,-57,4.025
S1,5,121,1586096912,CQ <...>,2625,-1.2,-25,-56.394,-57.5,-25.394
S1,5,122,1989273269,CQ Q1ABC FN42,1500,0.32,5,-26.949,-58,4.551
S1,5,123,64092109,CQ Q1ABC FN42,1500,0.4,4,-27.095,-58,4.405
S1,5,124,721490716,CQ Q1ABC FN42,1500,0.32,4,-26.589,-57.5,4.411
S1,5,125,1287972928,CQ Q1ABC FN42,1500,0.32,4,-26.772,-57.5,4.228
S1,5,126,452547012,CQ Q1ABC FN42,1500,0.4,4,-26.266,-57,4.234
S1,5,127,1992360976,CQ Q1ABC FN42,1500,0.32,4,-27.082,-58,4.418
S1,5,128,2080691239,CQ Q1ABC FN42,1500,0.32,4,-25.975,-56.5,4.025
S1,5,129,476814777,CQ Q1ABC FN42,1500,0.32,4,-26.032,-57,4.468
S1,5,130,270581187,CQ Q1ABC FN42,1500,0.4,5,-26.816,-58,4.684
S1,5,131,1710210612,CQ Q1ABC FN42,1500,0.32,4,-26.595,-57.5,4.405
S1,5,131,1710210612,<RDCTM743>/P W68GFW EG56,553,-1.12,-26,-56.854,-57.5,-25.854
S1,5,132,2053043618,CQ Q1ABC FN42,1500,0.32,4,-27.304,-58,4.196
S1,5,133,725981865,CQ Q1ABC FN42,1500,0.32,4,-26.759,-57.5,4.241
S1,5,134,1042268161,CQ Q1ABC FN42,1500,0.32,4,-27.234,-58,4.266
S1,5,134,1042268161,<RDCTM600> I37NNU/R NK60,1503,0.24,-15,-46.203,-58,-14.703
S1,5,134,1042268161,CQ <...>,1497,0.24,-15,-46.127,-58,-14.627
S1,5,135,45184349,CQ Q1ABC FN42,1500,0.32,4,-26.259,-57,4.241
S1,5,136,2126958972,CQ Q1ABC FN42,1500,0.32,4,-25.703,-56.5,4.297
S1,5,137,809646956,CQ Q1ABC FN42,1500,0.32,4,-26.386,-57,4.114
S1,5,138,1720516272,CQ Q1ABC FN42,1500,0.32,4,-26.31,-57,4.19
S1,5,139,773192252,CQ Q1ABC FN42,1500,0.32,4,-26.114,-57,4.386
S1,5,140,127341477,CQ Q1ABC FN42,1500,0.32,4,-26.07,-57,4.43
S1,5,141,400859217,CQ Q1ABC FN42,1500,0.32,4,-26.728,-57.5,4.272
S1,5,141,400859217,CQ 5LN//BPQPX3,1497,0.4,-11,-41.937,-57.5,-10.937
S1,5,142,1241737701,CQ Q1ABC FN42,1500,0.4,5,-26.975,-58,4.525
S1,5,143,193319731,CQ Q1ABC FN42,1500,0.32,4,-26.677,-57.5,4.323
S1,5,143,193319731,3XV6GQF <RDCTM493> +=5,2022,-1.04,-27,-57.813,-57.5,-26.813
S1,5,144,169898456,CQ Q1ABC FN42,1500,0.32,4,-25.899,-56.5,4.101
S1,5,145,1756941027,CQ Q1ABC FN42,1500,0.32,4,-26.633,-57.5,4.367
S1,5,146,1199243279,CQ Q1ABC FN42,1500,0.32,4,-26.576,-57.5,4.424
S1,5,147,609876404,CQ Q1ABC FN42,1500,0.32,5,-26.88,-58,4.62
S1,5,147,609876404,CQ <...>,1503,0.48,-16,-47.962,-58,-16.462
S1,5,148,1998902024,CQ Q1ABC FN42,1500,0.4,4,-26.266,-57,4.234
S1,5,149,345946128,CQ Q1ABC FN42,1500,0.32,4,-26.456,-57,4.044
S1,5,150,2082648453,CQ Q1ABC FN42,1500,0.32,4,-26.728,-57.5,4.272
S1,5,151,1670330206,CQ Q1ABC FN42,1500,0.32,5,-26.475,-57.5,4.525
S1,5,151,1670330206,G36BBP A90ZUY JH74,2638,-0.72,-26,-56.507,-57.5,-25.507
S1,5,152,771696614,CQ Q1ABC FN42,1500,0.32,5,-25.949,-57,4.551
S1,5,153,1618452859,CQ Q1ABC FN42,1500,0.32,4,-26.589,-57.5,4.411
S1,5,154,635109893,CQ Q1ABC FN42,1500,0.4,4,-26.886,-57.5,4.114
S1,5,154,635109893,<...> 468OKR IJ68,1959,-1.28,-28,-58.803,-57.5,-27.803
S1,5,155,1744910100,CQ Q1ABC FN42,1500,0.32,4,-26.684,-57.5,4.316
S1,5,156,248999924,CQ Q1ABC FN42,1500,0.32,4,-27.158,-58,4.342
S1,5,157,1084178345,CQ Q1ABC FN42,1500,0.32,5,-26.494,-57.5,4.506
S1,5,158,453432438,CQ Q1ABC FN42,1500,0.32,4,-26.519,-57.5,4.481
S1,5,159,496169936,CQ Q1ABC FN42,1500,0.32,4,-27.209,-58,4.291
S1,5,160,1183887022,CQ Q1ABC FN42,1500,0.4,4,-26.373,-57,4.127
S1,5,161,249525538,CQ Q1ABC FN42,1500,0.32,4,-26.323,-57,4.177
S1,5,162,1425631471,CQ Q1ABC FN42,1500,0.32,4,-26.437,-57,4.063
S1,5,163,1069344590,CQ Q1ABC FN42,1500,0.32,4,-26.367,-57,4.133
S1,5,164,301936674,CQ Q1ABC FN42,1500,0.32,5,-26.981,-58,4.519
S1,5,164,301936674,CQ VVRQ <RDCTM197> HI80,1697,-1.52,-27,-58.094,-57.5,-27.094
S1,5,165,1861511242,CQ Q1ABC FN42,1500,0.32,4,-26.652,-57.5,4.348
S1,5,165,1861511242,CQ HIY7ZNC6PGU,1481,2.32,-17,-47.766,-57.5,-16.766
S1,5,166,1943154686,CQ Q1ABC FN42,1500,0.32,4,-26.057,-57,4.443
S1,5,167,696654939,CQ Q1ABC FN42,1500,0.32,4,-27.032,-58,4.468
S1,5,168,1789090765,CQ Q1ABC FN42,1500,0.32,4,-26.348,-57,4.152
S1,5,169,1171862952,CQ Q1ABC FN42,1500,0.32,4,-25.949,-56.5,4.051
S1,5,170,985234493,CQ Q1ABC FN42,1500,0.4,4,-26.209,-57,4.291
S1,5,171,256136161,CQ Q1ABC FN42,1500,0.32,4,-26.513,-57.5,4.487
S1,5,172,1741530011,CQ Q1ABC FN42,1500,0.4,4,-26.797,-57.5,4.203
S1,5,173,2143374730,CQ Q1ABC FN42,1500,0.32,4,-26.038,-57,4.462
S1,5,174,1406421410,CQ Q1ABC FN42,1500,0.32,4,-26.044,-56.5,3.956
S1,5,175,920250073,CQ Q1ABC FN42,1500,0.32,4,-26.791,-57.5,4.209
S1,5,176,584967948,CQ Q1ABC FN42,1500,0.32,4,-25.747,-56.5,4.253
S1,5,177,2118076887,CQ Q1ABC FN42,1500,0.32,4,-26.253,-57,4.247
S1,5,178,775007909,CQ Q1ABC FN42,1500,0.4,4,-27.367,-58,4.133
S1,5,179,323511715,CQ Q1ABC FN42,1500,0.4,4,-26.842,-57.5,4.158
S1,5,180,76689535,CQ Q1ABC FN42,1500,0.32,4,-26.032,-57,4.468
S1,5,181,597012332,CQ Q1ABC FN42,1500,0.32,4,-27.171,-58,4.329
S1,5,181,597012332,<RDCTM746>/P <RDCTM265> IN48,591,2.8,-27,-58.257,-58,-26.757
S1,5,182,1939463130,CQ Q1ABC FN42,1500,0.32,4,-26.31,-57,4.19
S1,5,183,1537040804,CQ Q1ABC FN42,1500,0.32,4,-25.804,-56.5,4.196
S1,5,184,473253945,CQ Q1ABC FN42,1500,0.32,4,-26.411,-57,4.089
S1,5,185,1667003848,CQ Q1ABC FN42,1500,0.32,4,-26.108,-57,4.392
S1,5,186,1582387394,CQ Q1ABC FN42,1500,0.32,4,-26.12,-57,4.38
S1,5,187,304642033,CQ Q1ABC FN42,1500,0.32,4,-27.778,-58.5,4.222
S1,5,188,2063506874,CQ Q1ABC FN42,1500,0.4,4,-26.665,-57.5,4.335
S1,5,189,143917696,CQ Q1ABC FN42,1500,0.32,4,-26.013,-57,4.487
S1,5,190,1382154356,CQ Q1ABC FN42,1500,0.4,5,-25.987,-57,4.513
S1,5,191,480709963,CQ Q1ABC FN42,1500,0.32,5,-26.93,-58,4.57
S1,5,192,1255100128,CQ Q1ABC FN42,1500,0.32,5,-26.411,-57.5,4.589
S1,5,193,1326851498,CQ Q1ABC FN42,1500,0.4,4,-26.057,-57,4.443
S1,5,194,1665730001,CQ Q1ABC FN42,1500,0.32,4,-26.873,-57.5,4.127
S1,5,195,319241391,CQ Q1ABC FN42,1500,0.32,4,-26.203,-57,4.297
S1,5,196,1728581295,CQ Q1ABC FN42,1500,0.32,4,-26.373,-57,4.127
S1,5,197,2010336341,CQ Q1ABC FN42,1500,0.32,5,-25.981,-57,4.519
S1,5,198,1853431701,CQ Q1ABC FN42,1500,0.32,5,-25.905,-57,4.595
S1,5,199,1769800018,CQ Q1ABC FN42,1500,0.4,4,-26.576,-57.5,4.424
S1,5,200,794601258,CQ Q1ABC FN42,1500,0.32,4,-27.342,-58,4.158
S1,5,201,899513582,CQ Q1ABC FN42,1500,0.32,4,-27.722,-58.5,4.278
S1,5,202,172992149,CQ Q1ABC FN42,1500,0.32,4,-26.025,-57,4.475
S1,5,203,511009316,CQ Q1ABC FN42,1500,0.32,4,-26.165,-57,4.335
S1,5,204,169307143,CQ Q1ABC FN42,1500,0.32,4,-26.373,-57,4.127
S1,5,205,1257803068,CQ Q1ABC FN42,1500,0.32,4,-26.551,-57.5,4.449
S1,5,206,2103811342,CQ Q1ABC FN42,1500,0.32,5,-26.348,-57.5,4.652
S1,5,207,615221665,CQ Q1ABC FN42,1500,0.32,4,-26.361,-57,4.139
S1,5,207,615221665,CQ QDON <RDCTM47> IB38,303,-1.44,-27,-57.786,-57.5,-26.786
S1,5,208,2097104619,CQ Q1ABC FN42,1500,0.4,4,-26.297,-57,4.203
S1,5,209,446123365,CQ Q1ABC FN42,1500,0.32,4,-26.386,-57,4.114
S1,5,210,1518487780,CQ Q1ABC FN42,1500,0.32,4,-26.443,-57,4.057
S1,5,211,226521983,CQ Q1ABC FN42,1500,0.32,4,-26.259,-57,4.241
S1,5,212,833035399,CQ Q1ABC FN42,1500,0.32,5,-26.392,-57.5,4.608
S1,5,213,1095335893,CQ Q1ABC FN42,1500,0.32,4,-26.532,-57.5,4.468
S1,5,214,661664412,CQ Q1ABC FN42,1500,0.32,4,-26.538,-57.5,4.462
S1,5,214,661664412,<...> Q1IZ44F8LE3,2406,-1.12,-27,-57.66,-57.5,-26.66
S1,5,215,305866800,CQ Q1ABC FN42,1500,0.32,4,-26.158,-57,4.342
S1,5,216,370776526,CQ Q1ABC FN42,1500,0.32,4,-26.614,-57.5,4.386
S1,5,217,1905349805,CQ Q1ABC FN42,1500,0.32,4,-26.361,-57,4.139
S1,5,218,1233960177,CQ Q1ABC FN42,1500,0.32,4,-26.348,-57,4.152
S1,5,219,1156029958,CQ Q1ABC FN42,1500,0.32,4,-26.203,-57,4.297
S1,5,220,2071101950,CQ Q1ABC FN42,1500,0.32,4,-26.506,-57.5,4.494
S1,5,221,1454476330,CQ Q1ABC FN42,1500,0.32,5,-26.437,-57.5,4.563
S1,5,221,1454476330,CQ /O1XNEJV657,1497,0.32,-11,-42.101,-57.5,-11.101
S1,5,222,445309017,CQ Q1ABC FN42,1500,0.32,5,-26.405,-57.5,4.595
S1,5,223,232806508,CQ Q1ABC FN42,1500,0.32,4,-26.335,-57,4.165
S1,5,224,523257160,CQ Q1ABC FN42,1500,0.4,5,-26.949,-58,4.551
S1,5,225,1036190234,CQ Q1ABC FN42,1500,0.32,4,-26.506,-57,3.994
S1,5,226,1792228821,CQ Q1ABC FN42,1500,0.32,4,-25.861,-56.5,4.139
S1,5,227,1188956561,CQ Q1ABC FN42,1500,0.32,4,-26.323,-57,4.177
S1,5,228,694217067,CQ Q1ABC FN42,1500,0.32,4,-26.753,-57.5,4.247
S1,5,229,129905866,CQ Q1ABC FN42,1500,0.32,4,-26.589,-57.5,4.411
S1,6,0,147152921,CQ Q1ABC FN42,1500,0.4,8,-23.405,-57.5,7.595
S1,6,1,1953053430,CQ Q1ABC FN42,1500,0.32,8,-23.304,-57.5,7.696
S1,6,1,1953053430,CQ 28XYR4OQU6E,1497,0.4,-9,-39.652,-57.5,-8.652
S1,6,2,147567551,CQ Q1ABC FN42,1500,0.4,7,-23.658,-57.5,7.342
S1,6,3,819374430,CQ Q1ABC FN42,1500,0.32,8,-23.962,-58,7.538
S1,6,4,190834757,CQ Q1ABC FN42,1500,0.32,7,-23.532,-57.5,7.468
S1,6,5,1304035244,CQ Q1ABC FN42,1500,0.32,7,-24.399,-58,7.101
S1,6,5,1304035244,C73BJW/R <RDCTM502>/R R MB78,1650,-0.96,-27,-58.863,-58,-27.363
S1,6,6,137731585,CQ Q1ABC FN42,1500,0.32,7,-23.715,-57.5,7.285
S1,6,7,825037210,CQ Q1ABC FN42,1500,0.4,7,-24.063,-58,7.437
S1,6,7,825037210,CQ 1DEW/<RDCTM394>,1600,2.88,-27,-58.107,-57.5,-27.107
S1,6,8,1420529664,CQ Q1ABC FN42,1500,0.32,8,-24.494,-58.5,7.506
S1,6,9,1668132250,CQ Q1ABC FN42,1500,0.32,7,-23.62,-57.5,7.38
S1,6,9,1668132250,CQ A9VVB5VGPNO,1497,0.4,-8,-39.348,-57.5,-8.348
S1,6,10,922674884,CQ Q1ABC FN42,1500,0.4,7,-24.038,-58,7.462
S1,6,11,1045884135,CQ Q1ABC FN42,1500,0.32,7,-23.639,-57.5,7.361
S1,6,12,490889928,CQ Q1ABC FN42,1500,0.32,8,-24.487,-58.5,7.513
S1,6,13,573064794,CQ Q1ABC FN42,1500,0.32,7,-23.582,-57.5,7.418
S1,6,14,1642203415,CQ Q1ABC FN42,1500,0.4,7,-24.203,-58,7.297
S1,6,15,528962973,CQ Q1ABC FN42,1500,0.32,7,-24.19,-58,7.31
S1,6,16,1595532769,CQ Q1ABC FN42,1500,0.4,7,-23.677,-57.5,7.323
S1,6,17,976951599,CQ Q1ABC FN42,1500,0.4,7,-23.709,-57.5,7.291
S1,6,18,1220093843,CQ Q1ABC FN42,1500,0.32,7,-24.753,-58.5,7.247
S1,6,19,105338387,CQ Q1ABC FN42,1500,0.4,7,-23.304,-57,7.196
S1,6,20,153689768,CQ Q1ABC FN42,1500,0.32,7,-23.076,-57,7.424
S1,6,20,153689768,<RDCTM376>/P <RDCTM483>/P MO31,1116,-1.2,-27,-57.415,-57,-26.915
S1,6,21,892783248,CQ Q1ABC FN42,1500,0.4,8,-23.462,-57.5,7.538
S1,6,22,114433241,CQ Q1ABC FN42,1500,0.32,7,-23.797,-57.5,7.203
S1,6,23,1961688456,CQ Q1ABC FN42,1500,0.32,7,-23.684,-57.5,7.316
S1,6,24,936800646,CQ Q1ABC FN42,1500,0.32,8,-23.975,-58,7.525
S1,6,25,888423358,CQ Q1ABC FN42,1500,0.4,8,-23.905,-58,7.595
S1,6,26,305833722,CQ Q1ABC FN42,1500,0.32,7,-23.614,-57.5,7.386
S1,6,26,305833722,CQ O5FTIQGIC40,1488,0.56,-14,-45.373,-57.5,-14.373
S1,6,26,305833722,<RDCTM19>/R UF9 KQ/R R AH97,2413,3.04,-27,-57.514,-57.5,-26.514
S1,6,27,2040640295,CQ Q1ABC FN42,1500,0.4,8,-23.994,-58,7.506
S1,6,28,1163389252,CQ Q1ABC FN42,1500,0.32,7,-24.057,-58,7.443
S1,6,29,1058795609,CQ Q1ABC FN42,1500,0.32,7,-23.576,-57.5,7.424
S1,6,30,1684326640,CQ Q1ABC FN42,1500,0.32,7,-24.285,-58,7.215
S1,6,31,1547049811,CQ Q1ABC FN42,1500,0.32,7,-24.272,-58,7.228
S1,6,32,642873125,CQ Q1ABC FN42,1500,0.32,8,-23.437,-57.5,7.563
S1,6,32,642873125,P 4ELC7GF8P <...>,1506,0.48,-16,-46.525,-57,-16.025
S1,6,33,1319689034,CQ Q1ABC FN42,1500,0.32,7,-23.291,-57,7.209
S1,6,34,635820660,CQ Q1ABC FN42,1500,0.4,8,-23.918,-58,7.582
S1,6,35,716622069,CQ Q1ABC FN42,1500,0.4,8,-23.342,-57.5,7.658
S1,6,35,716622069,<RDCTM478>/R <...> DE85,1706,0.4,-27,-57.551,-57,-27.051
S1,6,36,474815073,CQ Q1ABC FN42,1500,0.32,7,-23.759,-57.5,7.241
S1,6,37,1035149396,CQ Q1ABC FN42,1500,0.32,8,-24.443,-58.5,7.557
S1,6,38,1589782215,CQ Q1ABC FN42,1500,0.32,8,-24.924,-59,7.576
S1,6,39,1975678774,CQ Q1ABC FN42,1500,0.32,8,-23.386,-57.5,7.614
S1,6,39,1975678774,6Q.OTY+DRKK Z,853,-0.48,-26,-56.908,-57.5,-25.908
S1,6,39,1975678774,CQ <...>,1491,0.4,-16,-46.532,-57.5,-15.532
S1,6,40,883251798,CQ Q1ABC FN42,1500,0.32,7,-24.114,-58,7.386
S1,6,40,883251798,<RDCTM590>/R <RDCTM636> R/R R NI81,1503,0.48,-16,-47.639,-58,-16.139
S1,6,41,1527613966,CQ Q1ABC FN42,1500,0.32,7,-23.627,-57.5,7.373
S1,6,42,1768087488,CQ Q1ABC FN42,1500,0.4,8,-23.424,-57.5,7.576
S1,6,43,1129098120,CQ Q1ABC FN42,1500,0.4,8,-23.994,-58,7.506
S1,6,44,1206300573,CQ Q1ABC FN42,1500,0.4,7,-23.253,-57,7.247
S1,6,44,1206300573,<RDCTM546> <RDCTM338> AF84,2788,-1.2,-27,-57.746,-57.5,-26.746
S1,6,45,154148295,CQ Q1ABC FN42,1500,0.4,7,-24.006,-58,7.494
S1,6,45,154148295,<RDCTM458>/R <RDCTM91>/R R AQ75,1294,-0.88,-26,-57.288,-57.5,-26.288
S1,6,46,604621538,CQ Q1ABC FN42,1500,0.32,7,-24.12,-58,7.38
S1,6,47,1199687018,CQ Q1ABC FN42,1500,0.32,7,-24.12,-58,7.38
S1,6,47,1199687018,<RDCTM306>/R I40YAB R NL48,1503,0.24,-15,-46.304,-58,-14.804
S1,6,48,442884127,CQ Q1ABC FN42,1500,0.4,7,-23.532,-57.5,7.468
S1,6,49,1950347223,CQ Q1ABC FN42,1500,0.32,7,-24.082,-58,7.418
S1,6,50,685892813,CQ Q1ABC FN42,1500,0.32,7,-24.222,-58,7.278
S1,6,51,1271085790,CQ Q1ABC FN42,1500,0.4,7,-24.234,-58,7.266
S1,6,52,1768050062,CQ Q1ABC FN42,1500,0.32,7,-23.614,-57.5,7.386
S1,6,53,1697869337,CQ Q1ABC FN42,1500,0.32,8,-23.943,-58,7.557
S1,6,54,453927920,CQ Q1ABC FN42,1500,0.32,7,-23.627,-57.5,7.373
S1,6,55,1227175600,CQ Q1ABC FN42,1500,0.32,7,-23.791,-57.5,7.209
S1,6,56,562889461,CQ Q1ABC FN42,1500,0.4,8,-23.399,-57.5,7.601
S1,6,57,24994980,CQ Q1ABC FN42,1500,0.4,7,-24.089,-58,7.411
S1,6,58,403559963,CQ Q1ABC FN42,1500,0.32,7,-24.133,-58,7.367
S1,6,58,403559963,CQ <...>,2363,-0.32,-27,-58.955,-58.5,-26.955
S1,6,59,1448342014,CQ Q1ABC FN42,1500,0.32,7,-24.057,-58,7.443
S1,6,60,939984899,CQ Q1ABC FN42,1500,0.32,7,-24.823,-58.5,7.177
S1,6,61,2048660552,CQ Q1ABC FN42,1500,0.32,8,-24.437,-58.5,7.563
S1,6,62,2012698299,CQ Q1ABC FN42,1500,0.32,7,-24.095,-58,7.405
S1,6,63,136216729,CQ Q1ABC FN42,1500,0.32,8,-23.848,-58,7.652
S1,6,64,1613219465,CQ Q1ABC FN42,1500,0.32,7,-23.614,-57.5,7.386
S1,6,65,1431364706,CQ Q1ABC FN42,1500,0.32,7,-24.563,-58.5,7.437
S1,6,66,699051058,CQ Q1ABC FN42,1500,0.4,7,-23.886,-57.5,7.114
S1,6,67,2085210477,CQ Q1ABC FN42,1500,0.32,7,-23.323,-57,7.177
S1,6,68,558915081,CQ Q1ABC FN42,1500,0.32,7,-23.722,-57.5,7.278
S1,6,68,558915081,CQ <...>,1506,0.48,-16,-46.747,-57.5,-15.747
S1,6,69,1333659779,CQ Q1ABC FN42,1500,0.32,8,-23.994,-58,7.506
S1,6,70,508481683,CQ Q1ABC FN42,1500,0.4,8,-23.956,-58,7.544
S1,6,71,327759881,CQ Q1ABC FN42,1500,0.32,7,-23.576,-57.5,7.424
S1,6,71,327759881,<RDCTM147>/R L08GVG/R R NN47,2534,-0.48,-26,-57,-57.5,-26
S1,6,71,327759881,CQ <...>,1513,0.32,-20,-50.582,-57.5,-19.582
S1,6,72,224097789,CQ Q1ABC FN42,1500,0.32,7,-24.114,-58,7.386
S1,6,73,731688196,CQ Q1ABC FN42,1500,0.32,8,-23.5,-57.5,7.5
S1,6,74,194453313,CQ Q1ABC FN42,1500,0.4,7,-24.323,-58,7.177
S1,6,75,948354261,CQ Q1ABC FN42,1500,0.32,8,-25.323,-59.5,7.677
S1,6,76,752339740,CQ Q1ABC FN42,1500,0.32,7,-23.703,-57.5,7.297
S1,6,77,35032904,CQ Q1ABC FN42,1500,0.32,7,-23.741,-57.5,7.259
S1,6,78,1150687534,CQ Q1ABC FN42,1500,0.4,7,-23.747,-57.5,7.253
S1,6,79,782577246,CQ Q1ABC FN42,1500,0.32,7,-23.69,-57.5,7.31
S1,6,80,586924344,CQ Q1ABC FN42,1500,0.4,7,-24.816,-58.5,7.184
S1,6,81,718696134,CQ Q1ABC FN42,1500,0.32,8,-23.943,-58,7.557
S1,6,82,456792972,CQ Q1ABC FN42,1500,0.32,8,-23.968,-58,7.532
S1,6,83,894567800,CQ Q1ABC FN42,1500,0.32,7,-23.709,-57.5,7.291
S1,6,83,894567800,Q75QJO <RDCTM120>/R R QQ65,903,-0.88,-25,-56.116,-58,-24.616
S1,6,84,1178345895,CQ Q1ABC FN42,1500,0.32,8,-23.905,-58,7.595
S1,6,84,1178345895,<RDCTM39> <RDCTM93>/P R PL97,703,-1.28,-26,-57.789,-58,-26.289
S1,6,85,480239756,CQ Q1ABC FN42,1500,0.32,8,-23.823,-58,7.677
S1,6,86,1084609567,CQ Q1ABC FN42,1500,0.32,7,-23.608,-57.5,7.392
S1,6,87,76971871,CQ Q1ABC FN42,1500,0.32,7,-23.62,-57.5,7.38
S1,6,87,76971871,179UEE <RDCTM190> R NQ27,1094,-1.2,-27,-58.007,-57.5,-27.007
S1,6,88,945593177,CQ Q1ABC FN42,1500,0.32,7,-24.139,-58,7.361
S1,6,89,1895100026,CQ Q1ABC FN42,1500,0.4,8,-23.924,-58,7.576
S1,6,90,1913445471,CQ Q1ABC FN42,1500,0.32,8,-24,-58,7.5
S1,6,91,1178212386,CQ Q1ABC FN42,1500,0.32,8,-23.943,-58,7.557
S1,6,92,1335356407,CQ Q1ABC FN42,1500,0.32,7,-23.892,-57.5,7.108
S1,6,93,956341746,CQ Q1ABC FN42,1500,0.32,7,-23.544,-57.5,7.456
S1,6,94,564767738,CQ Q1ABC FN42,1500,0.32,7,-24.158,-58,7.342
S1,6,94,564767738,<...> C2J4KQQYBHR 73,234,3.04,-25,-57.182,-58.5,-25.182
S1,6,95,1454192097,CQ Q1ABC FN42,1500,0.32,7,-24.38,-58,7.12
S1,6,96,1814069650,CQ Q1ABC FN42,1500,0.32,7,-23.601,-57.5,7.399
S1,6,96,1814069650,CQ E39YSCR78BM,1500,2.64,-11,-41.877,-57.5,-10.877
S1,6,97,1188833183,CQ Q1ABC FN42,1500,0.32,7,-23.671,-57.5,7.329
S1,6,98,47008760,CQ Q1ABC FN42,1500,0.32,7,-23.601,-57.5,7.399
S1,6,98,47008760,<...> <RDCTM90> HB88,1522,-1.04,-19,-50.444,-57.5,-19.444
S1,6,99,1913017611,CQ Q1ABC FN42,1500,0.32,8,-23.392,-57.5,7.608
S1,6,100,690394136,CQ Q1ABC FN42,1500,0.32,7,-24.114,-58,7.386
S1,6,101,404905497,CQ Q1ABC FN42,1500,0.32,7,-23.665,-57.5,7.335
S1,6,102,445121117,CQ Q1ABC FN42,1500,0.32,7,-24.044,-58,7.456
S1,6,103,1511682369,CQ Q1ABC FN42,1500,0.32,8,-23.494,-57.5,7.506
S1,6,104,1513153152,CQ Q1ABC FN42,1500,0.32,7,-24.158,-58,7.342
S1,6,104,1513153152,CQ <...>,1497,0.24,-14,-45.81,-58,-14.31
S1,6,105,666016133,CQ Q1ABC FN42,1500,0.32,7,-24.019,-58,7.481
S1,6,106,1205407560,CQ Q1ABC FN42,1500,0.32,7,-24.177,-58,7.323
S1,6,107,950378810,CQ Q1ABC FN42,1500,0.32,8,-23.449,-57.5,7.551
S1,6,108,1174815118,CQ Q1ABC FN42,1500,0.32,7,-23.797,-57.5,7.203
S1,6,109,476782000,CQ Q1ABC FN42,1500,0.32,7,-23.525,-57.5,7.475
S1,6,109,476782000,ABLGNY9AGGX <...> RRR,1503,0.48,-16,-47.165,-57.5,-16.165
S1,6,110,1326071008,CQ Q1ABC FN42,1500,0.4,8,-23.949,-58,7.551
S1,6,111,2080700391,CQ Q1ABC FN42,1500,0.32,7,-24.386,-58,7.114
S1,6,112,2064868585,CQ Q1ABC FN42,1500,0.4,7,-24.329,-58,7.171
S1,6,112,2064868585,<RDCTM186> <RDCTM02> +Q2,1541,0.48,-25,-56.285,-58,-24.785
S1,6,113,410525625,CQ Q1ABC FN42,1500,0.32,7,-23.797,-57.5,7.203
S1,6,114,644443016,CQ Q1ABC FN42,1500,0.32,7,-23.519,-57.5,7.481
S1,6,115,1776683454,CQ Q1ABC FN42,1500,0.32,8,-24.335,-58.5,7.665
S1,6,116,1912009387,CQ Q1ABC FN42,1500,0.32,7,-23.595,-57.5,7.405
S1,6,116,1912009387,CQ /R8H2HMHSOM,1497,0.32,-10,-40.88,-57.5,-9.88
S1,6,117,1285391696,CQ Q1ABC FN42,1500,0.32,8,-23.475,-57.5,7.525
S1,6,118,1296211233,CQ Q1ABC FN42,1500,0.32,8,-24.38,-58.5,7.62
S1,6,119,2139346406,CQ Q1ABC FN42,1500,0.4,7,-24.215,-58,7.285
S1,6,119,2139346406,CQ /R8H2HMHSOM,1497,0.32,-10,-41.373,-58,-9.873
S1,6,120,1545109617,CQ Q1ABC FN42,1500,0.32,7,-24.228,-58,7.272
S1,6,121,1737792133,CQ Q1ABC FN42,1500,0.32,8,-23.386,-57.5,7.614
S1,6,122,11610871,CQ Q1ABC FN42,1500,0.32,7,-24.089,-58,7.411
S1,6,122,11610871,CQ TWCD <RDCTM450> R NF85,1625,-1.6,-28,-58.877,-57.5,-27.877
S1,6,123,1504943607,CQ Q1ABC FN42,1500,0.4,7,-24.266,-58,7.234
S1,6,124,207594820,CQ Q1ABC FN42,1500,0.32,8,-23.342,-57.5,7.658
S1,6,125,567246769,CQ Q1ABC FN42,1500,0.32,8,-23.487,-57.5,7.513
S1,6,126,331691821,CQ Q1ABC FN42,1500,0.32,7,-24.044,-58,7.456
S1,6,126,331691821,108/NPINPZP <...> 73,2503,-1.52,-27,-58.457,-58,-26.957
S1,6,127,263257036,CQ Q1ABC FN42,1500,0.4,8,-23.975,-58,7.525
S1,6,128,1495352153,CQ Q1ABC FN42,1500,0.32,8,-23.316,-57.5,7.684
S1,6,128,1495352153,DWIJ97A7 35 <...>,1503,0.48,-15,-46.203,-57.5,-15.203
S1,6,129,753599890,CQ Q1ABC FN42,1500,0.32,7,-23.88,-57.5,7.12
S1,6,130,282565510,CQ Q1ABC FN42,1500,0.32,8,-23.987,-58,7.513
S1,6,131,578308452,CQ Q1ABC FN42,1500,0.32,7,-24.133,-58,7.367
S1,6,132,172736947,CQ Q1ABC FN42,1500,0.32,7,-23.297,-57,7.203
S1,6,133,1273509699,CQ Q1ABC FN42,1500,0.32,8,-23.367,-57.5,7.633
S1,6,134,1629390457,CQ Q1ABC FN42,1500,0.32,8,-24.424,-58.5,7.576
S1,6,135,670031926,CQ Q1ABC FN42,1500,0.4,7,-24.025,-58,7.475
S1,6,135,670031926,<...> R S/UHNE87,853,-1.04,-27,-58.326,-58,-26.826
S1,6,136,760864075,CQ Q1ABC FN42,1500,0.32,7,-23.62,-57.5,7.38
S1,6,137,101257318,CQ Q1ABC FN42,1500,0.32,8,-23.373,-57.5,7.627
S1,6,138,634463300,CQ Q1ABC FN42,1500,0.32,7,-23.658,-57.5,7.342
S1,6,139,1098430826,CQ Q1ABC FN42,1500,0.32,7,-24.285,-58,7.215
S1,6,139,1098430826,CQ QVE92DG7T85,1497,0.4,-10,-41.247,-58,-9.747
S1,6,140,235443917,CQ Q1ABC FN42,1500,0.32,7,-23.677,-57.5,7.323
S1,6,141,1440444731,CQ Q1ABC FN42,1500,0.4,8,-25.285,-59.5,7.715
S1,6,142,270418496,CQ Q1ABC FN42,1500,0.32,7,-23.81,-57.5,7.19
S1,6,143,2121696713,CQ Q1ABC FN42,1500,0.4,8,-24.329,-58.5,7.671
S1,6,144,26882307,CQ Q1ABC FN42,1500,0.4,7,-23.557,-57.5,7.443
S1,6,145,2062129800,CQ Q1ABC FN42,1500,0.4,8,-23.829,-58,7.671
S1,6,146,1212610856,CQ Q1ABC FN42,1500,0.32,7,-24.139,-58,7.361
S1,6,147,525800063,CQ Q1ABC FN42,1500,0.32,8,-23.93,-58,7.57
S1,6,147,525800063,CQ 0THD3N2IR45,1497,0.24,-14,-45.677,-58,-14.177
S1,6,148,831014173,CQ Q1ABC FN42,1500,0.32,7,-23.43,-57,7.07
S1,6,149,1473214569,CQ Q1ABC FN42,1500,0.32,7,-23.842,-57.5,7.158
S1,6,150,9105129,CQ Q1ABC FN42,1500,0.32,7,-24.025,-58,7.475
S1,6,151,473643166,CQ Q1ABC FN42,1500,0.32,7,-23.873,-57.5,7.127
S1,6,152,13339106,CQ Q1ABC FN42,1500,0.4,7,-23.361,-57,7.139
S1,6,153,1310053258,CQ Q1ABC FN42,1500,0.32,7,-24.025,-58,7.475
S1,6,153,1310053258,<RDCTM704> 209Z U/R RM97,1503,2.56,-13,-44.338,-58,-12.838
S1,6,154,1221281681,CQ Q1ABC FN42,1500,0.32,7,-24.019,-57.5,6.981
S1,6,155,942904642,CQ Q1ABC FN42,1500,0.32,8,-24.494,-58.5,7.506
S1,6,156,1804705892,CQ Q1ABC FN42,1500,0.32,7,-23.608,-57.5,7.392
S1,6,157,1044843010,CQ Q1ABC FN42,1500,0.32,8,-23.797,-58,7.703
S1,6,157,1044843010,<RDCTM260> <RDCTM366>/P R NC89,1506,0.48,-17,-48.196,-57.5,-17.196
S1,6,158,480802727,CQ Q1ABC FN42,1500,0.32,7,-24.323,-58,7.177
S1,6,158,480802727,CQ PXLLI82RLJW,1497,0.32,-8,-39.816,-58,-8.316
S1,6,158,480802727,<...> 3XQ2DEG R KB23,1494,0.24,-16,-47.291,-58,-15.791
S1,6,159,765967559,CQ Q1ABC FN42,1500,0.32,8,-23.354,-57.5,7.646
S1,6,160,39089374,CQ Q1ABC FN42,1500,0.4,8,-23.943,-58,7.557
S1,6,160,39089374,CQ 9GAX6QY1BDS,1497,0.4,-8,-39.785,-58,-8.285
S1,6,161,1803543993,CQ Q1ABC FN42,1500,0.4,7,-23.399,-57,7.101
S1,6,162,496551685,CQ Q1ABC FN42,1500,0.4,7,-25.076,-59,7.424
S1,6,162,496551685,CQ 03412P178JG,1497,0.4,-9,-41.247,-59,-8.747
S1,6,163,1270639254,CQ Q1ABC FN42,1500,0.32,7,-24.487,-58,7.013
S1,6,163,1270639254,CQ 3J5UF3DH99J,1497,0.32,-8,-39.665,-58.5,-7.665
S1,6,164,1338090543,CQ Q1ABC FN42,1500,0.32,7,-24.222,-58,7.278
S1,6,165,576979719,CQ Q1ABC FN42,1500,0.4,7,-23.835,-57.5,7.165
S1,6,166,332618235,CQ Q1ABC FN42,1500,0.32,8,-23.861,-58,7.639
S1,6,166,332618235,M8CJFID2G58 <...>,2881,-1.2,-27,-58.465,-58,-26.965
S1,6,167,1119416010,CQ Q1ABC FN42,1500,0.4,7,-23.715,-57.5,7.285
S1,6,167,1119416010,<RDCTM391> <RDCTM01> IB90,1153,-0.4,-27,-58.132,-57.5,-27.132
S1,6,168,1390749324,CQ Q1ABC FN42,1500,0.32,7,-23.525,-57,6.975
S1,6,169,1220810247,CQ Q1ABC FN42,1500,0.32,7,-23.766,-57.5,7.234
S1,6,169,1220810247,166NUT <RDCTM385> JF35,2069,-0.96,-27,-57.829,-57.5,-26.829
S1,6,169,1220810247,<RDCTM595>/R <RDCTM400> R PR14,1766,-1.2,-26,-57.556,-58,-26.056
S1,6,169,1220810247,<<RDCTM481>/FNWWGO3> 0CU2YHG2Q/R,1503,0.24,-15,-45.937,-57.5,-14.937
S1,6,170,2034796078,CQ Q1ABC FN42,1500,0.32,8,-24.468,-58.5,7.532
S1,6,170,2034796078,CQ K05L6O9DF/P,1497,0.32,-9,-40.601,-58.5,-8.601
S1,6,171,1760714927,CQ Q1ABC FN42,1500,0.32,7,-24.171,-58,7.329
S1,6,172,739861444,CQ Q1ABC FN42,1500,0.32,7,-23.684,-57.5,7.316
S1,6,173,1703122878,CQ Q1ABC FN42,1500,0.32,7,-23.57,-57.5,7.43
S1,6,174,991896671,CQ Q1ABC FN42,1500,0.32,8,-23.392,-57.5,7.608
S1,6,175,1746186469,CQ Q1ABC FN42,1500,0.32,7,-23.278,-57,7.222
S1,6,176,557801370,CQ Q1ABC FN42,1500,0.32,7,-23.658,-57.5,7.342
S1,6,177,99565823,CQ Q1ABC FN42,1500,0.32,7,-23.722,-57.5,7.278
S1,6,177,99565823,CQ 3J5UF3DH99J,1497,0.32,-7,-38.222,-57.5,-7.222
S1,6,178,1754736696,CQ Q1ABC FN42,1500,0.4,7,-23.81,-57.5,7.19
S1,6,179,276970410,CQ Q1ABC FN42,1500,0.32,7,-23.608,-57.5,7.392
S1,6,180,1841761247,CQ Q1ABC FN42,1500,0.32,7,-23.791,-57.5,7.209
S1,6,181,1050315224,CQ Q1ABC FN42,1500,0.32,8,-23.911,-58,7.589
S1,6,182,316988477,CQ Q1ABC FN42,1500,0.32,7,-23.171,-57,7.329
S1,6,183,2146588545,CQ Q1ABC FN42,1500,0.32,7,-25.082,-59,7.418
S1,6,184,848437430,CQ Q1ABC FN42,1500,0.32,7,-23.228,-57,7.272
S1,6,185,450370651,CQ Q1ABC FN42,1500,0.32,7,-24.114,-58,7.386
S1,6,186,835095039,CQ Q1ABC FN42,1500,0.32,7,-24.652,-58.5,7.348
S1,6,187,142810619,CQ Q1ABC FN42,1500,0.32,7,-23.772,-57.5,7.228
S1,6,188,56828622,CQ Q1ABC FN42,1500,0.32,7,-23.462,-57,7.038
S1,6,189,1661766356,CQ Q1ABC FN42,1500,0.32,7,-23.804,-57.5,7.196
S1,6,190,44813406,CQ Q1ABC FN42,1500,0.4,7,-23.253,-57,7.247
S1,6,190,44813406,CQ 28XYR4OQU6E,1497,0.4,-9,-39.823,-57,-9.323
S1,6,191,2105159861,CQ Q1ABC FN42,1500,0.32,7,-24.101,-58,7.399
S1,6,192,461979852,CQ Q1ABC FN42,1500,0.32,7,-23.873,-57.5,7.127
S1,6,193,432432129,CQ Q1ABC FN42,1500,0.32,8,-23.861,-58,7.639
S1,6,193,432432129,CQ ARSMY 9EBPC,1497,0.4,-8,-39.538,-58,-8.038
S1,6,193,432432129,<RDCTM675> <RDCTM268> H R NK68,1503,0.24,-15,-46.418,-58,-14.918
S1,6,194,2024968349,CQ Q1ABC FN42,1500,0.32,7,-23.418,-57,7.082
S1,6,195,901349196,CQ Q1ABC FN42,1500,0.32,7,-23.715,-57.5,7.285
S1,6,196,194608057,CQ Q1ABC FN42,1500,0.32,7,-23.646,-57.5,7.354
S1,6,197,1546796369,CQ Q1ABC FN42,1500,0.32,7,-23.797,-57.5,7.203
S1,6,197,1546796369,<RDCTM135> <RDCTM665>/P R NL24,1503,0.24,-16,-47.025,-57.5,-16.025
S1,6,198,959886354,CQ Q1ABC FN42,1500,0.32,8,-23.905,-58,7.595
S1,6,199,703741224,CQ Q1ABC FN42,1500,0.32,7,-23.627,-57.5,7.373
S1,6,200,351625491,CQ Q1ABC FN42,1500,0.32,7,-23.348,-57,7.152
S1,6,201,709243905,CQ Q1ABC FN42,1500,0.32,7,-23.677,-57.5,7.323
S1,6,202,1202310252,CQ Q1ABC FN42,1500,0.32,7,-24.095,-58,7.405
S1,6,203,1457199596,CQ Q1ABC FN42,1500,0.32,7,-24.127,-58,7.373
S1,6,204,1101753975,CQ Q1ABC FN42,1500,0.4,7,-23.215,-57,7.285
S1,6,205,1162688279,CQ Q1ABC FN42,1500,0.32,8,-23.956,-58,7.544
S1,6,205,1162688279,CQ 4KGFRQ3EHEP,1497,0.24,-15,-46.956,-58,-15.456
S1,6,206,2059317089,CQ Q1ABC FN42,1500,0.4,8,-23.481,-57.5,7.519
S1,6,207,1535107343,CQ Q1ABC FN42,1500,0.32,7,-23.671,-57.5,7.329
S1,6,207,1535107343,CQ 28XYR4OQU6E,1497,0.4,-9,-39.816,-57.5,-8.816
S1,6,208,1508002659,CQ Q1ABC FN42,1500,0.32,7,-23.722,-57.5,7.278
S1,6,208,1508002659,J75JAB/P <...> MM30,2875,-0.72,-28,-58.608,-57.5,-27.608
S1,6,208,1508002659,<RDCTM567>/R <RDCTM745>/R R RK08,1503,0.48,-16,-47.323,-57.5,-16.323
S1,6,209,1954127516,CQ Q1ABC FN42,1500,0.32,7,-23.671,-57.5,7.329
S1,6,210,1320336394,CQ Q1ABC FN42,1500,0.32,7,-24.101,-58,7.399
S1,6,211,1141186299,CQ Q1ABC FN42,1500,0.4,8,-23.804,-58,7.696
S1,6,211,1141186299,CQ 28XYR4OQU6E,1497,0.4,-8,-39.772,-58,-8.272
S1,6,211,1141186299,CQ M/XLBH5EW/B,566,-1.04,-27,-57.736,-57.5,-26.736
S1,6,212,1940749440,CQ Q1ABC FN42,1500,0.32,8,-23.962,-58,7.538
S1,6,213,1631676948,CQ Q1ABC FN42,1500,0.32,7,-23.797,-57.5,7.203
S1,6,213,1631676948,Y11ANU <RDCTM66>/P II71,1488,0.64,-17,-47.772,-57.5,-16.772
S1,6,214,634226804,CQ Q1ABC FN42,1500,0.32,8,-23.772,-58,7.728
S1,6,214,634226804,<3XS0TOH/R> 217FDPSA27Q RR73,738,-1.2,-26,-57.627,-58,-26.127
S1,6,215,2054512286,CQ Q1ABC FN42,1500,0.4,8,-23.93,-58,7.57
S1,6,216,779471439,CQ Q1ABC FN42,1500,0.4,7,-24.392,-58,7.108
S1,6,217,1273051781,CQ Q1ABC FN42,1500,0.32,8,-23.987,-58,7.513
S1,6,218,996882604,CQ Q1ABC FN42,1500,0.32,7,-24.266,-58,7.234
S1,6,218,996882604,CQ 5H5N6FHYIPW,1513,0.32,-20,-51.386,-58,-19.886
S1,6,219,2044671951,CQ Q1ABC FN42,1500,0.32,7,-24.646,-58.5,7.354
S1,6,220,1532751606,CQ Q1ABC FN42,1500,0.32,7,-24.025,-58,7.475
S1,6,221,553174910,CQ Q1ABC FN42,1500,0.32,7,-23.671,-57.5,7.329
S1,6,222,1589783166,CQ Q1ABC FN42,1500,0.32,8,-23.823,-58,7.677
S1,6,223,1531017424,CQ Q1ABC FN42,1500,0.32,8,-23.424,-57.5,7.576
S1,6,224,1473902336,CQ Q1ABC FN42,1500,0.4,7,-24.266,-58,7.234
S1,6,224,1473902336,814JMB/P <RDCTM432> IC98,1619,-1.44,-27,-58.136,-57.5,-27.136
S1,6,225,2035928892,CQ Q1ABC FN42,1500,0.32,7,-23.715,-57.5,7.285
S1,6,225,2035928892,8YDV5O5AMS <...>,1500,0.48,-15,-46.215,-57.5,-15.215
S1,6,226,485755545,CQ Q1ABC FN42,1500,0.4,8,-24.861,-59,7.639
S1,6,227,310476878,CQ Q1ABC FN42,1500,0.32,7,-23.816,-57.5,7.184
S1,6,228,1463505627,CQ Q1ABC FN42,1500,0.4,7,-24.082,-58,7.418
S1,6,228,1463505627,0EDBA85C075570FBE8,1844,-1.28,-27,-58.43,-58,-26.93
S1,6,229,976701901,CQ Q1ABC FN42,1500,0.32,7,-23.538,-57.5,7.462
S1,6,229,976701901,CQ <2648HKJOI7Q>,1506,0.24,-16,-47.373,-57.5,-16.373
S1,7,0,1402667823,CQ Q1ABC FN42,1500,0.32,10,-21.108,-57.5,9.892
S1,7,1,1425587327,CQ Q1ABC FN42,1500,0.32,10,-22.291,-59,10.209
S1,7,2,718289455,CQ Q1ABC FN42,1500,0.32,10,-21.892,-58.5,10.108
S1,7,3,1232710238,CQ Q1ABC FN42,1500,0.32,10,-21.772,-58.5,10.228
S1,7,3,1232710238,<...> G78 CKDDJZV,1513,0.32,-17,-48.652,-58,-17.152
S1,7,4,2017399571,CQ Q1ABC FN42,1500,0.32,10,-21.842,-58.5,10.158
S1,7,4,2017399571,<RDCTM88>/P <RDCTM667> NK60,1503,0.24,-15,-47.304,-58.5,-15.304
S1,7,4,2017399571,<RDCTM792>/R <RDCTM433>/R R RE67,1506,-1.12,-19,-50.09,-58,-18.59
S1,7,5,1584417538,CQ Q1ABC FN42,1500,0.32,10,-21.525,-58,9.975
S1,7,5,1584417538,<RDCTM662>/P <RDCTM40>/P EP08,2238,-1.12,-27,-58.438,-58,-26.938
S1,7,5,1584417538,<RDCTM270> <RDCTM209>/R KA63,1494,0.24,-14,-45.823,-58,-14.323
S1,7,6,699181350,CQ Q1ABC FN42,1500,0.32,10,-21.209,-58,10.291
S1,7,7,333929050,CQ Q1ABC FN42,1500,0.32,10,-21.759,-58,9.741
S1,7,8,1081501799,CQ Q1ABC FN42,1500,0.4,10,-21.532,-58,9.968
S1,7,9,1359276444,CQ Q1ABC FN42,1500,0.32,10,-21.557,-58,9.943
S1,7,9,1359276444,<RDCTM611>/R 898 MP/R +D0,1163,-1.28,-27,-59.19,-58.5,-27.19
S1,7,10,126592588,CQ Q1ABC FN42,1500,0.32,10,-21.247,-58,10.253
S1,7,11,1798565066,CQ Q1ABC FN42,1500,0.32,10,-21.633,-58,9.867
S1,7,12,526089100,CQ Q1ABC FN42,1500,0.4,10,-21.519,-58,9.981
S1,7,13,463651272,CQ Q1ABC FN42,1500,0.4,10,-21.93,-58.5,10.07
S1,7,14,337747512,CQ Q1ABC FN42,1500,0.32,10,-21.842,-58.5,10.158
S1,7,14,337747512,<RDCTM348> <RDCTM534>/P R BH74,1488,0.64,-11,-42.557,-58.5,-10.557
S1,7,15,85138034,CQ Q1ABC FN42,1500,0.4,10,-22,-58.5,10
S1,7,16,1150424064,CQ Q1ABC FN42,1500,0.32,10,-22.658,-59,9.842
S1,7,16,1150424064,CQ BYBWH46F9XL,1488,0.56,-12,-44.354,-59,-11.854
S1,7,17,889099246,CQ Q1ABC FN42,1500,0.32,10,-21.911,-58.5,10.089
S1,7,18,1499896480,CQ Q1ABC FN42,1500,0.32,10,-21.051,-57.5,9.949
S1,7,19,788281925,CQ Q1ABC FN42,1500,0.32,10,-21.392,-58,10.108
S1,7,20,446993450,CQ Q1ABC FN42,1500,0.32,10,-21.405,-58,10.095
S1,7,20,446993450,<RDCTM339>/P <RDCTM358>/P QK34,2856,-1.04,-27,-58.375,-58,-26.875
S1,7,21,1721697900,CQ Q1ABC FN42,1500,0.32,10,-21.734,-58.5,10.266
S1,7,22,750634112,CQ Q1ABC FN42,1500,0.32,10,-21.544,-58,9.956
S1,7,22,750634112,684NXQ I27OEF/P DH96,1481,0.64,-18,-49.785,-58,-18.285
S1,7,23,1823769247,CQ Q1ABC FN42,1500,0.32,10,-21.778,-58.5,10.222
S1,7,23,1823769247,<RDCTM407> <RDCTM299> R KO53,1509,0.48,-18,-50.468,-58.5,-18.468
S1,7,24,192268029,CQ Q1ABC FN42,1500,0.32,10,-21.924,-58.5,10.076
S1,7,24,192268029,CQ KV0M3U6CHD8,1497,0.4,-8,-40.329,-58.5,-8.329
S1,7,24,192268029,32AB7B7B9DACC15992,2881,2.8,-26,-58.145,-58.5,-26.145
S1,7,25,1157757227,CQ Q1ABC FN42,1500,0.4,10,-21.842,-58.5,10.158
S1,7,26,97567853,CQ Q1ABC FN42,1500,0.32,10,-21.487,-58,10.013
S1,7,27,415643115,CQ Q1ABC FN42,1500,0.32,10,-21.437,-57.5,9.563
S1,7,28,1509969357,CQ Q1ABC FN42,1500,0.32,10,-21.133,-58,10.367
S1,7,29,1203531926,CQ Q1ABC FN42,1500,0.32,10,-21.323,-58,10.177
S1,7,29,1203531926,CQ OWUB4LOVJ Y,1497,0.32,-7,-38.285,-58,-6.785
S1,7,30,492511493,CQ Q1ABC FN42,1500,0.32,10,-21.937,-58.5,10.063
S1,7,31,925476874,CQ Q1ABC FN42,1500,0.4,10,-21.69,-58.5,10.31
S1,7,31,925476874,<RDCTM279> 044PAO R GQ41,2091,3.12,-26,-57.689,-58.5,-25.689
S1,7,32,1984666205,CQ Q1ABC FN42,1500,0.32,10,-21.848,-58.5,10.152
S1,7,33,1497020913,CQ Q1ABC FN42,1500,0.32,10,-21.348,-58,10.152
S1,7,34,260261253,CQ Q1ABC FN42,1500,0.4,10,-21.487,-58,10.013
S1,7,35,1202388112,CQ Q1ABC FN42,1500,0.32,10,-21.38,-58,10.12
S1,7,36,1202791237,CQ Q1ABC FN42,1500,0.32,10,-21.741,-58.5,10.259
S1,7,36,1202791237,CQ 4427FEH QKU,1497,0.32,-5,-37.146,-58.5,-5.146
S1,7,37,1146661666,CQ Q1ABC FN42,1500,0.4,10,-21.62,-58,9.88
S1,7,37,1146661666,<...> 5Y24O KCL1B RR73,1503,0.24,-15,-46.133,-58,-14.633
S1,7,38,1761563120,CQ Q1ABC FN42,1500,0.32,10,-21.278,-58,10.222
S1,7,39,1571741134,CQ Q1ABC FN42,1500,0.32,10,-22.209,-58.5,9.791
S1,7,40,1385741280,CQ Q1ABC FN42,1500,0.32,10,-21.93,-58.5,10.07
S1,7,41,1384126623,CQ Q1ABC FN42,1500,0.4,10,-22.025,-58.5,9.975
S1,7,42,1400438634,CQ Q1ABC FN42,1500,0.32,10,-21,-57.5,10
S1,7,43,1409539877,CQ Q1ABC FN42,1500,0.32,10,-21.816,-58.5,10.184
S1,7,44,1649410253,CQ Q1ABC FN42,1500,0.32,10,-21.589,-58,9.911
S1,7,44,1649410253,Y64CMQ/P <RDCTM513> LG61,1509,0.48,-18,-49.475,-58,-17.975
S1,7,45,675703201,CQ Q1ABC FN42,1500,0.32,10,-22.203,-59,10.297
S1,7,46,1420236440,CQ Q1ABC FN42,1500,0.32,10,-21.766,-58.5,10.234
S1,7,46,1420236440,CQ 28XYR4OQU6E,1497,0.4,-6,-38.468,-58.5,-6.468
S1,7,46,1420236440,CQ <...>,1491,0.4,-15,-47.108,-58.5,-15.108
S1,7,47,786449264,CQ Q1ABC FN42,1500,0.32,10,-21.544,-58,9.956
S1,7,48,290040442,CQ Q1ABC FN42,1500,0.32,10,-22.101,-59,10.399
S1,7,48,290040442,CQ 6MVK2/M83KU,1500,0.24,-14,-46.234,-59,-13.734
S1,7,48,290040442,CQ 1KVRPGV5Q4D,1488,0.4,-17,-49.658,-59,-17.158
S1,7,49,724295215,CQ Q1ABC FN42,1500,0.32,10,-21.43,-58,10.07
S1,7,50,1628094331,CQ Q1ABC FN42,1500,0.32,10,-21.804,-58.5,10.196
S1,7,50,1628094331,96YAXL730/V <<RDCTM218>>,1931,0.4,-25,-57.43,-58.5,-25.43
S1,7,50,1628094331,CQ FOGN787BLS,2928,-0.4,-26,-58.289,-58.5,-26.289
S1,7,51,188822816,CQ Q1ABC FN42,1500,0.32,10,-21.304,-58,10.196
S1,7,51,188822816,<RDCTM532>/P <RDCTM121> R BM88,2344,-1.04,-26,-57.715,-58,-26.215
S1,7,51,188822816,H42OEC/R <RDCTM393>/R DQ42,1503,2.16,-18,-49.557,-58,-18.057
S1,7,52,1646387995,CQ Q1ABC FN42,1500,0.32,10,-22.19,-59,10.31
S1,7,53,1416259975,CQ Q1ABC FN42,1500,0.4,10,-21.62,-58,9.88
S1,7,53,1416259975,CQ <...>,2881,-1.28,-27,-58.852,-58.5,-26.852
S1,7,54,277164984,CQ Q1ABC FN42,1500,0.32,10,-21.962,-58.5,10.038
S1,7,54,277164984,CQ QPEO8YVANGI,1497,0.4,-7,-38.652,-58.5,-6.652
S1,7,55,1663511382,CQ Q1ABC FN42,1500,0.32,10,-21.152,-57.5,9.848
S1,7,56,943472762,CQ Q1ABC FN42,1500,0.32,10,-21.778,-58.5,10.222
S1,7,57,502028224,CQ Q1ABC FN42,1500,0.32,10,-21.646,-58.5,10.354
S1,7,57,502028224,I71AOV/P <RDCTM573> C R KH94,1506,0.48,-15,-47.247,-58.5,-15.247
S1,7,57,502028224,CQ <...>,1478,-0.4,-19,-50.822,-58,-19.322
S1,7,58,1771541846,CQ Q1ABC FN42,1500,0.32,10,-21.627,-58.5,10.373
S1,7,59,1684721524,CQ Q1ABC FN42,1500,0.4,10,-22.785,-59.5,10.215
S1,7,60,432305470,CQ Q1ABC FN42,1500,0.4,10,-21.93,-58.5,10.07
S1,7,61,250640601,CQ Q1ABC FN42,1500,0.32,10,-21.519,-58,9.981
S1,7,62,1816766086,CQ Q1ABC FN42,1500,0.32,10,-21.165,-58,10.335
S1,7,62,1816766086,<...> 3DTMRGFOBRS,200,-0.72,-26,-57.554,-58,-26.054
S1,7,63,1638464749,CQ Q1ABC FN42,1500,0.32,10,-21.259,-58,10.241
S1,7,64,114739101,CQ Q1ABC FN42,1500,0.32,10,-21.829,-58.5,10.171
S1,7,65,1059943288,CQ Q1ABC FN42,1500,0.32,10,-22.089,-58.5,9.911
S1,7,65,1059943288,2DBFCB3481AC4110D3,1494,0.24,-15,-47.291,-58.5,-15.291
S1,7,66,1867723607,CQ Q1ABC FN42,1500,0.32,10,-21.69,-58,9.81
S1,7,67,1736230527,CQ Q1ABC FN42,1500,0.4,10,-22.38,-59,10.12
S1,7,67,1736230527,T48WSH <RDCTM94> R MA49,291,-0.8,-27,-59.108,-59,-26.608
S1,7,68,1667474692,CQ Q1ABC FN42,1500,0.32,10,-21.532,-58,9.968
S1,7,68,1667474692,CQ QIGIH536AMF,1494,0.24,-16,-47.203,-58,-15.703
S1,7,69,1601635086,CQ Q1ABC FN42,1500,0.4,10,-21.918,-58.5,10.082
S1,7,70,917394916,CQ Q1ABC FN42,1500,0.32,10,-21.829,-58.5,10.171
S1,7,71,1985498623,CQ Q1ABC FN42,1500,0.32,10,-21.601,-58.5,10.399
S1,7,72,843428938,CQ Q1ABC FN42,1500,0.32,10,-22.082,-58.5,9.918
S1,7,72,843428938,<...> AKZ9 ROVS5L,1513,0.32,-17,-48.918,-58.5,-16.918
S1,7,73,722534042,CQ Q1ABC FN42,1500,0.32,10,-21.861,-58.5,10.139
S1,7,73,722534042,CQ 6GESVSNBSVZ,1500,0.24,-16,-47.57,-58.5,-15.57
S1,7,74,2048423088,CQ Q1ABC FN42,1500,0.32,10,-21.354,-58,10.146
S1,7,75,1105970548,CQ Q1ABC FN42,1500,0.32,10,-22.316,-59,10.184
S1,7,76,1937697407,CQ Q1ABC FN42,1500,0.32,10,-21.513,-58,9.987
S1,7,77,1954892285,CQ Q1ABC FN42,1500,0.32,10,-21.854,-58.5,10.146
S1,7,77,1954892285,G74FJF/R <RDCTM72> AQ71,1494,0.24,-14,-46.038,-58.5,-14.038
S1,7,78,1225690145,CQ Q1ABC FN42,1500,0.4,10,-22.089,-58.5,9.911
S1,7,79,381054920,CQ Q1ABC FN42,1500,0.32,10,-21.62,-58,9.88
S1,7,80,1662036024,CQ Q1ABC FN42,1500,0.32,10,-22.253,-59,10.247
S1,7,81,1996754549,CQ Q1ABC FN42,1500,0.32,10,-21.443,-58,10.057
S1,7,82,652006354,CQ Q1ABC FN42,1500,0.32,10,-22.228,-59,10.272
S1,7,83,613485190,CQ Q1ABC FN42,1500,0.32,10,-22.222,-59,10.278
S1,7,84,134121897,CQ Q1ABC FN42,1500,0.32,10,-21.665,-58,9.835
S1,7,85,779090276,CQ Q1ABC FN42,1500,0.32,10,-21.892,-58.5,10.108
S1,7,86,1986186160,CQ Q1ABC FN42,1500,0.32,10,-21.203,-58,10.297
S1,7,86,1986186160,CQ /HOCTS9F/NW,1497,0.4,-8,-39.006,-58,-7.506
S1,7,86,1986186160,CQ <3XD7ZDU/R>,2581,-1.52,-27,-58.928,-58,-27.428
S1,7,87,918885350,CQ Q1ABC FN42,1500,0.32,10,-21.722,-58.5,10.278
S1,7,87,918885350,<RDCTM244>/R <RDCTM543> R AQ95,1494,0.24,-16,-47.646,-58.5,-15.646
S1,7,88,1452316546,CQ Q1ABC FN42,1500,0.32,10,-21.241,-58,10.259
S1,7,89,350779961,CQ Q1ABC FN42,1500,0.32,10,-22.057,-58.5,9.943
S1,7,90,160836716,CQ Q1ABC FN42,1500,0.32,10,-21.316,-58,10.184
S1,7,91,630730119,CQ Q1ABC FN42,1500,0.4,10,-21.671,-58,9.829
S1,7,91,630730119,CQ /R8H2HMHSOM,1497,0.32,-8,-39.861,-58,-8.361
S1,7,91,630730119,<RDCTM734>/P <RDCTM470>/P QH47,2581,2.88,-27,-58.967,-58.5,-26.967
S1,7,91,630730119,CQ 05DGNIK/9EV,1494,0.24,-15,-46.354,-58,-14.854
S1,7,91,630730119,H2FFOWA5UHK <...> RRR,1506,0.24,-17,-48.772,-58,-17.272
S1,7,92,745373420,CQ Q1ABC FN42,1500,0.32,10,-21.323,-58,10.177
S1,7,93,553131127,CQ Q1ABC FN42,1500,0.32,10,-21.918,-58.5,10.082
S1,7,94,1746001991,CQ Q1ABC FN42,1500,0.32,10,-21.532,-58,9.968
S1,7,95,808370538,CQ Q1ABC FN42,1500,0.4,10,-21.943,-58.5,10.057
S1,7,95,808370538,<RDCTM102>/P W62VET/P R FD04,1756,0.64,-26,-57.892,-58.5,-25.892
S1,7,96,77198156,CQ Q1ABC FN42,1500,0.32,10,-21.956,-58.5,10.044
S1,7,96,77198156,C4 HN/R <RDCTM21> R HN90,1666,-0.88,-28,-59.349,-58,-27.849
S1,7,97,72201611,CQ Q1ABC FN42,1500,0.32,10,-21.696,-58,9.804
S1,7,98,739293275,CQ Q1ABC FN42,1500,0.4,10,-21.93,-58.5,10.07
S1,7,99,304692996,CQ Q1ABC FN42,1500,0.4,10,-21.538,-58,9.962
S1,7,100,109976358,CQ Q1ABC FN42,1500,0.32,10,-21.867,-58.5,10.133
S1,7,100,109976358,<RDCTM290> S/R <RDCTM378>/R PJ41,1484,0.56,-13,-44.677,-58.5,-12.677
S1,7,100,109976358,<RDCTM230> <RDCTM425>/P KN97,1484,-0.8,-18,-50.014,-58.5,-18.014
S1,7,101,1575247356,CQ Q1ABC FN42,1500,0.32,10,-21.677,-58.5,10.323
S1,7,102,601497131,CQ Q1ABC FN42,1500,0.32,10,-21.601,-58,9.899
S1,7,103,1780854131,CQ Q1ABC FN42,1500,0.32,10,-21.734,-58,9.766
S1,7,104,325642198,CQ Q1ABC FN42,1500,0.32,10,-21.658,-58.5,10.342
S1,7,105,197106267,CQ Q1ABC FN42,1500,0.32,10,-21.595,-58,9.905
S1,7,105,197106267,CQ <...>,1497,0.48,-15,-46.139,-58,-14.639
S1,7,106,552271481,CQ Q1ABC FN42,1500,0.32,10,-22.171,-58.5,9.829
S1,7,107,1258790818,CQ Q1ABC FN42,1500,0.4,10,-22.437,-59,10.063
S1,7,108,237285233,CQ Q1ABC FN42,1500,0.32,10,-21.741,-58.5,10.259
S1,7,109,1105746163,CQ Q1ABC FN42,1500,0.32,10,-21.158,-57.5,9.842
S1,7,110,1538079105,CQ Q1ABC FN42,1500,0.32,10,-21.892,-58.5,10.108
S1,7,111,814383159,CQ Q1ABC FN42,1500,0.32,10,-21.582,-58,9.918
S1,7,112,509640053,CQ Q1ABC FN42,1500,0.32,10,-22.038,-58.5,9.962
S1,7,113,689636991,CQ Q1ABC FN42,1500,0.4,10,-21.247,-58,10.253
S1,7,114,1404722730,CQ Q1ABC FN42,1500,0.32,10,-21.291,-58,10.209
S1,7,115,942617153,CQ Q1ABC FN42,1500,0.32,10,-21.051,-57.5,9.949
S1,7,115,942617153,<RDCTM131>/R <RDCTM232> R NK32,1503,0.24,-15,-45.665,-57.5,-14.665
S1,7,116,734177413,CQ Q1ABC FN42,1500,0.32,10,-22.063,-58.5,9.937
S1,7,117,741994754,CQ Q1ABC FN42,1500,0.32,10,-21.696,-58,9.804
S1,7,117,741994754,<RDCTM127> <RDCTM416>/P R NI97,1503,0.48,-15,-46.297,-58,-14.797
S1,7,118,966761420,CQ Q1ABC FN42,1500,0.32,10,-22.076,-58.5,9.924
S1,7,118,966761420,CQ YPBAX8B2LW2,1497,0.4,-6,-38.373,-58.5,-6.373
S1,7,118,966761420,CQ ULLJ4X/ZYXN,1509,1.04,-18,-49.804,-58.5,-17.804
S1,7,119,1797033676,CQ Q1ABC FN42,1500,0.4,10,-21.278,-58,10.222
S1,7,119,1797033676,CQ NHZEPF0AU28,2288,-1.36,-28,-59.514,-58,-28.014
S1,7,120,780965041,CQ Q1ABC FN42,1500,0.32,10,-21.709,-58,9.791
S1,7,121,32377163,CQ Q1ABC FN42,1500,0.32,10,-22.392,-59,10.108
S1,7,122,1193048590,CQ Q1ABC FN42,1500,0.32,10,-22.057,-58.5,9.943
S1,7,123,643417228,CQ Q1ABC FN42,1500,0.32,10,-21.348,-58,10.152
S1,7,124,243419689,CQ Q1ABC FN42,1500,0.32,10,-22.057,-58.5,9.943
S1,7,125,1025651569,CQ Q1ABC FN42,1500,0.32,10,-21.671,-58,9.829
S1,7,126,1818825949,CQ Q1ABC FN42,1500,0.32,10,-22.051,-58.5,9.949
S1,7,126,1818825949,13CWT/DTWH3 <...> RRR,1503,0.48,-15,-46.759,-58.5,-14.759
S1,7,127,1691371249,CQ Q1ABC FN42,1500,0.4,10,-21.114,-57.5,9.886
S1,7,128,890633462,CQ Q1ABC FN42,1500,0.32,10,-21.62,-58,9.88
S1,7,129,1218611887,CQ Q1ABC FN42,1500,0.32,10,-21.297,-58,10.203
S1,7,129,1218611887,O83BFI <RDCTM55>/P LQ96,644,-1.12,-26,-57.438,-58,-25.938
S1,7,130,1372751076,CQ Q1ABC FN42,1500,0.4,10,-21.747,-58.5,10.253
S1,7,131,2007731732,CQ Q1ABC FN42,1500,0.32,10,-21.601,-58,9.899
S1,7,131,2007731732,CQ 6WTXGXO4WN,1500,0.24,-14,-45.165,-58,-13.665
S1,7,132,2118535945,CQ Q1ABC FN42,1500,0.32,10,-22.038,-58.5,9.962
S1,7,133,786667385,CQ Q1ABC FN42,1500,0.32,10,-21.823,-58.5,10.177
S1,7,134,299848392,CQ Q1ABC FN42,1500,0.4,10,-21.677,-58.5,10.323
S1,7,134,299848392,3C2 AK/R 202ORB/R NR53,2803,2.64,-26,-57.961,-58.5,-25.961
S1,7,135,259386956,CQ Q1ABC FN42,1500,0.32,10,-21.741,-58.5,10.259
S1,7,135,259386956,CQ ZXO0YAOXEL,1497,0.32,-6,-37.994,-58.5,-5.994
S1,7,136,1031372667,CQ Q1ABC FN42,1500,0.32,10,-22.025,-58.5,9.975
S1,7,137,219069020,CQ Q1ABC FN42,1500,0.32,10,-21.222,-58,10.278
S1,7,138,810066031,CQ Q1ABC FN42,1500,0.32,10,-20.848,-57.5,10.152
S1,7,139,1813451367,CQ Q1ABC FN42,1500,0.32,10,-21.006,-57.5,9.994
S1,7,140,1508753971,CQ Q1ABC FN42,1500,0.32,10,-21.918,-58.5,10.082
S1,7,140,1508753971,CQ ARSMY 9EBPC,1497,0.4,-6,-37.943,-58.5,-5.943
S1,7,141,1817000441,CQ Q1ABC FN42,1500,0.32,10,-21.241,-58,10.259
S1,7,142,1043335697,CQ Q1ABC FN42,1500,0.32,10,-21.361,-58,10.139
S1,7,142,1043335697,CQ U/OXWTY20HM,1513,0.32,-17,-48.886,-58,-17.386
S1,7,143,2043621429,CQ Q1ABC FN42,1500,0.32,10,-21.816,-58.5,10.184
S1,7,143,2043621429,089KAZ 228  U EN52,434,-1.2,-27,-58.542,-58.5,-26.542
S1,7,144,1369166894,CQ Q1ABC FN42,1500,0.32,10,-21.513,-58,9.987
S1,7,144,1369166894,<RDCTM351>/R <RDCTM654>/R RC37,1484,0.56,-13,-44.532,-58,-13.032
S1,7,144,1369166894,D18YXX <RDCTM793> BK85,1484,-0.8,-19,-50.338,-58,-18.838
S1,7,145,719699293,CQ Q1ABC FN42,1500,0.32,10,-22.019,-58.5,9.981
S1,7,146,1997303830,CQ Q1ABC FN42,1500,0.32,10,-21.854,-58.5,10.146
S1,7,146,1997303830,CQ USEVMO17XUD,1497,0.32,-8,-39.709,-58.5,-7.709
S1,7,146,1997303830,<...> GY09RTZ4DL RRR,1513,0.32,-17,-49.437,-58.5,-17.437
S1,7,147,126968914,CQ Q1ABC FN42,1500,0.32,10,-21.177,-57.5,9.823
S1,7,147,126968914,612486480955430594,1488,0.64,-17,-48.146,-57.5,-17.146
S1,7,148,1528650886,CQ Q1ABC FN42,1500,0.32,10,-21.399,-58,10.101
S1,7,149,116434859,CQ Q1ABC FN42,1500,0.32,10,-22.215,-59,10.285
S1,7,150,21215187,CQ Q1ABC FN42,1500,0.32,10,-22.044,-58.5,9.956
S1,7,150,21215187,<RDCTM106> <RDCTM683> R KB25,1494,0.24,-14,-46.158,-58.5,-14.158
S1,7,151,2141526575,CQ Q1ABC FN42,1500,0.32,10,-22.057,-58.5,9.943
S1,7,152,597193083,CQ Q1ABC FN42,1500,0.32,10,-21.234,-58,10.266
S1,7,153,177472330,CQ Q1ABC FN42,1500,0.32,10,-21.513,-58,9.987
S1,7,154,1953793661,CQ Q1ABC FN42,1500,0.32,10,-21.728,-58.5,10.272
S1,7,155,2069578843,CQ Q1ABC FN42,1500,0.4,10,-21.329,-58,10.171
S1,7,156,787873864,CQ Q1ABC FN42,1500,0.32,10,-21.899,-58.5,10.101
S1,7,156,787873864,<RDCTM741>/R <RDCTM706>/R LD29,2619,1.68,-26,-58.241,-58.5,-26.241
S1,7,157,956586104,CQ Q1ABC FN42,1500,0.32,10,-21.152,-58,10.348
S1,7,157,956586104,<RDCTM414>/R <RDCTM342>/R R AR75,1494,0.24,-16,-47.095,-58,-15.595
S1,7,158,969064818,CQ Q1ABC FN42,1500,0.32,10,-21.93,-58.5,10.07
S1,7,159,310958764,CQ Q1ABC FN42,1500,0.32,10,-22.152,-58.5,9.848
S1,7,160,1645491302,CQ Q1ABC FN42,1500,0.32,10,-21.494,-58,10.006
S1,7,160,1645491302,<RDCTM498> <RDCTM116>/R R MF37,947,-0.16,-27,-58.212,-58,-26.712
S1,7,160,1645491302,C27AUN/R <RDCTM408>/R R NK56,1503,0.24,-14,-45.854,-58,-14.354
S1,7,161,1341760737,CQ Q1ABC FN42,1500,0.32,10,-22.297,-59,10.203
S1,7,161,1341760737,CQ RQC86Q9TZNM,2931,-1.12,-27,-59.563,-59,-27.063
S1,7,162,1471258892,CQ Q1ABC FN42,1500,0.32,10,-21.551,-58,9.949
S1,7,163,2065322765,CQ Q1ABC FN42,1500,0.32,10,-22.342,-59,10.158
S1,7,164,218263225,CQ Q1ABC FN42,1500,0.32,10,-21.215,-58,10.285
S1,7,164,218263225,CQ RP0A9MUGC,1500,2.56,-11,-42.084,-58,-10.584
S1,7,165,698616583,CQ Q1ABC FN42,1500,0.32,10,-21.595,-58,9.905
S1,7,166,561240462,CQ Q1ABC FN42,1500,0.4,10,-21.386,-58,10.114
S1,7,167,952287311,CQ Q1ABC FN42,1500,0.32,10,-21.728,-58,9.772
S1,7,167,952287311,CQ 28XYR4OQU6E,1497,0.4,-7,-38.057,-58,-6.557
S1,7,168,350851117,CQ Q1ABC FN42,1500,0.32,10,-21.981,-58.5,10.019
S1,7,169,155838180,CQ Q1ABC FN42,1500,0.32,10,-21.399,-58,10.101
S1,7,169,155838180,CQ <...>,1475,-0.4,-21,-52.855,-58,-21.355
S1,7,170,1832709451,CQ Q1ABC FN42,1500,0.32,10,-21.886,-58.5,10.114
S1,7,170,1832709451,CQ <...>,2734,-1.2,-27,-58.944,-58.5,-26.944
S1,7,171,1237480841,CQ Q1ABC FN42,1500,0.32,10,-21.462,-58,10.038
S1,7,172,1791841753,CQ Q1ABC FN42,1500,0.32,10,-21.12,-57.5,9.88
S1,7,173,1691920070,CQ Q1ABC FN42,1500,0.32,10,-21.538,-58,9.962
S1,7,174,137436161,CQ Q1ABC FN42,1500,0.32,10,-21.835,-58.5,10.165
S1,7,175,1920024016,CQ Q1ABC FN42,1500,0.32,10,-21.753,-58.5,10.247
S1,7,176,1486657088,CQ Q1ABC FN42,1500,0.32,10,-21.823,-58.5,10.177
S1,7,177,603132170,CQ Q1ABC FN42,1500,0.32,10,-21.335,-58,10.165
S1,7,177,603132170,CQ <...>,1500,0.48,-14,-45.848,-58,-14.348
S1,7,178,750700153,CQ Q1ABC FN42,1500,0.32,10,-21.778,-58.5,10.222
S1,7,179,1357617778,CQ Q1ABC FN42,1500,0.32,10,-21.272,-58,10.228
S1,7,179,1357617778,U?NJ08EXH-CNK,1444,-1.12,-27,-57.889,-57.5,-26.889
S1,7,179,1357617778,CQ <...>,2569,0.96,-27,-58.646,-58,-27.146
S1,7,180,1340739818,CQ Q1ABC FN42,1500,0.32,10,-21.297,-58,10.203
S1,7,181,524375017,CQ Q1ABC FN42,1500,0.4,10,-21.968,-58.5,10.032
S1,7,182,1558351114,CQ Q1ABC FN42,1500,0.4,10,-21.462,-58,10.038
S1,7,182,1558351114,<RDCTM565> <RDCTM304>/P R BA23,1516,0.32,-20,-51.791,-58,-20.291
S1,7,183,1384547401,CQ Q1ABC FN42,1500,0.32,10,-22.025,-58.5,9.975
S1,7,184,377581722,CQ Q1ABC FN42,1500,0.4,10,-21.576,-58,9.924
S1,7,185,623128858,CQ Q1ABC FN42,1500,0.32,10,-21.956,-58.5,10.044
S1,7,185,623128858,<RDCTM363>/P Y92CNR/P R NL15,1503,0.48,-15,-46.601,-58.5,-14.601
S1,7,186,1477574391,CQ Q1ABC FN42,1500,0.32,10,-21.304,-58,10.196
S1,7,186,1477574391,CQ 28XYR4OQU6E,1497,0.4,-6,-37.506,-58,-6.006
S1,7,186,1477574391,438F522B4EB9D0AC35,1509,0.48,-18,-49.418,-58,-17.918
S1,7,187,184145588,CQ Q1ABC FN42,1500,0.4,10,-21.848,-58.5,10.152
S1,7,188,920150852,CQ Q1ABC FN42,1500,0.32,10,-21.525,-58,9.975
S1,7,189,740792472,CQ Q1ABC FN42,1500,0.32,10,-21.854,-58.5,10.146
S1,7,189,740792472,BON 3KUP U <...> RR73,1509,0.48,-18,-49.975,-58.5,-17.975
S1,7,190,310565965,CQ Q1ABC FN42,1500,0.32,10,-21.38,-58,10.12
S1,7,190,310565965,<RDCTM213> <RDCTM312>/P R DH21,1500,0.24,-14,-45.608,-58,-14.108
S1,7,190,310565965,<...> K5T76XYEQIA 73,1491,0.32,-15,-46.671,-58,-15.171
S1,7,191,1014005539,CQ Q1ABC FN42,1500,0.32,10,-21.981,-58.5,10.019
S1,7,192,1132170666,CQ Q1ABC FN42,1500,0.32,10,-21.658,-58.5,10.342
S1,7,193,830228356,CQ Q1ABC FN42,1500,0.32,10,-21.386,-58,10.114
S1,7,194,717623336,CQ Q1ABC FN42,1500,0.32,10,-21.804,-58.5,10.196
S1,7,195,1993520678,CQ Q1ABC FN42,1500,0.4,10,-21.639,-58,9.861
S1,7,196,1793394584,CQ Q1ABC FN42,1500,0.32,10,-22.392,-59,10.108
S1,7,197,572210513,CQ Q1ABC FN42,1500,0.32,10,-21.184,-58,10.316
S1,7,198,2046120557,CQ Q1ABC FN42,1500,0.32,10,-21.361,-58,10.139
S1,7,199,287021669,CQ Q1ABC FN42,1500,0.32,10,-22.418,-59,10.082
S1,7,199,287021669,376IWN/P <RDCTM797> R PO87,2938,3.12,-27,-59.324,-59,-26.824
S1,7,200,1786836926,CQ Q1ABC FN42,1500,0.32,10,-21.614,-58,9.886
S1,7,201,1468534775,CQ Q1ABC FN42,1500,0.32,10,-21.62,-58,9.88
S1,7,201,1468534775,CQ QSKCO0B0DTS,1497,0.32,-7,-38.184,-58,-6.684
S1,7,202,727098825,CQ Q1ABC FN42,1500,0.4,10,-21.639,-58,9.861
S1,7,203,694538437,CQ Q1ABC FN42,1500,0.32,10,-22.203,-58.5,9.797
S1,7,204,1381533123,CQ Q1ABC FN42,1500,0.4,10,-21.791,-58.5,10.209
S1,7,204,1381533123,<RDCTM325> <RDCTM505>/P R EK28,2853,-0.88,-26,-58.39,-58.5,-26.39
S1,7,204,1381533123,<RDCTM435>/P <RDCTM176> DC51,1494,0.16,-15,-46.956,-58.5,-14.956
S1,7,205,874533891,CQ Q1ABC FN42,1500,0.32,10,-21.88,-58.5,10.12
S1,7,205,874533891,CQ 28XYR4OQU6E,1497,0.4,-7,-39.019,-58.5,-7.019
S1,7,206,838337772,CQ Q1ABC FN42,1500,0.32,10,-21.987,-58.5,10.013
S1,7,206,838337772,<RDCTM798> <...> R BK51,1809,-1.12,-26,-58.299,-59,-25.799
S1,7,207,1138702673,CQ Q1ABC FN42,1500,0.32,10,-22.418,-59,10.082
S1,7,208,1637464350,CQ Q1ABC FN42,1500,0.4,10,-21.987,-58.5,10.013
S1,7,209,1782249391,CQ Q1ABC FN42,1500,0.4,10,-21.278,-58,10.222
S1,7,209,1782249391,F9T7GE280MW <...> RR73,2569,-1.12,-26,-57.639,-58,-26.139
S1,7,210,1077191387,CQ Q1ABC FN42,1500,0.32,10,-21.494,-58,10.006
S1,7,211,950639612,CQ Q1ABC FN42,1500,0.32,10,-21.519,-58,9.981
S1,7,212,1469710358,CQ Q1ABC FN42,1500,0.32,10,-22.43,-59,10.07
S1,7,213,1940068053,CQ Q1ABC FN42,1500,0.32,10,-21.411,-58,10.089
S1,7,214,990186577,CQ Q1ABC FN42,1500,0.32,10,-22.367,-59,10.133
S1,7,215,1615352688,CQ Q1ABC FN42,1500,0.32,10,-21.722,-58.5,10.278
S1,7,216,342873664,CQ Q1ABC FN42,1500,0.4,10,-21.652,-58,9.848
S1,7,216,342873664,<RDCTM620>/R D25GCQ/R R DD45,1497,0.48,-15,-46.38,-58,-14.88
S1,7,217,1904542167,CQ Q1ABC FN42,1500,0.32,10,-21.595,-58,9.905
S1,7,218,756472603,CQ Q1ABC FN42,1500,0.32,10,-21.31,-58,10.19
S1,7,219,128442654,CQ Q1ABC FN42,1500,0.32,10,-22.203,-59,10.297
S1,7,220,982184325,CQ Q1ABC FN42,1500,0.32,10,-21.696,-58,9.804
S1,7,221,555487652,CQ Q1ABC FN42,1500,0.32,10,-21.544,-58,9.956
S1,7,221,555487652,CQ NMKRNKB5WYE,1938,-1.44,-27,-58.714,-58.5,-26.714
S1,7,222,642460344,CQ Q1ABC FN42,1500,0.32,10,-21.557,-58,9.943
S1,7,222,642460344,CQ /R8H2HMHSOM,1497,0.32,-8,-39.823,-58,-8.323
S1,7,223,1178461127,CQ Q1ABC FN42,1500,0.32,10,-21.481,-58,10.019
S1,7,224,1745736148,CQ Q1ABC FN42,1500,0.32,10,-22.139,-59,10.361
S1,7,224,1745736148,CQ S0GIKTAAY4A,1497,0.4,-6,-38.785,-59,-6.285
S1,7,224,1745736148,<RDCTM521>/P <RDCTM399>/P R KQ45,625,-0.96,-26,-58.678,-59,-26.178
S1,7,224,1745736148,9L+/844+05HR,1822,-1.2,-26,-58.789,-59,-26.289
S1,7,224,1745736148,<RDCTM464> X93BRX/P R CG75,1497,0.48,-15,-47.867,-59,-15.367
S1,7,225,450768971,CQ Q1ABC FN42,1500,0.32,10,-21.456,-58,10.044
S1,7,225,450768971,<RDCTM542> K/R <RDCTM159>/R R FP78,391,2.4,-26,-57.192,-58,-25.692
S1,7,226,181333814,CQ Q1ABC FN42,1500,0.4,10,-21.956,-58.5,10.044
S1,7,227,198308902,CQ Q1ABC FN42,1500,0.32,10,-21.899,-58.5,10.101
S1,7,228,1281539417,CQ Q1ABC FN42,1500,0.32,10,-21.981,-58.5,10.019
S1,7,229,500157081,CQ Q1ABC FN42,1500,0.4,10,-21.316,-58,10.184
S1,8,0,1206520285,CQ Q1ABC FN42,1500,0.32,14,-18.778,-59,13.722
S1,8,1,1462033172,CQ Q1ABC FN42,1500,0.32,14,-19.405,-59.5,13.595
S1,8,2,1537966073,CQ Q1ABC FN42,1500,0.32,13,-19.703,-59.5,13.297
S1,8,2,1537966073,CQ 28XYR4OQU6E,1497,0.4,-4,-36.772,-59.5,-3.772
S1,8,2,1537966073,<...> E9JF8JCXGRR,1500,0.24,-13,-46.31,-59.5,-13.31
S1,8,2,1537966073,<...> PKJLWXOFUOL RRR,1459,2.08,-24,-57.361,-59.5,-24.361
S1,8,3,1256192739,CQ Q1ABC FN42,1500,0.32,14,-18.785,-59,13.715
S1,8,3,1256192739,<...> <RDCTM725> M MI09,1500,0.24,-13,-45.443,-59,-12.943
S1,8,4,1121198307,CQ Q1ABC FN42,1500,0.4,13,-18.709,-58.5,13.291
S1,8,5,698729230,CQ Q1ABC FN42,1500,0.32,13,-19.057,-59,13.443
S1,8,6,1228715212,CQ Q1ABC FN42,1500,0.32,14,-18.886,-59,13.614
S1,8,7,1158501831,CQ Q1ABC FN42,1500,0.32,14,-19.209,-59.5,13.791
S1,8,7,1158501831,P2W2QY6EMRK <...> RR73,1503,0.24,-15,-48.234,-59.5,-15.234
S1,8,7,1158501831,<RDCTM713> <RDCTM267> HB04,1500,2.8,-17,-49.75,-59.5,-16.75
S1,8,8,239378097,CQ Q1ABC FN42,1500,0.32,13,-19.513,-59.5,13.487
S1,8,8,239378097,IKFP0BM7AAW <...> RR73,1109,2.8,-26,-59.336,-59.5,-26.336
S1,8,8,239378097,N85YYI <RDCTM536> JP50,1481,-0.16,-18,-51.173,-59.5,-18.173
S1,8,8,239378097,<P2W2QY6EMRK> HWBR /9PP56,1494,-0.56,-18,-51.213,-59.5,-18.213
S1,8,9,1490097379,CQ Q1ABC FN42,1500,0.4,14,-19.766,-60,13.734
S1,8,9,1490097379,O60QLT/P <RDCTM465>/P KJ40,1509,0.48,-17,-50.297,-60,-16.797
S1,8,10,1165800018,CQ Q1ABC FN42,1500,0.32,13,-19.165,-59,13.335
S1,8,11,1108047410,CQ Q1ABC FN42,1500,0.32,13,-18.747,-58.5,13.253
S1,8,11,1108047410,041HFQ N15QPR/R R QR64,634,-0.56,-26,-58.713,-59,-26.213
S1,8,11,1108047410,<RDCTM471>/P 319EAK/P KA87,1494,0.24,-15,-47.405,-59,-14.905
S1,8,12,1108994799,CQ Q1ABC FN42,1500,0.32,13,-19.076,-59,13.424
S1,8,13,414641223,CQ Q1ABC FN42,1500,0.32,14,-19.861,-60,13.639
S1,8,13,414641223,213247F8CB401A6FA4,1484,0.56,-11,-44.696,-60,-11.196
S1,8,14,1669722879,CQ Q1ABC FN42,1500,0.4,13,-19.032,-59,13.468
S1,8,14,1669722879,CQ <...>,2775,-1.12,-28,-60.632,-59,-28.132
S1,8,14,1669722879,29CB75DA54AFAFAAF2,1500,0.24,-13,-45.987,-59,-13.487
S1,8,15,91634305,CQ Q1ABC FN42,1500,0.32,13,-19.696,-59.5,13.304
S1,8,15,91634305,3XW7ABD/R <RDCTM165>/R PM74,1481,2.4,-11,-44.359,-59.5,-11.359
S1,8,15,91634305,<RDCTM577> <RDCTM203> AA77,1503,2.8,-18,-51.02,-59.5,-18.02
S1,8,16,805501353,CQ Q1ABC FN42,1500,0.4,13,-19.051,-59,13.449
S1,8,17,1006623787,CQ Q1ABC FN42,1500,0.32,13,-19.12,-59,13.38
S1,8,18,2037085652,CQ Q1ABC FN42,1500,0.32,13,-19.101,-59,13.399
S1,8,19,1976930830,CQ Q1ABC FN42,1500,0.32,13,-19.753,-59.5,13.247
S1,8,19,1976930830,G58SAX <RDCTM676> R EO45,2741,-0.96,-27,-60.404,-60,-26.904
S1,8,20,438200892,CQ Q1ABC FN42,1500,0.32,14,-20.323,-60.5,13.677
S1,8,21,1839563312,CQ Q1ABC FN42,1500,0.32,14,-19.259,-59.5,13.741
S1,8,21,1839563312,<...> 6FZ62MXGSTK RR73,1503,0.24,-14,-47.361,-59.5,-14.361
S1,8,22,1142727422,CQ Q1ABC FN42,1500,0.32,13,-19.253,-59,13.247
S1,8,22,1142727422,CQ 28XYR4OQU6E,1497,0.4,-5,-37.696,-59,-5.196
S1,8,23,2063294908,CQ Q1ABC FN42,1500,0.32,14,-18.88,-59,13.62
S1,8,24,1644322266,CQ Q1ABC FN42,1500,0.32,14,-19.709,-60,13.791
S1,8,24,1644322266,<RDCTM538>/R H88VSE R OK97,1494,0.24,-16,-49.044,-60,-15.544
S1,8,25,853839231,CQ Q1ABC FN42,1500,0.32,14,-19.399,-59.5,13.601
S1,8,25,853839231,<RDCTM380> <RDCTM584>/P ON01,1516,0.32,-18,-50.595,-59.5,-17.595
S1,8,26,1886490338,CQ Q1ABC FN42,1500,0.32,14,-19.405,-59.5,13.595
S1,8,26,1886490338,<RDCTM729>/P L46FIZ/P EE90,1494,0.16,-14,-46.981,-59.5,-13.981
S1,8,27,436750730,CQ Q1ABC FN42,1500,0.32,14,-18.835,-59,13.665
S1,8,27,436750730,63CZN/P B90XBZ OB50,2722,1.68,-26,-58.759,-59,-26.259
S1,8,28,1284735401,CQ Q1ABC FN42,1500,0.32,13,-18.677,-58.5,13.323
S1,8,29,207786067,CQ Q1ABC FN42,1500,0.32,13,-18.816,-58.5,13.184
S1,8,29,207786067,CQ 28XYR4OQU6E,1497,0.4,-5,-36.57,-58.5,-4.57
S1,8,30,747746104,CQ Q1ABC FN42,1500,0.32,13,-19.291,-59,13.209
S1,8,31,1724094198,CQ Q1ABC FN42,1500,0.32,13,-19.386,-59,13.114
S1,8,32,2053772628,CQ Q1ABC FN42,1500,0.32,14,-18.861,-59,13.639
S1,8,32,2053772628,CQ Z5BIDEOCZGC,1544,0.64,-24,-56.411,-58.5,-24.411
S1,8,33,829995302,CQ Q1ABC FN42,1500,0.32,14,-19.247,-59.5,13.753
S1,8,33,829995302,<...> WOOSNR6AA96,1925,2.8,-26,-59.447,-59.5,-26.447
S1,8,33,829995302,56442095542F371AE4,1500,0.24,-14,-47.108,-59.5,-14.108
S1,8,34,2105005236,CQ Q1ABC FN42,1500,0.4,13,-19.266,-59,13.234
S1,8,34,2105005236,<...> HXU5 45 0,994,-0.88,-27,-60.329,-59.5,-27.329
S1,8,34,2105005236,CQ A//5IJMAB79,1497,0.24,-12,-45.259,-59.5,-12.259
S1,8,34,2105005236,<RDCTM166> <RDCTM650> A/P FQ81,1488,0.64,-16,-48.646,-59,-16.146
S1,8,35,1681740755,CQ Q1ABC FN42,1500,0.32,14,-18.93,-59,13.57
S1,8,35,1681740755,<...> OR9T6RV52OM RRR,1491,0.32,-15,-47.025,-59,-14.525
S1,8,36,739320938,CQ Q1ABC FN42,1500,0.4,13,-19.684,-59.5,13.316
S1,8,36,739320938,616C14EFE4AC147504,2219,3.04,-27,-60.142,-60,-26.642
S1,8,37,672702986,CQ Q1ABC FN42,1500,0.4,13,-19.057,-59,13.443
S1,8,38,1992916528,CQ Q1ABC FN42,1500,0.32,14,-18.93,-59,13.57
S1,8,39,74249808,CQ Q1ABC FN42,1500,0.32,14,-18.943,-59,13.557
S1,8,39,74249808,70AC92B0CCA4893D24,1488,2.64,-19,-51,-59,-18.5
S1,8,40,1305954242,CQ Q1ABC FN42,1500,0.32,14,-18.911,-59,13.589
S1,8,40,1305954242,CQ <...>,1491,0.4,-14,-46.854,-59,-14.354
S1,8,41,1785819366,CQ Q1ABC FN42,1500,0.32,14,-19.392,-59.5,13.608
S1,8,41,1785819366,<RDCTM156> <RDCTM606>/P BH51,1503,2.8,-17,-49.928,-59.5,-16.928
S1,8,42,1354732934,CQ Q1ABC FN42,1500,0.32,13,-19.158,-59,13.342
S1,8,43,1110599362,CQ Q1ABC FN42,1500,0.4,13,-19.019,-59,13.481
S1,8,43,1110599362,5EZBFLSWF2S <...> 73,1478,-0.4,-19,-51.191,-59,-18.691
S1,8,44,101142118,CQ Q1ABC FN42,1500,0.4,13,-19.247,-59,13.253
S1,8,44,101142118,CQ <...>,1506,2.48,-18,-50.551,-59,-18.051
S1,8,45,159926219,CQ Q1ABC FN42,1500,0.32,14,-18.778,-59,13.722
S1,8,45,159926219,<RDCTM476>/R <RDCTM61>/R R KR12,1503,0.56,-17,-49.671,-59,-17.171
S1,8,46,491833259,CQ Q1ABC FN42,1500,0.32,14,-19.424,-59.5,13.576
S1,8,47,625592400,CQ Q1ABC FN42,1500,0.32,14,-19.272,-59.5,13.728
S1,8,47,625592400,<RDCTM349>/R <RDCTM560> R JD96,1481,-0.16,-18,-51.244,-59.5,-18.244
S1,8,48,709723694,CQ Q1ABC FN42,1500,0.32,14,-19.418,-59.5,13.582
S1,8,49,173850436,CQ Q1ABC FN42,1500,0.4,14,-19.494,-59.5,13.506
S1,8,50,1859389636,CQ Q1ABC FN42,1500,0.32,13,-19.095,-59,13.405
S1,8,50,1859389636,<...> PCT5T/9AFW4 RR73,1506,0.24,-15,-47.639,-59,-15.139
S1,8,51,1853822688,CQ Q1ABC FN42,1500,0.32,14,-18.987,-59,13.513
S1,8,52,382424767,CQ Q1ABC FN42,1500,0.32,13,-19.677,-59.5,13.323
S1,8,53,37639119,CQ Q1ABC FN42,1500,0.4,14,-19.278,-59.5,13.722
S1,8,53,37639119,CQ 28XYR4OQU6E,1497,0.4,-3,-35.911,-59.5,-2.911
S1,8,53,37639119,<RDCTM622>/P <RDCTM486> R BD78,1509,0.48,-16,-48.759,-59,-16.259
S1,8,53,37639119,UQW0YBV8550?H,1491,-0.32,-18,-50.461,-59,-17.961
S1,8,54,1723762342,CQ Q1ABC FN42,1500,0.4,13,-19.538,-59.5,13.462
S1,8,55,2090794862,CQ Q1ABC FN42,1500,0.32,14,-18.5,-58.5,13.5
S1,8,56,1836998011,CQ Q1ABC FN42,1500,0.4,14,-19.405,-59.5,13.595
S1,8,56,1836998011,600EF6BFFFC59F6DAC,1484,0.56,-11,-43.816,-59.5,-10.816
S1,8,56,1836998011,<...> <RDCTM08>/R KB73,1494,0.24,-14,-47.152,-59.5,-14.152
S1,8,57,1699745277,CQ Q1ABC FN42,1500,0.32,13,-19.627,-59.5,13.373
S1,8,57,1699745277,CQ <...>,1506,1.28,-16,-49.07,-59.5,-16.07
S1,8,58,647233379,CQ Q1ABC FN42,1500,0.32,13,-19.019,-59,13.481
S1,8,58,647233379,<RDCTM329>/P J89LNA GJ67,1503,2.8,-19,-51.618,-59,-19.118
S1,8,59,1262390160,CQ Q1ABC FN42,1500,0.32,13,-19.557,-59.5,13.443
S1,8,59,1262390160,<RDCTM504> <RDCTM616> BF18,856,-1.12,-26,-59.764,-60,-26.264
S1,8,60,1158596645,CQ Q1ABC FN42,1500,0.32,14,-19.462,-59.5,13.538
S1,8,60,1158596645,<...> I FS9HNWNPI,1478,-0.4,-20,-52.539,-59.5,-19.539
S1,8,61,164677500,CQ Q1ABC FN42,1500,0.4,14,-18.962,-59,13.538
S1,8,61,164677500,CQ <RDCTM637>/UELMUJV,1513,0.32,-16,-48.911,-59,-16.411
S1,8,62,1878598152,CQ Q1ABC FN42,1500,0.4,14,-19.335,-59.5,13.665
S1,8,62,1878598152,CQ 0GJ3F GP82F,1488,0.4,-16,-48.69,-59.5,-15.69
S1,8,63,1739997415,CQ Q1ABC FN42,1500,0.4,13,-19.532,-59.5,13.468
S1,8,64,306350953,CQ Q1ABC FN42,1500,0.32,14,-18.854,-59,13.646
S1,8,64,306350953,CQ 28XYR4OQU6E,1497,0.4,-4,-36.456,-59,-3.956
S1,8,65,354655972,CQ Q1ABC FN42,1500,0.32,13,-19.519,-59.5,13.481
S1,8,65,354655972,<RDCTM488> <RDCTM527>/P R EI75,2369,3.12,-28,-61.176,-60,-27.676
S1,8,66,739758194,CQ Q1ABC FN42,1500,0.32,13,-19.133,-59,13.367
S1,8,67,2050985667,CQ Q1ABC FN42,1500,0.32,14,-18.924,-59,13.576
S1,8,67,2050985667,CQ USEVMO17XUD,1497,0.32,-4,-36.715,-59,-4.215
S1,8,68,194827135,CQ Q1ABC FN42,1500,0.32,13,-18.652,-58.5,13.348
S1,8,69,1056145709,CQ Q1ABC FN42,1500,0.4,13,-18.614,-58.5,13.386
S1,8,70,1910053967,CQ Q1ABC FN42,1500,0.32,14,-19.361,-59.5,13.639
S1,8,70,1910053967,<...> UYJMV2LDQHR RRR,1491,2.64,-18,-51.39,-59.5,-18.39
S1,8,71,56042845,CQ Q1ABC FN42,1500,0.32,13,-19.589,-59.5,13.411
S1,8,71,56042845,CQ TXR TDOJQVQ,1522,1.92,-23,-55.785,-59,-23.285
S1,8,72,348889572,CQ Q1ABC FN42,1500,0.32,14,-18.899,-59,13.601
S1,8,73,1006260112,CQ Q1ABC FN42,1500,0.32,14,-18.804,-59,13.696
S1,8,74,1023726496,CQ Q1ABC FN42,1500,0.4,14,-19.43,-59.5,13.57
S1,8,74,1023726496,Z17ORE 5G2 PJ +F9,1200,2.88,-26,-59.3,-59.5,-26.3
S1,8,75,17251147,CQ Q1ABC FN42,1500,0.32,14,-18.848,-59,13.652
S1,8,75,17251147,6ORBQ4RGG03 <960GF> 73,1509,0.48,-17,-49.215,-59,-16.715
S1,8,75,17251147,<...> FSCX/KBU1 9 73,1500,2.8,-16,-48.632,-59,-16.132
S1,8,76,2081709889,CQ Q1ABC FN42,1500,0.32,13,-18.671,-58.5,13.329
S1,8,77,2235645,CQ Q1ABC FN42,1500,0.32,14,-19.5,-59.5,13.5
S1,8,78,1708424868,CQ Q1ABC FN42,1500,0.32,13,-18.696,-58.5,13.304
S1,8,78,1708424868,<RDCTM183> <RDCTM104>/R JF91,1513,0.4,-17,-49.259,-58.5,-17.259
S1,8,79,776707330,CQ Q1ABC FN42,1500,0.32,14,-19.411,-59.5,13.589
S1,8,79,776707330,<RDCTM138> <RDCTM619>/R R LK73,1500,0.48,-13,-45.747,-59.5,-12.747
S1,8,79,776707330,E55BYN C90KOP/P NR05,1516,0.4,-19,-52.43,-59.5,-19.43
S1,8,80,1396683255,CQ Q1ABC FN42,1500,0.32,14,-19.386,-59.5,13.614
S1,8,81,458585284,CQ Q1ABC FN42,1500,0.4,13,-19.551,-59.5,13.449
S1,8,82,376904684,CQ Q1ABC FN42,1500,0.32,14,-18.816,-59,13.684
S1,8,83,704642020,CQ Q1ABC FN42,1500,0.32,13,-19.177,-59,13.323
S1,8,84,1136305288,CQ Q1ABC FN42,1500,0.32,14,-18.886,-59,13.614
S1,8,84,1136305288,<RDCTM182> 1A6 BI/P R CE58,903,-0.48,-26,-58.724,-59,-26.224
S1,8,84,1136305288,<RDCTM160>/R Y73NLM LH67,1481,-0.16,-20,-52.276,-59,-19.776
S1,8,85,514324495,CQ Q1ABC FN42,1500,0.4,14,-18.892,-59,13.608
S1,8,85,514324495,CQ 28XYR4OQU6E,1497,0.4,-4,-36.456,-59,-3.956
S1,8,85,514324495,<RDCTM340> <RDCTM802>/P R JQ80,2613,-0.72,-26,-58.642,-59,-26.142
S1,8,86,1654726144,CQ Q1ABC FN42,1500,0.32,13,-19.506,-59.5,13.494
S1,8,87,56261345,CQ Q1ABC FN42,1500,0.32,14,-18.975,-59,13.525
S1,8,88,2010064,CQ Q1ABC FN42,1500,0.32,13,-18.652,-58.5,13.348
S1,8,89,1143918419,CQ Q1ABC FN42,1500,0.32,14,-18.943,-59,13.557
S1,8,90,1378685742,CQ Q1ABC FN42,1500,0.32,13,-19.165,-59,13.335
S1,8,91,1274680098,CQ Q1ABC FN42,1500,0.4,13,-19.07,-59,13.43
S1,8,92,1507801259,CQ Q1ABC FN42,1500,0.32,13,-19.253,-59,13.247
S1,8,92,1507801259,F5EWKR7BM5U <<RDCTM400>> RR73,1506,0.48,-14,-46.848,-59,-14.348
S1,8,93,275526406,CQ Q1ABC FN42,1500,0.32,13,-18.525,-58.5,13.475
S1,8,94,1739384832,CQ Q1ABC FN42,1500,0.4,14,-19.253,-59.5,13.747
S1,8,95,1034144356,CQ Q1ABC FN42,1500,0.4,13,-19.019,-59,13.481
S1,8,96,798794966,CQ Q1ABC FN42,1500,0.32,14,-19.443,-59.5,13.557
S1,8,97,1400852295,CQ Q1ABC FN42,1500,0.32,14,-18.861,-59,13.639
S1,8,97,1400852295,N44CBR/P <RDCTM605> OJ02,1481,-0.16,-18,-50.25,-59,-17.75
S1,8,98,2030066699,CQ Q1ABC FN42,1500,0.32,14,-18.842,-59,13.658
S1,8,99,1732625189,CQ Q1ABC FN42,1500,0.32,14,-18.854,-59,13.646
S1,8,99,1732625189,CQ 28XYR4OQU6E,1497,0.4,-4,-36.291,-59,-3.791
S1,8,100,482270720,CQ Q1ABC FN42,1500,0.32,13,-18.608,-58.5,13.392
S1,8,100,482270720,CQ <...>,1491,0.4,-15,-47.456,-58.5,-15.456
S1,8,101,1014133086,CQ Q1ABC FN42,1500,0.32,14,-18.867,-59,13.633
S1,8,102,850825844,CQ Q1ABC FN42,1500,0.32,14,-18.791,-59,13.709
S1,8,103,970207322,CQ Q1ABC FN42,1500,0.32,13,-19.259,-59,13.241
S1,8,104,1726791075,CQ Q1ABC FN42,1500,0.4,14,-18.88,-59,13.62
S1,8,105,1170754450,CQ Q1ABC FN42,1500,0.32,13,-19.025,-59,13.475
S1,8,105,1170754450,CQ 0I2MYN6UJ7K,1497,0.24,-13,-45.437,-59,-12.937
S1,8,106,582257878,CQ Q1ABC FN42,1500,0.32,14,-18.88,-59,13.62
S1,8,107,298296062,CQ Q1ABC FN42,1500,0.4,13,-19.051,-59,13.449
S1,8,108,940497667,CQ Q1ABC FN42,1500,0.32,13,-18.759,-58.5,13.241
S1,8,109,1887371069,CQ Q1ABC FN42,1500,0.32,13,-19.095,-59,13.405
S1,8,110,694072106,CQ Q1ABC FN42,1500,0.4,13,-18.671,-58.5,13.329
S1,8,110,694072106,NH42Z5AOVDR <X93BRX/P> RRR,1503,0.48,-15,-47.038,-58.5,-15.038
S1,8,111,1629914335,CQ Q1ABC FN42,1500,0.4,13,-19.07,-59,13.43
S1,8,111,1629914335,<RDCTM719>/R 3XX0XZF/R R OF00,1500,0.56,-18,-50.69,-59,-18.19
S1,8,112,92064531,CQ Q1ABC FN42,1500,0.32,14,-18.962,-59,13.538
S1,8,112,92064531,CQ VG62WTH80N7,1484,-0.8,-18,-50.108,-59,-17.608
S1,8,113,995308085,CQ Q1ABC FN42,1500,0.32,14,-19.861,-60,13.639
S1,8,113,995308085,<...> NRHBU9SE3N8 73,1491,2.56,-18,-51.006,-60,-17.506
S1,8,114,2104508726,CQ Q1ABC FN42,1500,0.32,13,-20.006,-60,13.494
S1,8,115,1588557294,CQ Q1ABC FN42,1500,0.4,13,-19.07,-59,13.43
S1,8,116,469528937,CQ Q1ABC FN42,1500,0.32,14,-18.867,-59,13.633
S1,8,116,469528937,CQ /GSYKWWPQ3D,1513,0.32,-17,-49.171,-58.5,-17.171
S1,8,117,953463810,CQ Q1ABC FN42,1500,0.32,14,-19.93,-60,13.57
S1,8,117,953463810,CQ 3AWCH S OEQ,1497,0.4,-3,-36.449,-60,-2.949
S1,8,118,1284595143,CQ Q1ABC FN42,1500,0.32,13,-19.171,-59,13.329
S1,8,119,688414193,CQ Q1ABC FN42,1500,0.32,13,-19.506,-59.5,13.494
S1,8,119,688414193,CQ 3TY VZ1R6UC,453,-1.2,-28,-60.746,-59.5,-27.746
S1,8,120,692301837,CQ Q1ABC FN42,1500,0.32,14,-18.81,-59,13.69
S1,8,120,692301837,CQ 28XYR4OQU6E,1497,0.4,-3,-35.905,-59,-3.405
S1,8,121,604773365,CQ Q1ABC FN42,1500,0.32,14,-18.949,-59,13.551
S1,8,122,1631059798,CQ Q1ABC FN42,1500,0.4,14,-18.892,-59,13.608
S1,8,122,1631059798,CQ 28XYR4OQU6E,1497,0.4,-4,-36.152,-59,-3.652
S1,8,123,1814123886,CQ Q1ABC FN42,1500,0.32,13,-19.633,-59.5,13.367
S1,8,124,2025080675,CQ Q1ABC FN42,1500,0.4,14,-18.937,-59,13.563
S1,8,124,2025080675,<RDCTM566>/P <RDCTM497> R FG20,1516,0.32,-18,-50.475,-59,-17.975
S1,8,125,2033358428,CQ Q1ABC FN42,1500,0.4,13,-19.753,-59.5,13.247
S1,8,126,1954604984,CQ Q1ABC FN42,1500,0.32,14,-19.259,-59.5,13.741
S1,8,127,1767100571,CQ Q1ABC FN42,1500,0.32,13,-19.665,-59.5,13.335
S1,8,127,1767100571,CQ 28XYR4OQU6E,1497,0.4,-4,-36.873,-59.5,-3.873
S1,8,128,1563821069,CQ Q1ABC FN42,1500,0.32,14,-19.316,-59.5,13.684
S1,8,128,1563821069,CQ <RDCTM48>/0MYX,1234,3.04,-27,-59.662,-59.5,-26.662
S1,8,129,533299919,CQ Q1ABC FN42,1500,0.4,13,-19.095,-59,13.405
S1,8,130,2067473267,CQ Q1ABC FN42,1500,0.4,14,-18.937,-59,13.563
S1,8,131,52839033,CQ Q1ABC FN42,1500,0.32,14,-18.905,-59,13.595
S1,8,132,832390314,CQ Q1ABC FN42,1500,0.32,13,-19.089,-59,13.411
S1,8,132,832390314,<RDCTM128> <RDCTM770> R KB39,1494,0.24,-15,-47.538,-59,-15.038
S1,8,133,248170763,CQ Q1ABC FN42,1500,0.32,14,-19.392,-59.5,13.608
S1,8,134,1369025294,CQ Q1ABC FN42,1500,0.32,14,-19.316,-59.5,13.684
S1,8,134,1369025294,<<RDCTM259>/R> /3JWV/4XAHY RR73,1934,-1.12,-26,-59.035,-59.5,-26.035
S1,8,135,702425822,CQ Q1ABC FN42,1500,0.32,13,-19.671,-59.5,13.329
S1,8,136,261804901,CQ Q1ABC FN42,1500,0.32,14,-18.709,-59,13.791
S1,8,136,261804901,<2WHORJ9R7P3> 8BB9ZRV6311 RR73,1478,-0.4,-21,-53.178,-58.5,-21.178
S1,8,137,940290035,CQ Q1ABC FN42,1500,0.32,13,-19.342,-59,13.158
S1,8,138,464342196,CQ Q1ABC FN42,1500,0.4,13,-19.019,-59,13.481
S1,8,138,464342196,<RDCTM681>/P H05BVY R EG73,1497,0.16,-16,-48.608,-59,-16.108
S1,8,139,569771834,CQ Q1ABC FN42,1500,0.32,14,-18.88,-59,13.62
S1,8,140,1567042838,CQ Q1ABC FN42,1500,0.32,13,-18.728,-58.5,13.272
S1,8,141,977402251,CQ Q1ABC FN42,1500,0.32,14,-19.405,-59.5,13.595
S1,8,142,1167931320,CQ Q1ABC FN42,1500,0.32,13,-18.677,-58.5,13.323
S1,8,142,1167931320,<RDCTM216>/R <RDCTM489>/R JK97,1488,0.96,-9,-41.215,-58.5,-9.215
S1,8,142,1167931320,821PYJ/R <RDCTM629> FB08,925,1.92,-26,-58.759,-59,-26.259
S1,8,142,1167931320,CQ N3CE2QY1JF8,1500,0.24,-13,-45.481,-58.5,-13.481
S1,8,143,171533354,CQ Q1ABC FN42,1500,0.32,14,-19.5,-59.5,13.5
S1,8,143,171533354,04BC2B1B84C860B3F3,1544,-1.44,-25,-57.936,-59,-25.436
S1,8,144,2096220804,CQ Q1ABC FN42,1500,0.32,14,-19,-59,13.5
S1,8,144,2096220804,CQ <...>,1541,2.88,-25,-56.593,-58.5,-24.593
S1,8,145,862421760,CQ Q1ABC FN42,1500,0.32,13,-19.146,-59,13.354
S1,8,145,862421760,<RDCTM776> <RDCTM760> BH01,1503,2.8,-17,-49.375,-59,-16.875
S1,8,146,333049989,CQ Q1ABC FN42,1500,0.32,14,-19.392,-59.5,13.608
S1,8,147,702710554,CQ Q1ABC FN42,1500,0.4,13,-19.146,-59,13.354
S1,8,148,555172341,CQ Q1ABC FN42,1500,0.32,13,-18.696,-58.5,13.304
S1,8,148,555172341,CQ 28XYR4OQU6E,1497,0.4,-4,-36.152,-58.5,-4.152
S1,8,149,84486916,CQ Q1ABC FN42,1500,0.32,13,-19.247,-59,13.253
S1,8,149,84486916,CQ 28XYR4OQU6E,1497,0.4,-4,-36.608,-59,-4.108
S1,8,149,84486916,<RDCTM369> <RDCTM781>/P R ML16,1516,-1.52,-19,-51.971,-59,-19.471
S1,8,150,1724879687,CQ Q1ABC FN42,1500,0.32,13,-19.12,-59,13.38
S1,8,150,1724879687,SA14CL9ZSK3 <QF76S6KNCXW>,1197,0.32,-27,-59.354,-59,-26.854
S1,8,151,188462446,CQ Q1ABC FN42,1500,0.32,13,-19.108,-59,13.392
S1,8,151,188462446,XPS4F95ZWJ2 <...> 73,350,-1.2,-27,-59.521,-59.5,-26.521
S1,8,152,975454286,CQ Q1ABC FN42,1500,0.32,13,-19.032,-59,13.468
S1,8,153,581230524,CQ Q1ABC FN42,1500,0.4,14,-19.411,-59.5,13.589
S1,8,153,581230524,<RDCTM569> T78ULU LR26,2919,1.04,-26,-59.994,-60,-26.494
S1,8,154,241424146,CQ Q1ABC FN42,1500,0.32,14,-19,-59,13.5
S1,8,155,1620849716,CQ Q1ABC FN42,1500,0.32,14,-18.873,-59,13.627
S1,8,156,2118169448,CQ Q1ABC FN42,1500,0.32,14,-18.867,-59,13.633
S1,8,157,51888679,CQ Q1ABC FN42,1500,0.4,14,-18.956,-59,13.544
S1,8,158,47429011,CQ Q1ABC FN42,1500,0.32,13,-19.139,-59,13.361
S1,8,159,507821430,CQ Q1ABC FN42,1500,0.32,14,-18.867,-59,13.633
S1,8,160,1871434349,CQ Q1ABC FN42,1500,0.4,14,-19.494,-59.5,13.506
S1,8,160,1871434349,<RDCTM114> 3XR2JX/R R BN04,1481,2.08,-20,-52.728,-59.5,-19.728
S1,8,161,843445729,CQ Q1ABC FN42,1500,0.32,13,-19.044,-59,13.456
S1,8,162,851174115,CQ Q1ABC FN42,1500,0.32,14,-18.791,-59,13.709
S1,8,162,851174115,CQ 28XYR4OQU6E,1497,0.4,-4,-36.329,-59,-3.829
S1,8,162,851174115,<...> 1HQWLOPCWGF,1481,-0.72,-18,-50.399,-59,-17.899
S1,8,163,619113043,CQ Q1ABC FN42,1500,0.4,13,-19.013,-59,13.487
S1,8,163,619113043,CQ 6MCDR2G62V,1500,2.56,-8,-40.227,-59,-7.727
S1,8,164,450182638,CQ Q1ABC FN42,1500,0.32,14,-19.323,-59.5,13.677
S1,8,164,450182638,CQ BZPMZ3YMEIU,1497,0.4,-5,-37.563,-59.5,-4.563
S1,8,165,1176396410,CQ Q1ABC FN42,1500,0.32,13,-19.063,-59,13.437
S1,8,166,2019339011,CQ Q1ABC FN42,1500,0.32,13,-19.234,-59,13.266
S1,8,167,680198456,CQ Q1ABC FN42,1500,0.32,14,-18.842,-59,13.658
S1,8,168,2065289365,CQ Q1ABC FN42,1500,0.32,13,-18.823,-58.5,13.177
S1,8,168,2065289365,<...> <RDCTM145>/R DH19,2372,-1.44,-27,-59.429,-59,-26.929
S1,8,169,1824656197,CQ Q1ABC FN42,1500,0.32,13,-19.304,-59,13.196
S1,8,170,234156293,CQ Q1ABC FN42,1500,0.32,14,-19.905,-60,13.595
S1,8,171,1970762051,CQ Q1ABC FN42,1500,0.32,13,-19.006,-59,13.494
S1,8,172,1132817203,CQ Q1ABC FN42,1500,0.4,13,-19.025,-59,13.475
S1,8,172,1132817203,CQ 28XYR4OQU6E,1497,0.4,-4,-36.551,-59,-4.051
S1,8,173,50426524,CQ Q1ABC FN42,1500,0.32,14,-19.348,-59.5,13.652
S1,8,173,50426524,CQ <<RDCTM606>/P>,1475,-0.48,-22,-54.684,-59,-22.184
S1,8,174,2005241040,CQ Q1ABC FN42,1500,0.32,13,-19.165,-59,13.335
S1,8,175,1301948017,CQ Q1ABC FN42,1500,0.32,14,-19.392,-59.5,13.608
S1,8,175,1301948017,CQ /O1XNEJV657,1497,0.32,-5,-38.222,-59.5,-5.222
S1,8,176,779567542,CQ Q1ABC FN42,1500,0.32,14,-19.323,-59.5,13.677
S1,8,176,779567542,CQ 28XYR4OQU6E,1497,0.4,-4,-36.829,-59.5,-3.829
S1,8,177,171642631,CQ Q1ABC FN42,1500,0.32,14,-18.962,-59,13.538
S1,8,177,171642631,<...> MTIO8ZGYR6U,1500,0.24,-14,-46.494,-59,-13.994
S1,8,178,84015704,CQ Q1ABC FN42,1500,0.4,14,-18.892,-59,13.608
S1,8,178,84015704,<RDCTM188>/R <RDCTM759> OK57,1494,0.24,-13,-45.911,-59,-13.411
S1,8,179,186106502,CQ Q1ABC FN42,1500,0.4,13,-19.063,-59,13.437
S1,8,180,484227218,CQ Q1ABC FN42,1500,0.32,14,-19.392,-59.5,13.608
S1,8,181,490081499,CQ Q1ABC FN42,1500,0.32,13,-19.006,-59,13.494
S1,8,182,1642734107,CQ Q1ABC FN42,1500,0.4,14,-18.829,-59,13.671
S1,8,183,1781643586,CQ Q1ABC FN42,1500,0.32,14,-18.892,-59,13.608
S1,8,184,2033257826,CQ Q1ABC FN42,1500,0.32,14,-18.81,-59,13.69
S1,8,185,1036835499,CQ Q1ABC FN42,1500,0.32,14,-18.88,-59,13.62
S1,8,185,1036835499,3XW5WYC/P <RDCTM587> KD09,1513,0.4,-18,-50.266,-59,-17.766
S1,8,186,1970664377,CQ Q1ABC FN42,1500,0.4,14,-19.443,-59.5,13.557
S1,8,186,1970664377,<RDCTM643> <RDCTM658>/R R LJ63,1500,0.48,-14,-47.108,-59.5,-14.108
S1,8,187,676656344,CQ Q1ABC FN42,1500,0.32,14,-18.804,-59,13.696
S1,8,188,1921547816,CQ Q1ABC FN42,1500,0.4,13,-19.089,-59,13.411
S1,8,189,1014668633,CQ Q1ABC FN42,1500,0.32,13,-19.297,-59,13.203
S1,8,189,1014668633,<RDCTM89> <RDCTM98>/P AQ77,1494,0.24,-15,-47.665,-59,-15.165
S1,8,190,583276283,CQ Q1ABC FN42,1500,0.32,13,-19.063,-59,13.437
S1,8,190,583276283,MZX 26VU0EY <...> 73,1491,0.32,-16,-48.785,-59,-16.285
S1,8,191,1169629597,CQ Q1ABC FN42,1500,0.32,14,-19.449,-59.5,13.551
S1,8,192,242773650,CQ Q1ABC FN42,1500,0.32,14,-18.981,-59,13.519
S1,8,192,242773650,<...> 6UCWH988YOM 73,1484,-0.08,-18,-50.391,-59,-17.891
S1,8,193,215170609,CQ Q1ABC FN42,1500,0.32,14,-19.962,-60,13.538
S1,8,193,215170609,<RDCTM525>/P 650IRN R LB00,1506,0.48,-14,-47.519,-60,-14.019
S1,8,194,1055123643,CQ Q1ABC FN42,1500,0.32,14,-18.975,-59,13.525
S1,8,195,1251406573,CQ Q1ABC FN42,1500,0.4,14,-19.924,-60,13.576
S1,8,195,1251406573,CQ 08R8823UBC,1497,0.4,-4,-37.639,-60,-4.139
S1,8,195,1251406573,CQ GPWO H83XTA/P GP05,241,-1.6,-26,-60.406,-60.5,-26.406
S1,8,195,1251406573,<RDCTM804> <RDCTM253>/P R NR57,1484,-0.8,-17,-50.75,-60,-17.25
S1,8,196,277984201,CQ Q1ABC FN42,1500,0.32,14,-18.937,-59,13.563
S1,8,196,277984201,068KMH B52EEN R PL04,1431,2.8,-27,-59.151,-58.5,-27.151
S1,8,197,58232923,CQ Q1ABC FN42,1500,0.4,14,-19.222,-59.5,13.778
S1,8,197,58232923,CQ 28XYR4OQU6E,1497,0.4,-4,-36.937,-59.5,-3.937
S1,8,197,58232923,HQY+Z2H2IQTYN,1516,0.4,-21,-53.589,-59,-21.089
S1,8,198,179288692,CQ Q1ABC FN42,1500,0.4,13,-19.127,-59,13.373
S1,8,198,179288692,61AUC I35WVD NK40,1503,0.24,-15,-47.025,-59,-14.525
S1,8,198,179288692,<RDCTM292> M64GV/P RD72,1509,0.56,-18,-50.759,-59,-18.259
S1,8,199,1136230227,CQ Q1ABC FN42,1500,0.32,14,-19.418,-59.5,13.582
S1,8,200,361445365,CQ Q1ABC FN42,1500,0.32,14,-18.848,-59,13.652
S1,8,201,268070940,CQ Q1ABC FN42,1500,0.32,14,-18.981,-59,13.519
S1,8,202,487364927,CQ Q1ABC FN42,1500,0.4,14,-18.867,-59,13.633
S1,8,203,1962426668,CQ Q1ABC FN42,1500,0.32,13,-18.646,-58.5,13.354
S1,8,203,1962426668,494JKA <RDCTM499> R KL42,297,-1.28,-26,-58.5,-59,-26
S1,8,204,748867861,CQ Q1ABC FN42,1500,0.32,14,-19.297,-59.5,13.703
S1,8,205,929450813,CQ Q1ABC FN42,1500,0.32,14,-19.285,-59.5,13.715
S1,8,205,929450813,1J0 OM B06IKB/P JO67,1516,0.4,-20,-52.804,-59,-20.304
S1,8,206,808449891,CQ Q1ABC FN42,1500,0.32,14,-19.253,-59.5,13.747
S1,8,207,1514174519,CQ Q1ABC FN42,1500,0.32,14,-18.93,-59,13.57
S1,8,208,125540199,CQ Q1ABC FN42,1500,0.4,14,-18.956,-59,13.544
S1,8,209,568004606,CQ Q1ABC FN42,1500,0.32,14,-18.759,-59,13.741
S1,8,209,568004606,<RDCTM790>/R N24REY/R R RB56,1509,-0.16,-21,-52.833,-58.5,-20.833
S1,8,210,1239468425,CQ Q1ABC FN42,1500,0.4,14,-18.918,-59,13.582
S1,8,210,1239468425,CQ 28XYR4OQU6E,1497,0.4,-4,-36.285,-59,-3.785
S1,8,211,502340666,CQ Q1ABC FN42,1500,0.4,14,-19.304,-59.5,13.696
S1,8,212,27799577,CQ Q1ABC FN42,1500,0.32,14,-19.291,-59.5,13.709
S1,8,213,1087209796,CQ Q1ABC FN42,1500,0.32,14,-19.316,-59.5,13.684
S1,8,214,929768591,CQ Q1ABC FN42,1500,0.32,14,-18.81,-59,13.69
S1,8,214,929768591,CQ 28XYR4OQU6E,1497,0.4,-4,-36.165,-59,-3.665
S1,8,215,1200103950,CQ Q1ABC FN42,1500,0.4,13,-19.177,-59,13.323
S1,8,215,1200103950,CQ LHVJ// 20F9,1500,2.56,-9,-41.656,-59,-9.156
S1,8,216,703307655,CQ Q1ABC FN42,1500,0.32,13,-19.146,-59,13.354
S1,8,217,1286523301,CQ Q1ABC FN42,1500,0.32,14,-18.842,-59,13.658
S1,8,217,1286523301,<RDCTM500>/R <RDCTM653> R AM10,350,0.56,-26,-58.43,-59,-25.93
S1,8,217,1286523301,<RDCTM692>/R <RDCTM439>/R R OE76,1500,0.56,-16,-48.348,-59,-15.848
S1,8,218,1759780363,CQ Q1ABC FN42,1500,0.32,13,-19.278,-59,13.222
S1,8,218,1759780363,9CYL9NCGOUA <...> RR73,1509,0.48,-17,-49.449,-59,-16.949
S1,8,219,1922510083,CQ Q1ABC FN42,1500,0.4,14,-18.835,-59,13.665
S1,8,219,1922510083,CQ MDUN4ACB6LK,1497,0.4,-3,-35.051,-59,-2.551
S1,8,220,1462287291,CQ Q1ABC FN42,1500,0.32,14,-19.348,-59.5,13.652
S1,8,220,1462287291,<RDCTM284> 3XH2FJZ/P DO06,1500,2.8,-17,-50.23,-59.5,-17.23
S1,8,221,387047870,CQ Q1ABC FN42,1500,0.32,13,-19.228,-59,13.272
S1,8,222,134964902,CQ Q1ABC FN42,1500,0.32,14,-18.892,-59,13.608
S1,8,223,5270318,CQ Q1ABC FN42,1500,0.32,14,-20.361,-60.5,13.639
S1,8,223,5270318,<RDCTM196> <RDCTM697>/P HO16,781,3.04,-27,-61.351,-60.5,-27.351
S1,8,223,5270318,CQ MFQU2EXXPBP,1488,0.64,-17,-50.69,-60.5,-16.69
S1,8,224,1124414443,CQ Q1ABC FN42,1500,0.32,13,-19.171,-59,13.329
S1,8,225,1259689142,CQ Q1ABC FN42,1500,0.32,13,-19.032,-59,13.468
S1,8,225,1259689142,<...> L75K B R IP70,2628,-1.2,-26,-58.683,-59.5,-25.683
S1,8,225,1259689142,2C77A888AC9047601C,1484,-0.8,-17,-49.189,-59,-16.689
S1,8,226,1017656879,CQ Q1ABC FN42,1500,0.32,14,-19.278,-59.5,13.722
S1,8,226,1017656879,CQ <...>,1506,0.24,-9,-41.601,-59.5,-8.601
S1,8,226,1017656879,433GZV 691QZW/R R NF48,1506,0.48,-14,-46.741,-59.5,-13.741
S1,8,227,1103750635,CQ Q1ABC FN42,1500,0.32,14,-18.911,-59,13.589
S1,8,228,1433799842,CQ Q1ABC FN42,1500,0.32,14,-18.835,-59,13.665
S1,8,228,1433799842,<...> <RDCTM210>/R R QD80,1519,0.32,-18,-50.905,-59,-18.405
S1,8,229,988667236,CQ Q1ABC FN42,1500,0.32,13,-19.044,-59,13.456
S1,8,229,988667236,015NDE <...> EO35,1488,0.4,-16,-48.728,-59,-16.228
S1,8,229,988667236,<RDCTM41> OD2 KH FG00,1516,0.32,-19,-51.424,-59,-18.924
S1,8,229,988667236,CQ <...>,1494,0.48,-15,-47.449,-59,-14.949
S1,9,0,758409719,CQ Q1ABC FN42,1500,0.4,16,-18.272,-60.5,15.728
S1,9,1,1723470335,CQ Q1ABC FN42,1500,0.32,16,-17.405,-59.5,15.595
S1,9,2,1581091521,CQ Q1ABC FN42,1500,0.32,16,-18,-60,15.5
S1,9,2,1581091521,82S89V68TY1 <...>,1506,0.24,-15,-48.696,-60,-15.196
S1,9,2,1581091521,<RDCTM723>/P <RDCTM13>/P IL33,1516,-0.96,-20,-53.575,-60.5,-19.575
S1,9,2,1581091521,CQ <...>,1506,-0.08,-18,-51.115,-60,-17.615
S1,9,3,1932189213,CQ Q1ABC FN42,1500,0.4,16,-17.12,-59.5,15.88
S1,9,4,979865643,CQ Q1ABC FN42,1500,0.32,16,-17.456,-60,16.044
S1,9,4,979865643,<RDCTM749> X87ESU ED47,1500,2.8,-16,-49.888,-60,-16.388
S1,9,5,19657256,CQ Q1ABC FN42,1500,0.4,16,-18,-60,15.5
S1,9,6,1104104571,CQ Q1ABC FN42,1500,0.32,16,-17.703,-60,15.797
S1,9,6,1104104571,<RDCTM28> GN8 YD/P R LN95,1500,0.48,-14,-47.766,-60,-14.266
S1,9,6,1104104571,<RDCTM314> <RDCTM753> DF12,1500,0.24,-14,-47.196,-60,-13.696
S1,9,7,1452602326,CQ Q1ABC FN42,1500,0.4,16,-18.386,-61,16.114
S1,9,7,1452602326,QDD0/KYZ34S <...> RRR,1497,0.88,-14,-48.513,-61,-14.013
S1,9,8,1605657971,CQ Q1ABC FN42,1500,0.4,16,-17.69,-60,15.81
S1,9,9,1948575812,CQ Q1ABC FN42,1500,0.4,16,-17.975,-60,15.525
S1,9,9,1948575812,<RDCTM269>/P <RDCTM689> GJ88,1494,0.16,-14,-48.095,-60.5,-14.095
S1,9,9,1948575812,<...> E58OHBJQEM/,1494,0.48,-15,-49.475,-60.5,-15.475
S1,9,9,1948575812,CQ <...>,1491,2.56,-17,-50.922,-60.5,-16.922
S1,9,10,835557228,CQ Q1ABC FN42,1500,0.4,16,-18.146,-60.5,15.854
S1,9,11,1111027574,CQ Q1ABC FN42,1500,0.32,16,-18.089,-60.5,15.911
S1,9,12,1674977039,CQ Q1ABC FN42,1500,0.32,16,-17.81,-60,15.69
S1,9,12,1674977039,<RDCTM103> M89 JX/P RE89,1513,2.72,-11,-44.947,-60,-11.447
S1,9,13,1739762056,CQ Q1ABC FN42,1500,0.32,16,-17.962,-60,15.538
S1,9,14,1692609210,CQ Q1ABC FN42,1500,0.4,16,-17.671,-60,15.829
S1,9,14,1692609210,CQ 28XYR4OQU6E,1497,0.4,-2,-35.703,-60,-2.203
S1,9,14,1692609210,<RDCTM54>/R <RDCTM786>/R NP67,1509,1.28,-20,-53.829,-60,-20.329
S1,9,15,333294380,CQ Q1ABC FN42,1500,0.32,16,-17.31,-59.5,15.69
S1,9,15,333294380,CQ 28XYR4OQU6E,1497,0.4,-2,-34.873,-59.5,-1.873
S1,9,15,333294380,<RDCTM724> F61WJH/P R ON85,1516,0.32,-17,-49.715,-59.5,-16.715
S1,9,16,1717240052,CQ Q1ABC FN42,1500,0.32,16,-17.487,-60,16.013
S1,9,17,1662315394,CQ Q1ABC FN42,1500,0.32,16,-17.937,-60.5,16.063
S1,9,18,1415759274,CQ Q1ABC FN42,1500,0.32,16,-16.956,-59.5,16.044
S1,9,19,1763852194,CQ Q1ABC FN42,1500,0.4,16,-17.247,-59.5,15.753
S1,9,19,1763852194,CQ 6WT6HUIFEDJ,975,-1.36,-28,-60.829,-59.5,-27.829
S1,9,19,1763852194,3XF5UKD <RDCTM309>/P CQ80,1519,2,-22,-55.013,-59.5,-22.013
S1,9,20,1575181602,CQ Q1ABC FN42,1500,0.4,16,-17.722,-60,15.778
S1,9,20,1575181602,<RDCTM728> <RDCTM361>/R FM86,1509,-1.12,-19,-52.465,-60,-18.965
S1,9,21,663147754,CQ Q1ABC FN42,1500,0.32,16,-17.709,-60,15.791
S1,9,22,773236358,CQ Q1ABC FN42,1500,0.32,16,-17.734,-60,15.766
S1,9,22,773236358,<RDCTM53>/R <RDCTM694> NM43,2131,2.72,-26,-59.724,-60,-26.224
S1,9,23,1950427885,CQ Q1ABC FN42,1500,0.32,16,-17.323,-59.5,15.677
S1,9,23,1950427885,CQ 28XYR4OQU6E,1497,0.4,-2,-34.861,-59.5,-1.861
S1,9,23,1950427885,60BEC3F4EC1CD5BB07,1481,0.32,-18,-50.677,-59.5,-17.677
S1,9,24,1431562006,CQ Q1ABC FN42,1500,0.32,16,-17.646,-60,15.854
S1,9,24,1431562006,CQ 28XYR4OQU6E,1497,0.4,-1,-34.835,-60,-1.335
S1,9,25,2129354742,CQ Q1ABC FN42,1500,0.32,16,-17.715,-60,15.785
S1,9,26,229096997,CQ Q1ABC FN42,1500,0.32,16,-17.31,-59.5,15.69
S1,9,26,229096997,CQ FH7M6Z/1IDE,1475,-0.4,-21,-53.645,-59.5,-20.645
S1,9,27,317715205,CQ Q1ABC FN42,1500,0.32,16,-18,-60.5,16
S1,9,27,317715205,<RDCTM303>/P <RDCTM33> AH57,728,-0.72,-25,-59.432,-60.5,-25.432
S1,9,27,317715205,P14OPH/P Z38EWC/P R JP04,1516,0.32,-18,-52.108,-60.5,-18.108
S1,9,28,2107352642,CQ Q1ABC FN42,1500,0.32,16,-17.62,-60,15.88
S1,9,29,350669941,CQ Q1ABC FN42,1500,0.32,16,-17.703,-60,15.797
S1,9,30,412318746,CQ Q1ABC FN42,1500,0.4,16,-17.665,-60,15.835
S1,9,30,412318746,CQ <...>,1506,1.28,-18,-51.335,-60,-17.835
S1,9,30,412318746,<...> 1IF 5090GL2 RRR,1494,-0.56,-16,-49.967,-60,-16.467
S1,9,31,1820321141,CQ Q1ABC FN42,1500,0.32,16,-18.215,-60.5,15.785
S1,9,31,1820321141,CQ R7J7H15C1E1,1500,2.72,-17,-51.336,-60.5,-17.336
S1,9,31,1820321141,3CIN3G/4ZHC <...> 73,1478,-0.48,-20,-54.026,-60.5,-20.026
S1,9,32,1722495340,CQ Q1ABC FN42,1500,0.4,16,-17.563,-60,15.937
S1,9,33,1707584886,CQ Q1ABC FN42,1500,0.32,16,-17.842,-60,15.658
S1,9,33,1707584886,A54IDW/R <RDCTM317>/R R LN08,1500,0.56,-16,-49.62,-60,-16.12
S1,9,34,1436360148,CQ Q1ABC FN42,1500,0.32,16,-17.835,-60,15.665
S1,9,34,1436360148,F51GSDL7DV3 <...>,1519,1.92,-21,-55.487,-60.5,-21.487
S1,9,35,1055864119,CQ Q1ABC FN42,1500,0.32,16,-18.203,-60.5,15.797
S1,9,35,1055864119,BPD1HM/6/AU <...>,2500,-1.52,-26,-60.145,-60.5,-26.145
S1,9,36,1702344460,CQ Q1ABC FN42,1500,0.32,16,-17.234,-59.5,15.766
S1,9,36,1702344460,<...> 688GCT/P R PK77,2019,-1.44,-27,-59.871,-59.5,-26.871
S1,9,37,453429888,CQ Q1ABC FN42,1500,0.4,16,-17.335,-59.5,15.665
S1,9,37,453429888,CQ 28XYR4OQU6E,1497,0.4,-2,-34.987,-59.5,-1.987
S1,9,38,2054128811,CQ Q1ABC FN42,1500,0.32,16,-18.253,-60.5,15.747
S1,9,38,2054128811,/WFR426W?2F+2,1500,0.48,-13,-46.93,-60.5,-12.93
S1,9,39,1579724906,CQ Q1ABC FN42,1500,0.4,16,-17.481,-60,16.019
S1,9,39,1579724906,<RDCTM644> <RDCTM293>/P R CL52,1497,0.48,-14,-47.551,-60,-14.051
S1,9,40,720860371,CQ Q1ABC FN42,1500,0.32,16,-17.804,-60,15.696
S1,9,41,1922218245,CQ Q1ABC FN42,1500,0.32,16,-18.013,-60.5,15.987
S1,9,42,72924864,CQ Q1ABC FN42,1500,0.4,16,-17.696,-60,15.804
S1,9,43,661471993,CQ Q1ABC FN42,1500,0.4,16,-17.753,-60,15.747
S1,9,44,1105642946,CQ Q1ABC FN42,1500,0.32,16,-17.962,-60.5,16.038
S1,9,45,239783930,CQ Q1ABC FN42,1500,0.32,16,-17.715,-60,15.785
S1,9,45,239783930,<...> <RDCTM756>/P R MN51,1550,-1.52,-26,-59.478,-59.5,-26.478
S1,9,46,175887739,CQ Q1ABC FN42,1500,0.32,16,-17.418,-59.5,15.582
S1,9,46,175887739,R95NPT/P <RDCTM712>/P R OL90,1509,1.04,-18,-50.759,-59.5,-17.759
S1,9,46,175887739,CQ <...>,1497,0.88,-17,-49.981,-59.5,-16.981
S1,9,47,2137896936,CQ Q1ABC FN42,1500,0.4,16,-18.323,-60.5,15.677
S1,9,47,2137896936,CQ 28XYR4OQU6E,1497,0.4,-2,-35.766,-60.5,-1.766
S1,9,48,1158667775,CQ Q1ABC FN42,1500,0.32,16,-17.652,-60,15.848
S1,9,49,734413784,CQ Q1ABC FN42,1500,0.32,16,-17.975,-60.5,16.025
S1,9,49,734413784,CQ <...>,1478,-0.4,-19,-52.789,-60.5,-18.789
S1,9,50,723094031,CQ Q1ABC FN42,1500,0.4,16,-17.481,-60,16.019
S1,9,51,2112773426,CQ Q1ABC FN42,1500,0.32,16,-17.291,-59.5,15.709
S1,9,51,2112773426,CQ 28XYR4OQU6E,1497,0.4,-2,-35.101,-59.5,-2.101
S1,9,51,2112773426,<RDCTM52>/P <RDCTM365>/P R NE32,1506,0.56,-18,-50.709,-59.5,-17.709
S1,9,52,1539765850,CQ Q1ABC FN42,1500,0.32,16,-17.557,-60,15.943
S1,9,53,1929136171,CQ Q1ABC FN42,1500,0.32,16,-17.386,-59.5,15.614
S1,9,54,265483468,CQ Q1ABC FN42,1500,0.32,16,-17.424,-60,16.076
S1,9,55,354659888,CQ Q1ABC FN42,1500,0.32,16,-17.481,-60,16.019
S1,9,55,354659888,GS0 ZA <RDCTM264> HA11,1500,-0.32,-17,-50.227,-60,-16.727
S1,9,56,1012599029,CQ Q1ABC FN42,1500,0.4,16,-17.627,-60,15.873
S1,9,56,1012599029,<RDCTM490> <RDCTM767> AK48,1653,-1.12,-27,-59.722,-59.5,-26.722
S1,9,56,1012599029,<RDCTM506>/P <RDCTM449> JL03,1513,0.4,-16,-49.911,-60,-16.411
S1,9,56,1012599029,CQ 556S/<RDCTM740>,1488,2.64,-18,-51.981,-60,-18.481
S1,9,56,1012599029,F57VTI <RDCTM357>/P PJ66,1491,-0.32,-15,-48.435,-60,-14.935
S1,9,57,1792757579,CQ Q1ABC FN42,1500,0.32,16,-17.468,-60,16.032
S1,9,58,271585474,CQ Q1ABC FN42,1500,0.4,16,-17.93,-60,15.57
S1,9,58,271585474,<RDCTM672> <RDCTM646>/P BG45,1503,2.8,-18,-51.342,-60,-17.842
S1,9,59,341250053,CQ Q1ABC FN42,1500,0.32,16,-17.481,-59.5,15.519
S1,9,59,341250053,CQ 28XYR4OQU6E,1497,0.4,-2,-35.31,-59.5,-2.31
S1,9,60,1306889988,CQ Q1ABC FN42,1500,0.32,16,-17.367,-59.5,15.633
S1,9,60,1306889988,<...> 468EAI/P R ED85,1584,-1.44,-27,-59.729,-59,-27.229
S1,9,61,1314503688,CQ Q1ABC FN42,1500,0.4,16,-17.69,-60,15.81
S1,9,61,1314503688,<RDCTM417> <RDCTM247>/R BO69,1525,1.12,-22,-55.025,-60,-21.525
S1,9,62,1604408052,CQ Q1ABC FN42,1500,0.32,16,-17.956,-60,15.544
S1,9,63,421246294,CQ Q1ABC FN42,1500,0.4,16,-17.348,-59.5,15.652
S1,9,63,421246294,3DNSHN0RY- HP,1503,2.16,-19,-51.557,-59.5,-18.557
S1,9,64,2027464470,CQ Q1ABC FN42,1500,0.4,16,-17.589,-60,15.911
S1,9,64,2027464470,050QHS J41PNG/P BM52,1247,-1.2,-27,-60.021,-60,-26.521
S1,9,64,2027464470,1543550917232C7B88,1475,-0.4,-20,-53.276,-60,-19.776
S1,9,64,2027464470,<RDCTM379> <RDCTM720> R R PD03,1513,-0.88,-18,-51.041,-60,-17.541
S1,9,65,862931436,CQ Q1ABC FN42,1500,0.32,16,-17.57,-60,15.93
S1,9,65,862931436,CQ QMKENT01FDE,1491,2.56,-17,-50.942,-60,-17.442
S1,9,66,218140354,CQ Q1ABC FN42,1500,0.32,16,-17.367,-59.5,15.633
S1,9,66,218140354,USOG-6?/G6 /R,1503,0.48,-14,-47.177,-59.5,-14.177
S1,9,67,391297319,CQ Q1ABC FN42,1500,0.32,16,-17.937,-60.5,16.063
S1,9,68,335574311,CQ Q1ABC FN42,1500,0.32,16,-17.544,-60,15.956
S1,9,68,335574311,<RDCTM295>?31X9KO5,1516,0.4,-20,-53.323,-60,-19.823
S1,9,69,83401942,CQ Q1ABC FN42,1500,0.32,16,-17.367,-59.5,15.633
S1,9,69,83401942,CQ 28XYR4OQU6E,1497,0.4,-2,-34.93,-59.5,-1.93
S1,9,69,83401942,B66UGO/P <RDCTM231>/P R LA66,1509,0.56,-17,-50.127,-59.5,-17.127
S1,9,70,1040567433,CQ Q1ABC FN42,1500,0.32,16,-17.399,-60,16.101
S1,9,70,1040567433,<RDCTM335> <RDCTM211>/R NL95,1516,0.4,-18,-51.525,-60,-18.025
S1,9,71,987236780,CQ Q1ABC FN42,1500,0.32,16,-17.468,-60,16.032
S1,9,72,1919989616,CQ Q1ABC FN42,1500,0.32,16,-17.652,-60,15.848
S1,9,73,210013417,CQ Q1ABC FN42,1500,0.4,16,-17.62,-60,15.88
S1,9,73,210013417,CQ 0OE/GJDW806,1497,0.4,-1,-34.373,-60,-0.873
S1,9,73,210013417,CQ YPWV 559SKA/R QI16,2706,-1.6,-27,-60.072,-60,-26.572
S1,9,73,210013417,R55CFR <RDCTM274> LK52,1475,0.64,-12,-45.013,-60,-11.513
S1,9,74,1909779075,CQ Q1ABC FN42,1500,0.32,16,-17.62,-60,15.88
S1,9,74,1909779075,CQ 28XYR4OQU6E,1497,0.4,-2,-35.329,-60,-1.829
S1,9,74,1909779075,CQ OUJ1BE <RDCTM193>,1497,0.88,-15,-48.532,-60,-15.032
S1,9,74,1909779075,CQ <...>,1481,0.4,-16,-49.62,-60,-16.12
S1,9,75,84035574,CQ Q1ABC FN42,1500,0.32,16,-18.114,-60.5,15.886
S1,9,76,1434850160,CQ Q1ABC FN42,1500,0.32,16,-17.392,-59.5,15.608
S1,9,77,1400863127,CQ Q1ABC FN42,1500,0.32,16,-17.361,-59.5,15.639
S1,9,78,1064299647,CQ Q1ABC FN42,1500,0.4,16,-18.152,-60.5,15.848
S1,9,78,1064299647,CQ 28XYR4OQU6E,1497,0.4,-1,-35.456,-60.5,-1.456
S1,9,79,1936964274,CQ Q1ABC FN42,1500,0.4,16,-18.342,-60.5,15.658
S1,9,80,576806714,CQ Q1ABC FN42,1500,0.32,16,-17.88,-60,15.62
S1,9,81,608130705,CQ Q1ABC FN42,1500,0.4,16,-18.842,-61,15.658
S1,9,82,1687914708,CQ Q1ABC FN42,1500,0.32,16,-17.506,-60,15.994
S1,9,83,2081490607,CQ Q1ABC FN42,1500,0.32,16,-17.209,-59.5,15.791
S1,9,84,1755881412,CQ Q1ABC FN42,1500,0.32,16,-17.494,-60,16.006
S1,9,84,1755881412,CQ <...>,1509,0.48,-17,-50.456,-60,-16.956
S1,9,85,385399904,CQ Q1ABC FN42,1500,0.32,16,-17.69,-60,15.81
S1,9,86,1177853125,CQ Q1ABC FN42,1500,0.32,16,-17.943,-60.5,16.057
S1,9,86,1177853125,CQ MDUN4ACB6LK,1497,0.4,0,-34.038,-60.5,-0.038
S1,9,87,1951653443,CQ Q1ABC FN42,1500,0.32,16,-17.209,-59.5,15.791
S1,9,87,1951653443,CQ 3RT2/<RDCTM201>,2547,-1.12,-26,-59.056,-60,-25.556
S1,9,88,1160476031,CQ Q1ABC FN42,1500,0.32,16,-17.652,-60,15.848
S1,9,89,950892051,CQ Q1ABC FN42,1500,0.32,16,-17.5,-59.5,15.5
S1,9,89,950892051,CQ <<RDCTM347> XU 7KXD>,1475,-0.48,-21,-54.184,-60,-20.684
S1,9,90,1958666818,CQ Q1ABC FN42,1500,0.4,16,-17.165,-59.5,15.835
S1,9,90,1958666818,<RDCTM613> <RDCTM659> Y R IP62,1497,0.16,-17,-49.905,-59.5,-16.905
S1,9,91,2009994173,CQ Q1ABC FN42,1500,0.32,16,-17.854,-60,15.646
S1,9,92,998900680,CQ Q1ABC FN42,1500,0.32,16,-17.544,-60,15.956
S1,9,93,192077056,CQ Q1ABC FN42,1500,0.32,16,-17.335,-59.5,15.665
S1,9,93,192077056,CQ 28XYR4OQU6E,1497,0.4,-2,-34.911,-59.5,-1.911
S1,9,94,747890486,CQ Q1ABC FN42,1500,0.4,16,-17.43,-59.5,15.57
S1,9,95,497763403,CQ Q1ABC FN42,1500,0.32,16,-17.373,-59.5,15.627
S1,9,96,1527023885,CQ Q1ABC FN42,1500,0.32,16,-17.848,-60,15.652
S1,9,97,1734646584,CQ Q1ABC FN42,1500,0.32,16,-17.361,-59.5,15.639
S1,9,98,1739060457,CQ Q1ABC FN42,1500,0.32,16,-17.93,-60,15.57
S1,9,98,1739060457,<RDCTM803>/R N49TOT/R KC62,1481,-0.16,-17,-51.026,-60.5,-17.026
S1,9,99,1509558341,CQ Q1ABC FN42,1500,0.32,16,-17.266,-59.5,15.734
S1,9,100,651608032,CQ Q1ABC FN42,1500,0.32,16,-17.525,-60,15.975
S1,9,101,1984013213,CQ Q1ABC FN42,1500,0.32,16,-17.715,-60,15.785
S1,9,102,170770931,CQ Q1ABC FN42,1500,0.4,16,-17.487,-59.5,15.513
S1,9,103,677947492,CQ Q1ABC FN42,1500,0.32,16,-17.785,-60,15.715
S1,9,104,1509655217,CQ Q1ABC FN42,1500,0.32,16,-17.532,-60,15.968
S1,9,104,1509655217,CQ <...>,1513,0.32,-15,-48.747,-60,-15.247
S1,9,104,1509655217,<...> /QAFD 2MF8I RRR,1488,2.64,-18,-51.416,-60,-17.916
S1,9,104,1509655217,<RDCTM801>/R <RDCTM739> R OJ31,1494,-0.32,-15,-48.87,-60,-15.37
S1,9,105,1819816425,CQ Q1ABC FN42,1500,0.32,16,-17.671,-60,15.829
S1,9,106,1327285253,CQ Q1ABC FN42,1500,0.32,16,-17.665,-60,15.835
S1,9,106,1327285253,<RDCTM36> <RDCTM623> CM71,1303,-1.2,-28,-60.662,-59.5,-27.662
S1,9,107,2138173180,CQ Q1ABC FN42,1500,0.32,16,-17.43,-60,16.07
S1,9,108,313157254,CQ Q1ABC FN42,1500,0.32,16,-17.538,-60,15.962
S1,9,108,313157254,B08NCA <RDCTM237>/P R AO05,1516,0.32,-18,-51.177,-60,-17.677
S1,9,109,1105001672,CQ Q1ABC FN42,1500,0.32,16,-17.373,-59.5,15.627
S1,9,109,1105001672,N47VSO/P <RDCTM345>/P GR39,1494,0.88,-16,-48.532,-59.5,-15.532
S1,9,110,1124468713,CQ Q1ABC FN42,1500,0.32,16,-17.665,-60,15.835
S1,9,110,1124468713,CQ 6J5NANBP9UD,1488,0.4,-13,-46.709,-60,-13.209
S1,9,111,1082661231,CQ Q1ABC FN42,1500,0.32,16,-17.418,-59.5,15.582
S1,9,111,1082661231,CQ <...>,1488,0.64,-16,-48.5,-59.5,-15.5
S1,9,112,886688048,CQ Q1ABC FN42,1500,0.32,16,-17.481,-59.5,15.519
S1,9,112,886688048,F28HRW/R <RDCTM440> FE83,1709,-0.4,-28,-60.559,-59.5,-27.559
S1,9,112,886688048,F63LAG/P I39WYR BQ29,1503,2.8,-18,-51.526,-60,-18.026
S1,9,113,1523976836,CQ Q1ABC FN42,1500,0.4,16,-17.437,-60,16.063
S1,9,114,634145766,CQ Q1ABC FN42,1500,0.32,16,-17.987,-60.5,16.013
S1,9,114,634145766,78EA11C5E4FAF82358,1491,2.64,-18,-51.935,-60.5,-17.935
S1,9,115,2056383535,CQ Q1ABC FN42,1500,0.32,16,-17.722,-60,15.778
S1,9,115,2056383535,CQ 28XYR4OQU6E,1497,0.4,-2,-35.12,-60,-1.62
S1,9,116,1084048754,CQ Q1ABC FN42,1500,0.32,16,-17.835,-60,15.665
S1,9,117,1472549659,CQ Q1ABC FN42,1500,0.32,16,-17.487,-60,16.013
S1,9,118,1039970333,CQ Q1ABC FN42,1500,0.32,16,-17.475,-59.5,15.525
S1,9,118,1039970333,<RDCTM656>/P <RDCTM202>/P IO97,1494,0.16,-14,-47.259,-60,-13.759
S1,9,118,1039970333,O09OB/R <RDCTM594>/R R LF49,1503,0.16,-16,-49.918,-60,-16.418
S1,9,118,1039970333,<RDCTM23> <RDCTM614> R DO06,1509,0.96,-18,-51.886,-60,-18.386
S1,9,119,1017179023,CQ Q1ABC FN42,1500,0.4,16,-17.747,-60,15.753
S1,9,119,1017179023,CQ 28XYR4OQU6E,1497,0.4,-3,-36.089,-60,-2.589
S1,9,119,1017179023,U38MDF V38WUY/R RB59,1484,0.56,-9,-42.506,-60,-9.006
S1,9,119,1017179023,<RDCTM214> D/R S48BSW R DA11,1288,-1.04,-28,-60.653,-59.5,-27.653
S1,9,119,1017179023,<RDCTM173> P62KYG/R R RD50,1500,2.72,-17,-50.954,-60,-17.454
S1,9,119,1017179023,<...> <RDCTM438>/R AD52,1488,2.64,-18,-51.656,-60,-18.156
S1,9,120,819371540,CQ Q1ABC FN42,1500,0.4,16,-18.089,-60.5,15.911
S1,9,121,251442655,CQ Q1ABC FN42,1500,0.4,16,-17.481,-60,16.019
S1,9,121,251442655,CQ <...>,1497,0.16,-15,-48.639,-60,-15.139
S1,9,121,251442655,<...> 39 DWKEEBQN RRR,1488,0.32,-16,-49.538,-60,-16.038
S1,9,122,1850258134,CQ Q1ABC FN42,1500,0.32,16,-17.272,-59.5,15.728
S1,9,123,1104775770,CQ Q1ABC FN42,1500,0.4,16,-18.278,-60.5,15.722
S1,9,124,514601308,CQ Q1ABC FN42,1500,0.32,16,-17.854,-60,15.646
S1,9,124,514601308,<RDCTM799> <RDCTM192> R NM09,2766,1.76,-27,-60.652,-60.5,-26.652
S1,9,125,792800371,CQ Q1ABC FN42,1500,0.32,16,-18.114,-60.5,15.886
S1,9,126,2062195167,CQ Q1ABC FN42,1500,0.32,16,-18.114,-60.5,15.886
S1,9,127,898911674,CQ Q1ABC FN42,1500,0.32,16,-17.753,-60,15.747
S1,9,128,1333911671,CQ Q1ABC FN42,1500,0.32,16,-17.791,-60,15.709
S1,9,129,879393506,CQ Q1ABC FN42,1500,0.32,16,-17.551,-60,15.949
S1,9,130,802676463,CQ Q1ABC FN42,1500,0.4,16,-17.259,-59.5,15.741
S1,9,130,802676463,CQ <...>,1506,-0.08,-14,-47.263,-59.5,-14.263
S1,9,131,298322660,CQ Q1ABC FN42,1500,0.32,16,-17.911,-60,15.589
S1,9,132,598256113,CQ Q1ABC FN42,1500,0.4,16,-17.399,-59.5,15.601
S1,9,132,598256113,2XV YEBEVP1 <...> RRR,1506,-1.52,-16,-49.312,-59.5,-16.312
S1,9,133,1239833014,CQ Q1ABC FN42,1500,0.4,16,-17.728,-60,15.772
S1,9,133,1239833014,CQ ISFV7J7L8AF,1475,-0.4,-20,-53.02,-60,-19.52
S1,9,134,829765773,CQ Q1ABC FN42,1500,0.4,16,-17.373,-59.5,15.627
S1,9,134,829765773,CQ C2L3U/F2K67,1475,-0.4,-19,-52.73,-60,-19.23
S1,9,134,829765773,<RDCTM217>/P <RDCTM585> BP41,1503,2.8,-16,-49.533,-60,-16.033
S1,9,135,723533841,CQ Q1ABC FN42,1500,0.4,16,-17.671,-60,15.829
S1,9,135,723533841,<RDCTM419> <RDCTM791>/R R AP86,1494,0.48,-16,-49.19,-60,-15.69
S1,9,136,1254770615,CQ Q1ABC FN42,1500,0.4,16,-17.709,-60,15.791
S1,9,136,1254770615,CQ IMWODUUPQPU,1500,2.56,-5,-38.903,-60,-5.403
S1,9,136,1254770615,F64HOW/R <RDCTM364> KN25,1509,0.48,-16,-49.291,-60,-15.791
S1,9,137,1341217949,CQ Q1ABC FN42,1500,0.32,16,-16.956,-59.5,16.044
S1,9,138,106012167,CQ Q1ABC FN42,1500,0.32,15,-18.051,-60,15.449
S1,9,138,106012167,CQ <...>,1497,0.24,-12,-45.513,-60,-12.013
S1,9,139,335694149,CQ Q1ABC FN42,1500,0.32,16,-17.139,-59.5,15.861
S1,9,140,767010933,CQ Q1ABC FN42,1500,0.32,16,-17.247,-59.5,15.753
S1,9,140,767010933,<RDCTM564>/P <RDCTM687> HE68,1500,3.04,-17,-50.473,-59.5,-17.473
S1,9,141,347888088,CQ Q1ABC FN42,1500,0.32,16,-17.608,-60,15.892
S1,9,141,347888088,<RDCTM249>/P <RDCTM684>/P BM85,1488,2.56,-17,-50.76,-60,-17.26
S1,9,141,347888088,<RDCTM696>/R C06PEB/R FR52,1491,2.56,-17,-50.799,-60,-17.299
S1,9,142,2133433913,CQ Q1ABC FN42,1500,0.4,16,-17.823,-60,15.677
S1,9,142,2133433913,<RDCTM235>/P <RDCTM531> R BN40,1484,-0.8,-16,-49.135,-60,-15.635
S1,9,143,1602578999,CQ Q1ABC FN42,1500,0.4,16,-17.43,-59.5,15.57
S1,9,144,118504648,CQ Q1ABC FN42,1500,0.4,16,-17.627,-60,15.873
S1,9,144,118504648,TI6 YO/R R28BXR ER39,1491,0.4,-13,-46.038,-60,-12.538
S1,9,144,118504648,<RDCTM768> O88LHI/P R BP89,1484,0.64,-17,-50,-60,-16.5
S1,9,145,774900764,CQ Q1ABC FN42,1500,0.32,16,-17.323,-59.5,15.677
S1,9,145,774900764,CQ 28XYR4OQU6E,1497,0.4,-3,-35.734,-59.5,-2.734
S1,9,146,1578451547,CQ Q1ABC FN42,1500,0.4,16,-17.443,-59.5,15.557
S1,9,146,1578451547,<...> 0 H VZQGX76 RRR,1494,-0.56,-17,-50.507,-60,-17.007
S1,9,147,1064366426,CQ Q1ABC FN42,1500,0.32,16,-17.595,-60,15.905
S1,9,147,1064366426,CQ PBK0OSTIULU,1494,-0.56,-17,-50.493,-60,-16.993
S1,9,148,1300317820,CQ Q1ABC FN42,1500,0.32,16,-17.354,-59.5,15.646
S1,9,148,1300317820,<RDCTM586> <RDCTM477>/P R CG01,1291,-1.2,-27,-59.697,-59,-27.197
S1,9,149,21895050,CQ Q1ABC FN42,1500,0.4,16,-17.639,-60,15.861
S1,9,150,1606006806,CQ Q1ABC FN42,1500,0.4,15,-17.595,-59.5,15.405
S1,9,150,1606006806,<RDCTM73> R/R 503DOS R NR54,338,2.24,-26,-59.854,-60,-26.354
S1,9,151,1923613737,CQ Q1ABC FN42,1500,0.4,16,-17.639,-60,15.861
S1,9,152,270454362,CQ Q1ABC FN42,1500,0.32,16,-17.557,-60,15.943
S1,9,153,2144857632,CQ Q1ABC FN42,1500,0.32,16,-17.842,-60,15.658
S1,9,154,1915555568,CQ Q1ABC FN42,1500,0.32,16,-17.253,-59.5,15.747
S1,9,155,1713845023,CQ Q1ABC FN42,1500,0.32,16,-18.589,-61,15.911
S1,9,155,1713845023,375KSE/R <RDCTM557>/R NC09,1484,2.88,-18,-52.16,-61,-17.66
S1,9,155,1713845023,G2ZVY29Y565 <...> RR73,1475,-0.48,-22,-56.178,-61,-21.678
S1,9,156,643086709,CQ Q1ABC FN42,1500,0.4,16,-17.791,-60,15.709
S1,9,156,643086709,CQ WX20ODZUENN,1475,-0.4,-20,-53.796,-60,-20.296
S1,9,157,792341674,CQ Q1ABC FN42,1500,0.32,16,-17.861,-60,15.639
S1,9,157,792341674,<RDCTM59> E52Y U/R R MH28,1394,1.04,-29,-61.905,-59.5,-28.905
S1,9,157,792341674,<RDCTM469>/P <RDCTM537> R PE06,1491,-0.32,-16,-49.786,-60,-16.286
S1,9,158,445586523,CQ Q1ABC FN42,1500,0.32,15,-17.563,-59.5,15.437
S1,9,158,445586523,<RDCTM428>/P <RDCTM509> NP81,1513,0.4,-17,-50.392,-60,-16.892
S1,9,158,445586523,T08GNL <RDCTM162>/R JE75,1488,2.64,-17,-50.364,-60,-16.864
S1,9,158,445586523,<RDCTM528> <RDCTM346>/R RP91,1528,1.12,-21,-54.816,-60,-21.316
S1,9,159,1504266261,CQ Q1ABC FN42,1500,0.32,16,-17.861,-60,15.639
S1,9,159,1504266261,CQ 28XYR4OQU6E,1497,0.4,-2,-35.589,-60,-2.089
S1,9,159,1504266261,//5VTKPAUTF <...>,1459,2.08,-24,-57.513,-60,-24.013
S1,9,160,1283942276,CQ Q1ABC FN42,1500,0.4,16,-17.937,-60.5,16.063
S1,9,160,1283942276,544UKO/R 459FAJ/R R NC51,1500,2.56,-5,-39.175,-60.5,-5.175
S1,9,160,1283942276,136ECA/R G21RYQ/R OI07,1516,0.32,-17,-50.753,-60.5,-16.753
S1,9,161,1993149647,CQ Q1ABC FN42,1500,0.4,16,-17.557,-60,15.943
S1,9,161,1993149647,<RDCTM383>/P D95PIG GH00,1503,2.72,-19,-52.5,-60,-19
S1,9,162,1122292974,CQ Q1ABC FN42,1500,0.32,16,-17.386,-59.5,15.614
S1,9,163,1004759838,CQ Q1ABC FN42,1500,0.32,16,-17.367,-59.5,15.633
S1,9,163,1004759838,CQ <...>,2794,-1.12,-26,-59.208,-60,-25.708
S1,9,164,935516043,CQ Q1ABC FN42,1500,0.4,16,-17.601,-60,15.899
S1,9,165,1340545280,CQ Q1ABC FN42,1500,0.4,16,-18.044,-60.5,15.956
S1,9,166,1920318683,CQ Q1ABC FN42,1500,0.4,16,-17.494,-60,16.006
S1,9,166,1920318683,<RDCTM411>/R <RDCTM14>/R R AR72,622,-1.04,-27,-60.333,-60,-26.833
S1,9,166,1920318683,<...> 3VBXTTPTQXG 73,1484,-0.16,-18,-51.038,-60,-17.538
S1,9,167,1966026332,CQ Q1ABC FN42,1500,0.32,16,-17.867,-60,15.633
S1,9,167,1966026332,<RDCTM461> <RDCTM78> GN76,2625,-1.12,-28,-61.542,-60.5,-27.542
S1,9,168,1756066631,CQ Q1ABC FN42,1500,0.32,16,-18.272,-60.5,15.728
S1,9,169,1589933197,CQ Q1ABC FN42,1500,0.4,16,-17.696,-60,15.804
S1,9,169,1589933197,<RDCTM652> V97QVZ/R R AI91,1494,0.48,-15,-48.677,-60,-15.177
S1,9,170,76811476,CQ Q1ABC FN42,1500,0.32,15,-17.044,-59,15.456
S1,9,170,76811476,5C932E84EEBBDCC228,1463,3.12,-24,-56.703,-59.5,-23.703
S1,9,171,460491844,CQ Q1ABC FN42,1500,0.4,16,-17.443,-59.5,15.557
S1,9,171,460491844,<RDCTM589> <RDCTM524>/R NL16,1503,0.24,-14,-47.671,-60,-14.171
S1,9,171,460491844,CQ IRIJ1U2OBY2,1475,-0.4,-20,-53.184,-60,-19.684
S1,9,172,826747986,CQ Q1ABC FN42,1500,0.4,16,-17.918,-60.5,16.082
S1,9,172,826747986,CQ PXHWL0XXA4E,1488,2.56,-17,-50.903,-60.5,-16.903
S1,9,173,647749587,CQ Q1ABC FN42,1500,0.4,16,-17.563,-60,15.937
S1,9,173,647749587,<RDCTM430>/P <RDCTM733>/P R JL97,1491,2.64,-17,-50.753,-60,-17.253
S1,9,174,1630661587,CQ Q1ABC FN42,1500,0.4,16,-17.633,-60,15.867
S1,9,175,1640190033,CQ Q1ABC FN42,1500,0.32,16,-17.171,-59.5,15.829
S1,9,176,1577207416,CQ Q1ABC FN42,1500,0.32,16,-17.266,-59.5,15.734
S1,9,176,1577207416,CQ <...>,1491,0.4,-13,-45.981,-59.5,-12.981
S1,9,177,400461235,CQ Q1ABC FN42,1500,0.32,16,-17.772,-60,15.728
S1,9,178,1464078377,CQ Q1ABC FN42,1500,0.4,16,-17.633,-60,15.867
S1,9,179,1175356661,CQ Q1ABC FN42,1500,0.32,16,-17.791,-60,15.709
S1,9,179,1175356661,CQ 28XYR4OQU6E,1497,0.4,-2,-35.266,-60,-1.766
S1,9,179,1175356661,CQ QWPM <RDCTM575> R ML41,1506,-1.6,-18,-51.964,-60,-18.464
S1,9,180,212902474,CQ Q1ABC FN42,1500,0.32,16,-17.873,-60,15.627
S1,9,181,856531125,CQ Q1ABC FN42,1500,0.32,16,-17.348,-59.5,15.652
S1,9,181,856531125,1E13424F307B2ED94B,1475,-0.4,-21,-53.941,-59.5,-20.941
S1,9,182,1905205483,CQ Q1ABC FN42,1500,0.32,16,-17.576,-60,15.924
S1,9,182,1905205483,<RDCTM603> <RDCTM732>/P R IP47,1497,0.16,-15,-48.854,-60,-15.354
S1,9,183,1639487134,CQ Q1ABC FN42,1500,0.32,16,-18.184,-60.5,15.816
S1,9,184,1864918001,CQ Q1ABC FN42,1500,0.4,16,-17.456,-60,16.044
S1,9,185,1221123509,CQ Q1ABC FN42,1500,0.4,16,-17.956,-60.5,16.044
S1,9,186,79965245,CQ Q1ABC FN42,1500,0.4,16,-17.329,-59.5,15.671
S1,9,187,643562760,CQ Q1ABC FN42,1500,0.32,16,-17.386,-59.5,15.614
S1,9,188,1482839047,CQ Q1ABC FN42,1500,0.32,16,-18.089,-60.5,15.911
S1,9,188,1482839047,N00PLQ/P 731CZE LL48,1484,-0.16,-18,-51.872,-60.5,-17.872
S1,9,189,664520925,CQ Q1ABC FN42,1500,0.32,16,-17.639,-60,15.861
S1,9,190,212270824,CQ Q1ABC FN42,1500,0.4,16,-17.418,-60,16.082
S1,9,190,212270824,<...> S /D20V6GAQ,1497,0.48,-15,-48.032,-60,-14.532
S1,9,191,1636507758,CQ Q1ABC FN42,1500,0.32,16,-17.297,-59.5,15.703
S1,9,192,1104994076,CQ Q1ABC FN42,1500,0.32,16,-17.734,-60,15.766
S1,9,193,1134593818,CQ Q1ABC FN42,1500,0.4,16,-17.867,-60,15.633
S1,9,194,1276830837,CQ Q1ABC FN42,1500,0.32,16,-17.203,-59.5,15.797
S1,9,195,139300873,CQ Q1ABC FN42,1500,0.32,16,-17.639,-60,15.861
S1,9,195,139300873,<RDCTM276>/R <RDCTM691>/R MJ82,1500,2.72,-19,-52.967,-60,-19.467
S1,9,196,871631073,CQ Q1ABC FN42,1500,0.32,16,-18.184,-60.5,15.816
S1,9,196,871631073,CQ 28XYR4OQU6E,1497,0.4,-2,-35.899,-60.5,-1.899
S1,9,196,871631073,D42PO/P <RDCTM286>/P BC36,1503,2.8,-17,-50.967,-60.5,-16.967
S1,9,197,869060132,CQ Q1ABC FN42,1500,0.32,16,-17.57,-60,15.93
S1,9,198,658549239,CQ Q1ABC FN42,1500,0.32,16,-17.734,-60,15.766
S1,9,199,1479830089,CQ Q1ABC FN42,1500,0.32,16,-17.671,-60,15.829
S1,9,199,1479830089,<RDCTM113>/P <RDCTM252>/P R BB88,1484,-0.8,-18,-51.696,-60,-18.196
S1,9,200,1238319071,CQ Q1ABC FN42,1500,0.32,16,-17.241,-59.5,15.759
S1,9,201,472459750,CQ Q1ABC FN42,1500,0.32,16,-18.31,-60.5,15.69
S1,9,202,1709487035,CQ Q1ABC FN42,1500,0.4,16,-17.285,-59.5,15.715
S1,9,202,1709487035,167NZG/R <RDCTM302>/R R MB66,1503,0.56,-16,-49.354,-59.5,-16.354
S1,9,202,1709487035,<RDCTM641>.?D6BX9,1500,2.72,-20,-52.638,-59.5,-19.638
S1,9,203,120833868,CQ Q1ABC FN42,1500,0.4,16,-17.386,-60,16.114
S1,9,204,1265372706,CQ Q1ABC FN42,1500,0.32,16,-17.437,-59.5,15.563
S1,9,204,1265372706,<RDCTM371>/R <RDCTM452>/R HO97,1491,2.56,-17,-50.825,-60,-17.325
S1,9,205,1342558973,CQ Q1ABC FN42,1500,0.32,16,-17.873,-60.5,16.127
S1,9,205,1342558973,CQ <...>,2928,-1.52,-27,-60.565,-60.5,-26.565
S1,9,206,1345158686,CQ Q1ABC FN42,1500,0.4,16,-17.101,-59.5,15.899
S1,9,207,2079476207,CQ Q1ABC FN42,1500,0.32,16,-17.968,-60,15.532
S1,9,207,2079476207,<RDCTM501>/R <RDCTM479> R MA31,1475,-0.4,-21,-54.539,-60.5,-20.539
S1,9,208,2015163818,CQ Q1ABC FN42,1500,0.32,16,-17.582,-60,15.918
S1,9,209,813648094,CQ Q1ABC FN42,1500,0.32,16,-17.418,-59.5,15.582
S1,9,210,1251094259,CQ Q1ABC FN42,1500,0.32,16,-18.152,-60.5,15.848
S1,9,210,1251094259,CQ G7XROAKDMP7,1497,0.24,-14,-47.804,-60.5,-13.804
S1,9,211,107237611,CQ Q1ABC FN42,1500,0.32,16,-17.848,-60,15.652
S1,9,211,107237611,14105B70A4D0EEB8BF,1478,-0.4,-19,-52.625,-60,-19.125
S1,9,212,131162815,CQ Q1ABC FN42,1500,0.4,16,-17.62,-60,15.88
S1,9,213,493970425,CQ Q1ABC FN42,1500,0.4,15,-17.595,-59.5,15.405
S1,9,214,129807435,CQ Q1ABC FN42,1500,0.32,16,-17.892,-60,15.608
S1,9,214,129807435,CQ 30DM7M85WG8,1497,0.24,-12,-45.411,-60,-11.911
S1,9,215,125035641,CQ Q1ABC FN42,1500,0.32,16,-17.905,-60,15.595
S1,9,215,125035641,<RDCTM758> <RDCTM625>/R MF91,1494,0.24,-14,-47.177,-60,-13.677
S1,9,216,222761288,CQ Q1ABC FN42,1500,0.32,16,-17.386,-59.5,15.614
S1,9,217,2092021367,CQ Q1ABC FN42,1500,0.32,16,-17.601,-60,15.899
S1,9,217,2092021367,<RDCTM401> <RDCTM523> FD48,2175,-0.08,-26,-59.308,-60,-25.808
S1,9,217,2092021367,<RDCTM152>/P B22ORG/P JP94,1516,0.4,-18,-51.481,-60,-17.981
S1,9,218,1547127120,CQ Q1ABC FN42,1500,0.32,16,-17.797,-60,15.703
S1,9,219,998737438,CQ Q1ABC FN42,1500,0.32,16,-17.677,-60,15.823
S1,9,219,998737438,<RDCTM272> J <RDCTM198> R BJ73,369,-0.48,-28,-61.138,-60,-27.638
S1,9,220,2073789069,CQ Q1ABC FN42,1500,0.32,16,-17.873,-60,15.627
S1,9,220,2073789069,NHZ6FS7Q/7G <28XYR4OQU6E> RRR,1494,0.88,-16,-49.886,-60,-16.386
S1,9,221,1308072743,CQ Q1ABC FN42,1500,0.32,16,-17.88,-60,15.62
S1,9,221,1308072743,<RDCTM782>/R H36UMC R RO32,1506,0.56,-16,-49.652,-60.5,-15.652
S1,9,221,1308072743,<RDCTM387> 3XM4AZF DN65,1481,0.64,-17,-50.968,-60.5,-16.968
S1,9,222,1842025796,CQ Q1ABC FN42,1500,0.32,16,-17.424,-59.5,15.576
S1,9,223,1080230446,CQ Q1ABC FN42,1500,0.32,16,-17.5,-59.5,15.5
S1,9,224,76069855,CQ Q1ABC FN42,1500,0.32,16,-17.861,-60,15.639
S1,9,224,76069855,<RDCTM337>/R PI2 TF OG46,1481,-0.16,-19,-52.083,-60,-18.583
S1,9,225,1199908155,CQ Q1ABC FN42,1500,0.32,16,-17.696,-60,15.804
S1,9,225,1199908155,713XTA <RDCTM80>/P R GM68,1481,-0.8,-19,-52.277,-60,-18.777
S1,9,226,510149258,CQ Q1ABC FN42,1500,0.32,16,-17.639,-60,15.861
S1,9,227,1279353565,CQ Q1ABC FN42,1500,0.32,16,-17.367,-59.5,15.633
S1,9,228,1652150506,CQ Q1ABC FN42,1500,0.32,16,-17.987,-60.5,16.013
S1,9,229,2051789606,CQ Q1ABC FN42,1500,0.32,16,-18.013,-60.5,15.987
S1,9,229,2051789606,CQ 28XYR4OQU6E,1497,0.4,-2,-35.829,-60.5,-1.829
S1,9,229,2051789606,Z72OGQ/R Z97KLA/R R MQ33,1497,0.16,-14,-48.12,-60.5,-14.12
